candidateId,workId,bibliographyStatus,factorStatus,themeStatus,evidenceStatus,artEvidenceStatus,reviewStatus,reviewReference,updatedAt,notes
candidate-002459e5f390e41d63a2,work-002459e5f390e41d63a2,complete,complete,complete,complete,complete,unreviewed,,2026-08-22,Library-only intent; downstream source promotion must create 17 unknown Factor axes and no Theme rows.
candidate-0029e59a039dce3f6e74,work-0029e59a039dce3f6e74,complete,complete,complete,complete,complete,unreviewed,,2026-08-22,Library-only intent; downstream source promotion must create 17 unknown Factor axes and no Theme rows.
candidate-003f3f37d4def277a23b,work-003f3f37d4def277a23b,complete,complete,complete,complete,complete,unreviewed,,2026-08-22,Library-only intent; downstream source promotion must create 17 unknown Factor axes and no Theme rows.
candidate-009db86ba32a4a5f3afe,work-009db86ba32a4a5f3afe,complete,complete,complete,complete,complete,unreviewed,,2026-08-22,Library-only intent; downstream source promotion must create 17 unknown Factor axes and no Theme rows.
candidate-011efc564d47a7ec9cab,work-011efc564d47a7ec9cab,complete,complete,complete,complete,complete,unreviewed,,2026-08-22,Library-only intent; downstream source promotion must create 17 unknown Factor axes and no Theme rows.
candidate-01521fffc812e9b304e1,work-01521fffc812e9b304e1,complete,complete,complete,complete,complete,unreviewed,,2026-08-22,Library-only intent; downstream source promotion must create 17 unknown Factor axes and no Theme rows.
candidate-0153a125c5a56225b06c,work-0153a125c5a56225b06c,complete,complete,complete,complete,complete,unreviewed,,2026-08-22,Library-only intent; downstream source promotion must create 17 unknown Factor axes and no Theme rows.
candidate-017446dd1a9039d9839b,work-017446dd1a9039d9839b,complete,complete,complete,complete,complete,unreviewed,,2026-08-22,Library-only intent; downstream source promotion must create 17 unknown Factor axes and no Theme rows.
candidate-019b6c97e23e7cd48e92,work-019b6c97e23e7cd48e92,complete,complete,complete,complete,complete,unreviewed,,2026-08-22,Library-only intent; downstream source promotion must create 17 unknown Factor axes and no Theme rows.
candidate-019c4c86fb259730e7d0,work-019c4c86fb259730e7d0,complete,complete,complete,complete,complete,unreviewed,,2026-08-22,Library-only intent; downstream source promotion must create 17 unknown Factor axes and no Theme rows.
candidate-01b06bd4f3e359d221dc,work-01b06bd4f3e359d221dc,complete,complete,complete,complete,complete,unreviewed,,2026-08-22,Library-only intent; downstream source promotion must create 17 unknown Factor axes and no Theme rows.
candidate-01f5afe5dcc86cc7b664,work-01f5afe5dcc86cc7b664,complete,complete,complete,complete,complete,unreviewed,,2026-08-22,Library-only intent; downstream source promotion must create 17 unknown Factor axes and no Theme rows.
candidate-01f973f0b71593c23a68,work-01f973f0b71593c23a68,complete,complete,complete,complete,complete,unreviewed,,2026-08-22,Library-only intent; downstream source promotion must create 17 unknown Factor axes and no Theme rows.
candidate-0208a4a29709fc3b0636,work-0208a4a29709fc3b0636,complete,complete,complete,complete,complete,unreviewed,,2026-08-22,Library-only intent; downstream source promotion must create 17 unknown Factor axes and no Theme rows.
candidate-02410e1ffbf31c2cffc0,work-02410e1ffbf31c2cffc0,complete,complete,complete,complete,complete,unreviewed,,2026-08-22,Library-only intent; downstream source promotion must create 17 unknown Factor axes and no Theme rows.
candidate-024310b5ca50739aa0e5,work-024310b5ca50739aa0e5,complete,complete,complete,complete,complete,unreviewed,,2026-08-22,Library-only intent; downstream source promotion must create 17 unknown Factor axes and no Theme rows.
candidate-025c8ab93483a39c9330,work-025c8ab93483a39c9330,complete,complete,complete,complete,complete,unreviewed,,2026-08-22,Library-only intent; downstream source promotion must create 17 unknown Factor axes and no Theme rows.
candidate-0262dcaa820443c3185d,work-0262dcaa820443c3185d,complete,complete,complete,complete,complete,unreviewed,,2026-08-22,Library-only intent; downstream source promotion must create 17 unknown Factor axes and no Theme rows.
candidate-027ed39e9d921537ad67,work-027ed39e9d921537ad67,complete,complete,complete,complete,complete,unreviewed,,2026-08-22,Library-only intent; downstream source promotion must create 17 unknown Factor axes and no Theme rows.
candidate-02821fe0321a4a15a9e3,work-02821fe0321a4a15a9e3,complete,complete,complete,complete,complete,unreviewed,,2026-08-22,Library-only intent; downstream source promotion must create 17 unknown Factor axes and no Theme rows.
candidate-02d5d329c9ef85e481cb,work-02d5d329c9ef85e481cb,complete,complete,complete,complete,complete,unreviewed,,2026-08-22,Library-only intent; downstream source promotion must create 17 unknown Factor axes and no Theme rows.
candidate-037650a8271f1e898e0f,work-037650a8271f1e898e0f,complete,complete,complete,complete,complete,unreviewed,,2026-08-22,Library-only intent; downstream source promotion must create 17 unknown Factor axes and no Theme rows.
candidate-03d7687838b304cde377,work-03d7687838b304cde377,complete,complete,complete,complete,complete,unreviewed,,2026-08-22,Library-only intent; downstream source promotion must create 17 unknown Factor axes and no Theme rows.
candidate-03dd121b48927ce75496,work-03dd121b48927ce75496,complete,complete,complete,complete,complete,unreviewed,,2026-08-22,Library-only intent; downstream source promotion must create 17 unknown Factor axes and no Theme rows.
candidate-03f8af97a21564c3601e,work-03f8af97a21564c3601e,complete,complete,complete,complete,complete,unreviewed,,2026-08-22,Library-only intent; downstream source promotion must create 17 unknown Factor axes and no Theme rows.
candidate-041184453ad3e16aeb1a,work-041184453ad3e16aeb1a,complete,complete,complete,complete,complete,unreviewed,,2026-08-22,Library-only intent; downstream source promotion must create 17 unknown Factor axes and no Theme rows.
candidate-0461079c050fca066c4f,work-0461079c050fca066c4f,complete,complete,complete,complete,complete,unreviewed,,2026-08-22,Library-only intent; downstream source promotion must create 17 unknown Factor axes and no Theme rows.
candidate-048a39f42bd18cb0823e,work-048a39f42bd18cb0823e,complete,complete,complete,complete,complete,unreviewed,,2026-08-22,Library-only intent; downstream source promotion must create 17 unknown Factor axes and no Theme rows.
candidate-0493a35083abd57f5a77,work-0493a35083abd57f5a77,complete,complete,complete,complete,complete,unreviewed,,2026-08-22,Library-only intent; downstream source promotion must create 17 unknown Factor axes and no Theme rows.
candidate-04ac6ddcf1c292ee38f9,work-04ac6ddcf1c292ee38f9,complete,complete,complete,complete,complete,unreviewed,,2026-08-22,Library-only intent; downstream source promotion must create 17 unknown Factor axes and no Theme rows.
candidate-04d912698ec64a30c2d7,work-04d912698ec64a30c2d7,complete,complete,complete,complete,complete,unreviewed,,2026-08-22,Library-only intent; downstream source promotion must create 17 unknown Factor axes and no Theme rows.
candidate-04f35b4c99514d50231d,work-04f35b4c99514d50231d,complete,complete,complete,complete,complete,unreviewed,,2026-08-22,Library-only intent; downstream source promotion must create 17 unknown Factor axes and no Theme rows.
candidate-051ce38c242e92ec83d8,work-051ce38c242e92ec83d8,complete,complete,complete,complete,complete,unreviewed,,2026-08-22,Library-only intent; downstream source promotion must create 17 unknown Factor axes and no Theme rows.
candidate-053e1e86adbd269cc07a,work-053e1e86adbd269cc07a,complete,complete,complete,complete,complete,unreviewed,,2026-08-22,Library-only intent; downstream source promotion must create 17 unknown Factor axes and no Theme rows.
candidate-057321eada0f5983975e,work-057321eada0f5983975e,complete,complete,complete,complete,complete,unreviewed,,2026-08-22,Library-only intent; downstream source promotion must create 17 unknown Factor axes and no Theme rows.
candidate-057e1cf849bf49fc1465,work-057e1cf849bf49fc1465,complete,complete,complete,complete,complete,unreviewed,,2026-08-22,Library-only intent; downstream source promotion must create 17 unknown Factor axes and no Theme rows.
candidate-05a1239f0ad4637650cd,work-05a1239f0ad4637650cd,complete,complete,complete,complete,complete,unreviewed,,2026-08-22,Library-only intent; downstream source promotion must create 17 unknown Factor axes and no Theme rows.
candidate-05fd7a8974ddb2e3cbf0,work-05fd7a8974ddb2e3cbf0,complete,complete,complete,complete,complete,unreviewed,,2026-08-22,Library-only intent; downstream source promotion must create 17 unknown Factor axes and no Theme rows.
candidate-060a72fe10cf6ba9cbfc,work-060a72fe10cf6ba9cbfc,complete,complete,complete,complete,complete,unreviewed,,2026-08-22,Library-only intent; downstream source promotion must create 17 unknown Factor axes and no Theme rows.
candidate-064c0062e7a8e29cfbed,work-064c0062e7a8e29cfbed,complete,complete,complete,complete,complete,unreviewed,,2026-08-22,Library-only intent; downstream source promotion must create 17 unknown Factor axes and no Theme rows.
candidate-06f744cc857f52984b2d,work-06f744cc857f52984b2d,complete,complete,complete,complete,complete,unreviewed,,2026-08-22,Library-only intent; downstream source promotion must create 17 unknown Factor axes and no Theme rows.
candidate-073f7f9dd8f3b5e07d29,work-073f7f9dd8f3b5e07d29,complete,complete,complete,complete,complete,unreviewed,,2026-08-22,Library-only intent; downstream source promotion must create 17 unknown Factor axes and no Theme rows.
candidate-074fc9c731ab475eaebe,work-074fc9c731ab475eaebe,complete,complete,complete,complete,complete,unreviewed,,2026-08-22,Library-only intent; downstream source promotion must create 17 unknown Factor axes and no Theme rows.
candidate-07586346a94407eb03c8,work-07586346a94407eb03c8,complete,complete,complete,complete,complete,unreviewed,,2026-08-22,Library-only intent; downstream source promotion must create 17 unknown Factor axes and no Theme rows.
candidate-076beb86f844b642beef,work-076beb86f844b642beef,complete,complete,complete,complete,complete,unreviewed,,2026-08-22,Library-only intent; downstream source promotion must create 17 unknown Factor axes and no Theme rows.
candidate-07b11ec79f10c7eb7e05,work-07b11ec79f10c7eb7e05,complete,complete,complete,complete,complete,unreviewed,,2026-08-22,Library-only intent; downstream source promotion must create 17 unknown Factor axes and no Theme rows.
candidate-07dc759bd91e1cffb2df,work-07dc759bd91e1cffb2df,complete,complete,complete,complete,complete,unreviewed,,2026-08-22,Library-only intent; downstream source promotion must create 17 unknown Factor axes and no Theme rows.
candidate-07e413fd6de80f21469d,work-07e413fd6de80f21469d,complete,complete,complete,complete,complete,unreviewed,,2026-08-22,Library-only intent; downstream source promotion must create 17 unknown Factor axes and no Theme rows.
candidate-07faf4019b12de5e877d,work-07faf4019b12de5e877d,complete,complete,complete,complete,complete,unreviewed,,2026-08-22,Library-only intent; downstream source promotion must create 17 unknown Factor axes and no Theme rows.
candidate-07ff2a01ef593ce2f809,work-07ff2a01ef593ce2f809,complete,complete,complete,complete,complete,unreviewed,,2026-08-22,Library-only intent; downstream source promotion must create 17 unknown Factor axes and no Theme rows.
candidate-081e75d8bbc53ac64713,work-081e75d8bbc53ac64713,complete,complete,complete,complete,complete,unreviewed,,2026-08-22,Library-only intent; downstream source promotion must create 17 unknown Factor axes and no Theme rows.
candidate-088bd94cfdd1dd6e192d,spy-family,complete,complete,complete,complete,complete,authorizedModelPanel,reviews/g1-sanity-panel.md,2026-08-22,Existing Gold annotation contract reused from reviews/g1-sanity-panel.md.
candidate-08911847b618c8255b41,work-08911847b618c8255b41,complete,complete,complete,complete,complete,unreviewed,,2026-08-22,Library-only intent; downstream source promotion must create 17 unknown Factor axes and no Theme rows.
candidate-089947c5303024841fef,work-089947c5303024841fef,complete,complete,complete,complete,complete,unreviewed,,2026-08-22,Library-only intent; downstream source promotion must create 17 unknown Factor axes and no Theme rows.
candidate-08b79a6106a40f70e790,work-08b79a6106a40f70e790,complete,complete,complete,complete,complete,unreviewed,,2026-08-22,Library-only intent; downstream source promotion must create 17 unknown Factor axes and no Theme rows.
candidate-090c010b942b581825db,mieruko-chan,complete,complete,complete,complete,complete,authorizedModelPanel,reviews/g2-catalog-annotation-panel.md,2026-08-22,Existing Gold annotation contract reused from reviews/g2-catalog-annotation-panel.md.
candidate-091d231d37f037fb07e8,work-091d231d37f037fb07e8,complete,complete,complete,complete,complete,unreviewed,,2026-08-22,Library-only intent; downstream source promotion must create 17 unknown Factor axes and no Theme rows.
candidate-094fec9e7639ddcbbc07,wave-listen-to-me,complete,complete,complete,complete,complete,authorizedModelPanel,reviews/g2-catalog-annotation-panel.md,2026-08-22,Existing Gold annotation contract reused from reviews/g2-catalog-annotation-panel.md.
candidate-095c933ce9c1f7810f73,work-095c933ce9c1f7810f73,complete,complete,complete,complete,complete,unreviewed,,2026-08-22,Library-only intent; downstream source promotion must create 17 unknown Factor axes and no Theme rows.
candidate-096425144a79c2716b3e,work-096425144a79c2716b3e,complete,complete,complete,complete,complete,unreviewed,,2026-08-22,Library-only intent; downstream source promotion must create 17 unknown Factor axes and no Theme rows.
candidate-098b1781e14365eea667,work-098b1781e14365eea667,complete,complete,complete,complete,complete,unreviewed,,2026-08-22,Library-only intent; downstream source promotion must create 17 unknown Factor axes and no Theme rows.
candidate-09ae4c1cbc4bff98eb1a,work-09ae4c1cbc4bff98eb1a,complete,complete,complete,complete,complete,unreviewed,,2026-08-22,Library-only intent; downstream source promotion must create 17 unknown Factor axes and no Theme rows.
candidate-09c2784da3afe6ab62ce,work-09c2784da3afe6ab62ce,complete,complete,complete,complete,complete,unreviewed,,2026-08-22,Library-only intent; downstream source promotion must create 17 unknown Factor axes and no Theme rows.
candidate-0a72f4e304b688a6d9f0,work-0a72f4e304b688a6d9f0,complete,complete,complete,complete,complete,unreviewed,,2026-08-22,Library-only intent; downstream source promotion must create 17 unknown Factor axes and no Theme rows.
candidate-0b358ab2fada71bc3c0f,work-0b358ab2fada71bc3c0f,complete,complete,complete,complete,complete,unreviewed,,2026-08-22,Library-only intent; downstream source promotion must create 17 unknown Factor axes and no Theme rows.
candidate-0b6d8b3f1349e5048b8b,work-0b6d8b3f1349e5048b8b,complete,complete,complete,complete,complete,unreviewed,,2026-08-22,Library-only intent; downstream source promotion must create 17 unknown Factor axes and no Theme rows.
candidate-0b8f0f3bfc30d6da8ad0,work-0b8f0f3bfc30d6da8ad0,complete,complete,complete,complete,complete,unreviewed,,2026-08-22,Library-only intent; downstream source promotion must create 17 unknown Factor axes and no Theme rows.
candidate-0b92afe0c01f8d4aae42,work-0b92afe0c01f8d4aae42,complete,complete,complete,complete,complete,unreviewed,,2026-08-22,Library-only intent; downstream source promotion must create 17 unknown Factor axes and no Theme rows.
candidate-0ba3547258320bf33dc3,work-0ba3547258320bf33dc3,complete,complete,complete,complete,complete,unreviewed,,2026-08-22,Library-only intent; downstream source promotion must create 17 unknown Factor axes and no Theme rows.
candidate-0bbd8ef182853cb7845f,work-0bbd8ef182853cb7845f,complete,complete,complete,complete,complete,unreviewed,,2026-08-22,Library-only intent; downstream source promotion must create 17 unknown Factor axes and no Theme rows.
candidate-0bd2d3b52ffff3a7ded4,work-0bd2d3b52ffff3a7ded4,complete,complete,complete,complete,complete,unreviewed,,2026-08-22,Library-only intent; downstream source promotion must create 17 unknown Factor axes and no Theme rows.
candidate-0bec5d8d9474a2197312,work-0bec5d8d9474a2197312,complete,complete,complete,complete,complete,unreviewed,,2026-08-22,Library-only intent; downstream source promotion must create 17 unknown Factor axes and no Theme rows.
candidate-0c0301626306f5624d27,work-0c0301626306f5624d27,complete,complete,complete,complete,complete,unreviewed,,2026-08-22,Library-only intent; downstream source promotion must create 17 unknown Factor axes and no Theme rows.
candidate-0cf463005cc77eeded8e,work-0cf463005cc77eeded8e,complete,complete,complete,complete,complete,unreviewed,,2026-08-22,Library-only intent; downstream source promotion must create 17 unknown Factor axes and no Theme rows.
candidate-0cf5c4d5df5b040deeba,work-0cf5c4d5df5b040deeba,complete,complete,complete,complete,complete,unreviewed,,2026-08-22,Library-only intent; downstream source promotion must create 17 unknown Factor axes and no Theme rows.
candidate-0d10ae56716a82f0ae4e,work-0d10ae56716a82f0ae4e,complete,complete,complete,complete,complete,unreviewed,,2026-08-22,Library-only intent; downstream source promotion must create 17 unknown Factor axes and no Theme rows.
candidate-0d1ad77728a44df56508,work-0d1ad77728a44df56508,complete,complete,complete,complete,complete,unreviewed,,2026-08-22,Library-only intent; downstream source promotion must create 17 unknown Factor axes and no Theme rows.
candidate-0d6c496878e276979e3c,work-0d6c496878e276979e3c,complete,complete,complete,complete,complete,unreviewed,,2026-08-22,Library-only intent; downstream source promotion must create 17 unknown Factor axes and no Theme rows.
candidate-0d894a02becb714986db,work-0d894a02becb714986db,complete,complete,complete,complete,complete,unreviewed,,2026-08-22,Library-only intent; downstream source promotion must create 17 unknown Factor axes and no Theme rows.
candidate-0dabd1d17e5fcf2992b9,work-0dabd1d17e5fcf2992b9,complete,complete,complete,complete,complete,unreviewed,,2026-08-22,Library-only intent; downstream source promotion must create 17 unknown Factor axes and no Theme rows.
candidate-0dd1ceee981780c10491,work-0dd1ceee981780c10491,complete,complete,complete,complete,complete,unreviewed,,2026-08-22,Library-only intent; downstream source promotion must create 17 unknown Factor axes and no Theme rows.
candidate-0e036724913c69bb937a,work-0e036724913c69bb937a,complete,complete,complete,complete,complete,unreviewed,,2026-08-22,Library-only intent; downstream source promotion must create 17 unknown Factor axes and no Theme rows.
candidate-0e29e324e16f7d5cda41,work-0e29e324e16f7d5cda41,complete,complete,complete,complete,complete,unreviewed,,2026-08-22,Library-only intent; downstream source promotion must create 17 unknown Factor axes and no Theme rows.
candidate-0ebf010ac12b9b60d80e,work-0ebf010ac12b9b60d80e,complete,complete,complete,complete,complete,unreviewed,,2026-08-22,Library-only intent; downstream source promotion must create 17 unknown Factor axes and no Theme rows.
candidate-0ede6921b81169dc2dda,work-0ede6921b81169dc2dda,complete,complete,complete,complete,complete,unreviewed,,2026-08-22,Library-only intent; downstream source promotion must create 17 unknown Factor axes and no Theme rows.
candidate-0efbd1c37e95f5845317,work-0efbd1c37e95f5845317,complete,complete,complete,complete,complete,unreviewed,,2026-08-22,Library-only intent; downstream source promotion must create 17 unknown Factor axes and no Theme rows.
candidate-0eff8190c0c6ff604527,work-0eff8190c0c6ff604527,complete,complete,complete,complete,complete,unreviewed,,2026-08-22,Library-only intent; downstream source promotion must create 17 unknown Factor axes and no Theme rows.
candidate-0f3a44f5dcab9623d1be,work-0f3a44f5dcab9623d1be,complete,complete,complete,complete,complete,unreviewed,,2026-08-22,Library-only intent; downstream source promotion must create 17 unknown Factor axes and no Theme rows.
candidate-0f50eef4773267a0c1fa,work-0f50eef4773267a0c1fa,complete,complete,complete,complete,complete,unreviewed,,2026-08-22,Library-only intent; downstream source promotion must create 17 unknown Factor axes and no Theme rows.
candidate-0f6261e1019b8a8021b7,work-0f6261e1019b8a8021b7,complete,complete,complete,complete,complete,unreviewed,,2026-08-22,Library-only intent; downstream source promotion must create 17 unknown Factor axes and no Theme rows.
candidate-0f790fe4cb2b3d2a8f34,work-0f790fe4cb2b3d2a8f34,complete,complete,complete,complete,complete,unreviewed,,2026-08-22,Library-only intent; downstream source promotion must create 17 unknown Factor axes and no Theme rows.
candidate-0fca8d7b1cfbd8102c01,work-0fca8d7b1cfbd8102c01,complete,complete,complete,complete,complete,unreviewed,,2026-08-22,Library-only intent; downstream source promotion must create 17 unknown Factor axes and no Theme rows.
candidate-0fe64d3cc470022fd3b9,work-0fe64d3cc470022fd3b9,complete,complete,complete,complete,complete,unreviewed,,2026-08-22,Library-only intent; downstream source promotion must create 17 unknown Factor axes and no Theme rows.
candidate-1012948f5de799831da4,work-1012948f5de799831da4,complete,complete,complete,complete,complete,unreviewed,,2026-08-22,Library-only intent; downstream source promotion must create 17 unknown Factor axes and no Theme rows.
candidate-10417d42e6e36614454b,work-10417d42e6e36614454b,complete,complete,complete,complete,complete,unreviewed,,2026-08-22,Library-only intent; downstream source promotion must create 17 unknown Factor axes and no Theme rows.
candidate-1088a1dc00a3b0d22201,work-1088a1dc00a3b0d22201,complete,complete,complete,complete,complete,unreviewed,,2026-08-22,Library-only intent; downstream source promotion must create 17 unknown Factor axes and no Theme rows.
candidate-10ea8aa950d8d59958a8,work-10ea8aa950d8d59958a8,complete,complete,complete,complete,complete,unreviewed,,2026-08-22,Library-only intent; downstream source promotion must create 17 unknown Factor axes and no Theme rows.
candidate-10f4cbd157b818a1f3ce,work-10f4cbd157b818a1f3ce,complete,complete,complete,complete,complete,unreviewed,,2026-08-22,Library-only intent; downstream source promotion must create 17 unknown Factor axes and no Theme rows.
candidate-1111080969feddae8a64,work-1111080969feddae8a64,complete,complete,complete,complete,complete,unreviewed,,2026-08-22,Library-only intent; downstream source promotion must create 17 unknown Factor axes and no Theme rows.
candidate-112589a161d1596ec97f,work-112589a161d1596ec97f,complete,complete,complete,complete,complete,unreviewed,,2026-08-22,Library-only intent; downstream source promotion must create 17 unknown Factor axes and no Theme rows.
candidate-11296a590b885cb73b66,work-11296a590b885cb73b66,complete,complete,complete,complete,complete,unreviewed,,2026-08-22,Library-only intent; downstream source promotion must create 17 unknown Factor axes and no Theme rows.
candidate-118ebbabadf214274ac6,work-118ebbabadf214274ac6,complete,complete,complete,complete,complete,unreviewed,,2026-08-22,Library-only intent; downstream source promotion must create 17 unknown Factor axes and no Theme rows.
candidate-119459d8de20ac5f45bd,work-119459d8de20ac5f45bd,complete,complete,complete,complete,complete,unreviewed,,2026-08-22,Library-only intent; downstream source promotion must create 17 unknown Factor axes and no Theme rows.
candidate-1194dc9f1d6f72a56dbd,work-1194dc9f1d6f72a56dbd,complete,complete,complete,complete,complete,unreviewed,,2026-08-22,Library-only intent; downstream source promotion must create 17 unknown Factor axes and no Theme rows.
candidate-11d23966f22f777e95d0,work-11d23966f22f777e95d0,complete,complete,complete,complete,complete,unreviewed,,2026-08-22,Library-only intent; downstream source promotion must create 17 unknown Factor axes and no Theme rows.
candidate-11f13ef455c9bc9d68b4,work-11f13ef455c9bc9d68b4,complete,complete,complete,complete,complete,unreviewed,,2026-08-22,Library-only intent; downstream source promotion must create 17 unknown Factor axes and no Theme rows.
candidate-11f7290fc68cdf9635aa,work-11f7290fc68cdf9635aa,complete,complete,complete,complete,complete,unreviewed,,2026-08-22,Library-only intent; downstream source promotion must create 17 unknown Factor axes and no Theme rows.
candidate-1237a0e89a427c736fac,work-1237a0e89a427c736fac,complete,complete,complete,complete,complete,unreviewed,,2026-08-22,Library-only intent; downstream source promotion must create 17 unknown Factor axes and no Theme rows.
candidate-12a5eb9618886a507a6f,work-12a5eb9618886a507a6f,complete,complete,complete,complete,complete,unreviewed,,2026-08-22,Library-only intent; downstream source promotion must create 17 unknown Factor axes and no Theme rows.
candidate-12addce786ee4fbb6a2c,work-12addce786ee4fbb6a2c,complete,complete,complete,complete,complete,unreviewed,,2026-08-22,Library-only intent; downstream source promotion must create 17 unknown Factor axes and no Theme rows.
candidate-12b484cd79bfe6852ea1,work-12b484cd79bfe6852ea1,complete,complete,complete,complete,complete,unreviewed,,2026-08-22,Library-only intent; downstream source promotion must create 17 unknown Factor axes and no Theme rows.
candidate-12bb1c06ffe94f18421c,work-12bb1c06ffe94f18421c,complete,complete,complete,complete,complete,unreviewed,,2026-08-22,Library-only intent; downstream source promotion must create 17 unknown Factor axes and no Theme rows.
candidate-12ced27e58dc3c8c1509,work-12ced27e58dc3c8c1509,complete,complete,complete,complete,complete,unreviewed,,2026-08-22,Library-only intent; downstream source promotion must create 17 unknown Factor axes and no Theme rows.
candidate-131ba7a362fa9e38a10a,work-131ba7a362fa9e38a10a,complete,complete,complete,complete,complete,unreviewed,,2026-08-22,Library-only intent; downstream source promotion must create 17 unknown Factor axes and no Theme rows.
candidate-132ce7172750a3b1fa53,work-132ce7172750a3b1fa53,complete,complete,complete,complete,complete,unreviewed,,2026-08-22,Library-only intent; downstream source promotion must create 17 unknown Factor axes and no Theme rows.
candidate-136162000044f90dda04,work-136162000044f90dda04,complete,complete,complete,complete,complete,unreviewed,,2026-08-22,Library-only intent; downstream source promotion must create 17 unknown Factor axes and no Theme rows.
candidate-13ad51c176349c82367c,work-13ad51c176349c82367c,complete,complete,complete,complete,complete,unreviewed,,2026-08-22,Library-only intent; downstream source promotion must create 17 unknown Factor axes and no Theme rows.
candidate-13ed15a0d70ac2b2d0ef,the-seven-deadly-sins,complete,complete,complete,complete,complete,authorizedModelPanel,reviews/g2-catalog-annotation-panel.md,2026-08-22,Existing Gold annotation contract reused from reviews/g2-catalog-annotation-panel.md.
candidate-1416d5a9fd062e979aef,cells-at-work,complete,complete,complete,complete,complete,authorizedModelPanel,reviews/g2-catalog-annotation-panel.md,2026-08-22,Existing Gold annotation contract reused from reviews/g2-catalog-annotation-panel.md.
candidate-14b8108ece1a01311da8,work-14b8108ece1a01311da8,complete,complete,complete,complete,complete,unreviewed,,2026-08-22,Library-only intent; downstream source promotion must create 17 unknown Factor axes and no Theme rows.
candidate-14e489bf1afd1587c44a,work-14e489bf1afd1587c44a,complete,complete,complete,complete,complete,unreviewed,,2026-08-22,Library-only intent; downstream source promotion must create 17 unknown Factor axes and no Theme rows.
candidate-14fcdce57f7824813075,work-14fcdce57f7824813075,complete,complete,complete,complete,complete,unreviewed,,2026-08-22,Library-only intent; downstream source promotion must create 17 unknown Factor axes and no Theme rows.
candidate-151b456508f78852b002,work-151b456508f78852b002,complete,complete,complete,complete,complete,unreviewed,,2026-08-22,Library-only intent; downstream source promotion must create 17 unknown Factor axes and no Theme rows.
candidate-1550d4a52c3fe6d9f94c,work-1550d4a52c3fe6d9f94c,complete,complete,complete,complete,complete,unreviewed,,2026-08-22,Library-only intent; downstream source promotion must create 17 unknown Factor axes and no Theme rows.
candidate-1563438b7ccf15a48ffe,mob-psycho-100,complete,complete,complete,complete,complete,authorizedModelPanel,reviews/g1-sanity-panel.md,2026-08-22,Existing Gold annotation contract reused from reviews/g1-sanity-panel.md.
candidate-159ec8fd998859ffac85,work-159ec8fd998859ffac85,complete,complete,complete,complete,complete,unreviewed,,2026-08-22,Library-only intent; downstream source promotion must create 17 unknown Factor axes and no Theme rows.
candidate-15a7b190d6da8a26652a,work-15a7b190d6da8a26652a,complete,complete,complete,complete,complete,unreviewed,,2026-08-22,Library-only intent; downstream source promotion must create 17 unknown Factor axes and no Theme rows.
candidate-15a975302e37cf28dc95,work-15a975302e37cf28dc95,complete,complete,complete,complete,complete,unreviewed,,2026-08-22,Library-only intent; downstream source promotion must create 17 unknown Factor axes and no Theme rows.
candidate-15cd524191c3fb7ce45f,work-15cd524191c3fb7ce45f,complete,complete,complete,complete,complete,unreviewed,,2026-08-22,Library-only intent; downstream source promotion must create 17 unknown Factor axes and no Theme rows.
candidate-15d6508605fbd4a266fc,work-15d6508605fbd4a266fc,complete,complete,complete,complete,complete,unreviewed,,2026-08-22,Library-only intent; downstream source promotion must create 17 unknown Factor axes and no Theme rows.
candidate-15dba4fdb46308ab45d7,work-15dba4fdb46308ab45d7,complete,complete,complete,complete,complete,unreviewed,,2026-08-22,Library-only intent; downstream source promotion must create 17 unknown Factor axes and no Theme rows.
candidate-15e295e52c5c6be6a649,work-15e295e52c5c6be6a649,complete,complete,complete,complete,complete,unreviewed,,2026-08-22,Library-only intent; downstream source promotion must create 17 unknown Factor axes and no Theme rows.
candidate-15f3aa6d47edb5852ea6,haikyu,complete,complete,complete,complete,complete,authorizedModelPanel,reviews/g2-catalog-annotation-panel.md,2026-08-22,Existing Gold annotation contract reused from reviews/g2-catalog-annotation-panel.md.
candidate-163100a10134c48d2473,work-163100a10134c48d2473,complete,complete,complete,complete,complete,unreviewed,,2026-08-22,Library-only intent; downstream source promotion must create 17 unknown Factor axes and no Theme rows.
candidate-164ee5ddc6b7fd9b35c0,work-164ee5ddc6b7fd9b35c0,complete,complete,complete,complete,complete,unreviewed,,2026-08-22,Library-only intent; downstream source promotion must create 17 unknown Factor axes and no Theme rows.
candidate-165669641177ffa78e22,work-165669641177ffa78e22,complete,complete,complete,complete,complete,unreviewed,,2026-08-22,Library-only intent; downstream source promotion must create 17 unknown Factor axes and no Theme rows.
candidate-166485add3d7262afb00,work-166485add3d7262afb00,complete,complete,complete,complete,complete,unreviewed,,2026-08-22,Library-only intent; downstream source promotion must create 17 unknown Factor axes and no Theme rows.
candidate-1681d7aeefde0c5c9e5a,work-1681d7aeefde0c5c9e5a,complete,complete,complete,complete,complete,unreviewed,,2026-08-22,Library-only intent; downstream source promotion must create 17 unknown Factor axes and no Theme rows.
candidate-16b5e5f6698c291257f6,work-16b5e5f6698c291257f6,complete,complete,complete,complete,complete,unreviewed,,2026-08-22,Library-only intent; downstream source promotion must create 17 unknown Factor axes and no Theme rows.
candidate-171b262b7ad72871f795,work-171b262b7ad72871f795,complete,complete,complete,complete,complete,unreviewed,,2026-08-22,Library-only intent; downstream source promotion must create 17 unknown Factor axes and no Theme rows.
candidate-174e7603bb0e71bb62ab,work-174e7603bb0e71bb62ab,complete,complete,complete,complete,complete,unreviewed,,2026-08-22,Library-only intent; downstream source promotion must create 17 unknown Factor axes and no Theme rows.
candidate-17515acc6e90eec79270,work-17515acc6e90eec79270,complete,complete,complete,complete,complete,unreviewed,,2026-08-22,Library-only intent; downstream source promotion must create 17 unknown Factor axes and no Theme rows.
candidate-17dd9b35c9688784b5ba,work-17dd9b35c9688784b5ba,complete,complete,complete,complete,complete,unreviewed,,2026-08-22,Library-only intent; downstream source promotion must create 17 unknown Factor axes and no Theme rows.
candidate-1806163b95ab496ab1fb,kimi-ni-todoke,complete,complete,complete,complete,complete,authorizedModelPanel,reviews/g1-sanity-panel.md,2026-08-22,Existing Gold annotation contract reused from reviews/g1-sanity-panel.md.
candidate-188ba092c6195603bb3f,work-188ba092c6195603bb3f,complete,complete,complete,complete,complete,unreviewed,,2026-08-22,Library-only intent; downstream source promotion must create 17 unknown Factor axes and no Theme rows.
candidate-1894215d024b500e5392,work-1894215d024b500e5392,complete,complete,complete,complete,complete,unreviewed,,2026-08-22,Library-only intent; downstream source promotion must create 17 unknown Factor axes and no Theme rows.
candidate-18e08fe95968a6537773,work-18e08fe95968a6537773,complete,complete,complete,complete,complete,unreviewed,,2026-08-22,Library-only intent; downstream source promotion must create 17 unknown Factor axes and no Theme rows.
candidate-1924e6c313fe8817ad37,work-1924e6c313fe8817ad37,complete,complete,complete,complete,complete,unreviewed,,2026-08-22,Library-only intent; downstream source promotion must create 17 unknown Factor axes and no Theme rows.
candidate-192cbecc59e9c028142b,work-192cbecc59e9c028142b,complete,complete,complete,complete,complete,unreviewed,,2026-08-22,Library-only intent; downstream source promotion must create 17 unknown Factor axes and no Theme rows.
candidate-196f917715fbb17d4d0f,work-196f917715fbb17d4d0f,complete,complete,complete,complete,complete,unreviewed,,2026-08-22,Library-only intent; downstream source promotion must create 17 unknown Factor axes and no Theme rows.
candidate-197089286d30de82f9e9,work-197089286d30de82f9e9,complete,complete,complete,complete,complete,unreviewed,,2026-08-22,Library-only intent; downstream source promotion must create 17 unknown Factor axes and no Theme rows.
candidate-19914389b95a96a94e2b,work-19914389b95a96a94e2b,complete,complete,complete,complete,complete,unreviewed,,2026-08-22,Library-only intent; downstream source promotion must create 17 unknown Factor axes and no Theme rows.
candidate-1998a3621df8e8cb4b95,work-1998a3621df8e8cb4b95,complete,complete,complete,complete,complete,unreviewed,,2026-08-22,Library-only intent; downstream source promotion must create 17 unknown Factor axes and no Theme rows.
candidate-19a26f01512166856a6a,work-19a26f01512166856a6a,complete,complete,complete,complete,complete,unreviewed,,2026-08-22,Library-only intent; downstream source promotion must create 17 unknown Factor axes and no Theme rows.
candidate-19b578d0e828242f14f3,work-19b578d0e828242f14f3,complete,complete,complete,complete,complete,unreviewed,,2026-08-22,Library-only intent; downstream source promotion must create 17 unknown Factor axes and no Theme rows.
candidate-19bf120239dd0661fdc0,work-19bf120239dd0661fdc0,complete,complete,complete,complete,complete,unreviewed,,2026-08-22,Library-only intent; downstream source promotion must create 17 unknown Factor axes and no Theme rows.
candidate-19c2017b33c07f48634e,work-19c2017b33c07f48634e,complete,complete,complete,complete,complete,unreviewed,,2026-08-22,Library-only intent; downstream source promotion must create 17 unknown Factor axes and no Theme rows.
candidate-19c3e776eecdbd1e2d8f,work-19c3e776eecdbd1e2d8f,complete,complete,complete,complete,complete,unreviewed,,2026-08-22,Library-only intent; downstream source promotion must create 17 unknown Factor axes and no Theme rows.
candidate-19f7ccc2693b36d742e4,work-19f7ccc2693b36d742e4,complete,complete,complete,complete,complete,unreviewed,,2026-08-22,Library-only intent; downstream source promotion must create 17 unknown Factor axes and no Theme rows.
candidate-1a084f8d1e59ba8ed260,work-1a084f8d1e59ba8ed260,complete,complete,complete,complete,complete,unreviewed,,2026-08-22,Library-only intent; downstream source promotion must create 17 unknown Factor axes and no Theme rows.
candidate-1a3c3749e3db82bec0a4,work-1a3c3749e3db82bec0a4,complete,complete,complete,complete,complete,unreviewed,,2026-08-22,Library-only intent; downstream source promotion must create 17 unknown Factor axes and no Theme rows.
candidate-1a4f3079592a2bf3e9ab,work-1a4f3079592a2bf3e9ab,complete,complete,complete,complete,complete,unreviewed,,2026-08-22,Library-only intent; downstream source promotion must create 17 unknown Factor axes and no Theme rows.
candidate-1a6ad6771865b43c8516,work-1a6ad6771865b43c8516,complete,complete,complete,complete,complete,unreviewed,,2026-08-22,Library-only intent; downstream source promotion must create 17 unknown Factor axes and no Theme rows.
candidate-1a70124a59d668a19ee9,inuyashiki,complete,complete,complete,complete,complete,authorizedModelPanel,reviews/g2-catalog-annotation-panel.md,2026-08-22,Existing Gold annotation contract reused from reviews/g2-catalog-annotation-panel.md.
candidate-1aaf3b559f7d9c7f85e3,work-1aaf3b559f7d9c7f85e3,complete,complete,complete,complete,complete,unreviewed,,2026-08-22,Library-only intent; downstream source promotion must create 17 unknown Factor axes and no Theme rows.
candidate-1b3afe12c434a9cf7603,work-1b3afe12c434a9cf7603,complete,complete,complete,complete,complete,unreviewed,,2026-08-22,Library-only intent; downstream source promotion must create 17 unknown Factor axes and no Theme rows.
candidate-1b7812afe1c1ec2f6d03,work-1b7812afe1c1ec2f6d03,complete,complete,complete,complete,complete,unreviewed,,2026-08-22,Library-only intent; downstream source promotion must create 17 unknown Factor axes and no Theme rows.
candidate-1b7c4ed54d7761cd242b,work-1b7c4ed54d7761cd242b,complete,complete,complete,complete,complete,unreviewed,,2026-08-22,Library-only intent; downstream source promotion must create 17 unknown Factor axes and no Theme rows.
candidate-1b839a7f7034e313c8d1,work-1b839a7f7034e313c8d1,complete,complete,complete,complete,complete,unreviewed,,2026-08-22,Library-only intent; downstream source promotion must create 17 unknown Factor axes and no Theme rows.
candidate-1b94cd8bacb92576eb36,work-1b94cd8bacb92576eb36,complete,complete,complete,complete,complete,unreviewed,,2026-08-22,Library-only intent; downstream source promotion must create 17 unknown Factor axes and no Theme rows.
candidate-1b9fc6e13c87db1a08c4,work-1b9fc6e13c87db1a08c4,complete,complete,complete,complete,complete,unreviewed,,2026-08-22,Library-only intent; downstream source promotion must create 17 unknown Factor axes and no Theme rows.
candidate-1bce95b6c02673e59bcf,work-1bce95b6c02673e59bcf,complete,complete,complete,complete,complete,unreviewed,,2026-08-22,Library-only intent; downstream source promotion must create 17 unknown Factor axes and no Theme rows.
candidate-1bdd89da60157e62d8ae,work-1bdd89da60157e62d8ae,complete,complete,complete,complete,complete,unreviewed,,2026-08-22,Library-only intent; downstream source promotion must create 17 unknown Factor axes and no Theme rows.
candidate-1c08e020ca3edbdb268c,work-1c08e020ca3edbdb268c,complete,complete,complete,complete,complete,unreviewed,,2026-08-22,Library-only intent; downstream source promotion must create 17 unknown Factor axes and no Theme rows.
candidate-1c11c52424ffad601818,work-1c11c52424ffad601818,complete,complete,complete,complete,complete,unreviewed,,2026-08-22,Library-only intent; downstream source promotion must create 17 unknown Factor axes and no Theme rows.
candidate-1c1cf67a3118c01ffaad,work-1c1cf67a3118c01ffaad,complete,complete,complete,complete,complete,unreviewed,,2026-08-22,Library-only intent; downstream source promotion must create 17 unknown Factor axes and no Theme rows.
candidate-1c3e79210ad2ec6fe4ff,work-1c3e79210ad2ec6fe4ff,complete,complete,complete,complete,complete,unreviewed,,2026-08-22,Library-only intent; downstream source promotion must create 17 unknown Factor axes and no Theme rows.
candidate-1c65e693efaeeca02c67,work-1c65e693efaeeca02c67,complete,complete,complete,complete,complete,unreviewed,,2026-08-22,Library-only intent; downstream source promotion must create 17 unknown Factor axes and no Theme rows.
candidate-1c78f22da99c77aca86d,work-1c78f22da99c77aca86d,complete,complete,complete,complete,complete,unreviewed,,2026-08-22,Library-only intent; downstream source promotion must create 17 unknown Factor axes and no Theme rows.
candidate-1ccf4922ae88d4a273af,work-1ccf4922ae88d4a273af,complete,complete,complete,complete,complete,unreviewed,,2026-08-22,Library-only intent; downstream source promotion must create 17 unknown Factor axes and no Theme rows.
candidate-1cdc6c5cca7c33fafe51,work-1cdc6c5cca7c33fafe51,complete,complete,complete,complete,complete,unreviewed,,2026-08-22,Library-only intent; downstream source promotion must create 17 unknown Factor axes and no Theme rows.
candidate-1ce4c2c1010c1442593d,work-1ce4c2c1010c1442593d,complete,complete,complete,complete,complete,unreviewed,,2026-08-22,Library-only intent; downstream source promotion must create 17 unknown Factor axes and no Theme rows.
candidate-1cecf966898e6d18439d,work-1cecf966898e6d18439d,complete,complete,complete,complete,complete,unreviewed,,2026-08-22,Library-only intent; downstream source promotion must create 17 unknown Factor axes and no Theme rows.
candidate-1cf7a0bb5f55e0d69b27,work-1cf7a0bb5f55e0d69b27,complete,complete,complete,complete,complete,unreviewed,,2026-08-22,Library-only intent; downstream source promotion must create 17 unknown Factor axes and no Theme rows.
candidate-1d00f523bae2dfe510eb,work-1d00f523bae2dfe510eb,complete,complete,complete,complete,complete,unreviewed,,2026-08-22,Library-only intent; downstream source promotion must create 17 unknown Factor axes and no Theme rows.
candidate-1d191998612dec7bb5ba,work-1d191998612dec7bb5ba,complete,complete,complete,complete,complete,unreviewed,,2026-08-22,Library-only intent; downstream source promotion must create 17 unknown Factor axes and no Theme rows.
candidate-1d447cc9026b530fb53d,work-1d447cc9026b530fb53d,complete,complete,complete,complete,complete,unreviewed,,2026-08-22,Library-only intent; downstream source promotion must create 17 unknown Factor axes and no Theme rows.
candidate-1d5a3158e78e639f1973,work-1d5a3158e78e639f1973,complete,complete,complete,complete,complete,unreviewed,,2026-08-22,Library-only intent; downstream source promotion must create 17 unknown Factor axes and no Theme rows.
candidate-1d65bce561a9770057a6,work-1d65bce561a9770057a6,complete,complete,complete,complete,complete,unreviewed,,2026-08-22,Library-only intent; downstream source promotion must create 17 unknown Factor axes and no Theme rows.
candidate-1d7ca9dc1b4e67d8a6bc,work-1d7ca9dc1b4e67d8a6bc,complete,complete,complete,complete,complete,unreviewed,,2026-08-22,Library-only intent; downstream source promotion must create 17 unknown Factor axes and no Theme rows.
candidate-1d9c4fcacb0b35e9fa5a,work-1d9c4fcacb0b35e9fa5a,complete,complete,complete,complete,complete,unreviewed,,2026-08-22,Library-only intent; downstream source promotion must create 17 unknown Factor axes and no Theme rows.
candidate-1dc5eed44438268f78cd,work-1dc5eed44438268f78cd,complete,complete,complete,complete,complete,unreviewed,,2026-08-22,Library-only intent; downstream source promotion must create 17 unknown Factor axes and no Theme rows.
candidate-1e247ae03a8ffdd85abf,work-1e247ae03a8ffdd85abf,complete,complete,complete,complete,complete,unreviewed,,2026-08-22,Library-only intent; downstream source promotion must create 17 unknown Factor axes and no Theme rows.
candidate-1e27731b880d0d9012f8,work-1e27731b880d0d9012f8,complete,complete,complete,complete,complete,unreviewed,,2026-08-22,Library-only intent; downstream source promotion must create 17 unknown Factor axes and no Theme rows.
candidate-1e508cb5384fdea51776,work-1e508cb5384fdea51776,complete,complete,complete,complete,complete,unreviewed,,2026-08-22,Library-only intent; downstream source promotion must create 17 unknown Factor axes and no Theme rows.
candidate-1e9c4852863a22bba058,work-1e9c4852863a22bba058,complete,complete,complete,complete,complete,unreviewed,,2026-08-22,Library-only intent; downstream source promotion must create 17 unknown Factor axes and no Theme rows.
candidate-1ea5908e746ba04ba71b,work-1ea5908e746ba04ba71b,complete,complete,complete,complete,complete,unreviewed,,2026-08-22,Library-only intent; downstream source promotion must create 17 unknown Factor axes and no Theme rows.
candidate-1ec3d48e64b228bb8a92,work-1ec3d48e64b228bb8a92,complete,complete,complete,complete,complete,unreviewed,,2026-08-22,Library-only intent; downstream source promotion must create 17 unknown Factor axes and no Theme rows.
candidate-1eea4768a5da9d66bba0,work-1eea4768a5da9d66bba0,complete,complete,complete,complete,complete,unreviewed,,2026-08-22,Library-only intent; downstream source promotion must create 17 unknown Factor axes and no Theme rows.
candidate-1ef69d214afe688be73e,work-1ef69d214afe688be73e,complete,complete,complete,complete,complete,unreviewed,,2026-08-22,Library-only intent; downstream source promotion must create 17 unknown Factor axes and no Theme rows.
candidate-1efafafe54ce39bcb83e,work-1efafafe54ce39bcb83e,complete,complete,complete,complete,complete,unreviewed,,2026-08-22,Library-only intent; downstream source promotion must create 17 unknown Factor axes and no Theme rows.
candidate-1f2ba6ab6be1c8af18ad,work-1f2ba6ab6be1c8af18ad,complete,complete,complete,complete,complete,unreviewed,,2026-08-22,Library-only intent; downstream source promotion must create 17 unknown Factor axes and no Theme rows.
candidate-1f853c16f6cebca63ffc,work-1f853c16f6cebca63ffc,complete,complete,complete,complete,complete,unreviewed,,2026-08-22,Library-only intent; downstream source promotion must create 17 unknown Factor axes and no Theme rows.
candidate-1f9cbf84ad0fd7f3897e,work-1f9cbf84ad0fd7f3897e,complete,complete,complete,complete,complete,unreviewed,,2026-08-22,Library-only intent; downstream source promotion must create 17 unknown Factor axes and no Theme rows.
candidate-1f9db2fd8a4963e67e18,blue-lock,complete,complete,complete,complete,complete,authorizedModelPanel,reviews/g1-sanity-panel.md,2026-08-22,Existing Gold annotation contract reused from reviews/g1-sanity-panel.md.
candidate-1fa5f2e567aa75de030a,work-1fa5f2e567aa75de030a,complete,complete,complete,complete,complete,unreviewed,,2026-08-22,Library-only intent; downstream source promotion must create 17 unknown Factor axes and no Theme rows.
candidate-1fc2f51ba7317524f8ab,work-1fc2f51ba7317524f8ab,complete,complete,complete,complete,complete,unreviewed,,2026-08-22,Library-only intent; downstream source promotion must create 17 unknown Factor axes and no Theme rows.
candidate-1fc61ddbeb429b4a2c15,work-1fc61ddbeb429b4a2c15,complete,complete,complete,complete,complete,unreviewed,,2026-08-22,Library-only intent; downstream source promotion must create 17 unknown Factor axes and no Theme rows.
candidate-1fd6cc14c3fd93aa26c0,work-1fd6cc14c3fd93aa26c0,complete,complete,complete,complete,complete,unreviewed,,2026-08-22,Library-only intent; downstream source promotion must create 17 unknown Factor axes and no Theme rows.
candidate-1ff116a3c975bfb50a03,work-1ff116a3c975bfb50a03,complete,complete,complete,complete,complete,unreviewed,,2026-08-22,Library-only intent; downstream source promotion must create 17 unknown Factor axes and no Theme rows.
candidate-200fa8832525f3437678,work-200fa8832525f3437678,complete,complete,complete,complete,complete,unreviewed,,2026-08-22,Library-only intent; downstream source promotion must create 17 unknown Factor axes and no Theme rows.
candidate-202aaafe7b597ec4e0dd,work-202aaafe7b597ec4e0dd,complete,complete,complete,complete,complete,unreviewed,,2026-08-22,Library-only intent; downstream source promotion must create 17 unknown Factor axes and no Theme rows.
candidate-203805efecbbb35375c7,work-203805efecbbb35375c7,complete,complete,complete,complete,complete,unreviewed,,2026-08-22,Library-only intent; downstream source promotion must create 17 unknown Factor axes and no Theme rows.
candidate-205e576ef057e3aed1ab,work-205e576ef057e3aed1ab,complete,complete,complete,complete,complete,unreviewed,,2026-08-22,Library-only intent; downstream source promotion must create 17 unknown Factor axes and no Theme rows.
candidate-207bb1ca28b7472fbe1d,work-207bb1ca28b7472fbe1d,complete,complete,complete,complete,complete,unreviewed,,2026-08-22,Library-only intent; downstream source promotion must create 17 unknown Factor axes and no Theme rows.
candidate-209ff48c0b011c1f2ce1,work-209ff48c0b011c1f2ce1,complete,complete,complete,complete,complete,unreviewed,,2026-08-22,Library-only intent; downstream source promotion must create 17 unknown Factor axes and no Theme rows.
candidate-20a897f43b8dc9ecab2a,work-20a897f43b8dc9ecab2a,complete,complete,complete,complete,complete,unreviewed,,2026-08-22,Library-only intent; downstream source promotion must create 17 unknown Factor axes and no Theme rows.
candidate-20cc795ddb729a1e2b53,work-20cc795ddb729a1e2b53,complete,complete,complete,complete,complete,unreviewed,,2026-08-22,Library-only intent; downstream source promotion must create 17 unknown Factor axes and no Theme rows.
candidate-213e1ded93227144f197,work-213e1ded93227144f197,complete,complete,complete,complete,complete,unreviewed,,2026-08-22,Library-only intent; downstream source promotion must create 17 unknown Factor axes and no Theme rows.
candidate-2141b420eca4795b6772,work-2141b420eca4795b6772,complete,complete,complete,complete,complete,unreviewed,,2026-08-22,Library-only intent; downstream source promotion must create 17 unknown Factor axes and no Theme rows.
candidate-215b6936b93e452bb61e,work-215b6936b93e452bb61e,complete,complete,complete,complete,complete,unreviewed,,2026-08-22,Library-only intent; downstream source promotion must create 17 unknown Factor axes and no Theme rows.
candidate-21e8dd86e844f3e1b82d,work-21e8dd86e844f3e1b82d,complete,complete,complete,complete,complete,unreviewed,,2026-08-22,Library-only intent; downstream source promotion must create 17 unknown Factor axes and no Theme rows.
candidate-21ef61123c16dfe94c5e,work-21ef61123c16dfe94c5e,complete,complete,complete,complete,complete,unreviewed,,2026-08-22,Library-only intent; downstream source promotion must create 17 unknown Factor axes and no Theme rows.
candidate-220bc5323243498f36eb,work-220bc5323243498f36eb,complete,complete,complete,complete,complete,unreviewed,,2026-08-22,Library-only intent; downstream source promotion must create 17 unknown Factor axes and no Theme rows.
candidate-222504590507d3ab8093,work-222504590507d3ab8093,complete,complete,complete,complete,complete,unreviewed,,2026-08-22,Library-only intent; downstream source promotion must create 17 unknown Factor axes and no Theme rows.
candidate-22265a6ee16f051d542e,work-22265a6ee16f051d542e,complete,complete,complete,complete,complete,unreviewed,,2026-08-22,Library-only intent; downstream source promotion must create 17 unknown Factor axes and no Theme rows.
candidate-224f24e5f46be902b73b,work-224f24e5f46be902b73b,complete,complete,complete,complete,complete,unreviewed,,2026-08-22,Library-only intent; downstream source promotion must create 17 unknown Factor axes and no Theme rows.
candidate-22742bf90f4b1ec39114,work-22742bf90f4b1ec39114,complete,complete,complete,complete,complete,unreviewed,,2026-08-22,Library-only intent; downstream source promotion must create 17 unknown Factor axes and no Theme rows.
candidate-227d0d4cca68de57b124,work-227d0d4cca68de57b124,complete,complete,complete,complete,complete,unreviewed,,2026-08-22,Library-only intent; downstream source promotion must create 17 unknown Factor axes and no Theme rows.
candidate-22863722e753645cf08e,work-22863722e753645cf08e,complete,complete,complete,complete,complete,unreviewed,,2026-08-22,Library-only intent; downstream source promotion must create 17 unknown Factor axes and no Theme rows.
candidate-22997668db5d66d5034c,work-22997668db5d66d5034c,complete,complete,complete,complete,complete,unreviewed,,2026-08-22,Library-only intent; downstream source promotion must create 17 unknown Factor axes and no Theme rows.
candidate-22baa3338ea7eb109eb0,work-22baa3338ea7eb109eb0,complete,complete,complete,complete,complete,unreviewed,,2026-08-22,Library-only intent; downstream source promotion must create 17 unknown Factor axes and no Theme rows.
candidate-23077ad33a2066bef5a6,work-23077ad33a2066bef5a6,complete,complete,complete,complete,complete,unreviewed,,2026-08-22,Library-only intent; downstream source promotion must create 17 unknown Factor axes and no Theme rows.
candidate-230c01be9d63e7621b25,work-230c01be9d63e7621b25,complete,complete,complete,complete,complete,unreviewed,,2026-08-22,Library-only intent; downstream source promotion must create 17 unknown Factor axes and no Theme rows.
candidate-2356050c72240569e1c5,work-2356050c72240569e1c5,complete,complete,complete,complete,complete,unreviewed,,2026-08-22,Library-only intent; downstream source promotion must create 17 unknown Factor axes and no Theme rows.
candidate-23851cd7ccf1d0c676cc,work-23851cd7ccf1d0c676cc,complete,complete,complete,complete,complete,unreviewed,,2026-08-22,Library-only intent; downstream source promotion must create 17 unknown Factor axes and no Theme rows.
candidate-238c04ae3a3a61451078,work-238c04ae3a3a61451078,complete,complete,complete,complete,complete,unreviewed,,2026-08-22,Library-only intent; downstream source promotion must create 17 unknown Factor axes and no Theme rows.
candidate-23950c7ba1f06f7c7d79,work-23950c7ba1f06f7c7d79,complete,complete,complete,complete,complete,unreviewed,,2026-08-22,Library-only intent; downstream source promotion must create 17 unknown Factor axes and no Theme rows.
candidate-239ae23df7c9bf5bcb8d,work-239ae23df7c9bf5bcb8d,complete,complete,complete,complete,complete,unreviewed,,2026-08-22,Library-only intent; downstream source promotion must create 17 unknown Factor axes and no Theme rows.
candidate-23a842306a70ec170a97,work-23a842306a70ec170a97,complete,complete,complete,complete,complete,unreviewed,,2026-08-22,Library-only intent; downstream source promotion must create 17 unknown Factor axes and no Theme rows.
candidate-23c38bf18af4e16b42be,work-23c38bf18af4e16b42be,complete,complete,complete,complete,complete,unreviewed,,2026-08-22,Library-only intent; downstream source promotion must create 17 unknown Factor axes and no Theme rows.
candidate-23fd39ffc819ea11b8a7,work-23fd39ffc819ea11b8a7,complete,complete,complete,complete,complete,unreviewed,,2026-08-22,Library-only intent; downstream source promotion must create 17 unknown Factor axes and no Theme rows.
candidate-2406b2ca910adb6c1d73,work-2406b2ca910adb6c1d73,complete,complete,complete,complete,complete,unreviewed,,2026-08-22,Library-only intent; downstream source promotion must create 17 unknown Factor axes and no Theme rows.
candidate-24bb011dccc8c1dd20ce,work-24bb011dccc8c1dd20ce,complete,complete,complete,complete,complete,unreviewed,,2026-08-22,Library-only intent; downstream source promotion must create 17 unknown Factor axes and no Theme rows.
candidate-24d8a688476d333c7300,all-rounder-meguru,complete,complete,complete,complete,complete,authorizedModelPanel,reviews/g2-catalog-annotation-panel.md,2026-08-22,Existing Gold annotation contract reused from reviews/g2-catalog-annotation-panel.md.
candidate-24de0c652b25b9f56125,work-24de0c652b25b9f56125,complete,complete,complete,complete,complete,unreviewed,,2026-08-22,Library-only intent; downstream source promotion must create 17 unknown Factor axes and no Theme rows.
candidate-24e49de317a49e2761f1,work-24e49de317a49e2761f1,complete,complete,complete,complete,complete,unreviewed,,2026-08-22,Library-only intent; downstream source promotion must create 17 unknown Factor axes and no Theme rows.
candidate-253f5626d3ce094fb544,work-253f5626d3ce094fb544,complete,complete,complete,complete,complete,unreviewed,,2026-08-22,Library-only intent; downstream source promotion must create 17 unknown Factor axes and no Theme rows.
candidate-256eeb839e052e0b24c4,work-256eeb839e052e0b24c4,complete,complete,complete,complete,complete,unreviewed,,2026-08-22,Library-only intent; downstream source promotion must create 17 unknown Factor axes and no Theme rows.
candidate-2582309550646b0b4f82,work-2582309550646b0b4f82,complete,complete,complete,complete,complete,unreviewed,,2026-08-22,Library-only intent; downstream source promotion must create 17 unknown Factor axes and no Theme rows.
candidate-25c44bf9036baf7168e3,work-25c44bf9036baf7168e3,complete,complete,complete,complete,complete,unreviewed,,2026-08-22,Library-only intent; downstream source promotion must create 17 unknown Factor axes and no Theme rows.
candidate-25f4d6c9c2735279f479,work-25f4d6c9c2735279f479,complete,complete,complete,complete,complete,unreviewed,,2026-08-22,Library-only intent; downstream source promotion must create 17 unknown Factor axes and no Theme rows.
candidate-2622d7788c42f875f7eb,work-2622d7788c42f875f7eb,complete,complete,complete,complete,complete,unreviewed,,2026-08-22,Library-only intent; downstream source promotion must create 17 unknown Factor axes and no Theme rows.
candidate-268121469703c73b00d7,work-268121469703c73b00d7,complete,complete,complete,complete,complete,unreviewed,,2026-08-22,Library-only intent; downstream source promotion must create 17 unknown Factor axes and no Theme rows.
candidate-268e1fa3599955359969,work-268e1fa3599955359969,complete,complete,complete,complete,complete,unreviewed,,2026-08-22,Library-only intent; downstream source promotion must create 17 unknown Factor axes and no Theme rows.
candidate-26e7c545d71636545e18,work-26e7c545d71636545e18,complete,complete,complete,complete,complete,unreviewed,,2026-08-22,Library-only intent; downstream source promotion must create 17 unknown Factor axes and no Theme rows.
candidate-27d993f99ff7042b5338,sweat-and-soap,complete,complete,complete,complete,complete,authorizedModelPanel,reviews/g2-catalog-annotation-panel.md,2026-08-22,Existing Gold annotation contract reused from reviews/g2-catalog-annotation-panel.md.
candidate-28102756d9fe31e97bf9,work-28102756d9fe31e97bf9,complete,complete,complete,complete,complete,unreviewed,,2026-08-22,Library-only intent; downstream source promotion must create 17 unknown Factor axes and no Theme rows.
candidate-28663a81f12fb90640d8,work-28663a81f12fb90640d8,complete,complete,complete,complete,complete,unreviewed,,2026-08-22,Library-only intent; downstream source promotion must create 17 unknown Factor axes and no Theme rows.
candidate-288350bffa05c3bc10da,work-288350bffa05c3bc10da,complete,complete,complete,complete,complete,unreviewed,,2026-08-22,Library-only intent; downstream source promotion must create 17 unknown Factor axes and no Theme rows.
candidate-2886a7f0a3e225ea8c9d,work-2886a7f0a3e225ea8c9d,complete,complete,complete,complete,complete,unreviewed,,2026-08-22,Library-only intent; downstream source promotion must create 17 unknown Factor axes and no Theme rows.
candidate-28defed571261aa35b6d,work-28defed571261aa35b6d,complete,complete,complete,complete,complete,unreviewed,,2026-08-22,Library-only intent; downstream source promotion must create 17 unknown Factor axes and no Theme rows.
candidate-28ef0b4d0776d2168158,work-28ef0b4d0776d2168158,complete,complete,complete,complete,complete,unreviewed,,2026-08-22,Library-only intent; downstream source promotion must create 17 unknown Factor axes and no Theme rows.
candidate-28ffbc90daf057b04687,work-28ffbc90daf057b04687,complete,complete,complete,complete,complete,unreviewed,,2026-08-22,Library-only intent; downstream source promotion must create 17 unknown Factor axes and no Theme rows.
candidate-2922260bc2a45296514e,work-2922260bc2a45296514e,complete,complete,complete,complete,complete,unreviewed,,2026-08-22,Library-only intent; downstream source promotion must create 17 unknown Factor axes and no Theme rows.
candidate-296978e57b2f8f5810b3,work-296978e57b2f8f5810b3,complete,complete,complete,complete,complete,unreviewed,,2026-08-22,Library-only intent; downstream source promotion must create 17 unknown Factor axes and no Theme rows.
candidate-29806fe5f9633b940747,work-29806fe5f9633b940747,complete,complete,complete,complete,complete,unreviewed,,2026-08-22,Library-only intent; downstream source promotion must create 17 unknown Factor axes and no Theme rows.
candidate-2992c74ee206f4464282,work-2992c74ee206f4464282,complete,complete,complete,complete,complete,unreviewed,,2026-08-22,Library-only intent; downstream source promotion must create 17 unknown Factor axes and no Theme rows.
candidate-29d4300ad9d3358fb67a,work-29d4300ad9d3358fb67a,complete,complete,complete,complete,complete,unreviewed,,2026-08-22,Library-only intent; downstream source promotion must create 17 unknown Factor axes and no Theme rows.
candidate-2a73da617f89ddbe502d,work-2a73da617f89ddbe502d,complete,complete,complete,complete,complete,unreviewed,,2026-08-22,Library-only intent; downstream source promotion must create 17 unknown Factor axes and no Theme rows.
candidate-2aa625102f57ef93a165,work-2aa625102f57ef93a165,complete,complete,complete,complete,complete,unreviewed,,2026-08-22,Library-only intent; downstream source promotion must create 17 unknown Factor axes and no Theme rows.
candidate-2aded24fd8a309ef5d2f,work-2aded24fd8a309ef5d2f,complete,complete,complete,complete,complete,unreviewed,,2026-08-22,Library-only intent; downstream source promotion must create 17 unknown Factor axes and no Theme rows.
candidate-2ae7ce31d011e7b3a810,work-2ae7ce31d011e7b3a810,complete,complete,complete,complete,complete,unreviewed,,2026-08-22,Library-only intent; downstream source promotion must create 17 unknown Factor axes and no Theme rows.
candidate-2af687c49ad9b5758f0f,work-2af687c49ad9b5758f0f,complete,complete,complete,complete,complete,unreviewed,,2026-08-22,Library-only intent; downstream source promotion must create 17 unknown Factor axes and no Theme rows.
candidate-2b3823cbc20430e066f6,work-2b3823cbc20430e066f6,complete,complete,complete,complete,complete,unreviewed,,2026-08-22,Library-only intent; downstream source promotion must create 17 unknown Factor axes and no Theme rows.
candidate-2b94b6742ee16e29f5d3,work-2b94b6742ee16e29f5d3,complete,complete,complete,complete,complete,unreviewed,,2026-08-22,Library-only intent; downstream source promotion must create 17 unknown Factor axes and no Theme rows.
candidate-2be107f48f7bea02034e,work-2be107f48f7bea02034e,complete,complete,complete,complete,complete,unreviewed,,2026-08-22,Library-only intent; downstream source promotion must create 17 unknown Factor axes and no Theme rows.
candidate-2be5ce3ac89139bd4cdb,work-2be5ce3ac89139bd4cdb,complete,complete,complete,complete,complete,unreviewed,,2026-08-22,Library-only intent; downstream source promotion must create 17 unknown Factor axes and no Theme rows.
candidate-2bf90cde47b156d1acb6,made-in-abyss,complete,complete,complete,complete,complete,authorizedModelPanel,reviews/g1-sanity-panel.md,2026-08-22,Existing Gold annotation contract reused from reviews/g1-sanity-panel.md.
candidate-2c46bb51f0e0acb08032,work-2c46bb51f0e0acb08032,complete,complete,complete,complete,complete,unreviewed,,2026-08-22,Library-only intent; downstream source promotion must create 17 unknown Factor axes and no Theme rows.
candidate-2c4fe00df5255fc082f9,work-2c4fe00df5255fc082f9,complete,complete,complete,complete,complete,unreviewed,,2026-08-22,Library-only intent; downstream source promotion must create 17 unknown Factor axes and no Theme rows.
candidate-2ca9296a0a38d5df250a,work-2ca9296a0a38d5df250a,complete,complete,complete,complete,complete,unreviewed,,2026-08-22,Library-only intent; downstream source promotion must create 17 unknown Factor axes and no Theme rows.
candidate-2ce2dc417dca4bc939fa,work-2ce2dc417dca4bc939fa,complete,complete,complete,complete,complete,unreviewed,,2026-08-22,Library-only intent; downstream source promotion must create 17 unknown Factor axes and no Theme rows.
candidate-2d1408ff9b83acc27724,work-2d1408ff9b83acc27724,complete,complete,complete,complete,complete,unreviewed,,2026-08-22,Library-only intent; downstream source promotion must create 17 unknown Factor axes and no Theme rows.
candidate-2d385ad0525742330e70,work-2d385ad0525742330e70,complete,complete,complete,complete,complete,unreviewed,,2026-08-22,Library-only intent; downstream source promotion must create 17 unknown Factor axes and no Theme rows.
candidate-2d87d6ab4eb3b879e39e,work-2d87d6ab4eb3b879e39e,complete,complete,complete,complete,complete,unreviewed,,2026-08-22,Library-only intent; downstream source promotion must create 17 unknown Factor axes and no Theme rows.
candidate-2d99fb3c7efc4377b312,work-2d99fb3c7efc4377b312,complete,complete,complete,complete,complete,unreviewed,,2026-08-22,Library-only intent; downstream source promotion must create 17 unknown Factor axes and no Theme rows.
candidate-2dbe24f60dff41c46619,work-2dbe24f60dff41c46619,complete,complete,complete,complete,complete,unreviewed,,2026-08-22,Library-only intent; downstream source promotion must create 17 unknown Factor axes and no Theme rows.
candidate-2df743e085adef5e9bd3,work-2df743e085adef5e9bd3,complete,complete,complete,complete,complete,unreviewed,,2026-08-22,Library-only intent; downstream source promotion must create 17 unknown Factor axes and no Theme rows.
candidate-2e2e54a255eda38f89c2,work-2e2e54a255eda38f89c2,complete,complete,complete,complete,complete,unreviewed,,2026-08-22,Library-only intent; downstream source promotion must create 17 unknown Factor axes and no Theme rows.
candidate-2ed2c94fe3de948be954,work-2ed2c94fe3de948be954,complete,complete,complete,complete,complete,unreviewed,,2026-08-22,Library-only intent; downstream source promotion must create 17 unknown Factor axes and no Theme rows.
candidate-2f1caacde7e8573146ef,work-2f1caacde7e8573146ef,complete,complete,complete,complete,complete,unreviewed,,2026-08-22,Library-only intent; downstream source promotion must create 17 unknown Factor axes and no Theme rows.
candidate-2f1d1c3ad0f943f1562f,work-2f1d1c3ad0f943f1562f,complete,complete,complete,complete,complete,unreviewed,,2026-08-22,Library-only intent; downstream source promotion must create 17 unknown Factor axes and no Theme rows.
candidate-2f39795212f5ad8db155,work-2f39795212f5ad8db155,complete,complete,complete,complete,complete,unreviewed,,2026-08-22,Library-only intent; downstream source promotion must create 17 unknown Factor axes and no Theme rows.
candidate-2f3c0cad1abdcbf5de00,the-full-time-wife-escapist,complete,complete,complete,complete,complete,authorizedModelPanel,reviews/g2-catalog-annotation-panel.md,2026-08-22,Existing Gold annotation contract reused from reviews/g2-catalog-annotation-panel.md.
candidate-2f6ab113628039681849,work-2f6ab113628039681849,complete,complete,complete,complete,complete,unreviewed,,2026-08-22,Library-only intent; downstream source promotion must create 17 unknown Factor axes and no Theme rows.
candidate-2f799932ece28aa8c553,work-2f799932ece28aa8c553,complete,complete,complete,complete,complete,unreviewed,,2026-08-22,Library-only intent; downstream source promotion must create 17 unknown Factor axes and no Theme rows.
candidate-2f8f8ff0e042ac2e2f02,dungeon-meshi,complete,complete,complete,complete,complete,authorizedModelPanel,reviews/g1-sanity-panel.md,2026-08-22,Existing Gold annotation contract reused from reviews/g1-sanity-panel.md.
candidate-2f96453b568685326a51,work-2f96453b568685326a51,complete,complete,complete,complete,complete,unreviewed,,2026-08-22,Library-only intent; downstream source promotion must create 17 unknown Factor axes and no Theme rows.
candidate-2fb1efb7a8cb7dfd9530,work-2fb1efb7a8cb7dfd9530,complete,complete,complete,complete,complete,unreviewed,,2026-08-22,Library-only intent; downstream source promotion must create 17 unknown Factor axes and no Theme rows.
candidate-2fd3c6ab4b6d12491068,work-2fd3c6ab4b6d12491068,complete,complete,complete,complete,complete,unreviewed,,2026-08-22,Library-only intent; downstream source promotion must create 17 unknown Factor axes and no Theme rows.
candidate-303d0a9d67a606a817af,work-303d0a9d67a606a817af,complete,complete,complete,complete,complete,unreviewed,,2026-08-22,Library-only intent; downstream source promotion must create 17 unknown Factor axes and no Theme rows.
candidate-3080de07cac432363d5b,work-3080de07cac432363d5b,complete,complete,complete,complete,complete,unreviewed,,2026-08-22,Library-only intent; downstream source promotion must create 17 unknown Factor axes and no Theme rows.
candidate-3124e8cb1757063cd11f,work-3124e8cb1757063cd11f,complete,complete,complete,complete,complete,unreviewed,,2026-08-22,Library-only intent; downstream source promotion must create 17 unknown Factor axes and no Theme rows.
candidate-312aa7f134372423fce0,work-312aa7f134372423fce0,complete,complete,complete,complete,complete,unreviewed,,2026-08-22,Library-only intent; downstream source promotion must create 17 unknown Factor axes and no Theme rows.
candidate-3136f2b463675644310f,work-3136f2b463675644310f,complete,complete,complete,complete,complete,unreviewed,,2026-08-22,Library-only intent; downstream source promotion must create 17 unknown Factor axes and no Theme rows.
candidate-314b2da5452f41cfcca9,work-314b2da5452f41cfcca9,complete,complete,complete,complete,complete,unreviewed,,2026-08-22,Library-only intent; downstream source promotion must create 17 unknown Factor axes and no Theme rows.
candidate-314e0a0e05d65c4bcf92,work-314e0a0e05d65c4bcf92,complete,complete,complete,complete,complete,unreviewed,,2026-08-22,Library-only intent; downstream source promotion must create 17 unknown Factor axes and no Theme rows.
candidate-31585766568765ca238d,work-31585766568765ca238d,complete,complete,complete,complete,complete,unreviewed,,2026-08-22,Library-only intent; downstream source promotion must create 17 unknown Factor axes and no Theme rows.
candidate-3179334d0e99db4a1af7,work-3179334d0e99db4a1af7,complete,complete,complete,complete,complete,unreviewed,,2026-08-22,Library-only intent; downstream source promotion must create 17 unknown Factor axes and no Theme rows.
candidate-319e39a597d16251efc9,work-319e39a597d16251efc9,complete,complete,complete,complete,complete,unreviewed,,2026-08-22,Library-only intent; downstream source promotion must create 17 unknown Factor axes and no Theme rows.
candidate-31b62d69a0227477db04,work-31b62d69a0227477db04,complete,complete,complete,complete,complete,unreviewed,,2026-08-22,Library-only intent; downstream source promotion must create 17 unknown Factor axes and no Theme rows.
candidate-31e7e4b93d21620f1717,work-31e7e4b93d21620f1717,complete,complete,complete,complete,complete,unreviewed,,2026-08-22,Library-only intent; downstream source promotion must create 17 unknown Factor axes and no Theme rows.
candidate-323baa7e8d1071236816,work-323baa7e8d1071236816,complete,complete,complete,complete,complete,unreviewed,,2026-08-22,Library-only intent; downstream source promotion must create 17 unknown Factor axes and no Theme rows.
candidate-32488d82859f2f0b6fba,work-32488d82859f2f0b6fba,complete,complete,complete,complete,complete,unreviewed,,2026-08-22,Library-only intent; downstream source promotion must create 17 unknown Factor axes and no Theme rows.
candidate-3278e6baf1b041f07a47,work-3278e6baf1b041f07a47,complete,complete,complete,complete,complete,unreviewed,,2026-08-22,Library-only intent; downstream source promotion must create 17 unknown Factor axes and no Theme rows.
candidate-32a296894fa823b70e71,noragami-stray-god,complete,complete,complete,complete,complete,authorizedModelPanel,reviews/g1-sanity-panel.md,2026-08-22,Existing Gold annotation contract reused from reviews/g1-sanity-panel.md.
candidate-32f3406fd7c8f2043c70,work-32f3406fd7c8f2043c70,complete,complete,complete,complete,complete,unreviewed,,2026-08-22,Library-only intent; downstream source promotion must create 17 unknown Factor axes and no Theme rows.
candidate-335e47351a159b8445a3,work-335e47351a159b8445a3,complete,complete,complete,complete,complete,unreviewed,,2026-08-22,Library-only intent; downstream source promotion must create 17 unknown Factor axes and no Theme rows.
candidate-33a859f6f205410851ee,work-33a859f6f205410851ee,complete,complete,complete,complete,complete,unreviewed,,2026-08-22,Library-only intent; downstream source promotion must create 17 unknown Factor axes and no Theme rows.
candidate-33d51b4d87937d96d74e,work-33d51b4d87937d96d74e,complete,complete,complete,complete,complete,unreviewed,,2026-08-22,Library-only intent; downstream source promotion must create 17 unknown Factor axes and no Theme rows.
candidate-33e6270fa16cb43e8efb,work-33e6270fa16cb43e8efb,complete,complete,complete,complete,complete,unreviewed,,2026-08-22,Library-only intent; downstream source promotion must create 17 unknown Factor axes and no Theme rows.
candidate-3419e3c5c5983389c6cf,work-3419e3c5c5983389c6cf,complete,complete,complete,complete,complete,unreviewed,,2026-08-22,Library-only intent; downstream source promotion must create 17 unknown Factor axes and no Theme rows.
candidate-34401c80177ff546bb51,work-34401c80177ff546bb51,complete,complete,complete,complete,complete,unreviewed,,2026-08-22,Library-only intent; downstream source promotion must create 17 unknown Factor axes and no Theme rows.
candidate-34bba03e2a127ef29cd7,work-34bba03e2a127ef29cd7,complete,complete,complete,complete,complete,unreviewed,,2026-08-22,Library-only intent; downstream source promotion must create 17 unknown Factor axes and no Theme rows.
candidate-34be6790e38e455a3f49,work-34be6790e38e455a3f49,complete,complete,complete,complete,complete,unreviewed,,2026-08-22,Library-only intent; downstream source promotion must create 17 unknown Factor axes and no Theme rows.
candidate-353df9f584c34ab01b56,work-353df9f584c34ab01b56,complete,complete,complete,complete,complete,unreviewed,,2026-08-22,Library-only intent; downstream source promotion must create 17 unknown Factor axes and no Theme rows.
candidate-354c8e69d8a281712b7d,work-354c8e69d8a281712b7d,complete,complete,complete,complete,complete,unreviewed,,2026-08-22,Library-only intent; downstream source promotion must create 17 unknown Factor axes and no Theme rows.
candidate-3554ea574c5df1360e59,work-3554ea574c5df1360e59,complete,complete,complete,complete,complete,unreviewed,,2026-08-22,Library-only intent; downstream source promotion must create 17 unknown Factor axes and no Theme rows.
candidate-355a6d64ff8f5b8cf438,work-355a6d64ff8f5b8cf438,complete,complete,complete,complete,complete,unreviewed,,2026-08-22,Library-only intent; downstream source promotion must create 17 unknown Factor axes and no Theme rows.
candidate-3588928ab8f6a2520923,work-3588928ab8f6a2520923,complete,complete,complete,complete,complete,unreviewed,,2026-08-22,Library-only intent; downstream source promotion must create 17 unknown Factor axes and no Theme rows.
candidate-3588c08df5ba12b26cab,work-3588c08df5ba12b26cab,complete,complete,complete,complete,complete,unreviewed,,2026-08-22,Library-only intent; downstream source promotion must create 17 unknown Factor axes and no Theme rows.
candidate-35eb1a0fb864dd734f9a,work-35eb1a0fb864dd734f9a,complete,complete,complete,complete,complete,unreviewed,,2026-08-22,Library-only intent; downstream source promotion must create 17 unknown Factor axes and no Theme rows.
candidate-364e62bd7dfd73149d14,work-364e62bd7dfd73149d14,complete,complete,complete,complete,complete,unreviewed,,2026-08-22,Library-only intent; downstream source promotion must create 17 unknown Factor axes and no Theme rows.
candidate-365fa509b829e420807e,work-365fa509b829e420807e,complete,complete,complete,complete,complete,unreviewed,,2026-08-22,Library-only intent; downstream source promotion must create 17 unknown Factor axes and no Theme rows.
candidate-366a0d9d6ccc876b7c04,work-366a0d9d6ccc876b7c04,complete,complete,complete,complete,complete,unreviewed,,2026-08-22,Library-only intent; downstream source promotion must create 17 unknown Factor axes and no Theme rows.
candidate-366b0db13fa737e823aa,work-366b0db13fa737e823aa,complete,complete,complete,complete,complete,unreviewed,,2026-08-22,Library-only intent; downstream source promotion must create 17 unknown Factor axes and no Theme rows.
candidate-367954fd612f8bf56d06,work-367954fd612f8bf56d06,complete,complete,complete,complete,complete,unreviewed,,2026-08-22,Library-only intent; downstream source promotion must create 17 unknown Factor axes and no Theme rows.
candidate-369c7c1517af225b19be,work-369c7c1517af225b19be,complete,complete,complete,complete,complete,unreviewed,,2026-08-22,Library-only intent; downstream source promotion must create 17 unknown Factor axes and no Theme rows.
candidate-36ac9ec97c1b862d89be,work-36ac9ec97c1b862d89be,complete,complete,complete,complete,complete,unreviewed,,2026-08-22,Library-only intent; downstream source promotion must create 17 unknown Factor axes and no Theme rows.
candidate-36ad929401ae720a2c8c,work-36ad929401ae720a2c8c,complete,complete,complete,complete,complete,unreviewed,,2026-08-22,Library-only intent; downstream source promotion must create 17 unknown Factor axes and no Theme rows.
candidate-3713ab561de583d709bc,work-3713ab561de583d709bc,complete,complete,complete,complete,complete,unreviewed,,2026-08-22,Library-only intent; downstream source promotion must create 17 unknown Factor axes and no Theme rows.
candidate-3733d571416e5d643905,work-3733d571416e5d643905,complete,complete,complete,complete,complete,unreviewed,,2026-08-22,Library-only intent; downstream source promotion must create 17 unknown Factor axes and no Theme rows.
candidate-3756452c858147418fe2,work-3756452c858147418fe2,complete,complete,complete,complete,complete,unreviewed,,2026-08-22,Library-only intent; downstream source promotion must create 17 unknown Factor axes and no Theme rows.
candidate-3756cbfd509f5240c688,work-3756cbfd509f5240c688,complete,complete,complete,complete,complete,unreviewed,,2026-08-22,Library-only intent; downstream source promotion must create 17 unknown Factor axes and no Theme rows.
candidate-3779f1e546391e61c158,work-3779f1e546391e61c158,complete,complete,complete,complete,complete,unreviewed,,2026-08-22,Library-only intent; downstream source promotion must create 17 unknown Factor axes and no Theme rows.
candidate-37967ba285bff1dd6c6d,work-37967ba285bff1dd6c6d,complete,complete,complete,complete,complete,unreviewed,,2026-08-22,Library-only intent; downstream source promotion must create 17 unknown Factor axes and no Theme rows.
candidate-37b34339f11884a58c4f,work-37b34339f11884a58c4f,complete,complete,complete,complete,complete,unreviewed,,2026-08-22,Library-only intent; downstream source promotion must create 17 unknown Factor axes and no Theme rows.
candidate-37cb4c3cf0896c761d3a,work-37cb4c3cf0896c761d3a,complete,complete,complete,complete,complete,unreviewed,,2026-08-22,Library-only intent; downstream source promotion must create 17 unknown Factor axes and no Theme rows.
candidate-37ecced0b2392d7af9b2,work-37ecced0b2392d7af9b2,complete,complete,complete,complete,complete,unreviewed,,2026-08-22,Library-only intent; downstream source promotion must create 17 unknown Factor axes and no Theme rows.
candidate-3823ff0766f67c015c53,work-3823ff0766f67c015c53,complete,complete,complete,complete,complete,unreviewed,,2026-08-22,Library-only intent; downstream source promotion must create 17 unknown Factor axes and no Theme rows.
candidate-382f938971c6642ef163,work-382f938971c6642ef163,complete,complete,complete,complete,complete,unreviewed,,2026-08-22,Library-only intent; downstream source promotion must create 17 unknown Factor axes and no Theme rows.
candidate-3835b0468655f100816e,work-3835b0468655f100816e,complete,complete,complete,complete,complete,unreviewed,,2026-08-22,Library-only intent; downstream source promotion must create 17 unknown Factor axes and no Theme rows.
candidate-38a8f3ebc17bb7f4db44,work-38a8f3ebc17bb7f4db44,complete,complete,complete,complete,complete,unreviewed,,2026-08-22,Library-only intent; downstream source promotion must create 17 unknown Factor axes and no Theme rows.
candidate-38d0a8cfc133863a1ee0,work-38d0a8cfc133863a1ee0,complete,complete,complete,complete,complete,unreviewed,,2026-08-22,Library-only intent; downstream source promotion must create 17 unknown Factor axes and no Theme rows.
candidate-38dcff6f4e81728e8ec9,work-38dcff6f4e81728e8ec9,complete,complete,complete,complete,complete,unreviewed,,2026-08-22,Library-only intent; downstream source promotion must create 17 unknown Factor axes and no Theme rows.
candidate-38fddd5900b221014a7f,work-38fddd5900b221014a7f,complete,complete,complete,complete,complete,unreviewed,,2026-08-22,Library-only intent; downstream source promotion must create 17 unknown Factor axes and no Theme rows.
candidate-3924d7e0b397ffaccb7f,work-3924d7e0b397ffaccb7f,complete,complete,complete,complete,complete,unreviewed,,2026-08-22,Library-only intent; downstream source promotion must create 17 unknown Factor axes and no Theme rows.
candidate-39555fe7402dada0d79f,work-39555fe7402dada0d79f,complete,complete,complete,complete,complete,unreviewed,,2026-08-22,Library-only intent; downstream source promotion must create 17 unknown Factor axes and no Theme rows.
candidate-39c1a2b6791238827ed5,work-39c1a2b6791238827ed5,complete,complete,complete,complete,complete,unreviewed,,2026-08-22,Library-only intent; downstream source promotion must create 17 unknown Factor axes and no Theme rows.
candidate-39d82f0787d47d6a646d,work-39d82f0787d47d6a646d,complete,complete,complete,complete,complete,unreviewed,,2026-08-22,Library-only intent; downstream source promotion must create 17 unknown Factor axes and no Theme rows.
candidate-3a4997017286df8424e0,work-3a4997017286df8424e0,complete,complete,complete,complete,complete,unreviewed,,2026-08-22,Library-only intent; downstream source promotion must create 17 unknown Factor axes and no Theme rows.
candidate-3a5840cbcd674ef84e3e,work-3a5840cbcd674ef84e3e,complete,complete,complete,complete,complete,unreviewed,,2026-08-22,Library-only intent; downstream source promotion must create 17 unknown Factor axes and no Theme rows.
candidate-3a590adf9cfe0d725db3,work-3a590adf9cfe0d725db3,complete,complete,complete,complete,complete,unreviewed,,2026-08-22,Library-only intent; downstream source promotion must create 17 unknown Factor axes and no Theme rows.
candidate-3a5be382f1399b15f4fb,work-3a5be382f1399b15f4fb,complete,complete,complete,complete,complete,unreviewed,,2026-08-22,Library-only intent; downstream source promotion must create 17 unknown Factor axes and no Theme rows.
candidate-3a5c2d4efe50fc0e21cb,work-3a5c2d4efe50fc0e21cb,complete,complete,complete,complete,complete,unreviewed,,2026-08-22,Library-only intent; downstream source promotion must create 17 unknown Factor axes and no Theme rows.
candidate-3a8fad3ee287d9f72281,work-3a8fad3ee287d9f72281,complete,complete,complete,complete,complete,unreviewed,,2026-08-22,Library-only intent; downstream source promotion must create 17 unknown Factor axes and no Theme rows.
candidate-3ab36dd110361fdc700d,work-3ab36dd110361fdc700d,complete,complete,complete,complete,complete,unreviewed,,2026-08-22,Library-only intent; downstream source promotion must create 17 unknown Factor axes and no Theme rows.
candidate-3ac00c6a4944cc1f39f6,work-3ac00c6a4944cc1f39f6,complete,complete,complete,complete,complete,unreviewed,,2026-08-22,Library-only intent; downstream source promotion must create 17 unknown Factor axes and no Theme rows.
candidate-3ac01b0c3cd659f655bb,work-3ac01b0c3cd659f655bb,complete,complete,complete,complete,complete,unreviewed,,2026-08-22,Library-only intent; downstream source promotion must create 17 unknown Factor axes and no Theme rows.
candidate-3ac612ebf1b0ddf361dc,my-brothers-husband,complete,complete,complete,complete,complete,authorizedModelPanel,reviews/g2-catalog-annotation-panel.md,2026-08-22,Existing Gold annotation contract reused from reviews/g2-catalog-annotation-panel.md.
candidate-3ad539c619f206ebf6e9,work-3ad539c619f206ebf6e9,complete,complete,complete,complete,complete,unreviewed,,2026-08-22,Library-only intent; downstream source promotion must create 17 unknown Factor axes and no Theme rows.
candidate-3ad85a2ffdc026007d61,work-3ad85a2ffdc026007d61,complete,complete,complete,complete,complete,unreviewed,,2026-08-22,Library-only intent; downstream source promotion must create 17 unknown Factor axes and no Theme rows.
candidate-3ae9ae3591a9b2df62f2,work-3ae9ae3591a9b2df62f2,complete,complete,complete,complete,complete,unreviewed,,2026-08-22,Library-only intent; downstream source promotion must create 17 unknown Factor axes and no Theme rows.
candidate-3b7277cd82fd727a7a58,work-3b7277cd82fd727a7a58,complete,complete,complete,complete,complete,unreviewed,,2026-08-22,Library-only intent; downstream source promotion must create 17 unknown Factor axes and no Theme rows.
candidate-3ba6e8e3cfdec674eae3,work-3ba6e8e3cfdec674eae3,complete,complete,complete,complete,complete,unreviewed,,2026-08-22,Library-only intent; downstream source promotion must create 17 unknown Factor axes and no Theme rows.
candidate-3bc0fb41890597b33b40,work-3bc0fb41890597b33b40,complete,complete,complete,complete,complete,unreviewed,,2026-08-22,Library-only intent; downstream source promotion must create 17 unknown Factor axes and no Theme rows.
candidate-3c318d785a9edb674c82,work-3c318d785a9edb674c82,complete,complete,complete,complete,complete,unreviewed,,2026-08-22,Library-only intent; downstream source promotion must create 17 unknown Factor axes and no Theme rows.
candidate-3c53e98cd338a3dd4681,work-3c53e98cd338a3dd4681,complete,complete,complete,complete,complete,unreviewed,,2026-08-22,Library-only intent; downstream source promotion must create 17 unknown Factor axes and no Theme rows.
candidate-3c836bbd37acf921ed12,work-3c836bbd37acf921ed12,complete,complete,complete,complete,complete,unreviewed,,2026-08-22,Library-only intent; downstream source promotion must create 17 unknown Factor axes and no Theme rows.
candidate-3cea8a1539dae6f10b92,work-3cea8a1539dae6f10b92,complete,complete,complete,complete,complete,unreviewed,,2026-08-22,Library-only intent; downstream source promotion must create 17 unknown Factor axes and no Theme rows.
candidate-3d0b058e9dd53c35b8df,work-3d0b058e9dd53c35b8df,complete,complete,complete,complete,complete,unreviewed,,2026-08-22,Library-only intent; downstream source promotion must create 17 unknown Factor axes and no Theme rows.
candidate-3d9161d57fe3c9f659a9,work-3d9161d57fe3c9f659a9,complete,complete,complete,complete,complete,unreviewed,,2026-08-22,Library-only intent; downstream source promotion must create 17 unknown Factor axes and no Theme rows.
candidate-3da15233e47a65b15f14,work-3da15233e47a65b15f14,complete,complete,complete,complete,complete,unreviewed,,2026-08-22,Library-only intent; downstream source promotion must create 17 unknown Factor axes and no Theme rows.
candidate-3dcc27ff0937f7d2b9b0,work-3dcc27ff0937f7d2b9b0,complete,complete,complete,complete,complete,unreviewed,,2026-08-22,Library-only intent; downstream source promotion must create 17 unknown Factor axes and no Theme rows.
candidate-3dddaeba8c4caecd74cb,work-3dddaeba8c4caecd74cb,complete,complete,complete,complete,complete,unreviewed,,2026-08-22,Library-only intent; downstream source promotion must create 17 unknown Factor axes and no Theme rows.
candidate-3de7c6b6b60da1aaf20a,work-3de7c6b6b60da1aaf20a,complete,complete,complete,complete,complete,unreviewed,,2026-08-22,Library-only intent; downstream source promotion must create 17 unknown Factor axes and no Theme rows.
candidate-3dfaf6231e21133620c6,work-3dfaf6231e21133620c6,complete,complete,complete,complete,complete,unreviewed,,2026-08-22,Library-only intent; downstream source promotion must create 17 unknown Factor axes and no Theme rows.
candidate-3e2b612b4b6960ead08a,work-3e2b612b4b6960ead08a,complete,complete,complete,complete,complete,unreviewed,,2026-08-22,Library-only intent; downstream source promotion must create 17 unknown Factor axes and no Theme rows.
candidate-3e53b1ceec0685dea35f,work-3e53b1ceec0685dea35f,complete,complete,complete,complete,complete,unreviewed,,2026-08-22,Library-only intent; downstream source promotion must create 17 unknown Factor axes and no Theme rows.
candidate-3e725951eb9c49771087,work-3e725951eb9c49771087,complete,complete,complete,complete,complete,unreviewed,,2026-08-22,Library-only intent; downstream source promotion must create 17 unknown Factor axes and no Theme rows.
candidate-3e7b404d33100c796578,work-3e7b404d33100c796578,complete,complete,complete,complete,complete,unreviewed,,2026-08-22,Library-only intent; downstream source promotion must create 17 unknown Factor axes and no Theme rows.
candidate-3ea1531485fc3c8563ac,work-3ea1531485fc3c8563ac,complete,complete,complete,complete,complete,unreviewed,,2026-08-22,Library-only intent; downstream source promotion must create 17 unknown Factor axes and no Theme rows.
candidate-3ef22ee69f47872ee65a,work-3ef22ee69f47872ee65a,complete,complete,complete,complete,complete,unreviewed,,2026-08-22,Library-only intent; downstream source promotion must create 17 unknown Factor axes and no Theme rows.
candidate-3f96705b3f33a3cd2667,work-3f96705b3f33a3cd2667,complete,complete,complete,complete,complete,unreviewed,,2026-08-22,Library-only intent; downstream source promotion must create 17 unknown Factor axes and no Theme rows.
candidate-3fc9f063116166ca75a2,work-3fc9f063116166ca75a2,complete,complete,complete,complete,complete,unreviewed,,2026-08-22,Library-only intent; downstream source promotion must create 17 unknown Factor axes and no Theme rows.
candidate-3ffe7b3ef96c694fe9d6,work-3ffe7b3ef96c694fe9d6,complete,complete,complete,complete,complete,unreviewed,,2026-08-22,Library-only intent; downstream source promotion must create 17 unknown Factor axes and no Theme rows.
candidate-4041eac49a3884db9248,work-4041eac49a3884db9248,complete,complete,complete,complete,complete,unreviewed,,2026-08-22,Library-only intent; downstream source promotion must create 17 unknown Factor axes and no Theme rows.
candidate-40b8c35b1d8c9a90144c,work-40b8c35b1d8c9a90144c,complete,complete,complete,complete,complete,unreviewed,,2026-08-22,Library-only intent; downstream source promotion must create 17 unknown Factor axes and no Theme rows.
candidate-40ce339f7ba7a6e08167,work-40ce339f7ba7a6e08167,complete,complete,complete,complete,complete,unreviewed,,2026-08-22,Library-only intent; downstream source promotion must create 17 unknown Factor axes and no Theme rows.
candidate-40de71c8144aa7fbcdc2,work-40de71c8144aa7fbcdc2,complete,complete,complete,complete,complete,unreviewed,,2026-08-22,Library-only intent; downstream source promotion must create 17 unknown Factor axes and no Theme rows.
candidate-40df2a4b29e97c9c5059,work-40df2a4b29e97c9c5059,complete,complete,complete,complete,complete,unreviewed,,2026-08-22,Library-only intent; downstream source promotion must create 17 unknown Factor axes and no Theme rows.
candidate-40e18fd954b5dff1eb7d,work-40e18fd954b5dff1eb7d,complete,complete,complete,complete,complete,unreviewed,,2026-08-22,Library-only intent; downstream source promotion must create 17 unknown Factor axes and no Theme rows.
candidate-40e3fe023da8766aeedb,work-40e3fe023da8766aeedb,complete,complete,complete,complete,complete,unreviewed,,2026-08-22,Library-only intent; downstream source promotion must create 17 unknown Factor axes and no Theme rows.
candidate-40ea287aae6305289cf6,work-40ea287aae6305289cf6,complete,complete,complete,complete,complete,unreviewed,,2026-08-22,Library-only intent; downstream source promotion must create 17 unknown Factor axes and no Theme rows.
candidate-410ddd17b05e2f0f85d5,work-410ddd17b05e2f0f85d5,complete,complete,complete,complete,complete,unreviewed,,2026-08-22,Library-only intent; downstream source promotion must create 17 unknown Factor axes and no Theme rows.
candidate-415f7ad1c5032c58d554,work-415f7ad1c5032c58d554,complete,complete,complete,complete,complete,unreviewed,,2026-08-22,Library-only intent; downstream source promotion must create 17 unknown Factor axes and no Theme rows.
candidate-418af771ae574eb15a99,work-418af771ae574eb15a99,complete,complete,complete,complete,complete,unreviewed,,2026-08-22,Library-only intent; downstream source promotion must create 17 unknown Factor axes and no Theme rows.
candidate-41c84778af2d8cd376f2,dr-stone,complete,complete,complete,complete,complete,authorizedModelPanel,reviews/g1-sanity-panel.md,2026-08-22,Existing Gold annotation contract reused from reviews/g1-sanity-panel.md.
candidate-41c8f07c2ed444461a1b,work-41c8f07c2ed444461a1b,complete,complete,complete,complete,complete,unreviewed,,2026-08-22,Library-only intent; downstream source promotion must create 17 unknown Factor axes and no Theme rows.
candidate-42738b05ed35f25c491f,work-42738b05ed35f25c491f,complete,complete,complete,complete,complete,unreviewed,,2026-08-22,Library-only intent; downstream source promotion must create 17 unknown Factor axes and no Theme rows.
candidate-42a19ee92cd5b07758d5,work-42a19ee92cd5b07758d5,complete,complete,complete,complete,complete,unreviewed,,2026-08-22,Library-only intent; downstream source promotion must create 17 unknown Factor axes and no Theme rows.
candidate-42a672642cff9f7cfb59,work-42a672642cff9f7cfb59,complete,complete,complete,complete,complete,unreviewed,,2026-08-22,Library-only intent; downstream source promotion must create 17 unknown Factor axes and no Theme rows.
candidate-42a7c7ad0497eb458d0f,work-42a7c7ad0497eb458d0f,complete,complete,complete,complete,complete,unreviewed,,2026-08-22,Library-only intent; downstream source promotion must create 17 unknown Factor axes and no Theme rows.
candidate-42c7dd9e36b53939869a,work-42c7dd9e36b53939869a,complete,complete,complete,complete,complete,unreviewed,,2026-08-22,Library-only intent; downstream source promotion must create 17 unknown Factor axes and no Theme rows.
candidate-42f14f92911ef04a1ed1,work-42f14f92911ef04a1ed1,complete,complete,complete,complete,complete,unreviewed,,2026-08-22,Library-only intent; downstream source promotion must create 17 unknown Factor axes and no Theme rows.
candidate-42fff49d373ef1177f39,work-42fff49d373ef1177f39,complete,complete,complete,complete,complete,unreviewed,,2026-08-22,Library-only intent; downstream source promotion must create 17 unknown Factor axes and no Theme rows.
candidate-432af718ea660fe01699,work-432af718ea660fe01699,complete,complete,complete,complete,complete,unreviewed,,2026-08-22,Library-only intent; downstream source promotion must create 17 unknown Factor axes and no Theme rows.
candidate-434a5822bd4435e02b05,work-434a5822bd4435e02b05,complete,complete,complete,complete,complete,unreviewed,,2026-08-22,Library-only intent; downstream source promotion must create 17 unknown Factor axes and no Theme rows.
candidate-438912a368ba4100e7ab,work-438912a368ba4100e7ab,complete,complete,complete,complete,complete,unreviewed,,2026-08-22,Library-only intent; downstream source promotion must create 17 unknown Factor axes and no Theme rows.
candidate-43ebf010a490cfd4bb50,work-43ebf010a490cfd4bb50,complete,complete,complete,complete,complete,unreviewed,,2026-08-22,Library-only intent; downstream source promotion must create 17 unknown Factor axes and no Theme rows.
candidate-4402b3de64e66a9a0139,work-4402b3de64e66a9a0139,complete,complete,complete,complete,complete,unreviewed,,2026-08-22,Library-only intent; downstream source promotion must create 17 unknown Factor axes and no Theme rows.
candidate-440f93a4e60ef906685b,work-440f93a4e60ef906685b,complete,complete,complete,complete,complete,unreviewed,,2026-08-22,Library-only intent; downstream source promotion must create 17 unknown Factor axes and no Theme rows.
candidate-442996147b9d4e2aa02a,work-442996147b9d4e2aa02a,complete,complete,complete,complete,complete,unreviewed,,2026-08-22,Library-only intent; downstream source promotion must create 17 unknown Factor axes and no Theme rows.
candidate-443783f31b5ba378f934,work-443783f31b5ba378f934,complete,complete,complete,complete,complete,unreviewed,,2026-08-22,Library-only intent; downstream source promotion must create 17 unknown Factor axes and no Theme rows.
candidate-44d0000353478596369e,work-44d0000353478596369e,complete,complete,complete,complete,complete,unreviewed,,2026-08-22,Library-only intent; downstream source promotion must create 17 unknown Factor axes and no Theme rows.
candidate-44ff18e161ee0c10497e,work-44ff18e161ee0c10497e,complete,complete,complete,complete,complete,unreviewed,,2026-08-22,Library-only intent; downstream source promotion must create 17 unknown Factor axes and no Theme rows.
candidate-450870a60f915390316f,work-450870a60f915390316f,complete,complete,complete,complete,complete,unreviewed,,2026-08-22,Library-only intent; downstream source promotion must create 17 unknown Factor axes and no Theme rows.
candidate-455287a82f4ea63ec542,work-455287a82f4ea63ec542,complete,complete,complete,complete,complete,unreviewed,,2026-08-22,Library-only intent; downstream source promotion must create 17 unknown Factor axes and no Theme rows.
candidate-457a3683fa1159ab439a,work-457a3683fa1159ab439a,complete,complete,complete,complete,complete,unreviewed,,2026-08-22,Library-only intent; downstream source promotion must create 17 unknown Factor axes and no Theme rows.
candidate-45a6a913d4ee5881afb6,work-45a6a913d4ee5881afb6,complete,complete,complete,complete,complete,unreviewed,,2026-08-22,Library-only intent; downstream source promotion must create 17 unknown Factor axes and no Theme rows.
candidate-45fe9ae0e868fc9a30a1,work-45fe9ae0e868fc9a30a1,complete,complete,complete,complete,complete,unreviewed,,2026-08-22,Library-only intent; downstream source promotion must create 17 unknown Factor axes and no Theme rows.
candidate-46388f0ed8f7a3b54289,work-46388f0ed8f7a3b54289,complete,complete,complete,complete,complete,unreviewed,,2026-08-22,Library-only intent; downstream source promotion must create 17 unknown Factor axes and no Theme rows.
candidate-464322afcd10013437b9,work-464322afcd10013437b9,complete,complete,complete,complete,complete,unreviewed,,2026-08-22,Library-only intent; downstream source promotion must create 17 unknown Factor axes and no Theme rows.
candidate-46c7a21a3bd83feda160,work-46c7a21a3bd83feda160,complete,complete,complete,complete,complete,unreviewed,,2026-08-22,Library-only intent; downstream source promotion must create 17 unknown Factor axes and no Theme rows.
candidate-477a6d9e4194575e5a94,work-477a6d9e4194575e5a94,complete,complete,complete,complete,complete,unreviewed,,2026-08-22,Library-only intent; downstream source promotion must create 17 unknown Factor axes and no Theme rows.
candidate-47f92d487ef1805e4c07,work-47f92d487ef1805e4c07,complete,complete,complete,complete,complete,unreviewed,,2026-08-22,Library-only intent; downstream source promotion must create 17 unknown Factor axes and no Theme rows.
candidate-480da6364966b47be4be,work-480da6364966b47be4be,complete,complete,complete,complete,complete,unreviewed,,2026-08-22,Library-only intent; downstream source promotion must create 17 unknown Factor axes and no Theme rows.
candidate-482db909fdba0c38b2ee,work-482db909fdba0c38b2ee,complete,complete,complete,complete,complete,unreviewed,,2026-08-22,Library-only intent; downstream source promotion must create 17 unknown Factor axes and no Theme rows.
candidate-48a8cbb717b0f34ec6cd,work-48a8cbb717b0f34ec6cd,complete,complete,complete,complete,complete,unreviewed,,2026-08-22,Library-only intent; downstream source promotion must create 17 unknown Factor axes and no Theme rows.
candidate-49646c522ce70a4bb8f0,work-49646c522ce70a4bb8f0,complete,complete,complete,complete,complete,unreviewed,,2026-08-22,Library-only intent; downstream source promotion must create 17 unknown Factor axes and no Theme rows.
candidate-497efdbff53f145b429b,work-497efdbff53f145b429b,complete,complete,complete,complete,complete,unreviewed,,2026-08-22,Library-only intent; downstream source promotion must create 17 unknown Factor axes and no Theme rows.
candidate-498772ec1afff132af28,work-498772ec1afff132af28,complete,complete,complete,complete,complete,unreviewed,,2026-08-22,Library-only intent; downstream source promotion must create 17 unknown Factor axes and no Theme rows.
candidate-49af41f47417b01de20e,work-49af41f47417b01de20e,complete,complete,complete,complete,complete,unreviewed,,2026-08-22,Library-only intent; downstream source promotion must create 17 unknown Factor axes and no Theme rows.
candidate-49be48c972a16985bd57,witchcraft-works,complete,complete,complete,complete,complete,authorizedModelPanel,reviews/g2-catalog-annotation-panel.md,2026-08-22,Existing Gold annotation contract reused from reviews/g2-catalog-annotation-panel.md.
candidate-49c0073fd735f54ab8e2,work-49c0073fd735f54ab8e2,complete,complete,complete,complete,complete,unreviewed,,2026-08-22,Library-only intent; downstream source promotion must create 17 unknown Factor axes and no Theme rows.
candidate-49e9ca0e255356cbf861,work-49e9ca0e255356cbf861,complete,complete,complete,complete,complete,unreviewed,,2026-08-22,Library-only intent; downstream source promotion must create 17 unknown Factor axes and no Theme rows.
candidate-49f89814d519971761f9,your-lie-in-april,complete,complete,complete,complete,complete,authorizedModelPanel,reviews/g1-sanity-panel.md,2026-08-22,Existing Gold annotation contract reused from reviews/g1-sanity-panel.md.
candidate-4a6ea4bff716a540febb,work-4a6ea4bff716a540febb,complete,complete,complete,complete,complete,unreviewed,,2026-08-22,Library-only intent; downstream source promotion must create 17 unknown Factor axes and no Theme rows.
candidate-4a74999f17e4ae7fe724,work-4a74999f17e4ae7fe724,complete,complete,complete,complete,complete,unreviewed,,2026-08-22,Library-only intent; downstream source promotion must create 17 unknown Factor axes and no Theme rows.
candidate-4a8a22fc766bf9bc4c59,work-4a8a22fc766bf9bc4c59,complete,complete,complete,complete,complete,unreviewed,,2026-08-22,Library-only intent; downstream source promotion must create 17 unknown Factor axes and no Theme rows.
candidate-4aa6564d790e9013b90f,work-4aa6564d790e9013b90f,complete,complete,complete,complete,complete,unreviewed,,2026-08-22,Library-only intent; downstream source promotion must create 17 unknown Factor axes and no Theme rows.
candidate-4ab9720731a7bf98632e,work-4ab9720731a7bf98632e,complete,complete,complete,complete,complete,unreviewed,,2026-08-22,Library-only intent; downstream source promotion must create 17 unknown Factor axes and no Theme rows.
candidate-4ac3883d7724c8c0a25a,work-4ac3883d7724c8c0a25a,complete,complete,complete,complete,complete,unreviewed,,2026-08-22,Library-only intent; downstream source promotion must create 17 unknown Factor axes and no Theme rows.
candidate-4ad0055c4138e1db1a50,work-4ad0055c4138e1db1a50,complete,complete,complete,complete,complete,unreviewed,,2026-08-22,Library-only intent; downstream source promotion must create 17 unknown Factor axes and no Theme rows.
candidate-4b1aee71ea9834cd0439,work-4b1aee71ea9834cd0439,complete,complete,complete,complete,complete,unreviewed,,2026-08-22,Library-only intent; downstream source promotion must create 17 unknown Factor axes and no Theme rows.
candidate-4b4bbe8c10859c46e726,work-4b4bbe8c10859c46e726,complete,complete,complete,complete,complete,unreviewed,,2026-08-22,Library-only intent; downstream source promotion must create 17 unknown Factor axes and no Theme rows.
candidate-4b4e6afc71e786d97bac,work-4b4e6afc71e786d97bac,complete,complete,complete,complete,complete,unreviewed,,2026-08-22,Library-only intent; downstream source promotion must create 17 unknown Factor axes and no Theme rows.
candidate-4b58e9c429e2c2849e76,work-4b58e9c429e2c2849e76,complete,complete,complete,complete,complete,unreviewed,,2026-08-22,Library-only intent; downstream source promotion must create 17 unknown Factor axes and no Theme rows.
candidate-4b775e0182b5b758c0eb,work-4b775e0182b5b758c0eb,complete,complete,complete,complete,complete,unreviewed,,2026-08-22,Library-only intent; downstream source promotion must create 17 unknown Factor axes and no Theme rows.
candidate-4bc49c50851479b6725f,work-4bc49c50851479b6725f,complete,complete,complete,complete,complete,unreviewed,,2026-08-22,Library-only intent; downstream source promotion must create 17 unknown Factor axes and no Theme rows.
candidate-4bf5f17cb5da0a706064,work-4bf5f17cb5da0a706064,complete,complete,complete,complete,complete,unreviewed,,2026-08-22,Library-only intent; downstream source promotion must create 17 unknown Factor axes and no Theme rows.
candidate-4c519b1e8a421d123fef,work-4c519b1e8a421d123fef,complete,complete,complete,complete,complete,unreviewed,,2026-08-22,Library-only intent; downstream source promotion must create 17 unknown Factor axes and no Theme rows.
candidate-4c5e29ca09aa2086be37,work-4c5e29ca09aa2086be37,complete,complete,complete,complete,complete,unreviewed,,2026-08-22,Library-only intent; downstream source promotion must create 17 unknown Factor axes and no Theme rows.
candidate-4c784fc78dfd9b139c3f,work-4c784fc78dfd9b139c3f,complete,complete,complete,complete,complete,unreviewed,,2026-08-22,Library-only intent; downstream source promotion must create 17 unknown Factor axes and no Theme rows.
candidate-4c90a79f23cc8849ca9b,work-4c90a79f23cc8849ca9b,complete,complete,complete,complete,complete,unreviewed,,2026-08-22,Library-only intent; downstream source promotion must create 17 unknown Factor axes and no Theme rows.
candidate-4ccde2fa2f805de60def,work-4ccde2fa2f805de60def,complete,complete,complete,complete,complete,unreviewed,,2026-08-22,Library-only intent; downstream source promotion must create 17 unknown Factor axes and no Theme rows.
candidate-4d9f1108aabbace31126,work-4d9f1108aabbace31126,complete,complete,complete,complete,complete,unreviewed,,2026-08-22,Library-only intent; downstream source promotion must create 17 unknown Factor axes and no Theme rows.
candidate-4da37cd884e6077f2072,work-4da37cd884e6077f2072,complete,complete,complete,complete,complete,unreviewed,,2026-08-22,Library-only intent; downstream source promotion must create 17 unknown Factor axes and no Theme rows.
candidate-4dd5c4a6686680557ff6,work-4dd5c4a6686680557ff6,complete,complete,complete,complete,complete,unreviewed,,2026-08-22,Library-only intent; downstream source promotion must create 17 unknown Factor axes and no Theme rows.
candidate-4dfd5bd5dd132cbde414,work-4dfd5bd5dd132cbde414,complete,complete,complete,complete,complete,unreviewed,,2026-08-22,Library-only intent; downstream source promotion must create 17 unknown Factor axes and no Theme rows.
candidate-4e0e476ec9dcb9cf818c,lovely-muco,complete,complete,complete,complete,complete,authorizedModelPanel,reviews/g2-catalog-annotation-panel.md,2026-08-22,Existing Gold annotation contract reused from reviews/g2-catalog-annotation-panel.md.
candidate-4e0f63e18e219a3dfe32,work-4e0f63e18e219a3dfe32,complete,complete,complete,complete,complete,unreviewed,,2026-08-22,Library-only intent; downstream source promotion must create 17 unknown Factor axes and no Theme rows.
candidate-4e1489bc0a69b7c21e8b,work-4e1489bc0a69b7c21e8b,complete,complete,complete,complete,complete,unreviewed,,2026-08-22,Library-only intent; downstream source promotion must create 17 unknown Factor axes and no Theme rows.
candidate-4e1a5779610b31ca5603,work-4e1a5779610b31ca5603,complete,complete,complete,complete,complete,unreviewed,,2026-08-22,Library-only intent; downstream source promotion must create 17 unknown Factor axes and no Theme rows.
candidate-4e58f4d7e699b0785724,work-4e58f4d7e699b0785724,complete,complete,complete,complete,complete,unreviewed,,2026-08-22,Library-only intent; downstream source promotion must create 17 unknown Factor axes and no Theme rows.
candidate-4e60b9906a3188ec9209,work-4e60b9906a3188ec9209,complete,complete,complete,complete,complete,unreviewed,,2026-08-22,Library-only intent; downstream source promotion must create 17 unknown Factor axes and no Theme rows.
candidate-4e8f5e4496b2118413e6,work-4e8f5e4496b2118413e6,complete,complete,complete,complete,complete,unreviewed,,2026-08-22,Library-only intent; downstream source promotion must create 17 unknown Factor axes and no Theme rows.
candidate-4ea3eb779047209c27d8,work-4ea3eb779047209c27d8,complete,complete,complete,complete,complete,unreviewed,,2026-08-22,Library-only intent; downstream source promotion must create 17 unknown Factor axes and no Theme rows.
candidate-4eda8d2a9b04837b0e29,blue-period,complete,complete,complete,complete,complete,authorizedModelPanel,reviews/g2-catalog-annotation-panel.md,2026-08-22,Existing Gold annotation contract reused from reviews/g2-catalog-annotation-panel.md.
candidate-4f4175c6c19e963c46b4,work-4f4175c6c19e963c46b4,complete,complete,complete,complete,complete,unreviewed,,2026-08-22,Library-only intent; downstream source promotion must create 17 unknown Factor axes and no Theme rows.
candidate-4f5a5e1c022ed0efcd6e,work-4f5a5e1c022ed0efcd6e,complete,complete,complete,complete,complete,unreviewed,,2026-08-22,Library-only intent; downstream source promotion must create 17 unknown Factor axes and no Theme rows.
candidate-4f72ecfc3f99fd8a1286,work-4f72ecfc3f99fd8a1286,complete,complete,complete,complete,complete,unreviewed,,2026-08-22,Library-only intent; downstream source promotion must create 17 unknown Factor axes and no Theme rows.
candidate-4fbfbe587493acba3a24,work-4fbfbe587493acba3a24,complete,complete,complete,complete,complete,unreviewed,,2026-08-22,Library-only intent; downstream source promotion must create 17 unknown Factor axes and no Theme rows.
candidate-4ff04bf87231d4574769,work-4ff04bf87231d4574769,complete,complete,complete,complete,complete,unreviewed,,2026-08-22,Library-only intent; downstream source promotion must create 17 unknown Factor axes and no Theme rows.
candidate-500bf1972a4c3b840ded,work-500bf1972a4c3b840ded,complete,complete,complete,complete,complete,unreviewed,,2026-08-22,Library-only intent; downstream source promotion must create 17 unknown Factor axes and no Theme rows.
candidate-502d99ee8ad948bf6944,work-502d99ee8ad948bf6944,complete,complete,complete,complete,complete,unreviewed,,2026-08-22,Library-only intent; downstream source promotion must create 17 unknown Factor axes and no Theme rows.
candidate-504b8583675a177bd69b,work-504b8583675a177bd69b,complete,complete,complete,complete,complete,unreviewed,,2026-08-22,Library-only intent; downstream source promotion must create 17 unknown Factor axes and no Theme rows.
candidate-50622a5e07468f8c0df9,work-50622a5e07468f8c0df9,complete,complete,complete,complete,complete,unreviewed,,2026-08-22,Library-only intent; downstream source promotion must create 17 unknown Factor axes and no Theme rows.
candidate-5091a08263efab2438bd,work-5091a08263efab2438bd,complete,complete,complete,complete,complete,unreviewed,,2026-08-22,Library-only intent; downstream source promotion must create 17 unknown Factor axes and no Theme rows.
candidate-50ad1e8e5c1a9a9d7aa3,work-50ad1e8e5c1a9a9d7aa3,complete,complete,complete,complete,complete,unreviewed,,2026-08-22,Library-only intent; downstream source promotion must create 17 unknown Factor axes and no Theme rows.
candidate-50afa45b590e1bd55fa1,work-50afa45b590e1bd55fa1,complete,complete,complete,complete,complete,unreviewed,,2026-08-22,Library-only intent; downstream source promotion must create 17 unknown Factor axes and no Theme rows.
candidate-510920fd67d322029cad,work-510920fd67d322029cad,complete,complete,complete,complete,complete,unreviewed,,2026-08-22,Library-only intent; downstream source promotion must create 17 unknown Factor axes and no Theme rows.
candidate-5123e49da8a50eaade9c,work-5123e49da8a50eaade9c,complete,complete,complete,complete,complete,unreviewed,,2026-08-22,Library-only intent; downstream source promotion must create 17 unknown Factor axes and no Theme rows.
candidate-518d7ed42dd9253679c3,work-518d7ed42dd9253679c3,complete,complete,complete,complete,complete,unreviewed,,2026-08-22,Library-only intent; downstream source promotion must create 17 unknown Factor axes and no Theme rows.
candidate-51a42ef829c4de88c911,work-51a42ef829c4de88c911,complete,complete,complete,complete,complete,unreviewed,,2026-08-22,Library-only intent; downstream source promotion must create 17 unknown Factor axes and no Theme rows.
candidate-51a4ae214648dbf12478,work-51a4ae214648dbf12478,complete,complete,complete,complete,complete,unreviewed,,2026-08-22,Library-only intent; downstream source promotion must create 17 unknown Factor axes and no Theme rows.
candidate-51bd6adb1e1c3afb0374,the-heroic-legend-of-arslan,complete,complete,complete,complete,complete,authorizedModelPanel,reviews/g2-catalog-annotation-panel.md,2026-08-22,Existing Gold annotation contract reused from reviews/g2-catalog-annotation-panel.md.
candidate-521d1f38e767ab1d4af4,work-521d1f38e767ab1d4af4,complete,complete,complete,complete,complete,unreviewed,,2026-08-22,Library-only intent; downstream source promotion must create 17 unknown Factor axes and no Theme rows.
candidate-5225892c29f17471e277,work-5225892c29f17471e277,complete,complete,complete,complete,complete,unreviewed,,2026-08-22,Library-only intent; downstream source promotion must create 17 unknown Factor axes and no Theme rows.
candidate-52fee99827626be2d8d4,work-52fee99827626be2d8d4,complete,complete,complete,complete,complete,unreviewed,,2026-08-22,Library-only intent; downstream source promotion must create 17 unknown Factor axes and no Theme rows.
candidate-5340c060bb9129c1df57,work-5340c060bb9129c1df57,complete,complete,complete,complete,complete,unreviewed,,2026-08-22,Library-only intent; downstream source promotion must create 17 unknown Factor axes and no Theme rows.
candidate-534e2816c5c98956ffe4,work-534e2816c5c98956ffe4,complete,complete,complete,complete,complete,unreviewed,,2026-08-22,Library-only intent; downstream source promotion must create 17 unknown Factor axes and no Theme rows.
candidate-5394728c1ca244a0567a,work-5394728c1ca244a0567a,complete,complete,complete,complete,complete,unreviewed,,2026-08-22,Library-only intent; downstream source promotion must create 17 unknown Factor axes and no Theme rows.
candidate-539a684079e86fe0ab53,work-539a684079e86fe0ab53,complete,complete,complete,complete,complete,unreviewed,,2026-08-22,Library-only intent; downstream source promotion must create 17 unknown Factor axes and no Theme rows.
candidate-53e54c95f637b66c4fb2,work-53e54c95f637b66c4fb2,complete,complete,complete,complete,complete,unreviewed,,2026-08-22,Library-only intent; downstream source promotion must create 17 unknown Factor axes and no Theme rows.
candidate-53eaab555f405b99ea75,work-53eaab555f405b99ea75,complete,complete,complete,complete,complete,unreviewed,,2026-08-22,Library-only intent; downstream source promotion must create 17 unknown Factor axes and no Theme rows.
candidate-53f05f63e741cd17ee72,work-53f05f63e741cd17ee72,complete,complete,complete,complete,complete,unreviewed,,2026-08-22,Library-only intent; downstream source promotion must create 17 unknown Factor axes and no Theme rows.
candidate-53fb816835ab36e40a1f,work-53fb816835ab36e40a1f,complete,complete,complete,complete,complete,unreviewed,,2026-08-22,Library-only intent; downstream source promotion must create 17 unknown Factor axes and no Theme rows.
candidate-5402adec0b3d726fdc43,work-5402adec0b3d726fdc43,complete,complete,complete,complete,complete,unreviewed,,2026-08-22,Library-only intent; downstream source promotion must create 17 unknown Factor axes and no Theme rows.
candidate-5408c1ad813b876ee13f,attack-on-titan,complete,complete,complete,complete,complete,authorizedModelPanel,reviews/g1-sanity-panel.md,2026-08-22,Existing Gold annotation contract reused from reviews/g1-sanity-panel.md.
candidate-540d5788c906bfcc7234,work-540d5788c906bfcc7234,complete,complete,complete,complete,complete,unreviewed,,2026-08-22,Library-only intent; downstream source promotion must create 17 unknown Factor axes and no Theme rows.
candidate-544a6417f8c8f73e1a37,20th-century-boys,complete,complete,complete,complete,complete,authorizedModelPanel,reviews/g1-sanity-panel.md,2026-08-22,Existing Gold annotation contract reused from reviews/g1-sanity-panel.md.
candidate-54bf1699bfd014afa208,work-54bf1699bfd014afa208,complete,complete,complete,complete,complete,unreviewed,,2026-08-22,Library-only intent; downstream source promotion must create 17 unknown Factor axes and no Theme rows.
candidate-550261dd739b9ff83611,work-550261dd739b9ff83611,complete,complete,complete,complete,complete,unreviewed,,2026-08-22,Library-only intent; downstream source promotion must create 17 unknown Factor axes and no Theme rows.
candidate-550854424fc9cc94d585,work-550854424fc9cc94d585,complete,complete,complete,complete,complete,unreviewed,,2026-08-22,Library-only intent; downstream source promotion must create 17 unknown Factor axes and no Theme rows.
candidate-5527725f0c3bf381e6d3,work-5527725f0c3bf381e6d3,complete,complete,complete,complete,complete,unreviewed,,2026-08-22,Library-only intent; downstream source promotion must create 17 unknown Factor axes and no Theme rows.
candidate-553a5452dad416fd8800,work-553a5452dad416fd8800,complete,complete,complete,complete,complete,unreviewed,,2026-08-22,Library-only intent; downstream source promotion must create 17 unknown Factor axes and no Theme rows.
candidate-5546d6a69fb258a943c2,work-5546d6a69fb258a943c2,complete,complete,complete,complete,complete,unreviewed,,2026-08-22,Library-only intent; downstream source promotion must create 17 unknown Factor axes and no Theme rows.
candidate-555bfdff9e7e5e6c8d11,work-555bfdff9e7e5e6c8d11,complete,complete,complete,complete,complete,unreviewed,,2026-08-22,Library-only intent; downstream source promotion must create 17 unknown Factor axes and no Theme rows.
candidate-5577e7229dee82594d6c,work-5577e7229dee82594d6c,complete,complete,complete,complete,complete,unreviewed,,2026-08-22,Library-only intent; downstream source promotion must create 17 unknown Factor axes and no Theme rows.
candidate-5579a3b5321f874d6c14,work-5579a3b5321f874d6c14,complete,complete,complete,complete,complete,unreviewed,,2026-08-22,Library-only intent; downstream source promotion must create 17 unknown Factor axes and no Theme rows.
candidate-557c4ffa7e2888066c1d,work-557c4ffa7e2888066c1d,complete,complete,complete,complete,complete,unreviewed,,2026-08-22,Library-only intent; downstream source promotion must create 17 unknown Factor axes and no Theme rows.
candidate-55d2c61694878eb046d5,mystery-to-iu-nakare,complete,complete,complete,complete,complete,authorizedModelPanel,reviews/g2-catalog-annotation-panel.md,2026-08-22,Existing Gold annotation contract reused from reviews/g2-catalog-annotation-panel.md.
candidate-55e3193c95b2f4c2e944,work-55e3193c95b2f4c2e944,complete,complete,complete,complete,complete,unreviewed,,2026-08-22,Library-only intent; downstream source promotion must create 17 unknown Factor axes and no Theme rows.
candidate-5625fc2de8c5a33e98b2,work-5625fc2de8c5a33e98b2,complete,complete,complete,complete,complete,unreviewed,,2026-08-22,Library-only intent; downstream source promotion must create 17 unknown Factor axes and no Theme rows.
candidate-567d2c0eeaaaa26dfe60,work-567d2c0eeaaaa26dfe60,complete,complete,complete,complete,complete,unreviewed,,2026-08-22,Library-only intent; downstream source promotion must create 17 unknown Factor axes and no Theme rows.
candidate-56cfe3f157c6da083f35,work-56cfe3f157c6da083f35,complete,complete,complete,complete,complete,unreviewed,,2026-08-22,Library-only intent; downstream source promotion must create 17 unknown Factor axes and no Theme rows.
candidate-56e45e2dd0d00d5f24a8,work-56e45e2dd0d00d5f24a8,complete,complete,complete,complete,complete,unreviewed,,2026-08-22,Library-only intent; downstream source promotion must create 17 unknown Factor axes and no Theme rows.
candidate-5702b6d631ece35b62ea,work-5702b6d631ece35b62ea,complete,complete,complete,complete,complete,unreviewed,,2026-08-22,Library-only intent; downstream source promotion must create 17 unknown Factor axes and no Theme rows.
candidate-574a0d3c5c25d8741ba5,work-574a0d3c5c25d8741ba5,complete,complete,complete,complete,complete,unreviewed,,2026-08-22,Library-only intent; downstream source promotion must create 17 unknown Factor axes and no Theme rows.
candidate-578a883b485b57393ea9,work-578a883b485b57393ea9,complete,complete,complete,complete,complete,unreviewed,,2026-08-22,Library-only intent; downstream source promotion must create 17 unknown Factor axes and no Theme rows.
candidate-57a5e6cde2616095fb4b,inuyasha,complete,complete,complete,complete,complete,authorizedModelPanel,reviews/g2-catalog-annotation-panel.md,2026-08-22,Existing Gold annotation contract reused from reviews/g2-catalog-annotation-panel.md.
candidate-57e57ac2ef9687d8c2ce,work-57e57ac2ef9687d8c2ce,complete,complete,complete,complete,complete,unreviewed,,2026-08-22,Library-only intent; downstream source promotion must create 17 unknown Factor axes and no Theme rows.
candidate-57f00e4a2130d5a0fa70,work-57f00e4a2130d5a0fa70,complete,complete,complete,complete,complete,unreviewed,,2026-08-22,Library-only intent; downstream source promotion must create 17 unknown Factor axes and no Theme rows.
candidate-580d12e46b72fad34332,work-580d12e46b72fad34332,complete,complete,complete,complete,complete,unreviewed,,2026-08-22,Library-only intent; downstream source promotion must create 17 unknown Factor axes and no Theme rows.
candidate-58191c032908b92d1955,work-58191c032908b92d1955,complete,complete,complete,complete,complete,unreviewed,,2026-08-22,Library-only intent; downstream source promotion must create 17 unknown Factor axes and no Theme rows.
candidate-58516b2e576ac0229077,work-58516b2e576ac0229077,complete,complete,complete,complete,complete,unreviewed,,2026-08-22,Library-only intent; downstream source promotion must create 17 unknown Factor axes and no Theme rows.
candidate-587a29e5d045707f9c8f,work-587a29e5d045707f9c8f,complete,complete,complete,complete,complete,unreviewed,,2026-08-22,Library-only intent; downstream source promotion must create 17 unknown Factor axes and no Theme rows.
candidate-58d26f92c06526c31c24,the-fable,complete,complete,complete,complete,complete,authorizedModelPanel,reviews/g2-catalog-annotation-panel.md,2026-08-22,Existing Gold annotation contract reused from reviews/g2-catalog-annotation-panel.md.
candidate-590b60fe2d2ea5ac62cd,work-590b60fe2d2ea5ac62cd,complete,complete,complete,complete,complete,unreviewed,,2026-08-22,Library-only intent; downstream source promotion must create 17 unknown Factor axes and no Theme rows.
candidate-590b8ecced818130cf51,work-590b8ecced818130cf51,complete,complete,complete,complete,complete,unreviewed,,2026-08-22,Library-only intent; downstream source promotion must create 17 unknown Factor axes and no Theme rows.
candidate-5915d6d7601377fcc75f,work-5915d6d7601377fcc75f,complete,complete,complete,complete,complete,unreviewed,,2026-08-22,Library-only intent; downstream source promotion must create 17 unknown Factor axes and no Theme rows.
candidate-5924760a1dde711fff88,work-5924760a1dde711fff88,complete,complete,complete,complete,complete,unreviewed,,2026-08-22,Library-only intent; downstream source promotion must create 17 unknown Factor axes and no Theme rows.
candidate-592efc68f5adaed3e2ff,work-592efc68f5adaed3e2ff,complete,complete,complete,complete,complete,unreviewed,,2026-08-22,Library-only intent; downstream source promotion must create 17 unknown Factor axes and no Theme rows.
candidate-595cf1b66258257c1daa,work-595cf1b66258257c1daa,complete,complete,complete,complete,complete,unreviewed,,2026-08-22,Library-only intent; downstream source promotion must create 17 unknown Factor axes and no Theme rows.
candidate-595e4f93113111f5416a,work-595e4f93113111f5416a,complete,complete,complete,complete,complete,unreviewed,,2026-08-22,Library-only intent; downstream source promotion must create 17 unknown Factor axes and no Theme rows.
candidate-598b59b6153e22e56da2,work-598b59b6153e22e56da2,complete,complete,complete,complete,complete,unreviewed,,2026-08-22,Library-only intent; downstream source promotion must create 17 unknown Factor axes and no Theme rows.
candidate-59cf691b7487a62a4077,work-59cf691b7487a62a4077,complete,complete,complete,complete,complete,unreviewed,,2026-08-22,Library-only intent; downstream source promotion must create 17 unknown Factor axes and no Theme rows.
candidate-5a197c8c67ae395c17be,work-5a197c8c67ae395c17be,complete,complete,complete,complete,complete,unreviewed,,2026-08-22,Library-only intent; downstream source promotion must create 17 unknown Factor axes and no Theme rows.
candidate-5a5b5d57acd7c35aebb0,work-5a5b5d57acd7c35aebb0,complete,complete,complete,complete,complete,unreviewed,,2026-08-22,Library-only intent; downstream source promotion must create 17 unknown Factor axes and no Theme rows.
candidate-5aa2f441d3b351430f31,work-5aa2f441d3b351430f31,complete,complete,complete,complete,complete,unreviewed,,2026-08-22,Library-only intent; downstream source promotion must create 17 unknown Factor axes and no Theme rows.
candidate-5ab1b890f441d79d8f2d,work-5ab1b890f441d79d8f2d,complete,complete,complete,complete,complete,unreviewed,,2026-08-22,Library-only intent; downstream source promotion must create 17 unknown Factor axes and no Theme rows.
candidate-5ac2e816cd96e6c5d795,work-5ac2e816cd96e6c5d795,complete,complete,complete,complete,complete,unreviewed,,2026-08-22,Library-only intent; downstream source promotion must create 17 unknown Factor axes and no Theme rows.
candidate-5ad2d778cc989ba7fd2a,work-5ad2d778cc989ba7fd2a,complete,complete,complete,complete,complete,unreviewed,,2026-08-22,Library-only intent; downstream source promotion must create 17 unknown Factor axes and no Theme rows.
candidate-5ad62e6413f67d351f1d,work-5ad62e6413f67d351f1d,complete,complete,complete,complete,complete,unreviewed,,2026-08-22,Library-only intent; downstream source promotion must create 17 unknown Factor axes and no Theme rows.
candidate-5b2987a5b9f05de7769a,work-5b2987a5b9f05de7769a,complete,complete,complete,complete,complete,unreviewed,,2026-08-22,Library-only intent; downstream source promotion must create 17 unknown Factor axes and no Theme rows.
candidate-5b4dc4e6e966436b2990,work-5b4dc4e6e966436b2990,complete,complete,complete,complete,complete,unreviewed,,2026-08-22,Library-only intent; downstream source promotion must create 17 unknown Factor axes and no Theme rows.
candidate-5b63d3327587170a0e1e,work-5b63d3327587170a0e1e,complete,complete,complete,complete,complete,unreviewed,,2026-08-22,Library-only intent; downstream source promotion must create 17 unknown Factor axes and no Theme rows.
candidate-5b7cf2105a4bc6f6b46c,work-5b7cf2105a4bc6f6b46c,complete,complete,complete,complete,complete,unreviewed,,2026-08-22,Library-only intent; downstream source promotion must create 17 unknown Factor axes and no Theme rows.
candidate-5b9a3ec60ac5fc90f444,work-5b9a3ec60ac5fc90f444,complete,complete,complete,complete,complete,unreviewed,,2026-08-22,Library-only intent; downstream source promotion must create 17 unknown Factor axes and no Theme rows.
candidate-5baea1ce0e7e74df34b9,work-5baea1ce0e7e74df34b9,complete,complete,complete,complete,complete,unreviewed,,2026-08-22,Library-only intent; downstream source promotion must create 17 unknown Factor axes and no Theme rows.
candidate-5bb381c9a795df5c1413,work-5bb381c9a795df5c1413,complete,complete,complete,complete,complete,unreviewed,,2026-08-22,Library-only intent; downstream source promotion must create 17 unknown Factor axes and no Theme rows.
candidate-5bdc75180460ced2580e,work-5bdc75180460ced2580e,complete,complete,complete,complete,complete,unreviewed,,2026-08-22,Library-only intent; downstream source promotion must create 17 unknown Factor axes and no Theme rows.
candidate-5c087d77d180e30fe3dd,work-5c087d77d180e30fe3dd,complete,complete,complete,complete,complete,unreviewed,,2026-08-22,Library-only intent; downstream source promotion must create 17 unknown Factor axes and no Theme rows.
candidate-5c6791284752dea2d661,work-5c6791284752dea2d661,complete,complete,complete,complete,complete,unreviewed,,2026-08-22,Library-only intent; downstream source promotion must create 17 unknown Factor axes and no Theme rows.
candidate-5ca6f1a04878978f9e5c,work-5ca6f1a04878978f9e5c,complete,complete,complete,complete,complete,unreviewed,,2026-08-22,Library-only intent; downstream source promotion must create 17 unknown Factor axes and no Theme rows.
candidate-5cafd57db6b870a71a05,work-5cafd57db6b870a71a05,complete,complete,complete,complete,complete,unreviewed,,2026-08-22,Library-only intent; downstream source promotion must create 17 unknown Factor axes and no Theme rows.
candidate-5ce35f71e0a90cb8fd95,work-5ce35f71e0a90cb8fd95,complete,complete,complete,complete,complete,unreviewed,,2026-08-22,Library-only intent; downstream source promotion must create 17 unknown Factor axes and no Theme rows.
candidate-5cf2537c41f9ca296ae4,work-5cf2537c41f9ca296ae4,complete,complete,complete,complete,complete,unreviewed,,2026-08-22,Library-only intent; downstream source promotion must create 17 unknown Factor axes and no Theme rows.
candidate-5d1d25fba80d0044182d,work-5d1d25fba80d0044182d,complete,complete,complete,complete,complete,unreviewed,,2026-08-22,Library-only intent; downstream source promotion must create 17 unknown Factor axes and no Theme rows.
candidate-5d28fafc5980b72c39b6,work-5d28fafc5980b72c39b6,complete,complete,complete,complete,complete,unreviewed,,2026-08-22,Library-only intent; downstream source promotion must create 17 unknown Factor axes and no Theme rows.
candidate-5d482661243e553d2716,work-5d482661243e553d2716,complete,complete,complete,complete,complete,unreviewed,,2026-08-22,Library-only intent; downstream source promotion must create 17 unknown Factor axes and no Theme rows.
candidate-5d60aac40d8bd36bb83f,work-5d60aac40d8bd36bb83f,complete,complete,complete,complete,complete,unreviewed,,2026-08-22,Library-only intent; downstream source promotion must create 17 unknown Factor axes and no Theme rows.
candidate-5dd63a5243d0adbf8a60,work-5dd63a5243d0adbf8a60,complete,complete,complete,complete,complete,unreviewed,,2026-08-22,Library-only intent; downstream source promotion must create 17 unknown Factor axes and no Theme rows.
candidate-5de9dc2933f8395ad898,work-5de9dc2933f8395ad898,complete,complete,complete,complete,complete,unreviewed,,2026-08-22,Library-only intent; downstream source promotion must create 17 unknown Factor axes and no Theme rows.
candidate-5e20323e014d6d390aaf,work-5e20323e014d6d390aaf,complete,complete,complete,complete,complete,unreviewed,,2026-08-22,Library-only intent; downstream source promotion must create 17 unknown Factor axes and no Theme rows.
candidate-5e30ab3c7e3fb43e51f2,work-5e30ab3c7e3fb43e51f2,complete,complete,complete,complete,complete,unreviewed,,2026-08-22,Library-only intent; downstream source promotion must create 17 unknown Factor axes and no Theme rows.
candidate-5e604312a028cd1cd45c,work-5e604312a028cd1cd45c,complete,complete,complete,complete,complete,unreviewed,,2026-08-22,Library-only intent; downstream source promotion must create 17 unknown Factor axes and no Theme rows.
candidate-5e7eef6cc23d9738e034,work-5e7eef6cc23d9738e034,complete,complete,complete,complete,complete,unreviewed,,2026-08-22,Library-only intent; downstream source promotion must create 17 unknown Factor axes and no Theme rows.
candidate-5e8f5ad0820e97153fd9,work-5e8f5ad0820e97153fd9,complete,complete,complete,complete,complete,unreviewed,,2026-08-22,Library-only intent; downstream source promotion must create 17 unknown Factor axes and no Theme rows.
candidate-5eafe74dcfdc64fbe5f0,work-5eafe74dcfdc64fbe5f0,complete,complete,complete,complete,complete,unreviewed,,2026-08-22,Library-only intent; downstream source promotion must create 17 unknown Factor axes and no Theme rows.
candidate-5eb4b8f96b08d6d91e3e,work-5eb4b8f96b08d6d91e3e,complete,complete,complete,complete,complete,unreviewed,,2026-08-22,Library-only intent; downstream source promotion must create 17 unknown Factor axes and no Theme rows.
candidate-5eb522c5a4b4f5cb052f,work-5eb522c5a4b4f5cb052f,complete,complete,complete,complete,complete,unreviewed,,2026-08-22,Library-only intent; downstream source promotion must create 17 unknown Factor axes and no Theme rows.
candidate-5ebbc9bede841d2faf7b,work-5ebbc9bede841d2faf7b,complete,complete,complete,complete,complete,unreviewed,,2026-08-22,Library-only intent; downstream source promotion must create 17 unknown Factor axes and no Theme rows.
candidate-5efc931bb6240d9dc0ad,work-5efc931bb6240d9dc0ad,complete,complete,complete,complete,complete,unreviewed,,2026-08-22,Library-only intent; downstream source promotion must create 17 unknown Factor axes and no Theme rows.
candidate-5f23120a034be3aebbe7,work-5f23120a034be3aebbe7,complete,complete,complete,complete,complete,unreviewed,,2026-08-22,Library-only intent; downstream source promotion must create 17 unknown Factor axes and no Theme rows.
candidate-5f23f28d04aaeed489cc,work-5f23f28d04aaeed489cc,complete,complete,complete,complete,complete,unreviewed,,2026-08-22,Library-only intent; downstream source promotion must create 17 unknown Factor axes and no Theme rows.
candidate-5f4e7613821fb55ebb37,work-5f4e7613821fb55ebb37,complete,complete,complete,complete,complete,unreviewed,,2026-08-22,Library-only intent; downstream source promotion must create 17 unknown Factor axes and no Theme rows.
candidate-5f888deab71daaa322dc,work-5f888deab71daaa322dc,complete,complete,complete,complete,complete,unreviewed,,2026-08-22,Library-only intent; downstream source promotion must create 17 unknown Factor axes and no Theme rows.
candidate-5fbe9161a398e544a4dc,work-5fbe9161a398e544a4dc,complete,complete,complete,complete,complete,unreviewed,,2026-08-22,Library-only intent; downstream source promotion must create 17 unknown Factor axes and no Theme rows.
candidate-5fc6b29f8e4455352ccf,work-5fc6b29f8e4455352ccf,complete,complete,complete,complete,complete,unreviewed,,2026-08-22,Library-only intent; downstream source promotion must create 17 unknown Factor axes and no Theme rows.
candidate-6051ddc30fbd59c21ed3,work-6051ddc30fbd59c21ed3,complete,complete,complete,complete,complete,unreviewed,,2026-08-22,Library-only intent; downstream source promotion must create 17 unknown Factor axes and no Theme rows.
candidate-6083dc87d385741c9e90,work-6083dc87d385741c9e90,complete,complete,complete,complete,complete,unreviewed,,2026-08-22,Library-only intent; downstream source promotion must create 17 unknown Factor axes and no Theme rows.
candidate-60f1c8ea2e940287be9d,work-60f1c8ea2e940287be9d,complete,complete,complete,complete,complete,unreviewed,,2026-08-22,Library-only intent; downstream source promotion must create 17 unknown Factor axes and no Theme rows.
candidate-612b36fefaba0783ebc9,work-612b36fefaba0783ebc9,complete,complete,complete,complete,complete,unreviewed,,2026-08-22,Library-only intent; downstream source promotion must create 17 unknown Factor axes and no Theme rows.
candidate-61a5fe43e48685c3fcf5,work-61a5fe43e48685c3fcf5,complete,complete,complete,complete,complete,unreviewed,,2026-08-22,Library-only intent; downstream source promotion must create 17 unknown Factor axes and no Theme rows.
candidate-61f2b70ee9f8217b3604,work-61f2b70ee9f8217b3604,complete,complete,complete,complete,complete,unreviewed,,2026-08-22,Library-only intent; downstream source promotion must create 17 unknown Factor axes and no Theme rows.
candidate-621170c75f41c495f8c0,showa-genroku-rakugo-shinju,complete,complete,complete,complete,complete,authorizedModelPanel,reviews/g2-catalog-annotation-panel.md,2026-08-22,Existing Gold annotation contract reused from reviews/g2-catalog-annotation-panel.md.
candidate-6211b89f08ade71fa522,isabella-bird-in-wonderland,complete,complete,complete,complete,complete,authorizedModelPanel,reviews/g2-catalog-annotation-panel.md,2026-08-22,Existing Gold annotation contract reused from reviews/g2-catalog-annotation-panel.md.
candidate-622381212123640cb5de,work-622381212123640cb5de,complete,complete,complete,complete,complete,unreviewed,,2026-08-22,Library-only intent; downstream source promotion must create 17 unknown Factor axes and no Theme rows.
candidate-62289f61b425590d3f4e,work-62289f61b425590d3f4e,complete,complete,complete,complete,complete,unreviewed,,2026-08-22,Library-only intent; downstream source promotion must create 17 unknown Factor axes and no Theme rows.
candidate-62e51d8166d487f9e6e3,work-62e51d8166d487f9e6e3,complete,complete,complete,complete,complete,unreviewed,,2026-08-22,Library-only intent; downstream source promotion must create 17 unknown Factor axes and no Theme rows.
candidate-62f4b10c360ed028992b,work-62f4b10c360ed028992b,complete,complete,complete,complete,complete,unreviewed,,2026-08-22,Library-only intent; downstream source promotion must create 17 unknown Factor axes and no Theme rows.
candidate-62f95597704a67f68f85,work-62f95597704a67f68f85,complete,complete,complete,complete,complete,unreviewed,,2026-08-22,Library-only intent; downstream source promotion must create 17 unknown Factor axes and no Theme rows.
candidate-62fb5d8e9f6c6bbbeba9,work-62fb5d8e9f6c6bbbeba9,complete,complete,complete,complete,complete,unreviewed,,2026-08-22,Library-only intent; downstream source promotion must create 17 unknown Factor axes and no Theme rows.
candidate-62fbc6b2253b895e3a66,work-62fbc6b2253b895e3a66,complete,complete,complete,complete,complete,unreviewed,,2026-08-22,Library-only intent; downstream source promotion must create 17 unknown Factor axes and no Theme rows.
candidate-6311314b8109a6669665,princess-jellyfish,complete,complete,complete,complete,complete,authorizedModelPanel,reviews/g2-catalog-annotation-panel.md,2026-08-22,Existing Gold annotation contract reused from reviews/g2-catalog-annotation-panel.md.
candidate-634f34830600e07d8f17,work-634f34830600e07d8f17,complete,complete,complete,complete,complete,unreviewed,,2026-08-22,Library-only intent; downstream source promotion must create 17 unknown Factor axes and no Theme rows.
candidate-63a02701de53ec56aee7,work-63a02701de53ec56aee7,complete,complete,complete,complete,complete,unreviewed,,2026-08-22,Library-only intent; downstream source promotion must create 17 unknown Factor axes and no Theme rows.
candidate-63b43386b6985d608eb8,work-63b43386b6985d608eb8,complete,complete,complete,complete,complete,unreviewed,,2026-08-22,Library-only intent; downstream source promotion must create 17 unknown Factor axes and no Theme rows.
candidate-641e15c43d24c2481485,work-641e15c43d24c2481485,complete,complete,complete,complete,complete,unreviewed,,2026-08-22,Library-only intent; downstream source promotion must create 17 unknown Factor axes and no Theme rows.
candidate-6420394c30e480d4e3e0,work-6420394c30e480d4e3e0,complete,complete,complete,complete,complete,unreviewed,,2026-08-22,Library-only intent; downstream source promotion must create 17 unknown Factor axes and no Theme rows.
candidate-643cd4bcff411fdc670a,promised-neverland,complete,complete,complete,complete,complete,authorizedModelPanel,reviews/g1-sanity-panel.md,2026-08-22,Existing Gold annotation contract reused from reviews/g1-sanity-panel.md.
candidate-6492acae38103c762359,work-6492acae38103c762359,complete,complete,complete,complete,complete,unreviewed,,2026-08-22,Library-only intent; downstream source promotion must create 17 unknown Factor axes and no Theme rows.
candidate-64ac5761360bf17bba45,work-64ac5761360bf17bba45,complete,complete,complete,complete,complete,unreviewed,,2026-08-22,Library-only intent; downstream source promotion must create 17 unknown Factor axes and no Theme rows.
candidate-64cd212285dac5214c5f,work-64cd212285dac5214c5f,complete,complete,complete,complete,complete,unreviewed,,2026-08-22,Library-only intent; downstream source promotion must create 17 unknown Factor axes and no Theme rows.
candidate-655809e0d43ec6109015,work-655809e0d43ec6109015,complete,complete,complete,complete,complete,unreviewed,,2026-08-22,Library-only intent; downstream source promotion must create 17 unknown Factor axes and no Theme rows.
candidate-65a0463696716c6f690c,work-65a0463696716c6f690c,complete,complete,complete,complete,complete,unreviewed,,2026-08-22,Library-only intent; downstream source promotion must create 17 unknown Factor axes and no Theme rows.
candidate-65c2c6157aa1dc8dd746,work-65c2c6157aa1dc8dd746,complete,complete,complete,complete,complete,unreviewed,,2026-08-22,Library-only intent; downstream source promotion must create 17 unknown Factor axes and no Theme rows.
candidate-65f856a6fa2078f21d2f,work-65f856a6fa2078f21d2f,complete,complete,complete,complete,complete,unreviewed,,2026-08-22,Library-only intent; downstream source promotion must create 17 unknown Factor axes and no Theme rows.
candidate-66071f237c2e7c313a57,work-66071f237c2e7c313a57,complete,complete,complete,complete,complete,unreviewed,,2026-08-22,Library-only intent; downstream source promotion must create 17 unknown Factor axes and no Theme rows.
candidate-6647dd6573ec5b2f3252,work-6647dd6573ec5b2f3252,complete,complete,complete,complete,complete,unreviewed,,2026-08-22,Library-only intent; downstream source promotion must create 17 unknown Factor axes and no Theme rows.
candidate-6680ea8aa4ec87ba2364,work-6680ea8aa4ec87ba2364,complete,complete,complete,complete,complete,unreviewed,,2026-08-22,Library-only intent; downstream source promotion must create 17 unknown Factor axes and no Theme rows.
candidate-6684d9f6258dfad423c9,work-6684d9f6258dfad423c9,complete,complete,complete,complete,complete,unreviewed,,2026-08-22,Library-only intent; downstream source promotion must create 17 unknown Factor axes and no Theme rows.
candidate-66a2488ed4f6bdd480e1,work-66a2488ed4f6bdd480e1,complete,complete,complete,complete,complete,unreviewed,,2026-08-22,Library-only intent; downstream source promotion must create 17 unknown Factor axes and no Theme rows.
candidate-66d8e3f1756fcc9ce276,work-66d8e3f1756fcc9ce276,complete,complete,complete,complete,complete,unreviewed,,2026-08-22,Library-only intent; downstream source promotion must create 17 unknown Factor axes and no Theme rows.
candidate-671e3453cf9e1df2ee87,work-671e3453cf9e1df2ee87,complete,complete,complete,complete,complete,unreviewed,,2026-08-22,Library-only intent; downstream source promotion must create 17 unknown Factor axes and no Theme rows.
candidate-672862529a341488245b,work-672862529a341488245b,complete,complete,complete,complete,complete,unreviewed,,2026-08-22,Library-only intent; downstream source promotion must create 17 unknown Factor axes and no Theme rows.
candidate-6740092206a6dfce7ebb,work-6740092206a6dfce7ebb,complete,complete,complete,complete,complete,unreviewed,,2026-08-22,Library-only intent; downstream source promotion must create 17 unknown Factor axes and no Theme rows.
candidate-676196eea071166d9ebb,work-676196eea071166d9ebb,complete,complete,complete,complete,complete,unreviewed,,2026-08-22,Library-only intent; downstream source promotion must create 17 unknown Factor axes and no Theme rows.
candidate-67d56a79da3d9a178ec2,work-67d56a79da3d9a178ec2,complete,complete,complete,complete,complete,unreviewed,,2026-08-22,Library-only intent; downstream source promotion must create 17 unknown Factor axes and no Theme rows.
candidate-67dedbae06b6f916aa5b,work-67dedbae06b6f916aa5b,complete,complete,complete,complete,complete,unreviewed,,2026-08-22,Library-only intent; downstream source promotion must create 17 unknown Factor axes and no Theme rows.
candidate-680837b0db4ec9d2932c,work-680837b0db4ec9d2932c,complete,complete,complete,complete,complete,unreviewed,,2026-08-22,Library-only intent; downstream source promotion must create 17 unknown Factor axes and no Theme rows.
candidate-688d64732ca3e8e89060,work-688d64732ca3e8e89060,complete,complete,complete,complete,complete,unreviewed,,2026-08-22,Library-only intent; downstream source promotion must create 17 unknown Factor axes and no Theme rows.
candidate-68d859ef39330accd090,work-68d859ef39330accd090,complete,complete,complete,complete,complete,unreviewed,,2026-08-22,Library-only intent; downstream source promotion must create 17 unknown Factor axes and no Theme rows.
candidate-697868a39adc4b0467cb,work-697868a39adc4b0467cb,complete,complete,complete,complete,complete,unreviewed,,2026-08-22,Library-only intent; downstream source promotion must create 17 unknown Factor axes and no Theme rows.
candidate-697d323a291ea56f732a,work-697d323a291ea56f732a,complete,complete,complete,complete,complete,unreviewed,,2026-08-22,Library-only intent; downstream source promotion must create 17 unknown Factor axes and no Theme rows.
candidate-69956bdf9bad6ba947bc,work-69956bdf9bad6ba947bc,complete,complete,complete,complete,complete,unreviewed,,2026-08-22,Library-only intent; downstream source promotion must create 17 unknown Factor axes and no Theme rows.
candidate-69cbf6ddfccd6845e063,work-69cbf6ddfccd6845e063,complete,complete,complete,complete,complete,unreviewed,,2026-08-22,Library-only intent; downstream source promotion must create 17 unknown Factor axes and no Theme rows.
candidate-6a462d4dc8f82651c836,work-6a462d4dc8f82651c836,complete,complete,complete,complete,complete,unreviewed,,2026-08-22,Library-only intent; downstream source promotion must create 17 unknown Factor axes and no Theme rows.
candidate-6a547c7beec7d7a73dc6,land-of-the-lustrous,complete,complete,complete,complete,complete,authorizedModelPanel,reviews/g1-sanity-panel.md,2026-08-22,Existing Gold annotation contract reused from reviews/g1-sanity-panel.md.
candidate-6a9133c4ad0daf19f362,work-6a9133c4ad0daf19f362,complete,complete,complete,complete,complete,unreviewed,,2026-08-22,Library-only intent; downstream source promotion must create 17 unknown Factor axes and no Theme rows.
candidate-6aa0a2432c4e363cb75a,work-6aa0a2432c4e363cb75a,complete,complete,complete,complete,complete,unreviewed,,2026-08-22,Library-only intent; downstream source promotion must create 17 unknown Factor axes and no Theme rows.
candidate-6aca73a811d5d55bae1c,work-6aca73a811d5d55bae1c,complete,complete,complete,complete,complete,unreviewed,,2026-08-22,Library-only intent; downstream source promotion must create 17 unknown Factor axes and no Theme rows.
candidate-6ace1179feff7f17f357,work-6ace1179feff7f17f357,complete,complete,complete,complete,complete,unreviewed,,2026-08-22,Library-only intent; downstream source promotion must create 17 unknown Factor axes and no Theme rows.
candidate-6ae8e5141f75a8df7781,work-6ae8e5141f75a8df7781,complete,complete,complete,complete,complete,unreviewed,,2026-08-22,Library-only intent; downstream source promotion must create 17 unknown Factor axes and no Theme rows.
candidate-6b321bd2b9009a808456,work-6b321bd2b9009a808456,complete,complete,complete,complete,complete,unreviewed,,2026-08-22,Library-only intent; downstream source promotion must create 17 unknown Factor axes and no Theme rows.
candidate-6b8424158349822ebb55,work-6b8424158349822ebb55,complete,complete,complete,complete,complete,unreviewed,,2026-08-22,Library-only intent; downstream source promotion must create 17 unknown Factor axes and no Theme rows.
candidate-6bbe7e275d0c00809904,work-6bbe7e275d0c00809904,complete,complete,complete,complete,complete,unreviewed,,2026-08-22,Library-only intent; downstream source promotion must create 17 unknown Factor axes and no Theme rows.
candidate-6c0700871e68b0a82ae3,work-6c0700871e68b0a82ae3,complete,complete,complete,complete,complete,unreviewed,,2026-08-22,Library-only intent; downstream source promotion must create 17 unknown Factor axes and no Theme rows.
candidate-6c274b0b6893d8ad8ef7,work-6c274b0b6893d8ad8ef7,complete,complete,complete,complete,complete,unreviewed,,2026-08-22,Library-only intent; downstream source promotion must create 17 unknown Factor axes and no Theme rows.
candidate-6c4d17a533923de58e6a,work-6c4d17a533923de58e6a,complete,complete,complete,complete,complete,unreviewed,,2026-08-22,Library-only intent; downstream source promotion must create 17 unknown Factor axes and no Theme rows.
candidate-6c4fa1811e7a536260d6,work-6c4fa1811e7a536260d6,complete,complete,complete,complete,complete,unreviewed,,2026-08-22,Library-only intent; downstream source promotion must create 17 unknown Factor axes and no Theme rows.
candidate-6c6341781c12b590864f,work-6c6341781c12b590864f,complete,complete,complete,complete,complete,unreviewed,,2026-08-22,Library-only intent; downstream source promotion must create 17 unknown Factor axes and no Theme rows.
candidate-6cc5a5a8e78e48e6146b,work-6cc5a5a8e78e48e6146b,complete,complete,complete,complete,complete,unreviewed,,2026-08-22,Library-only intent; downstream source promotion must create 17 unknown Factor axes and no Theme rows.
candidate-6cd2abbf72d8429fbe2e,work-6cd2abbf72d8429fbe2e,complete,complete,complete,complete,complete,unreviewed,,2026-08-22,Library-only intent; downstream source promotion must create 17 unknown Factor axes and no Theme rows.
candidate-6d01004d74b7b51a058d,work-6d01004d74b7b51a058d,complete,complete,complete,complete,complete,unreviewed,,2026-08-22,Library-only intent; downstream source promotion must create 17 unknown Factor axes and no Theme rows.
candidate-6de564a546b8bdf411b9,work-6de564a546b8bdf411b9,complete,complete,complete,complete,complete,unreviewed,,2026-08-22,Library-only intent; downstream source promotion must create 17 unknown Factor axes and no Theme rows.
candidate-6deaf9311f0e9bb0c077,work-6deaf9311f0e9bb0c077,complete,complete,complete,complete,complete,unreviewed,,2026-08-22,Library-only intent; downstream source promotion must create 17 unknown Factor axes and no Theme rows.
candidate-6e250c729c6fa1bcdc02,work-6e250c729c6fa1bcdc02,complete,complete,complete,complete,complete,unreviewed,,2026-08-22,Library-only intent; downstream source promotion must create 17 unknown Factor axes and no Theme rows.
candidate-6e3dde80b35cc4836296,work-6e3dde80b35cc4836296,complete,complete,complete,complete,complete,unreviewed,,2026-08-22,Library-only intent; downstream source promotion must create 17 unknown Factor axes and no Theme rows.
candidate-6e3e033ba6c1bdffe565,work-6e3e033ba6c1bdffe565,complete,complete,complete,complete,complete,unreviewed,,2026-08-22,Library-only intent; downstream source promotion must create 17 unknown Factor axes and no Theme rows.
candidate-6e6a9db48983aac5dc62,work-6e6a9db48983aac5dc62,complete,complete,complete,complete,complete,unreviewed,,2026-08-22,Library-only intent; downstream source promotion must create 17 unknown Factor axes and no Theme rows.
candidate-6f6aca43ab3d6d0d8bc4,work-6f6aca43ab3d6d0d8bc4,complete,complete,complete,complete,complete,unreviewed,,2026-08-22,Library-only intent; downstream source promotion must create 17 unknown Factor axes and no Theme rows.
candidate-6f7d6db34f5c70f3d2a7,work-6f7d6db34f5c70f3d2a7,complete,complete,complete,complete,complete,unreviewed,,2026-08-22,Library-only intent; downstream source promotion must create 17 unknown Factor axes and no Theme rows.
candidate-6f849a8e785deee3d5dc,work-6f849a8e785deee3d5dc,complete,complete,complete,complete,complete,unreviewed,,2026-08-22,Library-only intent; downstream source promotion must create 17 unknown Factor axes and no Theme rows.
candidate-6fa158bf21c1a2e92b09,work-6fa158bf21c1a2e92b09,complete,complete,complete,complete,complete,unreviewed,,2026-08-22,Library-only intent; downstream source promotion must create 17 unknown Factor axes and no Theme rows.
candidate-6fc940c8e254550c8f98,work-6fc940c8e254550c8f98,complete,complete,complete,complete,complete,unreviewed,,2026-08-22,Library-only intent; downstream source promotion must create 17 unknown Factor axes and no Theme rows.
candidate-6ff41232cf163c16653b,work-6ff41232cf163c16653b,complete,complete,complete,complete,complete,unreviewed,,2026-08-22,Library-only intent; downstream source promotion must create 17 unknown Factor axes and no Theme rows.
candidate-7086ab99dd139f0ea353,tokyo-tarareba-girls,complete,complete,complete,complete,complete,authorizedModelPanel,reviews/g2-catalog-annotation-panel.md,2026-08-22,Existing Gold annotation contract reused from reviews/g2-catalog-annotation-panel.md.
candidate-7094c349d7bbcc40129b,work-7094c349d7bbcc40129b,complete,complete,complete,complete,complete,unreviewed,,2026-08-22,Library-only intent; downstream source promotion must create 17 unknown Factor axes and no Theme rows.
candidate-709876566e7697dc53e9,erased,complete,complete,complete,complete,complete,authorizedModelPanel,reviews/g1-sanity-panel.md,2026-08-22,Existing Gold annotation contract reused from reviews/g1-sanity-panel.md.
candidate-70d0fe9965dc9cb5e5c6,work-70d0fe9965dc9cb5e5c6,complete,complete,complete,complete,complete,unreviewed,,2026-08-22,Library-only intent; downstream source promotion must create 17 unknown Factor axes and no Theme rows.
candidate-70d47c2956fa70767164,work-70d47c2956fa70767164,complete,complete,complete,complete,complete,unreviewed,,2026-08-22,Library-only intent; downstream source promotion must create 17 unknown Factor axes and no Theme rows.
candidate-70dbc5b693fc3fccbb6b,work-70dbc5b693fc3fccbb6b,complete,complete,complete,complete,complete,unreviewed,,2026-08-22,Library-only intent; downstream source promotion must create 17 unknown Factor axes and no Theme rows.
candidate-71527cb7fe3f42ef36ca,work-71527cb7fe3f42ef36ca,complete,complete,complete,complete,complete,unreviewed,,2026-08-22,Library-only intent; downstream source promotion must create 17 unknown Factor axes and no Theme rows.
candidate-715f201d0df3b3a6805e,work-715f201d0df3b3a6805e,complete,complete,complete,complete,complete,unreviewed,,2026-08-22,Library-only intent; downstream source promotion must create 17 unknown Factor axes and no Theme rows.
candidate-716101e001160197c4f5,work-716101e001160197c4f5,complete,complete,complete,complete,complete,unreviewed,,2026-08-22,Library-only intent; downstream source promotion must create 17 unknown Factor axes and no Theme rows.
candidate-719e76feacfde2877323,work-719e76feacfde2877323,complete,complete,complete,complete,complete,unreviewed,,2026-08-22,Library-only intent; downstream source promotion must create 17 unknown Factor axes and no Theme rows.
candidate-71e824df2e6bc2125294,work-71e824df2e6bc2125294,complete,complete,complete,complete,complete,unreviewed,,2026-08-22,Library-only intent; downstream source promotion must create 17 unknown Factor axes and no Theme rows.
candidate-722055953f15b0130549,work-722055953f15b0130549,complete,complete,complete,complete,complete,unreviewed,,2026-08-22,Library-only intent; downstream source promotion must create 17 unknown Factor axes and no Theme rows.
candidate-722251ce58a03d2b6985,work-722251ce58a03d2b6985,complete,complete,complete,complete,complete,unreviewed,,2026-08-22,Library-only intent; downstream source promotion must create 17 unknown Factor axes and no Theme rows.
candidate-723a9fd1a730426c54a2,work-723a9fd1a730426c54a2,complete,complete,complete,complete,complete,unreviewed,,2026-08-22,Library-only intent; downstream source promotion must create 17 unknown Factor axes and no Theme rows.
candidate-724c064d491faf4c7414,work-724c064d491faf4c7414,complete,complete,complete,complete,complete,unreviewed,,2026-08-22,Library-only intent; downstream source promotion must create 17 unknown Factor axes and no Theme rows.
candidate-7263fe749c8d032e8cf1,work-7263fe749c8d032e8cf1,complete,complete,complete,complete,complete,unreviewed,,2026-08-22,Library-only intent; downstream source promotion must create 17 unknown Factor axes and no Theme rows.
candidate-727144f46f24235acecb,work-727144f46f24235acecb,complete,complete,complete,complete,complete,unreviewed,,2026-08-22,Library-only intent; downstream source promotion must create 17 unknown Factor axes and no Theme rows.
candidate-7281d838666983756309,work-7281d838666983756309,complete,complete,complete,complete,complete,unreviewed,,2026-08-22,Library-only intent; downstream source promotion must create 17 unknown Factor axes and no Theme rows.
candidate-72ee6d2155cd15987b6f,work-72ee6d2155cd15987b6f,complete,complete,complete,complete,complete,unreviewed,,2026-08-22,Library-only intent; downstream source promotion must create 17 unknown Factor axes and no Theme rows.
candidate-7388660960b377e34e9c,work-7388660960b377e34e9c,complete,complete,complete,complete,complete,unreviewed,,2026-08-22,Library-only intent; downstream source promotion must create 17 unknown Factor axes and no Theme rows.
candidate-741deb03d9f59e723929,work-741deb03d9f59e723929,complete,complete,complete,complete,complete,unreviewed,,2026-08-22,Library-only intent; downstream source promotion must create 17 unknown Factor axes and no Theme rows.
candidate-7461bbfdb466b4a51c7f,work-7461bbfdb466b4a51c7f,complete,complete,complete,complete,complete,unreviewed,,2026-08-22,Library-only intent; downstream source promotion must create 17 unknown Factor axes and no Theme rows.
candidate-74881f1156adcc713e23,work-74881f1156adcc713e23,complete,complete,complete,complete,complete,unreviewed,,2026-08-22,Library-only intent; downstream source promotion must create 17 unknown Factor axes and no Theme rows.
candidate-749da01d790325d81198,work-749da01d790325d81198,complete,complete,complete,complete,complete,unreviewed,,2026-08-22,Library-only intent; downstream source promotion must create 17 unknown Factor axes and no Theme rows.
candidate-74c058bfce839d93e3c5,work-74c058bfce839d93e3c5,complete,complete,complete,complete,complete,unreviewed,,2026-08-22,Library-only intent; downstream source promotion must create 17 unknown Factor axes and no Theme rows.
candidate-75114a2ee2082b4f4630,work-75114a2ee2082b4f4630,complete,complete,complete,complete,complete,unreviewed,,2026-08-22,Library-only intent; downstream source promotion must create 17 unknown Factor axes and no Theme rows.
candidate-752c8a8fb14b16459c3d,work-752c8a8fb14b16459c3d,complete,complete,complete,complete,complete,unreviewed,,2026-08-22,Library-only intent; downstream source promotion must create 17 unknown Factor axes and no Theme rows.
candidate-7568cab93fa9a9a409d1,work-7568cab93fa9a9a409d1,complete,complete,complete,complete,complete,unreviewed,,2026-08-22,Library-only intent; downstream source promotion must create 17 unknown Factor axes and no Theme rows.
candidate-75bb4a5e2f04f1291971,work-75bb4a5e2f04f1291971,complete,complete,complete,complete,complete,unreviewed,,2026-08-22,Library-only intent; downstream source promotion must create 17 unknown Factor axes and no Theme rows.
candidate-75d52ca8274d4d075969,work-75d52ca8274d4d075969,complete,complete,complete,complete,complete,unreviewed,,2026-08-22,Library-only intent; downstream source promotion must create 17 unknown Factor axes and no Theme rows.
candidate-761965451844ecb440fb,work-761965451844ecb440fb,complete,complete,complete,complete,complete,unreviewed,,2026-08-22,Library-only intent; downstream source promotion must create 17 unknown Factor axes and no Theme rows.
candidate-763968e43f6661d8b5d3,work-763968e43f6661d8b5d3,complete,complete,complete,complete,complete,unreviewed,,2026-08-22,Library-only intent; downstream source promotion must create 17 unknown Factor axes and no Theme rows.
candidate-763a400656f1c7d54eea,work-763a400656f1c7d54eea,complete,complete,complete,complete,complete,unreviewed,,2026-08-22,Library-only intent; downstream source promotion must create 17 unknown Factor axes and no Theme rows.
candidate-766eecbba2c9ed11ecd1,work-766eecbba2c9ed11ecd1,complete,complete,complete,complete,complete,unreviewed,,2026-08-22,Library-only intent; downstream source promotion must create 17 unknown Factor axes and no Theme rows.
candidate-769cfa7c526dbfd782d5,work-769cfa7c526dbfd782d5,complete,complete,complete,complete,complete,unreviewed,,2026-08-22,Library-only intent; downstream source promotion must create 17 unknown Factor axes and no Theme rows.
candidate-76bfd43f9fd555685806,work-76bfd43f9fd555685806,complete,complete,complete,complete,complete,unreviewed,,2026-08-22,Library-only intent; downstream source promotion must create 17 unknown Factor axes and no Theme rows.
candidate-76c038b398f4b28b7748,work-76c038b398f4b28b7748,complete,complete,complete,complete,complete,unreviewed,,2026-08-22,Library-only intent; downstream source promotion must create 17 unknown Factor axes and no Theme rows.
candidate-76d784dfb643d9c9a334,work-76d784dfb643d9c9a334,complete,complete,complete,complete,complete,unreviewed,,2026-08-22,Library-only intent; downstream source promotion must create 17 unknown Factor axes and no Theme rows.
candidate-77008e04537e3fd889e2,work-77008e04537e3fd889e2,complete,complete,complete,complete,complete,unreviewed,,2026-08-22,Library-only intent; downstream source promotion must create 17 unknown Factor axes and no Theme rows.
candidate-7730845c9cf7ba0cccc8,work-7730845c9cf7ba0cccc8,complete,complete,complete,complete,complete,unreviewed,,2026-08-22,Library-only intent; downstream source promotion must create 17 unknown Factor axes and no Theme rows.
candidate-77aecd2b33b956f62334,work-77aecd2b33b956f62334,complete,complete,complete,complete,complete,unreviewed,,2026-08-22,Library-only intent; downstream source promotion must create 17 unknown Factor axes and no Theme rows.
candidate-7819d66a9d4fe8ec5a8b,work-7819d66a9d4fe8ec5a8b,complete,complete,complete,complete,complete,unreviewed,,2026-08-22,Library-only intent; downstream source promotion must create 17 unknown Factor axes and no Theme rows.
candidate-7868798a4cb2b0d155ce,work-7868798a4cb2b0d155ce,complete,complete,complete,complete,complete,unreviewed,,2026-08-22,Library-only intent; downstream source promotion must create 17 unknown Factor axes and no Theme rows.
candidate-7883b4538b78eb87fffb,work-7883b4538b78eb87fffb,complete,complete,complete,complete,complete,unreviewed,,2026-08-22,Library-only intent; downstream source promotion must create 17 unknown Factor axes and no Theme rows.
candidate-78ca5a89590ad691bb34,work-78ca5a89590ad691bb34,complete,complete,complete,complete,complete,unreviewed,,2026-08-22,Library-only intent; downstream source promotion must create 17 unknown Factor axes and no Theme rows.
candidate-78d44d381562e37dd94a,work-78d44d381562e37dd94a,complete,complete,complete,complete,complete,unreviewed,,2026-08-22,Library-only intent; downstream source promotion must create 17 unknown Factor axes and no Theme rows.
candidate-7926c93b4fef38dd0704,work-7926c93b4fef38dd0704,complete,complete,complete,complete,complete,unreviewed,,2026-08-22,Library-only intent; downstream source promotion must create 17 unknown Factor axes and no Theme rows.
candidate-794131c03d38fa490b5d,work-794131c03d38fa490b5d,complete,complete,complete,complete,complete,unreviewed,,2026-08-22,Library-only intent; downstream source promotion must create 17 unknown Factor axes and no Theme rows.
candidate-79420552f3fa0a01ad71,fullmetal-alchemist,complete,complete,complete,complete,complete,authorizedModelPanel,reviews/g1-sanity-panel.md,2026-08-22,Existing Gold annotation contract reused from reviews/g1-sanity-panel.md.
candidate-7975d62582a89492a35f,work-7975d62582a89492a35f,complete,complete,complete,complete,complete,unreviewed,,2026-08-22,Library-only intent; downstream source promotion must create 17 unknown Factor axes and no Theme rows.
candidate-797fadfff1809c298569,work-797fadfff1809c298569,complete,complete,complete,complete,complete,unreviewed,,2026-08-22,Library-only intent; downstream source promotion must create 17 unknown Factor axes and no Theme rows.
candidate-79bbd0d83c00b2d58a79,work-79bbd0d83c00b2d58a79,complete,complete,complete,complete,complete,unreviewed,,2026-08-22,Library-only intent; downstream source promotion must create 17 unknown Factor axes and no Theme rows.
candidate-79c18b26dfde8a532f73,work-79c18b26dfde8a532f73,complete,complete,complete,complete,complete,unreviewed,,2026-08-22,Library-only intent; downstream source promotion must create 17 unknown Factor axes and no Theme rows.
candidate-79c9e81996a79ca53187,work-79c9e81996a79ca53187,complete,complete,complete,complete,complete,unreviewed,,2026-08-22,Library-only intent; downstream source promotion must create 17 unknown Factor axes and no Theme rows.
candidate-7a260e9a539643caf362,work-7a260e9a539643caf362,complete,complete,complete,complete,complete,unreviewed,,2026-08-22,Library-only intent; downstream source promotion must create 17 unknown Factor axes and no Theme rows.
candidate-7a4e7ba45413e1b8af34,work-7a4e7ba45413e1b8af34,complete,complete,complete,complete,complete,unreviewed,,2026-08-22,Library-only intent; downstream source promotion must create 17 unknown Factor axes and no Theme rows.
candidate-7a9de6fd58fbd19aed74,work-7a9de6fd58fbd19aed74,complete,complete,complete,complete,complete,unreviewed,,2026-08-22,Library-only intent; downstream source promotion must create 17 unknown Factor axes and no Theme rows.
candidate-7aa23df2c051d68240fb,work-7aa23df2c051d68240fb,complete,complete,complete,complete,complete,unreviewed,,2026-08-22,Library-only intent; downstream source promotion must create 17 unknown Factor axes and no Theme rows.
candidate-7abb6e8396c5e1252173,work-7abb6e8396c5e1252173,complete,complete,complete,complete,complete,unreviewed,,2026-08-22,Library-only intent; downstream source promotion must create 17 unknown Factor axes and no Theme rows.
candidate-7ae0ebf353e9ca1d67e2,work-7ae0ebf353e9ca1d67e2,complete,complete,complete,complete,complete,unreviewed,,2026-08-22,Library-only intent; downstream source promotion must create 17 unknown Factor axes and no Theme rows.
candidate-7afe8d2121f4b37e2bee,work-7afe8d2121f4b37e2bee,complete,complete,complete,complete,complete,unreviewed,,2026-08-22,Library-only intent; downstream source promotion must create 17 unknown Factor axes and no Theme rows.
candidate-7b197bf350436d626b4b,work-7b197bf350436d626b4b,complete,complete,complete,complete,complete,unreviewed,,2026-08-22,Library-only intent; downstream source promotion must create 17 unknown Factor axes and no Theme rows.
candidate-7b1d0ad37dd2fb2a8045,blue-giant,complete,complete,complete,complete,complete,authorizedModelPanel,reviews/g2-catalog-annotation-panel.md,2026-08-22,Existing Gold annotation contract reused from reviews/g2-catalog-annotation-panel.md.
candidate-7b22b7a877f8e8baa98e,work-7b22b7a877f8e8baa98e,complete,complete,complete,complete,complete,unreviewed,,2026-08-22,Library-only intent; downstream source promotion must create 17 unknown Factor axes and no Theme rows.
candidate-7b585d506d99db4d83cb,work-7b585d506d99db4d83cb,complete,complete,complete,complete,complete,unreviewed,,2026-08-22,Library-only intent; downstream source promotion must create 17 unknown Factor axes and no Theme rows.
candidate-7b68ef4142fd6b797629,work-7b68ef4142fd6b797629,complete,complete,complete,complete,complete,unreviewed,,2026-08-22,Library-only intent; downstream source promotion must create 17 unknown Factor axes and no Theme rows.
candidate-7b6eb2b48ac06ffa26eb,work-7b6eb2b48ac06ffa26eb,complete,complete,complete,complete,complete,unreviewed,,2026-08-22,Library-only intent; downstream source promotion must create 17 unknown Factor axes and no Theme rows.
candidate-7b903ecc2ff94b465cf9,work-7b903ecc2ff94b465cf9,complete,complete,complete,complete,complete,unreviewed,,2026-08-22,Library-only intent; downstream source promotion must create 17 unknown Factor axes and no Theme rows.
candidate-7bb576492f3b9329e6ee,work-7bb576492f3b9329e6ee,complete,complete,complete,complete,complete,unreviewed,,2026-08-22,Library-only intent; downstream source promotion must create 17 unknown Factor axes and no Theme rows.
candidate-7bc312490676870399a5,work-7bc312490676870399a5,complete,complete,complete,complete,complete,unreviewed,,2026-08-22,Library-only intent; downstream source promotion must create 17 unknown Factor axes and no Theme rows.
candidate-7bc72d4f5ffcc9630504,work-7bc72d4f5ffcc9630504,complete,complete,complete,complete,complete,unreviewed,,2026-08-22,Library-only intent; downstream source promotion must create 17 unknown Factor axes and no Theme rows.
candidate-7bd1f7da470021b08956,work-7bd1f7da470021b08956,complete,complete,complete,complete,complete,unreviewed,,2026-08-22,Library-only intent; downstream source promotion must create 17 unknown Factor axes and no Theme rows.
candidate-7c5bcbd3edfb1772b18c,work-7c5bcbd3edfb1772b18c,complete,complete,complete,complete,complete,unreviewed,,2026-08-22,Library-only intent; downstream source promotion must create 17 unknown Factor axes and no Theme rows.
candidate-7c638f30f715d60969ae,work-7c638f30f715d60969ae,complete,complete,complete,complete,complete,unreviewed,,2026-08-22,Library-only intent; downstream source promotion must create 17 unknown Factor axes and no Theme rows.
candidate-7c72ec74e8e6d188177a,work-7c72ec74e8e6d188177a,complete,complete,complete,complete,complete,unreviewed,,2026-08-22,Library-only intent; downstream source promotion must create 17 unknown Factor axes and no Theme rows.
candidate-7c8931bc010e2f28f7ec,work-7c8931bc010e2f28f7ec,complete,complete,complete,complete,complete,unreviewed,,2026-08-22,Library-only intent; downstream source promotion must create 17 unknown Factor axes and no Theme rows.
candidate-7c9fcfd8776115f6154c,work-7c9fcfd8776115f6154c,complete,complete,complete,complete,complete,unreviewed,,2026-08-22,Library-only intent; downstream source promotion must create 17 unknown Factor axes and no Theme rows.
candidate-7ca6955ae7fb52cbaaae,work-7ca6955ae7fb52cbaaae,complete,complete,complete,complete,complete,unreviewed,,2026-08-22,Library-only intent; downstream source promotion must create 17 unknown Factor axes and no Theme rows.
candidate-7cdb366e7d6858c2f244,work-7cdb366e7d6858c2f244,complete,complete,complete,complete,complete,unreviewed,,2026-08-22,Library-only intent; downstream source promotion must create 17 unknown Factor axes and no Theme rows.
candidate-7cf559b22e6d36a4c8b3,work-7cf559b22e6d36a4c8b3,complete,complete,complete,complete,complete,unreviewed,,2026-08-22,Library-only intent; downstream source promotion must create 17 unknown Factor axes and no Theme rows.
candidate-7d259c925286a9f91310,work-7d259c925286a9f91310,complete,complete,complete,complete,complete,unreviewed,,2026-08-22,Library-only intent; downstream source promotion must create 17 unknown Factor axes and no Theme rows.
candidate-7d40d89092e9e0ee4973,work-7d40d89092e9e0ee4973,complete,complete,complete,complete,complete,unreviewed,,2026-08-22,Library-only intent; downstream source promotion must create 17 unknown Factor axes and no Theme rows.
candidate-7d4568dcc8e9175d35ba,work-7d4568dcc8e9175d35ba,complete,complete,complete,complete,complete,unreviewed,,2026-08-22,Library-only intent; downstream source promotion must create 17 unknown Factor axes and no Theme rows.
candidate-7d4713147b1de577d668,work-7d4713147b1de577d668,complete,complete,complete,complete,complete,unreviewed,,2026-08-22,Library-only intent; downstream source promotion must create 17 unknown Factor axes and no Theme rows.
candidate-7d4917f6ae6ac8be16c0,work-7d4917f6ae6ac8be16c0,complete,complete,complete,complete,complete,unreviewed,,2026-08-22,Library-only intent; downstream source promotion must create 17 unknown Factor axes and no Theme rows.
candidate-7db69a2d438752c429cc,work-7db69a2d438752c429cc,complete,complete,complete,complete,complete,unreviewed,,2026-08-22,Library-only intent; downstream source promotion must create 17 unknown Factor axes and no Theme rows.
candidate-7df6bbafa7bdb01b0622,requiem-of-the-rose-king,complete,complete,complete,complete,complete,authorizedModelPanel,reviews/g2-catalog-annotation-panel.md,2026-08-22,Existing Gold annotation contract reused from reviews/g2-catalog-annotation-panel.md.
candidate-7e0e632e10e28480f1d6,work-7e0e632e10e28480f1d6,complete,complete,complete,complete,complete,unreviewed,,2026-08-22,Library-only intent; downstream source promotion must create 17 unknown Factor axes and no Theme rows.
candidate-7e1f2df06bb18b2015ad,work-7e1f2df06bb18b2015ad,complete,complete,complete,complete,complete,unreviewed,,2026-08-22,Library-only intent; downstream source promotion must create 17 unknown Factor axes and no Theme rows.
candidate-7e4e16a2a053e095c90f,work-7e4e16a2a053e095c90f,complete,complete,complete,complete,complete,unreviewed,,2026-08-22,Library-only intent; downstream source promotion must create 17 unknown Factor axes and no Theme rows.
candidate-7e667fcf9c44138386d7,work-7e667fcf9c44138386d7,complete,complete,complete,complete,complete,unreviewed,,2026-08-22,Library-only intent; downstream source promotion must create 17 unknown Factor axes and no Theme rows.
candidate-7e72bc605eebca48aa3d,work-7e72bc605eebca48aa3d,complete,complete,complete,complete,complete,unreviewed,,2026-08-22,Library-only intent; downstream source promotion must create 17 unknown Factor axes and no Theme rows.
candidate-7ec5c82be5c9a60ef16d,work-7ec5c82be5c9a60ef16d,complete,complete,complete,complete,complete,unreviewed,,2026-08-22,Library-only intent; downstream source promotion must create 17 unknown Factor axes and no Theme rows.
candidate-7f0f63c5d80083f2be7f,work-7f0f63c5d80083f2be7f,complete,complete,complete,complete,complete,unreviewed,,2026-08-22,Library-only intent; downstream source promotion must create 17 unknown Factor axes and no Theme rows.
candidate-7f27142cfed178db5059,work-7f27142cfed178db5059,complete,complete,complete,complete,complete,unreviewed,,2026-08-22,Library-only intent; downstream source promotion must create 17 unknown Factor axes and no Theme rows.
candidate-7f4aa427ab301afccc53,work-7f4aa427ab301afccc53,complete,complete,complete,complete,complete,unreviewed,,2026-08-22,Library-only intent; downstream source promotion must create 17 unknown Factor axes and no Theme rows.
candidate-7f8a1d182035e7fa9b48,work-7f8a1d182035e7fa9b48,complete,complete,complete,complete,complete,unreviewed,,2026-08-22,Library-only intent; downstream source promotion must create 17 unknown Factor axes and no Theme rows.
candidate-7f8d584b383ab15f1422,work-7f8d584b383ab15f1422,complete,complete,complete,complete,complete,unreviewed,,2026-08-22,Library-only intent; downstream source promotion must create 17 unknown Factor axes and no Theme rows.
candidate-7f926a9557b6ae9f264b,what-did-you-eat-yesterday,complete,complete,complete,complete,complete,authorizedModelPanel,reviews/g2-catalog-annotation-panel.md,2026-08-22,Existing Gold annotation contract reused from reviews/g2-catalog-annotation-panel.md.
candidate-7fd1bdfb4056a9bab95a,work-7fd1bdfb4056a9bab95a,complete,complete,complete,complete,complete,unreviewed,,2026-08-22,Library-only intent; downstream source promotion must create 17 unknown Factor axes and no Theme rows.
candidate-7fd53aa3074613979204,work-7fd53aa3074613979204,complete,complete,complete,complete,complete,unreviewed,,2026-08-22,Library-only intent; downstream source promotion must create 17 unknown Factor axes and no Theme rows.
candidate-7fe0dd636f0116c25203,work-7fe0dd636f0116c25203,complete,complete,complete,complete,complete,unreviewed,,2026-08-22,Library-only intent; downstream source promotion must create 17 unknown Factor axes and no Theme rows.
candidate-7fe5550c8648537ac790,work-7fe5550c8648537ac790,complete,complete,complete,complete,complete,unreviewed,,2026-08-22,Library-only intent; downstream source promotion must create 17 unknown Factor axes and no Theme rows.
candidate-8037856e7703fdaf4324,work-8037856e7703fdaf4324,complete,complete,complete,complete,complete,unreviewed,,2026-08-22,Library-only intent; downstream source promotion must create 17 unknown Factor axes and no Theme rows.
candidate-80586e266d394e376d1b,work-80586e266d394e376d1b,complete,complete,complete,complete,complete,unreviewed,,2026-08-22,Library-only intent; downstream source promotion must create 17 unknown Factor axes and no Theme rows.
candidate-8069c29ceb2111cac4f0,work-8069c29ceb2111cac4f0,complete,complete,complete,complete,complete,unreviewed,,2026-08-22,Library-only intent; downstream source promotion must create 17 unknown Factor axes and no Theme rows.
candidate-806ff9309e80488fb804,work-806ff9309e80488fb804,complete,complete,complete,complete,complete,unreviewed,,2026-08-22,Library-only intent; downstream source promotion must create 17 unknown Factor axes and no Theme rows.
candidate-80a2f62ce5073ade2ec2,work-80a2f62ce5073ade2ec2,complete,complete,complete,complete,complete,unreviewed,,2026-08-22,Library-only intent; downstream source promotion must create 17 unknown Factor axes and no Theme rows.
candidate-80e097bc189aec3797e5,work-80e097bc189aec3797e5,complete,complete,complete,complete,complete,unreviewed,,2026-08-22,Library-only intent; downstream source promotion must create 17 unknown Factor axes and no Theme rows.
candidate-8147aefccc365b0ecb4d,work-8147aefccc365b0ecb4d,complete,complete,complete,complete,complete,unreviewed,,2026-08-22,Library-only intent; downstream source promotion must create 17 unknown Factor axes and no Theme rows.
candidate-81c561ca6bb74a301cf8,work-81c561ca6bb74a301cf8,complete,complete,complete,complete,complete,unreviewed,,2026-08-22,Library-only intent; downstream source promotion must create 17 unknown Factor axes and no Theme rows.
candidate-81cf263857ea33845b28,work-81cf263857ea33845b28,complete,complete,complete,complete,complete,unreviewed,,2026-08-22,Library-only intent; downstream source promotion must create 17 unknown Factor axes and no Theme rows.
candidate-81fe28fdeda5f8e5ab35,a-brides-story,complete,complete,complete,complete,complete,authorizedModelPanel,reviews/g2-catalog-annotation-panel.md,2026-08-22,Existing Gold annotation contract reused from reviews/g2-catalog-annotation-panel.md.
candidate-8213f6affb514f8e1bb5,work-8213f6affb514f8e1bb5,complete,complete,complete,complete,complete,unreviewed,,2026-08-22,Library-only intent; downstream source promotion must create 17 unknown Factor axes and no Theme rows.
candidate-83510afea8d961aec880,work-83510afea8d961aec880,complete,complete,complete,complete,complete,unreviewed,,2026-08-22,Library-only intent; downstream source promotion must create 17 unknown Factor axes and no Theme rows.
candidate-836070f506081517dd6f,work-836070f506081517dd6f,complete,complete,complete,complete,complete,unreviewed,,2026-08-22,Library-only intent; downstream source promotion must create 17 unknown Factor axes and no Theme rows.
candidate-8368b177b7f729f782ee,work-8368b177b7f729f782ee,complete,complete,complete,complete,complete,unreviewed,,2026-08-22,Library-only intent; downstream source promotion must create 17 unknown Factor axes and no Theme rows.
candidate-838a6f0ad2d1ef487588,work-838a6f0ad2d1ef487588,complete,complete,complete,complete,complete,unreviewed,,2026-08-22,Library-only intent; downstream source promotion must create 17 unknown Factor axes and no Theme rows.
candidate-83f2749f9ddd11dcd0b9,work-83f2749f9ddd11dcd0b9,complete,complete,complete,complete,complete,unreviewed,,2026-08-22,Library-only intent; downstream source promotion must create 17 unknown Factor axes and no Theme rows.
candidate-83fc3c4366e51b35b821,work-83fc3c4366e51b35b821,complete,complete,complete,complete,complete,unreviewed,,2026-08-22,Library-only intent; downstream source promotion must create 17 unknown Factor axes and no Theme rows.
candidate-84070fd0173ebdabff01,work-84070fd0173ebdabff01,complete,complete,complete,complete,complete,unreviewed,,2026-08-22,Library-only intent; downstream source promotion must create 17 unknown Factor axes and no Theme rows.
candidate-840bbd96d501a3a8fee9,work-840bbd96d501a3a8fee9,complete,complete,complete,complete,complete,unreviewed,,2026-08-22,Library-only intent; downstream source promotion must create 17 unknown Factor axes and no Theme rows.
candidate-840f12a844b6b1afd2f7,work-840f12a844b6b1afd2f7,complete,complete,complete,complete,complete,unreviewed,,2026-08-22,Library-only intent; downstream source promotion must create 17 unknown Factor axes and no Theme rows.
candidate-844804b4c1c1b08e2bb2,work-844804b4c1c1b08e2bb2,complete,complete,complete,complete,complete,unreviewed,,2026-08-22,Library-only intent; downstream source promotion must create 17 unknown Factor axes and no Theme rows.
candidate-84617ede2e93418cd161,work-84617ede2e93418cd161,complete,complete,complete,complete,complete,unreviewed,,2026-08-22,Library-only intent; downstream source promotion must create 17 unknown Factor axes and no Theme rows.
candidate-847978afd758665173db,work-847978afd758665173db,complete,complete,complete,complete,complete,unreviewed,,2026-08-22,Library-only intent; downstream source promotion must create 17 unknown Factor axes and no Theme rows.
candidate-84886f5e93fc9ecfc512,work-84886f5e93fc9ecfc512,complete,complete,complete,complete,complete,unreviewed,,2026-08-22,Library-only intent; downstream source promotion must create 17 unknown Factor axes and no Theme rows.
candidate-84a6a139c55f2760544e,work-84a6a139c55f2760544e,complete,complete,complete,complete,complete,unreviewed,,2026-08-22,Library-only intent; downstream source promotion must create 17 unknown Factor axes and no Theme rows.
candidate-84b7c7d7720447075c25,work-84b7c7d7720447075c25,complete,complete,complete,complete,complete,unreviewed,,2026-08-22,Library-only intent; downstream source promotion must create 17 unknown Factor axes and no Theme rows.
candidate-84c97edfd513b78e016d,work-84c97edfd513b78e016d,complete,complete,complete,complete,complete,unreviewed,,2026-08-22,Library-only intent; downstream source promotion must create 17 unknown Factor axes and no Theme rows.
candidate-84e96db05b0cced09cae,work-84e96db05b0cced09cae,complete,complete,complete,complete,complete,unreviewed,,2026-08-22,Library-only intent; downstream source promotion must create 17 unknown Factor axes and no Theme rows.
candidate-84fa0be5101ebfc384f8,work-84fa0be5101ebfc384f8,complete,complete,complete,complete,complete,unreviewed,,2026-08-22,Library-only intent; downstream source promotion must create 17 unknown Factor axes and no Theme rows.
candidate-8529fc4bf4898210cb2b,work-8529fc4bf4898210cb2b,complete,complete,complete,complete,complete,unreviewed,,2026-08-22,Library-only intent; downstream source promotion must create 17 unknown Factor axes and no Theme rows.
candidate-85537f2c2ef9b2234110,work-85537f2c2ef9b2234110,complete,complete,complete,complete,complete,unreviewed,,2026-08-22,Library-only intent; downstream source promotion must create 17 unknown Factor axes and no Theme rows.
candidate-8560165a6f5cae8bba3d,work-8560165a6f5cae8bba3d,complete,complete,complete,complete,complete,unreviewed,,2026-08-22,Library-only intent; downstream source promotion must create 17 unknown Factor axes and no Theme rows.
candidate-859d4aeed35dd1da425c,work-859d4aeed35dd1da425c,complete,complete,complete,complete,complete,unreviewed,,2026-08-22,Library-only intent; downstream source promotion must create 17 unknown Factor axes and no Theme rows.
candidate-85b317656a71eac9e542,work-85b317656a71eac9e542,complete,complete,complete,complete,complete,unreviewed,,2026-08-22,Library-only intent; downstream source promotion must create 17 unknown Factor axes and no Theme rows.
candidate-8643e71c4c56213ee9d0,work-8643e71c4c56213ee9d0,complete,complete,complete,complete,complete,unreviewed,,2026-08-22,Library-only intent; downstream source promotion must create 17 unknown Factor axes and no Theme rows.
candidate-866779a026c8fd05f656,work-866779a026c8fd05f656,complete,complete,complete,complete,complete,unreviewed,,2026-08-22,Library-only intent; downstream source promotion must create 17 unknown Factor axes and no Theme rows.
candidate-867422e99320c757a340,work-867422e99320c757a340,complete,complete,complete,complete,complete,unreviewed,,2026-08-22,Library-only intent; downstream source promotion must create 17 unknown Factor axes and no Theme rows.
candidate-86bf2f7b461aa59499e9,work-86bf2f7b461aa59499e9,complete,complete,complete,complete,complete,unreviewed,,2026-08-22,Library-only intent; downstream source promotion must create 17 unknown Factor axes and no Theme rows.
candidate-86e698f79e20d9caa95a,work-86e698f79e20d9caa95a,complete,complete,complete,complete,complete,unreviewed,,2026-08-22,Library-only intent; downstream source promotion must create 17 unknown Factor axes and no Theme rows.
candidate-86f88e23bba7eaa71afd,work-86f88e23bba7eaa71afd,complete,complete,complete,complete,complete,unreviewed,,2026-08-22,Library-only intent; downstream source promotion must create 17 unknown Factor axes and no Theme rows.
candidate-8716f80d9b988bd0d055,work-8716f80d9b988bd0d055,complete,complete,complete,complete,complete,unreviewed,,2026-08-22,Library-only intent; downstream source promotion must create 17 unknown Factor axes and no Theme rows.
candidate-8733067e6afcaeadbd8d,work-8733067e6afcaeadbd8d,complete,complete,complete,complete,complete,unreviewed,,2026-08-22,Library-only intent; downstream source promotion must create 17 unknown Factor axes and no Theme rows.
candidate-875336d3e6c905047559,work-875336d3e6c905047559,complete,complete,complete,complete,complete,unreviewed,,2026-08-22,Library-only intent; downstream source promotion must create 17 unknown Factor axes and no Theme rows.
candidate-87d3340aeaccad5f69a6,work-87d3340aeaccad5f69a6,complete,complete,complete,complete,complete,unreviewed,,2026-08-22,Library-only intent; downstream source promotion must create 17 unknown Factor axes and no Theme rows.
candidate-88567a8a7b0cacf777c6,work-88567a8a7b0cacf777c6,complete,complete,complete,complete,complete,unreviewed,,2026-08-22,Library-only intent; downstream source promotion must create 17 unknown Factor axes and no Theme rows.
candidate-889bc957a60a0558af22,work-889bc957a60a0558af22,complete,complete,complete,complete,complete,unreviewed,,2026-08-22,Library-only intent; downstream source promotion must create 17 unknown Factor axes and no Theme rows.
candidate-88a18383d225bfbb8d3c,work-88a18383d225bfbb8d3c,complete,complete,complete,complete,complete,unreviewed,,2026-08-22,Library-only intent; downstream source promotion must create 17 unknown Factor axes and no Theme rows.
candidate-88b6ddbe403959af0452,work-88b6ddbe403959af0452,complete,complete,complete,complete,complete,unreviewed,,2026-08-22,Library-only intent; downstream source promotion must create 17 unknown Factor axes and no Theme rows.
candidate-88cb26a0229ad7b83263,work-88cb26a0229ad7b83263,complete,complete,complete,complete,complete,unreviewed,,2026-08-22,Library-only intent; downstream source promotion must create 17 unknown Factor axes and no Theme rows.
candidate-88e75622b83b794c03ac,work-88e75622b83b794c03ac,complete,complete,complete,complete,complete,unreviewed,,2026-08-22,Library-only intent; downstream source promotion must create 17 unknown Factor axes and no Theme rows.
candidate-890c2ef066c0575db3d6,work-890c2ef066c0575db3d6,complete,complete,complete,complete,complete,unreviewed,,2026-08-22,Library-only intent; downstream source promotion must create 17 unknown Factor axes and no Theme rows.
candidate-896cdea5c2a2fc018926,work-896cdea5c2a2fc018926,complete,complete,complete,complete,complete,unreviewed,,2026-08-22,Library-only intent; downstream source promotion must create 17 unknown Factor axes and no Theme rows.
candidate-898846fd9f5d77e49ed7,work-898846fd9f5d77e49ed7,complete,complete,complete,complete,complete,unreviewed,,2026-08-22,Library-only intent; downstream source promotion must create 17 unknown Factor axes and no Theme rows.
candidate-89a635148e2b3c129e38,work-89a635148e2b3c129e38,complete,complete,complete,complete,complete,unreviewed,,2026-08-22,Library-only intent; downstream source promotion must create 17 unknown Factor axes and no Theme rows.
candidate-89cec8cc100900d67d7e,work-89cec8cc100900d67d7e,complete,complete,complete,complete,complete,unreviewed,,2026-08-22,Library-only intent; downstream source promotion must create 17 unknown Factor axes and no Theme rows.
candidate-89d795575d6787113859,work-89d795575d6787113859,complete,complete,complete,complete,complete,unreviewed,,2026-08-22,Library-only intent; downstream source promotion must create 17 unknown Factor axes and no Theme rows.
candidate-89f5e17e2f8148359e4a,work-89f5e17e2f8148359e4a,complete,complete,complete,complete,complete,unreviewed,,2026-08-22,Library-only intent; downstream source promotion must create 17 unknown Factor axes and no Theme rows.
candidate-8a0b641effa2e417d7ad,work-8a0b641effa2e417d7ad,complete,complete,complete,complete,complete,unreviewed,,2026-08-22,Library-only intent; downstream source promotion must create 17 unknown Factor axes and no Theme rows.
candidate-8a7846af8ead1797e6a2,work-8a7846af8ead1797e6a2,complete,complete,complete,complete,complete,unreviewed,,2026-08-22,Library-only intent; downstream source promotion must create 17 unknown Factor axes and no Theme rows.
candidate-8b37f50c7ef707254e8e,work-8b37f50c7ef707254e8e,complete,complete,complete,complete,complete,unreviewed,,2026-08-22,Library-only intent; downstream source promotion must create 17 unknown Factor axes and no Theme rows.
candidate-8b620746045c3e21d13f,work-8b620746045c3e21d13f,complete,complete,complete,complete,complete,unreviewed,,2026-08-22,Library-only intent; downstream source promotion must create 17 unknown Factor axes and no Theme rows.
candidate-8b69986d0bbfa6abceb9,work-8b69986d0bbfa6abceb9,complete,complete,complete,complete,complete,unreviewed,,2026-08-22,Library-only intent; downstream source promotion must create 17 unknown Factor axes and no Theme rows.
candidate-8bac9b710429e535768d,work-8bac9b710429e535768d,complete,complete,complete,complete,complete,unreviewed,,2026-08-22,Library-only intent; downstream source promotion must create 17 unknown Factor axes and no Theme rows.
candidate-8be993fce62c22fa3702,work-8be993fce62c22fa3702,complete,complete,complete,complete,complete,unreviewed,,2026-08-22,Library-only intent; downstream source promotion must create 17 unknown Factor axes and no Theme rows.
candidate-8c11eaa8b5cd763930d5,work-8c11eaa8b5cd763930d5,complete,complete,complete,complete,complete,unreviewed,,2026-08-22,Library-only intent; downstream source promotion must create 17 unknown Factor axes and no Theme rows.
candidate-8c31125fd4a0930f559e,work-8c31125fd4a0930f559e,complete,complete,complete,complete,complete,unreviewed,,2026-08-22,Library-only intent; downstream source promotion must create 17 unknown Factor axes and no Theme rows.
candidate-8caf20d75cf6a51600f2,work-8caf20d75cf6a51600f2,complete,complete,complete,complete,complete,unreviewed,,2026-08-22,Library-only intent; downstream source promotion must create 17 unknown Factor axes and no Theme rows.
candidate-8cc0a12e77a2c168029c,work-8cc0a12e77a2c168029c,complete,complete,complete,complete,complete,unreviewed,,2026-08-22,Library-only intent; downstream source promotion must create 17 unknown Factor axes and no Theme rows.
candidate-8d07714ac462efd374de,a-condition-called-love,complete,complete,complete,complete,complete,authorizedModelPanel,reviews/g2-catalog-annotation-panel.md,2026-08-22,Existing Gold annotation contract reused from reviews/g2-catalog-annotation-panel.md.
candidate-8d4e0bde0ff3d4a12783,work-8d4e0bde0ff3d4a12783,complete,complete,complete,complete,complete,unreviewed,,2026-08-22,Library-only intent; downstream source promotion must create 17 unknown Factor axes and no Theme rows.
candidate-8d6ba69eb9d5b3583c3e,witch-hat-atelier,complete,complete,complete,complete,complete,authorizedModelPanel,reviews/g1-sanity-panel.md,2026-08-22,Existing Gold annotation contract reused from reviews/g1-sanity-panel.md.
candidate-8db2b2190a8539797474,work-8db2b2190a8539797474,complete,complete,complete,complete,complete,unreviewed,,2026-08-22,Library-only intent; downstream source promotion must create 17 unknown Factor axes and no Theme rows.
candidate-8ddcf8b988956bca92a4,work-8ddcf8b988956bca92a4,complete,complete,complete,complete,complete,unreviewed,,2026-08-22,Library-only intent; downstream source promotion must create 17 unknown Factor axes and no Theme rows.
candidate-8df64cbd79e886289030,work-8df64cbd79e886289030,complete,complete,complete,complete,complete,unreviewed,,2026-08-22,Library-only intent; downstream source promotion must create 17 unknown Factor axes and no Theme rows.
candidate-8e138477c31512a8cce3,work-8e138477c31512a8cce3,complete,complete,complete,complete,complete,unreviewed,,2026-08-22,Library-only intent; downstream source promotion must create 17 unknown Factor axes and no Theme rows.
candidate-8e3207bdaa057924de2c,work-8e3207bdaa057924de2c,complete,complete,complete,complete,complete,unreviewed,,2026-08-22,Library-only intent; downstream source promotion must create 17 unknown Factor axes and no Theme rows.
candidate-8ec826c0db13f6e71c64,work-8ec826c0db13f6e71c64,complete,complete,complete,complete,complete,unreviewed,,2026-08-22,Library-only intent; downstream source promotion must create 17 unknown Factor axes and no Theme rows.
candidate-8ec916b978d347c360bd,work-8ec916b978d347c360bd,complete,complete,complete,complete,complete,unreviewed,,2026-08-22,Library-only intent; downstream source promotion must create 17 unknown Factor axes and no Theme rows.
candidate-8f5c877d8aea310a2d2f,work-8f5c877d8aea310a2d2f,complete,complete,complete,complete,complete,unreviewed,,2026-08-22,Library-only intent; downstream source promotion must create 17 unknown Factor axes and no Theme rows.
candidate-8f7c9c4dc5e8c7adb655,work-8f7c9c4dc5e8c7adb655,complete,complete,complete,complete,complete,unreviewed,,2026-08-22,Library-only intent; downstream source promotion must create 17 unknown Factor axes and no Theme rows.
candidate-8fc60a797da33e2008de,work-8fc60a797da33e2008de,complete,complete,complete,complete,complete,unreviewed,,2026-08-22,Library-only intent; downstream source promotion must create 17 unknown Factor axes and no Theme rows.
candidate-8fc8b770bb4425310ce1,work-8fc8b770bb4425310ce1,complete,complete,complete,complete,complete,unreviewed,,2026-08-22,Library-only intent; downstream source promotion must create 17 unknown Factor axes and no Theme rows.
candidate-8fcc50271f37e026bc3f,work-8fcc50271f37e026bc3f,complete,complete,complete,complete,complete,unreviewed,,2026-08-22,Library-only intent; downstream source promotion must create 17 unknown Factor axes and no Theme rows.
candidate-8fcfd281265fcacb7e4a,work-8fcfd281265fcacb7e4a,complete,complete,complete,complete,complete,unreviewed,,2026-08-22,Library-only intent; downstream source promotion must create 17 unknown Factor axes and no Theme rows.
candidate-8fe3fc7e4a5c069b0a9f,work-8fe3fc7e4a5c069b0a9f,complete,complete,complete,complete,complete,unreviewed,,2026-08-22,Library-only intent; downstream source promotion must create 17 unknown Factor axes and no Theme rows.
candidate-8ff141505b0a27f8d630,work-8ff141505b0a27f8d630,complete,complete,complete,complete,complete,unreviewed,,2026-08-22,Library-only intent; downstream source promotion must create 17 unknown Factor axes and no Theme rows.
candidate-8ff791cd14bf2b7e9495,work-8ff791cd14bf2b7e9495,complete,complete,complete,complete,complete,unreviewed,,2026-08-22,Library-only intent; downstream source promotion must create 17 unknown Factor axes and no Theme rows.
candidate-9014e740e708fed37580,work-9014e740e708fed37580,complete,complete,complete,complete,complete,unreviewed,,2026-08-22,Library-only intent; downstream source promotion must create 17 unknown Factor axes and no Theme rows.
candidate-902252f2a52ad25cd38f,work-902252f2a52ad25cd38f,complete,complete,complete,complete,complete,unreviewed,,2026-08-22,Library-only intent; downstream source promotion must create 17 unknown Factor axes and no Theme rows.
candidate-9036a98c069b5ef8cd54,work-9036a98c069b5ef8cd54,complete,complete,complete,complete,complete,unreviewed,,2026-08-22,Library-only intent; downstream source promotion must create 17 unknown Factor axes and no Theme rows.
candidate-90510bc26c9ef2851fb5,work-90510bc26c9ef2851fb5,complete,complete,complete,complete,complete,unreviewed,,2026-08-22,Library-only intent; downstream source promotion must create 17 unknown Factor axes and no Theme rows.
candidate-9072892a767332254f00,work-9072892a767332254f00,complete,complete,complete,complete,complete,unreviewed,,2026-08-22,Library-only intent; downstream source promotion must create 17 unknown Factor axes and no Theme rows.
candidate-90a48d5d64cffbc5cfa2,work-90a48d5d64cffbc5cfa2,complete,complete,complete,complete,complete,unreviewed,,2026-08-22,Library-only intent; downstream source promotion must create 17 unknown Factor axes and no Theme rows.
candidate-90dcaac35aacdc4fd682,work-90dcaac35aacdc4fd682,complete,complete,complete,complete,complete,unreviewed,,2026-08-22,Library-only intent; downstream source promotion must create 17 unknown Factor axes and no Theme rows.
candidate-90e7fb3bdbfb6d3ebab2,work-90e7fb3bdbfb6d3ebab2,complete,complete,complete,complete,complete,unreviewed,,2026-08-22,Library-only intent; downstream source promotion must create 17 unknown Factor axes and no Theme rows.
candidate-9120d2a8575b5caa1a4a,work-9120d2a8575b5caa1a4a,complete,complete,complete,complete,complete,unreviewed,,2026-08-22,Library-only intent; downstream source promotion must create 17 unknown Factor axes and no Theme rows.
candidate-918269f1052ba75e3add,work-918269f1052ba75e3add,complete,complete,complete,complete,complete,unreviewed,,2026-08-22,Library-only intent; downstream source promotion must create 17 unknown Factor axes and no Theme rows.
candidate-91c5f2bf8e844a340b1c,work-91c5f2bf8e844a340b1c,complete,complete,complete,complete,complete,unreviewed,,2026-08-22,Library-only intent; downstream source promotion must create 17 unknown Factor axes and no Theme rows.
candidate-91defad58c596cdfd766,work-91defad58c596cdfd766,complete,complete,complete,complete,complete,unreviewed,,2026-08-22,Library-only intent; downstream source promotion must create 17 unknown Factor axes and no Theme rows.
candidate-9204df77aa0e4c6b1622,work-9204df77aa0e4c6b1622,complete,complete,complete,complete,complete,unreviewed,,2026-08-22,Library-only intent; downstream source promotion must create 17 unknown Factor axes and no Theme rows.
candidate-9215d08d23e8b0041f79,work-9215d08d23e8b0041f79,complete,complete,complete,complete,complete,unreviewed,,2026-08-22,Library-only intent; downstream source promotion must create 17 unknown Factor axes and no Theme rows.
candidate-922521d4b75142332f45,work-922521d4b75142332f45,complete,complete,complete,complete,complete,unreviewed,,2026-08-22,Library-only intent; downstream source promotion must create 17 unknown Factor axes and no Theme rows.
candidate-925f371723beac5227f7,work-925f371723beac5227f7,complete,complete,complete,complete,complete,unreviewed,,2026-08-22,Library-only intent; downstream source promotion must create 17 unknown Factor axes and no Theme rows.
candidate-928f5f27dd2e86b92046,work-928f5f27dd2e86b92046,complete,complete,complete,complete,complete,unreviewed,,2026-08-22,Library-only intent; downstream source promotion must create 17 unknown Factor axes and no Theme rows.
candidate-929225f622a17899935c,work-929225f622a17899935c,complete,complete,complete,complete,complete,unreviewed,,2026-08-22,Library-only intent; downstream source promotion must create 17 unknown Factor axes and no Theme rows.
candidate-92d498541928ccba7865,work-92d498541928ccba7865,complete,complete,complete,complete,complete,unreviewed,,2026-08-22,Library-only intent; downstream source promotion must create 17 unknown Factor axes and no Theme rows.
candidate-92de7bd198cf0cd8a3a2,work-92de7bd198cf0cd8a3a2,complete,complete,complete,complete,complete,unreviewed,,2026-08-22,Library-only intent; downstream source promotion must create 17 unknown Factor axes and no Theme rows.
candidate-933919bb207b365fef36,work-933919bb207b365fef36,complete,complete,complete,complete,complete,unreviewed,,2026-08-22,Library-only intent; downstream source promotion must create 17 unknown Factor axes and no Theme rows.
candidate-933cc90d605b25f3d24a,work-933cc90d605b25f3d24a,complete,complete,complete,complete,complete,unreviewed,,2026-08-22,Library-only intent; downstream source promotion must create 17 unknown Factor axes and no Theme rows.
candidate-93a7507ad6a0965f4491,work-93a7507ad6a0965f4491,complete,complete,complete,complete,complete,unreviewed,,2026-08-22,Library-only intent; downstream source promotion must create 17 unknown Factor axes and no Theme rows.
candidate-93b6c8f8c485a4646900,work-93b6c8f8c485a4646900,complete,complete,complete,complete,complete,unreviewed,,2026-08-22,Library-only intent; downstream source promotion must create 17 unknown Factor axes and no Theme rows.
candidate-93cc9f5cc2b12871f93c,work-93cc9f5cc2b12871f93c,complete,complete,complete,complete,complete,unreviewed,,2026-08-22,Library-only intent; downstream source promotion must create 17 unknown Factor axes and no Theme rows.
candidate-93e9b2f4a6553f46930e,work-93e9b2f4a6553f46930e,complete,complete,complete,complete,complete,unreviewed,,2026-08-22,Library-only intent; downstream source promotion must create 17 unknown Factor axes and no Theme rows.
candidate-93efef7aea4cca78ca31,work-93efef7aea4cca78ca31,complete,complete,complete,complete,complete,unreviewed,,2026-08-22,Library-only intent; downstream source promotion must create 17 unknown Factor axes and no Theme rows.
candidate-9441c3675bf66b066cbb,work-9441c3675bf66b066cbb,complete,complete,complete,complete,complete,unreviewed,,2026-08-22,Library-only intent; downstream source promotion must create 17 unknown Factor axes and no Theme rows.
candidate-945f047caf044b612828,work-945f047caf044b612828,complete,complete,complete,complete,complete,unreviewed,,2026-08-22,Library-only intent; downstream source promotion must create 17 unknown Factor axes and no Theme rows.
candidate-94e1e27d576ac0b355d8,work-94e1e27d576ac0b355d8,complete,complete,complete,complete,complete,unreviewed,,2026-08-22,Library-only intent; downstream source promotion must create 17 unknown Factor axes and no Theme rows.
candidate-94eef3a31dd787e88cf1,work-94eef3a31dd787e88cf1,complete,complete,complete,complete,complete,unreviewed,,2026-08-22,Library-only intent; downstream source promotion must create 17 unknown Factor axes and no Theme rows.
candidate-9516d1ec3aa424e46828,work-9516d1ec3aa424e46828,complete,complete,complete,complete,complete,unreviewed,,2026-08-22,Library-only intent; downstream source promotion must create 17 unknown Factor axes and no Theme rows.
candidate-954b6f2a132cd6cdf07b,work-954b6f2a132cd6cdf07b,complete,complete,complete,complete,complete,unreviewed,,2026-08-22,Library-only intent; downstream source promotion must create 17 unknown Factor axes and no Theme rows.
candidate-957cfe06e87cb83853c3,work-957cfe06e87cb83853c3,complete,complete,complete,complete,complete,unreviewed,,2026-08-22,Library-only intent; downstream source promotion must create 17 unknown Factor axes and no Theme rows.
candidate-95880a6b2ca8a072e5b5,work-95880a6b2ca8a072e5b5,complete,complete,complete,complete,complete,unreviewed,,2026-08-22,Library-only intent; downstream source promotion must create 17 unknown Factor axes and no Theme rows.
candidate-95dae802c37593fcc9ab,work-95dae802c37593fcc9ab,complete,complete,complete,complete,complete,unreviewed,,2026-08-22,Library-only intent; downstream source promotion must create 17 unknown Factor axes and no Theme rows.
candidate-95e2ec757f3c1f3743d5,work-95e2ec757f3c1f3743d5,complete,complete,complete,complete,complete,unreviewed,,2026-08-22,Library-only intent; downstream source promotion must create 17 unknown Factor axes and no Theme rows.
candidate-95fd611e0a1d2fd733c9,work-95fd611e0a1d2fd733c9,complete,complete,complete,complete,complete,unreviewed,,2026-08-22,Library-only intent; downstream source promotion must create 17 unknown Factor axes and no Theme rows.
candidate-961a49798df191311f42,work-961a49798df191311f42,complete,complete,complete,complete,complete,unreviewed,,2026-08-22,Library-only intent; downstream source promotion must create 17 unknown Factor axes and no Theme rows.
candidate-968a22513a12496eee61,work-968a22513a12496eee61,complete,complete,complete,complete,complete,unreviewed,,2026-08-22,Library-only intent; downstream source promotion must create 17 unknown Factor axes and no Theme rows.
candidate-968c71abbaaa0b6801eb,work-968c71abbaaa0b6801eb,complete,complete,complete,complete,complete,unreviewed,,2026-08-22,Library-only intent; downstream source promotion must create 17 unknown Factor axes and no Theme rows.
candidate-969bcc1f8f1adbdcdbc9,work-969bcc1f8f1adbdcdbc9,complete,complete,complete,complete,complete,unreviewed,,2026-08-22,Library-only intent; downstream source promotion must create 17 unknown Factor axes and no Theme rows.
candidate-96aef57fdc450e67d57a,work-96aef57fdc450e67d57a,complete,complete,complete,complete,complete,unreviewed,,2026-08-22,Library-only intent; downstream source promotion must create 17 unknown Factor axes and no Theme rows.
candidate-96bba3c4328642674c32,work-96bba3c4328642674c32,complete,complete,complete,complete,complete,unreviewed,,2026-08-22,Library-only intent; downstream source promotion must create 17 unknown Factor axes and no Theme rows.
candidate-96fc9ffa3f2892697285,work-96fc9ffa3f2892697285,complete,complete,complete,complete,complete,unreviewed,,2026-08-22,Library-only intent; downstream source promotion must create 17 unknown Factor axes and no Theme rows.
candidate-970bcce27f74166b6758,work-970bcce27f74166b6758,complete,complete,complete,complete,complete,unreviewed,,2026-08-22,Library-only intent; downstream source promotion must create 17 unknown Factor axes and no Theme rows.
candidate-9711cfc35c4941e50948,work-9711cfc35c4941e50948,complete,complete,complete,complete,complete,unreviewed,,2026-08-22,Library-only intent; downstream source promotion must create 17 unknown Factor axes and no Theme rows.
candidate-9723a4d0d9f4a17839d1,work-9723a4d0d9f4a17839d1,complete,complete,complete,complete,complete,unreviewed,,2026-08-22,Library-only intent; downstream source promotion must create 17 unknown Factor axes and no Theme rows.
candidate-974a42056e7a969be948,work-974a42056e7a969be948,complete,complete,complete,complete,complete,unreviewed,,2026-08-22,Library-only intent; downstream source promotion must create 17 unknown Factor axes and no Theme rows.
candidate-9791d80d12670e9b87c5,work-9791d80d12670e9b87c5,complete,complete,complete,complete,complete,unreviewed,,2026-08-22,Library-only intent; downstream source promotion must create 17 unknown Factor axes and no Theme rows.
candidate-979c21cf10bbe09a70b9,work-979c21cf10bbe09a70b9,complete,complete,complete,complete,complete,unreviewed,,2026-08-22,Library-only intent; downstream source promotion must create 17 unknown Factor axes and no Theme rows.
candidate-97d088086128a66d692d,work-97d088086128a66d692d,complete,complete,complete,complete,complete,unreviewed,,2026-08-22,Library-only intent; downstream source promotion must create 17 unknown Factor axes and no Theme rows.
candidate-9819dc57951f1adb8729,work-9819dc57951f1adb8729,complete,complete,complete,complete,complete,unreviewed,,2026-08-22,Library-only intent; downstream source promotion must create 17 unknown Factor axes and no Theme rows.
candidate-982bb79e03193ebbafcd,work-982bb79e03193ebbafcd,complete,complete,complete,complete,complete,unreviewed,,2026-08-22,Library-only intent; downstream source promotion must create 17 unknown Factor axes and no Theme rows.
candidate-98496629236d52367540,work-98496629236d52367540,complete,complete,complete,complete,complete,unreviewed,,2026-08-22,Library-only intent; downstream source promotion must create 17 unknown Factor axes and no Theme rows.
candidate-98626de1d3e25186d1bb,work-98626de1d3e25186d1bb,complete,complete,complete,complete,complete,unreviewed,,2026-08-22,Library-only intent; downstream source promotion must create 17 unknown Factor axes and no Theme rows.
candidate-98637340992f2f50107d,work-98637340992f2f50107d,complete,complete,complete,complete,complete,unreviewed,,2026-08-22,Library-only intent; downstream source promotion must create 17 unknown Factor axes and no Theme rows.
candidate-986fd04811a0b3d816f1,work-986fd04811a0b3d816f1,complete,complete,complete,complete,complete,unreviewed,,2026-08-22,Library-only intent; downstream source promotion must create 17 unknown Factor axes and no Theme rows.
candidate-9894bab2657809d62a14,work-9894bab2657809d62a14,complete,complete,complete,complete,complete,unreviewed,,2026-08-22,Library-only intent; downstream source promotion must create 17 unknown Factor axes and no Theme rows.
candidate-989ea31af1af92fb78b4,work-989ea31af1af92fb78b4,complete,complete,complete,complete,complete,unreviewed,,2026-08-22,Library-only intent; downstream source promotion must create 17 unknown Factor axes and no Theme rows.
candidate-98b7d2ef065bde405972,work-98b7d2ef065bde405972,complete,complete,complete,complete,complete,unreviewed,,2026-08-22,Library-only intent; downstream source promotion must create 17 unknown Factor axes and no Theme rows.
candidate-98d513b70560f2f96a38,work-98d513b70560f2f96a38,complete,complete,complete,complete,complete,unreviewed,,2026-08-22,Library-only intent; downstream source promotion must create 17 unknown Factor axes and no Theme rows.
candidate-99046601b40a492141c1,work-99046601b40a492141c1,complete,complete,complete,complete,complete,unreviewed,,2026-08-22,Library-only intent; downstream source promotion must create 17 unknown Factor axes and no Theme rows.
candidate-9919ce0368e7e46897b5,work-9919ce0368e7e46897b5,complete,complete,complete,complete,complete,unreviewed,,2026-08-22,Library-only intent; downstream source promotion must create 17 unknown Factor axes and no Theme rows.
candidate-994f45d756b4055ece27,work-994f45d756b4055ece27,complete,complete,complete,complete,complete,unreviewed,,2026-08-22,Library-only intent; downstream source promotion must create 17 unknown Factor axes and no Theme rows.
candidate-99d81456c341e239d7af,work-99d81456c341e239d7af,complete,complete,complete,complete,complete,unreviewed,,2026-08-22,Library-only intent; downstream source promotion must create 17 unknown Factor axes and no Theme rows.
candidate-99feb5a88e39c429b8c2,work-99feb5a88e39c429b8c2,complete,complete,complete,complete,complete,unreviewed,,2026-08-22,Library-only intent; downstream source promotion must create 17 unknown Factor axes and no Theme rows.
candidate-9a006f9a47769dfc2c3a,work-9a006f9a47769dfc2c3a,complete,complete,complete,complete,complete,unreviewed,,2026-08-22,Library-only intent; downstream source promotion must create 17 unknown Factor axes and no Theme rows.
candidate-9a0dc26c6ae8f8e675c4,work-9a0dc26c6ae8f8e675c4,complete,complete,complete,complete,complete,unreviewed,,2026-08-22,Library-only intent; downstream source promotion must create 17 unknown Factor axes and no Theme rows.
candidate-9a1d727d87f46ac407d1,work-9a1d727d87f46ac407d1,complete,complete,complete,complete,complete,unreviewed,,2026-08-22,Library-only intent; downstream source promotion must create 17 unknown Factor axes and no Theme rows.
candidate-9a375ef7844b5d6e69af,work-9a375ef7844b5d6e69af,complete,complete,complete,complete,complete,unreviewed,,2026-08-22,Library-only intent; downstream source promotion must create 17 unknown Factor axes and no Theme rows.
candidate-9ad564d206d2c1a6c4ef,chainsaw-man,complete,complete,complete,complete,complete,authorizedModelPanel,reviews/g1-sanity-panel.md,2026-08-22,Existing Gold annotation contract reused from reviews/g1-sanity-panel.md.
candidate-9b1c428d3210fa2b70bf,work-9b1c428d3210fa2b70bf,complete,complete,complete,complete,complete,unreviewed,,2026-08-22,Library-only intent; downstream source promotion must create 17 unknown Factor axes and no Theme rows.
candidate-9b42e9cda7743bba0f9b,work-9b42e9cda7743bba0f9b,complete,complete,complete,complete,complete,unreviewed,,2026-08-22,Library-only intent; downstream source promotion must create 17 unknown Factor axes and no Theme rows.
candidate-9b486df34cdf8853a038,work-9b486df34cdf8853a038,complete,complete,complete,complete,complete,unreviewed,,2026-08-22,Library-only intent; downstream source promotion must create 17 unknown Factor axes and no Theme rows.
candidate-9bad151827d73f15815a,work-9bad151827d73f15815a,complete,complete,complete,complete,complete,unreviewed,,2026-08-22,Library-only intent; downstream source promotion must create 17 unknown Factor axes and no Theme rows.
candidate-9bb7bc1f5f40a377ed68,work-9bb7bc1f5f40a377ed68,complete,complete,complete,complete,complete,unreviewed,,2026-08-22,Library-only intent; downstream source promotion must create 17 unknown Factor axes and no Theme rows.
candidate-9bc48e7f5208ca6bd0eb,work-9bc48e7f5208ca6bd0eb,complete,complete,complete,complete,complete,unreviewed,,2026-08-22,Library-only intent; downstream source promotion must create 17 unknown Factor axes and no Theme rows.
candidate-9bd00739b995d84e2494,work-9bd00739b995d84e2494,complete,complete,complete,complete,complete,unreviewed,,2026-08-22,Library-only intent; downstream source promotion must create 17 unknown Factor axes and no Theme rows.
candidate-9c412903936a15ec703f,work-9c412903936a15ec703f,complete,complete,complete,complete,complete,unreviewed,,2026-08-22,Library-only intent; downstream source promotion must create 17 unknown Factor axes and no Theme rows.
candidate-9c61ec68f9fc25c13b3e,work-9c61ec68f9fc25c13b3e,complete,complete,complete,complete,complete,unreviewed,,2026-08-22,Library-only intent; downstream source promotion must create 17 unknown Factor axes and no Theme rows.
candidate-9c99d5d65e8e6a4a8465,work-9c99d5d65e8e6a4a8465,complete,complete,complete,complete,complete,unreviewed,,2026-08-22,Library-only intent; downstream source promotion must create 17 unknown Factor axes and no Theme rows.
candidate-9ce9f67dfe1aef833c70,work-9ce9f67dfe1aef833c70,complete,complete,complete,complete,complete,unreviewed,,2026-08-22,Library-only intent; downstream source promotion must create 17 unknown Factor axes and no Theme rows.
candidate-9cfccaa87d8dc193f422,work-9cfccaa87d8dc193f422,complete,complete,complete,complete,complete,unreviewed,,2026-08-22,Library-only intent; downstream source promotion must create 17 unknown Factor axes and no Theme rows.
candidate-9cfdc50b51526aad52a4,work-9cfdc50b51526aad52a4,complete,complete,complete,complete,complete,unreviewed,,2026-08-22,Library-only intent; downstream source promotion must create 17 unknown Factor axes and no Theme rows.
candidate-9d04c47e7efbbbd8aca6,work-9d04c47e7efbbbd8aca6,complete,complete,complete,complete,complete,unreviewed,,2026-08-22,Library-only intent; downstream source promotion must create 17 unknown Factor axes and no Theme rows.
candidate-9d2b58c5a982b7ddcbc6,work-9d2b58c5a982b7ddcbc6,complete,complete,complete,complete,complete,unreviewed,,2026-08-22,Library-only intent; downstream source promotion must create 17 unknown Factor axes and no Theme rows.
candidate-9d437b1a9711aeb3471d,work-9d437b1a9711aeb3471d,complete,complete,complete,complete,complete,unreviewed,,2026-08-22,Library-only intent; downstream source promotion must create 17 unknown Factor axes and no Theme rows.
candidate-9d521b89712c948b76ce,work-9d521b89712c948b76ce,complete,complete,complete,complete,complete,unreviewed,,2026-08-22,Library-only intent; downstream source promotion must create 17 unknown Factor axes and no Theme rows.
candidate-9d5d64262dbc2893acd4,work-9d5d64262dbc2893acd4,complete,complete,complete,complete,complete,unreviewed,,2026-08-22,Library-only intent; downstream source promotion must create 17 unknown Factor axes and no Theme rows.
candidate-9de2b62d9ed781881670,work-9de2b62d9ed781881670,complete,complete,complete,complete,complete,unreviewed,,2026-08-22,Library-only intent; downstream source promotion must create 17 unknown Factor axes and no Theme rows.
candidate-9e12ab5a319cfbf36307,work-9e12ab5a319cfbf36307,complete,complete,complete,complete,complete,unreviewed,,2026-08-22,Library-only intent; downstream source promotion must create 17 unknown Factor axes and no Theme rows.
candidate-9e98119539f60465ce66,work-9e98119539f60465ce66,complete,complete,complete,complete,complete,unreviewed,,2026-08-22,Library-only intent; downstream source promotion must create 17 unknown Factor axes and no Theme rows.
candidate-9ea21464345e9489a6c2,work-9ea21464345e9489a6c2,complete,complete,complete,complete,complete,unreviewed,,2026-08-22,Library-only intent; downstream source promotion must create 17 unknown Factor axes and no Theme rows.
candidate-9ea5b539398abf33389c,work-9ea5b539398abf33389c,complete,complete,complete,complete,complete,unreviewed,,2026-08-22,Library-only intent; downstream source promotion must create 17 unknown Factor axes and no Theme rows.
candidate-9ea915886fe936b47d61,natsumes-book-of-friends,complete,complete,complete,complete,complete,authorizedModelPanel,reviews/g1-sanity-panel.md,2026-08-22,Existing Gold annotation contract reused from reviews/g1-sanity-panel.md.
candidate-9ed6fa395060b8ee9851,work-9ed6fa395060b8ee9851,complete,complete,complete,complete,complete,unreviewed,,2026-08-22,Library-only intent; downstream source promotion must create 17 unknown Factor axes and no Theme rows.
candidate-9eddcb2b8337e0a27537,work-9eddcb2b8337e0a27537,complete,complete,complete,complete,complete,unreviewed,,2026-08-22,Library-only intent; downstream source promotion must create 17 unknown Factor axes and no Theme rows.
candidate-9ee686214ab1d0d4c8fc,work-9ee686214ab1d0d4c8fc,complete,complete,complete,complete,complete,unreviewed,,2026-08-22,Library-only intent; downstream source promotion must create 17 unknown Factor axes and no Theme rows.
candidate-9f01ddaef8d3525c771f,work-9f01ddaef8d3525c771f,complete,complete,complete,complete,complete,unreviewed,,2026-08-22,Library-only intent; downstream source promotion must create 17 unknown Factor axes and no Theme rows.
candidate-9f2db6ebe083f66c893a,work-9f2db6ebe083f66c893a,complete,complete,complete,complete,complete,unreviewed,,2026-08-22,Library-only intent; downstream source promotion must create 17 unknown Factor axes and no Theme rows.
candidate-9f3cb76fbf3b626f101a,work-9f3cb76fbf3b626f101a,complete,complete,complete,complete,complete,unreviewed,,2026-08-22,Library-only intent; downstream source promotion must create 17 unknown Factor axes and no Theme rows.
candidate-9f6e65be23de6688e45b,work-9f6e65be23de6688e45b,complete,complete,complete,complete,complete,unreviewed,,2026-08-22,Library-only intent; downstream source promotion must create 17 unknown Factor axes and no Theme rows.
candidate-9fb32a2b0f954de5f4a3,work-9fb32a2b0f954de5f4a3,complete,complete,complete,complete,complete,unreviewed,,2026-08-22,Library-only intent; downstream source promotion must create 17 unknown Factor axes and no Theme rows.
candidate-9fc590948fe2b54fdcf3,work-9fc590948fe2b54fdcf3,complete,complete,complete,complete,complete,unreviewed,,2026-08-22,Library-only intent; downstream source promotion must create 17 unknown Factor axes and no Theme rows.
candidate-9ffbdff3e9db3f9826e9,work-9ffbdff3e9db3f9826e9,complete,complete,complete,complete,complete,unreviewed,,2026-08-22,Library-only intent; downstream source promotion must create 17 unknown Factor axes and no Theme rows.
candidate-a05b0d00f7d8d7592c7e,work-a05b0d00f7d8d7592c7e,complete,complete,complete,complete,complete,unreviewed,,2026-08-22,Library-only intent; downstream source promotion must create 17 unknown Factor axes and no Theme rows.
candidate-a089c0eef91d1213da38,work-a089c0eef91d1213da38,complete,complete,complete,complete,complete,unreviewed,,2026-08-22,Library-only intent; downstream source promotion must create 17 unknown Factor axes and no Theme rows.
candidate-a0cf232c6e526adba12f,skip-and-loafer,complete,complete,complete,complete,complete,authorizedModelPanel,reviews/g1-sanity-panel.md,2026-08-22,Existing Gold annotation contract reused from reviews/g1-sanity-panel.md.
candidate-a0ef16551acd379eb984,work-a0ef16551acd379eb984,complete,complete,complete,complete,complete,unreviewed,,2026-08-22,Library-only intent; downstream source promotion must create 17 unknown Factor axes and no Theme rows.
candidate-a0fdd0c31f6b45d32172,work-a0fdd0c31f6b45d32172,complete,complete,complete,complete,complete,unreviewed,,2026-08-22,Library-only intent; downstream source promotion must create 17 unknown Factor axes and no Theme rows.
candidate-a111c5b5eb985dbc9c50,work-a111c5b5eb985dbc9c50,complete,complete,complete,complete,complete,unreviewed,,2026-08-22,Library-only intent; downstream source promotion must create 17 unknown Factor axes and no Theme rows.
candidate-a14cf4446d589444177f,work-a14cf4446d589444177f,complete,complete,complete,complete,complete,unreviewed,,2026-08-22,Library-only intent; downstream source promotion must create 17 unknown Factor axes and no Theme rows.
candidate-a15b3e6abad9affdea74,work-a15b3e6abad9affdea74,complete,complete,complete,complete,complete,unreviewed,,2026-08-22,Library-only intent; downstream source promotion must create 17 unknown Factor axes and no Theme rows.
candidate-a1798a9542d578b3137d,work-a1798a9542d578b3137d,complete,complete,complete,complete,complete,unreviewed,,2026-08-22,Library-only intent; downstream source promotion must create 17 unknown Factor axes and no Theme rows.
candidate-a19dbc25b52fe100ed66,work-a19dbc25b52fe100ed66,complete,complete,complete,complete,complete,unreviewed,,2026-08-22,Library-only intent; downstream source promotion must create 17 unknown Factor axes and no Theme rows.
candidate-a249a1a5c8938ef5ab9e,work-a249a1a5c8938ef5ab9e,complete,complete,complete,complete,complete,unreviewed,,2026-08-22,Library-only intent; downstream source promotion must create 17 unknown Factor axes and no Theme rows.
candidate-a24e0d721bd03f8dfc41,work-a24e0d721bd03f8dfc41,complete,complete,complete,complete,complete,unreviewed,,2026-08-22,Library-only intent; downstream source promotion must create 17 unknown Factor axes and no Theme rows.
candidate-a25bac53b4757f13f21a,work-a25bac53b4757f13f21a,complete,complete,complete,complete,complete,unreviewed,,2026-08-22,Library-only intent; downstream source promotion must create 17 unknown Factor axes and no Theme rows.
candidate-a268fb6b187e6a7ffd72,work-a268fb6b187e6a7ffd72,complete,complete,complete,complete,complete,unreviewed,,2026-08-22,Library-only intent; downstream source promotion must create 17 unknown Factor axes and no Theme rows.
candidate-a27bbfd85487a68b974a,work-a27bbfd85487a68b974a,complete,complete,complete,complete,complete,unreviewed,,2026-08-22,Library-only intent; downstream source promotion must create 17 unknown Factor axes and no Theme rows.
candidate-a280377d41783aab421d,work-a280377d41783aab421d,complete,complete,complete,complete,complete,unreviewed,,2026-08-22,Library-only intent; downstream source promotion must create 17 unknown Factor axes and no Theme rows.
candidate-a2dbffa203dc2a27aa25,work-a2dbffa203dc2a27aa25,complete,complete,complete,complete,complete,unreviewed,,2026-08-22,Library-only intent; downstream source promotion must create 17 unknown Factor axes and no Theme rows.
candidate-a2f0a0e6114c3b669689,work-a2f0a0e6114c3b669689,complete,complete,complete,complete,complete,unreviewed,,2026-08-22,Library-only intent; downstream source promotion must create 17 unknown Factor axes and no Theme rows.
candidate-a30c0fbb0769daac98cc,work-a30c0fbb0769daac98cc,complete,complete,complete,complete,complete,unreviewed,,2026-08-22,Library-only intent; downstream source promotion must create 17 unknown Factor axes and no Theme rows.
candidate-a3182a646697c06c2526,work-a3182a646697c06c2526,complete,complete,complete,complete,complete,unreviewed,,2026-08-22,Library-only intent; downstream source promotion must create 17 unknown Factor axes and no Theme rows.
candidate-a31925593fef2aaca2e2,work-a31925593fef2aaca2e2,complete,complete,complete,complete,complete,unreviewed,,2026-08-22,Library-only intent; downstream source promotion must create 17 unknown Factor axes and no Theme rows.
candidate-a33cda6fe7a6aedc1ef2,work-a33cda6fe7a6aedc1ef2,complete,complete,complete,complete,complete,unreviewed,,2026-08-22,Library-only intent; downstream source promotion must create 17 unknown Factor axes and no Theme rows.
candidate-a35a61b852c16a061059,work-a35a61b852c16a061059,complete,complete,complete,complete,complete,unreviewed,,2026-08-22,Library-only intent; downstream source promotion must create 17 unknown Factor axes and no Theme rows.
candidate-a38a0adc31f0622bf206,work-a38a0adc31f0622bf206,complete,complete,complete,complete,complete,unreviewed,,2026-08-22,Library-only intent; downstream source promotion must create 17 unknown Factor axes and no Theme rows.
candidate-a3a198078e3623f56c86,work-a3a198078e3623f56c86,complete,complete,complete,complete,complete,unreviewed,,2026-08-22,Library-only intent; downstream source promotion must create 17 unknown Factor axes and no Theme rows.
candidate-a3b7c5c6810710ed3721,work-a3b7c5c6810710ed3721,complete,complete,complete,complete,complete,unreviewed,,2026-08-22,Library-only intent; downstream source promotion must create 17 unknown Factor axes and no Theme rows.
candidate-a3d922576a1a1ecc8e3e,work-a3d922576a1a1ecc8e3e,complete,complete,complete,complete,complete,unreviewed,,2026-08-22,Library-only intent; downstream source promotion must create 17 unknown Factor axes and no Theme rows.
candidate-a3ed52406fbf51370b41,work-a3ed52406fbf51370b41,complete,complete,complete,complete,complete,unreviewed,,2026-08-22,Library-only intent; downstream source promotion must create 17 unknown Factor axes and no Theme rows.
candidate-a3f82c226e2ef72b9805,work-a3f82c226e2ef72b9805,complete,complete,complete,complete,complete,unreviewed,,2026-08-22,Library-only intent; downstream source promotion must create 17 unknown Factor axes and no Theme rows.
candidate-a42530eb1460613ddb66,work-a42530eb1460613ddb66,complete,complete,complete,complete,complete,unreviewed,,2026-08-22,Library-only intent; downstream source promotion must create 17 unknown Factor axes and no Theme rows.
candidate-a4382c451f4eb3bf3995,work-a4382c451f4eb3bf3995,complete,complete,complete,complete,complete,unreviewed,,2026-08-22,Library-only intent; downstream source promotion must create 17 unknown Factor axes and no Theme rows.
candidate-a445f8af874d3f959800,she-loves-to-cook-and-she-loves-to-eat,complete,complete,complete,complete,complete,authorizedModelPanel,reviews/g2-catalog-annotation-panel.md,2026-08-22,Existing Gold annotation contract reused from reviews/g2-catalog-annotation-panel.md.
candidate-a44dc3d83aa629edb8d6,work-a44dc3d83aa629edb8d6,complete,complete,complete,complete,complete,unreviewed,,2026-08-22,Library-only intent; downstream source promotion must create 17 unknown Factor axes and no Theme rows.
candidate-a46aa6b40c164ff18925,work-a46aa6b40c164ff18925,complete,complete,complete,complete,complete,unreviewed,,2026-08-22,Library-only intent; downstream source promotion must create 17 unknown Factor axes and no Theme rows.
candidate-a47ba80532ff25bd84c0,work-a47ba80532ff25bd84c0,complete,complete,complete,complete,complete,unreviewed,,2026-08-22,Library-only intent; downstream source promotion must create 17 unknown Factor axes and no Theme rows.
candidate-a4a4d06aa88c7e6c4f00,work-a4a4d06aa88c7e6c4f00,complete,complete,complete,complete,complete,unreviewed,,2026-08-22,Library-only intent; downstream source promotion must create 17 unknown Factor axes and no Theme rows.
candidate-a4ca6e21e97927928e1a,work-a4ca6e21e97927928e1a,complete,complete,complete,complete,complete,unreviewed,,2026-08-22,Library-only intent; downstream source promotion must create 17 unknown Factor axes and no Theme rows.
candidate-a5485a456a0896a0431b,work-a5485a456a0896a0431b,complete,complete,complete,complete,complete,unreviewed,,2026-08-22,Library-only intent; downstream source promotion must create 17 unknown Factor axes and no Theme rows.
candidate-a59481c00155de21d75f,work-a59481c00155de21d75f,complete,complete,complete,complete,complete,unreviewed,,2026-08-22,Library-only intent; downstream source promotion must create 17 unknown Factor axes and no Theme rows.
candidate-a5a6e4383b0ae45add35,work-a5a6e4383b0ae45add35,complete,complete,complete,complete,complete,unreviewed,,2026-08-22,Library-only intent; downstream source promotion must create 17 unknown Factor axes and no Theme rows.
candidate-a5ea58e7f117809f190c,work-a5ea58e7f117809f190c,complete,complete,complete,complete,complete,unreviewed,,2026-08-22,Library-only intent; downstream source promotion must create 17 unknown Factor axes and no Theme rows.
candidate-a62a4e661d1b32d913de,work-a62a4e661d1b32d913de,complete,complete,complete,complete,complete,unreviewed,,2026-08-22,Library-only intent; downstream source promotion must create 17 unknown Factor axes and no Theme rows.
candidate-a63ff955e6bc8227e843,work-a63ff955e6bc8227e843,complete,complete,complete,complete,complete,unreviewed,,2026-08-22,Library-only intent; downstream source promotion must create 17 unknown Factor axes and no Theme rows.
candidate-a6493670a1de599ac6c1,work-a6493670a1de599ac6c1,complete,complete,complete,complete,complete,unreviewed,,2026-08-22,Library-only intent; downstream source promotion must create 17 unknown Factor axes and no Theme rows.
candidate-a68955f5898263495c4d,work-a68955f5898263495c4d,complete,complete,complete,complete,complete,unreviewed,,2026-08-22,Library-only intent; downstream source promotion must create 17 unknown Factor axes and no Theme rows.
candidate-a724b1e9c5ce4de26fa5,work-a724b1e9c5ce4de26fa5,complete,complete,complete,complete,complete,unreviewed,,2026-08-22,Library-only intent; downstream source promotion must create 17 unknown Factor axes and no Theme rows.
candidate-a7413b6e35e0d316a538,work-a7413b6e35e0d316a538,complete,complete,complete,complete,complete,unreviewed,,2026-08-22,Library-only intent; downstream source promotion must create 17 unknown Factor axes and no Theme rows.
candidate-a77cc716088d067bec08,work-a77cc716088d067bec08,complete,complete,complete,complete,complete,unreviewed,,2026-08-22,Library-only intent; downstream source promotion must create 17 unknown Factor axes and no Theme rows.
candidate-a7a1e0666169f1b2e8c0,work-a7a1e0666169f1b2e8c0,complete,complete,complete,complete,complete,unreviewed,,2026-08-22,Library-only intent; downstream source promotion must create 17 unknown Factor axes and no Theme rows.
candidate-a7c0f3d7b865ce623311,work-a7c0f3d7b865ce623311,complete,complete,complete,complete,complete,unreviewed,,2026-08-22,Library-only intent; downstream source promotion must create 17 unknown Factor axes and no Theme rows.
candidate-a7e0062c7153978fc6fe,work-a7e0062c7153978fc6fe,complete,complete,complete,complete,complete,unreviewed,,2026-08-22,Library-only intent; downstream source promotion must create 17 unknown Factor axes and no Theme rows.
candidate-a80cf875bfcd0d31e579,work-a80cf875bfcd0d31e579,complete,complete,complete,complete,complete,unreviewed,,2026-08-22,Library-only intent; downstream source promotion must create 17 unknown Factor axes and no Theme rows.
candidate-a81bc17e65a038de3181,work-a81bc17e65a038de3181,complete,complete,complete,complete,complete,unreviewed,,2026-08-22,Library-only intent; downstream source promotion must create 17 unknown Factor axes and no Theme rows.
candidate-a82a20ac5a887ca519e4,work-a82a20ac5a887ca519e4,complete,complete,complete,complete,complete,unreviewed,,2026-08-22,Library-only intent; downstream source promotion must create 17 unknown Factor axes and no Theme rows.
candidate-a82ab0cc2c3fb340283e,work-a82ab0cc2c3fb340283e,complete,complete,complete,complete,complete,unreviewed,,2026-08-22,Library-only intent; downstream source promotion must create 17 unknown Factor axes and no Theme rows.
candidate-a8349445836546a82934,work-a8349445836546a82934,complete,complete,complete,complete,complete,unreviewed,,2026-08-22,Library-only intent; downstream source promotion must create 17 unknown Factor axes and no Theme rows.
candidate-a83fea90f846cb4acd9d,work-a83fea90f846cb4acd9d,complete,complete,complete,complete,complete,unreviewed,,2026-08-22,Library-only intent; downstream source promotion must create 17 unknown Factor axes and no Theme rows.
candidate-a85b2872b13e76305087,work-a85b2872b13e76305087,complete,complete,complete,complete,complete,unreviewed,,2026-08-22,Library-only intent; downstream source promotion must create 17 unknown Factor axes and no Theme rows.
candidate-a86074a0fe7023187fa0,work-a86074a0fe7023187fa0,complete,complete,complete,complete,complete,unreviewed,,2026-08-22,Library-only intent; downstream source promotion must create 17 unknown Factor axes and no Theme rows.
candidate-a873bcfd6bb2d1a5a693,work-a873bcfd6bb2d1a5a693,complete,complete,complete,complete,complete,unreviewed,,2026-08-22,Library-only intent; downstream source promotion must create 17 unknown Factor axes and no Theme rows.
candidate-a88b0770799bfa9159c8,work-a88b0770799bfa9159c8,complete,complete,complete,complete,complete,unreviewed,,2026-08-22,Library-only intent; downstream source promotion must create 17 unknown Factor axes and no Theme rows.
candidate-a8a810cf55a64514d666,work-a8a810cf55a64514d666,complete,complete,complete,complete,complete,unreviewed,,2026-08-22,Library-only intent; downstream source promotion must create 17 unknown Factor axes and no Theme rows.
candidate-a8aaeb4f15aad02d9e79,work-a8aaeb4f15aad02d9e79,complete,complete,complete,complete,complete,unreviewed,,2026-08-22,Library-only intent; downstream source promotion must create 17 unknown Factor axes and no Theme rows.
candidate-a8d81d3c3d25b6b4a8c9,that-time-i-got-reincarnated-as-a-slime,complete,complete,complete,complete,complete,authorizedModelPanel,reviews/g2-catalog-annotation-panel.md,2026-08-22,Existing Gold annotation contract reused from reviews/g2-catalog-annotation-panel.md.
candidate-a8e7fda40fe4cfd357cf,work-a8e7fda40fe4cfd357cf,complete,complete,complete,complete,complete,unreviewed,,2026-08-22,Library-only intent; downstream source promotion must create 17 unknown Factor axes and no Theme rows.
candidate-a8e87996ef571a3bad4d,work-a8e87996ef571a3bad4d,complete,complete,complete,complete,complete,unreviewed,,2026-08-22,Library-only intent; downstream source promotion must create 17 unknown Factor axes and no Theme rows.
candidate-a960372ed5efa4031896,work-a960372ed5efa4031896,complete,complete,complete,complete,complete,unreviewed,,2026-08-22,Library-only intent; downstream source promotion must create 17 unknown Factor axes and no Theme rows.
candidate-a96d64f7be96aacf16b3,work-a96d64f7be96aacf16b3,complete,complete,complete,complete,complete,unreviewed,,2026-08-22,Library-only intent; downstream source promotion must create 17 unknown Factor axes and no Theme rows.
candidate-a988c9cf85bf7ea7a957,work-a988c9cf85bf7ea7a957,complete,complete,complete,complete,complete,unreviewed,,2026-08-22,Library-only intent; downstream source promotion must create 17 unknown Factor axes and no Theme rows.
candidate-a9a854e6a05c6f444428,work-a9a854e6a05c6f444428,complete,complete,complete,complete,complete,unreviewed,,2026-08-22,Library-only intent; downstream source promotion must create 17 unknown Factor axes and no Theme rows.
candidate-aa1653001088732a33e0,work-aa1653001088732a33e0,complete,complete,complete,complete,complete,unreviewed,,2026-08-22,Library-only intent; downstream source promotion must create 17 unknown Factor axes and no Theme rows.
candidate-aa4bc2aeff6c6d0369f4,work-aa4bc2aeff6c6d0369f4,complete,complete,complete,complete,complete,unreviewed,,2026-08-22,Library-only intent; downstream source promotion must create 17 unknown Factor axes and no Theme rows.
candidate-aa6018249b7fe7e92d95,work-aa6018249b7fe7e92d95,complete,complete,complete,complete,complete,unreviewed,,2026-08-22,Library-only intent; downstream source promotion must create 17 unknown Factor axes and no Theme rows.
candidate-aa6d796e2e04a55b94b1,work-aa6d796e2e04a55b94b1,complete,complete,complete,complete,complete,unreviewed,,2026-08-22,Library-only intent; downstream source promotion must create 17 unknown Factor axes and no Theme rows.
candidate-aa85b65d02f367e76a07,work-aa85b65d02f367e76a07,complete,complete,complete,complete,complete,unreviewed,,2026-08-22,Library-only intent; downstream source promotion must create 17 unknown Factor axes and no Theme rows.
candidate-aaff4781a48734c79cdb,work-aaff4781a48734c79cdb,complete,complete,complete,complete,complete,unreviewed,,2026-08-22,Library-only intent; downstream source promotion must create 17 unknown Factor axes and no Theme rows.
candidate-ab1258948eec0e70b1ca,work-ab1258948eec0e70b1ca,complete,complete,complete,complete,complete,unreviewed,,2026-08-22,Library-only intent; downstream source promotion must create 17 unknown Factor axes and no Theme rows.
candidate-ab3d5b23fb97624a6aa4,work-ab3d5b23fb97624a6aa4,complete,complete,complete,complete,complete,unreviewed,,2026-08-22,Library-only intent; downstream source promotion must create 17 unknown Factor axes and no Theme rows.
candidate-ab44ee168274f2a74ed1,work-ab44ee168274f2a74ed1,complete,complete,complete,complete,complete,unreviewed,,2026-08-22,Library-only intent; downstream source promotion must create 17 unknown Factor axes and no Theme rows.
candidate-ab51f5d655622c574dce,work-ab51f5d655622c574dce,complete,complete,complete,complete,complete,unreviewed,,2026-08-22,Library-only intent; downstream source promotion must create 17 unknown Factor axes and no Theme rows.
candidate-ab586cc8c5de02fad336,frieren,complete,complete,complete,complete,complete,authorizedModelPanel,reviews/g1-sanity-panel.md,2026-08-22,Existing Gold annotation contract reused from reviews/g1-sanity-panel.md.
candidate-ab9331f7fed1990f7dc6,work-ab9331f7fed1990f7dc6,complete,complete,complete,complete,complete,unreviewed,,2026-08-22,Library-only intent; downstream source promotion must create 17 unknown Factor axes and no Theme rows.
candidate-ab95f4d4997113e0687a,work-ab95f4d4997113e0687a,complete,complete,complete,complete,complete,unreviewed,,2026-08-22,Library-only intent; downstream source promotion must create 17 unknown Factor axes and no Theme rows.
candidate-abec8267e69f1b6e819e,work-abec8267e69f1b6e819e,complete,complete,complete,complete,complete,unreviewed,,2026-08-22,Library-only intent; downstream source promotion must create 17 unknown Factor axes and no Theme rows.
candidate-ac251a545ef997db9598,work-ac251a545ef997db9598,complete,complete,complete,complete,complete,unreviewed,,2026-08-22,Library-only intent; downstream source promotion must create 17 unknown Factor axes and no Theme rows.
candidate-ac3ab83f61ea39ac15da,work-ac3ab83f61ea39ac15da,complete,complete,complete,complete,complete,unreviewed,,2026-08-22,Library-only intent; downstream source promotion must create 17 unknown Factor axes and no Theme rows.
candidate-ac4059b89f3366ca7a17,work-ac4059b89f3366ca7a17,complete,complete,complete,complete,complete,unreviewed,,2026-08-22,Library-only intent; downstream source promotion must create 17 unknown Factor axes and no Theme rows.
candidate-acaaea5cc496f6c6124a,a-silent-voice,complete,complete,complete,complete,complete,authorizedModelPanel,reviews/g1-sanity-panel.md,2026-08-22,Existing Gold annotation contract reused from reviews/g1-sanity-panel.md.
candidate-acd21b368e5f8056c433,work-acd21b368e5f8056c433,complete,complete,complete,complete,complete,unreviewed,,2026-08-22,Library-only intent; downstream source promotion must create 17 unknown Factor axes and no Theme rows.
candidate-acf8f385f6db7ee0548f,work-acf8f385f6db7ee0548f,complete,complete,complete,complete,complete,unreviewed,,2026-08-22,Library-only intent; downstream source promotion must create 17 unknown Factor axes and no Theme rows.
candidate-ad2b80b81b7bc9b602a3,work-ad2b80b81b7bc9b602a3,complete,complete,complete,complete,complete,unreviewed,,2026-08-22,Library-only intent; downstream source promotion must create 17 unknown Factor axes and no Theme rows.
candidate-ad32c71b07fd13c65a79,work-ad32c71b07fd13c65a79,complete,complete,complete,complete,complete,unreviewed,,2026-08-22,Library-only intent; downstream source promotion must create 17 unknown Factor axes and no Theme rows.
candidate-ad38d82ea223f178fc45,work-ad38d82ea223f178fc45,complete,complete,complete,complete,complete,unreviewed,,2026-08-22,Library-only intent; downstream source promotion must create 17 unknown Factor axes and no Theme rows.
candidate-ad594a078835b140605a,jujutsu-kaisen,complete,complete,complete,complete,complete,authorizedModelPanel,reviews/g1-sanity-panel.md,2026-08-22,Existing Gold annotation contract reused from reviews/g1-sanity-panel.md.
candidate-ad5f86af594b6869b3c4,work-ad5f86af594b6869b3c4,complete,complete,complete,complete,complete,unreviewed,,2026-08-22,Library-only intent; downstream source promotion must create 17 unknown Factor axes and no Theme rows.
candidate-ad6f59e1673b2aecf05d,work-ad6f59e1673b2aecf05d,complete,complete,complete,complete,complete,unreviewed,,2026-08-22,Library-only intent; downstream source promotion must create 17 unknown Factor axes and no Theme rows.
candidate-ad79d2d5274424ff238a,work-ad79d2d5274424ff238a,complete,complete,complete,complete,complete,unreviewed,,2026-08-22,Library-only intent; downstream source promotion must create 17 unknown Factor axes and no Theme rows.
candidate-ada7dc2c1ce53daf775f,historie,complete,complete,complete,complete,complete,authorizedModelPanel,reviews/g2-catalog-annotation-panel.md,2026-08-22,Existing Gold annotation contract reused from reviews/g2-catalog-annotation-panel.md.
candidate-add0fc783fd6e097741a,work-add0fc783fd6e097741a,complete,complete,complete,complete,complete,unreviewed,,2026-08-22,Library-only intent; downstream source promotion must create 17 unknown Factor axes and no Theme rows.
candidate-add65891576ac41cfa2e,work-add65891576ac41cfa2e,complete,complete,complete,complete,complete,unreviewed,,2026-08-22,Library-only intent; downstream source promotion must create 17 unknown Factor axes and no Theme rows.
candidate-ae029e2e5a24c1b73ead,work-ae029e2e5a24c1b73ead,complete,complete,complete,complete,complete,unreviewed,,2026-08-22,Library-only intent; downstream source promotion must create 17 unknown Factor axes and no Theme rows.
candidate-ae0ac8a5acfc5fbb7dd6,work-ae0ac8a5acfc5fbb7dd6,complete,complete,complete,complete,complete,unreviewed,,2026-08-22,Library-only intent; downstream source promotion must create 17 unknown Factor axes and no Theme rows.
candidate-ae5b065450bddde322db,work-ae5b065450bddde322db,complete,complete,complete,complete,complete,unreviewed,,2026-08-22,Library-only intent; downstream source promotion must create 17 unknown Factor axes and no Theme rows.
candidate-ae64a3beb094a9a39208,work-ae64a3beb094a9a39208,complete,complete,complete,complete,complete,unreviewed,,2026-08-22,Library-only intent; downstream source promotion must create 17 unknown Factor axes and no Theme rows.
candidate-ae9ec8e0da7f3c8fa3c9,the-darwin-incident,complete,complete,complete,complete,complete,authorizedModelPanel,reviews/g2-catalog-annotation-panel.md,2026-08-22,Existing Gold annotation contract reused from reviews/g2-catalog-annotation-panel.md.
candidate-aea730e4f15b395ca222,golden-kamuy,complete,complete,complete,complete,complete,authorizedModelPanel,reviews/g1-sanity-panel.md,2026-08-22,Existing Gold annotation contract reused from reviews/g1-sanity-panel.md.
candidate-aea8c87edc086fa7ea0e,work-aea8c87edc086fa7ea0e,complete,complete,complete,complete,complete,unreviewed,,2026-08-22,Library-only intent; downstream source promotion must create 17 unknown Factor axes and no Theme rows.
candidate-aefa7ad21c5edcb200f2,work-aefa7ad21c5edcb200f2,complete,complete,complete,complete,complete,unreviewed,,2026-08-22,Library-only intent; downstream source promotion must create 17 unknown Factor axes and no Theme rows.
candidate-af3443bab1c30d470a76,work-af3443bab1c30d470a76,complete,complete,complete,complete,complete,unreviewed,,2026-08-22,Library-only intent; downstream source promotion must create 17 unknown Factor axes and no Theme rows.
candidate-af747063a237abf9dfc6,work-af747063a237abf9dfc6,complete,complete,complete,complete,complete,unreviewed,,2026-08-22,Library-only intent; downstream source promotion must create 17 unknown Factor axes and no Theme rows.
candidate-af98ab87f1e846c26e1a,work-af98ab87f1e846c26e1a,complete,complete,complete,complete,complete,unreviewed,,2026-08-22,Library-only intent; downstream source promotion must create 17 unknown Factor axes and no Theme rows.
candidate-afae32577b86c1197811,work-afae32577b86c1197811,complete,complete,complete,complete,complete,unreviewed,,2026-08-22,Library-only intent; downstream source promotion must create 17 unknown Factor axes and no Theme rows.
candidate-afe85672c12153071644,work-afe85672c12153071644,complete,complete,complete,complete,complete,unreviewed,,2026-08-22,Library-only intent; downstream source promotion must create 17 unknown Factor axes and no Theme rows.
candidate-b016fb45e3491836d5ce,work-b016fb45e3491836d5ce,complete,complete,complete,complete,complete,unreviewed,,2026-08-22,Library-only intent; downstream source promotion must create 17 unknown Factor axes and no Theme rows.
candidate-b030f64d25c6108129bb,work-b030f64d25c6108129bb,complete,complete,complete,complete,complete,unreviewed,,2026-08-22,Library-only intent; downstream source promotion must create 17 unknown Factor axes and no Theme rows.
candidate-b0393a3f0573bf223d68,work-b0393a3f0573bf223d68,complete,complete,complete,complete,complete,unreviewed,,2026-08-22,Library-only intent; downstream source promotion must create 17 unknown Factor axes and no Theme rows.
candidate-b03c7f59e96d7019f84b,work-b03c7f59e96d7019f84b,complete,complete,complete,complete,complete,unreviewed,,2026-08-22,Library-only intent; downstream source promotion must create 17 unknown Factor axes and no Theme rows.
candidate-b0baba6c795643b1db91,work-b0baba6c795643b1db91,complete,complete,complete,complete,complete,unreviewed,,2026-08-22,Library-only intent; downstream source promotion must create 17 unknown Factor axes and no Theme rows.
candidate-b0d9262b5faec57443d3,work-b0d9262b5faec57443d3,complete,complete,complete,complete,complete,unreviewed,,2026-08-22,Library-only intent; downstream source promotion must create 17 unknown Factor axes and no Theme rows.
candidate-b10c683e9192b2713267,work-b10c683e9192b2713267,complete,complete,complete,complete,complete,unreviewed,,2026-08-22,Library-only intent; downstream source promotion must create 17 unknown Factor axes and no Theme rows.
candidate-b1517b435e9cba65ed3a,work-b1517b435e9cba65ed3a,complete,complete,complete,complete,complete,unreviewed,,2026-08-22,Library-only intent; downstream source promotion must create 17 unknown Factor axes and no Theme rows.
candidate-b2b928add359bc4daf20,work-b2b928add359bc4daf20,complete,complete,complete,complete,complete,unreviewed,,2026-08-22,Library-only intent; downstream source promotion must create 17 unknown Factor axes and no Theme rows.
candidate-b2bde60c1336c7827528,work-b2bde60c1336c7827528,complete,complete,complete,complete,complete,unreviewed,,2026-08-22,Library-only intent; downstream source promotion must create 17 unknown Factor axes and no Theme rows.
candidate-b2be97620643b3342637,work-b2be97620643b3342637,complete,complete,complete,complete,complete,unreviewed,,2026-08-22,Library-only intent; downstream source promotion must create 17 unknown Factor axes and no Theme rows.
candidate-b2c37bdb52e2a78dfd41,work-b2c37bdb52e2a78dfd41,complete,complete,complete,complete,complete,unreviewed,,2026-08-22,Library-only intent; downstream source promotion must create 17 unknown Factor axes and no Theme rows.
candidate-b2e1ad54e15dd95a1f6e,work-b2e1ad54e15dd95a1f6e,complete,complete,complete,complete,complete,unreviewed,,2026-08-22,Library-only intent; downstream source promotion must create 17 unknown Factor axes and no Theme rows.
candidate-b3038bdbf0c923d2df63,work-b3038bdbf0c923d2df63,complete,complete,complete,complete,complete,unreviewed,,2026-08-22,Library-only intent; downstream source promotion must create 17 unknown Factor axes and no Theme rows.
candidate-b30deb01be407f4874d5,work-b30deb01be407f4874d5,complete,complete,complete,complete,complete,unreviewed,,2026-08-22,Library-only intent; downstream source promotion must create 17 unknown Factor axes and no Theme rows.
candidate-b34f17cb8b7a2c8347ae,work-b34f17cb8b7a2c8347ae,complete,complete,complete,complete,complete,unreviewed,,2026-08-22,Library-only intent; downstream source promotion must create 17 unknown Factor axes and no Theme rows.
candidate-b36492e3489351868c3a,work-b36492e3489351868c3a,complete,complete,complete,complete,complete,unreviewed,,2026-08-22,Library-only intent; downstream source promotion must create 17 unknown Factor axes and no Theme rows.
candidate-b3ea582f72fd539f881c,work-b3ea582f72fd539f881c,complete,complete,complete,complete,complete,unreviewed,,2026-08-22,Library-only intent; downstream source promotion must create 17 unknown Factor axes and no Theme rows.
candidate-b403d2f9699b4f8dd110,work-b403d2f9699b4f8dd110,complete,complete,complete,complete,complete,unreviewed,,2026-08-22,Library-only intent; downstream source promotion must create 17 unknown Factor axes and no Theme rows.
candidate-b4284a6ef960f906d31e,work-b4284a6ef960f906d31e,complete,complete,complete,complete,complete,unreviewed,,2026-08-22,Library-only intent; downstream source promotion must create 17 unknown Factor axes and no Theme rows.
candidate-b42c82a6d81e74f36393,work-b42c82a6d81e74f36393,complete,complete,complete,complete,complete,unreviewed,,2026-08-22,Library-only intent; downstream source promotion must create 17 unknown Factor axes and no Theme rows.
candidate-b43179510f04ed7ad247,work-b43179510f04ed7ad247,complete,complete,complete,complete,complete,unreviewed,,2026-08-22,Library-only intent; downstream source promotion must create 17 unknown Factor axes and no Theme rows.
candidate-b4959f8ba3d80eab7fdc,work-b4959f8ba3d80eab7fdc,complete,complete,complete,complete,complete,unreviewed,,2026-08-22,Library-only intent; downstream source promotion must create 17 unknown Factor axes and no Theme rows.
candidate-b4b21d2ebe5b8efc84ea,work-b4b21d2ebe5b8efc84ea,complete,complete,complete,complete,complete,unreviewed,,2026-08-22,Library-only intent; downstream source promotion must create 17 unknown Factor axes and no Theme rows.
candidate-b4ba31a2137661c5d9b7,work-b4ba31a2137661c5d9b7,complete,complete,complete,complete,complete,unreviewed,,2026-08-22,Library-only intent; downstream source promotion must create 17 unknown Factor axes and no Theme rows.
candidate-b50b131e3e2bd7448d96,work-b50b131e3e2bd7448d96,complete,complete,complete,complete,complete,unreviewed,,2026-08-22,Library-only intent; downstream source promotion must create 17 unknown Factor axes and no Theme rows.
candidate-b5a9398b10375ab5e34a,work-b5a9398b10375ab5e34a,complete,complete,complete,complete,complete,unreviewed,,2026-08-22,Library-only intent; downstream source promotion must create 17 unknown Factor axes and no Theme rows.
candidate-b5c4007fad3d7bbd88e6,work-b5c4007fad3d7bbd88e6,complete,complete,complete,complete,complete,unreviewed,,2026-08-22,Library-only intent; downstream source promotion must create 17 unknown Factor axes and no Theme rows.
candidate-b61c060ab91f78b31b2b,yotsuba-to,complete,complete,complete,complete,complete,authorizedModelPanel,reviews/g1-sanity-panel.md,2026-08-22,Existing Gold annotation contract reused from reviews/g1-sanity-panel.md.
candidate-b65fc340da602aa6a002,work-b65fc340da602aa6a002,complete,complete,complete,complete,complete,unreviewed,,2026-08-22,Library-only intent; downstream source promotion must create 17 unknown Factor axes and no Theme rows.
candidate-b6650814d94e1cfd8df0,work-b6650814d94e1cfd8df0,complete,complete,complete,complete,complete,unreviewed,,2026-08-22,Library-only intent; downstream source promotion must create 17 unknown Factor axes and no Theme rows.
candidate-b6b8409e88b672767bf5,work-b6b8409e88b672767bf5,complete,complete,complete,complete,complete,unreviewed,,2026-08-22,Library-only intent; downstream source promotion must create 17 unknown Factor axes and no Theme rows.
candidate-b6e5ab291c28e2a29076,work-b6e5ab291c28e2a29076,complete,complete,complete,complete,complete,unreviewed,,2026-08-22,Library-only intent; downstream source promotion must create 17 unknown Factor axes and no Theme rows.
candidate-b708734262fb9b67f948,work-b708734262fb9b67f948,complete,complete,complete,complete,complete,unreviewed,,2026-08-22,Library-only intent; downstream source promotion must create 17 unknown Factor axes and no Theme rows.
candidate-b73dec44c4920042dcae,work-b73dec44c4920042dcae,complete,complete,complete,complete,complete,unreviewed,,2026-08-22,Library-only intent; downstream source promotion must create 17 unknown Factor axes and no Theme rows.
candidate-b7a1b40d29931c830f36,work-b7a1b40d29931c830f36,complete,complete,complete,complete,complete,unreviewed,,2026-08-22,Library-only intent; downstream source promotion must create 17 unknown Factor axes and no Theme rows.
candidate-b7a7f8c204d15a5c0543,work-b7a7f8c204d15a5c0543,complete,complete,complete,complete,complete,unreviewed,,2026-08-22,Library-only intent; downstream source promotion must create 17 unknown Factor axes and no Theme rows.
candidate-b8092c99183fc1709aa5,work-b8092c99183fc1709aa5,complete,complete,complete,complete,complete,unreviewed,,2026-08-22,Library-only intent; downstream source promotion must create 17 unknown Factor axes and no Theme rows.
candidate-b82f0f93fdd068ab5ade,work-b82f0f93fdd068ab5ade,complete,complete,complete,complete,complete,unreviewed,,2026-08-22,Library-only intent; downstream source promotion must create 17 unknown Factor axes and no Theme rows.
candidate-b837e5e17b849ba1f16c,work-b837e5e17b849ba1f16c,complete,complete,complete,complete,complete,unreviewed,,2026-08-22,Library-only intent; downstream source promotion must create 17 unknown Factor axes and no Theme rows.
candidate-b870bc0a8766298e959d,work-b870bc0a8766298e959d,complete,complete,complete,complete,complete,unreviewed,,2026-08-22,Library-only intent; downstream source promotion must create 17 unknown Factor axes and no Theme rows.
candidate-b878ac041b9c56fdedee,work-b878ac041b9c56fdedee,complete,complete,complete,complete,complete,unreviewed,,2026-08-22,Library-only intent; downstream source promotion must create 17 unknown Factor axes and no Theme rows.
candidate-b8e8677c1cf0600ba9ae,work-b8e8677c1cf0600ba9ae,complete,complete,complete,complete,complete,unreviewed,,2026-08-22,Library-only intent; downstream source promotion must create 17 unknown Factor axes and no Theme rows.
candidate-b8f6b96bf69d3054f73d,work-b8f6b96bf69d3054f73d,complete,complete,complete,complete,complete,unreviewed,,2026-08-22,Library-only intent; downstream source promotion must create 17 unknown Factor axes and no Theme rows.
candidate-b96bf77bd21ed120dbb9,work-b96bf77bd21ed120dbb9,complete,complete,complete,complete,complete,unreviewed,,2026-08-22,Library-only intent; downstream source promotion must create 17 unknown Factor axes and no Theme rows.
candidate-b96dd032786014446952,work-b96dd032786014446952,complete,complete,complete,complete,complete,unreviewed,,2026-08-22,Library-only intent; downstream source promotion must create 17 unknown Factor axes and no Theme rows.
candidate-b96ddda6b8c1e557a1aa,work-b96ddda6b8c1e557a1aa,complete,complete,complete,complete,complete,unreviewed,,2026-08-22,Library-only intent; downstream source promotion must create 17 unknown Factor axes and no Theme rows.
candidate-b986b14ce64ba5081a4c,work-b986b14ce64ba5081a4c,complete,complete,complete,complete,complete,unreviewed,,2026-08-22,Library-only intent; downstream source promotion must create 17 unknown Factor axes and no Theme rows.
candidate-b9b5c17e13ccb24f624c,work-b9b5c17e13ccb24f624c,complete,complete,complete,complete,complete,unreviewed,,2026-08-22,Library-only intent; downstream source promotion must create 17 unknown Factor axes and no Theme rows.
candidate-b9d10a19087fe9608c87,work-b9d10a19087fe9608c87,complete,complete,complete,complete,complete,unreviewed,,2026-08-22,Library-only intent; downstream source promotion must create 17 unknown Factor axes and no Theme rows.
candidate-ba0f61184218109003a3,work-ba0f61184218109003a3,complete,complete,complete,complete,complete,unreviewed,,2026-08-22,Library-only intent; downstream source promotion must create 17 unknown Factor axes and no Theme rows.
candidate-ba25b1e7c446ec3c01b7,work-ba25b1e7c446ec3c01b7,complete,complete,complete,complete,complete,unreviewed,,2026-08-22,Library-only intent; downstream source promotion must create 17 unknown Factor axes and no Theme rows.
candidate-ba268cddc64ed3a4cf32,work-ba268cddc64ed3a4cf32,complete,complete,complete,complete,complete,unreviewed,,2026-08-22,Library-only intent; downstream source promotion must create 17 unknown Factor axes and no Theme rows.
candidate-ba9a377f97f53eb2a746,work-ba9a377f97f53eb2a746,complete,complete,complete,complete,complete,unreviewed,,2026-08-22,Library-only intent; downstream source promotion must create 17 unknown Factor axes and no Theme rows.
candidate-bab766aa49cd922c0b11,work-bab766aa49cd922c0b11,complete,complete,complete,complete,complete,unreviewed,,2026-08-22,Library-only intent; downstream source promotion must create 17 unknown Factor axes and no Theme rows.
candidate-babec3af85aa4c567660,flying-witch,complete,complete,complete,complete,complete,authorizedModelPanel,reviews/g2-catalog-annotation-panel.md,2026-08-22,Existing Gold annotation contract reused from reviews/g2-catalog-annotation-panel.md.
candidate-bad930ace10caa55d7e2,work-bad930ace10caa55d7e2,complete,complete,complete,complete,complete,unreviewed,,2026-08-22,Library-only intent; downstream source promotion must create 17 unknown Factor axes and no Theme rows.
candidate-baf3c9c7f657242aa194,work-baf3c9c7f657242aa194,complete,complete,complete,complete,complete,unreviewed,,2026-08-22,Library-only intent; downstream source promotion must create 17 unknown Factor axes and no Theme rows.
candidate-bb654a8f2166bed49f9a,work-bb654a8f2166bed49f9a,complete,complete,complete,complete,complete,unreviewed,,2026-08-22,Library-only intent; downstream source promotion must create 17 unknown Factor axes and no Theme rows.
candidate-bb69c71a844a88a47969,work-bb69c71a844a88a47969,complete,complete,complete,complete,complete,unreviewed,,2026-08-22,Library-only intent; downstream source promotion must create 17 unknown Factor axes and no Theme rows.
candidate-bb7c2a4f63ef8e781606,work-bb7c2a4f63ef8e781606,complete,complete,complete,complete,complete,unreviewed,,2026-08-22,Library-only intent; downstream source promotion must create 17 unknown Factor axes and no Theme rows.
candidate-bb7f73d695b719a6adbf,work-bb7f73d695b719a6adbf,complete,complete,complete,complete,complete,unreviewed,,2026-08-22,Library-only intent; downstream source promotion must create 17 unknown Factor axes and no Theme rows.
candidate-bb8ed9d87c9da1591e4c,work-bb8ed9d87c9da1591e4c,complete,complete,complete,complete,complete,unreviewed,,2026-08-22,Library-only intent; downstream source promotion must create 17 unknown Factor axes and no Theme rows.
candidate-bb9ee891b6fcd3ddf2db,work-bb9ee891b6fcd3ddf2db,complete,complete,complete,complete,complete,unreviewed,,2026-08-22,Library-only intent; downstream source promotion must create 17 unknown Factor axes and no Theme rows.
candidate-bbac2743f6c44efda949,work-bbac2743f6c44efda949,complete,complete,complete,complete,complete,unreviewed,,2026-08-22,Library-only intent; downstream source promotion must create 17 unknown Factor axes and no Theme rows.
candidate-bbeeaad9e37ab267dc29,work-bbeeaad9e37ab267dc29,complete,complete,complete,complete,complete,unreviewed,,2026-08-22,Library-only intent; downstream source promotion must create 17 unknown Factor axes and no Theme rows.
candidate-bc030e8a35e7adf54ca6,my-hero-academia,complete,complete,complete,complete,complete,authorizedModelPanel,reviews/g1-sanity-panel.md,2026-08-22,Existing Gold annotation contract reused from reviews/g1-sanity-panel.md.
candidate-bc213d5c418d27ebcf2a,work-bc213d5c418d27ebcf2a,complete,complete,complete,complete,complete,unreviewed,,2026-08-22,Library-only intent; downstream source promotion must create 17 unknown Factor axes and no Theme rows.
candidate-bc2998e79453ac2113e7,work-bc2998e79453ac2113e7,complete,complete,complete,complete,complete,unreviewed,,2026-08-22,Library-only intent; downstream source promotion must create 17 unknown Factor axes and no Theme rows.
candidate-bc3adc5541bc8e96c5fd,work-bc3adc5541bc8e96c5fd,complete,complete,complete,complete,complete,unreviewed,,2026-08-22,Library-only intent; downstream source promotion must create 17 unknown Factor axes and no Theme rows.
candidate-bc50d9b0573bc07a986d,work-bc50d9b0573bc07a986d,complete,complete,complete,complete,complete,unreviewed,,2026-08-22,Library-only intent; downstream source promotion must create 17 unknown Factor axes and no Theme rows.
candidate-bc7561b3680492d55be9,work-bc7561b3680492d55be9,complete,complete,complete,complete,complete,unreviewed,,2026-08-22,Library-only intent; downstream source promotion must create 17 unknown Factor axes and no Theme rows.
candidate-bc8093205bdb1ae22eb2,work-bc8093205bdb1ae22eb2,complete,complete,complete,complete,complete,unreviewed,,2026-08-22,Library-only intent; downstream source promotion must create 17 unknown Factor axes and no Theme rows.
candidate-bcd43d3188c2533e1068,work-bcd43d3188c2533e1068,complete,complete,complete,complete,complete,unreviewed,,2026-08-22,Library-only intent; downstream source promotion must create 17 unknown Factor axes and no Theme rows.
candidate-bcf6814e2f138e3d4b6e,work-bcf6814e2f138e3d4b6e,complete,complete,complete,complete,complete,unreviewed,,2026-08-22,Library-only intent; downstream source promotion must create 17 unknown Factor axes and no Theme rows.
candidate-bd42208a660912d9d95d,work-bd42208a660912d9d95d,complete,complete,complete,complete,complete,unreviewed,,2026-08-22,Library-only intent; downstream source promotion must create 17 unknown Factor axes and no Theme rows.
candidate-bd5bdc4150f30a07971b,work-bd5bdc4150f30a07971b,complete,complete,complete,complete,complete,unreviewed,,2026-08-22,Library-only intent; downstream source promotion must create 17 unknown Factor axes and no Theme rows.
candidate-bd5c323a3dbc9f3a04d4,work-bd5c323a3dbc9f3a04d4,complete,complete,complete,complete,complete,unreviewed,,2026-08-22,Library-only intent; downstream source promotion must create 17 unknown Factor axes and no Theme rows.
candidate-bd651877af1038890ba4,medalist,complete,complete,complete,complete,complete,authorizedModelPanel,reviews/g2-catalog-annotation-panel.md,2026-08-22,Existing Gold annotation contract reused from reviews/g2-catalog-annotation-panel.md.
candidate-bdcf8de5aebcef0e1ed5,work-bdcf8de5aebcef0e1ed5,complete,complete,complete,complete,complete,unreviewed,,2026-08-22,Library-only intent; downstream source promotion must create 17 unknown Factor axes and no Theme rows.
candidate-bdd1eac9ae8471a4dbbc,work-bdd1eac9ae8471a4dbbc,complete,complete,complete,complete,complete,unreviewed,,2026-08-22,Library-only intent; downstream source promotion must create 17 unknown Factor axes and no Theme rows.
candidate-be1ed2eccb1bdce989bd,work-be1ed2eccb1bdce989bd,complete,complete,complete,complete,complete,unreviewed,,2026-08-22,Library-only intent; downstream source promotion must create 17 unknown Factor axes and no Theme rows.
candidate-be54044322b24ee62dba,work-be54044322b24ee62dba,complete,complete,complete,complete,complete,unreviewed,,2026-08-22,Library-only intent; downstream source promotion must create 17 unknown Factor axes and no Theme rows.
candidate-be6fdcb10451af4f7569,work-be6fdcb10451af4f7569,complete,complete,complete,complete,complete,unreviewed,,2026-08-22,Library-only intent; downstream source promotion must create 17 unknown Factor axes and no Theme rows.
candidate-be718dc826c927adf274,work-be718dc826c927adf274,complete,complete,complete,complete,complete,unreviewed,,2026-08-22,Library-only intent; downstream source promotion must create 17 unknown Factor axes and no Theme rows.
candidate-be770c8b3ea29cdbf874,work-be770c8b3ea29cdbf874,complete,complete,complete,complete,complete,unreviewed,,2026-08-22,Library-only intent; downstream source promotion must create 17 unknown Factor axes and no Theme rows.
candidate-be8ce654b5d7e7b3fdfb,work-be8ce654b5d7e7b3fdfb,complete,complete,complete,complete,complete,unreviewed,,2026-08-22,Library-only intent; downstream source promotion must create 17 unknown Factor axes and no Theme rows.
candidate-be8d528fa1e3ae0e6d31,work-be8d528fa1e3ae0e6d31,complete,complete,complete,complete,complete,unreviewed,,2026-08-22,Library-only intent; downstream source promotion must create 17 unknown Factor axes and no Theme rows.
candidate-be90023564b36a3b0eac,work-be90023564b36a3b0eac,complete,complete,complete,complete,complete,unreviewed,,2026-08-22,Library-only intent; downstream source promotion must create 17 unknown Factor axes and no Theme rows.
candidate-bf1cc824209498660888,work-bf1cc824209498660888,complete,complete,complete,complete,complete,unreviewed,,2026-08-22,Library-only intent; downstream source promotion must create 17 unknown Factor axes and no Theme rows.
candidate-bf93a2347af2a15a05d8,the-summer-hikaru-died,complete,complete,complete,complete,complete,authorizedModelPanel,reviews/g2-catalog-annotation-panel.md,2026-08-22,Existing Gold annotation contract reused from reviews/g2-catalog-annotation-panel.md.
candidate-c04f65770fcfd22abb9f,a-sign-of-affection,complete,complete,complete,complete,complete,authorizedModelPanel,reviews/g2-catalog-annotation-panel.md,2026-08-22,Existing Gold annotation contract reused from reviews/g2-catalog-annotation-panel.md.
candidate-c0a4903a040d0f704d18,work-c0a4903a040d0f704d18,complete,complete,complete,complete,complete,unreviewed,,2026-08-22,Library-only intent; downstream source promotion must create 17 unknown Factor axes and no Theme rows.
candidate-c0c630ff4d186daf762d,work-c0c630ff4d186daf762d,complete,complete,complete,complete,complete,unreviewed,,2026-08-22,Library-only intent; downstream source promotion must create 17 unknown Factor axes and no Theme rows.
candidate-c0e989c7b8bb7447840b,work-c0e989c7b8bb7447840b,complete,complete,complete,complete,complete,unreviewed,,2026-08-22,Library-only intent; downstream source promotion must create 17 unknown Factor axes and no Theme rows.
candidate-c1304bfa319ba318368e,work-c1304bfa319ba318368e,complete,complete,complete,complete,complete,unreviewed,,2026-08-22,Library-only intent; downstream source promotion must create 17 unknown Factor axes and no Theme rows.
candidate-c133f39d62dde2fa3e1d,blue-box,complete,complete,complete,complete,complete,authorizedModelPanel,reviews/g2-catalog-annotation-panel.md,2026-08-22,Existing Gold annotation contract reused from reviews/g2-catalog-annotation-panel.md.
candidate-c13afa217a833f90bc3c,work-c13afa217a833f90bc3c,complete,complete,complete,complete,complete,unreviewed,,2026-08-22,Library-only intent; downstream source promotion must create 17 unknown Factor axes and no Theme rows.
candidate-c14e82937201df34495d,work-c14e82937201df34495d,complete,complete,complete,complete,complete,unreviewed,,2026-08-22,Library-only intent; downstream source promotion must create 17 unknown Factor axes and no Theme rows.
candidate-c221a17d6b962b17c9f4,work-c221a17d6b962b17c9f4,complete,complete,complete,complete,complete,unreviewed,,2026-08-22,Library-only intent; downstream source promotion must create 17 unknown Factor axes and no Theme rows.
candidate-c24c7f023810516a931c,work-c24c7f023810516a931c,complete,complete,complete,complete,complete,unreviewed,,2026-08-22,Library-only intent; downstream source promotion must create 17 unknown Factor axes and no Theme rows.
candidate-c2564ae48ae5e689ea66,work-c2564ae48ae5e689ea66,complete,complete,complete,complete,complete,unreviewed,,2026-08-22,Library-only intent; downstream source promotion must create 17 unknown Factor axes and no Theme rows.
candidate-c2a0771485686391ac82,7seeds,complete,complete,complete,complete,complete,authorizedModelPanel,reviews/g2-catalog-annotation-panel.md,2026-08-22,Existing Gold annotation contract reused from reviews/g2-catalog-annotation-panel.md.
candidate-c2d28d298730bdf6ee33,work-c2d28d298730bdf6ee33,complete,complete,complete,complete,complete,unreviewed,,2026-08-22,Library-only intent; downstream source promotion must create 17 unknown Factor axes and no Theme rows.
candidate-c2df32661c0b925ff74f,work-c2df32661c0b925ff74f,complete,complete,complete,complete,complete,unreviewed,,2026-08-22,Library-only intent; downstream source promotion must create 17 unknown Factor axes and no Theme rows.
candidate-c2e1a97976346530a420,work-c2e1a97976346530a420,complete,complete,complete,complete,complete,unreviewed,,2026-08-22,Library-only intent; downstream source promotion must create 17 unknown Factor axes and no Theme rows.
candidate-c2f3864045578cebb590,work-c2f3864045578cebb590,complete,complete,complete,complete,complete,unreviewed,,2026-08-22,Library-only intent; downstream source promotion must create 17 unknown Factor axes and no Theme rows.
candidate-c318fd52f1da01533910,work-c318fd52f1da01533910,complete,complete,complete,complete,complete,unreviewed,,2026-08-22,Library-only intent; downstream source promotion must create 17 unknown Factor axes and no Theme rows.
candidate-c327594a74d5eb536b5a,work-c327594a74d5eb536b5a,complete,complete,complete,complete,complete,unreviewed,,2026-08-22,Library-only intent; downstream source promotion must create 17 unknown Factor axes and no Theme rows.
candidate-c3396a2a9fa22ab73971,work-c3396a2a9fa22ab73971,complete,complete,complete,complete,complete,unreviewed,,2026-08-22,Library-only intent; downstream source promotion must create 17 unknown Factor axes and no Theme rows.
candidate-c3a1b26e0fc059b351ca,work-c3a1b26e0fc059b351ca,complete,complete,complete,complete,complete,unreviewed,,2026-08-22,Library-only intent; downstream source promotion must create 17 unknown Factor axes and no Theme rows.
candidate-c3b522b077189878e8ab,work-c3b522b077189878e8ab,complete,complete,complete,complete,complete,unreviewed,,2026-08-22,Library-only intent; downstream source promotion must create 17 unknown Factor axes and no Theme rows.
candidate-c3d4d2e43bf3ecaf7f9a,work-c3d4d2e43bf3ecaf7f9a,complete,complete,complete,complete,complete,unreviewed,,2026-08-22,Library-only intent; downstream source promotion must create 17 unknown Factor axes and no Theme rows.
candidate-c3fd0f24e8e29bf2f93a,work-c3fd0f24e8e29bf2f93a,complete,complete,complete,complete,complete,unreviewed,,2026-08-22,Library-only intent; downstream source promotion must create 17 unknown Factor axes and no Theme rows.
candidate-c480fbff0341ffcc2d17,work-c480fbff0341ffcc2d17,complete,complete,complete,complete,complete,unreviewed,,2026-08-22,Library-only intent; downstream source promotion must create 17 unknown Factor axes and no Theme rows.
candidate-c49988385e99e0ae7089,work-c49988385e99e0ae7089,complete,complete,complete,complete,complete,unreviewed,,2026-08-22,Library-only intent; downstream source promotion must create 17 unknown Factor axes and no Theme rows.
candidate-c4abbc1b44fa5706bce3,work-c4abbc1b44fa5706bce3,complete,complete,complete,complete,complete,unreviewed,,2026-08-22,Library-only intent; downstream source promotion must create 17 unknown Factor axes and no Theme rows.
candidate-c50ea94bb66f72c679a2,work-c50ea94bb66f72c679a2,complete,complete,complete,complete,complete,unreviewed,,2026-08-22,Library-only intent; downstream source promotion must create 17 unknown Factor axes and no Theme rows.
candidate-c55467873ec70e670484,work-c55467873ec70e670484,complete,complete,complete,complete,complete,unreviewed,,2026-08-22,Library-only intent; downstream source promotion must create 17 unknown Factor axes and no Theme rows.
candidate-c55cfa2eba7b2880ab10,work-c55cfa2eba7b2880ab10,complete,complete,complete,complete,complete,unreviewed,,2026-08-22,Library-only intent; downstream source promotion must create 17 unknown Factor axes and no Theme rows.
candidate-c578b9f1ab6212044971,work-c578b9f1ab6212044971,complete,complete,complete,complete,complete,unreviewed,,2026-08-22,Library-only intent; downstream source promotion must create 17 unknown Factor axes and no Theme rows.
candidate-c5b0930ce00dcf865406,one-piece,complete,complete,complete,complete,complete,authorizedModelPanel,reviews/g1-sanity-panel.md,2026-08-22,Existing Gold annotation contract reused from reviews/g1-sanity-panel.md.
candidate-c5bfedbb9ee87b8dea2b,work-c5bfedbb9ee87b8dea2b,complete,complete,complete,complete,complete,unreviewed,,2026-08-22,Library-only intent; downstream source promotion must create 17 unknown Factor axes and no Theme rows.
candidate-c5c2695ad33fd05af945,work-c5c2695ad33fd05af945,complete,complete,complete,complete,complete,unreviewed,,2026-08-22,Library-only intent; downstream source promotion must create 17 unknown Factor axes and no Theme rows.
candidate-c5e8c957903bf1832dc5,work-c5e8c957903bf1832dc5,complete,complete,complete,complete,complete,unreviewed,,2026-08-22,Library-only intent; downstream source promotion must create 17 unknown Factor axes and no Theme rows.
candidate-c61aa83d0482e2863eb3,kowloon-generic-romance,complete,complete,complete,complete,complete,authorizedModelPanel,reviews/g2-catalog-annotation-panel.md,2026-08-22,Existing Gold annotation contract reused from reviews/g2-catalog-annotation-panel.md.
candidate-c62cd8a81b67b2feb839,work-c62cd8a81b67b2feb839,complete,complete,complete,complete,complete,unreviewed,,2026-08-22,Library-only intent; downstream source promotion must create 17 unknown Factor axes and no Theme rows.
candidate-c6418f7b70cff810199c,work-c6418f7b70cff810199c,complete,complete,complete,complete,complete,unreviewed,,2026-08-22,Library-only intent; downstream source promotion must create 17 unknown Factor axes and no Theme rows.
candidate-c642eab6cae97c9cd9a3,bocchi-the-rock,complete,complete,complete,complete,complete,authorizedModelPanel,reviews/g1-sanity-panel.md,2026-08-22,Existing Gold annotation contract reused from reviews/g1-sanity-panel.md.
candidate-c65ce967e028013d13dd,work-c65ce967e028013d13dd,complete,complete,complete,complete,complete,unreviewed,,2026-08-22,Library-only intent; downstream source promotion must create 17 unknown Factor axes and no Theme rows.
candidate-c688b00ba5b432f77bf8,work-c688b00ba5b432f77bf8,complete,complete,complete,complete,complete,unreviewed,,2026-08-22,Library-only intent; downstream source promotion must create 17 unknown Factor axes and no Theme rows.
candidate-c6b3f1cb34d8b4a922dc,work-c6b3f1cb34d8b4a922dc,complete,complete,complete,complete,complete,unreviewed,,2026-08-22,Library-only intent; downstream source promotion must create 17 unknown Factor axes and no Theme rows.
candidate-c6c0a2cca6e4cd0b1290,work-c6c0a2cca6e4cd0b1290,complete,complete,complete,complete,complete,unreviewed,,2026-08-22,Library-only intent; downstream source promotion must create 17 unknown Factor axes and no Theme rows.
candidate-c6f4ede212b6475ffb81,work-c6f4ede212b6475ffb81,complete,complete,complete,complete,complete,unreviewed,,2026-08-22,Library-only intent; downstream source promotion must create 17 unknown Factor axes and no Theme rows.
candidate-c70511031405e0fb5c11,work-c70511031405e0fb5c11,complete,complete,complete,complete,complete,unreviewed,,2026-08-22,Library-only intent; downstream source promotion must create 17 unknown Factor axes and no Theme rows.
candidate-c7280f9dcc2754d3f864,work-c7280f9dcc2754d3f864,complete,complete,complete,complete,complete,unreviewed,,2026-08-22,Library-only intent; downstream source promotion must create 17 unknown Factor axes and no Theme rows.
candidate-c76c68896af3ef46e620,work-c76c68896af3ef46e620,complete,complete,complete,complete,complete,unreviewed,,2026-08-22,Library-only intent; downstream source promotion must create 17 unknown Factor axes and no Theme rows.
candidate-c78d636e59db94289c27,work-c78d636e59db94289c27,complete,complete,complete,complete,complete,unreviewed,,2026-08-22,Library-only intent; downstream source promotion must create 17 unknown Factor axes and no Theme rows.
candidate-c7d52715d5210ef9abc6,work-c7d52715d5210ef9abc6,complete,complete,complete,complete,complete,unreviewed,,2026-08-22,Library-only intent; downstream source promotion must create 17 unknown Factor axes and no Theme rows.
candidate-c7e065f61bb7a176ee56,work-c7e065f61bb7a176ee56,complete,complete,complete,complete,complete,unreviewed,,2026-08-22,Library-only intent; downstream source promotion must create 17 unknown Factor axes and no Theme rows.
candidate-c805c5b70111f75d6fb5,work-c805c5b70111f75d6fb5,complete,complete,complete,complete,complete,unreviewed,,2026-08-22,Library-only intent; downstream source promotion must create 17 unknown Factor axes and no Theme rows.
candidate-c8243866b7c8a6d9a2f8,work-c8243866b7c8a6d9a2f8,complete,complete,complete,complete,complete,unreviewed,,2026-08-22,Library-only intent; downstream source promotion must create 17 unknown Factor axes and no Theme rows.
candidate-c8483ec374a763860621,work-c8483ec374a763860621,complete,complete,complete,complete,complete,unreviewed,,2026-08-22,Library-only intent; downstream source promotion must create 17 unknown Factor axes and no Theme rows.
candidate-c88171b2210a4dc37f79,work-c88171b2210a4dc37f79,complete,complete,complete,complete,complete,unreviewed,,2026-08-22,Library-only intent; downstream source promotion must create 17 unknown Factor axes and no Theme rows.
candidate-c8a0ff9f73cf58a0286d,work-c8a0ff9f73cf58a0286d,complete,complete,complete,complete,complete,unreviewed,,2026-08-22,Library-only intent; downstream source promotion must create 17 unknown Factor axes and no Theme rows.
candidate-c8aef6141e1d61baa960,work-c8aef6141e1d61baa960,complete,complete,complete,complete,complete,unreviewed,,2026-08-22,Library-only intent; downstream source promotion must create 17 unknown Factor axes and no Theme rows.
candidate-c8e86b62755ca0f07faf,work-c8e86b62755ca0f07faf,complete,complete,complete,complete,complete,unreviewed,,2026-08-22,Library-only intent; downstream source promotion must create 17 unknown Factor axes and no Theme rows.
candidate-c93dbd250009ef690967,work-c93dbd250009ef690967,complete,complete,complete,complete,complete,unreviewed,,2026-08-22,Library-only intent; downstream source promotion must create 17 unknown Factor axes and no Theme rows.
candidate-c9dfbc3276f178d51de6,work-c9dfbc3276f178d51de6,complete,complete,complete,complete,complete,unreviewed,,2026-08-22,Library-only intent; downstream source promotion must create 17 unknown Factor axes and no Theme rows.
candidate-c9e32218e26c6c6292f9,work-c9e32218e26c6c6292f9,complete,complete,complete,complete,complete,unreviewed,,2026-08-22,Library-only intent; downstream source promotion must create 17 unknown Factor axes and no Theme rows.
candidate-ca1f317f8da177453f1e,ace-of-the-diamond,complete,complete,complete,complete,complete,authorizedModelPanel,reviews/g2-catalog-annotation-panel.md,2026-08-22,Existing Gold annotation contract reused from reviews/g2-catalog-annotation-panel.md.
candidate-ca2c6203e55caa0969f6,demon-slayer,complete,complete,complete,complete,complete,authorizedModelPanel,reviews/g1-sanity-panel.md,2026-08-22,Existing Gold annotation contract reused from reviews/g1-sanity-panel.md.
candidate-ca3996e94bd30fa71078,work-ca3996e94bd30fa71078,complete,complete,complete,complete,complete,unreviewed,,2026-08-22,Library-only intent; downstream source promotion must create 17 unknown Factor axes and no Theme rows.
candidate-ca3b272242f844b81d5d,work-ca3b272242f844b81d5d,complete,complete,complete,complete,complete,unreviewed,,2026-08-22,Library-only intent; downstream source promotion must create 17 unknown Factor axes and no Theme rows.
candidate-ca9e45ed0028858c0126,work-ca9e45ed0028858c0126,complete,complete,complete,complete,complete,unreviewed,,2026-08-22,Library-only intent; downstream source promotion must create 17 unknown Factor axes and no Theme rows.
candidate-cb207e7c8d5d028e4e7e,knights-of-sidonia,complete,complete,complete,complete,complete,authorizedModelPanel,reviews/g2-catalog-annotation-panel.md,2026-08-22,Existing Gold annotation contract reused from reviews/g2-catalog-annotation-panel.md.
candidate-cb61c70a466a77afa0ea,work-cb61c70a466a77afa0ea,complete,complete,complete,complete,complete,unreviewed,,2026-08-22,Library-only intent; downstream source promotion must create 17 unknown Factor axes and no Theme rows.
candidate-cb8cbf442782052b23a3,work-cb8cbf442782052b23a3,complete,complete,complete,complete,complete,unreviewed,,2026-08-22,Library-only intent; downstream source promotion must create 17 unknown Factor axes and no Theme rows.
candidate-cc2d5952736da056de67,work-cc2d5952736da056de67,complete,complete,complete,complete,complete,unreviewed,,2026-08-22,Library-only intent; downstream source promotion must create 17 unknown Factor axes and no Theme rows.
candidate-cc4b609492878251813a,work-cc4b609492878251813a,complete,complete,complete,complete,complete,unreviewed,,2026-08-22,Library-only intent; downstream source promotion must create 17 unknown Factor axes and no Theme rows.
candidate-cc64c0784ed6b3bae423,work-cc64c0784ed6b3bae423,complete,complete,complete,complete,complete,unreviewed,,2026-08-22,Library-only intent; downstream source promotion must create 17 unknown Factor axes and no Theme rows.
candidate-cc6eb4f6a20f26a720fe,work-cc6eb4f6a20f26a720fe,complete,complete,complete,complete,complete,unreviewed,,2026-08-22,Library-only intent; downstream source promotion must create 17 unknown Factor axes and no Theme rows.
candidate-ccbb3649a83639ac4da6,work-ccbb3649a83639ac4da6,complete,complete,complete,complete,complete,unreviewed,,2026-08-22,Library-only intent; downstream source promotion must create 17 unknown Factor axes and no Theme rows.
candidate-ccd2699707d53f99e8c5,work-ccd2699707d53f99e8c5,complete,complete,complete,complete,complete,unreviewed,,2026-08-22,Library-only intent; downstream source promotion must create 17 unknown Factor axes and no Theme rows.
candidate-ccf0ddff9c6410c4de14,work-ccf0ddff9c6410c4de14,complete,complete,complete,complete,complete,unreviewed,,2026-08-22,Library-only intent; downstream source promotion must create 17 unknown Factor axes and no Theme rows.
candidate-cd3cb029fa0bf74fbafb,work-cd3cb029fa0bf74fbafb,complete,complete,complete,complete,complete,unreviewed,,2026-08-22,Library-only intent; downstream source promotion must create 17 unknown Factor axes and no Theme rows.
candidate-cd774412c9f29141af14,work-cd774412c9f29141af14,complete,complete,complete,complete,complete,unreviewed,,2026-08-22,Library-only intent; downstream source promotion must create 17 unknown Factor axes and no Theme rows.
candidate-cdea0de31a3f18475c62,work-cdea0de31a3f18475c62,complete,complete,complete,complete,complete,unreviewed,,2026-08-22,Library-only intent; downstream source promotion must create 17 unknown Factor axes and no Theme rows.
candidate-cdef8cfd678998a51447,work-cdef8cfd678998a51447,complete,complete,complete,complete,complete,unreviewed,,2026-08-22,Library-only intent; downstream source promotion must create 17 unknown Factor axes and no Theme rows.
candidate-cdf549d4b1888153e146,work-cdf549d4b1888153e146,complete,complete,complete,complete,complete,unreviewed,,2026-08-22,Library-only intent; downstream source promotion must create 17 unknown Factor axes and no Theme rows.
candidate-ce00dfcc098d1bebdcd7,work-ce00dfcc098d1bebdcd7,complete,complete,complete,complete,complete,unreviewed,,2026-08-22,Library-only intent; downstream source promotion must create 17 unknown Factor axes and no Theme rows.
candidate-ce15a744022a34a1c02e,work-ce15a744022a34a1c02e,complete,complete,complete,complete,complete,unreviewed,,2026-08-22,Library-only intent; downstream source promotion must create 17 unknown Factor axes and no Theme rows.
candidate-ce5919ff30d9ef01e3e1,work-ce5919ff30d9ef01e3e1,complete,complete,complete,complete,complete,unreviewed,,2026-08-22,Library-only intent; downstream source promotion must create 17 unknown Factor axes and no Theme rows.
candidate-ce62d62940841d6bb152,work-ce62d62940841d6bb152,complete,complete,complete,complete,complete,unreviewed,,2026-08-22,Library-only intent; downstream source promotion must create 17 unknown Factor axes and no Theme rows.
candidate-ce6a8fb8a086bcaa5737,work-ce6a8fb8a086bcaa5737,complete,complete,complete,complete,complete,unreviewed,,2026-08-22,Library-only intent; downstream source promotion must create 17 unknown Factor axes and no Theme rows.
candidate-ced7a8e6d9c3b8147702,work-ced7a8e6d9c3b8147702,complete,complete,complete,complete,complete,unreviewed,,2026-08-22,Library-only intent; downstream source promotion must create 17 unknown Factor axes and no Theme rows.
candidate-cf86722f9ad7a28a7433,work-cf86722f9ad7a28a7433,complete,complete,complete,complete,complete,unreviewed,,2026-08-22,Library-only intent; downstream source promotion must create 17 unknown Factor axes and no Theme rows.
candidate-cfe65b2baf6eb1c27b42,work-cfe65b2baf6eb1c27b42,complete,complete,complete,complete,complete,unreviewed,,2026-08-22,Library-only intent; downstream source promotion must create 17 unknown Factor axes and no Theme rows.
candidate-d004b9c38f07ed80aebf,work-d004b9c38f07ed80aebf,complete,complete,complete,complete,complete,unreviewed,,2026-08-22,Library-only intent; downstream source promotion must create 17 unknown Factor axes and no Theme rows.
candidate-d00935b9f2ba0897925d,work-d00935b9f2ba0897925d,complete,complete,complete,complete,complete,unreviewed,,2026-08-22,Library-only intent; downstream source promotion must create 17 unknown Factor axes and no Theme rows.
candidate-d02d7530d9eabb88ed8a,work-d02d7530d9eabb88ed8a,complete,complete,complete,complete,complete,unreviewed,,2026-08-22,Library-only intent; downstream source promotion must create 17 unknown Factor axes and no Theme rows.
candidate-d09b50b5ea9bc881b613,vinland-saga,complete,complete,complete,complete,complete,authorizedModelPanel,reviews/g1-sanity-panel.md,2026-08-22,Existing Gold annotation contract reused from reviews/g1-sanity-panel.md.
candidate-d0a927fd10c26eb77059,metamorphose-no-engawa,complete,complete,complete,complete,complete,authorizedModelPanel,reviews/g2-catalog-annotation-panel.md,2026-08-22,Existing Gold annotation contract reused from reviews/g2-catalog-annotation-panel.md.
candidate-d0e53d83ca10cd995f28,work-d0e53d83ca10cd995f28,complete,complete,complete,complete,complete,unreviewed,,2026-08-22,Library-only intent; downstream source promotion must create 17 unknown Factor axes and no Theme rows.
candidate-d0f8540d071099c25b8e,work-d0f8540d071099c25b8e,complete,complete,complete,complete,complete,unreviewed,,2026-08-22,Library-only intent; downstream source promotion must create 17 unknown Factor axes and no Theme rows.
candidate-d130ae58f0d7c0b64d36,work-d130ae58f0d7c0b64d36,complete,complete,complete,complete,complete,unreviewed,,2026-08-22,Library-only intent; downstream source promotion must create 17 unknown Factor axes and no Theme rows.
candidate-d174ef75d64341d695bd,work-d174ef75d64341d695bd,complete,complete,complete,complete,complete,unreviewed,,2026-08-22,Library-only intent; downstream source promotion must create 17 unknown Factor axes and no Theme rows.
candidate-d17ed75dcf05f7d96507,work-d17ed75dcf05f7d96507,complete,complete,complete,complete,complete,unreviewed,,2026-08-22,Library-only intent; downstream source promotion must create 17 unknown Factor axes and no Theme rows.
candidate-d185fc02c4d16dffb0c3,work-d185fc02c4d16dffb0c3,complete,complete,complete,complete,complete,unreviewed,,2026-08-22,Library-only intent; downstream source promotion must create 17 unknown Factor axes and no Theme rows.
candidate-d208dd6060ad71a6703c,work-d208dd6060ad71a6703c,complete,complete,complete,complete,complete,unreviewed,,2026-08-22,Library-only intent; downstream source promotion must create 17 unknown Factor axes and no Theme rows.
candidate-d21df491ed79185bacc3,work-d21df491ed79185bacc3,complete,complete,complete,complete,complete,unreviewed,,2026-08-22,Library-only intent; downstream source promotion must create 17 unknown Factor axes and no Theme rows.
candidate-d22b1c7ee9c7d5fb92f5,work-d22b1c7ee9c7d5fb92f5,complete,complete,complete,complete,complete,unreviewed,,2026-08-22,Library-only intent; downstream source promotion must create 17 unknown Factor axes and no Theme rows.
candidate-d231960b92daceff7d39,work-d231960b92daceff7d39,complete,complete,complete,complete,complete,unreviewed,,2026-08-22,Library-only intent; downstream source promotion must create 17 unknown Factor axes and no Theme rows.
candidate-d241d5bdc4fc56af2c5a,work-d241d5bdc4fc56af2c5a,complete,complete,complete,complete,complete,unreviewed,,2026-08-22,Library-only intent; downstream source promotion must create 17 unknown Factor axes and no Theme rows.
candidate-d246a7b49390578b201e,work-d246a7b49390578b201e,complete,complete,complete,complete,complete,unreviewed,,2026-08-22,Library-only intent; downstream source promotion must create 17 unknown Factor axes and no Theme rows.
candidate-d268f50a5223d98d65ac,work-d268f50a5223d98d65ac,complete,complete,complete,complete,complete,unreviewed,,2026-08-22,Library-only intent; downstream source promotion must create 17 unknown Factor axes and no Theme rows.
candidate-d27a048a45e8d7b0e980,work-d27a048a45e8d7b0e980,complete,complete,complete,complete,complete,unreviewed,,2026-08-22,Library-only intent; downstream source promotion must create 17 unknown Factor axes and no Theme rows.
candidate-d291f3c96fa7be8e3b35,work-d291f3c96fa7be8e3b35,complete,complete,complete,complete,complete,unreviewed,,2026-08-22,Library-only intent; downstream source promotion must create 17 unknown Factor axes and no Theme rows.
candidate-d2f3c4dc5c7d4eb77b3b,work-d2f3c4dc5c7d4eb77b3b,complete,complete,complete,complete,complete,unreviewed,,2026-08-22,Library-only intent; downstream source promotion must create 17 unknown Factor axes and no Theme rows.
candidate-d3306b3514f52c61afff,work-d3306b3514f52c61afff,complete,complete,complete,complete,complete,unreviewed,,2026-08-22,Library-only intent; downstream source promotion must create 17 unknown Factor axes and no Theme rows.
candidate-d3d93ac98ea6965963a0,work-d3d93ac98ea6965963a0,complete,complete,complete,complete,complete,unreviewed,,2026-08-22,Library-only intent; downstream source promotion must create 17 unknown Factor axes and no Theme rows.
candidate-d3d9940725172ca3edce,work-d3d9940725172ca3edce,complete,complete,complete,complete,complete,unreviewed,,2026-08-22,Library-only intent; downstream source promotion must create 17 unknown Factor axes and no Theme rows.
candidate-d3ed845af15b5ca9731c,work-d3ed845af15b5ca9731c,complete,complete,complete,complete,complete,unreviewed,,2026-08-22,Library-only intent; downstream source promotion must create 17 unknown Factor axes and no Theme rows.
candidate-d429fe417d732ca14f10,work-d429fe417d732ca14f10,complete,complete,complete,complete,complete,unreviewed,,2026-08-22,Library-only intent; downstream source promotion must create 17 unknown Factor axes and no Theme rows.
candidate-d4335ee2ac7f16316e59,work-d4335ee2ac7f16316e59,complete,complete,complete,complete,complete,unreviewed,,2026-08-22,Library-only intent; downstream source promotion must create 17 unknown Factor axes and no Theme rows.
candidate-d45a18f5de58c4f635da,giant-killing,complete,complete,complete,complete,complete,authorizedModelPanel,reviews/g2-catalog-annotation-panel.md,2026-08-22,Existing Gold annotation contract reused from reviews/g2-catalog-annotation-panel.md.
candidate-d47c7eccefdeccb2b323,march-comes-in-like-a-lion,complete,complete,complete,complete,complete,authorizedModelPanel,reviews/g1-sanity-panel.md,2026-08-22,Existing Gold annotation contract reused from reviews/g1-sanity-panel.md.
candidate-d489f5a2229689aa5115,work-d489f5a2229689aa5115,complete,complete,complete,complete,complete,unreviewed,,2026-08-22,Library-only intent; downstream source promotion must create 17 unknown Factor axes and no Theme rows.
candidate-d5190eab71dd7e16f800,work-d5190eab71dd7e16f800,complete,complete,complete,complete,complete,unreviewed,,2026-08-22,Library-only intent; downstream source promotion must create 17 unknown Factor axes and no Theme rows.
candidate-d532eab2aba5cb4a898f,work-d532eab2aba5cb4a898f,complete,complete,complete,complete,complete,unreviewed,,2026-08-22,Library-only intent; downstream source promotion must create 17 unknown Factor axes and no Theme rows.
candidate-d57fec7e1e61ff8809f2,work-d57fec7e1e61ff8809f2,complete,complete,complete,complete,complete,unreviewed,,2026-08-22,Library-only intent; downstream source promotion must create 17 unknown Factor axes and no Theme rows.
candidate-d5b5f321d1aebdfc3117,work-d5b5f321d1aebdfc3117,complete,complete,complete,complete,complete,unreviewed,,2026-08-22,Library-only intent; downstream source promotion must create 17 unknown Factor axes and no Theme rows.
candidate-d5e2053fa233e36a431c,work-d5e2053fa233e36a431c,complete,complete,complete,complete,complete,unreviewed,,2026-08-22,Library-only intent; downstream source promotion must create 17 unknown Factor axes and no Theme rows.
candidate-d6055c4ac46022025318,work-d6055c4ac46022025318,complete,complete,complete,complete,complete,unreviewed,,2026-08-22,Library-only intent; downstream source promotion must create 17 unknown Factor axes and no Theme rows.
candidate-d61e626249f63ad3c7b9,work-d61e626249f63ad3c7b9,complete,complete,complete,complete,complete,unreviewed,,2026-08-22,Library-only intent; downstream source promotion must create 17 unknown Factor axes and no Theme rows.
candidate-d62b0b048a1c15384504,work-d62b0b048a1c15384504,complete,complete,complete,complete,complete,unreviewed,,2026-08-22,Library-only intent; downstream source promotion must create 17 unknown Factor axes and no Theme rows.
candidate-d62c3a8421c03e2f37c4,work-d62c3a8421c03e2f37c4,complete,complete,complete,complete,complete,unreviewed,,2026-08-22,Library-only intent; downstream source promotion must create 17 unknown Factor axes and no Theme rows.
candidate-d632d9b81e434f450529,work-d632d9b81e434f450529,complete,complete,complete,complete,complete,unreviewed,,2026-08-22,Library-only intent; downstream source promotion must create 17 unknown Factor axes and no Theme rows.
candidate-d63a83030a8819ff553c,work-d63a83030a8819ff553c,complete,complete,complete,complete,complete,unreviewed,,2026-08-22,Library-only intent; downstream source promotion must create 17 unknown Factor axes and no Theme rows.
candidate-d655ea1cfb913f33cc9a,work-d655ea1cfb913f33cc9a,complete,complete,complete,complete,complete,unreviewed,,2026-08-22,Library-only intent; downstream source promotion must create 17 unknown Factor axes and no Theme rows.
candidate-d66ce37fe86fba8214a2,work-d66ce37fe86fba8214a2,complete,complete,complete,complete,complete,unreviewed,,2026-08-22,Library-only intent; downstream source promotion must create 17 unknown Factor axes and no Theme rows.
candidate-d6ab24ba01654d4e6e53,work-d6ab24ba01654d4e6e53,complete,complete,complete,complete,complete,unreviewed,,2026-08-22,Library-only intent; downstream source promotion must create 17 unknown Factor axes and no Theme rows.
candidate-d6b8b5d480169a6794ca,work-d6b8b5d480169a6794ca,complete,complete,complete,complete,complete,unreviewed,,2026-08-22,Library-only intent; downstream source promotion must create 17 unknown Factor axes and no Theme rows.
candidate-d6da5a4e9ff3bb07783e,work-d6da5a4e9ff3bb07783e,complete,complete,complete,complete,complete,unreviewed,,2026-08-22,Library-only intent; downstream source promotion must create 17 unknown Factor axes and no Theme rows.
candidate-d735187a8421d0d33399,work-d735187a8421d0d33399,complete,complete,complete,complete,complete,unreviewed,,2026-08-22,Library-only intent; downstream source promotion must create 17 unknown Factor axes and no Theme rows.
candidate-d73553672898846c9ec0,work-d73553672898846c9ec0,complete,complete,complete,complete,complete,unreviewed,,2026-08-22,Library-only intent; downstream source promotion must create 17 unknown Factor axes and no Theme rows.
candidate-d75e23cbf7c6238975e1,work-d75e23cbf7c6238975e1,complete,complete,complete,complete,complete,unreviewed,,2026-08-22,Library-only intent; downstream source promotion must create 17 unknown Factor axes and no Theme rows.
candidate-d761683b3f1f71c8f6cd,work-d761683b3f1f71c8f6cd,complete,complete,complete,complete,complete,unreviewed,,2026-08-22,Library-only intent; downstream source promotion must create 17 unknown Factor axes and no Theme rows.
candidate-d768ebe57013e12e6e6e,work-d768ebe57013e12e6e6e,complete,complete,complete,complete,complete,unreviewed,,2026-08-22,Library-only intent; downstream source promotion must create 17 unknown Factor axes and no Theme rows.
candidate-d79c4cf78238d9131063,work-d79c4cf78238d9131063,complete,complete,complete,complete,complete,unreviewed,,2026-08-22,Library-only intent; downstream source promotion must create 17 unknown Factor axes and no Theme rows.
candidate-d7c59e42d9feee1e28ba,work-d7c59e42d9feee1e28ba,complete,complete,complete,complete,complete,unreviewed,,2026-08-22,Library-only intent; downstream source promotion must create 17 unknown Factor axes and no Theme rows.
candidate-d7dad5b0bc4de926cc16,work-d7dad5b0bc4de926cc16,complete,complete,complete,complete,complete,unreviewed,,2026-08-22,Library-only intent; downstream source promotion must create 17 unknown Factor axes and no Theme rows.
candidate-d7e64b0b5479ca943edd,work-d7e64b0b5479ca943edd,complete,complete,complete,complete,complete,unreviewed,,2026-08-22,Library-only intent; downstream source promotion must create 17 unknown Factor axes and no Theme rows.
candidate-d810f69bbd8b1cf60c63,work-d810f69bbd8b1cf60c63,complete,complete,complete,complete,complete,unreviewed,,2026-08-22,Library-only intent; downstream source promotion must create 17 unknown Factor axes and no Theme rows.
candidate-d818cf2deb73c04c7ef6,work-d818cf2deb73c04c7ef6,complete,complete,complete,complete,complete,unreviewed,,2026-08-22,Library-only intent; downstream source promotion must create 17 unknown Factor axes and no Theme rows.
candidate-d8a87d01c1f35d58e791,work-d8a87d01c1f35d58e791,complete,complete,complete,complete,complete,unreviewed,,2026-08-22,Library-only intent; downstream source promotion must create 17 unknown Factor axes and no Theme rows.
candidate-d8bc7dc769d8e77adc27,work-d8bc7dc769d8e77adc27,complete,complete,complete,complete,complete,unreviewed,,2026-08-22,Library-only intent; downstream source promotion must create 17 unknown Factor axes and no Theme rows.
candidate-d8c9332f72cbd7ef328f,work-d8c9332f72cbd7ef328f,complete,complete,complete,complete,complete,unreviewed,,2026-08-22,Library-only intent; downstream source promotion must create 17 unknown Factor axes and no Theme rows.
candidate-d8f17d7482c8640c1acf,work-d8f17d7482c8640c1acf,complete,complete,complete,complete,complete,unreviewed,,2026-08-22,Library-only intent; downstream source promotion must create 17 unknown Factor axes and no Theme rows.
candidate-d91387c34bf6bc97481f,work-d91387c34bf6bc97481f,complete,complete,complete,complete,complete,unreviewed,,2026-08-22,Library-only intent; downstream source promotion must create 17 unknown Factor axes and no Theme rows.
candidate-d97ef7c1bc4fd286d55a,work-d97ef7c1bc4fd286d55a,complete,complete,complete,complete,complete,unreviewed,,2026-08-22,Library-only intent; downstream source promotion must create 17 unknown Factor axes and no Theme rows.
candidate-d9a098f6f282e841faf9,work-d9a098f6f282e841faf9,complete,complete,complete,complete,complete,unreviewed,,2026-08-22,Library-only intent; downstream source promotion must create 17 unknown Factor axes and no Theme rows.
candidate-da1db472744ee5e5b9a8,work-da1db472744ee5e5b9a8,complete,complete,complete,complete,complete,unreviewed,,2026-08-22,Library-only intent; downstream source promotion must create 17 unknown Factor axes and no Theme rows.
candidate-da9747a68dbee0670b08,work-da9747a68dbee0670b08,complete,complete,complete,complete,complete,unreviewed,,2026-08-22,Library-only intent; downstream source promotion must create 17 unknown Factor axes and no Theme rows.
candidate-da98a01b4d345bd9c415,work-da98a01b4d345bd9c415,complete,complete,complete,complete,complete,unreviewed,,2026-08-22,Library-only intent; downstream source promotion must create 17 unknown Factor axes and no Theme rows.
candidate-daf29296d526d675c31d,work-daf29296d526d675c31d,complete,complete,complete,complete,complete,unreviewed,,2026-08-22,Library-only intent; downstream source promotion must create 17 unknown Factor axes and no Theme rows.
candidate-daf65c6f2cce3e076dfa,work-daf65c6f2cce3e076dfa,complete,complete,complete,complete,complete,unreviewed,,2026-08-22,Library-only intent; downstream source promotion must create 17 unknown Factor axes and no Theme rows.
candidate-db2d11a7fb2b7cf2841f,work-db2d11a7fb2b7cf2841f,complete,complete,complete,complete,complete,unreviewed,,2026-08-22,Library-only intent; downstream source promotion must create 17 unknown Factor axes and no Theme rows.
candidate-db2dcc1ea0999bd3c12b,work-db2dcc1ea0999bd3c12b,complete,complete,complete,complete,complete,unreviewed,,2026-08-22,Library-only intent; downstream source promotion must create 17 unknown Factor axes and no Theme rows.
candidate-db2e3e16c8568d6ff928,work-db2e3e16c8568d6ff928,complete,complete,complete,complete,complete,unreviewed,,2026-08-22,Library-only intent; downstream source promotion must create 17 unknown Factor axes and no Theme rows.
candidate-db48ea2327eb5a3ddc09,work-db48ea2327eb5a3ddc09,complete,complete,complete,complete,complete,unreviewed,,2026-08-22,Library-only intent; downstream source promotion must create 17 unknown Factor axes and no Theme rows.
candidate-db4a0ec451d7f4ffd8b8,work-db4a0ec451d7f4ffd8b8,complete,complete,complete,complete,complete,unreviewed,,2026-08-22,Library-only intent; downstream source promotion must create 17 unknown Factor axes and no Theme rows.
candidate-db7e875b1436e5ec7d93,work-db7e875b1436e5ec7d93,complete,complete,complete,complete,complete,unreviewed,,2026-08-22,Library-only intent; downstream source promotion must create 17 unknown Factor axes and no Theme rows.
candidate-db80d94709b62aa8823f,work-db80d94709b62aa8823f,complete,complete,complete,complete,complete,unreviewed,,2026-08-22,Library-only intent; downstream source promotion must create 17 unknown Factor axes and no Theme rows.
candidate-db9f621c30b6732888a7,work-db9f621c30b6732888a7,complete,complete,complete,complete,complete,unreviewed,,2026-08-22,Library-only intent; downstream source promotion must create 17 unknown Factor axes and no Theme rows.
candidate-dc075e48dceaa2d69f2f,work-dc075e48dceaa2d69f2f,complete,complete,complete,complete,complete,unreviewed,,2026-08-22,Library-only intent; downstream source promotion must create 17 unknown Factor axes and no Theme rows.
candidate-dc3936af9eee0359e470,work-dc3936af9eee0359e470,complete,complete,complete,complete,complete,unreviewed,,2026-08-22,Library-only intent; downstream source promotion must create 17 unknown Factor axes and no Theme rows.
candidate-dc3b5656bc4d5e565193,work-dc3b5656bc4d5e565193,complete,complete,complete,complete,complete,unreviewed,,2026-08-22,Library-only intent; downstream source promotion must create 17 unknown Factor axes and no Theme rows.
candidate-dc6da46b90e2badecec5,work-dc6da46b90e2badecec5,complete,complete,complete,complete,complete,unreviewed,,2026-08-22,Library-only intent; downstream source promotion must create 17 unknown Factor axes and no Theme rows.
candidate-dcecba11b11a017b0769,work-dcecba11b11a017b0769,complete,complete,complete,complete,complete,unreviewed,,2026-08-22,Library-only intent; downstream source promotion must create 17 unknown Factor axes and no Theme rows.
candidate-dd6de46fd1faf1d80fe9,work-dd6de46fd1faf1d80fe9,complete,complete,complete,complete,complete,unreviewed,,2026-08-22,Library-only intent; downstream source promotion must create 17 unknown Factor axes and no Theme rows.
candidate-dd82b7e95c3acd11d5b9,work-dd82b7e95c3acd11d5b9,complete,complete,complete,complete,complete,unreviewed,,2026-08-22,Library-only intent; downstream source promotion must create 17 unknown Factor axes and no Theme rows.
candidate-dda3640b3c37d954ea10,work-dda3640b3c37d954ea10,complete,complete,complete,complete,complete,unreviewed,,2026-08-22,Library-only intent; downstream source promotion must create 17 unknown Factor axes and no Theme rows.
candidate-ddbbd4d4c1e6703df56d,work-ddbbd4d4c1e6703df56d,complete,complete,complete,complete,complete,unreviewed,,2026-08-22,Library-only intent; downstream source promotion must create 17 unknown Factor axes and no Theme rows.
candidate-de0d02d31acb2fc61560,work-de0d02d31acb2fc61560,complete,complete,complete,complete,complete,unreviewed,,2026-08-22,Library-only intent; downstream source promotion must create 17 unknown Factor axes and no Theme rows.
candidate-de2421dc705135180f4e,work-de2421dc705135180f4e,complete,complete,complete,complete,complete,unreviewed,,2026-08-22,Library-only intent; downstream source promotion must create 17 unknown Factor axes and no Theme rows.
candidate-de3110c6c63ae56f9119,work-de3110c6c63ae56f9119,complete,complete,complete,complete,complete,unreviewed,,2026-08-22,Library-only intent; downstream source promotion must create 17 unknown Factor axes and no Theme rows.
candidate-de512cc0e7e15ded52d3,work-de512cc0e7e15ded52d3,complete,complete,complete,complete,complete,unreviewed,,2026-08-22,Library-only intent; downstream source promotion must create 17 unknown Factor axes and no Theme rows.
candidate-de73c9ac1ab85512a559,work-de73c9ac1ab85512a559,complete,complete,complete,complete,complete,unreviewed,,2026-08-22,Library-only intent; downstream source promotion must create 17 unknown Factor axes and no Theme rows.
candidate-de79a9b387d5d292ed87,work-de79a9b387d5d292ed87,complete,complete,complete,complete,complete,unreviewed,,2026-08-22,Library-only intent; downstream source promotion must create 17 unknown Factor axes and no Theme rows.
candidate-de95d79779aa86260278,work-de95d79779aa86260278,complete,complete,complete,complete,complete,unreviewed,,2026-08-22,Library-only intent; downstream source promotion must create 17 unknown Factor axes and no Theme rows.
candidate-df0b741309f3b8cce8fc,work-df0b741309f3b8cce8fc,complete,complete,complete,complete,complete,unreviewed,,2026-08-22,Library-only intent; downstream source promotion must create 17 unknown Factor axes and no Theme rows.
candidate-df0d01575efd72712b2d,work-df0d01575efd72712b2d,complete,complete,complete,complete,complete,unreviewed,,2026-08-22,Library-only intent; downstream source promotion must create 17 unknown Factor axes and no Theme rows.
candidate-df29832c2155775e0e7c,work-df29832c2155775e0e7c,complete,complete,complete,complete,complete,unreviewed,,2026-08-22,Library-only intent; downstream source promotion must create 17 unknown Factor axes and no Theme rows.
candidate-dfc440048e0d9c38e18f,work-dfc440048e0d9c38e18f,complete,complete,complete,complete,complete,unreviewed,,2026-08-22,Library-only intent; downstream source promotion must create 17 unknown Factor axes and no Theme rows.
candidate-dfcc697136737c439fe5,work-dfcc697136737c439fe5,complete,complete,complete,complete,complete,unreviewed,,2026-08-22,Library-only intent; downstream source promotion must create 17 unknown Factor axes and no Theme rows.
candidate-dfd10b4274f7ad62c6df,work-dfd10b4274f7ad62c6df,complete,complete,complete,complete,complete,unreviewed,,2026-08-22,Library-only intent; downstream source promotion must create 17 unknown Factor axes and no Theme rows.
candidate-dff12ff0939f3b0cd7b6,work-dff12ff0939f3b0cd7b6,complete,complete,complete,complete,complete,unreviewed,,2026-08-22,Library-only intent; downstream source promotion must create 17 unknown Factor axes and no Theme rows.
candidate-dff3fc1e758a5b8b6ecd,work-dff3fc1e758a5b8b6ecd,complete,complete,complete,complete,complete,unreviewed,,2026-08-22,Library-only intent; downstream source promotion must create 17 unknown Factor axes and no Theme rows.
candidate-e033a5e4e862fad93f4a,work-e033a5e4e862fad93f4a,complete,complete,complete,complete,complete,unreviewed,,2026-08-22,Library-only intent; downstream source promotion must create 17 unknown Factor axes and no Theme rows.
candidate-e040638cf171d85d3f57,work-e040638cf171d85d3f57,complete,complete,complete,complete,complete,unreviewed,,2026-08-22,Library-only intent; downstream source promotion must create 17 unknown Factor axes and no Theme rows.
candidate-e049c9aaf92ba31da8b0,work-e049c9aaf92ba31da8b0,complete,complete,complete,complete,complete,unreviewed,,2026-08-22,Library-only intent; downstream source promotion must create 17 unknown Factor axes and no Theme rows.
candidate-e06f360662b30911db76,work-e06f360662b30911db76,complete,complete,complete,complete,complete,unreviewed,,2026-08-22,Library-only intent; downstream source promotion must create 17 unknown Factor axes and no Theme rows.
candidate-e08ef57c7a3e923418b0,work-e08ef57c7a3e923418b0,complete,complete,complete,complete,complete,unreviewed,,2026-08-22,Library-only intent; downstream source promotion must create 17 unknown Factor axes and no Theme rows.
candidate-e0975e7ae2e7a87b16c4,work-e0975e7ae2e7a87b16c4,complete,complete,complete,complete,complete,unreviewed,,2026-08-22,Library-only intent; downstream source promotion must create 17 unknown Factor axes and no Theme rows.
candidate-e0afed347e46e8725d01,work-e0afed347e46e8725d01,complete,complete,complete,complete,complete,unreviewed,,2026-08-22,Library-only intent; downstream source promotion must create 17 unknown Factor axes and no Theme rows.
candidate-e0f7aea6f7815787b48f,work-e0f7aea6f7815787b48f,complete,complete,complete,complete,complete,unreviewed,,2026-08-22,Library-only intent; downstream source promotion must create 17 unknown Factor axes and no Theme rows.
candidate-e126cf6be53bb5ea3f1b,work-e126cf6be53bb5ea3f1b,complete,complete,complete,complete,complete,unreviewed,,2026-08-22,Library-only intent; downstream source promotion must create 17 unknown Factor axes and no Theme rows.
candidate-e1434379b867335a6916,work-e1434379b867335a6916,complete,complete,complete,complete,complete,unreviewed,,2026-08-22,Library-only intent; downstream source promotion must create 17 unknown Factor axes and no Theme rows.
candidate-e1447f60f1b4ee41a3a4,work-e1447f60f1b4ee41a3a4,complete,complete,complete,complete,complete,unreviewed,,2026-08-22,Library-only intent; downstream source promotion must create 17 unknown Factor axes and no Theme rows.
candidate-e16a1c7a8841a4c19515,work-e16a1c7a8841a4c19515,complete,complete,complete,complete,complete,unreviewed,,2026-08-22,Library-only intent; downstream source promotion must create 17 unknown Factor axes and no Theme rows.
candidate-e1b5ab2dd9de583305b6,work-e1b5ab2dd9de583305b6,complete,complete,complete,complete,complete,unreviewed,,2026-08-22,Library-only intent; downstream source promotion must create 17 unknown Factor axes and no Theme rows.
candidate-e1c30fef81f7ecae62de,work-e1c30fef81f7ecae62de,complete,complete,complete,complete,complete,unreviewed,,2026-08-22,Library-only intent; downstream source promotion must create 17 unknown Factor axes and no Theme rows.
candidate-e2baae997e409dd21d77,work-e2baae997e409dd21d77,complete,complete,complete,complete,complete,unreviewed,,2026-08-22,Library-only intent; downstream source promotion must create 17 unknown Factor axes and no Theme rows.
candidate-e2d431f732c0714c090b,work-e2d431f732c0714c090b,complete,complete,complete,complete,complete,unreviewed,,2026-08-22,Library-only intent; downstream source promotion must create 17 unknown Factor axes and no Theme rows.
candidate-e2f095e08fc5e08d5a2b,work-e2f095e08fc5e08d5a2b,complete,complete,complete,complete,complete,unreviewed,,2026-08-22,Library-only intent; downstream source promotion must create 17 unknown Factor axes and no Theme rows.
candidate-e3b284d0d5dbc4382472,work-e3b284d0d5dbc4382472,complete,complete,complete,complete,complete,unreviewed,,2026-08-22,Library-only intent; downstream source promotion must create 17 unknown Factor axes and no Theme rows.
candidate-e3e3b06b24e96ca6c417,work-e3e3b06b24e96ca6c417,complete,complete,complete,complete,complete,unreviewed,,2026-08-22,Library-only intent; downstream source promotion must create 17 unknown Factor axes and no Theme rows.
candidate-e3eacb6c3f326331e50d,work-e3eacb6c3f326331e50d,complete,complete,complete,complete,complete,unreviewed,,2026-08-22,Library-only intent; downstream source promotion must create 17 unknown Factor axes and no Theme rows.
candidate-e430a7451b1b1317c043,work-e430a7451b1b1317c043,complete,complete,complete,complete,complete,unreviewed,,2026-08-22,Library-only intent; downstream source promotion must create 17 unknown Factor axes and no Theme rows.
candidate-e48de2a8b3d678ceb47d,work-e48de2a8b3d678ceb47d,complete,complete,complete,complete,complete,unreviewed,,2026-08-22,Library-only intent; downstream source promotion must create 17 unknown Factor axes and no Theme rows.
candidate-e4c4435d459ab5ae1aa4,work-e4c4435d459ab5ae1aa4,complete,complete,complete,complete,complete,unreviewed,,2026-08-22,Library-only intent; downstream source promotion must create 17 unknown Factor axes and no Theme rows.
candidate-e4ef6ec32d4d111a15ce,work-e4ef6ec32d4d111a15ce,complete,complete,complete,complete,complete,unreviewed,,2026-08-22,Library-only intent; downstream source promotion must create 17 unknown Factor axes and no Theme rows.
candidate-e4f24751c13de2b9b8d5,work-e4f24751c13de2b9b8d5,complete,complete,complete,complete,complete,unreviewed,,2026-08-22,Library-only intent; downstream source promotion must create 17 unknown Factor axes and no Theme rows.
candidate-e54b7f8315b3ef48677d,work-e54b7f8315b3ef48677d,complete,complete,complete,complete,complete,unreviewed,,2026-08-22,Library-only intent; downstream source promotion must create 17 unknown Factor axes and no Theme rows.
candidate-e5508319d945331219b1,work-e5508319d945331219b1,complete,complete,complete,complete,complete,unreviewed,,2026-08-22,Library-only intent; downstream source promotion must create 17 unknown Factor axes and no Theme rows.
candidate-e5998ca4f3e0f450bb74,work-e5998ca4f3e0f450bb74,complete,complete,complete,complete,complete,unreviewed,,2026-08-22,Library-only intent; downstream source promotion must create 17 unknown Factor axes and no Theme rows.
candidate-e5a246728eaa431e66aa,work-e5a246728eaa431e66aa,complete,complete,complete,complete,complete,unreviewed,,2026-08-22,Library-only intent; downstream source promotion must create 17 unknown Factor axes and no Theme rows.
candidate-e5ab5136280cf59da6bb,work-e5ab5136280cf59da6bb,complete,complete,complete,complete,complete,unreviewed,,2026-08-22,Library-only intent; downstream source promotion must create 17 unknown Factor axes and no Theme rows.
candidate-e5d006a0e329882e64a5,work-e5d006a0e329882e64a5,complete,complete,complete,complete,complete,unreviewed,,2026-08-22,Library-only intent; downstream source promotion must create 17 unknown Factor axes and no Theme rows.
candidate-e658d3aee2e33c17aa38,work-e658d3aee2e33c17aa38,complete,complete,complete,complete,complete,unreviewed,,2026-08-22,Library-only intent; downstream source promotion must create 17 unknown Factor axes and no Theme rows.
candidate-e6bc028ff1dede64e0b1,work-e6bc028ff1dede64e0b1,complete,complete,complete,complete,complete,unreviewed,,2026-08-22,Library-only intent; downstream source promotion must create 17 unknown Factor axes and no Theme rows.
candidate-e6e744db481766c463b3,work-e6e744db481766c463b3,complete,complete,complete,complete,complete,unreviewed,,2026-08-22,Library-only intent; downstream source promotion must create 17 unknown Factor axes and no Theme rows.
candidate-e6ee3d38e7e43da54028,work-e6ee3d38e7e43da54028,complete,complete,complete,complete,complete,unreviewed,,2026-08-22,Library-only intent; downstream source promotion must create 17 unknown Factor axes and no Theme rows.
candidate-e74460a914133493e11e,work-e74460a914133493e11e,complete,complete,complete,complete,complete,unreviewed,,2026-08-22,Library-only intent; downstream source promotion must create 17 unknown Factor axes and no Theme rows.
candidate-e7654f6737cf01051e67,work-e7654f6737cf01051e67,complete,complete,complete,complete,complete,unreviewed,,2026-08-22,Library-only intent; downstream source promotion must create 17 unknown Factor axes and no Theme rows.
candidate-e76e62a846260dc04914,work-e76e62a846260dc04914,complete,complete,complete,complete,complete,unreviewed,,2026-08-22,Library-only intent; downstream source promotion must create 17 unknown Factor axes and no Theme rows.
candidate-e77bba43057fae9a479b,work-e77bba43057fae9a479b,complete,complete,complete,complete,complete,unreviewed,,2026-08-22,Library-only intent; downstream source promotion must create 17 unknown Factor axes and no Theme rows.
candidate-e7adc74b361fe17f18c2,work-e7adc74b361fe17f18c2,complete,complete,complete,complete,complete,unreviewed,,2026-08-22,Library-only intent; downstream source promotion must create 17 unknown Factor axes and no Theme rows.
candidate-e7c99b3b140c24e6d723,work-e7c99b3b140c24e6d723,complete,complete,complete,complete,complete,unreviewed,,2026-08-22,Library-only intent; downstream source promotion must create 17 unknown Factor axes and no Theme rows.
candidate-e7ef16104220e2ab2e6b,work-e7ef16104220e2ab2e6b,complete,complete,complete,complete,complete,unreviewed,,2026-08-22,Library-only intent; downstream source promotion must create 17 unknown Factor axes and no Theme rows.
candidate-e7f930a01c7c9fa5d9e9,work-e7f930a01c7c9fa5d9e9,complete,complete,complete,complete,complete,unreviewed,,2026-08-22,Library-only intent; downstream source promotion must create 17 unknown Factor axes and no Theme rows.
candidate-e81955a9fc5c4d84580f,work-e81955a9fc5c4d84580f,complete,complete,complete,complete,complete,unreviewed,,2026-08-22,Library-only intent; downstream source promotion must create 17 unknown Factor axes and no Theme rows.
candidate-e83b8d9f87953ddd20fd,work-e83b8d9f87953ddd20fd,complete,complete,complete,complete,complete,unreviewed,,2026-08-22,Library-only intent; downstream source promotion must create 17 unknown Factor axes and no Theme rows.
candidate-e846148224265dc2cd39,work-e846148224265dc2cd39,complete,complete,complete,complete,complete,unreviewed,,2026-08-22,Library-only intent; downstream source promotion must create 17 unknown Factor axes and no Theme rows.
candidate-e86a34fbbb38ce4293a7,work-e86a34fbbb38ce4293a7,complete,complete,complete,complete,complete,unreviewed,,2026-08-22,Library-only intent; downstream source promotion must create 17 unknown Factor axes and no Theme rows.
candidate-e8d29ca977ebb296d54b,work-e8d29ca977ebb296d54b,complete,complete,complete,complete,complete,unreviewed,,2026-08-22,Library-only intent; downstream source promotion must create 17 unknown Factor axes and no Theme rows.
candidate-e906b3eaa9ef9eafe23c,work-e906b3eaa9ef9eafe23c,complete,complete,complete,complete,complete,unreviewed,,2026-08-22,Library-only intent; downstream source promotion must create 17 unknown Factor axes and no Theme rows.
candidate-e90794db2fd0302e0eec,work-e90794db2fd0302e0eec,complete,complete,complete,complete,complete,unreviewed,,2026-08-22,Library-only intent; downstream source promotion must create 17 unknown Factor axes and no Theme rows.
candidate-e90bfb1f7f9855d05d00,work-e90bfb1f7f9855d05d00,complete,complete,complete,complete,complete,unreviewed,,2026-08-22,Library-only intent; downstream source promotion must create 17 unknown Factor axes and no Theme rows.
candidate-e918f08288c77864d185,work-e918f08288c77864d185,complete,complete,complete,complete,complete,unreviewed,,2026-08-22,Library-only intent; downstream source promotion must create 17 unknown Factor axes and no Theme rows.
candidate-e93a47139404139c0f8b,work-e93a47139404139c0f8b,complete,complete,complete,complete,complete,unreviewed,,2026-08-22,Library-only intent; downstream source promotion must create 17 unknown Factor axes and no Theme rows.
candidate-e9460bc576bee1f982f5,work-e9460bc576bee1f982f5,complete,complete,complete,complete,complete,unreviewed,,2026-08-22,Library-only intent; downstream source promotion must create 17 unknown Factor axes and no Theme rows.
candidate-e99f152e90e3c541c48e,work-e99f152e90e3c541c48e,complete,complete,complete,complete,complete,unreviewed,,2026-08-22,Library-only intent; downstream source promotion must create 17 unknown Factor axes and no Theme rows.
candidate-e99f79fc2d28a5b74951,work-e99f79fc2d28a5b74951,complete,complete,complete,complete,complete,unreviewed,,2026-08-22,Library-only intent; downstream source promotion must create 17 unknown Factor axes and no Theme rows.
candidate-e9e3a50943030f45254f,work-e9e3a50943030f45254f,complete,complete,complete,complete,complete,unreviewed,,2026-08-22,Library-only intent; downstream source promotion must create 17 unknown Factor axes and no Theme rows.
candidate-ea19faa21a38167db8c4,work-ea19faa21a38167db8c4,complete,complete,complete,complete,complete,unreviewed,,2026-08-22,Library-only intent; downstream source promotion must create 17 unknown Factor axes and no Theme rows.
candidate-ea293776a1e463f030de,work-ea293776a1e463f030de,complete,complete,complete,complete,complete,unreviewed,,2026-08-22,Library-only intent; downstream source promotion must create 17 unknown Factor axes and no Theme rows.
candidate-ea41ee65245a0dbdc4a8,work-ea41ee65245a0dbdc4a8,complete,complete,complete,complete,complete,unreviewed,,2026-08-22,Library-only intent; downstream source promotion must create 17 unknown Factor axes and no Theme rows.
candidate-ea43de2c72ebf3a1f7a2,work-ea43de2c72ebf3a1f7a2,complete,complete,complete,complete,complete,unreviewed,,2026-08-22,Library-only intent; downstream source promotion must create 17 unknown Factor axes and no Theme rows.
candidate-eb24b7d129086e28f8d8,work-eb24b7d129086e28f8d8,complete,complete,complete,complete,complete,unreviewed,,2026-08-22,Library-only intent; downstream source promotion must create 17 unknown Factor axes and no Theme rows.
candidate-eba3361953777aea44a9,work-eba3361953777aea44a9,complete,complete,complete,complete,complete,unreviewed,,2026-08-22,Library-only intent; downstream source promotion must create 17 unknown Factor axes and no Theme rows.
candidate-ebb9ccbb6b21dff22f36,work-ebb9ccbb6b21dff22f36,complete,complete,complete,complete,complete,unreviewed,,2026-08-22,Library-only intent; downstream source promotion must create 17 unknown Factor axes and no Theme rows.
candidate-ebe399258f28460b8f9b,work-ebe399258f28460b8f9b,complete,complete,complete,complete,complete,unreviewed,,2026-08-22,Library-only intent; downstream source promotion must create 17 unknown Factor axes and no Theme rows.
candidate-ec07b1d455a27bb18aca,yowamushi-pedal,complete,complete,complete,complete,complete,authorizedModelPanel,reviews/g2-catalog-annotation-panel.md,2026-08-22,Existing Gold annotation contract reused from reviews/g2-catalog-annotation-panel.md.
candidate-ec0ac27e8c084278c495,work-ec0ac27e8c084278c495,complete,complete,complete,complete,complete,unreviewed,,2026-08-22,Library-only intent; downstream source promotion must create 17 unknown Factor axes and no Theme rows.
candidate-ec452fee9d555a052aeb,work-ec452fee9d555a052aeb,complete,complete,complete,complete,complete,unreviewed,,2026-08-22,Library-only intent; downstream source promotion must create 17 unknown Factor axes and no Theme rows.
candidate-ec57ca4782916aea3f87,work-ec57ca4782916aea3f87,complete,complete,complete,complete,complete,unreviewed,,2026-08-22,Library-only intent; downstream source promotion must create 17 unknown Factor axes and no Theme rows.
candidate-ec63c8160558bfd70d68,work-ec63c8160558bfd70d68,complete,complete,complete,complete,complete,unreviewed,,2026-08-22,Library-only intent; downstream source promotion must create 17 unknown Factor axes and no Theme rows.
candidate-ec7cdc3a358aff954a42,work-ec7cdc3a358aff954a42,complete,complete,complete,complete,complete,unreviewed,,2026-08-22,Library-only intent; downstream source promotion must create 17 unknown Factor axes and no Theme rows.
candidate-ec7d4acc56def479b441,work-ec7d4acc56def479b441,complete,complete,complete,complete,complete,unreviewed,,2026-08-22,Library-only intent; downstream source promotion must create 17 unknown Factor axes and no Theme rows.
candidate-ed0eae57affd8e19670d,the-apothecary-diaries,complete,complete,complete,complete,complete,authorizedModelPanel,reviews/g2-catalog-annotation-panel.md,2026-08-22,Existing Gold annotation contract reused from reviews/g2-catalog-annotation-panel.md.
candidate-ed105eacfbbb8d4d6da3,work-ed105eacfbbb8d4d6da3,complete,complete,complete,complete,complete,unreviewed,,2026-08-22,Library-only intent; downstream source promotion must create 17 unknown Factor axes and no Theme rows.
candidate-ed80f839bc14276b6ac8,work-ed80f839bc14276b6ac8,complete,complete,complete,complete,complete,unreviewed,,2026-08-22,Library-only intent; downstream source promotion must create 17 unknown Factor axes and no Theme rows.
candidate-edc3e1cd9b365568bf18,work-edc3e1cd9b365568bf18,complete,complete,complete,complete,complete,unreviewed,,2026-08-22,Library-only intent; downstream source promotion must create 17 unknown Factor axes and no Theme rows.
candidate-edcbb989a168e5a4d0a3,work-edcbb989a168e5a4d0a3,complete,complete,complete,complete,complete,unreviewed,,2026-08-22,Library-only intent; downstream source promotion must create 17 unknown Factor axes and no Theme rows.
candidate-edd5a737d6ae4a09bb55,work-edd5a737d6ae4a09bb55,complete,complete,complete,complete,complete,unreviewed,,2026-08-22,Library-only intent; downstream source promotion must create 17 unknown Factor axes and no Theme rows.
candidate-ee018730dbae5692a351,work-ee018730dbae5692a351,complete,complete,complete,complete,complete,unreviewed,,2026-08-22,Library-only intent; downstream source promotion must create 17 unknown Factor axes and no Theme rows.
candidate-ee4e60a297cec0bf66ce,work-ee4e60a297cec0bf66ce,complete,complete,complete,complete,complete,unreviewed,,2026-08-22,Library-only intent; downstream source promotion must create 17 unknown Factor axes and no Theme rows.
candidate-ee80fc6c6aa7d1271ace,work-ee80fc6c6aa7d1271ace,complete,complete,complete,complete,complete,unreviewed,,2026-08-22,Library-only intent; downstream source promotion must create 17 unknown Factor axes and no Theme rows.
candidate-ee9548f201e9e0790e9d,work-ee9548f201e9e0790e9d,complete,complete,complete,complete,complete,unreviewed,,2026-08-22,Library-only intent; downstream source promotion must create 17 unknown Factor axes and no Theme rows.
candidate-eed309ede383686af0bd,work-eed309ede383686af0bd,complete,complete,complete,complete,complete,unreviewed,,2026-08-22,Library-only intent; downstream source promotion must create 17 unknown Factor axes and no Theme rows.
candidate-eeead0338f5f55c4120c,work-eeead0338f5f55c4120c,complete,complete,complete,complete,complete,unreviewed,,2026-08-22,Library-only intent; downstream source promotion must create 17 unknown Factor axes and no Theme rows.
candidate-eef84d07d90ba2b040cf,work-eef84d07d90ba2b040cf,complete,complete,complete,complete,complete,unreviewed,,2026-08-22,Library-only intent; downstream source promotion must create 17 unknown Factor axes and no Theme rows.
candidate-ef1bdac46a0956a87f7f,work-ef1bdac46a0956a87f7f,complete,complete,complete,complete,complete,unreviewed,,2026-08-22,Library-only intent; downstream source promotion must create 17 unknown Factor axes and no Theme rows.
candidate-ef29e3038497d59e3c0c,fire-force,complete,complete,complete,complete,complete,authorizedModelPanel,reviews/g2-catalog-annotation-panel.md,2026-08-22,Existing Gold annotation contract reused from reviews/g2-catalog-annotation-panel.md.
candidate-ef7106f6a387c9860877,work-ef7106f6a387c9860877,complete,complete,complete,complete,complete,unreviewed,,2026-08-22,Library-only intent; downstream source promotion must create 17 unknown Factor axes and no Theme rows.
candidate-efbed1783d3de246e757,work-efbed1783d3de246e757,complete,complete,complete,complete,complete,unreviewed,,2026-08-22,Library-only intent; downstream source promotion must create 17 unknown Factor axes and no Theme rows.
candidate-efd65d585d5af4191482,work-efd65d585d5af4191482,complete,complete,complete,complete,complete,unreviewed,,2026-08-22,Library-only intent; downstream source promotion must create 17 unknown Factor axes and no Theme rows.
candidate-efe3b9b2fc6373ae767a,work-efe3b9b2fc6373ae767a,complete,complete,complete,complete,complete,unreviewed,,2026-08-22,Library-only intent; downstream source promotion must create 17 unknown Factor axes and no Theme rows.
candidate-f026e913432b49d70ef0,work-f026e913432b49d70ef0,complete,complete,complete,complete,complete,unreviewed,,2026-08-22,Library-only intent; downstream source promotion must create 17 unknown Factor axes and no Theme rows.
candidate-f09840faaea9207deb5b,work-f09840faaea9207deb5b,complete,complete,complete,complete,complete,unreviewed,,2026-08-22,Library-only intent; downstream source promotion must create 17 unknown Factor axes and no Theme rows.
candidate-f0f53d813f709aedec1d,work-f0f53d813f709aedec1d,complete,complete,complete,complete,complete,unreviewed,,2026-08-22,Library-only intent; downstream source promotion must create 17 unknown Factor axes and no Theme rows.
candidate-f117d1a9a377b05fa84d,work-f117d1a9a377b05fa84d,complete,complete,complete,complete,complete,unreviewed,,2026-08-22,Library-only intent; downstream source promotion must create 17 unknown Factor axes and no Theme rows.
candidate-f133bdd6bef70b7542de,work-f133bdd6bef70b7542de,complete,complete,complete,complete,complete,unreviewed,,2026-08-22,Library-only intent; downstream source promotion must create 17 unknown Factor axes and no Theme rows.
candidate-f148f0c5d7cf61a97c73,work-f148f0c5d7cf61a97c73,complete,complete,complete,complete,complete,unreviewed,,2026-08-22,Library-only intent; downstream source promotion must create 17 unknown Factor axes and no Theme rows.
candidate-f15ae7745759a254a587,work-f15ae7745759a254a587,complete,complete,complete,complete,complete,unreviewed,,2026-08-22,Library-only intent; downstream source promotion must create 17 unknown Factor axes and no Theme rows.
candidate-f1a075d36aa7783f1f64,work-f1a075d36aa7783f1f64,complete,complete,complete,complete,complete,unreviewed,,2026-08-22,Library-only intent; downstream source promotion must create 17 unknown Factor axes and no Theme rows.
candidate-f1a4b39804a85f91fc1e,work-f1a4b39804a85f91fc1e,complete,complete,complete,complete,complete,unreviewed,,2026-08-22,Library-only intent; downstream source promotion must create 17 unknown Factor axes and no Theme rows.
candidate-f1c85d1691e352350511,work-f1c85d1691e352350511,complete,complete,complete,complete,complete,unreviewed,,2026-08-22,Library-only intent; downstream source promotion must create 17 unknown Factor axes and no Theme rows.
candidate-f1d22b68efa7fbd501ee,work-f1d22b68efa7fbd501ee,complete,complete,complete,complete,complete,unreviewed,,2026-08-22,Library-only intent; downstream source promotion must create 17 unknown Factor axes and no Theme rows.
candidate-f2352e76ccf92709ca6e,work-f2352e76ccf92709ca6e,complete,complete,complete,complete,complete,unreviewed,,2026-08-22,Library-only intent; downstream source promotion must create 17 unknown Factor axes and no Theme rows.
candidate-f24f4ffab61f77de3ae3,work-f24f4ffab61f77de3ae3,complete,complete,complete,complete,complete,unreviewed,,2026-08-22,Library-only intent; downstream source promotion must create 17 unknown Factor axes and no Theme rows.
candidate-f314b1776534e2f35462,work-f314b1776534e2f35462,complete,complete,complete,complete,complete,unreviewed,,2026-08-22,Library-only intent; downstream source promotion must create 17 unknown Factor axes and no Theme rows.
candidate-f31a42ea4ad724acefa5,work-f31a42ea4ad724acefa5,complete,complete,complete,complete,complete,unreviewed,,2026-08-22,Library-only intent; downstream source promotion must create 17 unknown Factor axes and no Theme rows.
candidate-f31e6caa07e2253b3443,work-f31e6caa07e2253b3443,complete,complete,complete,complete,complete,unreviewed,,2026-08-22,Library-only intent; downstream source promotion must create 17 unknown Factor axes and no Theme rows.
candidate-f340564af4573659dbfd,work-f340564af4573659dbfd,complete,complete,complete,complete,complete,unreviewed,,2026-08-22,Library-only intent; downstream source promotion must create 17 unknown Factor axes and no Theme rows.
candidate-f3410d49b9b10b35b42d,work-f3410d49b9b10b35b42d,complete,complete,complete,complete,complete,unreviewed,,2026-08-22,Library-only intent; downstream source promotion must create 17 unknown Factor axes and no Theme rows.
candidate-f38c9ef2f1a0e3ec66fa,chihayafuru,complete,complete,complete,complete,complete,authorizedModelPanel,reviews/g2-catalog-annotation-panel.md,2026-08-22,Existing Gold annotation contract reused from reviews/g2-catalog-annotation-panel.md.
candidate-f391e591282e435a3c1d,work-f391e591282e435a3c1d,complete,complete,complete,complete,complete,unreviewed,,2026-08-22,Library-only intent; downstream source promotion must create 17 unknown Factor axes and no Theme rows.
candidate-f3ec9e796f983f6c5b17,work-f3ec9e796f983f6c5b17,complete,complete,complete,complete,complete,unreviewed,,2026-08-22,Library-only intent; downstream source promotion must create 17 unknown Factor axes and no Theme rows.
candidate-f3f2a5f99ad7e2c9d829,work-f3f2a5f99ad7e2c9d829,complete,complete,complete,complete,complete,unreviewed,,2026-08-22,Library-only intent; downstream source promotion must create 17 unknown Factor axes and no Theme rows.
candidate-f4085acccd1c37fc1783,work-f4085acccd1c37fc1783,complete,complete,complete,complete,complete,unreviewed,,2026-08-22,Library-only intent; downstream source promotion must create 17 unknown Factor axes and no Theme rows.
candidate-f4520aa01b9f5d1b357a,work-f4520aa01b9f5d1b357a,complete,complete,complete,complete,complete,unreviewed,,2026-08-22,Library-only intent; downstream source promotion must create 17 unknown Factor axes and no Theme rows.
candidate-f46cb127cfc8553644ba,work-f46cb127cfc8553644ba,complete,complete,complete,complete,complete,unreviewed,,2026-08-22,Library-only intent; downstream source promotion must create 17 unknown Factor axes and no Theme rows.
candidate-f46d92f042fd61982ea3,work-f46d92f042fd61982ea3,complete,complete,complete,complete,complete,unreviewed,,2026-08-22,Library-only intent; downstream source promotion must create 17 unknown Factor axes and no Theme rows.
candidate-f4bfc29a5e0a9b5148d0,work-f4bfc29a5e0a9b5148d0,complete,complete,complete,complete,complete,unreviewed,,2026-08-22,Library-only intent; downstream source promotion must create 17 unknown Factor axes and no Theme rows.
candidate-f50fa290eb4116a7078e,work-f50fa290eb4116a7078e,complete,complete,complete,complete,complete,unreviewed,,2026-08-22,Library-only intent; downstream source promotion must create 17 unknown Factor axes and no Theme rows.
candidate-f541db4a39d7d757c0b4,work-f541db4a39d7d757c0b4,complete,complete,complete,complete,complete,unreviewed,,2026-08-22,Library-only intent; downstream source promotion must create 17 unknown Factor axes and no Theme rows.
candidate-f564a856e052f345ea54,work-f564a856e052f345ea54,complete,complete,complete,complete,complete,unreviewed,,2026-08-22,Library-only intent; downstream source promotion must create 17 unknown Factor axes and no Theme rows.
candidate-f5847c45d30753150364,work-f5847c45d30753150364,complete,complete,complete,complete,complete,unreviewed,,2026-08-22,Library-only intent; downstream source promotion must create 17 unknown Factor axes and no Theme rows.
candidate-f59be454d59478f33914,work-f59be454d59478f33914,complete,complete,complete,complete,complete,unreviewed,,2026-08-22,Library-only intent; downstream source promotion must create 17 unknown Factor axes and no Theme rows.
candidate-f5e145476399c2145323,work-f5e145476399c2145323,complete,complete,complete,complete,complete,unreviewed,,2026-08-22,Library-only intent; downstream source promotion must create 17 unknown Factor axes and no Theme rows.
candidate-f5f0ee0b0ff16bc146e0,work-f5f0ee0b0ff16bc146e0,complete,complete,complete,complete,complete,unreviewed,,2026-08-22,Library-only intent; downstream source promotion must create 17 unknown Factor axes and no Theme rows.
candidate-f67b1bdb544a914684ce,work-f67b1bdb544a914684ce,complete,complete,complete,complete,complete,unreviewed,,2026-08-22,Library-only intent; downstream source promotion must create 17 unknown Factor axes and no Theme rows.
candidate-f6bd6e031ac086266cd8,work-f6bd6e031ac086266cd8,complete,complete,complete,complete,complete,unreviewed,,2026-08-22,Library-only intent; downstream source promotion must create 17 unknown Factor axes and no Theme rows.
candidate-f6cddc6b36f20bd0cc74,work-f6cddc6b36f20bd0cc74,complete,complete,complete,complete,complete,unreviewed,,2026-08-22,Library-only intent; downstream source promotion must create 17 unknown Factor axes and no Theme rows.
candidate-f6e3d44392f62cce9b80,work-f6e3d44392f62cce9b80,complete,complete,complete,complete,complete,unreviewed,,2026-08-22,Library-only intent; downstream source promotion must create 17 unknown Factor axes and no Theme rows.
candidate-f6fa4c2d3a7e1dc5257b,work-f6fa4c2d3a7e1dc5257b,complete,complete,complete,complete,complete,unreviewed,,2026-08-22,Library-only intent; downstream source promotion must create 17 unknown Factor axes and no Theme rows.
candidate-f710745756d55f2d1e07,work-f710745756d55f2d1e07,complete,complete,complete,complete,complete,unreviewed,,2026-08-22,Library-only intent; downstream source promotion must create 17 unknown Factor axes and no Theme rows.
candidate-f72d1201aed72c0ad05e,work-f72d1201aed72c0ad05e,complete,complete,complete,complete,complete,unreviewed,,2026-08-22,Library-only intent; downstream source promotion must create 17 unknown Factor axes and no Theme rows.
candidate-f78989e37b02423445e7,work-f78989e37b02423445e7,complete,complete,complete,complete,complete,unreviewed,,2026-08-22,Library-only intent; downstream source promotion must create 17 unknown Factor axes and no Theme rows.
candidate-f790f97e451eb4a1a893,work-f790f97e451eb4a1a893,complete,complete,complete,complete,complete,unreviewed,,2026-08-22,Library-only intent; downstream source promotion must create 17 unknown Factor axes and no Theme rows.
candidate-f7a54aee2a05deb32185,work-f7a54aee2a05deb32185,complete,complete,complete,complete,complete,unreviewed,,2026-08-22,Library-only intent; downstream source promotion must create 17 unknown Factor axes and no Theme rows.
candidate-f80595341b9dba6368a9,work-f80595341b9dba6368a9,complete,complete,complete,complete,complete,unreviewed,,2026-08-22,Library-only intent; downstream source promotion must create 17 unknown Factor axes and no Theme rows.
candidate-f8ba46fc19e6fbdda110,work-f8ba46fc19e6fbdda110,complete,complete,complete,complete,complete,unreviewed,,2026-08-22,Library-only intent; downstream source promotion must create 17 unknown Factor axes and no Theme rows.
candidate-f8cb26831612e0c6ece5,work-f8cb26831612e0c6ece5,complete,complete,complete,complete,complete,unreviewed,,2026-08-22,Library-only intent; downstream source promotion must create 17 unknown Factor axes and no Theme rows.
candidate-f8e6e860c6374d222d99,work-f8e6e860c6374d222d99,complete,complete,complete,complete,complete,unreviewed,,2026-08-22,Library-only intent; downstream source promotion must create 17 unknown Factor axes and no Theme rows.
candidate-f8f501d3402016f5d7ba,monster,complete,complete,complete,complete,complete,authorizedModelPanel,reviews/g1-sanity-panel.md,2026-08-22,Existing Gold annotation contract reused from reviews/g1-sanity-panel.md.
candidate-f95d6610fc2fbda8e8cb,work-f95d6610fc2fbda8e8cb,complete,complete,complete,complete,complete,unreviewed,,2026-08-22,Library-only intent; downstream source promotion must create 17 unknown Factor axes and no Theme rows.
candidate-f98c044c5e5e97027806,work-f98c044c5e5e97027806,complete,complete,complete,complete,complete,unreviewed,,2026-08-22,Library-only intent; downstream source promotion must create 17 unknown Factor axes and no Theme rows.
candidate-f9b25a35dc3a8e6c9657,work-f9b25a35dc3a8e6c9657,complete,complete,complete,complete,complete,unreviewed,,2026-08-22,Library-only intent; downstream source promotion must create 17 unknown Factor axes and no Theme rows.
candidate-f9ca3386d3e12d4a5045,work-f9ca3386d3e12d4a5045,complete,complete,complete,complete,complete,unreviewed,,2026-08-22,Library-only intent; downstream source promotion must create 17 unknown Factor axes and no Theme rows.
candidate-fa3d033d13d68a06537d,work-fa3d033d13d68a06537d,complete,complete,complete,complete,complete,unreviewed,,2026-08-22,Library-only intent; downstream source promotion must create 17 unknown Factor axes and no Theme rows.
candidate-fa4b7e822d57992e2342,work-fa4b7e822d57992e2342,complete,complete,complete,complete,complete,unreviewed,,2026-08-22,Library-only intent; downstream source promotion must create 17 unknown Factor axes and no Theme rows.
candidate-fa5f7e6238a0d3247a8c,work-fa5f7e6238a0d3247a8c,complete,complete,complete,complete,complete,unreviewed,,2026-08-22,Library-only intent; downstream source promotion must create 17 unknown Factor axes and no Theme rows.
candidate-fa738018edf898e49958,work-fa738018edf898e49958,complete,complete,complete,complete,complete,unreviewed,,2026-08-22,Library-only intent; downstream source promotion must create 17 unknown Factor axes and no Theme rows.
candidate-fa77bfdba2ca19a57d9a,work-fa77bfdba2ca19a57d9a,complete,complete,complete,complete,complete,unreviewed,,2026-08-22,Library-only intent; downstream source promotion must create 17 unknown Factor axes and no Theme rows.
candidate-fabc7f5d853e361acaf3,work-fabc7f5d853e361acaf3,complete,complete,complete,complete,complete,unreviewed,,2026-08-22,Library-only intent; downstream source promotion must create 17 unknown Factor axes and no Theme rows.
candidate-fb33d4d688782332c203,work-fb33d4d688782332c203,complete,complete,complete,complete,complete,unreviewed,,2026-08-22,Library-only intent; downstream source promotion must create 17 unknown Factor axes and no Theme rows.
candidate-fb4fde98bbcda04c21eb,work-fb4fde98bbcda04c21eb,complete,complete,complete,complete,complete,unreviewed,,2026-08-22,Library-only intent; downstream source promotion must create 17 unknown Factor axes and no Theme rows.
candidate-fb53bae7bc355ba77b94,work-fb53bae7bc355ba77b94,complete,complete,complete,complete,complete,unreviewed,,2026-08-22,Library-only intent; downstream source promotion must create 17 unknown Factor axes and no Theme rows.
candidate-fb53fcb2b3746d0cd03d,work-fb53fcb2b3746d0cd03d,complete,complete,complete,complete,complete,unreviewed,,2026-08-22,Library-only intent; downstream source promotion must create 17 unknown Factor axes and no Theme rows.
candidate-fb5e29014d45e0ee12cf,work-fb5e29014d45e0ee12cf,complete,complete,complete,complete,complete,unreviewed,,2026-08-22,Library-only intent; downstream source promotion must create 17 unknown Factor axes and no Theme rows.
candidate-fb6339198a6a55033843,work-fb6339198a6a55033843,complete,complete,complete,complete,complete,unreviewed,,2026-08-22,Library-only intent; downstream source promotion must create 17 unknown Factor axes and no Theme rows.
candidate-fb7a0ed6a88db7d7bc71,work-fb7a0ed6a88db7d7bc71,complete,complete,complete,complete,complete,unreviewed,,2026-08-22,Library-only intent; downstream source promotion must create 17 unknown Factor axes and no Theme rows.
candidate-fb80625ae19a58485d35,work-fb80625ae19a58485d35,complete,complete,complete,complete,complete,unreviewed,,2026-08-22,Library-only intent; downstream source promotion must create 17 unknown Factor axes and no Theme rows.
candidate-fb89f119251610cf1648,work-fb89f119251610cf1648,complete,complete,complete,complete,complete,unreviewed,,2026-08-22,Library-only intent; downstream source promotion must create 17 unknown Factor axes and no Theme rows.
candidate-fbc2ca1b58e5ac9be00a,work-fbc2ca1b58e5ac9be00a,complete,complete,complete,complete,complete,unreviewed,,2026-08-22,Library-only intent; downstream source promotion must create 17 unknown Factor axes and no Theme rows.
candidate-fc53cb5669aa4099ee4a,work-fc53cb5669aa4099ee4a,complete,complete,complete,complete,complete,unreviewed,,2026-08-22,Library-only intent; downstream source promotion must create 17 unknown Factor axes and no Theme rows.
candidate-fc544c9e011fe4f04ec6,work-fc544c9e011fe4f04ec6,complete,complete,complete,complete,complete,unreviewed,,2026-08-22,Library-only intent; downstream source promotion must create 17 unknown Factor axes and no Theme rows.
candidate-fca82c83835eeacce10c,work-fca82c83835eeacce10c,complete,complete,complete,complete,complete,unreviewed,,2026-08-22,Library-only intent; downstream source promotion must create 17 unknown Factor axes and no Theme rows.
candidate-fcf4a94b4002d5d88acb,work-fcf4a94b4002d5d88acb,complete,complete,complete,complete,complete,unreviewed,,2026-08-22,Library-only intent; downstream source promotion must create 17 unknown Factor axes and no Theme rows.
candidate-fd190ce315fa4370c231,work-fd190ce315fa4370c231,complete,complete,complete,complete,complete,unreviewed,,2026-08-22,Library-only intent; downstream source promotion must create 17 unknown Factor axes and no Theme rows.
candidate-fd2a957c501c36047ed0,work-fd2a957c501c36047ed0,complete,complete,complete,complete,complete,unreviewed,,2026-08-22,Library-only intent; downstream source promotion must create 17 unknown Factor axes and no Theme rows.
candidate-fd370d007a92cf6dd555,work-fd370d007a92cf6dd555,complete,complete,complete,complete,complete,unreviewed,,2026-08-22,Library-only intent; downstream source promotion must create 17 unknown Factor axes and no Theme rows.
candidate-fd37656c6eb89e1b49aa,work-fd37656c6eb89e1b49aa,complete,complete,complete,complete,complete,unreviewed,,2026-08-22,Library-only intent; downstream source promotion must create 17 unknown Factor axes and no Theme rows.
candidate-fd47a8534bdee3a0181e,work-fd47a8534bdee3a0181e,complete,complete,complete,complete,complete,unreviewed,,2026-08-22,Library-only intent; downstream source promotion must create 17 unknown Factor axes and no Theme rows.
candidate-fd5df88c9820bb00bb1f,work-fd5df88c9820bb00bb1f,complete,complete,complete,complete,complete,unreviewed,,2026-08-22,Library-only intent; downstream source promotion must create 17 unknown Factor axes and no Theme rows.
candidate-fd6e70a72344e8a3ef3b,work-fd6e70a72344e8a3ef3b,complete,complete,complete,complete,complete,unreviewed,,2026-08-22,Library-only intent; downstream source promotion must create 17 unknown Factor axes and no Theme rows.
candidate-fd88144bf7334c4aae39,work-fd88144bf7334c4aae39,complete,complete,complete,complete,complete,unreviewed,,2026-08-22,Library-only intent; downstream source promotion must create 17 unknown Factor axes and no Theme rows.
candidate-fda8a407b9b08e667df1,work-fda8a407b9b08e667df1,complete,complete,complete,complete,complete,unreviewed,,2026-08-22,Library-only intent; downstream source promotion must create 17 unknown Factor axes and no Theme rows.
candidate-fe35a5f01946f5153eb4,work-fe35a5f01946f5153eb4,complete,complete,complete,complete,complete,unreviewed,,2026-08-22,Library-only intent; downstream source promotion must create 17 unknown Factor axes and no Theme rows.
candidate-fe36cd3eb836d1655a94,work-fe36cd3eb836d1655a94,complete,complete,complete,complete,complete,unreviewed,,2026-08-22,Library-only intent; downstream source promotion must create 17 unknown Factor axes and no Theme rows.
candidate-fed2192d8e8359ba3ed4,work-fed2192d8e8359ba3ed4,complete,complete,complete,complete,complete,unreviewed,,2026-08-22,Library-only intent; downstream source promotion must create 17 unknown Factor axes and no Theme rows.
candidate-ff54aae19d03bc065747,work-ff54aae19d03bc065747,complete,complete,complete,complete,complete,unreviewed,,2026-08-22,Library-only intent; downstream source promotion must create 17 unknown Factor axes and no Theme rows.
candidate-ff5c00e958b24a1f3f5f,work-ff5c00e958b24a1f3f5f,complete,complete,complete,complete,complete,unreviewed,,2026-08-22,Library-only intent; downstream source promotion must create 17 unknown Factor axes and no Theme rows.
candidate-ff78e8da2e8c6cf5a2c1,work-ff78e8da2e8c6cf5a2c1,complete,complete,complete,complete,complete,unreviewed,,2026-08-22,Library-only intent; downstream source promotion must create 17 unknown Factor axes and no Theme rows.
candidate-ff9b025f58d7e12f3cb1,work-ff9b025f58d7e12f3cb1,complete,complete,complete,complete,complete,unreviewed,,2026-08-22,Library-only intent; downstream source promotion must create 17 unknown Factor axes and no Theme rows.
candidate-ffb27b6611e39f1e117c,work-ffb27b6611e39f1e117c,complete,complete,complete,complete,complete,unreviewed,,2026-08-22,Library-only intent; downstream source promotion must create 17 unknown Factor axes and no Theme rows.
candidate-ffb453ad9c40789b5d94,work-ffb453ad9c40789b5d94,complete,complete,complete,complete,complete,unreviewed,,2026-08-22,Library-only intent; downstream source promotion must create 17 unknown Factor axes and no Theme rows.
candidate-ffc5b05df16409addd48,welcome-to-the-ballroom,complete,complete,complete,complete,complete,authorizedModelPanel,reviews/g2-catalog-annotation-panel.md,2026-08-22,Existing Gold annotation contract reused from reviews/g2-catalog-annotation-panel.md.
