candidateId,canonicalTitleJa,titleKana,creatorsJa,firstPublishedYear,originCountry,format,publicationStatus,notes
candidate-002459e5f390e41d63a2,目玉焼きの黄身 いつつぶす?,,おおひなた ごう,2013,unknown,unknown,unknown,Library-only candidate; opaque workId=work-002459e5f390e41d63a2; identity is normalized official title + matched Rakuten author; origin and original format remain unknown.
candidate-0029e59a039dce3f6e74,【推しの子】,,赤坂 アカ;横槍 メンゴ,2020,unknown,unknown,unknown,Library-only candidate; opaque workId=work-0029e59a039dce3f6e74; identity is normalized official title + matched Rakuten author; origin and original format remain unknown.
candidate-003f3f37d4def277a23b,あの娘にキスと白百合を,,缶乃,2014,unknown,unknown,unknown,Library-only candidate; opaque workId=work-003f3f37d4def277a23b; identity is normalized official title + matched Rakuten author; origin and original format remain unknown.
candidate-009db86ba32a4a5f3afe,異世界サムライ,,齋藤 勁吾,2023,unknown,unknown,unknown,Library-only candidate; opaque workId=work-009db86ba32a4a5f3afe; identity is normalized official title + matched Rakuten author; origin and original format remain unknown.
candidate-011efc564d47a7ec9cab,うどんの女,,えすとえむ,2011,unknown,unknown,unknown,Library-only candidate; opaque workId=work-011efc564d47a7ec9cab; identity is normalized official title + matched Rakuten author; origin and original format remain unknown.
candidate-01521fffc812e9b304e1,錦田警部はどろぼうがお好き,,かんば まゆこ,2015,unknown,unknown,unknown,Library-only candidate; opaque workId=work-01521fffc812e9b304e1; identity is normalized official title + matched Rakuten author; origin and original format remain unknown.
candidate-0153a125c5a56225b06c,違国日記,,ヤマシタ トモコ,2017,unknown,unknown,unknown,Library-only candidate; opaque workId=work-0153a125c5a56225b06c; identity is normalized official title + matched Rakuten author; origin and original format remain unknown.
candidate-017446dd1a9039d9839b,サンダー３,,池田 祐輝,2022,unknown,unknown,unknown,Library-only candidate; opaque workId=work-017446dd1a9039d9839b; identity is normalized official title + matched Rakuten author; origin and original format remain unknown.
candidate-019b6c97e23e7cd48e92,私日和,,羽柴麻央,2009,unknown,unknown,unknown,Library-only candidate; opaque workId=work-019b6c97e23e7cd48e92; identity is normalized official title + matched Rakuten author; origin and original format remain unknown.
candidate-019c4c86fb259730e7d0,フールナイト,,安田 佳澄,2021,unknown,unknown,unknown,Library-only candidate; opaque workId=work-019c4c86fb259730e7d0; identity is normalized official title + matched Rakuten author; origin and original format remain unknown.
candidate-01b06bd4f3e359d221dc,白銀妃,,睦月 のぞみ,2014,unknown,unknown,unknown,Library-only candidate; opaque workId=work-01b06bd4f3e359d221dc; identity is normalized official title + matched Rakuten author; origin and original format remain unknown.
candidate-01f5afe5dcc86cc7b664,昔話のできるまで,,山田穣,,unknown,unknown,unknown,Library-only candidate; opaque workId=work-01f5afe5dcc86cc7b664; identity is normalized official title + matched Rakuten author; origin and original format remain unknown.
candidate-01f973f0b71593c23a68,きんぼし,,明石英之,2008,unknown,unknown,unknown,Library-only candidate; opaque workId=work-01f973f0b71593c23a68; identity is normalized official title + matched Rakuten author; origin and original format remain unknown.
candidate-0208a4a29709fc3b0636,こんづくし,,森長 あやみ,2025,unknown,unknown,unknown,Library-only candidate; opaque workId=work-0208a4a29709fc3b0636; identity is normalized official title + matched Rakuten author; origin and original format remain unknown.
candidate-02410e1ffbf31c2cffc0,九井諒子作品集　竜のかわいい七つの子,,九井 諒子,,unknown,unknown,unknown,Library-only candidate; opaque workId=work-02410e1ffbf31c2cffc0; identity is normalized official title + matched Rakuten author; origin and original format remain unknown.
candidate-024310b5ca50739aa0e5,ケーキを買いに,,河内遙,,unknown,unknown,unknown,Library-only candidate; opaque workId=work-024310b5ca50739aa0e5; identity is normalized official title + matched Rakuten author; origin and original format remain unknown.
candidate-025c8ab93483a39c9330,ホストと社畜,,河尻みつる,2024,unknown,unknown,unknown,Library-only candidate; opaque workId=work-025c8ab93483a39c9330; identity is normalized official title + matched Rakuten author; origin and original format remain unknown.
candidate-0262dcaa820443c3185d,ゴルゴ13,,さいとうたかを,1968,unknown,unknown,unknown,Library-only candidate; opaque workId=work-0262dcaa820443c3185d; identity is normalized official title + matched Rakuten author; origin and original format remain unknown.
candidate-027ed39e9d921537ad67,アイドルビーバック！,,はんざわかおり,2024,unknown,unknown,unknown,Library-only candidate; opaque workId=work-027ed39e9d921537ad67; identity is normalized official title + matched Rakuten author; origin and original format remain unknown.
candidate-02821fe0321a4a15a9e3,みそララ,,宮原るり,2007,unknown,unknown,unknown,Library-only candidate; opaque workId=work-02821fe0321a4a15a9e3; identity is normalized official title + matched Rakuten author; origin and original format remain unknown.
candidate-02d5d329c9ef85e481cb,のたり松太郎,,ちばてつや,1973,unknown,unknown,unknown,Library-only candidate; opaque workId=work-02d5d329c9ef85e481cb; identity is normalized official title + matched Rakuten author; origin and original format remain unknown.
candidate-037650a8271f1e898e0f,ディノサン,,木下 いたる;藤原 慎一,2021,unknown,unknown,unknown,Library-only candidate; opaque workId=work-037650a8271f1e898e0f; identity is normalized official title + matched Rakuten author; origin and original format remain unknown.
candidate-03d7687838b304cde377,つるピカハゲ丸,,のむら しんぼ,1986,unknown,unknown,unknown,Library-only candidate; opaque workId=work-03d7687838b304cde377; identity is normalized official title + matched Rakuten author; origin and original format remain unknown.
candidate-03dd121b48927ce75496,ささめきこと,,いけだたかし,2007,unknown,unknown,unknown,Library-only candidate; opaque workId=work-03dd121b48927ce75496; identity is normalized official title + matched Rakuten author; origin and original format remain unknown.
candidate-03f8af97a21564c3601e,今日のユイコさん,,秀河 憲伸,2012,unknown,unknown,unknown,Library-only candidate; opaque workId=work-03f8af97a21564c3601e; identity is normalized official title + matched Rakuten author; origin and original format remain unknown.
candidate-041184453ad3e16aeb1a,不成仏霊童女,,花輪和一,,unknown,unknown,unknown,Library-only candidate; opaque workId=work-041184453ad3e16aeb1a; identity is normalized official title + matched Rakuten author; origin and original format remain unknown.
candidate-0461079c050fca066c4f,いいんちょ。,,秋風白雲,2008,unknown,unknown,unknown,Library-only candidate; opaque workId=work-0461079c050fca066c4f; identity is normalized official title + matched Rakuten author; origin and original format remain unknown.
candidate-048a39f42bd18cb0823e,大東京トイボックス,,うめ,2007,unknown,unknown,unknown,Library-only candidate; opaque workId=work-048a39f42bd18cb0823e; identity is normalized official title + matched Rakuten author; origin and original format remain unknown.
candidate-0493a35083abd57f5a77,すべての人類を破壊する。それらは再生できない。,,横田 卓馬;伊瀬 勝良,2019,unknown,unknown,unknown,Library-only candidate; opaque workId=work-0493a35083abd57f5a77; identity is normalized official title + matched Rakuten author; origin and original format remain unknown.
candidate-04ac6ddcf1c292ee38f9,LIMBO THE KING,,田中 相,2017,unknown,unknown,unknown,Library-only candidate; opaque workId=work-04ac6ddcf1c292ee38f9; identity is normalized official title + matched Rakuten author; origin and original format remain unknown.
candidate-04d912698ec64a30c2d7,悪魔を憐れむ歌,,梶本 レイカ,2017,unknown,unknown,unknown,Library-only candidate; opaque workId=work-04d912698ec64a30c2d7; identity is normalized official title + matched Rakuten author; origin and original format remain unknown.
candidate-04f35b4c99514d50231d,デトロイト・メタル・シティ,,若杉公徳,2006,unknown,unknown,unknown,Library-only candidate; opaque workId=work-04f35b4c99514d50231d; identity is normalized official title + matched Rakuten author; origin and original format remain unknown.
candidate-051ce38c242e92ec83d8,タオの城,,板倉梓,,unknown,unknown,unknown,Library-only candidate; opaque workId=work-051ce38c242e92ec83d8; identity is normalized official title + matched Rakuten author; origin and original format remain unknown.
candidate-053e1e86adbd269cc07a,王子様と灰色の日々,,山中ヒコ,,unknown,unknown,unknown,Library-only candidate; opaque workId=work-053e1e86adbd269cc07a; identity is normalized official title + matched Rakuten author; origin and original format remain unknown.
candidate-057321eada0f5983975e,金色のガッシュ!!,,雷句誠,2001,unknown,unknown,unknown,Library-only candidate; opaque workId=work-057321eada0f5983975e; identity is normalized official title + matched Rakuten author; origin and original format remain unknown.
candidate-057e1cf849bf49fc1465,虫と歌 市川春子作品集,,市川 春子,,unknown,unknown,unknown,Library-only candidate; opaque workId=work-057e1cf849bf49fc1465; identity is normalized official title + matched Rakuten author; origin and original format remain unknown.
candidate-05a1239f0ad4637650cd,タワーダンジョン,,弐瓶 勉,2024,unknown,unknown,unknown,Library-only candidate; opaque workId=work-05a1239f0ad4637650cd; identity is normalized official title + matched Rakuten author; origin and original format remain unknown.
candidate-05fd7a8974ddb2e3cbf0,ヒカルの碁,,ほったゆみ;小畑健,2009,unknown,unknown,unknown,Library-only candidate; opaque workId=work-05fd7a8974ddb2e3cbf0; identity is normalized official title + matched Rakuten author; origin and original format remain unknown.
candidate-060a72fe10cf6ba9cbfc,チェーザレ 破壊の創造者,,惣領 冬実,2006,unknown,unknown,unknown,Library-only candidate; opaque workId=work-060a72fe10cf6ba9cbfc; identity is normalized official title + matched Rakuten author; origin and original format remain unknown.
candidate-064c0062e7a8e29cfbed,COSMOS,,田村 隆平,2023,unknown,unknown,unknown,Library-only candidate; opaque workId=work-064c0062e7a8e29cfbed; identity is normalized official title + matched Rakuten author; origin and original format remain unknown.
candidate-06f744cc857f52984b2d,チャンネルはそのまま！,,佐々木 倫子,2009,unknown,unknown,unknown,Library-only candidate; opaque workId=work-06f744cc857f52984b2d; identity is normalized official title + matched Rakuten author; origin and original format remain unknown.
candidate-073f7f9dd8f3b5e07d29,おたくの娘さん,,すたひろ,2006,unknown,unknown,unknown,Library-only candidate; opaque workId=work-073f7f9dd8f3b5e07d29; identity is normalized official title + matched Rakuten author; origin and original format remain unknown.
candidate-074fc9c731ab475eaebe,この美術部には問題がある！,,いみぎむる,2013,unknown,unknown,unknown,Library-only candidate; opaque workId=work-074fc9c731ab475eaebe; identity is normalized official title + matched Rakuten author; origin and original format remain unknown.
candidate-07586346a94407eb03c8,君のことが大大大大大好きな100人の彼女,,野澤 ゆき子;中村 力斗,2020,unknown,unknown,unknown,Library-only candidate; opaque workId=work-07586346a94407eb03c8; identity is normalized official title + matched Rakuten author; origin and original format remain unknown.
candidate-076beb86f844b642beef,くーねるまるた,,高尾 じんぐ,2013,unknown,unknown,unknown,Library-only candidate; opaque workId=work-076beb86f844b642beef; identity is normalized official title + matched Rakuten author; origin and original format remain unknown.
candidate-07b11ec79f10c7eb7e05,かくかくしかじか,,東村アキコ,2012,unknown,unknown,unknown,Library-only candidate; opaque workId=work-07b11ec79f10c7eb7e05; identity is normalized official title + matched Rakuten author; origin and original format remain unknown.
candidate-07dc759bd91e1cffb2df,しあわせは食べて寝て待て,,水凪トリ,2020,unknown,unknown,unknown,Library-only candidate; opaque workId=work-07dc759bd91e1cffb2df; identity is normalized official title + matched Rakuten author; origin and original format remain unknown.
candidate-07e413fd6de80f21469d,戦国妖狐,,水上悟志,2008,unknown,unknown,unknown,Library-only candidate; opaque workId=work-07e413fd6de80f21469d; identity is normalized official title + matched Rakuten author; origin and original format remain unknown.
candidate-07faf4019b12de5e877d,私の少年,,高野 ひと深,2016,unknown,unknown,unknown,Library-only candidate; opaque workId=work-07faf4019b12de5e877d; identity is normalized official title + matched Rakuten author; origin and original format remain unknown.
candidate-07ff2a01ef593ce2f809,さよならミニスカート,,牧野 あおい,2018,unknown,unknown,unknown,Library-only candidate; opaque workId=work-07ff2a01ef593ce2f809; identity is normalized official title + matched Rakuten author; origin and original format remain unknown.
candidate-081e75d8bbc53ac64713,ダイヤモンドの功罪,,平井 大橋,2023,unknown,unknown,unknown,Library-only candidate; opaque workId=work-081e75d8bbc53ac64713; identity is normalized official title + matched Rakuten author; origin and original format remain unknown.
candidate-088bd94cfdd1dd6e192d,SPY×FAMILY,スパイファミリー,遠藤達哉,2019,unknown,unknown,ongoing,Matched existing Gold work spy-family by normalized title/alias + creator overlap.
candidate-08911847b618c8255b41,ローワライ,,雪野 朝哉,2026,unknown,unknown,unknown,Library-only candidate; opaque workId=work-08911847b618c8255b41; identity is normalized official title + matched Rakuten author; origin and original format remain unknown.
candidate-089947c5303024841fef,デカワンコ,,森本梢子,2008,unknown,unknown,unknown,Library-only candidate; opaque workId=work-089947c5303024841fef; identity is normalized official title + matched Rakuten author; origin and original format remain unknown.
candidate-08b79a6106a40f70e790,日本三國,,松木 いっか,2022,unknown,unknown,unknown,Library-only candidate; opaque workId=work-08b79a6106a40f70e790; identity is normalized official title + matched Rakuten author; origin and original format remain unknown.
candidate-090c010b942b581825db,見える子ちゃん,,泉朝樹,2018,unknown,unknown,ongoing,Matched existing Gold work mieruko-chan by normalized title/alias + creator overlap.
candidate-091d231d37f037fb07e8,インベスターZ,,三田紀房,2013,unknown,unknown,unknown,Library-only candidate; opaque workId=work-091d231d37f037fb07e8; identity is normalized official title + matched Rakuten author; origin and original format remain unknown.
candidate-094fec9e7639ddcbbc07,波よ聞いてくれ,,沙村広明,2014,unknown,unknown,ongoing,Matched existing Gold work wave-listen-to-me by normalized title/alias + creator overlap.
candidate-095c933ce9c1f7810f73,エンバンメイズ,,田中一行,2014,unknown,unknown,unknown,Library-only candidate; opaque workId=work-095c933ce9c1f7810f73; identity is normalized official title + matched Rakuten author; origin and original format remain unknown.
candidate-096425144a79c2716b3e,どうぶつの国,,雷句誠,2010,unknown,unknown,unknown,Library-only candidate; opaque workId=work-096425144a79c2716b3e; identity is normalized official title + matched Rakuten author; origin and original format remain unknown.
candidate-098b1781e14365eea667,うるわしの宵の月,,やまもり 三香,2020,unknown,unknown,unknown,Library-only candidate; opaque workId=work-098b1781e14365eea667; identity is normalized official title + matched Rakuten author; origin and original format remain unknown.
candidate-09ae4c1cbc4bff98eb1a,ぷらせぼくらぶ,,奥田亜紀子,,unknown,unknown,unknown,Library-only candidate; opaque workId=work-09ae4c1cbc4bff98eb1a; identity is normalized official title + matched Rakuten author; origin and original format remain unknown.
candidate-09c2784da3afe6ab62ce,片桐くん家に猫がいる,,吉川景都,2010,unknown,unknown,unknown,Library-only candidate; opaque workId=work-09c2784da3afe6ab62ce; identity is normalized official title + matched Rakuten author; origin and original format remain unknown.
candidate-0a72f4e304b688a6d9f0,彼方のアストラ,,篠原 健太,2016,unknown,unknown,unknown,Library-only candidate; opaque workId=work-0a72f4e304b688a6d9f0; identity is normalized official title + matched Rakuten author; origin and original format remain unknown.
candidate-0b358ab2fada71bc3c0f,僕のおとうさん,,アキヤマ香,2012,unknown,unknown,unknown,Library-only candidate; opaque workId=work-0b358ab2fada71bc3c0f; identity is normalized official title + matched Rakuten author; origin and original format remain unknown.
candidate-0b6d8b3f1349e5048b8b,ボーイ×ミーツ×ガール,,ろびこ,,unknown,unknown,unknown,Library-only candidate; opaque workId=work-0b6d8b3f1349e5048b8b; identity is normalized official title + matched Rakuten author; origin and original format remain unknown.
candidate-0b8f0f3bfc30d6da8ad0,ウツボラ,,中村明日美子,2010,unknown,unknown,unknown,Library-only candidate; opaque workId=work-0b8f0f3bfc30d6da8ad0; identity is normalized official title + matched Rakuten author; origin and original format remain unknown.
candidate-0b92afe0c01f8d4aae42,星旅少年,,坂月さかな,2022,unknown,unknown,unknown,Library-only candidate; opaque workId=work-0b92afe0c01f8d4aae42; identity is normalized official title + matched Rakuten author; origin and original format remain unknown.
candidate-0ba3547258320bf33dc3,ラキア,,Boichi;矢島正雄,2009,unknown,unknown,unknown,Library-only candidate; opaque workId=work-0ba3547258320bf33dc3; identity is normalized official title + matched Rakuten author; origin and original format remain unknown.
candidate-0bbd8ef182853cb7845f,クールドジ男子,,那多ここね,2019,unknown,unknown,unknown,Library-only candidate; opaque workId=work-0bbd8ef182853cb7845f; identity is normalized official title + matched Rakuten author; origin and original format remain unknown.
candidate-0bd2d3b52ffff3a7ded4,看護助手のナナちゃん,,野村知紗,2011,unknown,unknown,unknown,Library-only candidate; opaque workId=work-0bd2d3b52ffff3a7ded4; identity is normalized official title + matched Rakuten author; origin and original format remain unknown.
candidate-0bec5d8d9474a2197312,放浪息子,,志村貴子,2003,unknown,unknown,unknown,Library-only candidate; opaque workId=work-0bec5d8d9474a2197312; identity is normalized official title + matched Rakuten author; origin and original format remain unknown.
candidate-0c0301626306f5624d27,Sunny Sunny Ann!,,山本美希,,unknown,unknown,unknown,Library-only candidate; opaque workId=work-0c0301626306f5624d27; identity is normalized official title + matched Rakuten author; origin and original format remain unknown.
candidate-0cf463005cc77eeded8e,黄泉のツガイ,,荒川弘,2022,unknown,unknown,unknown,Library-only candidate; opaque workId=work-0cf463005cc77eeded8e; identity is normalized official title + matched Rakuten author; origin and original format remain unknown.
candidate-0cf5c4d5df5b040deeba,ヴォイニッチホテル,,道満晴明,2010,unknown,unknown,unknown,Library-only candidate; opaque workId=work-0cf5c4d5df5b040deeba; identity is normalized official title + matched Rakuten author; origin and original format remain unknown.
candidate-0d10ae56716a82f0ae4e,ほしのうえでめぐる,,倉橋ユウス,2012,unknown,unknown,unknown,Library-only candidate; opaque workId=work-0d10ae56716a82f0ae4e; identity is normalized official title + matched Rakuten author; origin and original format remain unknown.
candidate-0d1ad77728a44df56508,ラーメン大好き小泉さん,,鳴見なる,2014,unknown,unknown,unknown,Library-only candidate; opaque workId=work-0d1ad77728a44df56508; identity is normalized official title + matched Rakuten author; origin and original format remain unknown.
candidate-0d6c496878e276979e3c,ふたり鷹,,新谷かおる,1982,unknown,unknown,unknown,Library-only candidate; opaque workId=work-0d6c496878e276979e3c; identity is normalized official title + matched Rakuten author; origin and original format remain unknown.
candidate-0d894a02becb714986db,闇金ウシジマくん,,真鍋 昌平,2004,unknown,unknown,unknown,Library-only candidate; opaque workId=work-0d894a02becb714986db; identity is normalized official title + matched Rakuten author; origin and original format remain unknown.
candidate-0dabd1d17e5fcf2992b9,忘却のサチコ,,阿部 潤,2014,unknown,unknown,unknown,Library-only candidate; opaque workId=work-0dabd1d17e5fcf2992b9; identity is normalized official title + matched Rakuten author; origin and original format remain unknown.
candidate-0dd1ceee981780c10491,誰かがカッコゥと啼く,,イダタツヒコ,2007,unknown,unknown,unknown,Library-only candidate; opaque workId=work-0dd1ceee981780c10491; identity is normalized official title + matched Rakuten author; origin and original format remain unknown.
candidate-0e036724913c69bb937a,ファイアパンチ,,藤本タツキ,2016,unknown,unknown,unknown,Library-only candidate; opaque workId=work-0e036724913c69bb937a; identity is normalized official title + matched Rakuten author; origin and original format remain unknown.
candidate-0e29e324e16f7d5cda41,仮スマ,,櫻井リヤ,2004,unknown,unknown,unknown,Library-only candidate; opaque workId=work-0e29e324e16f7d5cda41; identity is normalized official title + matched Rakuten author; origin and original format remain unknown.
candidate-0ebf010ac12b9b60d80e,機動旅団八福神,,福島 聡,,unknown,unknown,unknown,Library-only candidate; opaque workId=work-0ebf010ac12b9b60d80e; identity is normalized official title + matched Rakuten author; origin and original format remain unknown.
candidate-0ede6921b81169dc2dda,不滅のあなたへ,,大今 良時,2017,unknown,unknown,unknown,Library-only candidate; opaque workId=work-0ede6921b81169dc2dda; identity is normalized official title + matched Rakuten author; origin and original format remain unknown.
candidate-0efbd1c37e95f5845317,いなかっぺ大将,,川崎のぼる,,unknown,unknown,unknown,Library-only candidate; opaque workId=work-0efbd1c37e95f5845317; identity is normalized official title + matched Rakuten author; origin and original format remain unknown.
candidate-0eff8190c0c6ff604527,よるくも,,漆原 ミチ,2011,unknown,unknown,unknown,Library-only candidate; opaque workId=work-0eff8190c0c6ff604527; identity is normalized official title + matched Rakuten author; origin and original format remain unknown.
candidate-0f3a44f5dcab9623d1be,応天の門,,灰原薬,2014,unknown,unknown,unknown,Library-only candidate; opaque workId=work-0f3a44f5dcab9623d1be; identity is normalized official title + matched Rakuten author; origin and original format remain unknown.
candidate-0f50eef4773267a0c1fa,でこぼこガーリッシュ,,原 鮎美,2012,unknown,unknown,unknown,Library-only candidate; opaque workId=work-0f50eef4773267a0c1fa; identity is normalized official title + matched Rakuten author; origin and original format remain unknown.
candidate-0f6261e1019b8a8021b7,群青にサイレン,,桃栗みかん,2015,unknown,unknown,unknown,Library-only candidate; opaque workId=work-0f6261e1019b8a8021b7; identity is normalized official title + matched Rakuten author; origin and original format remain unknown.
candidate-0f790fe4cb2b3d2a8f34,大正學生愛妻家,,粥川 すず,2024,unknown,unknown,unknown,Library-only candidate; opaque workId=work-0f790fe4cb2b3d2a8f34; identity is normalized official title + matched Rakuten author; origin and original format remain unknown.
candidate-0fca8d7b1cfbd8102c01,桃源暗鬼,,漆原侑来,2020,unknown,unknown,unknown,Library-only candidate; opaque workId=work-0fca8d7b1cfbd8102c01; identity is normalized official title + matched Rakuten author; origin and original format remain unknown.
candidate-0fe64d3cc470022fd3b9,ストロボ・エッジ,,咲坂 伊緒,2007,unknown,unknown,unknown,Library-only candidate; opaque workId=work-0fe64d3cc470022fd3b9; identity is normalized official title + matched Rakuten author; origin and original format remain unknown.
candidate-1012948f5de799831da4,RED,,村枝賢一,1998,unknown,unknown,unknown,Library-only candidate; opaque workId=work-1012948f5de799831da4; identity is normalized official title + matched Rakuten author; origin and original format remain unknown.
candidate-10417d42e6e36614454b,がんばれ！キッカーズ,,ながいのりあき,1985,unknown,unknown,unknown,Library-only candidate; opaque workId=work-10417d42e6e36614454b; identity is normalized official title + matched Rakuten author; origin and original format remain unknown.
candidate-1088a1dc00a3b0d22201,邪眼は月輪に飛ぶ,,藤田 和日郎,,unknown,unknown,unknown,Library-only candidate; opaque workId=work-1088a1dc00a3b0d22201; identity is normalized official title + matched Rakuten author; origin and original format remain unknown.
candidate-10ea8aa950d8d59958a8,うごかし屋,,芳崎せいむ,2008,unknown,unknown,unknown,Library-only candidate; opaque workId=work-10ea8aa950d8d59958a8; identity is normalized official title + matched Rakuten author; origin and original format remain unknown.
candidate-10f4cbd157b818a1f3ce,ファミレス行こ。,,和山 やま,2023,unknown,unknown,unknown,Library-only candidate; opaque workId=work-10f4cbd157b818a1f3ce; identity is normalized official title + matched Rakuten author; origin and original format remain unknown.
candidate-1111080969feddae8a64,ただいまのうた,,ふじもとゆうき,2009,unknown,unknown,unknown,Library-only candidate; opaque workId=work-1111080969feddae8a64; identity is normalized official title + matched Rakuten author; origin and original format remain unknown.
candidate-112589a161d1596ec97f,写らナイんです,,コノシマ ルカ,2024,unknown,unknown,unknown,Library-only candidate; opaque workId=work-112589a161d1596ec97f; identity is normalized official title + matched Rakuten author; origin and original format remain unknown.
candidate-11296a590b885cb73b66,透明なゆりかご,,沖田×華,2014,unknown,unknown,unknown,Library-only candidate; opaque workId=work-11296a590b885cb73b66; identity is normalized official title + matched Rakuten author; origin and original format remain unknown.
candidate-118ebbabadf214274ac6,おんなのいえ,,鳥飼 茜,2013,unknown,unknown,unknown,Library-only candidate; opaque workId=work-118ebbabadf214274ac6; identity is normalized official title + matched Rakuten author; origin and original format remain unknown.
candidate-119459d8de20ac5f45bd,アクタージュ act-age,,宇佐崎 しろ;マツキ タツヤ,2018,unknown,unknown,unknown,Library-only candidate; opaque workId=work-119459d8de20ac5f45bd; identity is normalized official title + matched Rakuten author; origin and original format remain unknown.
candidate-1194dc9f1d6f72a56dbd,はんだくん,,ヨシノサツキ,2014,unknown,unknown,unknown,Library-only candidate; opaque workId=work-1194dc9f1d6f72a56dbd; identity is normalized official title + matched Rakuten author; origin and original format remain unknown.
candidate-11d23966f22f777e95d0,のらみみ,,原一雄,2003,unknown,unknown,unknown,Library-only candidate; opaque workId=work-11d23966f22f777e95d0; identity is normalized official title + matched Rakuten author; origin and original format remain unknown.
candidate-11f13ef455c9bc9d68b4,まくむすび,,保谷 伸,2019,unknown,unknown,unknown,Library-only candidate; opaque workId=work-11f13ef455c9bc9d68b4; identity is normalized official title + matched Rakuten author; origin and original format remain unknown.
candidate-11f7290fc68cdf9635aa,幻想ギネコクラシー,,沙村広明,2014,unknown,unknown,unknown,Library-only candidate; opaque workId=work-11f7290fc68cdf9635aa; identity is normalized official title + matched Rakuten author; origin and original format remain unknown.
candidate-1237a0e89a427c736fac,37.5℃の涙,,椎名チカ,2014,unknown,unknown,unknown,Library-only candidate; opaque workId=work-1237a0e89a427c736fac; identity is normalized official title + matched Rakuten author; origin and original format remain unknown.
candidate-12a5eb9618886a507a6f,父とヒゲゴリラと私,,小池定路,2012,unknown,unknown,unknown,Library-only candidate; opaque workId=work-12a5eb9618886a507a6f; identity is normalized official title + matched Rakuten author; origin and original format remain unknown.
candidate-12addce786ee4fbb6a2c,おじさまと猫,,桜井海,2018,unknown,unknown,unknown,Library-only candidate; opaque workId=work-12addce786ee4fbb6a2c; identity is normalized official title + matched Rakuten author; origin and original format remain unknown.
candidate-12b484cd79bfe6852ea1,高校球児 ザワさん,,三島衛里子,2009,unknown,unknown,unknown,Library-only candidate; opaque workId=work-12b484cd79bfe6852ea1; identity is normalized official title + matched Rakuten author; origin and original format remain unknown.
candidate-12bb1c06ffe94f18421c,ウシハル,,ゴトウユキコ,2010,unknown,unknown,unknown,Library-only candidate; opaque workId=work-12bb1c06ffe94f18421c; identity is normalized official title + matched Rakuten author; origin and original format remain unknown.
candidate-12ced27e58dc3c8c1509,マンガで分かる心療内科,,ゆうきゆう;ソウ,2010,unknown,unknown,unknown,Library-only candidate; opaque workId=work-12ced27e58dc3c8c1509; identity is normalized official title + matched Rakuten author; origin and original format remain unknown.
candidate-131ba7a362fa9e38a10a,超巡！超条先輩,,沼 駿,2024,unknown,unknown,unknown,Library-only candidate; opaque workId=work-131ba7a362fa9e38a10a; identity is normalized official title + matched Rakuten author; origin and original format remain unknown.
candidate-132ce7172750a3b1fa53,ヒナまつり,,大武政夫,2011,unknown,unknown,unknown,Library-only candidate; opaque workId=work-132ce7172750a3b1fa53; identity is normalized official title + matched Rakuten author; origin and original format remain unknown.
candidate-136162000044f90dda04,踊る千年家族,,春日井 晶,2021,unknown,unknown,unknown,Library-only candidate; opaque workId=work-136162000044f90dda04; identity is normalized official title + matched Rakuten author; origin and original format remain unknown.
candidate-13ad51c176349c82367c,我間乱〜GAMARAN〜,,中丸洋介,2009,unknown,unknown,unknown,Library-only candidate; opaque workId=work-13ad51c176349c82367c; identity is normalized official title + matched Rakuten author; origin and original format remain unknown.
candidate-13ed15a0d70ac2b2d0ef,七つの大罪,ナナツノタイザイ,鈴木央,2012,unknown,unknown,completed,Matched existing Gold work the-seven-deadly-sins by normalized title/alias + creator overlap.
candidate-1416d5a9fd062e979aef,はたらく細胞,,清水茜,2015,unknown,unknown,completed,Matched existing Gold work cells-at-work by normalized title/alias + creator overlap.
candidate-14b8108ece1a01311da8,鋼鉄の華っ柱,,西森博之,2011,unknown,unknown,unknown,Library-only candidate; opaque workId=work-14b8108ece1a01311da8; identity is normalized official title + matched Rakuten author; origin and original format remain unknown.
candidate-14e489bf1afd1587c44a,YAWARA！,,浦沢直樹,1986,unknown,unknown,unknown,Library-only candidate; opaque workId=work-14e489bf1afd1587c44a; identity is normalized official title + matched Rakuten author; origin and original format remain unknown.
candidate-14fcdce57f7824813075,てんむす,,稲山覚也,2011,unknown,unknown,unknown,Library-only candidate; opaque workId=work-14fcdce57f7824813075; identity is normalized official title + matched Rakuten author; origin and original format remain unknown.
candidate-151b456508f78852b002,ヨルムンガンド,,高橋 慶太郎,2006,unknown,unknown,unknown,Library-only candidate; opaque workId=work-151b456508f78852b002; identity is normalized official title + matched Rakuten author; origin and original format remain unknown.
candidate-1550d4a52c3fe6d9f94c,ボクラノキセキ,,久米田夏緒,2009,unknown,unknown,unknown,Library-only candidate; opaque workId=work-1550d4a52c3fe6d9f94c; identity is normalized official title + matched Rakuten author; origin and original format remain unknown.
candidate-1563438b7ccf15a48ffe,モブサイコ100,モブサイコヒャク,ONE,2012,unknown,unknown,completed,Matched existing Gold work mob-psycho-100 by normalized title/alias + creator overlap.
candidate-159ec8fd998859ffac85,嫁姑の拳Ｚ,,函岬誉,2012,unknown,unknown,unknown,Library-only candidate; opaque workId=work-159ec8fd998859ffac85; identity is normalized official title + matched Rakuten author; origin and original format remain unknown.
candidate-15a7b190d6da8a26652a,みかこさん,,今日マチ子,2009,unknown,unknown,unknown,Library-only candidate; opaque workId=work-15a7b190d6da8a26652a; identity is normalized official title + matched Rakuten author; origin and original format remain unknown.
candidate-15a975302e37cf28dc95,雨と君と,,二階堂 幸,2021,unknown,unknown,unknown,Library-only candidate; opaque workId=work-15a975302e37cf28dc95; identity is normalized official title + matched Rakuten author; origin and original format remain unknown.
candidate-15cd524191c3fb7ce45f,たくのこ,,花輪園人,,unknown,unknown,unknown,Library-only candidate; opaque workId=work-15cd524191c3fb7ce45f; identity is normalized official title + matched Rakuten author; origin and original format remain unknown.
candidate-15d6508605fbd4a266fc,おまかせ精霊,,青本 もあ,2007,unknown,unknown,unknown,Library-only candidate; opaque workId=work-15d6508605fbd4a266fc; identity is normalized official title + matched Rakuten author; origin and original format remain unknown.
candidate-15dba4fdb46308ab45d7,駅から5分,,くらもちふさこ,2007,unknown,unknown,unknown,Library-only candidate; opaque workId=work-15dba4fdb46308ab45d7; identity is normalized official title + matched Rakuten author; origin and original format remain unknown.
candidate-15e295e52c5c6be6a649,惰性67パーセント,,紙魚丸,2015,unknown,unknown,unknown,Library-only candidate; opaque workId=work-15e295e52c5c6be6a649; identity is normalized official title + matched Rakuten author; origin and original format remain unknown.
candidate-15f3aa6d47edb5852ea6,ハイキュー!!,ハイキュー,古舘春一,2012,unknown,unknown,completed,Matched existing Gold work haikyu by normalized title/alias + creator overlap.
candidate-163100a10134c48d2473,一緒に暮らすための約束をいくつか,,陸乃家鴨,2011,unknown,unknown,unknown,Library-only candidate; opaque workId=work-163100a10134c48d2473; identity is normalized official title + matched Rakuten author; origin and original format remain unknown.
candidate-164ee5ddc6b7fd9b35c0,のら旅。 好きある所に道はある,,鹿子木灯,2024,unknown,unknown,unknown,Library-only candidate; opaque workId=work-164ee5ddc6b7fd9b35c0; identity is normalized official title + matched Rakuten author; origin and original format remain unknown.
candidate-165669641177ffa78e22,未来日記,,えすの サカエ,2006,unknown,unknown,unknown,Library-only candidate; opaque workId=work-165669641177ffa78e22; identity is normalized official title + matched Rakuten author; origin and original format remain unknown.
candidate-166485add3d7262afb00,夕空のクライフイズム,,手原和憲,2014,unknown,unknown,unknown,Library-only candidate; opaque workId=work-166485add3d7262afb00; identity is normalized official title + matched Rakuten author; origin and original format remain unknown.
candidate-1681d7aeefde0c5c9e5a,ミュージアム,,巴 亮介,2013,unknown,unknown,unknown,Library-only candidate; opaque workId=work-1681d7aeefde0c5c9e5a; identity is normalized official title + matched Rakuten author; origin and original format remain unknown.
candidate-16b5e5f6698c291257f6,只野工業高校の日常,,小賀 ちさと,2020,unknown,unknown,unknown,Library-only candidate; opaque workId=work-16b5e5f6698c291257f6; identity is normalized official title + matched Rakuten author; origin and original format remain unknown.
candidate-171b262b7ad72871f795,ドリフターズ,,平野耕太,2010,unknown,unknown,unknown,Library-only candidate; opaque workId=work-171b262b7ad72871f795; identity is normalized official title + matched Rakuten author; origin and original format remain unknown.
candidate-174e7603bb0e71bb62ab,からかい上手の高木さん,,山本 崇一朗,2014,unknown,unknown,unknown,Library-only candidate; opaque workId=work-174e7603bb0e71bb62ab; identity is normalized official title + matched Rakuten author; origin and original format remain unknown.
candidate-17515acc6e90eec79270,ひぐらしのなく頃に解　祭囃し編,,鈴羅木かりん;竜騎士07,2008,unknown,unknown,unknown,Library-only candidate; opaque workId=work-17515acc6e90eec79270; identity is normalized official title + matched Rakuten author; origin and original format remain unknown.
candidate-17dd9b35c9688784b5ba,コジカは正義の味方じゃない,,小原愼司,2011,unknown,unknown,unknown,Library-only candidate; opaque workId=work-17dd9b35c9688784b5ba; identity is normalized official title + matched Rakuten author; origin and original format remain unknown.
candidate-1806163b95ab496ab1fb,君に届け,キミニトドケ,椎名軽穂,2005,unknown,unknown,completed,Matched existing Gold work kimi-ni-todoke by normalized title/alias + creator overlap.
candidate-188ba092c6195603bb3f,つらつらわらじ,,オノ・ナツメ,2010,unknown,unknown,unknown,Library-only candidate; opaque workId=work-188ba092c6195603bb3f; identity is normalized official title + matched Rakuten author; origin and original format remain unknown.
candidate-1894215d024b500e5392,当て屋の椿,,川下寛次,2008,unknown,unknown,unknown,Library-only candidate; opaque workId=work-1894215d024b500e5392; identity is normalized official title + matched Rakuten author; origin and original format remain unknown.
candidate-18e08fe95968a6537773,ニラメッコ,,久世 岳,2021,unknown,unknown,unknown,Library-only candidate; opaque workId=work-18e08fe95968a6537773; identity is normalized official title + matched Rakuten author; origin and original format remain unknown.
candidate-1924e6c313fe8817ad37,プリンシパル,,いくえみ綾,2011,unknown,unknown,unknown,Library-only candidate; opaque workId=work-1924e6c313fe8817ad37; identity is normalized official title + matched Rakuten author; origin and original format remain unknown.
candidate-192cbecc59e9c028142b,本なら売るほど,,児島 青,2022,unknown,unknown,unknown,Library-only candidate; opaque workId=work-192cbecc59e9c028142b; identity is normalized official title + matched Rakuten author; origin and original format remain unknown.
candidate-196f917715fbb17d4d0f,貧乏神が！,,助野嘉昭,2008,unknown,unknown,unknown,Library-only candidate; opaque workId=work-196f917715fbb17d4d0f; identity is normalized official title + matched Rakuten author; origin and original format remain unknown.
candidate-197089286d30de82f9e9,多聞くん今どっち!?,,師走 ゆき,2022,unknown,unknown,unknown,Library-only candidate; opaque workId=work-197089286d30de82f9e9; identity is normalized official title + matched Rakuten author; origin and original format remain unknown.
candidate-19914389b95a96a94e2b,グリーングリーングリーンズ,,寺坂 研人,2024,unknown,unknown,unknown,Library-only candidate; opaque workId=work-19914389b95a96a94e2b; identity is normalized official title + matched Rakuten author; origin and original format remain unknown.
candidate-1998a3621df8e8cb4b95,暁のヨナ,,草凪みずほ,2010,unknown,unknown,unknown,Library-only candidate; opaque workId=work-1998a3621df8e8cb4b95; identity is normalized official title + matched Rakuten author; origin and original format remain unknown.
candidate-19a26f01512166856a6a,銀河鉄道999,,松本零士,1977,unknown,unknown,unknown,Library-only candidate; opaque workId=work-19a26f01512166856a6a; identity is normalized official title + matched Rakuten author; origin and original format remain unknown.
candidate-19b578d0e828242f14f3,恋愛ラボ,,宮原るり,2008,unknown,unknown,unknown,Library-only candidate; opaque workId=work-19b578d0e828242f14f3; identity is normalized official title + matched Rakuten author; origin and original format remain unknown.
candidate-19bf120239dd0661fdc0,SKET DANCE,,篠原健太,2007,unknown,unknown,unknown,Library-only candidate; opaque workId=work-19bf120239dd0661fdc0; identity is normalized official title + matched Rakuten author; origin and original format remain unknown.
candidate-19c2017b33c07f48634e,ふうらい姉妹,,長崎 ライチ,2010,unknown,unknown,unknown,Library-only candidate; opaque workId=work-19c2017b33c07f48634e; identity is normalized official title + matched Rakuten author; origin and original format remain unknown.
candidate-19c3e776eecdbd1e2d8f,ホテルポパン,,有間しのぶ,2012,unknown,unknown,unknown,Library-only candidate; opaque workId=work-19c3e776eecdbd1e2d8f; identity is normalized official title + matched Rakuten author; origin and original format remain unknown.
candidate-19f7ccc2693b36d742e4,グラゼニ,,アダチ ケイジ;森高 夕次,2011,unknown,unknown,unknown,Library-only candidate; opaque workId=work-19f7ccc2693b36d742e4; identity is normalized official title + matched Rakuten author; origin and original format remain unknown.
candidate-1a084f8d1e59ba8ed260,空想郵便局,,朝陽昇,2012,unknown,unknown,unknown,Library-only candidate; opaque workId=work-1a084f8d1e59ba8ed260; identity is normalized official title + matched Rakuten author; origin and original format remain unknown.
candidate-1a3c3749e3db82bec0a4,さすらいアフロ田中,,のりつけ 雅春,2010,unknown,unknown,unknown,Library-only candidate; opaque workId=work-1a3c3749e3db82bec0a4; identity is normalized official title + matched Rakuten author; origin and original format remain unknown.
candidate-1a4f3079592a2bf3e9ab,ACONY,,冬目景,2009,unknown,unknown,unknown,Library-only candidate; opaque workId=work-1a4f3079592a2bf3e9ab; identity is normalized official title + matched Rakuten author; origin and original format remain unknown.
candidate-1a6ad6771865b43c8516,それでも町は廻っている,,石黒正数,2006,unknown,unknown,unknown,Library-only candidate; opaque workId=work-1a6ad6771865b43c8516; identity is normalized official title + matched Rakuten author; origin and original format remain unknown.
candidate-1a70124a59d668a19ee9,いぬやしき,,奥浩哉,2014,unknown,unknown,completed,Matched existing Gold work inuyashiki by normalized title/alias + creator overlap.
candidate-1aaf3b559f7d9c7f85e3,死後出版,,田中 現兎,2023,unknown,unknown,unknown,Library-only candidate; opaque workId=work-1aaf3b559f7d9c7f85e3; identity is normalized official title + matched Rakuten author; origin and original format remain unknown.
candidate-1b3afe12c434a9cf7603,銀のスプーン,,小沢 真理,2011,unknown,unknown,unknown,Library-only candidate; opaque workId=work-1b3afe12c434a9cf7603; identity is normalized official title + matched Rakuten author; origin and original format remain unknown.
candidate-1b7812afe1c1ec2f6d03,マグロちゃんは食べられたい！,,はも,2022,unknown,unknown,unknown,Library-only candidate; opaque workId=work-1b7812afe1c1ec2f6d03; identity is normalized official title + matched Rakuten author; origin and original format remain unknown.
candidate-1b7c4ed54d7761cd242b,おかめ日和,,入江喜和,2007,unknown,unknown,unknown,Library-only candidate; opaque workId=work-1b7c4ed54d7761cd242b; identity is normalized official title + matched Rakuten author; origin and original format remain unknown.
candidate-1b839a7f7034e313c8d1,地球へ…,,竹宮恵子,2007,unknown,unknown,unknown,Library-only candidate; opaque workId=work-1b839a7f7034e313c8d1; identity is normalized official title + matched Rakuten author; origin and original format remain unknown.
candidate-1b94cd8bacb92576eb36,イロドリミドリ,,羽柴麻央,,unknown,unknown,unknown,Library-only candidate; opaque workId=work-1b94cd8bacb92576eb36; identity is normalized official title + matched Rakuten author; origin and original format remain unknown.
candidate-1b9fc6e13c87db1a08c4,高橋さんが聞いている。,,北欧ゆう,2013,unknown,unknown,unknown,Library-only candidate; opaque workId=work-1b9fc6e13c87db1a08c4; identity is normalized official title + matched Rakuten author; origin and original format remain unknown.
candidate-1bce95b6c02673e59bcf,新黒沢 最強伝説,,福本伸行,2013,unknown,unknown,unknown,Library-only candidate; opaque workId=work-1bce95b6c02673e59bcf; identity is normalized official title + matched Rakuten author; origin and original format remain unknown.
candidate-1bdd89da60157e62d8ae,ハンザスカイ,,佐渡川準,2010,unknown,unknown,unknown,Library-only candidate; opaque workId=work-1bdd89da60157e62d8ae; identity is normalized official title + matched Rakuten author; origin and original format remain unknown.
candidate-1c08e020ca3edbdb268c,怪しいおまわりさん,,無機質,2025,unknown,unknown,unknown,Library-only candidate; opaque workId=work-1c08e020ca3edbdb268c; identity is normalized official title + matched Rakuten author; origin and original format remain unknown.
candidate-1c11c52424ffad601818,竜女戦記,,都留 泰作,2020,unknown,unknown,unknown,Library-only candidate; opaque workId=work-1c11c52424ffad601818; identity is normalized official title + matched Rakuten author; origin and original format remain unknown.
candidate-1c1cf67a3118c01ffaad,クロサギ,,黒丸;夏原 武,2004,unknown,unknown,unknown,Library-only candidate; opaque workId=work-1c1cf67a3118c01ffaad; identity is normalized official title + matched Rakuten author; origin and original format remain unknown.
candidate-1c3e79210ad2ec6fe4ff,モブ子の恋,,田村茜,2017,unknown,unknown,unknown,Library-only candidate; opaque workId=work-1c3e79210ad2ec6fe4ff; identity is normalized official title + matched Rakuten author; origin and original format remain unknown.
candidate-1c65e693efaeeca02c67,All You Need Is Kill,,小畑健;桜坂洋,2014,unknown,unknown,unknown,Library-only candidate; opaque workId=work-1c65e693efaeeca02c67; identity is normalized official title + matched Rakuten author; origin and original format remain unknown.
candidate-1c78f22da99c77aca86d,プリマックス,,蒼木雅彦;柴田ヨクサル,2015,unknown,unknown,unknown,Library-only candidate; opaque workId=work-1c78f22da99c77aca86d; identity is normalized official title + matched Rakuten author; origin and original format remain unknown.
candidate-1ccf4922ae88d4a273af,虎鶫 とらつぐみ －TSUGUMI PROJECT－,,ippatu,2021,unknown,unknown,unknown,Library-only candidate; opaque workId=work-1ccf4922ae88d4a273af; identity is normalized official title + matched Rakuten author; origin and original format remain unknown.
candidate-1cdc6c5cca7c33fafe51,青空にとおく酒浸り,,安永航一郎,2010,unknown,unknown,unknown,Library-only candidate; opaque workId=work-1cdc6c5cca7c33fafe51; identity is normalized official title + matched Rakuten author; origin and original format remain unknown.
candidate-1ce4c2c1010c1442593d,図書館の主,,篠原ウミハル,2011,unknown,unknown,unknown,Library-only candidate; opaque workId=work-1ce4c2c1010c1442593d; identity is normalized official title + matched Rakuten author; origin and original format remain unknown.
candidate-1cecf966898e6d18439d,雨天決行,,重本ハジメ,2013,unknown,unknown,unknown,Library-only candidate; opaque workId=work-1cecf966898e6d18439d; identity is normalized official title + matched Rakuten author; origin and original format remain unknown.
candidate-1cf7a0bb5f55e0d69b27,モンキーターン,,河合克敏,1996,unknown,unknown,unknown,Library-only candidate; opaque workId=work-1cf7a0bb5f55e0d69b27; identity is normalized official title + matched Rakuten author; origin and original format remain unknown.
candidate-1d00f523bae2dfe510eb,おぼっちゃまくん,,小林よしのり,1987,unknown,unknown,unknown,Library-only candidate; opaque workId=work-1d00f523bae2dfe510eb; identity is normalized official title + matched Rakuten author; origin and original format remain unknown.
candidate-1d191998612dec7bb5ba,チノミ,,吉永龍太,2007,unknown,unknown,unknown,Library-only candidate; opaque workId=work-1d191998612dec7bb5ba; identity is normalized official title + matched Rakuten author; origin and original format remain unknown.
candidate-1d447cc9026b530fb53d,だがしかし,,コトヤマ,2014,unknown,unknown,unknown,Library-only candidate; opaque workId=work-1d447cc9026b530fb53d; identity is normalized official title + matched Rakuten author; origin and original format remain unknown.
candidate-1d5a3158e78e639f1973,カレチ,,池田邦彦,2009,unknown,unknown,unknown,Library-only candidate; opaque workId=work-1d5a3158e78e639f1973; identity is normalized official title + matched Rakuten author; origin and original format remain unknown.
candidate-1d65bce561a9770057a6,なにかもちがってますか,,鬼頭 莫宏,2011,unknown,unknown,unknown,Library-only candidate; opaque workId=work-1d65bce561a9770057a6; identity is normalized official title + matched Rakuten author; origin and original format remain unknown.
candidate-1d7ca9dc1b4e67d8a6bc,三文未来の家庭訪問,,庄司創,,unknown,unknown,unknown,Library-only candidate; opaque workId=work-1d7ca9dc1b4e67d8a6bc; identity is normalized official title + matched Rakuten author; origin and original format remain unknown.
candidate-1d9c4fcacb0b35e9fa5a,みゆき,,あだち充,1981,unknown,unknown,unknown,Library-only candidate; opaque workId=work-1d9c4fcacb0b35e9fa5a; identity is normalized official title + matched Rakuten author; origin and original format remain unknown.
candidate-1dc5eed44438268f78cd,あすなろ白書,,柴門ふみ,1992,unknown,unknown,unknown,Library-only candidate; opaque workId=work-1dc5eed44438268f78cd; identity is normalized official title + matched Rakuten author; origin and original format remain unknown.
candidate-1e247ae03a8ffdd85abf,2DK、Gペン、目覚まし時計。,,大沢やよい,2015,unknown,unknown,unknown,Library-only candidate; opaque workId=work-1e247ae03a8ffdd85abf; identity is normalized official title + matched Rakuten author; origin and original format remain unknown.
candidate-1e27731b880d0d9012f8,吉祥天女,,吉田秋生,1983,unknown,unknown,unknown,Library-only candidate; opaque workId=work-1e27731b880d0d9012f8; identity is normalized official title + matched Rakuten author; origin and original format remain unknown.
candidate-1e508cb5384fdea51776,百器徒然袋 鳴釜 薔薇十字探偵の憂鬱,,京極 夏彦;志水 アキ,,unknown,unknown,unknown,Library-only candidate; opaque workId=work-1e508cb5384fdea51776; identity is normalized official title + matched Rakuten author; origin and original format remain unknown.
candidate-1e9c4852863a22bba058,GREEN WORLDZ,,大沢祐輔,2014,unknown,unknown,unknown,Library-only candidate; opaque workId=work-1e9c4852863a22bba058; identity is normalized official title + matched Rakuten author; origin and original format remain unknown.
candidate-1ea5908e746ba04ba71b,水木しげるの遠野物語,,水木 しげる;柳田國男,,unknown,unknown,unknown,Library-only candidate; opaque workId=work-1ea5908e746ba04ba71b; identity is normalized official title + matched Rakuten author; origin and original format remain unknown.
candidate-1ec3d48e64b228bb8a92,娚の一生,,西 炯子,2009,unknown,unknown,unknown,Library-only candidate; opaque workId=work-1ec3d48e64b228bb8a92; identity is normalized official title + matched Rakuten author; origin and original format remain unknown.
candidate-1eea4768a5da9d66bba0,シバつき物件,,大森 えす,2024,unknown,unknown,unknown,Library-only candidate; opaque workId=work-1eea4768a5da9d66bba0; identity is normalized official title + matched Rakuten author; origin and original format remain unknown.
candidate-1ef69d214afe688be73e,赫のグリモア,,A-10,2019,unknown,unknown,unknown,Library-only candidate; opaque workId=work-1ef69d214afe688be73e; identity is normalized official title + matched Rakuten author; origin and original format remain unknown.
candidate-1efafafe54ce39bcb83e,総天然色乙女組,,みなづき忍,2008,unknown,unknown,unknown,Library-only candidate; opaque workId=work-1efafafe54ce39bcb83e; identity is normalized official title + matched Rakuten author; origin and original format remain unknown.
candidate-1f2ba6ab6be1c8af18ad,ウランバナ,,勝田文,,unknown,unknown,unknown,Library-only candidate; opaque workId=work-1f2ba6ab6be1c8af18ad; identity is normalized official title + matched Rakuten author; origin and original format remain unknown.
candidate-1f853c16f6cebca63ffc,学園ベビーシッターズ,,時計野はり,2010,unknown,unknown,unknown,Library-only candidate; opaque workId=work-1f853c16f6cebca63ffc; identity is normalized official title + matched Rakuten author; origin and original format remain unknown.
candidate-1f9cbf84ad0fd7f3897e,きょうのスー,,マツダユカ,2014,unknown,unknown,unknown,Library-only candidate; opaque workId=work-1f9cbf84ad0fd7f3897e; identity is normalized official title + matched Rakuten author; origin and original format remain unknown.
candidate-1f9db2fd8a4963e67e18,ブルーロック,ブルーロック,金城宗幸;ノ村優介,2018,unknown,unknown,ongoing,Matched existing Gold work blue-lock by normalized title/alias + creator overlap.
candidate-1fa5f2e567aa75de030a,バンビ〜ノ！ SECONDO,,せきやてつじ,2009,unknown,unknown,unknown,Library-only candidate; opaque workId=work-1fa5f2e567aa75de030a; identity is normalized official title + matched Rakuten author; origin and original format remain unknown.
candidate-1fc2f51ba7317524f8ab,水玉ハニーボーイ,,池ジュン子,2014,unknown,unknown,unknown,Library-only candidate; opaque workId=work-1fc2f51ba7317524f8ab; identity is normalized official title + matched Rakuten author; origin and original format remain unknown.
candidate-1fc61ddbeb429b4a2c15,エマ,,森 薫,2002,unknown,unknown,unknown,Library-only candidate; opaque workId=work-1fc61ddbeb429b4a2c15; identity is normalized official title + matched Rakuten author; origin and original format remain unknown.
candidate-1fd6cc14c3fd93aa26c0,スローループ,,うちのまいこ,2019,unknown,unknown,unknown,Library-only candidate; opaque workId=work-1fd6cc14c3fd93aa26c0; identity is normalized official title + matched Rakuten author; origin and original format remain unknown.
candidate-1ff116a3c975bfb50a03,家族の食卓,,柴門ふみ,1991,unknown,unknown,unknown,Library-only candidate; opaque workId=work-1ff116a3c975bfb50a03; identity is normalized official title + matched Rakuten author; origin and original format remain unknown.
candidate-200fa8832525f3437678,ラジ娘のひみつ,,小坂俊史,2013,unknown,unknown,unknown,Library-only candidate; opaque workId=work-200fa8832525f3437678; identity is normalized official title + matched Rakuten author; origin and original format remain unknown.
candidate-202aaafe7b597ec4e0dd,リクドウ,,松原利光,2014,unknown,unknown,unknown,Library-only candidate; opaque workId=work-202aaafe7b597ec4e0dd; identity is normalized official title + matched Rakuten author; origin and original format remain unknown.
candidate-203805efecbbb35375c7,蔵人,,尾瀬 あきら,2006,unknown,unknown,unknown,Library-only candidate; opaque workId=work-203805efecbbb35375c7; identity is normalized official title + matched Rakuten author; origin and original format remain unknown.
candidate-205e576ef057e3aed1ab,坂道のアポロン,,小玉 ユキ,2007,unknown,unknown,unknown,Library-only candidate; opaque workId=work-205e576ef057e3aed1ab; identity is normalized official title + matched Rakuten author; origin and original format remain unknown.
candidate-207bb1ca28b7472fbe1d,六三四の剣,,村上もとか,1981,unknown,unknown,unknown,Library-only candidate; opaque workId=work-207bb1ca28b7472fbe1d; identity is normalized official title + matched Rakuten author; origin and original format remain unknown.
candidate-209ff48c0b011c1f2ce1,異法人,,山本松季,2013,unknown,unknown,unknown,Library-only candidate; opaque workId=work-209ff48c0b011c1f2ce1; identity is normalized official title + matched Rakuten author; origin and original format remain unknown.
candidate-20a897f43b8dc9ecab2a,高校生家族,,仲間 りょう,2021,unknown,unknown,unknown,Library-only candidate; opaque workId=work-20a897f43b8dc9ecab2a; identity is normalized official title + matched Rakuten author; origin and original format remain unknown.
candidate-20cc795ddb729a1e2b53,五色の舟,,近藤 ようこ;津原 泰水,,unknown,unknown,unknown,Library-only candidate; opaque workId=work-20cc795ddb729a1e2b53; identity is normalized official title + matched Rakuten author; origin and original format remain unknown.
candidate-213e1ded93227144f197,春風のスネグラチカ,,沙村広明,,unknown,unknown,unknown,Library-only candidate; opaque workId=work-213e1ded93227144f197; identity is normalized official title + matched Rakuten author; origin and original format remain unknown.
candidate-2141b420eca4795b6772,デビルズライン,,花田 陵,2013,unknown,unknown,unknown,Library-only candidate; opaque workId=work-2141b420eca4795b6772; identity is normalized official title + matched Rakuten author; origin and original format remain unknown.
candidate-215b6936b93e452bb61e,ミュジコフィリア,,さそうあきら,2011,unknown,unknown,unknown,Library-only candidate; opaque workId=work-215b6936b93e452bb61e; identity is normalized official title + matched Rakuten author; origin and original format remain unknown.
candidate-21e8dd86e844f3e1b82d,ジャヒー様はくじけない！,,昆布わかめ,2018,unknown,unknown,unknown,Library-only candidate; opaque workId=work-21e8dd86e844f3e1b82d; identity is normalized official title + matched Rakuten author; origin and original format remain unknown.
candidate-21ef61123c16dfe94c5e,モリのアサガオ,,郷田マモラ,2004,unknown,unknown,unknown,Library-only candidate; opaque workId=work-21ef61123c16dfe94c5e; identity is normalized official title + matched Rakuten author; origin and original format remain unknown.
candidate-220bc5323243498f36eb,らいか・デイズ,,むんこ,2005,unknown,unknown,unknown,Library-only candidate; opaque workId=work-220bc5323243498f36eb; identity is normalized official title + matched Rakuten author; origin and original format remain unknown.
candidate-222504590507d3ab8093,王様ランキング,,十日 草輔,2017,unknown,unknown,unknown,Library-only candidate; opaque workId=work-222504590507d3ab8093; identity is normalized official title + matched Rakuten author; origin and original format remain unknown.
candidate-22265a6ee16f051d542e,ニセコイ,,古味直志,2012,unknown,unknown,unknown,Library-only candidate; opaque workId=work-22265a6ee16f051d542e; identity is normalized official title + matched Rakuten author; origin and original format remain unknown.
candidate-224f24e5f46be902b73b,壬生義士伝,,浅田次郎;ながやす巧,2008,unknown,unknown,unknown,Library-only candidate; opaque workId=work-224f24e5f46be902b73b; identity is normalized official title + matched Rakuten author; origin and original format remain unknown.
candidate-22742bf90f4b1ec39114,声がだせない少女は「彼女が優しすぎる」と思っている,,矢村いち,2020,unknown,unknown,unknown,Library-only candidate; opaque workId=work-22742bf90f4b1ec39114; identity is normalized official title + matched Rakuten author; origin and original format remain unknown.
candidate-227d0d4cca68de57b124,第七女子会彷徨,,つばな,2009,unknown,unknown,unknown,Library-only candidate; opaque workId=work-227d0d4cca68de57b124; identity is normalized official title + matched Rakuten author; origin and original format remain unknown.
candidate-22863722e753645cf08e,さよならソルシエ,,穂積,2013,unknown,unknown,unknown,Library-only candidate; opaque workId=work-22863722e753645cf08e; identity is normalized official title + matched Rakuten author; origin and original format remain unknown.
candidate-22997668db5d66d5034c,古代戦士ハニワット,,武富健治,2019,unknown,unknown,unknown,Library-only candidate; opaque workId=work-22997668db5d66d5034c; identity is normalized official title + matched Rakuten author; origin and original format remain unknown.
candidate-22baa3338ea7eb109eb0,観音寺睡蓮の苦悩,,カエルDX,2020,unknown,unknown,unknown,Library-only candidate; opaque workId=work-22baa3338ea7eb109eb0; identity is normalized official title + matched Rakuten author; origin and original format remain unknown.
candidate-23077ad33a2066bef5a6,Sunny,,松本大洋,2011,unknown,unknown,unknown,Library-only candidate; opaque workId=work-23077ad33a2066bef5a6; identity is normalized official title + matched Rakuten author; origin and original format remain unknown.
candidate-230c01be9d63e7621b25,あの人の胃には僕が足りない,,チョモラン,2018,unknown,unknown,unknown,Library-only candidate; opaque workId=work-230c01be9d63e7621b25; identity is normalized official title + matched Rakuten author; origin and original format remain unknown.
candidate-2356050c72240569e1c5,すみれファンファーレ,,松島 直子,2012,unknown,unknown,unknown,Library-only candidate; opaque workId=work-2356050c72240569e1c5; identity is normalized official title + matched Rakuten author; origin and original format remain unknown.
candidate-23851cd7ccf1d0c676cc,怪獣8号,,松本 直也,2020,unknown,unknown,unknown,Library-only candidate; opaque workId=work-23851cd7ccf1d0c676cc; identity is normalized official title + matched Rakuten author; origin and original format remain unknown.
candidate-238c04ae3a3a61451078,リューシカ・リューシカ,,安倍吉俊,2010,unknown,unknown,unknown,Library-only candidate; opaque workId=work-238c04ae3a3a61451078; identity is normalized official title + matched Rakuten author; origin and original format remain unknown.
candidate-23950c7ba1f06f7c7d79,デキる猫は今日も憂鬱,,山田 ヒツジ,2019,unknown,unknown,unknown,Library-only candidate; opaque workId=work-23950c7ba1f06f7c7d79; identity is normalized official title + matched Rakuten author; origin and original format remain unknown.
candidate-239ae23df7c9bf5bcb8d,背伸びして情熱,,仙石寛子,,unknown,unknown,unknown,Library-only candidate; opaque workId=work-239ae23df7c9bf5bcb8d; identity is normalized official title + matched Rakuten author; origin and original format remain unknown.
candidate-23a842306a70ec170a97,河畔の街のセリーヌ,,日之下あかめ,2022,unknown,unknown,unknown,Library-only candidate; opaque workId=work-23a842306a70ec170a97; identity is normalized official title + matched Rakuten author; origin and original format remain unknown.
candidate-23c38bf18af4e16b42be,神クズ☆アイドル,,いそふらぼん肘樹,2018,unknown,unknown,unknown,Library-only candidate; opaque workId=work-23c38bf18af4e16b42be; identity is normalized official title + matched Rakuten author; origin and original format remain unknown.
candidate-23fd39ffc819ea11b8a7,予告犯,,筒井哲也,2012,unknown,unknown,unknown,Library-only candidate; opaque workId=work-23fd39ffc819ea11b8a7; identity is normalized official title + matched Rakuten author; origin and original format remain unknown.
candidate-2406b2ca910adb6c1d73,可愛そうにね、元気くん,,古宮 海,2019,unknown,unknown,unknown,Library-only candidate; opaque workId=work-2406b2ca910adb6c1d73; identity is normalized official title + matched Rakuten author; origin and original format remain unknown.
candidate-24bb011dccc8c1dd20ce,あまんちゅ！,,天野こずえ,2009,unknown,unknown,unknown,Library-only candidate; opaque workId=work-24bb011dccc8c1dd20ce; identity is normalized official title + matched Rakuten author; origin and original format remain unknown.
candidate-24d8a688476d333c7300,オールラウンダー廻,,遠藤浩輝,2008,unknown,unknown,completed,Matched existing Gold work all-rounder-meguru by normalized title/alias + creator overlap.
candidate-24de0c652b25b9f56125,ふおんコネクト！,,ざら,2007,unknown,unknown,unknown,Library-only candidate; opaque workId=work-24de0c652b25b9f56125; identity is normalized official title + matched Rakuten author; origin and original format remain unknown.
candidate-24e49de317a49e2761f1,魔王様ちょっとそれとって!!,,春野 友矢,2012,unknown,unknown,unknown,Library-only candidate; opaque workId=work-24e49de317a49e2761f1; identity is normalized official title + matched Rakuten author; origin and original format remain unknown.
candidate-253f5626d3ce094fb544,おさななななじみ,,雪森 寧々,2025,unknown,unknown,unknown,Library-only candidate; opaque workId=work-253f5626d3ce094fb544; identity is normalized official title + matched Rakuten author; origin and original format remain unknown.
candidate-256eeb839e052e0b24c4,生徒会にも穴はある！,,むちまろ,2022,unknown,unknown,unknown,Library-only candidate; opaque workId=work-256eeb839e052e0b24c4; identity is normalized official title + matched Rakuten author; origin and original format remain unknown.
candidate-2582309550646b0b4f82,７人のシェイクスピア,,ハロルド作石,2010,unknown,unknown,unknown,Library-only candidate; opaque workId=work-2582309550646b0b4f82; identity is normalized official title + matched Rakuten author; origin and original format remain unknown.
candidate-25c44bf9036baf7168e3,ベアゲルター,,沙村 広明,2013,unknown,unknown,unknown,Library-only candidate; opaque workId=work-25c44bf9036baf7168e3; identity is normalized official title + matched Rakuten author; origin and original format remain unknown.
candidate-25f4d6c9c2735279f479,界変の魔法使い,,田辺 イエロウ,2025,unknown,unknown,unknown,Library-only candidate; opaque workId=work-25f4d6c9c2735279f479; identity is normalized official title + matched Rakuten author; origin and original format remain unknown.
candidate-2622d7788c42f875f7eb,夜、海へ還るバス,,森下裕美,,unknown,unknown,unknown,Library-only candidate; opaque workId=work-2622d7788c42f875f7eb; identity is normalized official title + matched Rakuten author; origin and original format remain unknown.
candidate-268121469703c73b00d7,王国の子,,びっけ,2012,unknown,unknown,unknown,Library-only candidate; opaque workId=work-268121469703c73b00d7; identity is normalized official title + matched Rakuten author; origin and original format remain unknown.
candidate-268e1fa3599955359969,ふつうの軽音部,,出内 テツオ;クワハリ,2023,unknown,unknown,unknown,Library-only candidate; opaque workId=work-268e1fa3599955359969; identity is normalized official title + matched Rakuten author; origin and original format remain unknown.
candidate-26e7c545d71636545e18,ギャングース,,肥谷 圭介;鈴木 大介,2013,unknown,unknown,unknown,Library-only candidate; opaque workId=work-26e7c545d71636545e18; identity is normalized official title + matched Rakuten author; origin and original format remain unknown.
candidate-27d993f99ff7042b5338,あせとせっけん,アセトセッケン,山田金鉄,2018,unknown,unknown,completed,Matched existing Gold work sweat-and-soap by normalized title/alias + creator overlap.
candidate-28102756d9fe31e97bf9,小春と湊 わたしのパートナーは女の子,,ひあるろん;達磨,2023,unknown,unknown,unknown,Library-only candidate; opaque workId=work-28102756d9fe31e97bf9; identity is normalized official title + matched Rakuten author; origin and original format remain unknown.
candidate-28663a81f12fb90640d8,ヤマノススメ,,しろ,2012,unknown,unknown,unknown,Library-only candidate; opaque workId=work-28663a81f12fb90640d8; identity is normalized official title + matched Rakuten author; origin and original format remain unknown.
candidate-288350bffa05c3bc10da,かくしごと,,久米田 康治,2016,unknown,unknown,unknown,Library-only candidate; opaque workId=work-288350bffa05c3bc10da; identity is normalized official title + matched Rakuten author; origin and original format remain unknown.
candidate-2886a7f0a3e225ea8c9d,今朝も揺られてます,,増田英二,2024,unknown,unknown,unknown,Library-only candidate; opaque workId=work-2886a7f0a3e225ea8c9d; identity is normalized official title + matched Rakuten author; origin and original format remain unknown.
candidate-28defed571261aa35b6d,クズの本懐,,横槍メンゴ,2013,unknown,unknown,unknown,Library-only candidate; opaque workId=work-28defed571261aa35b6d; identity is normalized official title + matched Rakuten author; origin and original format remain unknown.
candidate-28ef0b4d0776d2168158,こじらせ百鬼ドマイナー,,南郷 晃太,2018,unknown,unknown,unknown,Library-only candidate; opaque workId=work-28ef0b4d0776d2168158; identity is normalized official title + matched Rakuten author; origin and original format remain unknown.
candidate-28ffbc90daf057b04687,僕の妻は感情がない,,杉浦 次郎,2020,unknown,unknown,unknown,Library-only candidate; opaque workId=work-28ffbc90daf057b04687; identity is normalized official title + matched Rakuten author; origin and original format remain unknown.
candidate-2922260bc2a45296514e,ワンダンス,,珈琲,2019,unknown,unknown,unknown,Library-only candidate; opaque workId=work-2922260bc2a45296514e; identity is normalized official title + matched Rakuten author; origin and original format remain unknown.
candidate-296978e57b2f8f5810b3,以下略,,平野耕太,,unknown,unknown,unknown,Library-only candidate; opaque workId=work-296978e57b2f8f5810b3; identity is normalized official title + matched Rakuten author; origin and original format remain unknown.
candidate-29806fe5f9633b940747,暗殺教室,,松井優征,2012,unknown,unknown,unknown,Library-only candidate; opaque workId=work-29806fe5f9633b940747; identity is normalized official title + matched Rakuten author; origin and original format remain unknown.
candidate-2992c74ee206f4464282,まじめな会社員,,冬野 梅子,2021,unknown,unknown,unknown,Library-only candidate; opaque workId=work-2992c74ee206f4464282; identity is normalized official title + matched Rakuten author; origin and original format remain unknown.
candidate-29d4300ad9d3358fb67a,外天楼,,石黒 正数,2008,unknown,unknown,unknown,Library-only candidate; opaque workId=work-29d4300ad9d3358fb67a; identity is normalized official title + matched Rakuten author; origin and original format remain unknown.
candidate-2a73da617f89ddbe502d,＋チック姉さん,,栗井茶,2011,unknown,unknown,unknown,Library-only candidate; opaque workId=work-2a73da617f89ddbe502d; identity is normalized official title + matched Rakuten author; origin and original format remain unknown.
candidate-2aa625102f57ef93a165,あるいとう,,ななじ眺,2012,unknown,unknown,unknown,Library-only candidate; opaque workId=work-2aa625102f57ef93a165; identity is normalized official title + matched Rakuten author; origin and original format remain unknown.
candidate-2aded24fd8a309ef5d2f,おれは男だ！くにおくん,,穴久保幸作,,unknown,unknown,unknown,Library-only candidate; opaque workId=work-2aded24fd8a309ef5d2f; identity is normalized official title + matched Rakuten author; origin and original format remain unknown.
candidate-2ae7ce31d011e7b3a810,クレープを二度食えば,,とりみき,,unknown,unknown,unknown,Library-only candidate; opaque workId=work-2ae7ce31d011e7b3a810; identity is normalized official title + matched Rakuten author; origin and original format remain unknown.
candidate-2af687c49ad9b5758f0f,勇気あるものより散れ,,相田 裕,2021,unknown,unknown,unknown,Library-only candidate; opaque workId=work-2af687c49ad9b5758f0f; identity is normalized official title + matched Rakuten author; origin and original format remain unknown.
candidate-2b3823cbc20430e066f6,おやすみプンプン,,浅野 いにお,2007,unknown,unknown,unknown,Library-only candidate; opaque workId=work-2b3823cbc20430e066f6; identity is normalized official title + matched Rakuten author; origin and original format remain unknown.
candidate-2b94b6742ee16e29f5d3,ハルロック,,西餅,2014,unknown,unknown,unknown,Library-only candidate; opaque workId=work-2b94b6742ee16e29f5d3; identity is normalized official title + matched Rakuten author; origin and original format remain unknown.
candidate-2be107f48f7bea02034e,ゆるめいつ,,saxyun,2007,unknown,unknown,unknown,Library-only candidate; opaque workId=work-2be107f48f7bea02034e; identity is normalized official title + matched Rakuten author; origin and original format remain unknown.
candidate-2be5ce3ac89139bd4cdb,カグラバチ,,外薗 健,2024,unknown,unknown,unknown,Library-only candidate; opaque workId=work-2be5ce3ac89139bd4cdb; identity is normalized official title + matched Rakuten author; origin and original format remain unknown.
candidate-2bf90cde47b156d1acb6,メイドインアビス,メイドインアビス,つくしあきひと,2012,unknown,unknown,ongoing,Matched existing Gold work made-in-abyss by normalized title/alias + creator overlap.
candidate-2c46bb51f0e0acb08032,殺し愛,,Fe,2016,unknown,unknown,unknown,Library-only candidate; opaque workId=work-2c46bb51f0e0acb08032; identity is normalized official title + matched Rakuten author; origin and original format remain unknown.
candidate-2c4fe00df5255fc082f9,ヒーローカンパニー,,島本和彦,2012,unknown,unknown,unknown,Library-only candidate; opaque workId=work-2c4fe00df5255fc082f9; identity is normalized official title + matched Rakuten author; origin and original format remain unknown.
candidate-2ca9296a0a38d5df250a,やがて君になる,,仲谷 鳰,2015,unknown,unknown,unknown,Library-only candidate; opaque workId=work-2ca9296a0a38d5df250a; identity is normalized official title + matched Rakuten author; origin and original format remain unknown.
candidate-2ce2dc417dca4bc939fa,イノセントデビル,,中村基;宗一郎,2017,unknown,unknown,unknown,Library-only candidate; opaque workId=work-2ce2dc417dca4bc939fa; identity is normalized official title + matched Rakuten author; origin and original format remain unknown.
candidate-2d1408ff9b83acc27724,極道めし,,土山しげる,2007,unknown,unknown,unknown,Library-only candidate; opaque workId=work-2d1408ff9b83acc27724; identity is normalized official title + matched Rakuten author; origin and original format remain unknown.
candidate-2d385ad0525742330e70,ねずみの初恋,,大瀬戸 陸,2024,unknown,unknown,unknown,Library-only candidate; opaque workId=work-2d385ad0525742330e70; identity is normalized official title + matched Rakuten author; origin and original format remain unknown.
candidate-2d87d6ab4eb3b879e39e,ぐらんぶる,,吉岡 公威;井上 堅二,2014,unknown,unknown,unknown,Library-only candidate; opaque workId=work-2d87d6ab4eb3b879e39e; identity is normalized official title + matched Rakuten author; origin and original format remain unknown.
candidate-2d99fb3c7efc4377b312,将来的に死んでくれ,,長門 知大,2017,unknown,unknown,unknown,Library-only candidate; opaque workId=work-2d99fb3c7efc4377b312; identity is normalized official title + matched Rakuten author; origin and original format remain unknown.
candidate-2dbe24f60dff41c46619,ゆうやみ特攻隊,,押切 蓮介,2007,unknown,unknown,unknown,Library-only candidate; opaque workId=work-2dbe24f60dff41c46619; identity is normalized official title + matched Rakuten author; origin and original format remain unknown.
candidate-2df743e085adef5e9bd3,キルアオ,,藤巻 忠俊,2023,unknown,unknown,unknown,Library-only candidate; opaque workId=work-2df743e085adef5e9bd3; identity is normalized official title + matched Rakuten author; origin and original format remain unknown.
candidate-2e2e54a255eda38f89c2,サザンと彗星の少女,,赤瀬由里子,2018,unknown,unknown,unknown,Library-only candidate; opaque workId=work-2e2e54a255eda38f89c2; identity is normalized official title + matched Rakuten author; origin and original format remain unknown.
candidate-2ed2c94fe3de948be954,カワイスギクライシス,,城戸 みつる,2020,unknown,unknown,unknown,Library-only candidate; opaque workId=work-2ed2c94fe3de948be954; identity is normalized official title + matched Rakuten author; origin and original format remain unknown.
candidate-2f1caacde7e8573146ef,けずり武士,,湯浅ヒトシ,2011,unknown,unknown,unknown,Library-only candidate; opaque workId=work-2f1caacde7e8573146ef; identity is normalized official title + matched Rakuten author; origin and original format remain unknown.
candidate-2f1d1c3ad0f943f1562f,尾守つみきと奇日常。,,森下 みゆ,2024,unknown,unknown,unknown,Library-only candidate; opaque workId=work-2f1d1c3ad0f943f1562f; identity is normalized official title + matched Rakuten author; origin and original format remain unknown.
candidate-2f39795212f5ad8db155,あずみ,,小山 ゆう,1994,unknown,unknown,unknown,Library-only candidate; opaque workId=work-2f39795212f5ad8db155; identity is normalized official title + matched Rakuten author; origin and original format remain unknown.
candidate-2f3c0cad1abdcbf5de00,逃げるは恥だが役に立つ,,海野つなみ,2012,unknown,unknown,completed,Matched existing Gold work the-full-time-wife-escapist by normalized title/alias + creator overlap.
candidate-2f6ab113628039681849,GANGSTA.,,コースケ,2011,unknown,unknown,unknown,Library-only candidate; opaque workId=work-2f6ab113628039681849; identity is normalized official title + matched Rakuten author; origin and original format remain unknown.
candidate-2f799932ece28aa8c553,ゆゆ式,,三上小又,2009,unknown,unknown,unknown,Library-only candidate; opaque workId=work-2f799932ece28aa8c553; identity is normalized official title + matched Rakuten author; origin and original format remain unknown.
candidate-2f8f8ff0e042ac2e2f02,ダンジョン飯,ダンジョンメシ,九井諒子,2014,unknown,unknown,completed,Matched existing Gold work dungeon-meshi by normalized title/alias + creator overlap.
candidate-2f96453b568685326a51,初×婚,,黒崎 みのり,2019,unknown,unknown,unknown,Library-only candidate; opaque workId=work-2f96453b568685326a51; identity is normalized official title + matched Rakuten author; origin and original format remain unknown.
candidate-2fb1efb7a8cb7dfd9530,ラウンダバウト,,渡辺ペコ,2007,unknown,unknown,unknown,Library-only candidate; opaque workId=work-2fb1efb7a8cb7dfd9530; identity is normalized official title + matched Rakuten author; origin and original format remain unknown.
candidate-2fd3c6ab4b6d12491068,フラレガール,,堤翔,2018,unknown,unknown,unknown,Library-only candidate; opaque workId=work-2fd3c6ab4b6d12491068; identity is normalized official title + matched Rakuten author; origin and original format remain unknown.
candidate-303d0a9d67a606a817af,ギャラリーフェイク,,細野 不二彦,1992,unknown,unknown,unknown,Library-only candidate; opaque workId=work-303d0a9d67a606a817af; identity is normalized official title + matched Rakuten author; origin and original format remain unknown.
candidate-3080de07cac432363d5b,関根くんの恋,,河内遙,2010,unknown,unknown,unknown,Library-only candidate; opaque workId=work-3080de07cac432363d5b; identity is normalized official title + matched Rakuten author; origin and original format remain unknown.
candidate-3124e8cb1757063cd11f,皇国の守護者,,伊藤悠;佐藤大輔,2005,unknown,unknown,unknown,Library-only candidate; opaque workId=work-3124e8cb1757063cd11f; identity is normalized official title + matched Rakuten author; origin and original format remain unknown.
candidate-312aa7f134372423fce0,め組の大吾,,曽田正人,1996,unknown,unknown,unknown,Library-only candidate; opaque workId=work-312aa7f134372423fce0; identity is normalized official title + matched Rakuten author; origin and original format remain unknown.
candidate-3136f2b463675644310f,野ばら,,高田 築,2010,unknown,unknown,unknown,Library-only candidate; opaque workId=work-3136f2b463675644310f; identity is normalized official title + matched Rakuten author; origin and original format remain unknown.
candidate-314b2da5452f41cfcca9,恋と呼ぶにはささやかですが,,萩原ダイスケ,2026,unknown,unknown,unknown,Library-only candidate; opaque workId=work-314b2da5452f41cfcca9; identity is normalized official title + matched Rakuten author; origin and original format remain unknown.
candidate-314e0a0e05d65c4bcf92,きみが死ぬまで恋をしたい,,あおのなち,2019,unknown,unknown,unknown,Library-only candidate; opaque workId=work-314e0a0e05d65c4bcf92; identity is normalized official title + matched Rakuten author; origin and original format remain unknown.
candidate-31585766568765ca238d,猫のお寺の知恩さん,,オジロ マコト,2016,unknown,unknown,unknown,Library-only candidate; opaque workId=work-31585766568765ca238d; identity is normalized official title + matched Rakuten author; origin and original format remain unknown.
candidate-3179334d0e99db4a1af7,ヘタリア,,日丸屋 秀和,2008,unknown,unknown,unknown,Library-only candidate; opaque workId=work-3179334d0e99db4a1af7; identity is normalized official title + matched Rakuten author; origin and original format remain unknown.
candidate-319e39a597d16251efc9,乱と灰色の世界,,入江 亜季,2009,unknown,unknown,unknown,Library-only candidate; opaque workId=work-319e39a597d16251efc9; identity is normalized official title + matched Rakuten author; origin and original format remain unknown.
candidate-31b62d69a0227477db04,シティライツ,,大橋裕之,2011,unknown,unknown,unknown,Library-only candidate; opaque workId=work-31b62d69a0227477db04; identity is normalized official title + matched Rakuten author; origin and original format remain unknown.
candidate-31e7e4b93d21620f1717,嫁姑の拳,,函岬誉,2009,unknown,unknown,unknown,Library-only candidate; opaque workId=work-31e7e4b93d21620f1717; identity is normalized official title + matched Rakuten author; origin and original format remain unknown.
candidate-323baa7e8d1071236816,森野先生とボク,,釜本タカシ,,unknown,unknown,unknown,Library-only candidate; opaque workId=work-323baa7e8d1071236816; identity is normalized official title + matched Rakuten author; origin and original format remain unknown.
candidate-32488d82859f2f0b6fba,賢い犬リリエンタール,,葦原大介,2010,unknown,unknown,unknown,Library-only candidate; opaque workId=work-32488d82859f2f0b6fba; identity is normalized official title + matched Rakuten author; origin and original format remain unknown.
candidate-3278e6baf1b041f07a47,プリプリちぃちゃん！！,,篠塚 ひろむ,,unknown,unknown,unknown,Library-only candidate; opaque workId=work-3278e6baf1b041f07a47; identity is normalized official title + matched Rakuten author; origin and original format remain unknown.
candidate-32a296894fa823b70e71,ノラガミ,ノラガミ,あだちとか,2011,unknown,unknown,completed,Matched existing Gold work noragami-stray-god by normalized title/alias + creator overlap.
candidate-32f3406fd7c8f2043c70,みどりの山田君,,森ゆきえ,2012,unknown,unknown,unknown,Library-only candidate; opaque workId=work-32f3406fd7c8f2043c70; identity is normalized official title + matched Rakuten author; origin and original format remain unknown.
candidate-335e47351a159b8445a3,BLEACH,,久保帯人,,unknown,unknown,unknown,Library-only candidate; opaque workId=work-335e47351a159b8445a3; identity is normalized official title + matched Rakuten author; origin and original format remain unknown.
candidate-33a859f6f205410851ee,アネモネは熱を帯びる,,桜木蓮,2021,unknown,unknown,unknown,Library-only candidate; opaque workId=work-33a859f6f205410851ee; identity is normalized official title + matched Rakuten author; origin and original format remain unknown.
candidate-33d51b4d87937d96d74e,セントールの悩み,,村山慶,2011,unknown,unknown,unknown,Library-only candidate; opaque workId=work-33d51b4d87937d96d74e; identity is normalized official title + matched Rakuten author; origin and original format remain unknown.
candidate-33e6270fa16cb43e8efb,おじょじょじょ,,クール教信者,2013,unknown,unknown,unknown,Library-only candidate; opaque workId=work-33e6270fa16cb43e8efb; identity is normalized official title + matched Rakuten author; origin and original format remain unknown.
candidate-3419e3c5c5983389c6cf,明治緋色綺譚,,リカチ,2011,unknown,unknown,unknown,Library-only candidate; opaque workId=work-3419e3c5c5983389c6cf; identity is normalized official title + matched Rakuten author; origin and original format remain unknown.
candidate-34401c80177ff546bb51,フダンシズム,,もりしげ,2008,unknown,unknown,unknown,Library-only candidate; opaque workId=work-34401c80177ff546bb51; identity is normalized official title + matched Rakuten author; origin and original format remain unknown.
candidate-34bba03e2a127ef29cd7,北北西に曇と往け,,入江 亜季,2016,unknown,unknown,unknown,Library-only candidate; opaque workId=work-34bba03e2a127ef29cd7; identity is normalized official title + matched Rakuten author; origin and original format remain unknown.
candidate-34be6790e38e455a3f49,ZUCCA×ZUCA,,はるな檸檬,2011,unknown,unknown,unknown,Library-only candidate; opaque workId=work-34be6790e38e455a3f49; identity is normalized official title + matched Rakuten author; origin and original format remain unknown.
candidate-353df9f584c34ab01b56,メジロバナの咲く,,中村明日美子,2019,unknown,unknown,unknown,Library-only candidate; opaque workId=work-353df9f584c34ab01b56; identity is normalized official title + matched Rakuten author; origin and original format remain unknown.
candidate-354c8e69d8a281712b7d,ドミトリーともきんす,,高野 文子,,unknown,unknown,unknown,Library-only candidate; opaque workId=work-354c8e69d8a281712b7d; identity is normalized official title + matched Rakuten author; origin and original format remain unknown.
candidate-3554ea574c5df1360e59,大上さん、だだ漏れです。,,吉田丸 悠,2017,unknown,unknown,unknown,Library-only candidate; opaque workId=work-3554ea574c5df1360e59; identity is normalized official title + matched Rakuten author; origin and original format remain unknown.
candidate-355a6d64ff8f5b8cf438,長歌行,,夏達,2012,unknown,unknown,unknown,Library-only candidate; opaque workId=work-355a6d64ff8f5b8cf438; identity is normalized official title + matched Rakuten author; origin and original format remain unknown.
candidate-3588928ab8f6a2520923,海が走るエンドロール,,たらちねジョン,2020,unknown,unknown,unknown,Library-only candidate; opaque workId=work-3588928ab8f6a2520923; identity is normalized official title + matched Rakuten author; origin and original format remain unknown.
candidate-3588c08df5ba12b26cab,ニャイト・オブ・ザ・リビングキャット,,ホークマン;メカルーツ,2021,unknown,unknown,unknown,Library-only candidate; opaque workId=work-3588c08df5ba12b26cab; identity is normalized official title + matched Rakuten author; origin and original format remain unknown.
candidate-35eb1a0fb864dd734f9a,焼いてるふたり,,ハナツカ シオリ,2020,unknown,unknown,unknown,Library-only candidate; opaque workId=work-35eb1a0fb864dd734f9a; identity is normalized official title + matched Rakuten author; origin and original format remain unknown.
candidate-364e62bd7dfd73149d14,ホテル・メッツァペウラへようこそ,,福田 星良,2022,unknown,unknown,unknown,Library-only candidate; opaque workId=work-364e62bd7dfd73149d14; identity is normalized official title + matched Rakuten author; origin and original format remain unknown.
candidate-365fa509b829e420807e,保安官エヴァンスの嘘,,栗山 ミヅキ,2017,unknown,unknown,unknown,Library-only candidate; opaque workId=work-365fa509b829e420807e; identity is normalized official title + matched Rakuten author; origin and original format remain unknown.
candidate-366a0d9d6ccc876b7c04,転生王女と天才令嬢の魔法革命,,南高 春告;鴉 ぴえろ;きさらぎ ゆり,2021,unknown,unknown,unknown,Library-only candidate; opaque workId=work-366a0d9d6ccc876b7c04; identity is normalized official title + matched Rakuten author; origin and original format remain unknown.
candidate-366b0db13fa737e823aa,孔明のヨメ。,,杜康潤,2012,unknown,unknown,unknown,Library-only candidate; opaque workId=work-366b0db13fa737e823aa; identity is normalized official title + matched Rakuten author; origin and original format remain unknown.
candidate-367954fd612f8bf56d06,ぼくらのよあけ,,今井哲也,2011,unknown,unknown,unknown,Library-only candidate; opaque workId=work-367954fd612f8bf56d06; identity is normalized official title + matched Rakuten author; origin and original format remain unknown.
candidate-369c7c1517af225b19be,ヒトミ先生の保健室,,鮭夫,2014,unknown,unknown,unknown,Library-only candidate; opaque workId=work-369c7c1517af225b19be; identity is normalized official title + matched Rakuten author; origin and original format remain unknown.
candidate-36ac9ec97c1b862d89be,デッドマウント・デスプレイ,,成田良悟;藤本新太,2018,unknown,unknown,unknown,Library-only candidate; opaque workId=work-36ac9ec97c1b862d89be; identity is normalized official title + matched Rakuten author; origin and original format remain unknown.
candidate-36ad929401ae720a2c8c,事情を知らない転校生がグイグイくる。,,川村拓,2018,unknown,unknown,unknown,Library-only candidate; opaque workId=work-36ad929401ae720a2c8c; identity is normalized official title + matched Rakuten author; origin and original format remain unknown.
candidate-3713ab561de583d709bc,アリスと蔵六,,今井哲也,2013,unknown,unknown,unknown,Library-only candidate; opaque workId=work-3713ab561de583d709bc; identity is normalized official title + matched Rakuten author; origin and original format remain unknown.
candidate-3733d571416e5d643905,クレムリン,,カレー沢薫,2010,unknown,unknown,unknown,Library-only candidate; opaque workId=work-3733d571416e5d643905; identity is normalized official title + matched Rakuten author; origin and original format remain unknown.
candidate-3756452c858147418fe2,はねバド!,,濱田 浩輔,2013,unknown,unknown,unknown,Library-only candidate; opaque workId=work-3756452c858147418fe2; identity is normalized official title + matched Rakuten author; origin and original format remain unknown.
candidate-3756cbfd509f5240c688,能面女子の花子さん,,織田 涼,2016,unknown,unknown,unknown,Library-only candidate; opaque workId=work-3756cbfd509f5240c688; identity is normalized official title + matched Rakuten author; origin and original format remain unknown.
candidate-3779f1e546391e61c158,赤ちゃんと僕,,羅川真里茂,2010,unknown,unknown,unknown,Library-only candidate; opaque workId=work-3779f1e546391e61c158; identity is normalized official title + matched Rakuten author; origin and original format remain unknown.
candidate-37967ba285bff1dd6c6d,執事たちの沈黙,,桜田 雛,2016,unknown,unknown,unknown,Library-only candidate; opaque workId=work-37967ba285bff1dd6c6d; identity is normalized official title + matched Rakuten author; origin and original format remain unknown.
candidate-37b34339f11884a58c4f,凍牌,,志名坂高次,2006,unknown,unknown,unknown,Library-only candidate; opaque workId=work-37b34339f11884a58c4f; identity is normalized official title + matched Rakuten author; origin and original format remain unknown.
candidate-37cb4c3cf0896c761d3a,きもちわるいから君がすき,,西畑けい,2022,unknown,unknown,unknown,Library-only candidate; opaque workId=work-37cb4c3cf0896c761d3a; identity is normalized official title + matched Rakuten author; origin and original format remain unknown.
candidate-37ecced0b2392d7af9b2,路傍のフジイ,,鍋 倉夫,2023,unknown,unknown,unknown,Library-only candidate; opaque workId=work-37ecced0b2392d7af9b2; identity is normalized official title + matched Rakuten author; origin and original format remain unknown.
candidate-3823ff0766f67c015c53,ましろのおと,,羅川 真里茂,2010,unknown,unknown,unknown,Library-only candidate; opaque workId=work-3823ff0766f67c015c53; identity is normalized official title + matched Rakuten author; origin and original format remain unknown.
candidate-382f938971c6642ef163,サイコスタッフ,,水上悟志,,unknown,unknown,unknown,Library-only candidate; opaque workId=work-382f938971c6642ef163; identity is normalized official title + matched Rakuten author; origin and original format remain unknown.
candidate-3835b0468655f100816e,水惑星年代記,,大石まさる,,unknown,unknown,unknown,Library-only candidate; opaque workId=work-3835b0468655f100816e; identity is normalized official title + matched Rakuten author; origin and original format remain unknown.
candidate-38a8f3ebc17bb7f4db44,雪花の虎,,東村アキコ,2015,unknown,unknown,unknown,Library-only candidate; opaque workId=work-38a8f3ebc17bb7f4db44; identity is normalized official title + matched Rakuten author; origin and original format remain unknown.
candidate-38d0a8cfc133863a1ee0,灼熱カバディ,,武蔵野 創,2016,unknown,unknown,unknown,Library-only candidate; opaque workId=work-38d0a8cfc133863a1ee0; identity is normalized official title + matched Rakuten author; origin and original format remain unknown.
candidate-38dcff6f4e81728e8ec9,ひまてん！,,小野 玄暉,2024,unknown,unknown,unknown,Library-only candidate; opaque workId=work-38dcff6f4e81728e8ec9; identity is normalized official title + matched Rakuten author; origin and original format remain unknown.
candidate-38fddd5900b221014a7f,カボチャの冒険,,五十嵐大介,,unknown,unknown,unknown,Library-only candidate; opaque workId=work-38fddd5900b221014a7f; identity is normalized official title + matched Rakuten author; origin and original format remain unknown.
candidate-3924d7e0b397ffaccb7f,たんぽぽの綿毛,,小沢真理,2006,unknown,unknown,unknown,Library-only candidate; opaque workId=work-3924d7e0b397ffaccb7f; identity is normalized official title + matched Rakuten author; origin and original format remain unknown.
candidate-39555fe7402dada0d79f,名探偵コナン,,青山 剛昌,1994,unknown,unknown,unknown,Library-only candidate; opaque workId=work-39555fe7402dada0d79f; identity is normalized official title + matched Rakuten author; origin and original format remain unknown.
candidate-39c1a2b6791238827ed5,とろける鉄工所,,野村宗弘,2008,unknown,unknown,unknown,Library-only candidate; opaque workId=work-39c1a2b6791238827ed5; identity is normalized official title + matched Rakuten author; origin and original format remain unknown.
candidate-39d82f0787d47d6a646d,紡ぐ乙女と大正の月,,ちうね,2020,unknown,unknown,unknown,Library-only candidate; opaque workId=work-39d82f0787d47d6a646d; identity is normalized official title + matched Rakuten author; origin and original format remain unknown.
candidate-3a4997017286df8424e0,球場ラヴァーズ,,石田敦子,2010,unknown,unknown,unknown,Library-only candidate; opaque workId=work-3a4997017286df8424e0; identity is normalized official title + matched Rakuten author; origin and original format remain unknown.
candidate-3a5840cbcd674ef84e3e,にがくてあまい,,小林ユミヲ,2010,unknown,unknown,unknown,Library-only candidate; opaque workId=work-3a5840cbcd674ef84e3e; identity is normalized official title + matched Rakuten author; origin and original format remain unknown.
candidate-3a590adf9cfe0d725db3,ゴーグル,,豊田 徹也,,unknown,unknown,unknown,Library-only candidate; opaque workId=work-3a590adf9cfe0d725db3; identity is normalized official title + matched Rakuten author; origin and original format remain unknown.
candidate-3a5be382f1399b15f4fb,弁護士のくず,,井浦 秀夫,2004,unknown,unknown,unknown,Library-only candidate; opaque workId=work-3a5be382f1399b15f4fb; identity is normalized official title + matched Rakuten author; origin and original format remain unknown.
candidate-3a5c2d4efe50fc0e21cb,あかね噺,,馬上 鷹将;末永 裕樹,2022,unknown,unknown,unknown,Library-only candidate; opaque workId=work-3a5c2d4efe50fc0e21cb; identity is normalized official title + matched Rakuten author; origin and original format remain unknown.
candidate-3a8fad3ee287d9f72281,人喰いマンションと大家のメゾン,,あきま;田中 空,2025,unknown,unknown,unknown,Library-only candidate; opaque workId=work-3a8fad3ee287d9f72281; identity is normalized official title + matched Rakuten author; origin and original format remain unknown.
candidate-3ab36dd110361fdc700d,デスコ,,カネコ アツシ,2014,unknown,unknown,unknown,Library-only candidate; opaque workId=work-3ab36dd110361fdc700d; identity is normalized official title + matched Rakuten author; origin and original format remain unknown.
candidate-3ac00c6a4944cc1f39f6,Thisコミュニケーション,,六内 円栄,2020,unknown,unknown,unknown,Library-only candidate; opaque workId=work-3ac00c6a4944cc1f39f6; identity is normalized official title + matched Rakuten author; origin and original format remain unknown.
candidate-3ac01b0c3cd659f655bb,謎のあの店,,松本英子,2012,unknown,unknown,unknown,Library-only candidate; opaque workId=work-3ac01b0c3cd659f655bb; identity is normalized official title + matched Rakuten author; origin and original format remain unknown.
candidate-3ac612ebf1b0ddf361dc,弟の夫,オトウトノオット,田亀源五郎,2014,unknown,unknown,completed,Matched existing Gold work my-brothers-husband by normalized title/alias + creator overlap.
candidate-3ad539c619f206ebf6e9,ミタマセキュ霊ティ,,鳩胸 つるん,2020,unknown,unknown,unknown,Library-only candidate; opaque workId=work-3ad539c619f206ebf6e9; identity is normalized official title + matched Rakuten author; origin and original format remain unknown.
candidate-3ad85a2ffdc026007d61,新しい上司はど天然,,いちかわ暖,2019,unknown,unknown,unknown,Library-only candidate; opaque workId=work-3ad85a2ffdc026007d61; identity is normalized official title + matched Rakuten author; origin and original format remain unknown.
candidate-3ae9ae3591a9b2df62f2,SHY,,実樹ぶきみ,2019,unknown,unknown,unknown,Library-only candidate; opaque workId=work-3ae9ae3591a9b2df62f2; identity is normalized official title + matched Rakuten author; origin and original format remain unknown.
candidate-3b7277cd82fd727a7a58,星屑テレパス,,大熊らすこ,2020,unknown,unknown,unknown,Library-only candidate; opaque workId=work-3b7277cd82fd727a7a58; identity is normalized official title + matched Rakuten author; origin and original format remain unknown.
candidate-3ba6e8e3cfdec674eae3,劇光仮面,,山口 貴由,2022,unknown,unknown,unknown,Library-only candidate; opaque workId=work-3ba6e8e3cfdec674eae3; identity is normalized official title + matched Rakuten author; origin and original format remain unknown.
candidate-3bc0fb41890597b33b40,預言者ピッピ,,地下沢中也,2007,unknown,unknown,unknown,Library-only candidate; opaque workId=work-3bc0fb41890597b33b40; identity is normalized official title + matched Rakuten author; origin and original format remain unknown.
candidate-3c318d785a9edb674c82,そんなんじゃねえよ,,和泉かねよし,2003,unknown,unknown,unknown,Library-only candidate; opaque workId=work-3c318d785a9edb674c82; identity is normalized official title + matched Rakuten author; origin and original format remain unknown.
candidate-3c53e98cd338a3dd4681,魔入りました！入間くん if Episode of 魔フィア,,hiro者;西修,2023,unknown,unknown,unknown,Library-only candidate; opaque workId=work-3c53e98cd338a3dd4681; identity is normalized official title + matched Rakuten author; origin and original format remain unknown.
candidate-3c836bbd37acf921ed12,ねこ、はじめました,,環方 このみ,2016,unknown,unknown,unknown,Library-only candidate; opaque workId=work-3c836bbd37acf921ed12; identity is normalized official title + matched Rakuten author; origin and original format remain unknown.
candidate-3cea8a1539dae6f10b92,Artiste,,さもえど 太郎,2017,unknown,unknown,unknown,Library-only candidate; opaque workId=work-3cea8a1539dae6f10b92; identity is normalized official title + matched Rakuten author; origin and original format remain unknown.
candidate-3d0b058e9dd53c35b8df,ベイビー車中ハッカーズ,,たびれこ,2025,unknown,unknown,unknown,Library-only candidate; opaque workId=work-3d0b058e9dd53c35b8df; identity is normalized official title + matched Rakuten author; origin and original format remain unknown.
candidate-3d9161d57fe3c9f659a9,さよなら幽霊ちゃん,,sugar.,2021,unknown,unknown,unknown,Library-only candidate; opaque workId=work-3d9161d57fe3c9f659a9; identity is normalized official title + matched Rakuten author; origin and original format remain unknown.
candidate-3da15233e47a65b15f14,ガチアクタ,,裏那 圭;晏童 秀吉,2022,unknown,unknown,unknown,Library-only candidate; opaque workId=work-3da15233e47a65b15f14; identity is normalized official title + matched Rakuten author; origin and original format remain unknown.
candidate-3dcc27ff0937f7d2b9b0,きみの家族,,サメマチオ,,unknown,unknown,unknown,Library-only candidate; opaque workId=work-3dcc27ff0937f7d2b9b0; identity is normalized official title + matched Rakuten author; origin and original format remain unknown.
candidate-3dddaeba8c4caecd74cb,大正処女御伽話,,桐丘 さな,2016,unknown,unknown,unknown,Library-only candidate; opaque workId=work-3dddaeba8c4caecd74cb; identity is normalized official title + matched Rakuten author; origin and original format remain unknown.
candidate-3de7c6b6b60da1aaf20a,幻影博覧会,,冬目景,2005,unknown,unknown,unknown,Library-only candidate; opaque workId=work-3de7c6b6b60da1aaf20a; identity is normalized official title + matched Rakuten author; origin and original format remain unknown.
candidate-3dfaf6231e21133620c6,忍者と極道,,近藤 信輔,2020,unknown,unknown,unknown,Library-only candidate; opaque workId=work-3dfaf6231e21133620c6; identity is normalized official title + matched Rakuten author; origin and original format remain unknown.
candidate-3e2b612b4b6960ead08a,くらしのいずみ,,谷川史子,,unknown,unknown,unknown,Library-only candidate; opaque workId=work-3e2b612b4b6960ead08a; identity is normalized official title + matched Rakuten author; origin and original format remain unknown.
candidate-3e53b1ceec0685dea35f,女の子がいる場所は,,やまじえびね,,unknown,unknown,unknown,Library-only candidate; opaque workId=work-3e53b1ceec0685dea35f; identity is normalized official title + matched Rakuten author; origin and original format remain unknown.
candidate-3e725951eb9c49771087,嘘解きレトリック,,都戸利津,2012,unknown,unknown,unknown,Library-only candidate; opaque workId=work-3e725951eb9c49771087; identity is normalized official title + matched Rakuten author; origin and original format remain unknown.
candidate-3e7b404d33100c796578,午前３時の危険地帯,,ねむようこ,2010,unknown,unknown,unknown,Library-only candidate; opaque workId=work-3e7b404d33100c796578; identity is normalized official title + matched Rakuten author; origin and original format remain unknown.
candidate-3ea1531485fc3c8563ac,Qping,,堀江蟹子,2007,unknown,unknown,unknown,Library-only candidate; opaque workId=work-3ea1531485fc3c8563ac; identity is normalized official title + matched Rakuten author; origin and original format remain unknown.
candidate-3ef22ee69f47872ee65a,お近づきになりたい宮膳さん,,秋タカ,2020,unknown,unknown,unknown,Library-only candidate; opaque workId=work-3ef22ee69f47872ee65a; identity is normalized official title + matched Rakuten author; origin and original format remain unknown.
candidate-3f96705b3f33a3cd2667,カナン様はあくまでチョロい,,nonco,2022,unknown,unknown,unknown,Library-only candidate; opaque workId=work-3f96705b3f33a3cd2667; identity is normalized official title + matched Rakuten author; origin and original format remain unknown.
candidate-3fc9f063116166ca75a2,ぬるめた,,こかむも,2021,unknown,unknown,unknown,Library-only candidate; opaque workId=work-3fc9f063116166ca75a2; identity is normalized official title + matched Rakuten author; origin and original format remain unknown.
candidate-3ffe7b3ef96c694fe9d6,くるみのき！,,青木俊直,2011,unknown,unknown,unknown,Library-only candidate; opaque workId=work-3ffe7b3ef96c694fe9d6; identity is normalized official title + matched Rakuten author; origin and original format remain unknown.
candidate-4041eac49a3884db9248,天使な小生意気,,西森博之,1999,unknown,unknown,unknown,Library-only candidate; opaque workId=work-4041eac49a3884db9248; identity is normalized official title + matched Rakuten author; origin and original format remain unknown.
candidate-40b8c35b1d8c9a90144c,orange,,高野苺,2012,unknown,unknown,unknown,Library-only candidate; opaque workId=work-40b8c35b1d8c9a90144c; identity is normalized official title + matched Rakuten author; origin and original format remain unknown.
candidate-40ce339f7ba7a6e08167,カノジョは嘘を愛しすぎてる,,青木 琴美,2009,unknown,unknown,unknown,Library-only candidate; opaque workId=work-40ce339f7ba7a6e08167; identity is normalized official title + matched Rakuten author; origin and original format remain unknown.
candidate-40de71c8144aa7fbcdc2,荒ぶる季節の乙女どもよ。,,絵本 奈央;岡田 麿里,2017,unknown,unknown,unknown,Library-only candidate; opaque workId=work-40de71c8144aa7fbcdc2; identity is normalized official title + matched Rakuten author; origin and original format remain unknown.
candidate-40df2a4b29e97c9c5059,ちちこぐさ,,田川ミ,2013,unknown,unknown,unknown,Library-only candidate; opaque workId=work-40df2a4b29e97c9c5059; identity is normalized official title + matched Rakuten author; origin and original format remain unknown.
candidate-40e18fd954b5dff1eb7d,ワン・モア・ジャンプ,,赤石路代,1993,unknown,unknown,unknown,Library-only candidate; opaque workId=work-40e18fd954b5dff1eb7d; identity is normalized official title + matched Rakuten author; origin and original format remain unknown.
candidate-40e3fe023da8766aeedb,ヤニねこ,,にゃんにゃんファクトリー,2023,unknown,unknown,unknown,Library-only candidate; opaque workId=work-40e3fe023da8766aeedb; identity is normalized official title + matched Rakuten author; origin and original format remain unknown.
candidate-40ea287aae6305289cf6,その着せ替え人形は恋をする,,福田晋一,2018,unknown,unknown,unknown,Library-only candidate; opaque workId=work-40ea287aae6305289cf6; identity is normalized official title + matched Rakuten author; origin and original format remain unknown.
candidate-410ddd17b05e2f0f85d5,ステラとミルフイユ,,渡辺カナ,2014,unknown,unknown,unknown,Library-only candidate; opaque workId=work-410ddd17b05e2f0f85d5; identity is normalized official title + matched Rakuten author; origin and original format remain unknown.
candidate-415f7ad1c5032c58d554,少年のアビス,,峰浪 りょう,2020,unknown,unknown,unknown,Library-only candidate; opaque workId=work-415f7ad1c5032c58d554; identity is normalized official title + matched Rakuten author; origin and original format remain unknown.
candidate-418af771ae574eb15a99,岸辺露伴は動かない,,荒木 飛呂彦,2013,unknown,unknown,unknown,Library-only candidate; opaque workId=work-418af771ae574eb15a99; identity is normalized official title + matched Rakuten author; origin and original format remain unknown.
candidate-41c84778af2d8cd376f2,Dr.STONE,ドクターストーン,Boichi;稲垣理一郎,2017,unknown,unknown,completed,Matched existing Gold work dr-stone by normalized title/alias + creator overlap.
candidate-41c8f07c2ed444461a1b,日々蝶々,,森下suu,2012,unknown,unknown,unknown,Library-only candidate; opaque workId=work-41c8f07c2ed444461a1b; identity is normalized official title + matched Rakuten author; origin and original format remain unknown.
candidate-42738b05ed35f25c491f,明日、私は誰かのカノジョ,,をの ひなお,2019,unknown,unknown,unknown,Library-only candidate; opaque workId=work-42738b05ed35f25c491f; identity is normalized official title + matched Rakuten author; origin and original format remain unknown.
candidate-42a19ee92cd5b07758d5,ぼくらのへんたい,,ふみふみこ,2012,unknown,unknown,unknown,Library-only candidate; opaque workId=work-42a19ee92cd5b07758d5; identity is normalized official title + matched Rakuten author; origin and original format remain unknown.
candidate-42a672642cff9f7cfb59,弾丸タックル,,佐藤由幸,2013,unknown,unknown,unknown,Library-only candidate; opaque workId=work-42a672642cff9f7cfb59; identity is normalized official title + matched Rakuten author; origin and original format remain unknown.
candidate-42a7c7ad0497eb458d0f,ジパング 深蒼海流,,かわぐちかいじ,2013,unknown,unknown,unknown,Library-only candidate; opaque workId=work-42a7c7ad0497eb458d0f; identity is normalized official title + matched Rakuten author; origin and original format remain unknown.
candidate-42c7dd9e36b53939869a,星屑クライベイビー,,渡辺カナ,,unknown,unknown,unknown,Library-only candidate; opaque workId=work-42c7dd9e36b53939869a; identity is normalized official title + matched Rakuten author; origin and original format remain unknown.
candidate-42f14f92911ef04a1ed1,堀田,,山本直樹,2003,unknown,unknown,unknown,Library-only candidate; opaque workId=work-42f14f92911ef04a1ed1; identity is normalized official title + matched Rakuten author; origin and original format remain unknown.
candidate-42fff49d373ef1177f39,先生と僕〜夏目漱石を囲む人々〜,,香日ゆら,2010,unknown,unknown,unknown,Library-only candidate; opaque workId=work-42fff49d373ef1177f39; identity is normalized official title + matched Rakuten author; origin and original format remain unknown.
candidate-432af718ea660fe01699,お前はまだグンマを知らない,,井田ヒロト,2014,unknown,unknown,unknown,Library-only candidate; opaque workId=work-432af718ea660fe01699; identity is normalized official title + matched Rakuten author; origin and original format remain unknown.
candidate-434a5822bd4435e02b05,結界師,,田辺 イエロウ,2004,unknown,unknown,unknown,Library-only candidate; opaque workId=work-434a5822bd4435e02b05; identity is normalized official title + matched Rakuten author; origin and original format remain unknown.
candidate-438912a368ba4100e7ab,Eから弾きな。,,佐々木拓丸,2013,unknown,unknown,unknown,Library-only candidate; opaque workId=work-438912a368ba4100e7ab; identity is normalized official title + matched Rakuten author; origin and original format remain unknown.
candidate-43ebf010a490cfd4bb50,千年万年りんごの子,,田中 相,2012,unknown,unknown,unknown,Library-only candidate; opaque workId=work-43ebf010a490cfd4bb50; identity is normalized official title + matched Rakuten author; origin and original format remain unknown.
candidate-4402b3de64e66a9a0139,エバタのロック,,室井大資,2013,unknown,unknown,unknown,Library-only candidate; opaque workId=work-4402b3de64e66a9a0139; identity is normalized official title + matched Rakuten author; origin and original format remain unknown.
candidate-440f93a4e60ef906685b,バラ色の明日,,いくえみ綾,1997,unknown,unknown,unknown,Library-only candidate; opaque workId=work-440f93a4e60ef906685b; identity is normalized official title + matched Rakuten author; origin and original format remain unknown.
candidate-442996147b9d4e2aa02a,夜とコンクリート,,町田洋,,unknown,unknown,unknown,Library-only candidate; opaque workId=work-442996147b9d4e2aa02a; identity is normalized official title + matched Rakuten author; origin and original format remain unknown.
candidate-443783f31b5ba378f934,ベルリンうわの空,,香山哲,,unknown,unknown,unknown,Library-only candidate; opaque workId=work-443783f31b5ba378f934; identity is normalized official title + matched Rakuten author; origin and original format remain unknown.
candidate-44d0000353478596369e,環と周,,よしなが ふみ,,unknown,unknown,unknown,Library-only candidate; opaque workId=work-44d0000353478596369e; identity is normalized official title + matched Rakuten author; origin and original format remain unknown.
candidate-44ff18e161ee0c10497e,俺とヒーローと魔法少女,,九段そごう,2014,unknown,unknown,unknown,Library-only candidate; opaque workId=work-44ff18e161ee0c10497e; identity is normalized official title + matched Rakuten author; origin and original format remain unknown.
candidate-450870a60f915390316f,空が灰色だから,,阿部共実,2012,unknown,unknown,unknown,Library-only candidate; opaque workId=work-450870a60f915390316f; identity is normalized official title + matched Rakuten author; origin and original format remain unknown.
candidate-455287a82f4ea63ec542,シネマこんぷれっくす！,,ビリー,2017,unknown,unknown,unknown,Library-only candidate; opaque workId=work-455287a82f4ea63ec542; identity is normalized official title + matched Rakuten author; origin and original format remain unknown.
candidate-457a3683fa1159ab439a,ムダヅモ無き改革,,大和田秀樹,2018,unknown,unknown,unknown,Library-only candidate; opaque workId=work-457a3683fa1159ab439a; identity is normalized official title + matched Rakuten author; origin and original format remain unknown.
candidate-45a6a913d4ee5881afb6,あぶさん,,水島 新司,1974,unknown,unknown,unknown,Library-only candidate; opaque workId=work-45a6a913d4ee5881afb6; identity is normalized official title + matched Rakuten author; origin and original format remain unknown.
candidate-45fe9ae0e868fc9a30a1,おもいでエマノン,,鶴田謙二;梶尾真治,,unknown,unknown,unknown,Library-only candidate; opaque workId=work-45fe9ae0e868fc9a30a1; identity is normalized official title + matched Rakuten author; origin and original format remain unknown.
candidate-46388f0ed8f7a3b54289,森のテグー,,施川ユウキ,2009,unknown,unknown,unknown,Library-only candidate; opaque workId=work-46388f0ed8f7a3b54289; identity is normalized official title + matched Rakuten author; origin and original format remain unknown.
candidate-464322afcd10013437b9,大奥,,よしながふみ,2004,unknown,unknown,unknown,Library-only candidate; opaque workId=work-464322afcd10013437b9; identity is normalized official title + matched Rakuten author; origin and original format remain unknown.
candidate-46c7a21a3bd83feda160,ブスなんて言わないで,,とある アラ子,2022,unknown,unknown,unknown,Library-only candidate; opaque workId=work-46c7a21a3bd83feda160; identity is normalized official title + matched Rakuten author; origin and original format remain unknown.
candidate-477a6d9e4194575e5a94,死にたがりと雲雀,,山中ヒコ,2014,unknown,unknown,unknown,Library-only candidate; opaque workId=work-477a6d9e4194575e5a94; identity is normalized official title + matched Rakuten author; origin and original format remain unknown.
candidate-47f92d487ef1805e4c07,はなまる幼稚園,,勇人,2007,unknown,unknown,unknown,Library-only candidate; opaque workId=work-47f92d487ef1805e4c07; identity is normalized official title + matched Rakuten author; origin and original format remain unknown.
candidate-480da6364966b47be4be,アニウッド大通り,,記伊孝,2014,unknown,unknown,unknown,Library-only candidate; opaque workId=work-480da6364966b47be4be; identity is normalized official title + matched Rakuten author; origin and original format remain unknown.
candidate-482db909fdba0c38b2ee,恋するリップ・ティント,,楠 なな,2025,unknown,unknown,unknown,Library-only candidate; opaque workId=work-482db909fdba0c38b2ee; identity is normalized official title + matched Rakuten author; origin and original format remain unknown.
candidate-48a8cbb717b0f34ec6cd,老女的少女ひなたちゃん,,桑佳あさ,2015,unknown,unknown,unknown,Library-only candidate; opaque workId=work-48a8cbb717b0f34ec6cd; identity is normalized official title + matched Rakuten author; origin and original format remain unknown.
candidate-49646c522ce70a4bb8f0,新ゲノム,,古賀亮一,,unknown,unknown,unknown,Library-only candidate; opaque workId=work-49646c522ce70a4bb8f0; identity is normalized official title + matched Rakuten author; origin and original format remain unknown.
candidate-497efdbff53f145b429b,がらくたストリート,,山田穣,2008,unknown,unknown,unknown,Library-only candidate; opaque workId=work-497efdbff53f145b429b; identity is normalized official title + matched Rakuten author; origin and original format remain unknown.
candidate-498772ec1afff132af28,春の嵐とモンスター,,ミユキ 蜜蜂,2022,unknown,unknown,unknown,Library-only candidate; opaque workId=work-498772ec1afff132af28; identity is normalized official title + matched Rakuten author; origin and original format remain unknown.
candidate-49af41f47417b01de20e,テガミバチ,,浅田弘幸,2007,unknown,unknown,unknown,Library-only candidate; opaque workId=work-49af41f47417b01de20e; identity is normalized official title + matched Rakuten author; origin and original format remain unknown.
candidate-49be48c972a16985bd57,ウィッチクラフトワークス,,水薙竜,2010,unknown,unknown,completed,Matched existing Gold work witchcraft-works by normalized title/alias + creator overlap.
candidate-49c0073fd735f54ab8e2,懲役３３９年,,伊勢 ともか,2014,unknown,unknown,unknown,Library-only candidate; opaque workId=work-49c0073fd735f54ab8e2; identity is normalized official title + matched Rakuten author; origin and original format remain unknown.
candidate-49e9ca0e255356cbf861,マイ・ブロークン・マリコ,,平庫 ワカ,,unknown,unknown,unknown,Library-only candidate; opaque workId=work-49e9ca0e255356cbf861; identity is normalized official title + matched Rakuten author; origin and original format remain unknown.
candidate-49f89814d519971761f9,四月は君の嘘,シガツハキミノウソ,新川直司,2011,unknown,unknown,completed,Matched existing Gold work your-lie-in-april by normalized title/alias + creator overlap.
candidate-4a6ea4bff716a540febb,きみは四葉のクローバー,,こうし,2024,unknown,unknown,unknown,Library-only candidate; opaque workId=work-4a6ea4bff716a540febb; identity is normalized official title + matched Rakuten author; origin and original format remain unknown.
candidate-4a74999f17e4ae7fe724,実は私は,,増田英二,2013,unknown,unknown,unknown,Library-only candidate; opaque workId=work-4a74999f17e4ae7fe724; identity is normalized official title + matched Rakuten author; origin and original format remain unknown.
candidate-4a8a22fc766bf9bc4c59,天は赤い河のほとり,,篠原千絵,1995,unknown,unknown,unknown,Library-only candidate; opaque workId=work-4a8a22fc766bf9bc4c59; identity is normalized official title + matched Rakuten author; origin and original format remain unknown.
candidate-4aa6564d790e9013b90f,ちおちゃんの通学路,,川崎直孝,2014,unknown,unknown,unknown,Library-only candidate; opaque workId=work-4aa6564d790e9013b90f; identity is normalized official title + matched Rakuten author; origin and original format remain unknown.
candidate-4ab9720731a7bf98632e,修羅の門 第弐門,,川原 正敏,2011,unknown,unknown,unknown,Library-only candidate; opaque workId=work-4ab9720731a7bf98632e; identity is normalized official title + matched Rakuten author; origin and original format remain unknown.
candidate-4ac3883d7724c8c0a25a,ラストゲーム,,天乃忍,2012,unknown,unknown,unknown,Library-only candidate; opaque workId=work-4ac3883d7724c8c0a25a; identity is normalized official title + matched Rakuten author; origin and original format remain unknown.
candidate-4ad0055c4138e1db1a50,今日はカノジョがいないから,,岩見 樹代子,2021,unknown,unknown,unknown,Library-only candidate; opaque workId=work-4ad0055c4138e1db1a50; identity is normalized official title + matched Rakuten author; origin and original format remain unknown.
candidate-4b1aee71ea9834cd0439,みどりの星,,真造圭伍,2013,unknown,unknown,unknown,Library-only candidate; opaque workId=work-4b1aee71ea9834cd0439; identity is normalized official title + matched Rakuten author; origin and original format remain unknown.
candidate-4b4bbe8c10859c46e726,百舌谷さん逆上する,,篠房六郎,2008,unknown,unknown,unknown,Library-only candidate; opaque workId=work-4b4bbe8c10859c46e726; identity is normalized official title + matched Rakuten author; origin and original format remain unknown.
candidate-4b4e6afc71e786d97bac,自殺島,,森恒二,2009,unknown,unknown,unknown,Library-only candidate; opaque workId=work-4b4e6afc71e786d97bac; identity is normalized official title + matched Rakuten author; origin and original format remain unknown.
candidate-4b58e9c429e2c2849e76,スティーブズ,,うめ;松永 肇一,2014,unknown,unknown,unknown,Library-only candidate; opaque workId=work-4b58e9c429e2c2849e76; identity is normalized official title + matched Rakuten author; origin and original format remain unknown.
candidate-4b775e0182b5b758c0eb,恋に無駄口,,福山 リョウコ,2020,unknown,unknown,unknown,Library-only candidate; opaque workId=work-4b775e0182b5b758c0eb; identity is normalized official title + matched Rakuten author; origin and original format remain unknown.
candidate-4bc49c50851479b6725f,わにとかげぎす,,古谷 実,2006,unknown,unknown,unknown,Library-only candidate; opaque workId=work-4bc49c50851479b6725f; identity is normalized official title + matched Rakuten author; origin and original format remain unknown.
candidate-4bf5f17cb5da0a706064,あめつちだれかれそこかしこ,,青桐ナツ,2014,unknown,unknown,unknown,Library-only candidate; opaque workId=work-4bf5f17cb5da0a706064; identity is normalized official title + matched Rakuten author; origin and original format remain unknown.
candidate-4c519b1e8a421d123fef,月影ベイベ,,小玉 ユキ,2013,unknown,unknown,unknown,Library-only candidate; opaque workId=work-4c519b1e8a421d123fef; identity is normalized official title + matched Rakuten author; origin and original format remain unknown.
candidate-4c5e29ca09aa2086be37,磯部磯兵衛物語〜浮世はつらいよ〜,,仲間 りょう,2014,unknown,unknown,unknown,Library-only candidate; opaque workId=work-4c5e29ca09aa2086be37; identity is normalized official title + matched Rakuten author; origin and original format remain unknown.
candidate-4c784fc78dfd9b139c3f,正反対な君と僕,,阿賀沢 紅茶,2022,unknown,unknown,unknown,Library-only candidate; opaque workId=work-4c784fc78dfd9b139c3f; identity is normalized official title + matched Rakuten author; origin and original format remain unknown.
candidate-4c90a79f23cc8849ca9b,巨悪学園,,長沢克泰うどん,2012,unknown,unknown,unknown,Library-only candidate; opaque workId=work-4c90a79f23cc8849ca9b; identity is normalized official title + matched Rakuten author; origin and original format remain unknown.
candidate-4ccde2fa2f805de60def,数字であそぼ。,,絹田 村子,2018,unknown,unknown,unknown,Library-only candidate; opaque workId=work-4ccde2fa2f805de60def; identity is normalized official title + matched Rakuten author; origin and original format remain unknown.
candidate-4d9f1108aabbace31126,フラグタイム,,さと,2014,unknown,unknown,unknown,Library-only candidate; opaque workId=work-4d9f1108aabbace31126; identity is normalized official title + matched Rakuten author; origin and original format remain unknown.
candidate-4da37cd884e6077f2072,舞妓さんちのまかないさん,,小山 愛子,2017,unknown,unknown,unknown,Library-only candidate; opaque workId=work-4da37cd884e6077f2072; identity is normalized official title + matched Rakuten author; origin and original format remain unknown.
candidate-4dd5c4a6686680557ff6,シャドーハウス,,ソウマトウ,2019,unknown,unknown,unknown,Library-only candidate; opaque workId=work-4dd5c4a6686680557ff6; identity is normalized official title + matched Rakuten author; origin and original format remain unknown.
candidate-4dfd5bd5dd132cbde414,きょうの猫村さん,,ほしよりこ,,unknown,unknown,unknown,Library-only candidate; opaque workId=work-4dfd5bd5dd132cbde414; identity is normalized official title + matched Rakuten author; origin and original format remain unknown.
candidate-4e0e476ec9dcb9cf818c,いとしのムーコ,イトシノムーコ,みずしな孝之,2011,unknown,unknown,completed,Matched existing Gold work lovely-muco by normalized title/alias + creator overlap.
candidate-4e0f63e18e219a3dfe32,トニカクカワイイ,,畑 健二郎,2018,unknown,unknown,unknown,Library-only candidate; opaque workId=work-4e0f63e18e219a3dfe32; identity is normalized official title + matched Rakuten author; origin and original format remain unknown.
candidate-4e1489bc0a69b7c21e8b,よんでますよ、アザゼルさん。,,久保保久,2008,unknown,unknown,unknown,Library-only candidate; opaque workId=work-4e1489bc0a69b7c21e8b; identity is normalized official title + matched Rakuten author; origin and original format remain unknown.
candidate-4e1a5779610b31ca5603,俎上の鯉は二度跳ねる,,水城 せとな,,unknown,unknown,unknown,Library-only candidate; opaque workId=work-4e1a5779610b31ca5603; identity is normalized official title + matched Rakuten author; origin and original format remain unknown.
candidate-4e58f4d7e699b0785724,ヒロイン失格,,幸田もも子,2010,unknown,unknown,unknown,Library-only candidate; opaque workId=work-4e58f4d7e699b0785724; identity is normalized official title + matched Rakuten author; origin and original format remain unknown.
candidate-4e60b9906a3188ec9209,履いてください、鷹峰さん,,柊裕一,2019,unknown,unknown,unknown,Library-only candidate; opaque workId=work-4e60b9906a3188ec9209; identity is normalized official title + matched Rakuten author; origin and original format remain unknown.
candidate-4e8f5e4496b2118413e6,ライジングサン,,藤原さとし,2012,unknown,unknown,unknown,Library-only candidate; opaque workId=work-4e8f5e4496b2118413e6; identity is normalized official title + matched Rakuten author; origin and original format remain unknown.
candidate-4ea3eb779047209c27d8,喫茶牢獄,,日本橋 ヨヲコ,2025,unknown,unknown,unknown,Library-only candidate; opaque workId=work-4ea3eb779047209c27d8; identity is normalized official title + matched Rakuten author; origin and original format remain unknown.
candidate-4eda8d2a9b04837b0e29,ブルーピリオド,ブルーピリオド,山口つばさ,2017,unknown,unknown,ongoing,Matched existing Gold work blue-period by normalized title/alias + creator overlap.
candidate-4f4175c6c19e963c46b4,山本善次朗と申します,,槙ようこ,2007,unknown,unknown,unknown,Library-only candidate; opaque workId=work-4f4175c6c19e963c46b4; identity is normalized official title + matched Rakuten author; origin and original format remain unknown.
candidate-4f5a5e1c022ed0efcd6e,デボネア・ドライブ,,朝倉世界一,2008,unknown,unknown,unknown,Library-only candidate; opaque workId=work-4f5a5e1c022ed0efcd6e; identity is normalized official title + matched Rakuten author; origin and original format remain unknown.
candidate-4f72ecfc3f99fd8a1286,スコペロ,,カサハラ テツロー,2009,unknown,unknown,unknown,Library-only candidate; opaque workId=work-4f72ecfc3f99fd8a1286; identity is normalized official title + matched Rakuten author; origin and original format remain unknown.
candidate-4fbfbe587493acba3a24,平成敗残兵すみれちゃん,,里見 U,2024,unknown,unknown,unknown,Library-only candidate; opaque workId=work-4fbfbe587493acba3a24; identity is normalized official title + matched Rakuten author; origin and original format remain unknown.
candidate-4ff04bf87231d4574769,Ｉ【アイ】,,いがらし みきお,,unknown,unknown,unknown,Library-only candidate; opaque workId=work-4ff04bf87231d4574769; identity is normalized official title + matched Rakuten author; origin and original format remain unknown.
candidate-500bf1972a4c3b840ded,コンプレックス・エイジ,,佐久間結衣,2014,unknown,unknown,unknown,Library-only candidate; opaque workId=work-500bf1972a4c3b840ded; identity is normalized official title + matched Rakuten author; origin and original format remain unknown.
candidate-502d99ee8ad948bf6944,さよならタマちゃん,,武田一義,,unknown,unknown,unknown,Library-only candidate; opaque workId=work-502d99ee8ad948bf6944; identity is normalized official title + matched Rakuten author; origin and original format remain unknown.
candidate-504b8583675a177bd69b,砂時計,,芦原妃名子,2003,unknown,unknown,unknown,Library-only candidate; opaque workId=work-504b8583675a177bd69b; identity is normalized official title + matched Rakuten author; origin and original format remain unknown.
candidate-50622a5e07468f8c0df9,イノサン,,坂本眞一,2013,unknown,unknown,unknown,Library-only candidate; opaque workId=work-50622a5e07468f8c0df9; identity is normalized official title + matched Rakuten author; origin and original format remain unknown.
candidate-5091a08263efab2438bd,金剛番長,,鈴木央,2008,unknown,unknown,unknown,Library-only candidate; opaque workId=work-5091a08263efab2438bd; identity is normalized official title + matched Rakuten author; origin and original format remain unknown.
candidate-50ad1e8e5c1a9a9d7aa3,ラティーノ,,おおひなたごう,2013,unknown,unknown,unknown,Library-only candidate; opaque workId=work-50ad1e8e5c1a9a9d7aa3; identity is normalized official title + matched Rakuten author; origin and original format remain unknown.
candidate-50afa45b590e1bd55fa1,東京ヒゴロ,,松本 大洋,2021,unknown,unknown,unknown,Library-only candidate; opaque workId=work-50afa45b590e1bd55fa1; identity is normalized official title + matched Rakuten author; origin and original format remain unknown.
candidate-510920fd67d322029cad,ハルシオン・ランチ,,沙村広明,2010,unknown,unknown,unknown,Library-only candidate; opaque workId=work-510920fd67d322029cad; identity is normalized official title + matched Rakuten author; origin and original format remain unknown.
candidate-5123e49da8a50eaade9c,実在ゲキウマ地酒日記,,須賀原洋行,2013,unknown,unknown,unknown,Library-only candidate; opaque workId=work-5123e49da8a50eaade9c; identity is normalized official title + matched Rakuten author; origin and original format remain unknown.
candidate-518d7ed42dd9253679c3,墨攻,,森秀樹;酒見賢一;久保田千太郎,1992,unknown,unknown,unknown,Library-only candidate; opaque workId=work-518d7ed42dd9253679c3; identity is normalized official title + matched Rakuten author; origin and original format remain unknown.
candidate-51a42ef829c4de88c911,夫婦以上、恋人未満。,,金丸 祐基,2018,unknown,unknown,unknown,Library-only candidate; opaque workId=work-51a42ef829c4de88c911; identity is normalized official title + matched Rakuten author; origin and original format remain unknown.
candidate-51a4ae214648dbf12478,ももんち,,冬目 景,,unknown,unknown,unknown,Library-only candidate; opaque workId=work-51a4ae214648dbf12478; identity is normalized official title + matched Rakuten author; origin and original format remain unknown.
candidate-51bd6adb1e1c3afb0374,アルスラーン戦記,アルスラーンセンキ,荒川弘;田中芳樹,2013,unknown,unknown,ongoing,Matched existing Gold work the-heroic-legend-of-arslan by normalized title/alias + creator overlap.
candidate-521d1f38e767ab1d4af4,悪魔とラブソング,,桃森ミヨシ,2007,unknown,unknown,unknown,Library-only candidate; opaque workId=work-521d1f38e767ab1d4af4; identity is normalized official title + matched Rakuten author; origin and original format remain unknown.
candidate-5225892c29f17471e277,Ｐ．Ｓ．アイラブユー,,谷川史子,,unknown,unknown,unknown,Library-only candidate; opaque workId=work-5225892c29f17471e277; identity is normalized official title + matched Rakuten author; origin and original format remain unknown.
candidate-52fee99827626be2d8d4,エイティエイトを２でわって,,有馬,2024,unknown,unknown,unknown,Library-only candidate; opaque workId=work-52fee99827626be2d8d4; identity is normalized official title + matched Rakuten author; origin and original format remain unknown.
candidate-5340c060bb9129c1df57,金剛寺さんは面倒臭い,,とよ田 みのる,2018,unknown,unknown,unknown,Library-only candidate; opaque workId=work-5340c060bb9129c1df57; identity is normalized official title + matched Rakuten author; origin and original format remain unknown.
candidate-534e2816c5c98956ffe4,パラダイスバード,,佐藤明機,2012,unknown,unknown,unknown,Library-only candidate; opaque workId=work-534e2816c5c98956ffe4; identity is normalized official title + matched Rakuten author; origin and original format remain unknown.
candidate-5394728c1ca244a0567a,双亡亭壊すべし,,藤田 和日郎,2016,unknown,unknown,unknown,Library-only candidate; opaque workId=work-5394728c1ca244a0567a; identity is normalized official title + matched Rakuten author; origin and original format remain unknown.
candidate-539a684079e86fe0ab53,星くずドロップ,,小嶋ララ子,2014,unknown,unknown,unknown,Library-only candidate; opaque workId=work-539a684079e86fe0ab53; identity is normalized official title + matched Rakuten author; origin and original format remain unknown.
candidate-53e54c95f637b66c4fb2,がんばれ元気,,小山ゆう,1976,unknown,unknown,unknown,Library-only candidate; opaque workId=work-53e54c95f637b66c4fb2; identity is normalized official title + matched Rakuten author; origin and original format remain unknown.
candidate-53eaab555f405b99ea75,GBパーク,,オノ ナツメ,,unknown,unknown,unknown,Library-only candidate; opaque workId=work-53eaab555f405b99ea75; identity is normalized official title + matched Rakuten author; origin and original format remain unknown.
candidate-53f05f63e741cd17ee72,ドッグスレッド,,野田 サトル,2024,unknown,unknown,unknown,Library-only candidate; opaque workId=work-53f05f63e741cd17ee72; identity is normalized official title + matched Rakuten author; origin and original format remain unknown.
candidate-53fb816835ab36e40a1f,アンデッドアンラック,,戸塚 慶文,2020,unknown,unknown,unknown,Library-only candidate; opaque workId=work-53fb816835ab36e40a1f; identity is normalized official title + matched Rakuten author; origin and original format remain unknown.
candidate-5402adec0b3d726fdc43,僕の初恋をキミに捧ぐ,,青木 琴美,2005,unknown,unknown,unknown,Library-only candidate; opaque workId=work-5402adec0b3d726fdc43; identity is normalized official title + matched Rakuten author; origin and original format remain unknown.
candidate-5408c1ad813b876ee13f,進撃の巨人,シンゲキノキョジン,諫山創,2009,unknown,unknown,completed,Matched existing Gold work attack-on-titan by normalized title/alias + creator overlap.
candidate-540d5788c906bfcc7234,後ハッピーマニア,,安野 モヨコ,2020,unknown,unknown,unknown,Library-only candidate; opaque workId=work-540d5788c906bfcc7234; identity is normalized official title + matched Rakuten author; origin and original format remain unknown.
candidate-544a6417f8c8f73e1a37,20世紀少年,ニジュッセイキショウネン,浦沢直樹,1999,unknown,unknown,completed,Matched existing Gold work 20th-century-boys by normalized title/alias + creator overlap.
candidate-54bf1699bfd014afa208,ウィッチウォッチ,,篠原 健太,2021,unknown,unknown,unknown,Library-only candidate; opaque workId=work-54bf1699bfd014afa208; identity is normalized official title + matched Rakuten author; origin and original format remain unknown.
candidate-550261dd739b9ff83611,よにんぐらし,,宇仁田ゆみ,2005,unknown,unknown,unknown,Library-only candidate; opaque workId=work-550261dd739b9ff83611; identity is normalized official title + matched Rakuten author; origin and original format remain unknown.
candidate-550854424fc9cc94d585,高杉さん家のおべんとう,,柳原 望,2010,unknown,unknown,unknown,Library-only candidate; opaque workId=work-550854424fc9cc94d585; identity is normalized official title + matched Rakuten author; origin and original format remain unknown.
candidate-5527725f0c3bf381e6d3,ブックイーター,,カネタケ製菓,2013,unknown,unknown,unknown,Library-only candidate; opaque workId=work-5527725f0c3bf381e6d3; identity is normalized official title + matched Rakuten author; origin and original format remain unknown.
candidate-553a5452dad416fd8800,中春こまわり君,,山上たつひこ,2009,unknown,unknown,unknown,Library-only candidate; opaque workId=work-553a5452dad416fd8800; identity is normalized official title + matched Rakuten author; origin and original format remain unknown.
candidate-5546d6a69fb258a943c2,坊主DAYS,,杜康潤,2009,unknown,unknown,unknown,Library-only candidate; opaque workId=work-5546d6a69fb258a943c2; identity is normalized official title + matched Rakuten author; origin and original format remain unknown.
candidate-555bfdff9e7e5e6c8d11,銀のニーナ,,イトカツ,2012,unknown,unknown,unknown,Library-only candidate; opaque workId=work-555bfdff9e7e5e6c8d11; identity is normalized official title + matched Rakuten author; origin and original format remain unknown.
candidate-5577e7229dee82594d6c,千と万,,関谷あさみ,2013,unknown,unknown,unknown,Library-only candidate; opaque workId=work-5577e7229dee82594d6c; identity is normalized official title + matched Rakuten author; origin and original format remain unknown.
candidate-5579a3b5321f874d6c14,たとえとどかぬ糸だとしても,,tMnR,2017,unknown,unknown,unknown,Library-only candidate; opaque workId=work-5579a3b5321f874d6c14; identity is normalized official title + matched Rakuten author; origin and original format remain unknown.
candidate-557c4ffa7e2888066c1d,あそびあい,,新田 章,2013,unknown,unknown,unknown,Library-only candidate; opaque workId=work-557c4ffa7e2888066c1d; identity is normalized official title + matched Rakuten author; origin and original format remain unknown.
candidate-55d2c61694878eb046d5,ミステリと言う勿れ,,田村由美,2017,unknown,unknown,ongoing,Matched existing Gold work mystery-to-iu-nakare by normalized title/alias + creator overlap.
candidate-55e3193c95b2f4c2e944,紺田照の合法レシピ,,馬田 イスケ,2016,unknown,unknown,unknown,Library-only candidate; opaque workId=work-55e3193c95b2f4c2e944; identity is normalized official title + matched Rakuten author; origin and original format remain unknown.
candidate-5625fc2de8c5a33e98b2,可愛いだけじゃない式守さん,,真木 蛍五,2019,unknown,unknown,unknown,Library-only candidate; opaque workId=work-5625fc2de8c5a33e98b2; identity is normalized official title + matched Rakuten author; origin and original format remain unknown.
candidate-567d2c0eeaaaa26dfe60,キーチＶＳ,,新井 英樹,2008,unknown,unknown,unknown,Library-only candidate; opaque workId=work-567d2c0eeaaaa26dfe60; identity is normalized official title + matched Rakuten author; origin and original format remain unknown.
candidate-56cfe3f157c6da083f35,人は見た目が100パーセント,,大久保 ヒロミ,2014,unknown,unknown,unknown,Library-only candidate; opaque workId=work-56cfe3f157c6da083f35; identity is normalized official title + matched Rakuten author; origin and original format remain unknown.
candidate-56e45e2dd0d00d5f24a8,ブランクスペース,,熊倉献,2021,unknown,unknown,unknown,Library-only candidate; opaque workId=work-56e45e2dd0d00d5f24a8; identity is normalized official title + matched Rakuten author; origin and original format remain unknown.
candidate-5702b6d631ece35b62ea,「壇蜜」,,清野 とおる,2025,unknown,unknown,unknown,Library-only candidate; opaque workId=work-5702b6d631ece35b62ea; identity is normalized official title + matched Rakuten author; origin and original format remain unknown.
candidate-574a0d3c5c25d8741ba5,しゅがー・みーつ・がーる！,,白野アキヒロ,2024,unknown,unknown,unknown,Library-only candidate; opaque workId=work-574a0d3c5c25d8741ba5; identity is normalized official title + matched Rakuten author; origin and original format remain unknown.
candidate-578a883b485b57393ea9,ちゃんと好きって言える子無双,,赤景;七菜 なな;ちひろ 綺華,2026,unknown,unknown,unknown,Library-only candidate; opaque workId=work-578a883b485b57393ea9; identity is normalized official title + matched Rakuten author; origin and original format remain unknown.
candidate-57a5e6cde2616095fb4b,犬夜叉,イヌヤシャ,高橋留美子,1996,unknown,unknown,completed,Matched existing Gold work inuyasha by normalized title/alias + creator overlap.
candidate-57e57ac2ef9687d8c2ce,僕は問題ありません,,宮崎 夏次系,,unknown,unknown,unknown,Library-only candidate; opaque workId=work-57e57ac2ef9687d8c2ce; identity is normalized official title + matched Rakuten author; origin and original format remain unknown.
candidate-57f00e4a2130d5a0fa70,新米姉妹のふたりごはん,,柊 ゆたか,2015,unknown,unknown,unknown,Library-only candidate; opaque workId=work-57f00e4a2130d5a0fa70; identity is normalized official title + matched Rakuten author; origin and original format remain unknown.
candidate-580d12e46b72fad34332,さくらの園,,ふみふみこ,2014,unknown,unknown,unknown,Library-only candidate; opaque workId=work-580d12e46b72fad34332; identity is normalized official title + matched Rakuten author; origin and original format remain unknown.
candidate-58191c032908b92d1955,ダニー・ボーイ,,島田虎之介,,unknown,unknown,unknown,Library-only candidate; opaque workId=work-58191c032908b92d1955; identity is normalized official title + matched Rakuten author; origin and original format remain unknown.
candidate-58516b2e576ac0229077,魔王の秘書,,鴨鍋かもつ,2017,unknown,unknown,unknown,Library-only candidate; opaque workId=work-58516b2e576ac0229077; identity is normalized official title + matched Rakuten author; origin and original format remain unknown.
candidate-587a29e5d045707f9c8f,小林さんちのメイドラゴン,,クール教信者,2014,unknown,unknown,unknown,Library-only candidate; opaque workId=work-587a29e5d045707f9c8f; identity is normalized official title + matched Rakuten author; origin and original format remain unknown.
candidate-58d26f92c06526c31c24,ザ・ファブル,,南勝久,2014,unknown,unknown,completed,Matched existing Gold work the-fable by normalized title/alias + creator overlap.
candidate-590b60fe2d2ea5ac62cd,少女少年学級団,,藤村真理,2008,unknown,unknown,unknown,Library-only candidate; opaque workId=work-590b60fe2d2ea5ac62cd; identity is normalized official title + matched Rakuten author; origin and original format remain unknown.
candidate-590b8ecced818130cf51,あなたのことはそれほど,,いくえみ綾,2012,unknown,unknown,unknown,Library-only candidate; opaque workId=work-590b8ecced818130cf51; identity is normalized official title + matched Rakuten author; origin and original format remain unknown.
candidate-5915d6d7601377fcc75f,赤髪の白雪姫,,あきづき空太,2006,unknown,unknown,unknown,Library-only candidate; opaque workId=work-5915d6d7601377fcc75f; identity is normalized official title + matched Rakuten author; origin and original format remain unknown.
candidate-5924760a1dde711fff88,キャプテン,,ちばあきお,1986,unknown,unknown,unknown,Library-only candidate; opaque workId=work-5924760a1dde711fff88; identity is normalized official title + matched Rakuten author; origin and original format remain unknown.
candidate-592efc68f5adaed3e2ff,アイゼンファウスト天保忍者伝,,長谷川哲也;山田風太郎,2009,unknown,unknown,unknown,Library-only candidate; opaque workId=work-592efc68f5adaed3e2ff; identity is normalized official title + matched Rakuten author; origin and original format remain unknown.
candidate-595cf1b66258257c1daa,なかじまなかじま,,西炯子,2012,unknown,unknown,unknown,Library-only candidate; opaque workId=work-595cf1b66258257c1daa; identity is normalized official title + matched Rakuten author; origin and original format remain unknown.
candidate-595e4f93113111f5416a,僕はビートルズ,,かわぐちかいじ;藤井哲夫,2010,unknown,unknown,unknown,Library-only candidate; opaque workId=work-595e4f93113111f5416a; identity is normalized official title + matched Rakuten author; origin and original format remain unknown.
candidate-598b59b6153e22e56da2,エンゼルバンク,,三田紀房,2008,unknown,unknown,unknown,Library-only candidate; opaque workId=work-598b59b6153e22e56da2; identity is normalized official title + matched Rakuten author; origin and original format remain unknown.
candidate-59cf691b7487a62a4077,ぽちゃまに,,平間要,2012,unknown,unknown,unknown,Library-only candidate; opaque workId=work-59cf691b7487a62a4077; identity is normalized official title + matched Rakuten author; origin and original format remain unknown.
candidate-5a197c8c67ae395c17be,BABEL,,重松成美,2012,unknown,unknown,unknown,Library-only candidate; opaque workId=work-5a197c8c67ae395c17be; identity is normalized official title + matched Rakuten author; origin and original format remain unknown.
candidate-5a5b5d57acd7c35aebb0,真・異種格闘大戦,,相原コージ,2005,unknown,unknown,unknown,Library-only candidate; opaque workId=work-5a5b5d57acd7c35aebb0; identity is normalized official title + matched Rakuten author; origin and original format remain unknown.
candidate-5aa2f441d3b351430f31,俺様ティーチャー,,椿いづみ,2008,unknown,unknown,unknown,Library-only candidate; opaque workId=work-5aa2f441d3b351430f31; identity is normalized official title + matched Rakuten author; origin and original format remain unknown.
candidate-5ab1b890f441d79d8f2d,苺ましまろ,,ばらスィー,2003,unknown,unknown,unknown,Library-only candidate; opaque workId=work-5ab1b890f441d79d8f2d; identity is normalized official title + matched Rakuten author; origin and original format remain unknown.
candidate-5ac2e816cd96e6c5d795,ねこむすめ道草日記,,いけ,2008,unknown,unknown,unknown,Library-only candidate; opaque workId=work-5ac2e816cd96e6c5d795; identity is normalized official title + matched Rakuten author; origin and original format remain unknown.
candidate-5ad2d778cc989ba7fd2a,富士山さんは思春期,,オジロマコト,2013,unknown,unknown,unknown,Library-only candidate; opaque workId=work-5ad2d778cc989ba7fd2a; identity is normalized official title + matched Rakuten author; origin and original format remain unknown.
candidate-5ad62e6413f67d351f1d,天にひびき,,やまむらはじめ,2009,unknown,unknown,unknown,Library-only candidate; opaque workId=work-5ad62e6413f67d351f1d; identity is normalized official title + matched Rakuten author; origin and original format remain unknown.
candidate-5b2987a5b9f05de7769a,男どアホウ甲子園,,水島新司,1970,unknown,unknown,unknown,Library-only candidate; opaque workId=work-5b2987a5b9f05de7769a; identity is normalized official title + matched Rakuten author; origin and original format remain unknown.
candidate-5b4dc4e6e966436b2990,人形芝居,,高尾滋,,unknown,unknown,unknown,Library-only candidate; opaque workId=work-5b4dc4e6e966436b2990; identity is normalized official title + matched Rakuten author; origin and original format remain unknown.
candidate-5b63d3327587170a0e1e,愛気,,Isutoshi,2005,unknown,unknown,unknown,Library-only candidate; opaque workId=work-5b63d3327587170a0e1e; identity is normalized official title + matched Rakuten author; origin and original format remain unknown.
candidate-5b7cf2105a4bc6f6b46c,クジラの子らは砂上に歌う,,梅田阿比,2013,unknown,unknown,unknown,Library-only candidate; opaque workId=work-5b7cf2105a4bc6f6b46c; identity is normalized official title + matched Rakuten author; origin and original format remain unknown.
candidate-5b9a3ec60ac5fc90f444,魔法使いの嫁,,ヤマザキコレ,2013,unknown,unknown,unknown,Library-only candidate; opaque workId=work-5b9a3ec60ac5fc90f444; identity is normalized official title + matched Rakuten author; origin and original format remain unknown.
candidate-5baea1ce0e7e74df34b9,刻刻,,堀尾 省太,2009,unknown,unknown,unknown,Library-only candidate; opaque workId=work-5baea1ce0e7e74df34b9; identity is normalized official title + matched Rakuten author; origin and original format remain unknown.
candidate-5bb381c9a795df5c1413,うちの師匠はしっぽがない,,TNSK,2019,unknown,unknown,unknown,Library-only candidate; opaque workId=work-5bb381c9a795df5c1413; identity is normalized official title + matched Rakuten author; origin and original format remain unknown.
candidate-5bdc75180460ced2580e,境界のメロディ,,宮田 俊哉;杉基 イクラ;LAM,2025,unknown,unknown,unknown,Library-only candidate; opaque workId=work-5bdc75180460ced2580e; identity is normalized official title + matched Rakuten author; origin and original format remain unknown.
candidate-5c087d77d180e30fe3dd,恋せよまやかし天使ども,,卯月 ココ,2023,unknown,unknown,unknown,Library-only candidate; opaque workId=work-5c087d77d180e30fe3dd; identity is normalized official title + matched Rakuten author; origin and original format remain unknown.
candidate-5c6791284752dea2d661,吐息と稲妻,,谷川史子,,unknown,unknown,unknown,Library-only candidate; opaque workId=work-5c6791284752dea2d661; identity is normalized official title + matched Rakuten author; origin and original format remain unknown.
candidate-5ca6f1a04878978f9e5c,街角花だより,,こうの史代,,unknown,unknown,unknown,Library-only candidate; opaque workId=work-5ca6f1a04878978f9e5c; identity is normalized official title + matched Rakuten author; origin and original format remain unknown.
candidate-5cafd57db6b870a71a05,機動警察パトレイバー,,ゆうきまさみ,1988,unknown,unknown,unknown,Library-only candidate; opaque workId=work-5cafd57db6b870a71a05; identity is normalized official title + matched Rakuten author; origin and original format remain unknown.
candidate-5ce35f71e0a90cb8fd95,焼きたて!!ジャぱん,,橋口たかし,2002,unknown,unknown,unknown,Library-only candidate; opaque workId=work-5ce35f71e0a90cb8fd95; identity is normalized official title + matched Rakuten author; origin and original format remain unknown.
candidate-5cf2537c41f9ca296ae4,南国トムソーヤ,,うめ,2012,unknown,unknown,unknown,Library-only candidate; opaque workId=work-5cf2537c41f9ca296ae4; identity is normalized official title + matched Rakuten author; origin and original format remain unknown.
candidate-5d1d25fba80d0044182d,メンヘラちゃん,,琴葉とこ,2012,unknown,unknown,unknown,Library-only candidate; opaque workId=work-5d1d25fba80d0044182d; identity is normalized official title + matched Rakuten author; origin and original format remain unknown.
candidate-5d28fafc5980b72c39b6,からん,,木村紺,2008,unknown,unknown,unknown,Library-only candidate; opaque workId=work-5d28fafc5980b72c39b6; identity is normalized official title + matched Rakuten author; origin and original format remain unknown.
candidate-5d482661243e553d2716,漫画生物学,,手塚治虫,,unknown,unknown,unknown,Library-only candidate; opaque workId=work-5d482661243e553d2716; identity is normalized official title + matched Rakuten author; origin and original format remain unknown.
candidate-5d60aac40d8bd36bb83f,素敵な彼氏,,河原 和音,2016,unknown,unknown,unknown,Library-only candidate; opaque workId=work-5d60aac40d8bd36bb83f; identity is normalized official title + matched Rakuten author; origin and original format remain unknown.
candidate-5dd63a5243d0adbf8a60,どくだみの花咲くころ,,城戸 志保,2024,unknown,unknown,unknown,Library-only candidate; opaque workId=work-5dd63a5243d0adbf8a60; identity is normalized official title + matched Rakuten author; origin and original format remain unknown.
candidate-5de9dc2933f8395ad898,ＣＡＰＴＡＩＮアリス,,高田裕三,2009,unknown,unknown,unknown,Library-only candidate; opaque workId=work-5de9dc2933f8395ad898; identity is normalized official title + matched Rakuten author; origin and original format remain unknown.
candidate-5e20323e014d6d390aaf,あさひなぐ,,こざき 亜衣,2011,unknown,unknown,unknown,Library-only candidate; opaque workId=work-5e20323e014d6d390aaf; identity is normalized official title + matched Rakuten author; origin and original format remain unknown.
candidate-5e30ab3c7e3fb43e51f2,女王の花,,和泉かねよし,2008,unknown,unknown,unknown,Library-only candidate; opaque workId=work-5e30ab3c7e3fb43e51f2; identity is normalized official title + matched Rakuten author; origin and original format remain unknown.
candidate-5e604312a028cd1cd45c,大正ガールズエクスプレス,,日下直子,2011,unknown,unknown,unknown,Library-only candidate; opaque workId=work-5e604312a028cd1cd45c; identity is normalized official title + matched Rakuten author; origin and original format remain unknown.
candidate-5e7eef6cc23d9738e034,ゴールデンゴールド,,堀尾 省太,2015,unknown,unknown,unknown,Library-only candidate; opaque workId=work-5e7eef6cc23d9738e034; identity is normalized official title + matched Rakuten author; origin and original format remain unknown.
candidate-5e8f5ad0820e97153fd9,スプライト,,石川 優吾,2010,unknown,unknown,unknown,Library-only candidate; opaque workId=work-5e8f5ad0820e97153fd9; identity is normalized official title + matched Rakuten author; origin and original format remain unknown.
candidate-5eafe74dcfdc64fbe5f0,怪獣を解剖する,,サイトウ マド,2025,unknown,unknown,unknown,Library-only candidate; opaque workId=work-5eafe74dcfdc64fbe5f0; identity is normalized official title + matched Rakuten author; origin and original format remain unknown.
candidate-5eb4b8f96b08d6d91e3e,囚人リク,,瀬口忍,2011,unknown,unknown,unknown,Library-only candidate; opaque workId=work-5eb4b8f96b08d6d91e3e; identity is normalized official title + matched Rakuten author; origin and original format remain unknown.
candidate-5eb522c5a4b4f5cb052f,久保さんは僕を許さない,,雪森 寧々,2020,unknown,unknown,unknown,Library-only candidate; opaque workId=work-5eb522c5a4b4f5cb052f; identity is normalized official title + matched Rakuten author; origin and original format remain unknown.
candidate-5ebbc9bede841d2faf7b,高台家の人々,,森本梢子,2012,unknown,unknown,unknown,Library-only candidate; opaque workId=work-5ebbc9bede841d2faf7b; identity is normalized official title + matched Rakuten author; origin and original format remain unknown.
candidate-5efc931bb6240d9dc0ad,名探偵マーニー,,木々津克久,2012,unknown,unknown,unknown,Library-only candidate; opaque workId=work-5efc931bb6240d9dc0ad; identity is normalized official title + matched Rakuten author; origin and original format remain unknown.
candidate-5f23120a034be3aebbe7,孤食ロボット,,岩岡ヒサエ,2014,unknown,unknown,unknown,Library-only candidate; opaque workId=work-5f23120a034be3aebbe7; identity is normalized official title + matched Rakuten author; origin and original format remain unknown.
candidate-5f23f28d04aaeed489cc,ラジエーションハウス,,モリ タイシ;横幕 智裕,2016,unknown,unknown,unknown,Library-only candidate; opaque workId=work-5f23f28d04aaeed489cc; identity is normalized official title + matched Rakuten author; origin and original format remain unknown.
candidate-5f4e7613821fb55ebb37,ワイルドライフ,,藤崎聖人,2003,unknown,unknown,unknown,Library-only candidate; opaque workId=work-5f4e7613821fb55ebb37; identity is normalized official title + matched Rakuten author; origin and original format remain unknown.
candidate-5f888deab71daaa322dc,美しいこと,,橋本みつる,,unknown,unknown,unknown,Library-only candidate; opaque workId=work-5f888deab71daaa322dc; identity is normalized official title + matched Rakuten author; origin and original format remain unknown.
candidate-5fbe9161a398e544a4dc,たそがれたかこ,,入江 喜和,2014,unknown,unknown,unknown,Library-only candidate; opaque workId=work-5fbe9161a398e544a4dc; identity is normalized official title + matched Rakuten author; origin and original format remain unknown.
candidate-5fc6b29f8e4455352ccf,上野さんは不器用,,tugeneko,2016,unknown,unknown,unknown,Library-only candidate; opaque workId=work-5fc6b29f8e4455352ccf; identity is normalized official title + matched Rakuten author; origin and original format remain unknown.
candidate-6051ddc30fbd59c21ed3,パパがも一度恋をした,,阿部 潤,2010,unknown,unknown,unknown,Library-only candidate; opaque workId=work-6051ddc30fbd59c21ed3; identity is normalized official title + matched Rakuten author; origin and original format remain unknown.
candidate-6083dc87d385741c9e90,ドラゴン、家を買う。,,多貫カヲ;絢薔子,2017,unknown,unknown,unknown,Library-only candidate; opaque workId=work-6083dc87d385741c9e90; identity is normalized official title + matched Rakuten author; origin and original format remain unknown.
candidate-60f1c8ea2e940287be9d,薄命少女,,あらい・まりこ,,unknown,unknown,unknown,Library-only candidate; opaque workId=work-60f1c8ea2e940287be9d; identity is normalized official title + matched Rakuten author; origin and original format remain unknown.
candidate-612b36fefaba0783ebc9,デストロイアンドレボリューション,,森恒二,2011,unknown,unknown,unknown,Library-only candidate; opaque workId=work-612b36fefaba0783ebc9; identity is normalized official title + matched Rakuten author; origin and original format remain unknown.
candidate-61a5fe43e48685c3fcf5,健康で文化的な最低限度の生活,,柏木 ハルコ,2014,unknown,unknown,unknown,Library-only candidate; opaque workId=work-61a5fe43e48685c3fcf5; identity is normalized official title + matched Rakuten author; origin and original format remain unknown.
candidate-61f2b70ee9f8217b3604,銀の匙 Silver Spoon,,荒川 弘,2011,unknown,unknown,unknown,Library-only candidate; opaque workId=work-61f2b70ee9f8217b3604; identity is normalized official title + matched Rakuten author; origin and original format remain unknown.
candidate-621170c75f41c495f8c0,昭和元禄落語心中,,雲田はるこ,2010,unknown,unknown,completed,Matched existing Gold work showa-genroku-rakugo-shinju by normalized title/alias + creator overlap.
candidate-6211b89f08ade71fa522,ふしぎの国のバード,フシギノクニノバード,佐々大河,2015,unknown,unknown,ongoing,Matched existing Gold work isabella-bird-in-wonderland by normalized title/alias + creator overlap.
candidate-622381212123640cb5de,愛を喰らえ!!,,ルネッサンス吉田,,unknown,unknown,unknown,Library-only candidate; opaque workId=work-622381212123640cb5de; identity is normalized official title + matched Rakuten author; origin and original format remain unknown.
candidate-62289f61b425590d3f4e,殺風ガール,,真田 順子,,unknown,unknown,unknown,Library-only candidate; opaque workId=work-62289f61b425590d3f4e; identity is normalized official title + matched Rakuten author; origin and original format remain unknown.
candidate-62e51d8166d487f9e6e3,白暮のクロニクル,,ゆうき まさみ,2014,unknown,unknown,unknown,Library-only candidate; opaque workId=work-62e51d8166d487f9e6e3; identity is normalized official title + matched Rakuten author; origin and original format remain unknown.
candidate-62f4b10c360ed028992b,グッドナイト,,南Q太,2014,unknown,unknown,unknown,Library-only candidate; opaque workId=work-62f4b10c360ed028992b; identity is normalized official title + matched Rakuten author; origin and original format remain unknown.
candidate-62f95597704a67f68f85,東京都北区赤羽,,清野とおる,2009,unknown,unknown,unknown,Library-only candidate; opaque workId=work-62f95597704a67f68f85; identity is normalized official title + matched Rakuten author; origin and original format remain unknown.
candidate-62fb5d8e9f6c6bbbeba9,血潜り林檎と金魚鉢男,,阿部洋一,2011,unknown,unknown,unknown,Library-only candidate; opaque workId=work-62fb5d8e9f6c6bbbeba9; identity is normalized official title + matched Rakuten author; origin and original format remain unknown.
candidate-62fbc6b2253b895e3a66,俺物語！！,,アルコ;河原和音,2012,unknown,unknown,unknown,Library-only candidate; opaque workId=work-62fbc6b2253b895e3a66; identity is normalized official title + matched Rakuten author; origin and original format remain unknown.
candidate-6311314b8109a6669665,海月姫,,東村アキコ,2008,unknown,unknown,completed,Matched existing Gold work princess-jellyfish by normalized title/alias + creator overlap.
candidate-634f34830600e07d8f17,お茶にごす。,,西森 博之,2007,unknown,unknown,unknown,Library-only candidate; opaque workId=work-634f34830600e07d8f17; identity is normalized official title + matched Rakuten author; origin and original format remain unknown.
candidate-63a02701de53ec56aee7,好都合セミフレンド,,千種みのり,2023,unknown,unknown,unknown,Library-only candidate; opaque workId=work-63a02701de53ec56aee7; identity is normalized official title + matched Rakuten author; origin and original format remain unknown.
candidate-63b43386b6985d608eb8,ひきだしにテラリウム,,九井諒子,,unknown,unknown,unknown,Library-only candidate; opaque workId=work-63b43386b6985d608eb8; identity is normalized official title + matched Rakuten author; origin and original format remain unknown.
candidate-641e15c43d24c2481485,真人キエッタ,,鳥飼仁,2014,unknown,unknown,unknown,Library-only candidate; opaque workId=work-641e15c43d24c2481485; identity is normalized official title + matched Rakuten author; origin and original format remain unknown.
candidate-6420394c30e480d4e3e0,響〜小説家になる方法〜,,柳本光晴,2015,unknown,unknown,unknown,Library-only candidate; opaque workId=work-6420394c30e480d4e3e0; identity is normalized official title + matched Rakuten author; origin and original format remain unknown.
candidate-643cd4bcff411fdc670a,約束のネバーランド,ヤクソクノネバーランド,白井カイウ;出水ぽすか,2016,unknown,unknown,completed,Matched existing Gold work promised-neverland by normalized title/alias + creator overlap.
candidate-6492acae38103c762359,夜明けの図書館,,埜納タオ,2011,unknown,unknown,unknown,Library-only candidate; opaque workId=work-6492acae38103c762359; identity is normalized official title + matched Rakuten author; origin and original format remain unknown.
candidate-64ac5761360bf17bba45,さむわんへるつ,,ヤマノ エイ,2026,unknown,unknown,unknown,Library-only candidate; opaque workId=work-64ac5761360bf17bba45; identity is normalized official title + matched Rakuten author; origin and original format remain unknown.
candidate-64cd212285dac5214c5f,帝の至宝,,仲野えみこ,2009,unknown,unknown,unknown,Library-only candidate; opaque workId=work-64cd212285dac5214c5f; identity is normalized official title + matched Rakuten author; origin and original format remain unknown.
candidate-655809e0d43ec6109015,木曜日のフルット,,石黒正数,2010,unknown,unknown,unknown,Library-only candidate; opaque workId=work-655809e0d43ec6109015; identity is normalized official title + matched Rakuten author; origin and original format remain unknown.
candidate-65a0463696716c6f690c,家族ゲーム,,鈴城芹,2006,unknown,unknown,unknown,Library-only candidate; opaque workId=work-65a0463696716c6f690c; identity is normalized official title + matched Rakuten author; origin and original format remain unknown.
candidate-65c2c6157aa1dc8dd746,BEASTARS,,板垣 巴留,2017,unknown,unknown,unknown,Library-only candidate; opaque workId=work-65c2c6157aa1dc8dd746; identity is normalized official title + matched Rakuten author; origin and original format remain unknown.
candidate-65f856a6fa2078f21d2f,黒月のイェルクナハト,,スズモト コウ,2025,unknown,unknown,unknown,Library-only candidate; opaque workId=work-65f856a6fa2078f21d2f; identity is normalized official title + matched Rakuten author; origin and original format remain unknown.
candidate-66071f237c2e7c313a57,クロスゲーム,,あだち充,2005,unknown,unknown,unknown,Library-only candidate; opaque workId=work-66071f237c2e7c313a57; identity is normalized official title + matched Rakuten author; origin and original format remain unknown.
candidate-6647dd6573ec5b2f3252,リカってば!,,長谷川スズ,2006,unknown,unknown,unknown,Library-only candidate; opaque workId=work-6647dd6573ec5b2f3252; identity is normalized official title + matched Rakuten author; origin and original format remain unknown.
candidate-6680ea8aa4ec87ba2364,無邪気の楽園,,雨蘭,2012,unknown,unknown,unknown,Library-only candidate; opaque workId=work-6680ea8aa4ec87ba2364; identity is normalized official title + matched Rakuten author; origin and original format remain unknown.
candidate-6684d9f6258dfad423c9,スカイブルー,,小林大樹,2011,unknown,unknown,unknown,Library-only candidate; opaque workId=work-6684d9f6258dfad423c9; identity is normalized official title + matched Rakuten author; origin and original format remain unknown.
candidate-66a2488ed4f6bdd480e1,嘘喰い,,迫稔雄,2006,unknown,unknown,unknown,Library-only candidate; opaque workId=work-66a2488ed4f6bdd480e1; identity is normalized official title + matched Rakuten author; origin and original format remain unknown.
candidate-66d8e3f1756fcc9ce276,やめろ好きになってしまう,,もりぐち あきら,2025,unknown,unknown,unknown,Library-only candidate; opaque workId=work-66d8e3f1756fcc9ce276; identity is normalized official title + matched Rakuten author; origin and original format remain unknown.
candidate-671e3453cf9e1df2ee87,陽だまりの樹,,手塚治虫,1981,unknown,unknown,unknown,Library-only candidate; opaque workId=work-671e3453cf9e1df2ee87; identity is normalized official title + matched Rakuten author; origin and original format remain unknown.
candidate-672862529a341488245b,BUTTER！！！,,ヤマシタトモコ,2010,unknown,unknown,unknown,Library-only candidate; opaque workId=work-672862529a341488245b; identity is normalized official title + matched Rakuten author; origin and original format remain unknown.
candidate-6740092206a6dfce7ebb,ピコピコ少年,,押切蓮介,,unknown,unknown,unknown,Library-only candidate; opaque workId=work-6740092206a6dfce7ebb; identity is normalized official title + matched Rakuten author; origin and original format remain unknown.
candidate-676196eea071166d9ebb,すだちの魔王城,,森下 真,2022,unknown,unknown,unknown,Library-only candidate; opaque workId=work-676196eea071166d9ebb; identity is normalized official title + matched Rakuten author; origin and original format remain unknown.
candidate-67d56a79da3d9a178ec2,忍ペンまん丸,,いがらしみきお,1996,unknown,unknown,unknown,Library-only candidate; opaque workId=work-67d56a79da3d9a178ec2; identity is normalized official title + matched Rakuten author; origin and original format remain unknown.
candidate-67dedbae06b6f916aa5b,バカ姉弟,,安達 哲,2002,unknown,unknown,unknown,Library-only candidate; opaque workId=work-67dedbae06b6f916aa5b; identity is normalized official title + matched Rakuten author; origin and original format remain unknown.
candidate-680837b0db4ec9d2932c,トクサツガガガ,,丹羽庭,2014,unknown,unknown,unknown,Library-only candidate; opaque workId=work-680837b0db4ec9d2932c; identity is normalized official title + matched Rakuten author; origin and original format remain unknown.
candidate-688d64732ca3e8e89060,ばっどがーる,,肉丸,2022,unknown,unknown,unknown,Library-only candidate; opaque workId=work-688d64732ca3e8e89060; identity is normalized official title + matched Rakuten author; origin and original format remain unknown.
candidate-68d859ef39330accd090,鈴木さん,,ヤマダ,2012,unknown,unknown,unknown,Library-only candidate; opaque workId=work-68d859ef39330accd090; identity is normalized official title + matched Rakuten author; origin and original format remain unknown.
candidate-697868a39adc4b0467cb,BFF,,小花 オト,2025,unknown,unknown,unknown,Library-only candidate; opaque workId=work-697868a39adc4b0467cb; identity is normalized official title + matched Rakuten author; origin and original format remain unknown.
candidate-697d323a291ea56f732a,BLACK LAGOON,,広江礼威,2011,unknown,unknown,unknown,Library-only candidate; opaque workId=work-697d323a291ea56f732a; identity is normalized official title + matched Rakuten author; origin and original format remain unknown.
candidate-69956bdf9bad6ba947bc,バイオレンスアクション,,浅井 蓮次;沢田 新,2017,unknown,unknown,unknown,Library-only candidate; opaque workId=work-69956bdf9bad6ba947bc; identity is normalized official title + matched Rakuten author; origin and original format remain unknown.
candidate-69cbf6ddfccd6845e063,狂骨の夢,,京極 夏彦;志水 アキ,2011,unknown,unknown,unknown,Library-only candidate; opaque workId=work-69cbf6ddfccd6845e063; identity is normalized official title + matched Rakuten author; origin and original format remain unknown.
candidate-6a462d4dc8f82651c836,IDOROLL,,筒井大志,2014,unknown,unknown,unknown,Library-only candidate; opaque workId=work-6a462d4dc8f82651c836; identity is normalized official title + matched Rakuten author; origin and original format remain unknown.
candidate-6a547c7beec7d7a73dc6,宝石の国,ホウセキノクニ,市川春子,2012,unknown,unknown,completed,Matched existing Gold work land-of-the-lustrous by normalized title/alias + creator overlap.
candidate-6a9133c4ad0daf19f362,ポンコツちゃん検証中,,福地 翼,2019,unknown,unknown,unknown,Library-only candidate; opaque workId=work-6a9133c4ad0daf19f362; identity is normalized official title + matched Rakuten author; origin and original format remain unknown.
candidate-6aa0a2432c4e363cb75a,杖と剣のウィストリア,,大森 藤ノ;青井 聖,2021,unknown,unknown,unknown,Library-only candidate; opaque workId=work-6aa0a2432c4e363cb75a; identity is normalized official title + matched Rakuten author; origin and original format remain unknown.
candidate-6aca73a811d5d55bae1c,タタリ,,彌,2023,unknown,unknown,unknown,Library-only candidate; opaque workId=work-6aca73a811d5d55bae1c; identity is normalized official title + matched Rakuten author; origin and original format remain unknown.
candidate-6ace1179feff7f17f357,うどんの国の金色毛鞠,,篠丸のどか,2012,unknown,unknown,unknown,Library-only candidate; opaque workId=work-6ace1179feff7f17f357; identity is normalized official title + matched Rakuten author; origin and original format remain unknown.
candidate-6ae8e5141f75a8df7781,花にけだもの,,杉山美和子,2010,unknown,unknown,unknown,Library-only candidate; opaque workId=work-6ae8e5141f75a8df7781; identity is normalized official title + matched Rakuten author; origin and original format remain unknown.
candidate-6b321bd2b9009a808456,てだれもんら,,中野 シズカ,2019,unknown,unknown,unknown,Library-only candidate; opaque workId=work-6b321bd2b9009a808456; identity is normalized official title + matched Rakuten author; origin and original format remain unknown.
candidate-6b8424158349822ebb55,人外CPかたろぐ。,,笹木 あおこ,2017,unknown,unknown,unknown,Library-only candidate; opaque workId=work-6b8424158349822ebb55; identity is normalized official title + matched Rakuten author; origin and original format remain unknown.
candidate-6bbe7e275d0c00809904,エリア５１,,久正人,2011,unknown,unknown,unknown,Library-only candidate; opaque workId=work-6bbe7e275d0c00809904; identity is normalized official title + matched Rakuten author; origin and original format remain unknown.
candidate-6c0700871e68b0a82ae3,おひっこし？,,山田ユギ,,unknown,unknown,unknown,Library-only candidate; opaque workId=work-6c0700871e68b0a82ae3; identity is normalized official title + matched Rakuten author; origin and original format remain unknown.
candidate-6c274b0b6893d8ad8ef7,イムリ,,三宅乱丈,2007,unknown,unknown,unknown,Library-only candidate; opaque workId=work-6c274b0b6893d8ad8ef7; identity is normalized official title + matched Rakuten author; origin and original format remain unknown.
candidate-6c4d17a533923de58e6a,ちひろさん,,安田弘之,2014,unknown,unknown,unknown,Library-only candidate; opaque workId=work-6c4d17a533923de58e6a; identity is normalized official title + matched Rakuten author; origin and original format remain unknown.
candidate-6c4fa1811e7a536260d6,惑星9の休日,,町田洋,,unknown,unknown,unknown,Library-only candidate; opaque workId=work-6c4fa1811e7a536260d6; identity is normalized official title + matched Rakuten author; origin and original format remain unknown.
candidate-6c6341781c12b590864f,鉄楽レトラ,,佐原 ミズ,2011,unknown,unknown,unknown,Library-only candidate; opaque workId=work-6c6341781c12b590864f; identity is normalized official title + matched Rakuten author; origin and original format remain unknown.
candidate-6cc5a5a8e78e48e6146b,リバーサイド・ネイキッドブレッド,,有間しのぶ,,unknown,unknown,unknown,Library-only candidate; opaque workId=work-6cc5a5a8e78e48e6146b; identity is normalized official title + matched Rakuten author; origin and original format remain unknown.
candidate-6cd2abbf72d8429fbe2e,ヒラエスは旅路の果て,,鎌谷 悠希,2021,unknown,unknown,unknown,Library-only candidate; opaque workId=work-6cd2abbf72d8429fbe2e; identity is normalized official title + matched Rakuten author; origin and original format remain unknown.
candidate-6d01004d74b7b51a058d,ダシマスター,,松枝尚嗣;早川光,2010,unknown,unknown,unknown,Library-only candidate; opaque workId=work-6d01004d74b7b51a058d; identity is normalized official title + matched Rakuten author; origin and original format remain unknown.
candidate-6de564a546b8bdf411b9,ひみこい,,ろびこ,2008,unknown,unknown,unknown,Library-only candidate; opaque workId=work-6de564a546b8bdf411b9; identity is normalized official title + matched Rakuten author; origin and original format remain unknown.
candidate-6deaf9311f0e9bb0c077,兄さんと僕,,西炯子,,unknown,unknown,unknown,Library-only candidate; opaque workId=work-6deaf9311f0e9bb0c077; identity is normalized official title + matched Rakuten author; origin and original format remain unknown.
candidate-6e250c729c6fa1bcdc02,疑似ハーレム,,斉藤 ゆう,2019,unknown,unknown,unknown,Library-only candidate; opaque workId=work-6e250c729c6fa1bcdc02; identity is normalized official title + matched Rakuten author; origin and original format remain unknown.
candidate-6e3dde80b35cc4836296,願いのアストロ,,和久井 健,2024,unknown,unknown,unknown,Library-only candidate; opaque workId=work-6e3dde80b35cc4836296; identity is normalized official title + matched Rakuten author; origin and original format remain unknown.
candidate-6e3e033ba6c1bdffe565,ひばりの朝,,ヤマシタトモコ,2012,unknown,unknown,unknown,Library-only candidate; opaque workId=work-6e3e033ba6c1bdffe565; identity is normalized official title + matched Rakuten author; origin and original format remain unknown.
candidate-6e6a9db48983aac5dc62,クプルムの花嫁,,namo,2021,unknown,unknown,unknown,Library-only candidate; opaque workId=work-6e6a9db48983aac5dc62; identity is normalized official title + matched Rakuten author; origin and original format remain unknown.
candidate-6f6aca43ab3d6d0d8bc4,ラブ・ミー・ぽんぽこ！,,赤瓦もどむ,2019,unknown,unknown,unknown,Library-only candidate; opaque workId=work-6f6aca43ab3d6d0d8bc4; identity is normalized official title + matched Rakuten author; origin and original format remain unknown.
candidate-6f7d6db34f5c70f3d2a7,地上はポケットの中の庭,,田中相,,unknown,unknown,unknown,Library-only candidate; opaque workId=work-6f7d6db34f5c70f3d2a7; identity is normalized official title + matched Rakuten author; origin and original format remain unknown.
candidate-6f849a8e785deee3d5dc,怪物事変,,藍本 松,2016,unknown,unknown,unknown,Library-only candidate; opaque workId=work-6f849a8e785deee3d5dc; identity is normalized official title + matched Rakuten author; origin and original format remain unknown.
candidate-6fa158bf21c1a2e92b09,青みゆく雪,,宇仁田ゆみ,2011,unknown,unknown,unknown,Library-only candidate; opaque workId=work-6fa158bf21c1a2e92b09; identity is normalized official title + matched Rakuten author; origin and original format remain unknown.
candidate-6fc940c8e254550c8f98,ヴァニタスの手記,,望月淳,2016,unknown,unknown,unknown,Library-only candidate; opaque workId=work-6fc940c8e254550c8f98; identity is normalized official title + matched Rakuten author; origin and original format remain unknown.
candidate-6ff41232cf163c16653b,社長と酒と星,,ずり騎士,2025,unknown,unknown,unknown,Library-only candidate; opaque workId=work-6ff41232cf163c16653b; identity is normalized official title + matched Rakuten author; origin and original format remain unknown.
candidate-7086ab99dd139f0ea353,東京タラレバ娘,,東村アキコ,2014,unknown,unknown,completed,Matched existing Gold work tokyo-tarareba-girls by normalized title/alias + creator overlap.
candidate-7094c349d7bbcc40129b,同人王,,牛帝,,unknown,unknown,unknown,Library-only candidate; opaque workId=work-7094c349d7bbcc40129b; identity is normalized official title + matched Rakuten author; origin and original format remain unknown.
candidate-709876566e7697dc53e9,僕だけがいない街,ボクダケガイナイマチ,三部けい,2012,unknown,unknown,completed,Matched existing Gold work erased by normalized title/alias + creator overlap.
candidate-70d0fe9965dc9cb5e5c6,12歳。,,まいた 菜穂,,unknown,unknown,unknown,Library-only candidate; opaque workId=work-70d0fe9965dc9cb5e5c6; identity is normalized official title + matched Rakuten author; origin and original format remain unknown.
candidate-70d47c2956fa70767164,有害無罪玩具,,詩野 うら,,unknown,unknown,unknown,Library-only candidate; opaque workId=work-70d47c2956fa70767164; identity is normalized official title + matched Rakuten author; origin and original format remain unknown.
candidate-70dbc5b693fc3fccbb6b,カイタン,,木崎拓史,2010,unknown,unknown,unknown,Library-only candidate; opaque workId=work-70dbc5b693fc3fccbb6b; identity is normalized official title + matched Rakuten author; origin and original format remain unknown.
candidate-71527cb7fe3f42ef36ca,絶叫学級,,いしかわえみ,2009,unknown,unknown,unknown,Library-only candidate; opaque workId=work-71527cb7fe3f42ef36ca; identity is normalized official title + matched Rakuten author; origin and original format remain unknown.
candidate-715f201d0df3b3a6805e,SOUL CATCHER(S),,神海英雄,2013,unknown,unknown,unknown,Library-only candidate; opaque workId=work-715f201d0df3b3a6805e; identity is normalized official title + matched Rakuten author; origin and original format remain unknown.
candidate-716101e001160197c4f5,吸血鬼ちゃん×後輩ちゃん,,嵩乃朔,2017,unknown,unknown,unknown,Library-only candidate; opaque workId=work-716101e001160197c4f5; identity is normalized official title + matched Rakuten author; origin and original format remain unknown.
candidate-719e76feacfde2877323,ふたりバス,,豊林 サカネ,2026,unknown,unknown,unknown,Library-only candidate; opaque workId=work-719e76feacfde2877323; identity is normalized official title + matched Rakuten author; origin and original format remain unknown.
candidate-71e824df2e6bc2125294,SAKAMOTO DAYS,,鈴木 祐斗,2020,unknown,unknown,unknown,Library-only candidate; opaque workId=work-71e824df2e6bc2125294; identity is normalized official title + matched Rakuten author; origin and original format remain unknown.
candidate-722055953f15b0130549,苺田さんの話,,小沢真理,2007,unknown,unknown,unknown,Library-only candidate; opaque workId=work-722055953f15b0130549; identity is normalized official title + matched Rakuten author; origin and original format remain unknown.
candidate-722251ce58a03d2b6985,極主夫道,,おおの こうすけ,2018,unknown,unknown,unknown,Library-only candidate; opaque workId=work-722251ce58a03d2b6985; identity is normalized official title + matched Rakuten author; origin and original format remain unknown.
candidate-723a9fd1a730426c54a2,オハナホロホロ,,鳥野しの,2010,unknown,unknown,unknown,Library-only candidate; opaque workId=work-723a9fd1a730426c54a2; identity is normalized official title + matched Rakuten author; origin and original format remain unknown.
candidate-724c064d491faf4c7414,もやしもん,,石川 雅之,2005,unknown,unknown,unknown,Library-only candidate; opaque workId=work-724c064d491faf4c7414; identity is normalized official title + matched Rakuten author; origin and original format remain unknown.
candidate-7263fe749c8d032e8cf1,風の大地,,坂田 信弘;かざま 鋭二,1991,unknown,unknown,unknown,Library-only candidate; opaque workId=work-7263fe749c8d032e8cf1; identity is normalized official title + matched Rakuten author; origin and original format remain unknown.
candidate-727144f46f24235acecb,まつのべっ！,,秋吉由美子,2008,unknown,unknown,unknown,Library-only candidate; opaque workId=work-727144f46f24235acecb; identity is normalized official title + matched Rakuten author; origin and original format remain unknown.
candidate-7281d838666983756309,ワールドトリガー,,葦原大介,2013,unknown,unknown,unknown,Library-only candidate; opaque workId=work-7281d838666983756309; identity is normalized official title + matched Rakuten author; origin and original format remain unknown.
candidate-72ee6d2155cd15987b6f,恋は光,,秋★枝,2014,unknown,unknown,unknown,Library-only candidate; opaque workId=work-72ee6d2155cd15987b6f; identity is normalized official title + matched Rakuten author; origin and original format remain unknown.
candidate-7388660960b377e34e9c,天顕祭,,白井弓子,,unknown,unknown,unknown,Library-only candidate; opaque workId=work-7388660960b377e34e9c; identity is normalized official title + matched Rakuten author; origin and original format remain unknown.
candidate-741deb03d9f59e723929,ルックバック,,藤本 タツキ,,unknown,unknown,unknown,Library-only candidate; opaque workId=work-741deb03d9f59e723929; identity is normalized official title + matched Rakuten author; origin and original format remain unknown.
candidate-7461bbfdb466b4a51c7f,花唄メモワール,,一ノ瀬けい,2023,unknown,unknown,unknown,Library-only candidate; opaque workId=work-7461bbfdb466b4a51c7f; identity is normalized official title + matched Rakuten author; origin and original format remain unknown.
candidate-74881f1156adcc713e23,惚れたはれたパンダ,,蟹沢 ちひろ,2026,unknown,unknown,unknown,Library-only candidate; opaque workId=work-74881f1156adcc713e23; identity is normalized official title + matched Rakuten author; origin and original format remain unknown.
candidate-749da01d790325d81198,成程,,平方イコルスン,,unknown,unknown,unknown,Library-only candidate; opaque workId=work-749da01d790325d81198; identity is normalized official title + matched Rakuten author; origin and original format remain unknown.
candidate-74c058bfce839d93e3c5,東京アリス,,稚野鳥子,2006,unknown,unknown,unknown,Library-only candidate; opaque workId=work-74c058bfce839d93e3c5; identity is normalized official title + matched Rakuten author; origin and original format remain unknown.
candidate-75114a2ee2082b4f4630,パリピ孔明,,四葉 夕卜;小川 亮,2020,unknown,unknown,unknown,Library-only candidate; opaque workId=work-75114a2ee2082b4f4630; identity is normalized official title + matched Rakuten author; origin and original format remain unknown.
candidate-752c8a8fb14b16459c3d,つるた部長はいつも寝不足,,須河篤志,2010,unknown,unknown,unknown,Library-only candidate; opaque workId=work-752c8a8fb14b16459c3d; identity is normalized official title + matched Rakuten author; origin and original format remain unknown.
candidate-7568cab93fa9a9a409d1,ミス・ポピーシードのメルヘン横丁,,山本ルンルン,2007,unknown,unknown,unknown,Library-only candidate; opaque workId=work-7568cab93fa9a9a409d1; identity is normalized official title + matched Rakuten author; origin and original format remain unknown.
candidate-75bb4a5e2f04f1291971,ナナとカオル,,甘詰留太,2008,unknown,unknown,unknown,Library-only candidate; opaque workId=work-75bb4a5e2f04f1291971; identity is normalized official title + matched Rakuten author; origin and original format remain unknown.
candidate-75d52ca8274d4d075969,めしにしましょう,,小林 銅蟲,2016,unknown,unknown,unknown,Library-only candidate; opaque workId=work-75d52ca8274d4d075969; identity is normalized official title + matched Rakuten author; origin and original format remain unknown.
candidate-761965451844ecb440fb,変身のニュース,,宮崎 夏次系,,unknown,unknown,unknown,Library-only candidate; opaque workId=work-761965451844ecb440fb; identity is normalized official title + matched Rakuten author; origin and original format remain unknown.
candidate-763968e43f6661d8b5d3,琥珀の夢で酔いましょう,,村野真朱;依田温,2019,unknown,unknown,unknown,Library-only candidate; opaque workId=work-763968e43f6661d8b5d3; identity is normalized official title + matched Rakuten author; origin and original format remain unknown.
candidate-763a400656f1c7d54eea,レジスタ！,,藤丸,2025,unknown,unknown,unknown,Library-only candidate; opaque workId=work-763a400656f1c7d54eea; identity is normalized official title + matched Rakuten author; origin and original format remain unknown.
candidate-766eecbba2c9ed11ecd1,モディリアーニにお願い,,相澤 いくえ,2016,unknown,unknown,unknown,Library-only candidate; opaque workId=work-766eecbba2c9ed11ecd1; identity is normalized official title + matched Rakuten author; origin and original format remain unknown.
candidate-769cfa7c526dbfd782d5,電波の城,,細野 不二彦,2006,unknown,unknown,unknown,Library-only candidate; opaque workId=work-769cfa7c526dbfd782d5; identity is normalized official title + matched Rakuten author; origin and original format remain unknown.
candidate-76bfd43f9fd555685806,もっけ,,熊倉隆敏,2002,unknown,unknown,unknown,Library-only candidate; opaque workId=work-76bfd43f9fd555685806; identity is normalized official title + matched Rakuten author; origin and original format remain unknown.
candidate-76c038b398f4b28b7748,妖しのセレス,,渡瀬悠宇,1996,unknown,unknown,unknown,Library-only candidate; opaque workId=work-76c038b398f4b28b7748; identity is normalized official title + matched Rakuten author; origin and original format remain unknown.
candidate-76d784dfb643d9c9a334,釣って食べたいギャル澤さん,,ふなつ かずき,2024,unknown,unknown,unknown,Library-only candidate; opaque workId=work-76d784dfb643d9c9a334; identity is normalized official title + matched Rakuten author; origin and original format remain unknown.
candidate-77008e04537e3fd889e2,ジョジョリオン,,荒木飛呂彦,2011,unknown,unknown,unknown,Library-only candidate; opaque workId=work-77008e04537e3fd889e2; identity is normalized official title + matched Rakuten author; origin and original format remain unknown.
candidate-7730845c9cf7ba0cccc8,君と宇宙を歩くために,,泥ノ田 犬彦,2023,unknown,unknown,unknown,Library-only candidate; opaque workId=work-7730845c9cf7ba0cccc8; identity is normalized official title + matched Rakuten author; origin and original format remain unknown.
candidate-77aecd2b33b956f62334,ワンダフルライフ？,,ケイケイ,2007,unknown,unknown,unknown,Library-only candidate; opaque workId=work-77aecd2b33b956f62334; identity is normalized official title + matched Rakuten author; origin and original format remain unknown.
candidate-7819d66a9d4fe8ec5a8b,おしえて執事くん,,眞生 みち,2025,unknown,unknown,unknown,Library-only candidate; opaque workId=work-7819d66a9d4fe8ec5a8b; identity is normalized official title + matched Rakuten author; origin and original format remain unknown.
candidate-7868798a4cb2b0d155ce,ゆりあ先生の赤い糸,,入江 喜和,2018,unknown,unknown,unknown,Library-only candidate; opaque workId=work-7868798a4cb2b0d155ce; identity is normalized official title + matched Rakuten author; origin and original format remain unknown.
candidate-7883b4538b78eb87fffb,独身OLのすべて,,まずりん,2014,unknown,unknown,unknown,Library-only candidate; opaque workId=work-7883b4538b78eb87fffb; identity is normalized official title + matched Rakuten author; origin and original format remain unknown.
candidate-78ca5a89590ad691bb34,おもいで金平糖,,持田 あき,2010,unknown,unknown,unknown,Library-only candidate; opaque workId=work-78ca5a89590ad691bb34; identity is normalized official title + matched Rakuten author; origin and original format remain unknown.
candidate-78d44d381562e37dd94a,きょうは会社休みます。,,藤村真理,2012,unknown,unknown,unknown,Library-only candidate; opaque workId=work-78d44d381562e37dd94a; identity is normalized official title + matched Rakuten author; origin and original format remain unknown.
candidate-7926c93b4fef38dd0704,運命の巻戻士,,木村 風太,2022,unknown,unknown,unknown,Library-only candidate; opaque workId=work-7926c93b4fef38dd0704; identity is normalized official title + matched Rakuten author; origin and original format remain unknown.
candidate-794131c03d38fa490b5d,夢見る古都,,星野リリィ,2008,unknown,unknown,unknown,Library-only candidate; opaque workId=work-794131c03d38fa490b5d; identity is normalized official title + matched Rakuten author; origin and original format remain unknown.
candidate-79420552f3fa0a01ad71,鋼の錬金術師,ハガネノレンキンジュツシ,荒川弘,2001,unknown,unknown,completed,Matched existing Gold work fullmetal-alchemist by normalized title/alias + creator overlap.
candidate-7975d62582a89492a35f,図書館の大魔術師,,泉 光,2017,unknown,unknown,unknown,Library-only candidate; opaque workId=work-7975d62582a89492a35f; identity is normalized official title + matched Rakuten author; origin and original format remain unknown.
candidate-797fadfff1809c298569,春行きバス,,宇佐美真紀,2006,unknown,unknown,unknown,Library-only candidate; opaque workId=work-797fadfff1809c298569; identity is normalized official title + matched Rakuten author; origin and original format remain unknown.
candidate-79bbd0d83c00b2d58a79,ちょこらん,,にしがきひろゆき,2009,unknown,unknown,unknown,Library-only candidate; opaque workId=work-79bbd0d83c00b2d58a79; identity is normalized official title + matched Rakuten author; origin and original format remain unknown.
candidate-79c18b26dfde8a532f73,デストロ２４６,,高橋 慶太郎,2012,unknown,unknown,unknown,Library-only candidate; opaque workId=work-79c18b26dfde8a532f73; identity is normalized official title + matched Rakuten author; origin and original format remain unknown.
candidate-79c9e81996a79ca53187,六畳一間の魔女ライフ,,秋タカ,2020,unknown,unknown,unknown,Library-only candidate; opaque workId=work-79c9e81996a79ca53187; identity is normalized official title + matched Rakuten author; origin and original format remain unknown.
candidate-7a260e9a539643caf362,腐女子っス！,,御徒町 鳩,2008,unknown,unknown,unknown,Library-only candidate; opaque workId=work-7a260e9a539643caf362; identity is normalized official title + matched Rakuten author; origin and original format remain unknown.
candidate-7a4e7ba45413e1b8af34,青空エール,,河原和音,2008,unknown,unknown,unknown,Library-only candidate; opaque workId=work-7a4e7ba45413e1b8af34; identity is normalized official title + matched Rakuten author; origin and original format remain unknown.
candidate-7a9de6fd58fbd19aed74,AGRAVITY BOYS,,中村 充志,2020,unknown,unknown,unknown,Library-only candidate; opaque workId=work-7a9de6fd58fbd19aed74; identity is normalized official title + matched Rakuten author; origin and original format remain unknown.
candidate-7aa23df2c051d68240fb,人の余命で青春するな,,福山 リョウコ,2024,unknown,unknown,unknown,Library-only candidate; opaque workId=work-7aa23df2c051d68240fb; identity is normalized official title + matched Rakuten author; origin and original format remain unknown.
candidate-7abb6e8396c5e1252173,甘々と稲妻,,雨隠ギド,2013,unknown,unknown,unknown,Library-only candidate; opaque workId=work-7abb6e8396c5e1252173; identity is normalized official title + matched Rakuten author; origin and original format remain unknown.
candidate-7ae0ebf353e9ca1d67e2,殿といっしょ,,大羽快,2007,unknown,unknown,unknown,Library-only candidate; opaque workId=work-7ae0ebf353e9ca1d67e2; identity is normalized official title + matched Rakuten author; origin and original format remain unknown.
candidate-7afe8d2121f4b37e2bee,繕い裁つ人,,池辺葵,2011,unknown,unknown,unknown,Library-only candidate; opaque workId=work-7afe8d2121f4b37e2bee; identity is normalized official title + matched Rakuten author; origin and original format remain unknown.
candidate-7b197bf350436d626b4b,ちくたくぼんぼん,,勝田文,2009,unknown,unknown,unknown,Library-only candidate; opaque workId=work-7b197bf350436d626b4b; identity is normalized official title + matched Rakuten author; origin and original format remain unknown.
candidate-7b1d0ad37dd2fb2a8045,BLUE GIANT,ブルージャイアント,石塚真一,2013,unknown,unknown,completed,Matched existing Gold work blue-giant by normalized title/alias + creator overlap.
candidate-7b22b7a877f8e8baa98e,モノノケソウルフード,,神崎 タタミ,2019,unknown,unknown,unknown,Library-only candidate; opaque workId=work-7b22b7a877f8e8baa98e; identity is normalized official title + matched Rakuten author; origin and original format remain unknown.
candidate-7b585d506d99db4d83cb,７０億の針,,多田乃伸明,2008,unknown,unknown,unknown,Library-only candidate; opaque workId=work-7b585d506d99db4d83cb; identity is normalized official title + matched Rakuten author; origin and original format remain unknown.
candidate-7b68ef4142fd6b797629,ダメな私に恋してください,,中原アヤ,2013,unknown,unknown,unknown,Library-only candidate; opaque workId=work-7b68ef4142fd6b797629; identity is normalized official title + matched Rakuten author; origin and original format remain unknown.
candidate-7b6eb2b48ac06ffa26eb,夢の雫、黄金の鳥籠,,篠原 千絵,2011,unknown,unknown,unknown,Library-only candidate; opaque workId=work-7b6eb2b48ac06ffa26eb; identity is normalized official title + matched Rakuten author; origin and original format remain unknown.
candidate-7b903ecc2ff94b465cf9,ブスに花束を。,,作楽 ロク,2016,unknown,unknown,unknown,Library-only candidate; opaque workId=work-7b903ecc2ff94b465cf9; identity is normalized official title + matched Rakuten author; origin and original format remain unknown.
candidate-7bb576492f3b9329e6ee,創世のタイガ,,森 恒二,2017,unknown,unknown,unknown,Library-only candidate; opaque workId=work-7bb576492f3b9329e6ee; identity is normalized official title + matched Rakuten author; origin and original format remain unknown.
candidate-7bc312490676870399a5,前略・ミルクハウス,,川原由美子,1983,unknown,unknown,unknown,Library-only candidate; opaque workId=work-7bc312490676870399a5; identity is normalized official title + matched Rakuten author; origin and original format remain unknown.
candidate-7bc72d4f5ffcc9630504,ＫＡＴＡＮＡ,,かまたきみこ,2006,unknown,unknown,unknown,Library-only candidate; opaque workId=work-7bc72d4f5ffcc9630504; identity is normalized official title + matched Rakuten author; origin and original format remain unknown.
candidate-7bd1f7da470021b08956,パティスリーMON,,きら,2006,unknown,unknown,unknown,Library-only candidate; opaque workId=work-7bd1f7da470021b08956; identity is normalized official title + matched Rakuten author; origin and original format remain unknown.
candidate-7c5bcbd3edfb1772b18c,31歳BLマンガ家が婚活するとこうなる,,御手洗直子,,unknown,unknown,unknown,Library-only candidate; opaque workId=work-7c5bcbd3edfb1772b18c; identity is normalized official title + matched Rakuten author; origin and original format remain unknown.
candidate-7c638f30f715d60969ae,ぜんぶ壊して地獄で愛して,,くわばら たもつ,2023,unknown,unknown,unknown,Library-only candidate; opaque workId=work-7c638f30f715d60969ae; identity is normalized official title + matched Rakuten author; origin and original format remain unknown.
candidate-7c72ec74e8e6d188177a,最近雇ったメイドが怪しい,,昆布わかめ,2020,unknown,unknown,unknown,Library-only candidate; opaque workId=work-7c72ec74e8e6d188177a; identity is normalized official title + matched Rakuten author; origin and original format remain unknown.
candidate-7c8931bc010e2f28f7ec,夢中さ、きみに。,,和山 やま,,unknown,unknown,unknown,Library-only candidate; opaque workId=work-7c8931bc010e2f28f7ec; identity is normalized official title + matched Rakuten author; origin and original format remain unknown.
candidate-7c9fcfd8776115f6154c,となりの８０１ちゃん,,仁;小島アジコ,2008,unknown,unknown,unknown,Library-only candidate; opaque workId=work-7c9fcfd8776115f6154c; identity is normalized official title + matched Rakuten author; origin and original format remain unknown.
candidate-7ca6955ae7fb52cbaaae,SCATTER,,新井英樹,2010,unknown,unknown,unknown,Library-only candidate; opaque workId=work-7ca6955ae7fb52cbaaae; identity is normalized official title + matched Rakuten author; origin and original format remain unknown.
candidate-7cdb366e7d6858c2f244,かしこくて勇気ある子ども,,山本美希,,unknown,unknown,unknown,Library-only candidate; opaque workId=work-7cdb366e7d6858c2f244; identity is normalized official title + matched Rakuten author; origin and original format remain unknown.
candidate-7cf559b22e6d36a4c8b3,ムカンノテイオー,,玉置一平,2007,unknown,unknown,unknown,Library-only candidate; opaque workId=work-7cf559b22e6d36a4c8b3; identity is normalized official title + matched Rakuten author; origin and original format remain unknown.
candidate-7d259c925286a9f91310,聖☆おにいさん,,中村 光,2006,unknown,unknown,unknown,Library-only candidate; opaque workId=work-7d259c925286a9f91310; identity is normalized official title + matched Rakuten author; origin and original format remain unknown.
candidate-7d40d89092e9e0ee4973,パレス・メイヂ,,久世番子,2013,unknown,unknown,unknown,Library-only candidate; opaque workId=work-7d40d89092e9e0ee4973; identity is normalized official title + matched Rakuten author; origin and original format remain unknown.
candidate-7d4568dcc8e9175d35ba,異世界おじさん,,殆ど死んでいる,2018,unknown,unknown,unknown,Library-only candidate; opaque workId=work-7d4568dcc8e9175d35ba; identity is normalized official title + matched Rakuten author; origin and original format remain unknown.
candidate-7d4713147b1de577d668,出禁のモグラ,,江口 夏実,2021,unknown,unknown,unknown,Library-only candidate; opaque workId=work-7d4713147b1de577d668; identity is normalized official title + matched Rakuten author; origin and original format remain unknown.
candidate-7d4917f6ae6ac8be16c0,特攻の島,,佐藤秀峰,2006,unknown,unknown,unknown,Library-only candidate; opaque workId=work-7d4917f6ae6ac8be16c0; identity is normalized official title + matched Rakuten author; origin and original format remain unknown.
candidate-7db69a2d438752c429cc,真コール！,,藤田和子,,unknown,unknown,unknown,Library-only candidate; opaque workId=work-7db69a2d438752c429cc; identity is normalized official title + matched Rakuten author; origin and original format remain unknown.
candidate-7df6bbafa7bdb01b0622,薔薇王の葬列,,菅野文,2013,unknown,unknown,completed,Matched existing Gold work requiem-of-the-rose-king by normalized title/alias + creator overlap.
candidate-7e0e632e10e28480f1d6,まちカドまぞく,,伊藤いづも,2015,unknown,unknown,unknown,Library-only candidate; opaque workId=work-7e0e632e10e28480f1d6; identity is normalized official title + matched Rakuten author; origin and original format remain unknown.
candidate-7e1f2df06bb18b2015ad,ギャラクシー銀座,,長尾 謙一郎,,unknown,unknown,unknown,Library-only candidate; opaque workId=work-7e1f2df06bb18b2015ad; identity is normalized official title + matched Rakuten author; origin and original format remain unknown.
candidate-7e4e16a2a053e095c90f,ドリーム☆ジャンボ☆ガール,,ヒロユキ,2025,unknown,unknown,unknown,Library-only candidate; opaque workId=work-7e4e16a2a053e095c90f; identity is normalized official title + matched Rakuten author; origin and original format remain unknown.
candidate-7e667fcf9c44138386d7,とりかえ・ばや,,さいとう ちほ,2013,unknown,unknown,unknown,Library-only candidate; opaque workId=work-7e667fcf9c44138386d7; identity is normalized official title + matched Rakuten author; origin and original format remain unknown.
candidate-7e72bc605eebca48aa3d,四谷区花園町,,高浜寛,,unknown,unknown,unknown,Library-only candidate; opaque workId=work-7e72bc605eebca48aa3d; identity is normalized official title + matched Rakuten author; origin and original format remain unknown.
candidate-7ec5c82be5c9a60ef16d,魔男のイチ,,宇佐崎 しろ;西 修,2025,unknown,unknown,unknown,Library-only candidate; opaque workId=work-7ec5c82be5c9a60ef16d; identity is normalized official title + matched Rakuten author; origin and original format remain unknown.
candidate-7f0f63c5d80083f2be7f,思い、思われ、ふり、ふられ,,咲坂 伊緒,2015,unknown,unknown,unknown,Library-only candidate; opaque workId=work-7f0f63c5d80083f2be7f; identity is normalized official title + matched Rakuten author; origin and original format remain unknown.
candidate-7f27142cfed178db5059,アキンボー,,下吉田本郷,2013,unknown,unknown,unknown,Library-only candidate; opaque workId=work-7f27142cfed178db5059; identity is normalized official title + matched Rakuten author; origin and original format remain unknown.
candidate-7f4aa427ab301afccc53,ぢごぷり,,木尾士目,2009,unknown,unknown,unknown,Library-only candidate; opaque workId=work-7f4aa427ab301afccc53; identity is normalized official title + matched Rakuten author; origin and original format remain unknown.
candidate-7f8a1d182035e7fa9b48,ぽんこつポン子,,矢寺 圭太,2019,unknown,unknown,unknown,Library-only candidate; opaque workId=work-7f8a1d182035e7fa9b48; identity is normalized official title + matched Rakuten author; origin and original format remain unknown.
candidate-7f8d584b383ab15f1422,ナチュン,,都留泰作,2007,unknown,unknown,unknown,Library-only candidate; opaque workId=work-7f8d584b383ab15f1422; identity is normalized official title + matched Rakuten author; origin and original format remain unknown.
candidate-7f926a9557b6ae9f264b,きのう何食べた？,,よしながふみ,2007,unknown,unknown,ongoing,Matched existing Gold work what-did-you-eat-yesterday by normalized title/alias + creator overlap.
candidate-7fd1bdfb4056a9bab95a,それでも歩は寄せてくる,,山本 崇一朗,2019,unknown,unknown,unknown,Library-only candidate; opaque workId=work-7fd1bdfb4056a9bab95a; identity is normalized official title + matched Rakuten author; origin and original format remain unknown.
candidate-7fd53aa3074613979204,ビューティフルピープル・パーフェクトワールド,,坂井恵理,2010,unknown,unknown,unknown,Library-only candidate; opaque workId=work-7fd53aa3074613979204; identity is normalized official title + matched Rakuten author; origin and original format remain unknown.
candidate-7fe0dd636f0116c25203,パート怪人悪キューレ,,ヨコシマン,2009,unknown,unknown,unknown,Library-only candidate; opaque workId=work-7fe0dd636f0116c25203; identity is normalized official title + matched Rakuten author; origin and original format remain unknown.
candidate-7fe5550c8648537ac790,くおんの森,,釣巻和,2008,unknown,unknown,unknown,Library-only candidate; opaque workId=work-7fe5550c8648537ac790; identity is normalized official title + matched Rakuten author; origin and original format remain unknown.
candidate-8037856e7703fdaf4324,日常,,あらゐ けいいち,2007,unknown,unknown,unknown,Library-only candidate; opaque workId=work-8037856e7703fdaf4324; identity is normalized official title + matched Rakuten author; origin and original format remain unknown.
candidate-80586e266d394e376d1b,ななどなどなど,,宇崎うそ,2020,unknown,unknown,unknown,Library-only candidate; opaque workId=work-80586e266d394e376d1b; identity is normalized official title + matched Rakuten author; origin and original format remain unknown.
candidate-8069c29ceb2111cac4f0,のぼさんとカノジョ?,,モリコロス,2013,unknown,unknown,unknown,Library-only candidate; opaque workId=work-8069c29ceb2111cac4f0; identity is normalized official title + matched Rakuten author; origin and original format remain unknown.
candidate-806ff9309e80488fb804,星の案内人,,上村五十鈴,2013,unknown,unknown,unknown,Library-only candidate; opaque workId=work-806ff9309e80488fb804; identity is normalized official title + matched Rakuten author; origin and original format remain unknown.
candidate-80a2f62ce5073ade2ec2,式の前日,,穂積,,unknown,unknown,unknown,Library-only candidate; opaque workId=work-80a2f62ce5073ade2ec2; identity is normalized official title + matched Rakuten author; origin and original format remain unknown.
candidate-80e097bc189aec3797e5,映画大好きポンポさん,,杉谷 庄吾,2017,unknown,unknown,unknown,Library-only candidate; opaque workId=work-80e097bc189aec3797e5; identity is normalized official title + matched Rakuten author; origin and original format remain unknown.
candidate-8147aefccc365b0ecb4d,黒執事,,枢やな,2006,unknown,unknown,unknown,Library-only candidate; opaque workId=work-8147aefccc365b0ecb4d; identity is normalized official title + matched Rakuten author; origin and original format remain unknown.
candidate-81c561ca6bb74a301cf8,ライドンキング,,馬場 康誌,2019,unknown,unknown,unknown,Library-only candidate; opaque workId=work-81c561ca6bb74a301cf8; identity is normalized official title + matched Rakuten author; origin and original format remain unknown.
candidate-81cf263857ea33845b28,セキセイインコ,,和久井健,2014,unknown,unknown,unknown,Library-only candidate; opaque workId=work-81cf263857ea33845b28; identity is normalized official title + matched Rakuten author; origin and original format remain unknown.
candidate-81fe28fdeda5f8e5ab35,乙嫁語り,オトヨメガタリ,森薫,2008,unknown,unknown,ongoing,Matched existing Gold work a-brides-story by normalized title/alias + creator overlap.
candidate-8213f6affb514f8e1bb5,ブラックチャンネル,,きさいち さとし,2021,unknown,unknown,unknown,Library-only candidate; opaque workId=work-8213f6affb514f8e1bb5; identity is normalized official title + matched Rakuten author; origin and original format remain unknown.
candidate-83510afea8d961aec880,俺はまだ本気出してないだけ,,青野春秋,2007,unknown,unknown,unknown,Library-only candidate; opaque workId=work-83510afea8d961aec880; identity is normalized official title + matched Rakuten author; origin and original format remain unknown.
candidate-836070f506081517dd6f,もぐささん,,大竹利朋,2014,unknown,unknown,unknown,Library-only candidate; opaque workId=work-836070f506081517dd6f; identity is normalized official title + matched Rakuten author; origin and original format remain unknown.
candidate-8368b177b7f729f782ee,クーベルチュール,,末次由紀,2009,unknown,unknown,unknown,Library-only candidate; opaque workId=work-8368b177b7f729f782ee; identity is normalized official title + matched Rakuten author; origin and original format remain unknown.
candidate-838a6f0ad2d1ef487588,信長協奏曲,,石井 あゆみ,2009,unknown,unknown,unknown,Library-only candidate; opaque workId=work-838a6f0ad2d1ef487588; identity is normalized official title + matched Rakuten author; origin and original format remain unknown.
candidate-83f2749f9ddd11dcd0b9,乙女怪獣キャラメリゼ,,蒼木スピカ,2018,unknown,unknown,unknown,Library-only candidate; opaque workId=work-83f2749f9ddd11dcd0b9; identity is normalized official title + matched Rakuten author; origin and original format remain unknown.
candidate-83fc3c4366e51b35b821,風と木の詩,,竹宮恵子,1976,unknown,unknown,unknown,Library-only candidate; opaque workId=work-83fc3c4366e51b35b821; identity is normalized official title + matched Rakuten author; origin and original format remain unknown.
candidate-84070fd0173ebdabff01,メロポンだし！,,東村アキコ,2013,unknown,unknown,unknown,Library-only candidate; opaque workId=work-84070fd0173ebdabff01; identity is normalized official title + matched Rakuten author; origin and original format remain unknown.
candidate-840bbd96d501a3a8fee9,ハツカネズミの時間,,冬目景,2005,unknown,unknown,unknown,Library-only candidate; opaque workId=work-840bbd96d501a3a8fee9; identity is normalized official title + matched Rakuten author; origin and original format remain unknown.
candidate-840f12a844b6b1afd2f7,数学ガール,,結城浩;日坂水柯,2008,unknown,unknown,unknown,Library-only candidate; opaque workId=work-840f12a844b6b1afd2f7; identity is normalized official title + matched Rakuten author; origin and original format remain unknown.
candidate-844804b4c1c1b08e2bb2,花と奥たん,,高橋 しん,2009,unknown,unknown,unknown,Library-only candidate; opaque workId=work-844804b4c1c1b08e2bb2; identity is normalized official title + matched Rakuten author; origin and original format remain unknown.
candidate-84617ede2e93418cd161,夏雪ランデブー,,河内遙,2010,unknown,unknown,unknown,Library-only candidate; opaque workId=work-84617ede2e93418cd161; identity is normalized official title + matched Rakuten author; origin and original format remain unknown.
candidate-847978afd758665173db,みんな！エスパーだよ！,,若杉公徳,2010,unknown,unknown,unknown,Library-only candidate; opaque workId=work-847978afd758665173db; identity is normalized official title + matched Rakuten author; origin and original format remain unknown.
candidate-84886f5e93fc9ecfc512,イエスタデイをうたって,,冬目景,,unknown,unknown,unknown,Library-only candidate; opaque workId=work-84886f5e93fc9ecfc512; identity is normalized official title + matched Rakuten author; origin and original format remain unknown.
candidate-84a6a139c55f2760544e,僕の心のヤバイやつ,,桜井 のりお,2018,unknown,unknown,unknown,Library-only candidate; opaque workId=work-84a6a139c55f2760544e; identity is normalized official title + matched Rakuten author; origin and original format remain unknown.
candidate-84b7c7d7720447075c25,軍靴のバルツァー,,中島 三千恒,2011,unknown,unknown,unknown,Library-only candidate; opaque workId=work-84b7c7d7720447075c25; identity is normalized official title + matched Rakuten author; origin and original format remain unknown.
candidate-84c97edfd513b78e016d,極東ネクロマンス,,那波 歩才,2024,unknown,unknown,unknown,Library-only candidate; opaque workId=work-84c97edfd513b78e016d; identity is normalized official title + matched Rakuten author; origin and original format remain unknown.
candidate-84e96db05b0cced09cae,光速シスター,,星里 もちる,2009,unknown,unknown,unknown,Library-only candidate; opaque workId=work-84e96db05b0cced09cae; identity is normalized official title + matched Rakuten author; origin and original format remain unknown.
candidate-84fa0be5101ebfc384f8,胸が鳴るのは君のせい,,紺野 りさ,2013,unknown,unknown,unknown,Library-only candidate; opaque workId=work-84fa0be5101ebfc384f8; identity is normalized official title + matched Rakuten author; origin and original format remain unknown.
candidate-8529fc4bf4898210cb2b,幽麗塔,,乃木坂太郎,2011,unknown,unknown,unknown,Library-only candidate; opaque workId=work-8529fc4bf4898210cb2b; identity is normalized official title + matched Rakuten author; origin and original format remain unknown.
candidate-85537f2c2ef9b2234110,寄宿学校のジュリエット,,金田陽介,2015,unknown,unknown,unknown,Library-only candidate; opaque workId=work-85537f2c2ef9b2234110; identity is normalized official title + matched Rakuten author; origin and original format remain unknown.
candidate-8560165a6f5cae8bba3d,川柳少女,,五十嵐 正邦,2017,unknown,unknown,unknown,Library-only candidate; opaque workId=work-8560165a6f5cae8bba3d; identity is normalized official title + matched Rakuten author; origin and original format remain unknown.
candidate-859d4aeed35dd1da425c,めしばな刑事タチバナ,,旅井とり;坂戸佐兵衛,2011,unknown,unknown,unknown,Library-only candidate; opaque workId=work-859d4aeed35dd1da425c; identity is normalized official title + matched Rakuten author; origin and original format remain unknown.
candidate-85b317656a71eac9e542,あしたの弱音,,タイム涼介,,unknown,unknown,unknown,Library-only candidate; opaque workId=work-85b317656a71eac9e542; identity is normalized official title + matched Rakuten author; origin and original format remain unknown.
candidate-8643e71c4c56213ee9d0,神のみぞ知るセカイ,,若木 民喜,2008,unknown,unknown,unknown,Library-only candidate; opaque workId=work-8643e71c4c56213ee9d0; identity is normalized official title + matched Rakuten author; origin and original format remain unknown.
candidate-866779a026c8fd05f656,しょんぼり温泉,,小田扉,2010,unknown,unknown,unknown,Library-only candidate; opaque workId=work-866779a026c8fd05f656; identity is normalized official title + matched Rakuten author; origin and original format remain unknown.
candidate-867422e99320c757a340,かつて魔法少女と悪は敵対していた。,,藤原ここあ,2014,unknown,unknown,unknown,Library-only candidate; opaque workId=work-867422e99320c757a340; identity is normalized official title + matched Rakuten author; origin and original format remain unknown.
candidate-86bf2f7b461aa59499e9,神さまがまちガえる,,仲谷 鳰,2022,unknown,unknown,unknown,Library-only candidate; opaque workId=work-86bf2f7b461aa59499e9; identity is normalized official title + matched Rakuten author; origin and original format remain unknown.
candidate-86e698f79e20d9caa95a,I.C.U.,,タイム涼介,2011,unknown,unknown,unknown,Library-only candidate; opaque workId=work-86e698f79e20d9caa95a; identity is normalized official title + matched Rakuten author; origin and original format remain unknown.
candidate-86f88e23bba7eaa71afd,黒子のバスケ,,藤巻 忠俊,2009,unknown,unknown,unknown,Library-only candidate; opaque workId=work-86f88e23bba7eaa71afd; identity is normalized official title + matched Rakuten author; origin and original format remain unknown.
candidate-8716f80d9b988bd0d055,恋は雨上がりのように,,眉月 じゅん,2014,unknown,unknown,unknown,Library-only candidate; opaque workId=work-8716f80d9b988bd0d055; identity is normalized official title + matched Rakuten author; origin and original format remain unknown.
candidate-8733067e6afcaeadbd8d,さんすくみ,,絹田 村子,2010,unknown,unknown,unknown,Library-only candidate; opaque workId=work-8733067e6afcaeadbd8d; identity is normalized official title + matched Rakuten author; origin and original format remain unknown.
candidate-875336d3e6c905047559,魔王城でおやすみ,,熊之股 鍵次,2016,unknown,unknown,unknown,Library-only candidate; opaque workId=work-875336d3e6c905047559; identity is normalized official title + matched Rakuten author; origin and original format remain unknown.
candidate-87d3340aeaccad5f69a6,あじさいタウン,,木村リノ,2012,unknown,unknown,unknown,Library-only candidate; opaque workId=work-87d3340aeaccad5f69a6; identity is normalized official title + matched Rakuten author; origin and original format remain unknown.
candidate-88567a8a7b0cacf777c6,ミルモでポン！,,篠塚 ひろむ,2002,unknown,unknown,unknown,Library-only candidate; opaque workId=work-88567a8a7b0cacf777c6; identity is normalized official title + matched Rakuten author; origin and original format remain unknown.
candidate-889bc957a60a0558af22,夏の前日,,吉田基已,2010,unknown,unknown,unknown,Library-only candidate; opaque workId=work-889bc957a60a0558af22; identity is normalized official title + matched Rakuten author; origin and original format remain unknown.
candidate-88a18383d225bfbb8d3c,きのこいぬ,,蒼星きまま,2011,unknown,unknown,unknown,Library-only candidate; opaque workId=work-88a18383d225bfbb8d3c; identity is normalized official title + matched Rakuten author; origin and original format remain unknown.
candidate-88b6ddbe403959af0452,きらりん☆レボリューション,,中原 杏,2004,unknown,unknown,unknown,Library-only candidate; opaque workId=work-88b6ddbe403959af0452; identity is normalized official title + matched Rakuten author; origin and original format remain unknown.
candidate-88cb26a0229ad7b83263,ひらやすみ,,真造 圭伍,2021,unknown,unknown,unknown,Library-only candidate; opaque workId=work-88cb26a0229ad7b83263; identity is normalized official title + matched Rakuten author; origin and original format remain unknown.
candidate-88e75622b83b794c03ac,山賊ダイアリー,,岡本 健太郎,2011,unknown,unknown,unknown,Library-only candidate; opaque workId=work-88e75622b83b794c03ac; identity is normalized official title + matched Rakuten author; origin and original format remain unknown.
candidate-890c2ef066c0575db3d6,溺れるナイフ,,ジョージ 朝倉,2005,unknown,unknown,unknown,Library-only candidate; opaque workId=work-890c2ef066c0575db3d6; identity is normalized official title + matched Rakuten author; origin and original format remain unknown.
candidate-896cdea5c2a2fc018926,悪祓士のキヨシくん,,臼井 彰一,2024,unknown,unknown,unknown,Library-only candidate; opaque workId=work-896cdea5c2a2fc018926; identity is normalized official title + matched Rakuten author; origin and original format remain unknown.
candidate-898846fd9f5d77e49ed7,愛しの可愛い子ちゃん,,サトーユキエ,2012,unknown,unknown,unknown,Library-only candidate; opaque workId=work-898846fd9f5d77e49ed7; identity is normalized official title + matched Rakuten author; origin and original format remain unknown.
candidate-89a635148e2b3c129e38,とどのつまりの有頂天,,あらた伊里,2018,unknown,unknown,unknown,Library-only candidate; opaque workId=work-89a635148e2b3c129e38; identity is normalized official title + matched Rakuten author; origin and original format remain unknown.
candidate-89cec8cc100900d67d7e,エイリアンヘッドバット,,犬居 彰,2026,unknown,unknown,unknown,Library-only candidate; opaque workId=work-89cec8cc100900d67d7e; identity is normalized official title + matched Rakuten author; origin and original format remain unknown.
candidate-89d795575d6787113859,鞄図書館,,芳崎せいむ,2009,unknown,unknown,unknown,Library-only candidate; opaque workId=work-89d795575d6787113859; identity is normalized official title + matched Rakuten author; origin and original format remain unknown.
candidate-89f5e17e2f8148359e4a,寿司ガール,,安田弘之,2011,unknown,unknown,unknown,Library-only candidate; opaque workId=work-89f5e17e2f8148359e4a; identity is normalized official title + matched Rakuten author; origin and original format remain unknown.
candidate-8a0b641effa2e417d7ad,もういっぽん！,,村岡ユウ,2019,unknown,unknown,unknown,Library-only candidate; opaque workId=work-8a0b641effa2e417d7ad; identity is normalized official title + matched Rakuten author; origin and original format remain unknown.
candidate-8a7846af8ead1797e6a2,ハイスコアガール,,押切蓮介,2012,unknown,unknown,unknown,Library-only candidate; opaque workId=work-8a7846af8ead1797e6a2; identity is normalized official title + matched Rakuten author; origin and original format remain unknown.
candidate-8b37f50c7ef707254e8e,やんちゃギャルの安城さん,,加藤 雄一,2018,unknown,unknown,unknown,Library-only candidate; opaque workId=work-8b37f50c7ef707254e8e; identity is normalized official title + matched Rakuten author; origin and original format remain unknown.
candidate-8b620746045c3e21d13f,ぼくたちは勉強ができない,,筒井 大志,2017,unknown,unknown,unknown,Library-only candidate; opaque workId=work-8b620746045c3e21d13f; identity is normalized official title + matched Rakuten author; origin and original format remain unknown.
candidate-8b69986d0bbfa6abceb9,虹の娘,,いがわうみこ,,unknown,unknown,unknown,Library-only candidate; opaque workId=work-8b69986d0bbfa6abceb9; identity is normalized official title + matched Rakuten author; origin and original format remain unknown.
candidate-8bac9b710429e535768d,世界に羽ばたけ轟先生！,,神原則夫,2009,unknown,unknown,unknown,Library-only candidate; opaque workId=work-8bac9b710429e535768d; identity is normalized official title + matched Rakuten author; origin and original format remain unknown.
candidate-8be993fce62c22fa3702,鏡の国の針栖川,,叶恭弘,2012,unknown,unknown,unknown,Library-only candidate; opaque workId=work-8be993fce62c22fa3702; identity is normalized official title + matched Rakuten author; origin and original format remain unknown.
candidate-8c11eaa8b5cd763930d5,ナリキン！,,鈴木大四郎;野月浩貴,2012,unknown,unknown,unknown,Library-only candidate; opaque workId=work-8c11eaa8b5cd763930d5; identity is normalized official title + matched Rakuten author; origin and original format remain unknown.
candidate-8c31125fd4a0930f559e,マコちゃん絵日記,,うさくん,2009,unknown,unknown,unknown,Library-only candidate; opaque workId=work-8c31125fd4a0930f559e; identity is normalized official title + matched Rakuten author; origin and original format remain unknown.
candidate-8caf20d75cf6a51600f2,大阪ハムレット,,森下裕美,2006,unknown,unknown,unknown,Library-only candidate; opaque workId=work-8caf20d75cf6a51600f2; identity is normalized official title + matched Rakuten author; origin and original format remain unknown.
candidate-8cc0a12e77a2c168029c,トモちゃんはすごいブス,,森下裕美,2011,unknown,unknown,unknown,Library-only candidate; opaque workId=work-8cc0a12e77a2c168029c; identity is normalized official title + matched Rakuten author; origin and original format remain unknown.
candidate-8d07714ac462efd374de,花野井くんと恋の病,ハナノイクントコイノヤマイ,森野萌,2017,unknown,unknown,completed,Matched existing Gold work a-condition-called-love by normalized title/alias + creator overlap.
candidate-8d4e0bde0ff3d4a12783,odds GP!,,石渡治,2009,unknown,unknown,unknown,Library-only candidate; opaque workId=work-8d4e0bde0ff3d4a12783; identity is normalized official title + matched Rakuten author; origin and original format remain unknown.
candidate-8d6ba69eb9d5b3583c3e,とんがり帽子のアトリエ,トンガリボウシノアトリエ,白浜鴎,2016,unknown,unknown,ongoing,Matched existing Gold work witch-hat-atelier by normalized title/alias + creator overlap.
candidate-8db2b2190a8539797474,エイス,,伊図透,2013,unknown,unknown,unknown,Library-only candidate; opaque workId=work-8db2b2190a8539797474; identity is normalized official title + matched Rakuten author; origin and original format remain unknown.
candidate-8ddcf8b988956bca92a4,ポーの一族 ユニコーン,,萩尾 望都,,unknown,unknown,unknown,Library-only candidate; opaque workId=work-8ddcf8b988956bca92a4; identity is normalized official title + matched Rakuten author; origin and original format remain unknown.
candidate-8df64cbd79e886289030,夕日ロマンス,,カトウハルアキ,,unknown,unknown,unknown,Library-only candidate; opaque workId=work-8df64cbd79e886289030; identity is normalized official title + matched Rakuten author; origin and original format remain unknown.
candidate-8e138477c31512a8cce3,かわうその自転車屋さん,,こやまけいこ,2014,unknown,unknown,unknown,Library-only candidate; opaque workId=work-8e138477c31512a8cce3; identity is normalized official title + matched Rakuten author; origin and original format remain unknown.
candidate-8e3207bdaa057924de2c,オンナミチ,,北沢バンビ,2012,unknown,unknown,unknown,Library-only candidate; opaque workId=work-8e3207bdaa057924de2c; identity is normalized official title + matched Rakuten author; origin and original format remain unknown.
candidate-8ec826c0db13f6e71c64,魔入りました！入間くん,,西修,2017,unknown,unknown,unknown,Library-only candidate; opaque workId=work-8ec826c0db13f6e71c64; identity is normalized official title + matched Rakuten author; origin and original format remain unknown.
candidate-8ec916b978d347c360bd,prism,,東山翔,2012,unknown,unknown,unknown,Library-only candidate; opaque workId=work-8ec916b978d347c360bd; identity is normalized official title + matched Rakuten author; origin and original format remain unknown.
candidate-8f5c877d8aea310a2d2f,マネマネにちにち,,山本 崇一朗,2025,unknown,unknown,unknown,Library-only candidate; opaque workId=work-8f5c877d8aea310a2d2f; identity is normalized official title + matched Rakuten author; origin and original format remain unknown.
candidate-8f7c9c4dc5e8c7adb655,BLACK BIRD,,桜小路 かのこ,2007,unknown,unknown,unknown,Library-only candidate; opaque workId=work-8f7c9c4dc5e8c7adb655; identity is normalized official title + matched Rakuten author; origin and original format remain unknown.
candidate-8fc60a797da33e2008de,明日のない空,,塀内夏子,2009,unknown,unknown,unknown,Library-only candidate; opaque workId=work-8fc60a797da33e2008de; identity is normalized official title + matched Rakuten author; origin and original format remain unknown.
candidate-8fc8b770bb4425310ce1,中卒労働者から始める高校生活,,佐々木ミノル,2013,unknown,unknown,unknown,Library-only candidate; opaque workId=work-8fc8b770bb4425310ce1; identity is normalized official title + matched Rakuten author; origin and original format remain unknown.
candidate-8fcc50271f37e026bc3f,うちの妻ってどうでしょう？,,福満しげゆき,2008,unknown,unknown,unknown,Library-only candidate; opaque workId=work-8fcc50271f37e026bc3f; identity is normalized official title + matched Rakuten author; origin and original format remain unknown.
candidate-8fcfd281265fcacb7e4a,さよならもいわずに,,上野 顕太郎,,unknown,unknown,unknown,Library-only candidate; opaque workId=work-8fcfd281265fcacb7e4a; identity is normalized official title + matched Rakuten author; origin and original format remain unknown.
candidate-8fe3fc7e4a5c069b0a9f,娘の家出,,志村貴子,2014,unknown,unknown,unknown,Library-only candidate; opaque workId=work-8fe3fc7e4a5c069b0a9f; identity is normalized official title + matched Rakuten author; origin and original format remain unknown.
candidate-8ff141505b0a27f8d630,WOMBS,,白井 弓子,2010,unknown,unknown,unknown,Library-only candidate; opaque workId=work-8ff141505b0a27f8d630; identity is normalized official title + matched Rakuten author; origin and original format remain unknown.
candidate-8ff791cd14bf2b7e9495,すべてがちょっとずつ優しい世界,,西島大介,,unknown,unknown,unknown,Library-only candidate; opaque workId=work-8ff791cd14bf2b7e9495; identity is normalized official title + matched Rakuten author; origin and original format remain unknown.
candidate-9014e740e708fed37580,であいもん,,浅野りん,2016,unknown,unknown,unknown,Library-only candidate; opaque workId=work-9014e740e708fed37580; identity is normalized official title + matched Rakuten author; origin and original format remain unknown.
candidate-902252f2a52ad25cd38f,ぎんぎつね,,落合 さより,2009,unknown,unknown,unknown,Library-only candidate; opaque workId=work-902252f2a52ad25cd38f; identity is normalized official title + matched Rakuten author; origin and original format remain unknown.
candidate-9036a98c069b5ef8cd54,よふかしのうた,,コトヤマ,2019,unknown,unknown,unknown,Library-only candidate; opaque workId=work-9036a98c069b5ef8cd54; identity is normalized official title + matched Rakuten author; origin and original format remain unknown.
candidate-90510bc26c9ef2851fb5,ギャル医者あやっぺ,,長イキアキヒコ,2019,unknown,unknown,unknown,Library-only candidate; opaque workId=work-90510bc26c9ef2851fb5; identity is normalized official title + matched Rakuten author; origin and original format remain unknown.
candidate-9072892a767332254f00,flat,,青桐ナツ,2007,unknown,unknown,unknown,Library-only candidate; opaque workId=work-9072892a767332254f00; identity is normalized official title + matched Rakuten author; origin and original format remain unknown.
candidate-90a48d5d64cffbc5cfa2,魔王様としゅんくん,,monaca,2016,unknown,unknown,unknown,Library-only candidate; opaque workId=work-90a48d5d64cffbc5cfa2; identity is normalized official title + matched Rakuten author; origin and original format remain unknown.
candidate-90dcaac35aacdc4fd682,８月のソーダ水,,コマツシンヤ,,unknown,unknown,unknown,Library-only candidate; opaque workId=work-90dcaac35aacdc4fd682; identity is normalized official title + matched Rakuten author; origin and original format remain unknown.
candidate-90e7fb3bdbfb6d3ebab2,重版出来!,,松田奈緒子,2013,unknown,unknown,unknown,Library-only candidate; opaque workId=work-90e7fb3bdbfb6d3ebab2; identity is normalized official title + matched Rakuten author; origin and original format remain unknown.
candidate-9120d2a8575b5caa1a4a,サイケまたしても,,福地 翼,2014,unknown,unknown,unknown,Library-only candidate; opaque workId=work-9120d2a8575b5caa1a4a; identity is normalized official title + matched Rakuten author; origin and original format remain unknown.
candidate-918269f1052ba75e3add,同人少女ＪＢ,,一本木蛮,2011,unknown,unknown,unknown,Library-only candidate; opaque workId=work-918269f1052ba75e3add; identity is normalized official title + matched Rakuten author; origin and original format remain unknown.
candidate-91c5f2bf8e844a340b1c,ハッピーシュガーライフ,,鍵空とみやき,2015,unknown,unknown,unknown,Library-only candidate; opaque workId=work-91c5f2bf8e844a340b1c; identity is normalized official title + matched Rakuten author; origin and original format remain unknown.
candidate-91defad58c596cdfd766,楽園の条件,,森島明子,,unknown,unknown,unknown,Library-only candidate; opaque workId=work-91defad58c596cdfd766; identity is normalized official title + matched Rakuten author; origin and original format remain unknown.
candidate-9204df77aa0e4c6b1622,江戸モアゼル,,キリエ,2013,unknown,unknown,unknown,Library-only candidate; opaque workId=work-9204df77aa0e4c6b1622; identity is normalized official title + matched Rakuten author; origin and original format remain unknown.
candidate-9215d08d23e8b0041f79,お従兄さんの引っ越しの片づけが進まない,,吉辺あくろ,2018,unknown,unknown,unknown,Library-only candidate; opaque workId=work-9215d08d23e8b0041f79; identity is normalized official title + matched Rakuten author; origin and original format remain unknown.
candidate-922521d4b75142332f45,論理少女,,つじ 要,2008,unknown,unknown,unknown,Library-only candidate; opaque workId=work-922521d4b75142332f45; identity is normalized official title + matched Rakuten author; origin and original format remain unknown.
candidate-925f371723beac5227f7,邪神の弁当屋さん,,イシコ,2025,unknown,unknown,unknown,Library-only candidate; opaque workId=work-925f371723beac5227f7; identity is normalized official title + matched Rakuten author; origin and original format remain unknown.
candidate-928f5f27dd2e86b92046,青野くんに触りたいから死にたい,,椎名 うみ,2017,unknown,unknown,unknown,Library-only candidate; opaque workId=work-928f5f27dd2e86b92046; identity is normalized official title + matched Rakuten author; origin and original format remain unknown.
candidate-929225f622a17899935c,ナナマル サンバツ,,杉基 イクラ,2011,unknown,unknown,unknown,Library-only candidate; opaque workId=work-929225f622a17899935c; identity is normalized official title + matched Rakuten author; origin and original format remain unknown.
candidate-92d498541928ccba7865,ACCA13区監察課,,オノ・ナツメ,2013,unknown,unknown,unknown,Library-only candidate; opaque workId=work-92d498541928ccba7865; identity is normalized official title + matched Rakuten author; origin and original format remain unknown.
candidate-92de7bd198cf0cd8a3a2,LA QUINTA CAMERA,,オノ・ナツメ,,unknown,unknown,unknown,Library-only candidate; opaque workId=work-92de7bd198cf0cd8a3a2; identity is normalized official title + matched Rakuten author; origin and original format remain unknown.
candidate-933919bb207b365fef36,ロクのおかしな家,,中村 充志,2026,unknown,unknown,unknown,Library-only candidate; opaque workId=work-933919bb207b365fef36; identity is normalized official title + matched Rakuten author; origin and original format remain unknown.
candidate-933cc90d605b25f3d24a,キン肉マン,,ゆでたまご,1994,unknown,unknown,unknown,Library-only candidate; opaque workId=work-933cc90d605b25f3d24a; identity is normalized official title + matched Rakuten author; origin and original format remain unknown.
candidate-93a7507ad6a0965f4491,働きマン,,安野 モヨコ,2004,unknown,unknown,unknown,Library-only candidate; opaque workId=work-93a7507ad6a0965f4491; identity is normalized official title + matched Rakuten author; origin and original format remain unknown.
candidate-93b6c8f8c485a4646900,少年ラケット,,掛丸翔,2015,unknown,unknown,unknown,Library-only candidate; opaque workId=work-93b6c8f8c485a4646900; identity is normalized official title + matched Rakuten author; origin and original format remain unknown.
candidate-93cc9f5cc2b12871f93c,ダークギャザリング,,近藤 憲一,2019,unknown,unknown,unknown,Library-only candidate; opaque workId=work-93cc9f5cc2b12871f93c; identity is normalized official title + matched Rakuten author; origin and original format remain unknown.
candidate-93e9b2f4a6553f46930e,まりかセヴン,,伊藤伸平,2011,unknown,unknown,unknown,Library-only candidate; opaque workId=work-93e9b2f4a6553f46930e; identity is normalized official title + matched Rakuten author; origin and original format remain unknown.
candidate-93efef7aea4cca78ca31,あれよ星屑,,山田 参助,2014,unknown,unknown,unknown,Library-only candidate; opaque workId=work-93efef7aea4cca78ca31; identity is normalized official title + matched Rakuten author; origin and original format remain unknown.
candidate-9441c3675bf66b066cbb,少年ノート,,鎌谷悠希,2011,unknown,unknown,unknown,Library-only candidate; opaque workId=work-9441c3675bf66b066cbb; identity is normalized official title + matched Rakuten author; origin and original format remain unknown.
candidate-945f047caf044b612828,とんがらし,,桐村海丸,,unknown,unknown,unknown,Library-only candidate; opaque workId=work-945f047caf044b612828; identity is normalized official title + matched Rakuten author; origin and original format remain unknown.
candidate-94e1e27d576ac0b355d8,一ノ瀬家の大罪,,タイザン5,2023,unknown,unknown,unknown,Library-only candidate; opaque workId=work-94e1e27d576ac0b355d8; identity is normalized official title + matched Rakuten author; origin and original format remain unknown.
candidate-94eef3a31dd787e88cf1,アベックパンチ,,タイム涼介,2007,unknown,unknown,unknown,Library-only candidate; opaque workId=work-94eef3a31dd787e88cf1; identity is normalized official title + matched Rakuten author; origin and original format remain unknown.
candidate-9516d1ec3aa424e46828,恋煮込み愛つゆだく大盛り,,にくまん子,,unknown,unknown,unknown,Library-only candidate; opaque workId=work-9516d1ec3aa424e46828; identity is normalized official title + matched Rakuten author; origin and original format remain unknown.
candidate-954b6f2a132cd6cdf07b,七月の骨,,吉田 聡,2011,unknown,unknown,unknown,Library-only candidate; opaque workId=work-954b6f2a132cd6cdf07b; identity is normalized official title + matched Rakuten author; origin and original format remain unknown.
candidate-957cfe06e87cb83853c3,コーヒーもう一杯,,山川直人,2005,unknown,unknown,unknown,Library-only candidate; opaque workId=work-957cfe06e87cb83853c3; identity is normalized official title + matched Rakuten author; origin and original format remain unknown.
candidate-95880a6b2ca8a072e5b5,つなぐと星座になるように,,雁 須磨子,2011,unknown,unknown,unknown,Library-only candidate; opaque workId=work-95880a6b2ca8a072e5b5; identity is normalized official title + matched Rakuten author; origin and original format remain unknown.
candidate-95dae802c37593fcc9ab,うっちゃれ五所瓦,,なかいま 強,1988,unknown,unknown,unknown,Library-only candidate; opaque workId=work-95dae802c37593fcc9ab; identity is normalized official title + matched Rakuten author; origin and original format remain unknown.
candidate-95e2ec757f3c1f3743d5,せんせいになれません,,小坂俊史,2000,unknown,unknown,unknown,Library-only candidate; opaque workId=work-95e2ec757f3c1f3743d5; identity is normalized official title + matched Rakuten author; origin and original format remain unknown.
candidate-95fd611e0a1d2fd733c9,ウチの万李がお世話になります,,海道 ちとせ,2024,unknown,unknown,unknown,Library-only candidate; opaque workId=work-95fd611e0a1d2fd733c9; identity is normalized official title + matched Rakuten author; origin and original format remain unknown.
candidate-961a49798df191311f42,働かないふたり,,吉田覚,2014,unknown,unknown,unknown,Library-only candidate; opaque workId=work-961a49798df191311f42; identity is normalized official title + matched Rakuten author; origin and original format remain unknown.
candidate-968a22513a12496eee61,放課後ウインド・オーケストラ,,宇佐悠一郎,2008,unknown,unknown,unknown,Library-only candidate; opaque workId=work-968a22513a12496eee61; identity is normalized official title + matched Rakuten author; origin and original format remain unknown.
candidate-968c71abbaaa0b6801eb,鴨の水かき,,空木 哲生,2013,unknown,unknown,unknown,Library-only candidate; opaque workId=work-968c71abbaaa0b6801eb; identity is normalized official title + matched Rakuten author; origin and original format remain unknown.
candidate-969bcc1f8f1adbdcdbc9,月出づる街の人々,,酢豚ゆうき,2022,unknown,unknown,unknown,Library-only candidate; opaque workId=work-969bcc1f8f1adbdcdbc9; identity is normalized official title + matched Rakuten author; origin and original format remain unknown.
candidate-96aef57fdc450e67d57a,将国のアルタイル,,カトウコトノ,2008,unknown,unknown,unknown,Library-only candidate; opaque workId=work-96aef57fdc450e67d57a; identity is normalized official title + matched Rakuten author; origin and original format remain unknown.
candidate-96bba3c4328642674c32,年々彩々,,秀良子,,unknown,unknown,unknown,Library-only candidate; opaque workId=work-96bba3c4328642674c32; identity is normalized official title + matched Rakuten author; origin and original format remain unknown.
candidate-96fc9ffa3f2892697285,のあ先輩はともだち。,,あきやま えんま,2023,unknown,unknown,unknown,Library-only candidate; opaque workId=work-96fc9ffa3f2892697285; identity is normalized official title + matched Rakuten author; origin and original format remain unknown.
candidate-970bcce27f74166b6758,ジゼル・アラン,,笠井 スイ,2010,unknown,unknown,unknown,Library-only candidate; opaque workId=work-970bcce27f74166b6758; identity is normalized official title + matched Rakuten author; origin and original format remain unknown.
candidate-9711cfc35c4941e50948,頂き！成り上がり飯,,奥嶋ひろまさ,2016,unknown,unknown,unknown,Library-only candidate; opaque workId=work-9711cfc35c4941e50948; identity is normalized official title + matched Rakuten author; origin and original format remain unknown.
candidate-9723a4d0d9f4a17839d1,シノビノ,,大柿 ロクロウ,2017,unknown,unknown,unknown,Library-only candidate; opaque workId=work-9723a4d0d9f4a17839d1; identity is normalized official title + matched Rakuten author; origin and original format remain unknown.
candidate-974a42056e7a969be948,誰も知らない〜子不語〜,,夏達;SUMMER,2009,unknown,unknown,unknown,Library-only candidate; opaque workId=work-974a42056e7a969be948; identity is normalized official title + matched Rakuten author; origin and original format remain unknown.
candidate-9791d80d12670e9b87c5,ディメンションW,,岩原裕二,2012,unknown,unknown,unknown,Library-only candidate; opaque workId=work-9791d80d12670e9b87c5; identity is normalized official title + matched Rakuten author; origin and original format remain unknown.
candidate-979c21cf10bbe09a70b9,雨無村役場産業課兼観光係,,岩本ナオ,2008,unknown,unknown,unknown,Library-only candidate; opaque workId=work-979c21cf10bbe09a70b9; identity is normalized official title + matched Rakuten author; origin and original format remain unknown.
candidate-97d088086128a66d692d,ギガントマキア,,三浦建太郎,,unknown,unknown,unknown,Library-only candidate; opaque workId=work-97d088086128a66d692d; identity is normalized official title + matched Rakuten author; origin and original format remain unknown.
candidate-9819dc57951f1adb8729,わたしは真夜中,,糸井のぞ,2014,unknown,unknown,unknown,Library-only candidate; opaque workId=work-9819dc57951f1adb8729; identity is normalized official title + matched Rakuten author; origin and original format remain unknown.
candidate-982bb79e03193ebbafcd,ママはテンパリスト,,東村アキコ,2008,unknown,unknown,unknown,Library-only candidate; opaque workId=work-982bb79e03193ebbafcd; identity is normalized official title + matched Rakuten author; origin and original format remain unknown.
candidate-98496629236d52367540,どぶがわ,,池辺葵,,unknown,unknown,unknown,Library-only candidate; opaque workId=work-98496629236d52367540; identity is normalized official title + matched Rakuten author; origin and original format remain unknown.
candidate-98626de1d3e25186d1bb,古見さんは、コミュ症です。,,オダ トモヒト,2016,unknown,unknown,unknown,Library-only candidate; opaque workId=work-98626de1d3e25186d1bb; identity is normalized official title + matched Rakuten author; origin and original format remain unknown.
candidate-98637340992f2f50107d,いつかティファニーで朝食を,,マキヒロチ,2012,unknown,unknown,unknown,Library-only candidate; opaque workId=work-98637340992f2f50107d; identity is normalized official title + matched Rakuten author; origin and original format remain unknown.
candidate-986fd04811a0b3d816f1,月光条例,,藤田 和日郎,2008,unknown,unknown,unknown,Library-only candidate; opaque workId=work-986fd04811a0b3d816f1; identity is normalized official title + matched Rakuten author; origin and original format remain unknown.
candidate-9894bab2657809d62a14,くまみこ,,吉元 ますめ,2013,unknown,unknown,unknown,Library-only candidate; opaque workId=work-9894bab2657809d62a14; identity is normalized official title + matched Rakuten author; origin and original format remain unknown.
candidate-989ea31af1af92fb78b4,片恋の日記少女,,中村明日美子,,unknown,unknown,unknown,Library-only candidate; opaque workId=work-989ea31af1af92fb78b4; identity is normalized official title + matched Rakuten author; origin and original format remain unknown.
candidate-98b7d2ef065bde405972,スーパーの裏でヤニ吸うふたり,,地主,2022,unknown,unknown,unknown,Library-only candidate; opaque workId=work-98b7d2ef065bde405972; identity is normalized official title + matched Rakuten author; origin and original format remain unknown.
candidate-98d513b70560f2f96a38,漂流教室,,楳図かずお,1972,unknown,unknown,unknown,Library-only candidate; opaque workId=work-98d513b70560f2f96a38; identity is normalized official title + matched Rakuten author; origin and original format remain unknown.
candidate-99046601b40a492141c1,天体戦士サンレッド,,くぼたまこと,2005,unknown,unknown,unknown,Library-only candidate; opaque workId=work-99046601b40a492141c1; identity is normalized official title + matched Rakuten author; origin and original format remain unknown.
candidate-9919ce0368e7e46897b5,マイガール,,佐原ミズ,2007,unknown,unknown,unknown,Library-only candidate; opaque workId=work-9919ce0368e7e46897b5; identity is normalized official title + matched Rakuten author; origin and original format remain unknown.
candidate-994f45d756b4055ece27,はやめブラストギア,,竹山 祐右,2016,unknown,unknown,unknown,Library-only candidate; opaque workId=work-994f45d756b4055ece27; identity is normalized official title + matched Rakuten author; origin and original format remain unknown.
candidate-99d81456c341e239d7af,レッツ☆ラグーン,,岡崎 武士,2010,unknown,unknown,unknown,Library-only candidate; opaque workId=work-99d81456c341e239d7af; identity is normalized official title + matched Rakuten author; origin and original format remain unknown.
candidate-99feb5a88e39c429b8c2,カッパときのこ,,魔神ぐり子,,unknown,unknown,unknown,Library-only candidate; opaque workId=work-99feb5a88e39c429b8c2; identity is normalized official title + matched Rakuten author; origin and original format remain unknown.
candidate-9a006f9a47769dfc2c3a,殺し屋Ｓのゆらぎ,,舟本 絵理歌,2019,unknown,unknown,unknown,Library-only candidate; opaque workId=work-9a006f9a47769dfc2c3a; identity is normalized official title + matched Rakuten author; origin and original format remain unknown.
candidate-9a0dc26c6ae8f8e675c4,彼女とカメラと彼女の季節,,月子,2012,unknown,unknown,unknown,Library-only candidate; opaque workId=work-9a0dc26c6ae8f8e675c4; identity is normalized official title + matched Rakuten author; origin and original format remain unknown.
candidate-9a1d727d87f46ac407d1,Real Clothes,,槇村さとる,2007,unknown,unknown,unknown,Library-only candidate; opaque workId=work-9a1d727d87f46ac407d1; identity is normalized official title + matched Rakuten author; origin and original format remain unknown.
candidate-9a375ef7844b5d6e69af,ショコラの魔法,,みづほ 梨乃,,unknown,unknown,unknown,Library-only candidate; opaque workId=work-9a375ef7844b5d6e69af; identity is normalized official title + matched Rakuten author; origin and original format remain unknown.
candidate-9ad564d206d2c1a6c4ef,チェンソーマン,チェンソーマン,藤本タツキ,2018,unknown,unknown,completed,Matched existing Gold work chainsaw-man by normalized title/alias + creator overlap.
candidate-9b1c428d3210fa2b70bf,魔法少女ノ魔女裁判,,時任 せつな;Acacia,2025,unknown,unknown,unknown,Library-only candidate; opaque workId=work-9b1c428d3210fa2b70bf; identity is normalized official title + matched Rakuten author; origin and original format remain unknown.
candidate-9b42e9cda7743bba0f9b,回転銀河,,海野つなみ,2003,unknown,unknown,unknown,Library-only candidate; opaque workId=work-9b42e9cda7743bba0f9b; identity is normalized official title + matched Rakuten author; origin and original format remain unknown.
candidate-9b486df34cdf8853a038,釣りバカ日誌,,やまさき 十三;北見 けんいち,1980,unknown,unknown,unknown,Library-only candidate; opaque workId=work-9b486df34cdf8853a038; identity is normalized official title + matched Rakuten author; origin and original format remain unknown.
candidate-9bad151827d73f15815a,オーミ先生の微熱,,河内遙,2010,unknown,unknown,unknown,Library-only candidate; opaque workId=work-9bad151827d73f15815a; identity is normalized official title + matched Rakuten author; origin and original format remain unknown.
candidate-9bb7bc1f5f40a377ed68,エンジェルリップ,,あらいきよこ,1996,unknown,unknown,unknown,Library-only candidate; opaque workId=work-9bb7bc1f5f40a377ed68; identity is normalized official title + matched Rakuten author; origin and original format remain unknown.
candidate-9bc48e7f5208ca6bd0eb,オダロク,,田中 ストライク,2026,unknown,unknown,unknown,Library-only candidate; opaque workId=work-9bc48e7f5208ca6bd0eb; identity is normalized official title + matched Rakuten author; origin and original format remain unknown.
candidate-9bd00739b995d84e2494,あした死ぬには、,,雁 須磨子,2019,unknown,unknown,unknown,Library-only candidate; opaque workId=work-9bd00739b995d84e2494; identity is normalized official title + matched Rakuten author; origin and original format remain unknown.
candidate-9c412903936a15ec703f,描くなるうえは,,蒲 夕二;高畑 弓,2023,unknown,unknown,unknown,Library-only candidate; opaque workId=work-9c412903936a15ec703f; identity is normalized official title + matched Rakuten author; origin and original format remain unknown.
candidate-9c61ec68f9fc25c13b3e,亭主元気で犬がいい,,徳弘 正也,2011,unknown,unknown,unknown,Library-only candidate; opaque workId=work-9c61ec68f9fc25c13b3e; identity is normalized official title + matched Rakuten author; origin and original format remain unknown.
candidate-9c99d5d65e8e6a4a8465,少年メイド,,乙 橘,2008,unknown,unknown,unknown,Library-only candidate; opaque workId=work-9c99d5d65e8e6a4a8465; identity is normalized official title + matched Rakuten author; origin and original format remain unknown.
candidate-9ce9f67dfe1aef833c70,映像研には手を出すな！,,大童 澄瞳,2017,unknown,unknown,unknown,Library-only candidate; opaque workId=work-9ce9f67dfe1aef833c70; identity is normalized official title + matched Rakuten author; origin and original format remain unknown.
candidate-9cfccaa87d8dc193f422,血界戦線,,内藤泰弘,2010,unknown,unknown,unknown,Library-only candidate; opaque workId=work-9cfccaa87d8dc193f422; identity is normalized official title + matched Rakuten author; origin and original format remain unknown.
candidate-9cfdc50b51526aad52a4,おんさのひびき,,伊図透,2010,unknown,unknown,unknown,Library-only candidate; opaque workId=work-9cfdc50b51526aad52a4; identity is normalized official title + matched Rakuten author; origin and original format remain unknown.
candidate-9d04c47e7efbbbd8aca6,かげきしょうじょ!!,,斉木久美子,2015,unknown,unknown,unknown,Library-only candidate; opaque workId=work-9d04c47e7efbbbd8aca6; identity is normalized official title + matched Rakuten author; origin and original format remain unknown.
candidate-9d2b58c5a982b7ddcbc6,ボーイズ・オン・ザ・ラン,,花沢 健吾,2005,unknown,unknown,unknown,Library-only candidate; opaque workId=work-9d2b58c5a982b7ddcbc6; identity is normalized official title + matched Rakuten author; origin and original format remain unknown.
candidate-9d437b1a9711aeb3471d,花音,,さいとうちほ,1995,unknown,unknown,unknown,Library-only candidate; opaque workId=work-9d437b1a9711aeb3471d; identity is normalized official title + matched Rakuten author; origin and original format remain unknown.
candidate-9d521b89712c948b76ce,水女神は今日も恋をするか？,,三簾 真也,2019,unknown,unknown,unknown,Library-only candidate; opaque workId=work-9d521b89712c948b76ce; identity is normalized official title + matched Rakuten author; origin and original format remain unknown.
candidate-9d5d64262dbc2893acd4,ポーの一族,,萩尾望都,1972,unknown,unknown,unknown,Library-only candidate; opaque workId=work-9d5d64262dbc2893acd4; identity is normalized official title + matched Rakuten author; origin and original format remain unknown.
candidate-9de2b62d9ed781881670,箱入りドロップス,,津留崎優,2012,unknown,unknown,unknown,Library-only candidate; opaque workId=work-9de2b62d9ed781881670; identity is normalized official title + matched Rakuten author; origin and original format remain unknown.
candidate-9e12ab5a319cfbf36307,セカイのミカタ,,鈴木小波,2010,unknown,unknown,unknown,Library-only candidate; opaque workId=work-9e12ab5a319cfbf36307; identity is normalized official title + matched Rakuten author; origin and original format remain unknown.
candidate-9e98119539f60465ce66,僕らはみんな河合荘,,宮原るり,2011,unknown,unknown,unknown,Library-only candidate; opaque workId=work-9e98119539f60465ce66; identity is normalized official title + matched Rakuten author; origin and original format remain unknown.
candidate-9ea21464345e9489a6c2,魔法少女♡三十路,,三倉 ゆめ,2022,unknown,unknown,unknown,Library-only candidate; opaque workId=work-9ea21464345e9489a6c2; identity is normalized official title + matched Rakuten author; origin and original format remain unknown.
candidate-9ea5b539398abf33389c,不器用な先輩。,,工藤マコト,2020,unknown,unknown,unknown,Library-only candidate; opaque workId=work-9ea5b539398abf33389c; identity is normalized official title + matched Rakuten author; origin and original format remain unknown.
candidate-9ea915886fe936b47d61,夏目友人帳,ナツメユウジンチョウ,緑川ゆき,2003,unknown,unknown,ongoing,Matched existing Gold work natsumes-book-of-friends by normalized title/alias + creator overlap.
candidate-9ed6fa395060b8ee9851,ミトコンペレストロイカ,,まん○画太郎,2014,unknown,unknown,unknown,Library-only candidate; opaque workId=work-9ed6fa395060b8ee9851; identity is normalized official title + matched Rakuten author; origin and original format remain unknown.
candidate-9eddcb2b8337e0a27537,花宵道中,,斉木久美子;宮木あや子,2010,unknown,unknown,unknown,Library-only candidate; opaque workId=work-9eddcb2b8337e0a27537; identity is normalized official title + matched Rakuten author; origin and original format remain unknown.
candidate-9ee686214ab1d0d4c8fc,まったく最近の探偵ときたら,,五十嵐 正邦,2016,unknown,unknown,unknown,Library-only candidate; opaque workId=work-9ee686214ab1d0d4c8fc; identity is normalized official title + matched Rakuten author; origin and original format remain unknown.
candidate-9f01ddaef8d3525c771f,ふたりエスケープ,,田口 囁一,2020,unknown,unknown,unknown,Library-only candidate; opaque workId=work-9f01ddaef8d3525c771f; identity is normalized official title + matched Rakuten author; origin and original format remain unknown.
candidate-9f2db6ebe083f66c893a,秘身譚,,伊藤 真美,2010,unknown,unknown,unknown,Library-only candidate; opaque workId=work-9f2db6ebe083f66c893a; identity is normalized official title + matched Rakuten author; origin and original format remain unknown.
candidate-9f3cb76fbf3b626f101a,けいおん！,,かきふらい,2008,unknown,unknown,unknown,Library-only candidate; opaque workId=work-9f3cb76fbf3b626f101a; identity is normalized official title + matched Rakuten author; origin and original format remain unknown.
candidate-9f6e65be23de6688e45b,不思議な少年,,山下 和美,2001,unknown,unknown,unknown,Library-only candidate; opaque workId=work-9f6e65be23de6688e45b; identity is normalized official title + matched Rakuten author; origin and original format remain unknown.
candidate-9fb32a2b0f954de5f4a3,ファイトじじいクラブ,,山本健太郎,,unknown,unknown,unknown,Library-only candidate; opaque workId=work-9fb32a2b0f954de5f4a3; identity is normalized official title + matched Rakuten author; origin and original format remain unknown.
candidate-9fc590948fe2b54fdcf3,年刊中年チャンプ,,中年,,unknown,unknown,unknown,Library-only candidate; opaque workId=work-9fc590948fe2b54fdcf3; identity is normalized official title + matched Rakuten author; origin and original format remain unknown.
candidate-9ffbdff3e9db3f9826e9,数学ゴールデン,,藏丸 竜彦,2020,unknown,unknown,unknown,Library-only candidate; opaque workId=work-9ffbdff3e9db3f9826e9; identity is normalized official title + matched Rakuten author; origin and original format remain unknown.
candidate-a05b0d00f7d8d7592c7e,サンケンロック,,Boichi,2006,unknown,unknown,unknown,Library-only candidate; opaque workId=work-a05b0d00f7d8d7592c7e; identity is normalized official title + matched Rakuten author; origin and original format remain unknown.
candidate-a089c0eef91d1213da38,うる星やつら,,高橋留美子,1978,unknown,unknown,unknown,Library-only candidate; opaque workId=work-a089c0eef91d1213da38; identity is normalized official title + matched Rakuten author; origin and original format remain unknown.
candidate-a0cf232c6e526adba12f,スキップとローファー,スキップトローファー,高松美咲,2018,unknown,unknown,ongoing,Matched existing Gold work skip-and-loafer by normalized title/alias + creator overlap.
candidate-a0ef16551acd379eb984,BE BLUES！〜青になれ〜,,田中モトユキ,2011,unknown,unknown,unknown,Library-only candidate; opaque workId=work-a0ef16551acd379eb984; identity is normalized official title + matched Rakuten author; origin and original format remain unknown.
candidate-a0fdd0c31f6b45d32172,山田くんと７人の魔女,,吉河美希,2012,unknown,unknown,unknown,Library-only candidate; opaque workId=work-a0fdd0c31f6b45d32172; identity is normalized official title + matched Rakuten author; origin and original format remain unknown.
candidate-a111c5b5eb985dbc9c50,VIVO!,,瀬川藤子,2011,unknown,unknown,unknown,Library-only candidate; opaque workId=work-a111c5b5eb985dbc9c50; identity is normalized official title + matched Rakuten author; origin and original format remain unknown.
candidate-a14cf4446d589444177f,もうかえってくれないかっ,,ふじまつ,2009,unknown,unknown,unknown,Library-only candidate; opaque workId=work-a14cf4446d589444177f; identity is normalized official title + matched Rakuten author; origin and original format remain unknown.
candidate-a15b3e6abad9affdea74,天使とアクト!!,,ひらかわあや,2015,unknown,unknown,unknown,Library-only candidate; opaque workId=work-a15b3e6abad9affdea74; identity is normalized official title + matched Rakuten author; origin and original format remain unknown.
candidate-a1798a9542d578b3137d,珈琲時間,,豊田 徹也,,unknown,unknown,unknown,Library-only candidate; opaque workId=work-a1798a9542d578b3137d; identity is normalized official title + matched Rakuten author; origin and original format remain unknown.
candidate-a19dbc25b52fe100ed66,僕だけが知ってるんだぜ,,タアモ,2025,unknown,unknown,unknown,Library-only candidate; opaque workId=work-a19dbc25b52fe100ed66; identity is normalized official title + matched Rakuten author; origin and original format remain unknown.
candidate-a249a1a5c8938ef5ab9e,魔女と猫の話,,四宮しの,,unknown,unknown,unknown,Library-only candidate; opaque workId=work-a249a1a5c8938ef5ab9e; identity is normalized official title + matched Rakuten author; origin and original format remain unknown.
candidate-a24e0d721bd03f8dfc41,たべるダケ,,高田サンコ,2011,unknown,unknown,unknown,Library-only candidate; opaque workId=work-a24e0d721bd03f8dfc41; identity is normalized official title + matched Rakuten author; origin and original format remain unknown.
candidate-a25bac53b4757f13f21a,鬼灯の冷徹,,江口夏実,2011,unknown,unknown,unknown,Library-only candidate; opaque workId=work-a25bac53b4757f13f21a; identity is normalized official title + matched Rakuten author; origin and original format remain unknown.
candidate-a268fb6b187e6a7ffd72,暗号学園のいろは,,岩崎 優次;西尾 維新,2023,unknown,unknown,unknown,Library-only candidate; opaque workId=work-a268fb6b187e6a7ffd72; identity is normalized official title + matched Rakuten author; origin and original format remain unknown.
candidate-a27bbfd85487a68b974a,ペンギンの問題,,永井 ゆうじ,2007,unknown,unknown,unknown,Library-only candidate; opaque workId=work-a27bbfd85487a68b974a; identity is normalized official title + matched Rakuten author; origin and original format remain unknown.
candidate-a280377d41783aab421d,NEW GAME！,,得能正太郎,2014,unknown,unknown,unknown,Library-only candidate; opaque workId=work-a280377d41783aab421d; identity is normalized official title + matched Rakuten author; origin and original format remain unknown.
candidate-a2dbffa203dc2a27aa25,レイチェル・ ダイアル,,皿池篤志,2013,unknown,unknown,unknown,Library-only candidate; opaque workId=work-a2dbffa203dc2a27aa25; identity is normalized official title + matched Rakuten author; origin and original format remain unknown.
candidate-a2f0a0e6114c3b669689,破壊神マグちゃん,,上木 敬,2020,unknown,unknown,unknown,Library-only candidate; opaque workId=work-a2f0a0e6114c3b669689; identity is normalized official title + matched Rakuten author; origin and original format remain unknown.
candidate-a30c0fbb0769daac98cc,ゴーゴーダイナマイツ,,小池定路,2014,unknown,unknown,unknown,Library-only candidate; opaque workId=work-a30c0fbb0769daac98cc; identity is normalized official title + matched Rakuten author; origin and original format remain unknown.
candidate-a3182a646697c06c2526,忍者と殺し屋のふたりぐらし,,ハンバーガー,2022,unknown,unknown,unknown,Library-only candidate; opaque workId=work-a3182a646697c06c2526; identity is normalized official title + matched Rakuten author; origin and original format remain unknown.
candidate-a31925593fef2aaca2e2,深夜のダメ恋図鑑,,尾崎衣良,2015,unknown,unknown,unknown,Library-only candidate; opaque workId=work-a31925593fef2aaca2e2; identity is normalized official title + matched Rakuten author; origin and original format remain unknown.
candidate-a33cda6fe7a6aedc1ef2,パラショッパーズ,,福地 翼,2025,unknown,unknown,unknown,Library-only candidate; opaque workId=work-a33cda6fe7a6aedc1ef2; identity is normalized official title + matched Rakuten author; origin and original format remain unknown.
candidate-a35a61b852c16a061059,放課後帰宅びより,,松田舞,2024,unknown,unknown,unknown,Library-only candidate; opaque workId=work-a35a61b852c16a061059; identity is normalized official title + matched Rakuten author; origin and original format remain unknown.
candidate-a38a0adc31f0622bf206,PONG・PONG,,小沢真理,2006,unknown,unknown,unknown,Library-only candidate; opaque workId=work-a38a0adc31f0622bf206; identity is normalized official title + matched Rakuten author; origin and original format remain unknown.
candidate-a3a198078e3623f56c86,死役所,,あずみきし,2014,unknown,unknown,unknown,Library-only candidate; opaque workId=work-a3a198078e3623f56c86; identity is normalized official title + matched Rakuten author; origin and original format remain unknown.
candidate-a3b7c5c6810710ed3721,夢で見たあの子のために,,三部 けい,2017,unknown,unknown,unknown,Library-only candidate; opaque workId=work-a3b7c5c6810710ed3721; identity is normalized official title + matched Rakuten author; origin and original format remain unknown.
candidate-a3d922576a1a1ecc8e3e,ドカ食いダイスキ！ もちづきさん,,まるよのかもめ,2024,unknown,unknown,unknown,Library-only candidate; opaque workId=work-a3d922576a1a1ecc8e3e; identity is normalized official title + matched Rakuten author; origin and original format remain unknown.
candidate-a3ed52406fbf51370b41,センセイあのね?,,小石川ふに,2012,unknown,unknown,unknown,Library-only candidate; opaque workId=work-a3ed52406fbf51370b41; identity is normalized official title + matched Rakuten author; origin and original format remain unknown.
candidate-a3f82c226e2ef72b9805,DOIS SOL,,村瀬克俊,2011,unknown,unknown,unknown,Library-only candidate; opaque workId=work-a3f82c226e2ef72b9805; identity is normalized official title + matched Rakuten author; origin and original format remain unknown.
candidate-a42530eb1460613ddb66,こちら葛飾区亀有公園前派出所,,秋本治,,unknown,unknown,unknown,Library-only candidate; opaque workId=work-a42530eb1460613ddb66; identity is normalized official title + matched Rakuten author; origin and original format remain unknown.
candidate-a4382c451f4eb3bf3995,ワンルームエンジェル,,はらだ,,unknown,unknown,unknown,Library-only candidate; opaque workId=work-a4382c451f4eb3bf3995; identity is normalized official title + matched Rakuten author; origin and original format remain unknown.
candidate-a445f8af874d3f959800,作りたい女と食べたい女,ツクリタイオンナトタベタイオンナ,ゆざきさかおみ,2021,unknown,unknown,ongoing,Matched existing Gold work she-loves-to-cook-and-she-loves-to-eat by normalized title/alias + creator overlap.
candidate-a44dc3d83aa629edb8d6,彼女のカレラ,,麻宮騎亜,2005,unknown,unknown,unknown,Library-only candidate; opaque workId=work-a44dc3d83aa629edb8d6; identity is normalized official title + matched Rakuten author; origin and original format remain unknown.
candidate-a46aa6b40c164ff18925,銀盤騎士,,小川 彌生,2013,unknown,unknown,unknown,Library-only candidate; opaque workId=work-a46aa6b40c164ff18925; identity is normalized official title + matched Rakuten author; origin and original format remain unknown.
candidate-a47ba80532ff25bd84c0,コウノドリ,,鈴ノ木ユウ,2013,unknown,unknown,unknown,Library-only candidate; opaque workId=work-a47ba80532ff25bd84c0; identity is normalized official title + matched Rakuten author; origin and original format remain unknown.
candidate-a4a4d06aa88c7e6c4f00,恋の心に黒い羽,,ヤマシタトモコ,,unknown,unknown,unknown,Library-only candidate; opaque workId=work-a4a4d06aa88c7e6c4f00; identity is normalized official title + matched Rakuten author; origin and original format remain unknown.
candidate-a4ca6e21e97927928e1a,喰う寝るふたり住むふたり,,日暮キノコ,2012,unknown,unknown,unknown,Library-only candidate; opaque workId=work-a4ca6e21e97927928e1a; identity is normalized official title + matched Rakuten author; origin and original format remain unknown.
candidate-a5485a456a0896a0431b,白山と三田さん,,くさかべ ゆうへい,2022,unknown,unknown,unknown,Library-only candidate; opaque workId=work-a5485a456a0896a0431b; identity is normalized official title + matched Rakuten author; origin and original format remain unknown.
candidate-a59481c00155de21d75f,ケロロ軍曹,,吉崎 観音,1999,unknown,unknown,unknown,Library-only candidate; opaque workId=work-a59481c00155de21d75f; identity is normalized official title + matched Rakuten author; origin and original format remain unknown.
candidate-a5a6e4383b0ae45add35,落ちぶれゼウスと奴隷の子,,尾羊英,2023,unknown,unknown,unknown,Library-only candidate; opaque workId=work-a5a6e4383b0ae45add35; identity is normalized official title + matched Rakuten author; origin and original format remain unknown.
candidate-a5ea58e7f117809f190c,ケンガイ,,大瑛 ユキオ,2012,unknown,unknown,unknown,Library-only candidate; opaque workId=work-a5ea58e7f117809f190c; identity is normalized official title + matched Rakuten author; origin and original format remain unknown.
candidate-a62a4e661d1b32d913de,34歳無職さん,,いけだたかし,2012,unknown,unknown,unknown,Library-only candidate; opaque workId=work-a62a4e661d1b32d913de; identity is normalized official title + matched Rakuten author; origin and original format remain unknown.
candidate-a63ff955e6bc8227e843,ヒツジの執事,,ナントカ,,unknown,unknown,unknown,Library-only candidate; opaque workId=work-a63ff955e6bc8227e843; identity is normalized official title + matched Rakuten author; origin and original format remain unknown.
candidate-a6493670a1de599ac6c1,きみは終末,,仲谷 鳰,2026,unknown,unknown,unknown,Library-only candidate; opaque workId=work-a6493670a1de599ac6c1; identity is normalized official title + matched Rakuten author; origin and original format remain unknown.
candidate-a68955f5898263495c4d,魔法少女ダンデライオン,,水帆 かえる,2025,unknown,unknown,unknown,Library-only candidate; opaque workId=work-a68955f5898263495c4d; identity is normalized official title + matched Rakuten author; origin and original format remain unknown.
candidate-a724b1e9c5ce4de26fa5,ないしょのつぼみ,,やぶうち優,2005,unknown,unknown,unknown,Library-only candidate; opaque workId=work-a724b1e9c5ce4de26fa5; identity is normalized official title + matched Rakuten author; origin and original format remain unknown.
candidate-a7413b6e35e0d316a538,となりの怪物くん,,ろびこ,2009,unknown,unknown,unknown,Library-only candidate; opaque workId=work-a7413b6e35e0d316a538; identity is normalized official title + matched Rakuten author; origin and original format remain unknown.
candidate-a77cc716088d067bec08,こんちわハム子,,あかり,2012,unknown,unknown,unknown,Library-only candidate; opaque workId=work-a77cc716088d067bec08; identity is normalized official title + matched Rakuten author; origin and original format remain unknown.
candidate-a7a1e0666169f1b2e8c0,海街diary,,吉田 秋生,2006,unknown,unknown,unknown,Library-only candidate; opaque workId=work-a7a1e0666169f1b2e8c0; identity is normalized official title + matched Rakuten author; origin and original format remain unknown.
candidate-a7c0f3d7b865ce623311,幸腹グラフィティ,,川井マコト,2013,unknown,unknown,unknown,Library-only candidate; opaque workId=work-a7c0f3d7b865ce623311; identity is normalized official title + matched Rakuten author; origin and original format remain unknown.
candidate-a7e0062c7153978fc6fe,失恋ショコラティエ,,水城 せとな,2009,unknown,unknown,unknown,Library-only candidate; opaque workId=work-a7e0062c7153978fc6fe; identity is normalized official title + matched Rakuten author; origin and original format remain unknown.
candidate-a80cf875bfcd0d31e579,彼女のひとりぐらし,,玉置勉強,2010,unknown,unknown,unknown,Library-only candidate; opaque workId=work-a80cf875bfcd0d31e579; identity is normalized official title + matched Rakuten author; origin and original format remain unknown.
candidate-a81bc17e65a038de3181,青に、ふれる。,,鈴木 望,2019,unknown,unknown,unknown,Library-only candidate; opaque workId=work-a81bc17e65a038de3181; identity is normalized official title + matched Rakuten author; origin and original format remain unknown.
candidate-a82a20ac5a887ca519e4,ヤコとポコ,,水沢悦子,2014,unknown,unknown,unknown,Library-only candidate; opaque workId=work-a82a20ac5a887ca519e4; identity is normalized official title + matched Rakuten author; origin and original format remain unknown.
candidate-a82ab0cc2c3fb340283e,かわいいひと,,斎藤けん,2015,unknown,unknown,unknown,Library-only candidate; opaque workId=work-a82ab0cc2c3fb340283e; identity is normalized official title + matched Rakuten author; origin and original format remain unknown.
candidate-a8349445836546a82934,百姓貴族,,荒川 弘,2006,unknown,unknown,unknown,Library-only candidate; opaque workId=work-a8349445836546a82934; identity is normalized official title + matched Rakuten author; origin and original format remain unknown.
candidate-a83fea90f846cb4acd9d,みどりのマキバオー,,つの丸,1995,unknown,unknown,unknown,Library-only candidate; opaque workId=work-a83fea90f846cb4acd9d; identity is normalized official title + matched Rakuten author; origin and original format remain unknown.
candidate-a85b2872b13e76305087,土佐の一本釣り,,青柳裕介,1978,unknown,unknown,unknown,Library-only candidate; opaque workId=work-a85b2872b13e76305087; identity is normalized official title + matched Rakuten author; origin and original format remain unknown.
candidate-a86074a0fe7023187fa0,はじめちゃんが一番！,,渡辺多恵子,1989,unknown,unknown,unknown,Library-only candidate; opaque workId=work-a86074a0fe7023187fa0; identity is normalized official title + matched Rakuten author; origin and original format remain unknown.
candidate-a873bcfd6bb2d1a5a693,おとめ妖怪ざくろ,,星野リリィ,2008,unknown,unknown,unknown,Library-only candidate; opaque workId=work-a873bcfd6bb2d1a5a693; identity is normalized official title + matched Rakuten author; origin and original format remain unknown.
candidate-a88b0770799bfa9159c8,FLIP-FLAP,,とよ田みのる,,unknown,unknown,unknown,Library-only candidate; opaque workId=work-a88b0770799bfa9159c8; identity is normalized official title + matched Rakuten author; origin and original format remain unknown.
candidate-a8a810cf55a64514d666,14歳の恋,,水谷フーカ,2011,unknown,unknown,unknown,Library-only candidate; opaque workId=work-a8a810cf55a64514d666; identity is normalized official title + matched Rakuten author; origin and original format remain unknown.
candidate-a8aaeb4f15aad02d9e79,LIAR GAME,,甲斐谷忍,2005,unknown,unknown,unknown,Library-only candidate; opaque workId=work-a8aaeb4f15aad02d9e79; identity is normalized official title + matched Rakuten author; origin and original format remain unknown.
candidate-a8d81d3c3d25b6b4a8c9,転生したらスライムだった件,,川上泰樹;伏瀬;みっつばー,2015,unknown,unknown,ongoing,Matched existing Gold work that-time-i-got-reincarnated-as-a-slime by normalized title/alias + creator overlap.
candidate-a8e7fda40fe4cfd357cf,君と綴るうたかた,,ゆあま,2021,unknown,unknown,unknown,Library-only candidate; opaque workId=work-a8e7fda40fe4cfd357cf; identity is normalized official title + matched Rakuten author; origin and original format remain unknown.
candidate-a8e87996ef571a3bad4d,ミスミソウ,,押切蓮介,2008,unknown,unknown,unknown,Library-only candidate; opaque workId=work-a8e87996ef571a3bad4d; identity is normalized official title + matched Rakuten author; origin and original format remain unknown.
candidate-a960372ed5efa4031896,シルバーマウンテン,,藤田 和日郎,2025,unknown,unknown,unknown,Library-only candidate; opaque workId=work-a960372ed5efa4031896; identity is normalized official title + matched Rakuten author; origin and original format remain unknown.
candidate-a96d64f7be96aacf16b3,リィンカーネーションの花弁,,小西幹久,2014,unknown,unknown,unknown,Library-only candidate; opaque workId=work-a96d64f7be96aacf16b3; identity is normalized official title + matched Rakuten author; origin and original format remain unknown.
candidate-a988c9cf85bf7ea7a957,KEYMAN,,わらいなく,2011,unknown,unknown,unknown,Library-only candidate; opaque workId=work-a988c9cf85bf7ea7a957; identity is normalized official title + matched Rakuten author; origin and original format remain unknown.
candidate-a9a854e6a05c6f444428,こっちむいて！みい子,,おの えりこ,1995,unknown,unknown,unknown,Library-only candidate; opaque workId=work-a9a854e6a05c6f444428; identity is normalized official title + matched Rakuten author; origin and original format remain unknown.
candidate-aa1653001088732a33e0,るみちゃんの事象,,原 克玄,2011,unknown,unknown,unknown,Library-only candidate; opaque workId=work-aa1653001088732a33e0; identity is normalized official title + matched Rakuten author; origin and original format remain unknown.
candidate-aa4bc2aeff6c6d0369f4,トラウマイスタ,,中山 敦支,2008,unknown,unknown,unknown,Library-only candidate; opaque workId=work-aa4bc2aeff6c6d0369f4; identity is normalized official title + matched Rakuten author; origin and original format remain unknown.
candidate-aa6018249b7fe7e92d95,かよちゃんの荷物,,雁須磨子,2007,unknown,unknown,unknown,Library-only candidate; opaque workId=work-aa6018249b7fe7e92d95; identity is normalized official title + matched Rakuten author; origin and original format remain unknown.
candidate-aa6d796e2e04a55b94b1,惑星のさみだれ,,水上悟志,2006,unknown,unknown,unknown,Library-only candidate; opaque workId=work-aa6d796e2e04a55b94b1; identity is normalized official title + matched Rakuten author; origin and original format remain unknown.
candidate-aa85b65d02f367e76a07,ディグイット,,ヨシダ。,2025,unknown,unknown,unknown,Library-only candidate; opaque workId=work-aa85b65d02f367e76a07; identity is normalized official title + matched Rakuten author; origin and original format remain unknown.
candidate-aaff4781a48734c79cdb,おのぼり物語,,カラスヤサトシ,,unknown,unknown,unknown,Library-only candidate; opaque workId=work-aaff4781a48734c79cdb; identity is normalized official title + matched Rakuten author; origin and original format remain unknown.
candidate-ab1258948eec0e70b1ca,またぞろ。,,幌田,2021,unknown,unknown,unknown,Library-only candidate; opaque workId=work-ab1258948eec0e70b1ca; identity is normalized official title + matched Rakuten author; origin and original format remain unknown.
candidate-ab3d5b23fb97624a6aa4,イキガミ,,間瀬 元朗,2005,unknown,unknown,unknown,Library-only candidate; opaque workId=work-ab3d5b23fb97624a6aa4; identity is normalized official title + matched Rakuten author; origin and original format remain unknown.
candidate-ab44ee168274f2a74ed1,しばたベーカリー,,鵜飼りん,2013,unknown,unknown,unknown,Library-only candidate; opaque workId=work-ab44ee168274f2a74ed1; identity is normalized official title + matched Rakuten author; origin and original format remain unknown.
candidate-ab51f5d655622c574dce,熱帯魚は雪に焦がれる,,萩埜 まこと,2017,unknown,unknown,unknown,Library-only candidate; opaque workId=work-ab51f5d655622c574dce; identity is normalized official title + matched Rakuten author; origin and original format remain unknown.
candidate-ab586cc8c5de02fad336,葬送のフリーレン,ソウソウノフリーレン,山田鐘人;アベツカサ,2020,unknown,unknown,hiatus,Matched existing Gold work frieren by normalized title/alias + creator overlap.
candidate-ab9331f7fed1990f7dc6,脳内ポイズンベリー,,水城せとな,2011,unknown,unknown,unknown,Library-only candidate; opaque workId=work-ab9331f7fed1990f7dc6; identity is normalized official title + matched Rakuten author; origin and original format remain unknown.
candidate-ab95f4d4997113e0687a,月刊少女野崎くん,,椿いづみ,2011,unknown,unknown,unknown,Library-only candidate; opaque workId=work-ab95f4d4997113e0687a; identity is normalized official title + matched Rakuten author; origin and original format remain unknown.
candidate-abec8267e69f1b6e819e,はじまりのにいな,,水森暦,2011,unknown,unknown,unknown,Library-only candidate; opaque workId=work-abec8267e69f1b6e819e; identity is normalized official title + matched Rakuten author; origin and original format remain unknown.
candidate-ac251a545ef997db9598,コロッケ！,,樫本学ヴ,2001,unknown,unknown,unknown,Library-only candidate; opaque workId=work-ac251a545ef997db9598; identity is normalized official title + matched Rakuten author; origin and original format remain unknown.
candidate-ac3ab83f61ea39ac15da,梅酒,,幸田真希,,unknown,unknown,unknown,Library-only candidate; opaque workId=work-ac3ab83f61ea39ac15da; identity is normalized official title + matched Rakuten author; origin and original format remain unknown.
candidate-ac4059b89f3366ca7a17,平和の国の島崎へ,,濱田 轟天;瀬下 猛,2022,unknown,unknown,unknown,Library-only candidate; opaque workId=work-ac4059b89f3366ca7a17; identity is normalized official title + matched Rakuten author; origin and original format remain unknown.
candidate-acaaea5cc496f6c6124a,聲の形,コエノカタチ,大今良時,2013,unknown,unknown,completed,Matched existing Gold work a-silent-voice by normalized title/alias + creator overlap.
candidate-acd21b368e5f8056c433,恋と嘘,,ムサヲ,2015,unknown,unknown,unknown,Library-only candidate; opaque workId=work-acd21b368e5f8056c433; identity is normalized official title + matched Rakuten author; origin and original format remain unknown.
candidate-acf8f385f6db7ee0548f,魔法少女201,,むちゃ,2024,unknown,unknown,unknown,Library-only candidate; opaque workId=work-acf8f385f6db7ee0548f; identity is normalized official title + matched Rakuten author; origin and original format remain unknown.
candidate-ad2b80b81b7bc9b602a3,Papa told me,,榛野なな恵,1988,unknown,unknown,unknown,Library-only candidate; opaque workId=work-ad2b80b81b7bc9b602a3; identity is normalized official title + matched Rakuten author; origin and original format remain unknown.
candidate-ad32c71b07fd13c65a79,私の推しは悪役令嬢。,,青乃 下;いのり。;花ヶ田,2020,unknown,unknown,unknown,Library-only candidate; opaque workId=work-ad32c71b07fd13c65a79; identity is normalized official title + matched Rakuten author; origin and original format remain unknown.
candidate-ad38d82ea223f178fc45,いとしのニーナ,,いくえみ綾,2007,unknown,unknown,unknown,Library-only candidate; opaque workId=work-ad38d82ea223f178fc45; identity is normalized official title + matched Rakuten author; origin and original format remain unknown.
candidate-ad594a078835b140605a,呪術廻戦,ジュジュツカイセン,芥見下々,2018,unknown,unknown,completed,Matched existing Gold work jujutsu-kaisen by normalized title/alias + creator overlap.
candidate-ad5f86af594b6869b3c4,今日からヒットマン,,むとうひろし,2006,unknown,unknown,unknown,Library-only candidate; opaque workId=work-ad5f86af594b6869b3c4; identity is normalized official title + matched Rakuten author; origin and original format remain unknown.
candidate-ad6f59e1673b2aecf05d,玲瓏館健在なりや,,冨 明仁,2010,unknown,unknown,unknown,Library-only candidate; opaque workId=work-ad6f59e1673b2aecf05d; identity is normalized official title + matched Rakuten author; origin and original format remain unknown.
candidate-ad79d2d5274424ff238a,生まれる価値のなかった自分がアンナのためにできるいくつかのこと,,永瀬ようすけ,2014,unknown,unknown,unknown,Library-only candidate; opaque workId=work-ad79d2d5274424ff238a; identity is normalized official title + matched Rakuten author; origin and original format remain unknown.
candidate-ada7dc2c1ce53daf775f,ヒストリエ,,岩明均,2003,unknown,unknown,ongoing,Matched existing Gold work historie by normalized title/alias + creator overlap.
candidate-add0fc783fd6e097741a,さよーならみなさん,,西村 ツチカ,,unknown,unknown,unknown,Library-only candidate; opaque workId=work-add0fc783fd6e097741a; identity is normalized official title + matched Rakuten author; origin and original format remain unknown.
candidate-add65891576ac41cfa2e,災禍の神は願わない,,尾羊 英,2019,unknown,unknown,unknown,Library-only candidate; opaque workId=work-add65891576ac41cfa2e; identity is normalized official title + matched Rakuten author; origin and original format remain unknown.
candidate-ae029e2e5a24c1b73ead,侵略！イカ娘,,安部真弘,2008,unknown,unknown,unknown,Library-only candidate; opaque workId=work-ae029e2e5a24c1b73ead; identity is normalized official title + matched Rakuten author; origin and original format remain unknown.
candidate-ae0ac8a5acfc5fbb7dd6,終末のワルキューレ,,アジチカ;梅村真也;フクイタクミ,2018,unknown,unknown,unknown,Library-only candidate; opaque workId=work-ae0ac8a5acfc5fbb7dd6; identity is normalized official title + matched Rakuten author; origin and original format remain unknown.
candidate-ae5b065450bddde322db,へんしんものがたり,,渡辺ペコ,,unknown,unknown,unknown,Library-only candidate; opaque workId=work-ae5b065450bddde322db; identity is normalized official title + matched Rakuten author; origin and original format remain unknown.
candidate-ae64a3beb094a9a39208,夜桜さんちの大作戦,,権平 ひつじ,2020,unknown,unknown,unknown,Library-only candidate; opaque workId=work-ae64a3beb094a9a39208; identity is normalized official title + matched Rakuten author; origin and original format remain unknown.
candidate-ae9ec8e0da7f3c8fa3c9,ダーウィン事変,,うめざわしゅん,2020,unknown,unknown,ongoing,Matched existing Gold work the-darwin-incident by normalized title/alias + creator overlap.
candidate-aea730e4f15b395ca222,ゴールデンカムイ,ゴールデンカムイ,野田サトル,2014,unknown,unknown,completed,Matched existing Gold work golden-kamuy by normalized title/alias + creator overlap.
candidate-aea8c87edc086fa7ea0e,HUMINT,,マツリ,2017,unknown,unknown,unknown,Library-only candidate; opaque workId=work-aea8c87edc086fa7ea0e; identity is normalized official title + matched Rakuten author; origin and original format remain unknown.
candidate-aefa7ad21c5edcb200f2,プルターク英雄伝,,佐藤ヒロシ,2014,unknown,unknown,unknown,Library-only candidate; opaque workId=work-aefa7ad21c5edcb200f2; identity is normalized official title + matched Rakuten author; origin and original format remain unknown.
candidate-af3443bab1c30d470a76,坂本ですが?,,佐野 菜見,2013,unknown,unknown,unknown,Library-only candidate; opaque workId=work-af3443bab1c30d470a76; identity is normalized official title + matched Rakuten author; origin and original format remain unknown.
candidate-af747063a237abf9dfc6,ききみみ図鑑,,宮田 紘次,,unknown,unknown,unknown,Library-only candidate; opaque workId=work-af747063a237abf9dfc6; identity is normalized official title + matched Rakuten author; origin and original format remain unknown.
candidate-af98ab87f1e846c26e1a,夜の須田課長,,クマザワミキコ,,unknown,unknown,unknown,Library-only candidate; opaque workId=work-af98ab87f1e846c26e1a; identity is normalized official title + matched Rakuten author; origin and original format remain unknown.
candidate-afae32577b86c1197811,迷宮ブラックカンパニー,,安村洋平,2017,unknown,unknown,unknown,Library-only candidate; opaque workId=work-afae32577b86c1197811; identity is normalized official title + matched Rakuten author; origin and original format remain unknown.
candidate-afe85672c12153071644,桐谷さん ちょっそれ食うんすか!?,,ぽんとごたんだ,2016,unknown,unknown,unknown,Library-only candidate; opaque workId=work-afe85672c12153071644; identity is normalized official title + matched Rakuten author; origin and original format remain unknown.
candidate-b016fb45e3491836d5ce,冬物語,,原 秀則,1987,unknown,unknown,unknown,Library-only candidate; opaque workId=work-b016fb45e3491836d5ce; identity is normalized official title + matched Rakuten author; origin and original format remain unknown.
candidate-b030f64d25c6108129bb,五等分の花嫁,,春場 ねぎ,2017,unknown,unknown,unknown,Library-only candidate; opaque workId=work-b030f64d25c6108129bb; identity is normalized official title + matched Rakuten author; origin and original format remain unknown.
candidate-b0393a3f0573bf223d68,モンタージュ,,渡辺潤,2010,unknown,unknown,unknown,Library-only candidate; opaque workId=work-b0393a3f0573bf223d68; identity is normalized official title + matched Rakuten author; origin and original format remain unknown.
candidate-b03c7f59e96d7019f84b,ハチワンダイバー,,柴田ヨクサル,2006,unknown,unknown,unknown,Library-only candidate; opaque workId=work-b03c7f59e96d7019f84b; identity is normalized official title + matched Rakuten author; origin and original format remain unknown.
candidate-b0baba6c795643b1db91,町田くんの世界,,安藤ゆき,2015,unknown,unknown,unknown,Library-only candidate; opaque workId=work-b0baba6c795643b1db91; identity is normalized official title + matched Rakuten author; origin and original format remain unknown.
candidate-b0d9262b5faec57443d3,ご注文はうさぎですか?,,Koi,2012,unknown,unknown,unknown,Library-only candidate; opaque workId=work-b0d9262b5faec57443d3; identity is normalized official title + matched Rakuten author; origin and original format remain unknown.
candidate-b10c683e9192b2713267,ブラステッド,,室井 大資,2009,unknown,unknown,unknown,Library-only candidate; opaque workId=work-b10c683e9192b2713267; identity is normalized official title + matched Rakuten author; origin and original format remain unknown.
candidate-b1517b435e9cba65ed3a,雅血の陰陽師,,藤本桜,2022,unknown,unknown,unknown,Library-only candidate; opaque workId=work-b1517b435e9cba65ed3a; identity is normalized official title + matched Rakuten author; origin and original format remain unknown.
candidate-b2b928add359bc4daf20,女子かう生,,若井ケン,2014,unknown,unknown,unknown,Library-only candidate; opaque workId=work-b2b928add359bc4daf20; identity is normalized official title + matched Rakuten author; origin and original format remain unknown.
candidate-b2bde60c1336c7827528,アニメがお仕事!,,石田敦子,2004,unknown,unknown,unknown,Library-only candidate; opaque workId=work-b2bde60c1336c7827528; identity is normalized official title + matched Rakuten author; origin and original format remain unknown.
candidate-b2be97620643b3342637,アオイホノオ,,島本和彦,2008,unknown,unknown,unknown,Library-only candidate; opaque workId=work-b2be97620643b3342637; identity is normalized official title + matched Rakuten author; origin and original format remain unknown.
candidate-b2c37bdb52e2a78dfd41,天幕のジャードゥーガル,,トマトスープ,2021,unknown,unknown,unknown,Library-only candidate; opaque workId=work-b2c37bdb52e2a78dfd41; identity is normalized official title + matched Rakuten author; origin and original format remain unknown.
candidate-b2e1ad54e15dd95a1f6e,架カル空ノ音,,吟鳥子,2007,unknown,unknown,unknown,Library-only candidate; opaque workId=work-b2e1ad54e15dd95a1f6e; identity is normalized official title + matched Rakuten author; origin and original format remain unknown.
candidate-b3038bdbf0c923d2df63,推しが武道館いってくれたら死ぬ,,平尾アウリ,2016,unknown,unknown,unknown,Library-only candidate; opaque workId=work-b3038bdbf0c923d2df63; identity is normalized official title + matched Rakuten author; origin and original format remain unknown.
candidate-b30deb01be407f4874d5,少女終末旅行,,つくみず,2014,unknown,unknown,unknown,Library-only candidate; opaque workId=work-b30deb01be407f4874d5; identity is normalized official title + matched Rakuten author; origin and original format remain unknown.
candidate-b34f17cb8b7a2c8347ae,草子ブックガイド,,玉川重機,,unknown,unknown,unknown,Library-only candidate; opaque workId=work-b34f17cb8b7a2c8347ae; identity is normalized official title + matched Rakuten author; origin and original format remain unknown.
candidate-b36492e3489351868c3a,さきくさの咲く頃,,ふみふみこ,,unknown,unknown,unknown,Library-only candidate; opaque workId=work-b36492e3489351868c3a; identity is normalized official title + matched Rakuten author; origin and original format remain unknown.
candidate-b3ea582f72fd539f881c,ありす、宇宙までも,,売野 機子,2024,unknown,unknown,unknown,Library-only candidate; opaque workId=work-b3ea582f72fd539f881c; identity is normalized official title + matched Rakuten author; origin and original format remain unknown.
candidate-b403d2f9699b4f8dd110,おはようおかえり,,鳥飼茜,2011,unknown,unknown,unknown,Library-only candidate; opaque workId=work-b403d2f9699b4f8dd110; identity is normalized official title + matched Rakuten author; origin and original format remain unknown.
candidate-b4284a6ef960f906d31e,友達100人できるかな,,とよ田みのる,2009,unknown,unknown,unknown,Library-only candidate; opaque workId=work-b4284a6ef960f906d31e; identity is normalized official title + matched Rakuten author; origin and original format remain unknown.
candidate-b42c82a6d81e74f36393,ママさん,,山田まりお,2007,unknown,unknown,unknown,Library-only candidate; opaque workId=work-b42c82a6d81e74f36393; identity is normalized official title + matched Rakuten author; origin and original format remain unknown.
candidate-b43179510f04ed7ad247,ワイルドマウンテン,,本秀康,2004,unknown,unknown,unknown,Library-only candidate; opaque workId=work-b43179510f04ed7ad247; identity is normalized official title + matched Rakuten author; origin and original format remain unknown.
candidate-b4959f8ba3d80eab7fdc,人造人間100,,江ノ島 だいすけ,2023,unknown,unknown,unknown,Library-only candidate; opaque workId=work-b4959f8ba3d80eab7fdc; identity is normalized official title + matched Rakuten author; origin and original format remain unknown.
candidate-b4b21d2ebe5b8efc84ea,Dr.コトー診療所,,山田 貴敏,2000,unknown,unknown,unknown,Library-only candidate; opaque workId=work-b4b21d2ebe5b8efc84ea; identity is normalized official title + matched Rakuten author; origin and original format remain unknown.
candidate-b4ba31a2137661c5d9b7,ダンジョンの幼なじみ,,久真 やすひさ,2022,unknown,unknown,unknown,Library-only candidate; opaque workId=work-b4ba31a2137661c5d9b7; identity is normalized official title + matched Rakuten author; origin and original format remain unknown.
candidate-b50b131e3e2bd7448d96,あそこではたらくムスブさん,,モリ タイシ,2018,unknown,unknown,unknown,Library-only candidate; opaque workId=work-b50b131e3e2bd7448d96; identity is normalized official title + matched Rakuten author; origin and original format remain unknown.
candidate-b5a9398b10375ab5e34a,麻宮さんの妹,,あさの,2011,unknown,unknown,unknown,Library-only candidate; opaque workId=work-b5a9398b10375ab5e34a; identity is normalized official title + matched Rakuten author; origin and original format remain unknown.
candidate-b5c4007fad3d7bbd88e6,干物妹！うまるちゃん,,サンカクヘッド,2013,unknown,unknown,unknown,Library-only candidate; opaque workId=work-b5c4007fad3d7bbd88e6; identity is normalized official title + matched Rakuten author; origin and original format remain unknown.
candidate-b61c060ab91f78b31b2b,よつばと！,ヨツバト,あずまきよひこ,2003,unknown,unknown,ongoing,Matched existing Gold work yotsuba-to by normalized title/alias + creator overlap.
candidate-b65fc340da602aa6a002,ちちゃこい日記,,サワミソノ,2014,unknown,unknown,unknown,Library-only candidate; opaque workId=work-b65fc340da602aa6a002; identity is normalized official title + matched Rakuten author; origin and original format remain unknown.
candidate-b6650814d94e1cfd8df0,でり研,,ひらふみ,2011,unknown,unknown,unknown,Library-only candidate; opaque workId=work-b6650814d94e1cfd8df0; identity is normalized official title + matched Rakuten author; origin and original format remain unknown.
candidate-b6b8409e88b672767bf5,パンク・ポンク,,たちいりハルコ,1983,unknown,unknown,unknown,Library-only candidate; opaque workId=work-b6b8409e88b672767bf5; identity is normalized official title + matched Rakuten author; origin and original format remain unknown.
candidate-b6e5ab291c28e2a29076,変ゼミ,,TAGRO,2008,unknown,unknown,unknown,Library-only candidate; opaque workId=work-b6e5ab291c28e2a29076; identity is normalized official title + matched Rakuten author; origin and original format remain unknown.
candidate-b708734262fb9b67f948,ねこだらけ,,横山キムチ,,unknown,unknown,unknown,Library-only candidate; opaque workId=work-b708734262fb9b67f948; identity is normalized official title + matched Rakuten author; origin and original format remain unknown.
candidate-b73dec44c4920042dcae,B・B,,石渡治,1985,unknown,unknown,unknown,Library-only candidate; opaque workId=work-b73dec44c4920042dcae; identity is normalized official title + matched Rakuten author; origin and original format remain unknown.
candidate-b7a1b40d29931c830f36,ベツ×バラ,,曙はる,2009,unknown,unknown,unknown,Library-only candidate; opaque workId=work-b7a1b40d29931c830f36; identity is normalized official title + matched Rakuten author; origin and original format remain unknown.
candidate-b7a7f8c204d15a5c0543,人間交差点,,矢島正雄;弘兼憲史,2003,unknown,unknown,unknown,Library-only candidate; opaque workId=work-b7a7f8c204d15a5c0543; identity is normalized official title + matched Rakuten author; origin and original format remain unknown.
candidate-b8092c99183fc1709aa5,初恋モンスター,,日吉丸晃,2013,unknown,unknown,unknown,Library-only candidate; opaque workId=work-b8092c99183fc1709aa5; identity is normalized official title + matched Rakuten author; origin and original format remain unknown.
candidate-b82f0f93fdd068ab5ade,オンノジ,,施川ユウキ,,unknown,unknown,unknown,Library-only candidate; opaque workId=work-b82f0f93fdd068ab5ade; identity is normalized official title + matched Rakuten author; origin and original format remain unknown.
candidate-b837e5e17b849ba1f16c,霧の中のラプンツェル,,あらい・まりこ,,unknown,unknown,unknown,Library-only candidate; opaque workId=work-b837e5e17b849ba1f16c; identity is normalized official title + matched Rakuten author; origin and original format remain unknown.
candidate-b870bc0a8766298e959d,チーズの時間,,山口よしのぶ;花形怜,2009,unknown,unknown,unknown,Library-only candidate; opaque workId=work-b870bc0a8766298e959d; identity is normalized official title + matched Rakuten author; origin and original format remain unknown.
candidate-b878ac041b9c56fdedee,空と原,,中村明日美子,,unknown,unknown,unknown,Library-only candidate; opaque workId=work-b878ac041b9c56fdedee; identity is normalized official title + matched Rakuten author; origin and original format remain unknown.
candidate-b8e8677c1cf0600ba9ae,ハル×キヨ,,オザキアキラ,2013,unknown,unknown,unknown,Library-only candidate; opaque workId=work-b8e8677c1cf0600ba9ae; identity is normalized official title + matched Rakuten author; origin and original format remain unknown.
candidate-b8f6b96bf69d3054f73d,スーパーマリオくん,,沢田ユキオ,1991,unknown,unknown,unknown,Library-only candidate; opaque workId=work-b8f6b96bf69d3054f73d; identity is normalized official title + matched Rakuten author; origin and original format remain unknown.
candidate-b96bf77bd21ed120dbb9,好きっていいなよ。,,葉月 かなえ,2008,unknown,unknown,unknown,Library-only candidate; opaque workId=work-b96bf77bd21ed120dbb9; identity is normalized official title + matched Rakuten author; origin and original format remain unknown.
candidate-b96dd032786014446952,ランウェイで笑って,,猪ノ谷 言葉,2017,unknown,unknown,unknown,Library-only candidate; opaque workId=work-b96dd032786014446952; identity is normalized official title + matched Rakuten author; origin and original format remain unknown.
candidate-b96ddda6b8c1e557a1aa,AIの遺電子,,山田胡瓜,2016,unknown,unknown,unknown,Library-only candidate; opaque workId=work-b96ddda6b8c1e557a1aa; identity is normalized official title + matched Rakuten author; origin and original format remain unknown.
candidate-b986b14ce64ba5081a4c,1122,,渡辺 ペコ,2017,unknown,unknown,unknown,Library-only candidate; opaque workId=work-b986b14ce64ba5081a4c; identity is normalized official title + matched Rakuten author; origin and original format remain unknown.
candidate-b9b5c17e13ccb24f624c,K-9 警視庁公安部公安第9課異能対策係,,奧山 哲矢,2025,unknown,unknown,unknown,Library-only candidate; opaque workId=work-b9b5c17e13ccb24f624c; identity is normalized official title + matched Rakuten author; origin and original format remain unknown.
candidate-b9d10a19087fe9608c87,おかみさん,,一丸,1991,unknown,unknown,unknown,Library-only candidate; opaque workId=work-b9d10a19087fe9608c87; identity is normalized official title + matched Rakuten author; origin and original format remain unknown.
candidate-ba0f61184218109003a3,この愛は、異端。,,森山絵凪,2017,unknown,unknown,unknown,Library-only candidate; opaque workId=work-ba0f61184218109003a3; identity is normalized official title + matched Rakuten author; origin and original format remain unknown.
candidate-ba25b1e7c446ec3c01b7,やがて絵筆を映ろし君は,,起田 ねぐせ,2026,unknown,unknown,unknown,Library-only candidate; opaque workId=work-ba25b1e7c446ec3c01b7; identity is normalized official title + matched Rakuten author; origin and original format remain unknown.
candidate-ba268cddc64ed3a4cf32,ギャルと恐竜,,森 もり子;トミムラ コタ,2019,unknown,unknown,unknown,Library-only candidate; opaque workId=work-ba268cddc64ed3a4cf32; identity is normalized official title + matched Rakuten author; origin and original format remain unknown.
candidate-ba9a377f97f53eb2a746,はちみつの花,,木内たつや,2006,unknown,unknown,unknown,Library-only candidate; opaque workId=work-ba9a377f97f53eb2a746; identity is normalized official title + matched Rakuten author; origin and original format remain unknown.
candidate-bab766aa49cd922c0b11,千歳ヲチコチ,,D・キッサン,2011,unknown,unknown,unknown,Library-only candidate; opaque workId=work-bab766aa49cd922c0b11; identity is normalized official title + matched Rakuten author; origin and original format remain unknown.
candidate-babec3af85aa4c567660,ふらいんぐうぃっち,,石塚千尋,2012,unknown,unknown,ongoing,Matched existing Gold work flying-witch by normalized title/alias + creator overlap.
candidate-bad930ace10caa55d7e2,この音とまれ!,,アミュー,2012,unknown,unknown,unknown,Library-only candidate; opaque workId=work-bad930ace10caa55d7e2; identity is normalized official title + matched Rakuten author; origin and original format remain unknown.
candidate-baf3c9c7f657242aa194,青春兵器ナンバーワン,,長谷川 智広,2017,unknown,unknown,unknown,Library-only candidate; opaque workId=work-baf3c9c7f657242aa194; identity is normalized official title + matched Rakuten author; origin and original format remain unknown.
candidate-bb654a8f2166bed49f9a,みどりのまきば,,御徒町鳩,2009,unknown,unknown,unknown,Library-only candidate; opaque workId=work-bb654a8f2166bed49f9a; identity is normalized official title + matched Rakuten author; origin and original format remain unknown.
candidate-bb69c71a844a88a47969,椿町ロンリープラネット,,やまもり三香,2015,unknown,unknown,unknown,Library-only candidate; opaque workId=work-bb69c71a844a88a47969; identity is normalized official title + matched Rakuten author; origin and original format remain unknown.
candidate-bb7c2a4f63ef8e781606,一度だけでも、後悔してます。,,宮原 都,2020,unknown,unknown,unknown,Library-only candidate; opaque workId=work-bb7c2a4f63ef8e781606; identity is normalized official title + matched Rakuten author; origin and original format remain unknown.
candidate-bb7f73d695b719a6adbf,ぷるるんワンダーランド,,ながしま超助,,unknown,unknown,unknown,Library-only candidate; opaque workId=work-bb7f73d695b719a6adbf; identity is normalized official title + matched Rakuten author; origin and original format remain unknown.
candidate-bb8ed9d87c9da1591e4c,信長の忍び,,重野なおき,2009,unknown,unknown,unknown,Library-only candidate; opaque workId=work-bb8ed9d87c9da1591e4c; identity is normalized official title + matched Rakuten author; origin and original format remain unknown.
candidate-bb9ee891b6fcd3ddf2db,しょぼにゃん,,きっか,2011,unknown,unknown,unknown,Library-only candidate; opaque workId=work-bb9ee891b6fcd3ddf2db; identity is normalized official title + matched Rakuten author; origin and original format remain unknown.
candidate-bbac2743f6c44efda949,アサギロ,,ヒラマツミノル,2009,unknown,unknown,unknown,Library-only candidate; opaque workId=work-bbac2743f6c44efda949; identity is normalized official title + matched Rakuten author; origin and original format remain unknown.
candidate-bbeeaad9e37ab267dc29,僕とロボコ,,宮崎 周平,2020,unknown,unknown,unknown,Library-only candidate; opaque workId=work-bbeeaad9e37ab267dc29; identity is normalized official title + matched Rakuten author; origin and original format remain unknown.
candidate-bc030e8a35e7adf54ca6,僕のヒーローアカデミア,ボクノヒーローアカデミア,堀越耕平,2014,unknown,unknown,completed,Matched existing Gold work my-hero-academia by normalized title/alias + creator overlap.
candidate-bc213d5c418d27ebcf2a,妹は知っている,,雁木 万里,2025,unknown,unknown,unknown,Library-only candidate; opaque workId=work-bc213d5c418d27ebcf2a; identity is normalized official title + matched Rakuten author; origin and original format remain unknown.
candidate-bc2998e79453ac2113e7,総理倶楽部,,日丸屋 秀和;佐倉 ケンイチ,2021,unknown,unknown,unknown,Library-only candidate; opaque workId=work-bc2998e79453ac2113e7; identity is normalized official title + matched Rakuten author; origin and original format remain unknown.
candidate-bc3adc5541bc8e96c5fd,たいようのいえ,,タアモ,2010,unknown,unknown,unknown,Library-only candidate; opaque workId=work-bc3adc5541bc8e96c5fd; identity is normalized official title + matched Rakuten author; origin and original format remain unknown.
candidate-bc50d9b0573bc07a986d,魔街の坂,,中村哲也,2014,unknown,unknown,unknown,Library-only candidate; opaque workId=work-bc50d9b0573bc07a986d; identity is normalized official title + matched Rakuten author; origin and original format remain unknown.
candidate-bc7561b3680492d55be9,あそびあそばせ,,涼川りん,2016,unknown,unknown,unknown,Library-only candidate; opaque workId=work-bc7561b3680492d55be9; identity is normalized official title + matched Rakuten author; origin and original format remain unknown.
candidate-bc8093205bdb1ae22eb2,焔の眼,,押切蓮介,2012,unknown,unknown,unknown,Library-only candidate; opaque workId=work-bc8093205bdb1ae22eb2; identity is normalized official title + matched Rakuten author; origin and original format remain unknown.
candidate-bcd43d3188c2533e1068,イルミナシオン,,ヤマシタトモコ,,unknown,unknown,unknown,Library-only candidate; opaque workId=work-bcd43d3188c2533e1068; identity is normalized official title + matched Rakuten author; origin and original format remain unknown.
candidate-bcf6814e2f138e3d4b6e,モトカノ☆食堂,,大井昌和,2014,unknown,unknown,unknown,Library-only candidate; opaque workId=work-bcf6814e2f138e3d4b6e; identity is normalized official title + matched Rakuten author; origin and original format remain unknown.
candidate-bd42208a660912d9d95d,路地恋花,,麻生みこと,2010,unknown,unknown,unknown,Library-only candidate; opaque workId=work-bd42208a660912d9d95d; identity is normalized official title + matched Rakuten author; origin and original format remain unknown.
candidate-bd5bdc4150f30a07971b,センセイの鞄,,谷口ジロー;川上弘美,2009,unknown,unknown,unknown,Library-only candidate; opaque workId=work-bd5bdc4150f30a07971b; identity is normalized official title + matched Rakuten author; origin and original format remain unknown.
candidate-bd5c323a3dbc9f3a04d4,来世は他人がいい,,小西 明日翔,2017,unknown,unknown,unknown,Library-only candidate; opaque workId=work-bd5c323a3dbc9f3a04d4; identity is normalized official title + matched Rakuten author; origin and original format remain unknown.
candidate-bd651877af1038890ba4,メダリスト,,つるまいかだ,2020,unknown,unknown,ongoing,Matched existing Gold work medalist by normalized title/alias + creator overlap.
candidate-bdcf8de5aebcef0e1ed5,トリコ,,島袋光年,2008,unknown,unknown,unknown,Library-only candidate; opaque workId=work-bdcf8de5aebcef0e1ed5; identity is normalized official title + matched Rakuten author; origin and original format remain unknown.
candidate-bdd1eac9ae8471a4dbbc,モテるマンガ,,ソウ;ゆうきゆう,2013,unknown,unknown,unknown,Library-only candidate; opaque workId=work-bdd1eac9ae8471a4dbbc; identity is normalized official title + matched Rakuten author; origin and original format remain unknown.
candidate-be1ed2eccb1bdce989bd,人形の国,,弐瓶 勉,2017,unknown,unknown,unknown,Library-only candidate; opaque workId=work-be1ed2eccb1bdce989bd; identity is normalized official title + matched Rakuten author; origin and original format remain unknown.
candidate-be54044322b24ee62dba,ドカベン ドリームトーナメント編,,水島新司,2012,unknown,unknown,unknown,Library-only candidate; opaque workId=work-be54044322b24ee62dba; identity is normalized official title + matched Rakuten author; origin and original format remain unknown.
candidate-be6fdcb10451af4f7569,DROPS,,阿仁谷ユイジ,,unknown,unknown,unknown,Library-only candidate; opaque workId=work-be6fdcb10451af4f7569; identity is normalized official title + matched Rakuten author; origin and original format remain unknown.
candidate-be718dc826c927adf274,テラフォーマーズ,,橘賢一;貴家悠,2012,unknown,unknown,unknown,Library-only candidate; opaque workId=work-be718dc826c927adf274; identity is normalized official title + matched Rakuten author; origin and original format remain unknown.
candidate-be770c8b3ea29cdbf874,空母いぶき,,かわぐちかいじ;惠谷治,2015,unknown,unknown,unknown,Library-only candidate; opaque workId=work-be770c8b3ea29cdbf874; identity is normalized official title + matched Rakuten author; origin and original format remain unknown.
candidate-be8ce654b5d7e7b3fdfb,金の国 水の国,,岩本 ナオ,,unknown,unknown,unknown,Library-only candidate; opaque workId=work-be8ce654b5d7e7b3fdfb; identity is normalized official title + matched Rakuten author; origin and original format remain unknown.
candidate-be8d528fa1e3ae0e6d31,往生際の意味を知れ！,,米代 恭,2020,unknown,unknown,unknown,Library-only candidate; opaque workId=work-be8d528fa1e3ae0e6d31; identity is normalized official title + matched Rakuten author; origin and original format remain unknown.
candidate-be90023564b36a3b0eac,ライアー×ライアー,,金田一 蓮十郎,2010,unknown,unknown,unknown,Library-only candidate; opaque workId=work-be90023564b36a3b0eac; identity is normalized official title + matched Rakuten author; origin and original format remain unknown.
candidate-bf1cc824209498660888,ＥＶＩＬ ＨＥＡＲＴ,,武富智,2005,unknown,unknown,unknown,Library-only candidate; opaque workId=work-bf1cc824209498660888; identity is normalized official title + matched Rakuten author; origin and original format remain unknown.
candidate-bf93a2347af2a15a05d8,光が死んだ夏,,モクモクれん,2021,unknown,unknown,ongoing,Matched existing Gold work the-summer-hikaru-died by normalized title/alias + creator overlap.
candidate-c04f65770fcfd22abb9f,ゆびさきと恋々,,森下suu,2019,unknown,unknown,ongoing,Matched existing Gold work a-sign-of-affection by normalized title/alias + creator overlap.
candidate-c0a4903a040d0f704d18,レストー夫人,,三島芳治,,unknown,unknown,unknown,Library-only candidate; opaque workId=work-c0a4903a040d0f704d18; identity is normalized official title + matched Rakuten author; origin and original format remain unknown.
candidate-c0c630ff4d186daf762d,龍とカメレオン,,石山諒,2023,unknown,unknown,unknown,Library-only candidate; opaque workId=work-c0c630ff4d186daf762d; identity is normalized official title + matched Rakuten author; origin and original format remain unknown.
candidate-c0e989c7b8bb7447840b,タケヲちゃん物怪録,,とよ田みのる,2012,unknown,unknown,unknown,Library-only candidate; opaque workId=work-c0e989c7b8bb7447840b; identity is normalized official title + matched Rakuten author; origin and original format remain unknown.
candidate-c1304bfa319ba318368e,田中くんはいつもけだるげ,,ウダノゾミ,2014,unknown,unknown,unknown,Library-only candidate; opaque workId=work-c1304bfa319ba318368e; identity is normalized official title + matched Rakuten author; origin and original format remain unknown.
candidate-c133f39d62dde2fa3e1d,アオのハコ,,三浦糀,2021,unknown,unknown,ongoing,Matched existing Gold work blue-box by normalized title/alias + creator overlap.
candidate-c13afa217a833f90bc3c,手紙物語,,鳥野しの,,unknown,unknown,unknown,Library-only candidate; opaque workId=work-c13afa217a833f90bc3c; identity is normalized official title + matched Rakuten author; origin and original format remain unknown.
candidate-c14e82937201df34495d,ワンパンマン,,ONE;村田 雄介,2012,unknown,unknown,unknown,Library-only candidate; opaque workId=work-c14e82937201df34495d; identity is normalized official title + matched Rakuten author; origin and original format remain unknown.
candidate-c221a17d6b962b17c9f4,屍鬼,,藤崎竜;小野不由美,2007,unknown,unknown,unknown,Library-only candidate; opaque workId=work-c221a17d6b962b17c9f4; identity is normalized official title + matched Rakuten author; origin and original format remain unknown.
candidate-c24c7f023810516a931c,同級生,,中村明日美子,,unknown,unknown,unknown,Library-only candidate; opaque workId=work-c24c7f023810516a931c; identity is normalized official title + matched Rakuten author; origin and original format remain unknown.
candidate-c2564ae48ae5e689ea66,バクマン。,,小畑 健;大場 つぐみ,2009,unknown,unknown,unknown,Library-only candidate; opaque workId=work-c2564ae48ae5e689ea66; identity is normalized official title + matched Rakuten author; origin and original format remain unknown.
candidate-c2a0771485686391ac82,7SEEDS,,田村由美,2001,unknown,unknown,completed,Matched existing Gold work 7seeds by normalized title/alias + creator overlap.
candidate-c2d28d298730bdf6ee33,僕たちがやりました,,荒木光;金城宗幸,2015,unknown,unknown,unknown,Library-only candidate; opaque workId=work-c2d28d298730bdf6ee33; identity is normalized official title + matched Rakuten author; origin and original format remain unknown.
candidate-c2df32661c0b925ff74f,カラオケ行こ！,,和山 やま,,unknown,unknown,unknown,Library-only candidate; opaque workId=work-c2df32661c0b925ff74f; identity is normalized official title + matched Rakuten author; origin and original format remain unknown.
candidate-c2e1a97976346530a420,魔力枯れのダークエルフ,,板橋 大祐,2026,unknown,unknown,unknown,Library-only candidate; opaque workId=work-c2e1a97976346530a420; identity is normalized official title + matched Rakuten author; origin and original format remain unknown.
candidate-c2f3864045578cebb590,となりの猫と恋知らず,,あきのこ,2024,unknown,unknown,unknown,Library-only candidate; opaque workId=work-c2f3864045578cebb590; identity is normalized official title + matched Rakuten author; origin and original format remain unknown.
candidate-c318fd52f1da01533910,間違った子を魔法少女にしてしまった,,双龍,2017,unknown,unknown,unknown,Library-only candidate; opaque workId=work-c318fd52f1da01533910; identity is normalized official title + matched Rakuten author; origin and original format remain unknown.
candidate-c327594a74d5eb536b5a,赤羽骨子のボディガード,,丹月 正光,2023,unknown,unknown,unknown,Library-only candidate; opaque workId=work-c327594a74d5eb536b5a; identity is normalized official title + matched Rakuten author; origin and original format remain unknown.
candidate-c3396a2a9fa22ab73971,ぼくらの17-ON!,,アキヤマ香,2013,unknown,unknown,unknown,Library-only candidate; opaque workId=work-c3396a2a9fa22ab73971; identity is normalized official title + matched Rakuten author; origin and original format remain unknown.
candidate-c3a1b26e0fc059b351ca,キミと話がしたいのだ。,,オザキミカ,2012,unknown,unknown,unknown,Library-only candidate; opaque workId=work-c3a1b26e0fc059b351ca; identity is normalized official title + matched Rakuten author; origin and original format remain unknown.
candidate-c3b522b077189878e8ab,あまちんは自称♂,,寺井 赤音,2017,unknown,unknown,unknown,Library-only candidate; opaque workId=work-c3b522b077189878e8ab; identity is normalized official title + matched Rakuten author; origin and original format remain unknown.
candidate-c3d4d2e43bf3ecaf7f9a,神様がうそをつく。,,尾崎 かおり,,unknown,unknown,unknown,Library-only candidate; opaque workId=work-c3d4d2e43bf3ecaf7f9a; identity is normalized official title + matched Rakuten author; origin and original format remain unknown.
candidate-c3fd0f24e8e29bf2f93a,だんドーン,,泰 三子,2023,unknown,unknown,unknown,Library-only candidate; opaque workId=work-c3fd0f24e8e29bf2f93a; identity is normalized official title + matched Rakuten author; origin and original format remain unknown.
candidate-c480fbff0341ffcc2d17,しのびごと,,みたらし 三大;たけぐし 一本,2025,unknown,unknown,unknown,Library-only candidate; opaque workId=work-c480fbff0341ffcc2d17; identity is normalized official title + matched Rakuten author; origin and original format remain unknown.
candidate-c49988385e99e0ae7089,ブランチライン,,池辺 葵,2020,unknown,unknown,unknown,Library-only candidate; opaque workId=work-c49988385e99e0ae7089; identity is normalized official title + matched Rakuten author; origin and original format remain unknown.
candidate-c4abbc1b44fa5706bce3,風光る,,渡辺 多恵子,1997,unknown,unknown,unknown,Library-only candidate; opaque workId=work-c4abbc1b44fa5706bce3; identity is normalized official title + matched Rakuten author; origin and original format remain unknown.
candidate-c50ea94bb66f72c679a2,機械仕掛けの愛,,業田 良家,2012,unknown,unknown,unknown,Library-only candidate; opaque workId=work-c50ea94bb66f72c679a2; identity is normalized official title + matched Rakuten author; origin and original format remain unknown.
candidate-c55467873ec70e670484,大ダーク,,林田 球,2019,unknown,unknown,unknown,Library-only candidate; opaque workId=work-c55467873ec70e670484; identity is normalized official title + matched Rakuten author; origin and original format remain unknown.
candidate-c55cfa2eba7b2880ab10,ベントラーベントラー,,野村亮馬,2009,unknown,unknown,unknown,Library-only candidate; opaque workId=work-c55cfa2eba7b2880ab10; identity is normalized official title + matched Rakuten author; origin and original format remain unknown.
candidate-c578b9f1ab6212044971,もずく、ウォーキング!,,施川ユウキ,2006,unknown,unknown,unknown,Library-only candidate; opaque workId=work-c578b9f1ab6212044971; identity is normalized official title + matched Rakuten author; origin and original format remain unknown.
candidate-c5b0930ce00dcf865406,ONE PIECE,ワンピース,尾田栄一郎,1997,unknown,unknown,ongoing,Matched existing Gold work one-piece by normalized title/alias + creator overlap.
candidate-c5bfedbb9ee87b8dea2b,ファンシィダンス,,岡野玲子,1985,unknown,unknown,unknown,Library-only candidate; opaque workId=work-c5bfedbb9ee87b8dea2b; identity is normalized official title + matched Rakuten author; origin and original format remain unknown.
candidate-c5c2695ad33fd05af945,カッコウの許嫁,,吉河 美希,2020,unknown,unknown,unknown,Library-only candidate; opaque workId=work-c5c2695ad33fd05af945; identity is normalized official title + matched Rakuten author; origin and original format remain unknown.
candidate-c5e8c957903bf1832dc5,日々ロック,,榎屋克優,2010,unknown,unknown,unknown,Library-only candidate; opaque workId=work-c5e8c957903bf1832dc5; identity is normalized official title + matched Rakuten author; origin and original format remain unknown.
candidate-c61aa83d0482e2863eb3,九龍ジェネリックロマンス,,眉月じゅん,2019,unknown,unknown,completed,Matched existing Gold work kowloon-generic-romance by normalized title/alias + creator overlap.
candidate-c62cd8a81b67b2feb839,バウンスバック,,こしの りょう,2021,unknown,unknown,unknown,Library-only candidate; opaque workId=work-c62cd8a81b67b2feb839; identity is normalized official title + matched Rakuten author; origin and original format remain unknown.
candidate-c6418f7b70cff810199c,カブのイサキ,,芦奈野ひとし,2008,unknown,unknown,unknown,Library-only candidate; opaque workId=work-c6418f7b70cff810199c; identity is normalized official title + matched Rakuten author; origin and original format remain unknown.
candidate-c642eab6cae97c9cd9a3,ぼっち・ざ・ろっく！,ボッチザロック,はまじあき,2018,unknown,unknown,ongoing,Matched existing Gold work bocchi-the-rock by normalized title/alias + creator overlap.
candidate-c65ce967e028013d13dd,一匹と九十九匹と,,うめざわしゅん,2011,unknown,unknown,unknown,Library-only candidate; opaque workId=work-c65ce967e028013d13dd; identity is normalized official title + matched Rakuten author; origin and original format remain unknown.
candidate-c688b00ba5b432f77bf8,ケルベロス,,フクイタクミ,2010,unknown,unknown,unknown,Library-only candidate; opaque workId=work-c688b00ba5b432f77bf8; identity is normalized official title + matched Rakuten author; origin and original format remain unknown.
candidate-c6b3f1cb34d8b4a922dc,カリュクス,,岬下部せすな,2014,unknown,unknown,unknown,Library-only candidate; opaque workId=work-c6b3f1cb34d8b4a922dc; identity is normalized official title + matched Rakuten author; origin and original format remain unknown.
candidate-c6c0a2cca6e4cd0b1290,Kiss×sis,,ぢたま某,2007,unknown,unknown,unknown,Library-only candidate; opaque workId=work-c6c0a2cca6e4cd0b1290; identity is normalized official title + matched Rakuten author; origin and original format remain unknown.
candidate-c6f4ede212b6475ffb81,黙示録の四騎士,,鈴木 央,2021,unknown,unknown,unknown,Library-only candidate; opaque workId=work-c6f4ede212b6475ffb81; identity is normalized official title + matched Rakuten author; origin and original format remain unknown.
candidate-c70511031405e0fb5c11,Ｈｅｌｃｋ,,七尾 ナナキ,2014,unknown,unknown,unknown,Library-only candidate; opaque workId=work-c70511031405e0fb5c11; identity is normalized official title + matched Rakuten author; origin and original format remain unknown.
candidate-c7280f9dcc2754d3f864,鵺の陰陽師,,川江 康太,2023,unknown,unknown,unknown,Library-only candidate; opaque workId=work-c7280f9dcc2754d3f864; identity is normalized official title + matched Rakuten author; origin and original format remain unknown.
candidate-c76c68896af3ef46e620,Doubt,,外海良基,2007,unknown,unknown,unknown,Library-only candidate; opaque workId=work-c76c68896af3ef46e620; identity is normalized official title + matched Rakuten author; origin and original format remain unknown.
candidate-c78d636e59db94289c27,ウソツキ！ゴクオーくん,,吉もと誠,2012,unknown,unknown,unknown,Library-only candidate; opaque workId=work-c78d636e59db94289c27; identity is normalized official title + matched Rakuten author; origin and original format remain unknown.
candidate-c7d52715d5210ef9abc6,さよならさよなら、またあした,,シギサワカヤ,,unknown,unknown,unknown,Library-only candidate; opaque workId=work-c7d52715d5210ef9abc6; identity is normalized official title + matched Rakuten author; origin and original format remain unknown.
candidate-c7e065f61bb7a176ee56,臨死!!江古田ちゃん,,瀧波ユカリ,2006,unknown,unknown,unknown,Library-only candidate; opaque workId=work-c7e065f61bb7a176ee56; identity is normalized official title + matched Rakuten author; origin and original format remain unknown.
candidate-c805c5b70111f75d6fb5,海獣の子供,,五十嵐 大介,2007,unknown,unknown,unknown,Library-only candidate; opaque workId=work-c805c5b70111f75d6fb5; identity is normalized official title + matched Rakuten author; origin and original format remain unknown.
candidate-c8243866b7c8a6d9a2f8,町でうわさの天狗の子,,岩本ナオ,2007,unknown,unknown,unknown,Library-only candidate; opaque workId=work-c8243866b7c8a6d9a2f8; identity is normalized official title + matched Rakuten author; origin and original format remain unknown.
candidate-c8483ec374a763860621,雪解けとアガパンサス,,なうち,2023,unknown,unknown,unknown,Library-only candidate; opaque workId=work-c8483ec374a763860621; identity is normalized official title + matched Rakuten author; origin and original format remain unknown.
candidate-c88171b2210a4dc37f79,向ヒ兎堂日記,,鷹野久,2012,unknown,unknown,unknown,Library-only candidate; opaque workId=work-c88171b2210a4dc37f79; identity is normalized official title + matched Rakuten author; origin and original format remain unknown.
candidate-c8a0ff9f73cf58a0286d,アンサングシンデレラ 病院薬剤師 葵みどり,,荒井ママレ;富野浩充,2018,unknown,unknown,unknown,Library-only candidate; opaque workId=work-c8a0ff9f73cf58a0286d; identity is normalized official title + matched Rakuten author; origin and original format remain unknown.
candidate-c8aef6141e1d61baa960,鉄風,,太田 モアレ,2010,unknown,unknown,unknown,Library-only candidate; opaque workId=work-c8aef6141e1d61baa960; identity is normalized official title + matched Rakuten author; origin and original format remain unknown.
candidate-c8e86b62755ca0f07faf,東伍郎とまろすけ,,長月 キュー,2014,unknown,unknown,unknown,Library-only candidate; opaque workId=work-c8e86b62755ca0f07faf; identity is normalized official title + matched Rakuten author; origin and original format remain unknown.
candidate-c93dbd250009ef690967,早乙女選手、ひたかくす,,水口 尚樹,2016,unknown,unknown,unknown,Library-only candidate; opaque workId=work-c93dbd250009ef690967; identity is normalized official title + matched Rakuten author; origin and original format remain unknown.
candidate-c9dfbc3276f178d51de6,pupa,,茂木清香,2011,unknown,unknown,unknown,Library-only candidate; opaque workId=work-c9dfbc3276f178d51de6; identity is normalized official title + matched Rakuten author; origin and original format remain unknown.
candidate-c9e32218e26c6c6292f9,ファントムバスターズ,,ネオショコ,2023,unknown,unknown,unknown,Library-only candidate; opaque workId=work-c9e32218e26c6c6292f9; identity is normalized official title + matched Rakuten author; origin and original format remain unknown.
candidate-ca1f317f8da177453f1e,ダイヤのＡ,,寺嶋裕二,2006,unknown,unknown,completed,Matched existing Gold work ace-of-the-diamond by normalized title/alias + creator overlap.
candidate-ca2c6203e55caa0969f6,鬼滅の刃,キメツノヤイバ,吾峠呼世晴,2016,unknown,unknown,completed,Matched existing Gold work demon-slayer by normalized title/alias + creator overlap.
candidate-ca3996e94bd30fa71078,狼の口 ヴォルフスムント,,久慈 光久,2010,unknown,unknown,unknown,Library-only candidate; opaque workId=work-ca3996e94bd30fa71078; identity is normalized official title + matched Rakuten author; origin and original format remain unknown.
candidate-ca3b272242f844b81d5d,ハウアーユー？,,山本美希,,unknown,unknown,unknown,Library-only candidate; opaque workId=work-ca3b272242f844b81d5d; identity is normalized official title + matched Rakuten author; origin and original format remain unknown.
candidate-ca9e45ed0028858c0126,蟹に誘われて,,panpanya,,unknown,unknown,unknown,Library-only candidate; opaque workId=work-ca9e45ed0028858c0126; identity is normalized official title + matched Rakuten author; origin and original format remain unknown.
candidate-cb207e7c8d5d028e4e7e,シドニアの騎士,シドニアノキシ,弐瓶勉,2009,unknown,unknown,completed,Matched existing Gold work knights-of-sidonia by normalized title/alias + creator overlap.
candidate-cb61c70a466a77afa0ea,ダメおやじ,,古谷三敏,,unknown,unknown,unknown,Library-only candidate; opaque workId=work-cb61c70a466a77afa0ea; identity is normalized official title + matched Rakuten author; origin and original format remain unknown.
candidate-cb8cbf442782052b23a3,ケシカスくん,,村瀬 範行,2005,unknown,unknown,unknown,Library-only candidate; opaque workId=work-cb8cbf442782052b23a3; identity is normalized official title + matched Rakuten author; origin and original format remain unknown.
candidate-cc2d5952736da056de67,ママゴト,,松田洋子,2011,unknown,unknown,unknown,Library-only candidate; opaque workId=work-cc2d5952736da056de67; identity is normalized official title + matched Rakuten author; origin and original format remain unknown.
candidate-cc4b609492878251813a,Ｂ型Ｈ系,,さんりようこ,2005,unknown,unknown,unknown,Library-only candidate; opaque workId=work-cc4b609492878251813a; identity is normalized official title + matched Rakuten author; origin and original format remain unknown.
candidate-cc64c0784ed6b3bae423,私がモテてどうすんだ,,ぢゅん子,2013,unknown,unknown,unknown,Library-only candidate; opaque workId=work-cc64c0784ed6b3bae423; identity is normalized official title + matched Rakuten author; origin and original format remain unknown.
candidate-cc6eb4f6a20f26a720fe,激辛！カレー王子,,加茂誠,2013,unknown,unknown,unknown,Library-only candidate; opaque workId=work-cc6eb4f6a20f26a720fe; identity is normalized official title + matched Rakuten author; origin and original format remain unknown.
candidate-ccbb3649a83639ac4da6,夏目アラタの結婚,,乃木坂 太郎,2019,unknown,unknown,unknown,Library-only candidate; opaque workId=work-ccbb3649a83639ac4da6; identity is normalized official title + matched Rakuten author; origin and original format remain unknown.
candidate-ccd2699707d53f99e8c5,あとかたの街,,おざわ ゆき,2014,unknown,unknown,unknown,Library-only candidate; opaque workId=work-ccd2699707d53f99e8c5; identity is normalized official title + matched Rakuten author; origin and original format remain unknown.
candidate-ccf0ddff9c6410c4de14,サンキューピッチ,,住吉 九,2024,unknown,unknown,unknown,Library-only candidate; opaque workId=work-ccf0ddff9c6410c4de14; identity is normalized official title + matched Rakuten author; origin and original format remain unknown.
candidate-cd3cb029fa0bf74fbafb,夢色パティシエール,,松本夏実,2008,unknown,unknown,unknown,Library-only candidate; opaque workId=work-cd3cb029fa0bf74fbafb; identity is normalized official title + matched Rakuten author; origin and original format remain unknown.
candidate-cd774412c9f29141af14,主に泣いてます,,東村アキコ,2010,unknown,unknown,unknown,Library-only candidate; opaque workId=work-cd774412c9f29141af14; identity is normalized official title + matched Rakuten author; origin and original format remain unknown.
candidate-cdea0de31a3f18475c62,IPPO,,えすとえむ,2012,unknown,unknown,unknown,Library-only candidate; opaque workId=work-cdea0de31a3f18475c62; identity is normalized official title + matched Rakuten author; origin and original format remain unknown.
candidate-cdef8cfd678998a51447,うさぎドロップ,,宇仁田ゆみ,2005,unknown,unknown,unknown,Library-only candidate; opaque workId=work-cdef8cfd678998a51447; identity is normalized official title + matched Rakuten author; origin and original format remain unknown.
candidate-cdf549d4b1888153e146,ダンダダン,,龍 幸伸,2021,unknown,unknown,unknown,Library-only candidate; opaque workId=work-cdf549d4b1888153e146; identity is normalized official title + matched Rakuten author; origin and original format remain unknown.
candidate-ce00dfcc098d1bebdcd7,ノーバディクライ,,サトーユキエ,,unknown,unknown,unknown,Library-only candidate; opaque workId=work-ce00dfcc098d1bebdcd7; identity is normalized official title + matched Rakuten author; origin and original format remain unknown.
candidate-ce15a744022a34a1c02e,PEACE MAKER,,皆川亮二,2008,unknown,unknown,unknown,Library-only candidate; opaque workId=work-ce15a744022a34a1c02e; identity is normalized official title + matched Rakuten author; origin and original format remain unknown.
candidate-ce5919ff30d9ef01e3e1,大砲とスタンプ,,速水 螺旋人,2011,unknown,unknown,unknown,Library-only candidate; opaque workId=work-ce5919ff30d9ef01e3e1; identity is normalized official title + matched Rakuten author; origin and original format remain unknown.
candidate-ce62d62940841d6bb152,星が原あおまんじゅうの森,,岩岡ヒサエ,2009,unknown,unknown,unknown,Library-only candidate; opaque workId=work-ce62d62940841d6bb152; identity is normalized official title + matched Rakuten author; origin and original format remain unknown.
candidate-ce6a8fb8a086bcaa5737,ホタルノヒカリ,,ひうら さとる,2005,unknown,unknown,unknown,Library-only candidate; opaque workId=work-ce6a8fb8a086bcaa5737; identity is normalized official title + matched Rakuten author; origin and original format remain unknown.
candidate-ced7a8e6d9c3b8147702,水は海に向かって流れる,,田島 列島,2018,unknown,unknown,unknown,Library-only candidate; opaque workId=work-ced7a8e6d9c3b8147702; identity is normalized official title + matched Rakuten author; origin and original format remain unknown.
candidate-cf86722f9ad7a28a7433,君は放課後インソムニア,,オジロ マコト,2019,unknown,unknown,unknown,Library-only candidate; opaque workId=work-cf86722f9ad7a28a7433; identity is normalized official title + matched Rakuten author; origin and original format remain unknown.
candidate-cfe65b2baf6eb1c27b42,帝一の國,,古屋兎丸,2011,unknown,unknown,unknown,Library-only candidate; opaque workId=work-cfe65b2baf6eb1c27b42; identity is normalized official title + matched Rakuten author; origin and original format remain unknown.
candidate-d004b9c38f07ed80aebf,恋と成,,東谷文仁,2012,unknown,unknown,unknown,Library-only candidate; opaque workId=work-d004b9c38f07ed80aebf; identity is normalized official title + matched Rakuten author; origin and original format remain unknown.
candidate-d00935b9f2ba0897925d,サムライカアサン,,板羽皆,2006,unknown,unknown,unknown,Library-only candidate; opaque workId=work-d00935b9f2ba0897925d; identity is normalized official title + matched Rakuten author; origin and original format remain unknown.
candidate-d02d7530d9eabb88ed8a,野良猫と狼,,ミユキ 蜜蜂,2020,unknown,unknown,unknown,Library-only candidate; opaque workId=work-d02d7530d9eabb88ed8a; identity is normalized official title + matched Rakuten author; origin and original format remain unknown.
candidate-d09b50b5ea9bc881b613,ヴィンランド・サガ,ヴィンランドサガ,幸村誠,2005,unknown,unknown,completed,Matched existing Gold work vinland-saga by normalized title/alias + creator overlap.
candidate-d0a927fd10c26eb77059,メタモルフォーゼの縁側,,鶴谷香央理,2017,unknown,unknown,completed,Matched existing Gold work metamorphose-no-engawa by normalized title/alias + creator overlap.
candidate-d0e53d83ca10cd995f28,謎の彼女X,,植芝理一,2006,unknown,unknown,unknown,Library-only candidate; opaque workId=work-d0e53d83ca10cd995f28; identity is normalized official title + matched Rakuten author; origin and original format remain unknown.
candidate-d0f8540d071099c25b8e,にこたま,,渡辺ペコ,2010,unknown,unknown,unknown,Library-only candidate; opaque workId=work-d0f8540d071099c25b8e; identity is normalized official title + matched Rakuten author; origin and original format remain unknown.
candidate-d130ae58f0d7c0b64d36,うそつきリリィ,,小村あゆみ,2010,unknown,unknown,unknown,Library-only candidate; opaque workId=work-d130ae58f0d7c0b64d36; identity is normalized official title + matched Rakuten author; origin and original format remain unknown.
candidate-d174ef75d64341d695bd,死神ドットコム,,優しい内臓,2021,unknown,unknown,unknown,Library-only candidate; opaque workId=work-d174ef75d64341d695bd; identity is normalized official title + matched Rakuten author; origin and original format remain unknown.
candidate-d17ed75dcf05f7d96507,お慕い申し上げます,,朔ユキ蔵,2012,unknown,unknown,unknown,Library-only candidate; opaque workId=work-d17ed75dcf05f7d96507; identity is normalized official title + matched Rakuten author; origin and original format remain unknown.
candidate-d185fc02c4d16dffb0c3,カラスヤサトシ,,カラスヤ サトシ,2006,unknown,unknown,unknown,Library-only candidate; opaque workId=work-d185fc02c4d16dffb0c3; identity is normalized official title + matched Rakuten author; origin and original format remain unknown.
candidate-d208dd6060ad71a6703c,ぼくらの,,鬼頭 莫宏,2004,unknown,unknown,unknown,Library-only candidate; opaque workId=work-d208dd6060ad71a6703c; identity is normalized official title + matched Rakuten author; origin and original format remain unknown.
candidate-d21df491ed79185bacc3,好きな子がめがねを忘れた,,藤近小梅,2019,unknown,unknown,unknown,Library-only candidate; opaque workId=work-d21df491ed79185bacc3; identity is normalized official title + matched Rakuten author; origin and original format remain unknown.
candidate-d22b1c7ee9c7d5fb92f5,勤しめ！仁岡先生,,尾高純一,2006,unknown,unknown,unknown,Library-only candidate; opaque workId=work-d22b1c7ee9c7d5fb92f5; identity is normalized official title + matched Rakuten author; origin and original format remain unknown.
candidate-d231960b92daceff7d39,女の子の食卓,,志村志保子,2005,unknown,unknown,unknown,Library-only candidate; opaque workId=work-d231960b92daceff7d39; identity is normalized official title + matched Rakuten author; origin and original format remain unknown.
candidate-d241d5bdc4fc56af2c5a,夏のあらし!,,小林尽,2007,unknown,unknown,unknown,Library-only candidate; opaque workId=work-d241d5bdc4fc56af2c5a; identity is normalized official title + matched Rakuten author; origin and original format remain unknown.
candidate-d246a7b49390578b201e,偽りのフレイヤ,,石原ケイコ,2018,unknown,unknown,unknown,Library-only candidate; opaque workId=work-d246a7b49390578b201e; identity is normalized official title + matched Rakuten author; origin and original format remain unknown.
candidate-d268f50a5223d98d65ac,冒険エレキテ島,,鶴田謙二,2011,unknown,unknown,unknown,Library-only candidate; opaque workId=work-d268f50a5223d98d65ac; identity is normalized official title + matched Rakuten author; origin and original format remain unknown.
candidate-d27a048a45e8d7b0e980,薄花少女,,三浦 靖冬,2013,unknown,unknown,unknown,Library-only candidate; opaque workId=work-d27a048a45e8d7b0e980; identity is normalized official title + matched Rakuten author; origin and original format remain unknown.
candidate-d291f3c96fa7be8e3b35,誘爆発作,,岡村 星,2011,unknown,unknown,unknown,Library-only candidate; opaque workId=work-d291f3c96fa7be8e3b35; identity is normalized official title + matched Rakuten author; origin and original format remain unknown.
candidate-d2f3c4dc5c7d4eb77b3b,彼女はろくろ首,,二駅ずい,2015,unknown,unknown,unknown,Library-only candidate; opaque workId=work-d2f3c4dc5c7d4eb77b3b; identity is normalized official title + matched Rakuten author; origin and original format remain unknown.
candidate-d3306b3514f52c61afff,女子攻兵,,松本次郎,2011,unknown,unknown,unknown,Library-only candidate; opaque workId=work-d3306b3514f52c61afff; identity is normalized official title + matched Rakuten author; origin and original format remain unknown.
candidate-d3d93ac98ea6965963a0,どーにゃつ,,コザキユースケ,2012,unknown,unknown,unknown,Library-only candidate; opaque workId=work-d3d93ac98ea6965963a0; identity is normalized official title + matched Rakuten author; origin and original format remain unknown.
candidate-d3d9940725172ca3edce,淀川ベルトコンベア・ガール,,村上かつら,2010,unknown,unknown,unknown,Library-only candidate; opaque workId=work-d3d9940725172ca3edce; identity is normalized official title + matched Rakuten author; origin and original format remain unknown.
candidate-d3ed845af15b5ca9731c,かぶく者,,たなか亜希夫;デビッド・宮原,2007,unknown,unknown,unknown,Library-only candidate; opaque workId=work-d3ed845af15b5ca9731c; identity is normalized official title + matched Rakuten author; origin and original format remain unknown.
candidate-d429fe417d732ca14f10,ボーイフレンド,,惣領冬実,,unknown,unknown,unknown,Library-only candidate; opaque workId=work-d429fe417d732ca14f10; identity is normalized official title + matched Rakuten author; origin and original format remain unknown.
candidate-d4335ee2ac7f16316e59,モンスター娘のいる日常,,オカヤド,2012,unknown,unknown,unknown,Library-only candidate; opaque workId=work-d4335ee2ac7f16316e59; identity is normalized official title + matched Rakuten author; origin and original format remain unknown.
candidate-d45a18f5de58c4f635da,GIANT KILLING,ジャイアントキリング,ツジトモ;綱本将也,2007,unknown,unknown,ongoing,Matched existing Gold work giant-killing by normalized title/alias + creator overlap.
candidate-d47c7eccefdeccb2b323,3月のライオン,サンガツノライオン,羽海野チカ,2007,unknown,unknown,ongoing,Matched existing Gold work march-comes-in-like-a-lion by normalized title/alias + creator overlap.
candidate-d489f5a2229689aa5115,女の園の星,,和山やま,2020,unknown,unknown,unknown,Library-only candidate; opaque workId=work-d489f5a2229689aa5115; identity is normalized official title + matched Rakuten author; origin and original format remain unknown.
candidate-d5190eab71dd7e16f800,チェリーブロッサム!,,茶菓山しん太,2011,unknown,unknown,unknown,Library-only candidate; opaque workId=work-d5190eab71dd7e16f800; identity is normalized official title + matched Rakuten author; origin and original format remain unknown.
candidate-d532eab2aba5cb4a898f,バーナード嬢曰く。,,施川ユウキ,2013,unknown,unknown,unknown,Library-only candidate; opaque workId=work-d532eab2aba5cb4a898f; identity is normalized official title + matched Rakuten author; origin and original format remain unknown.
candidate-d57fec7e1e61ff8809f2,青い花,,志村貴子,2006,unknown,unknown,unknown,Library-only candidate; opaque workId=work-d57fec7e1e61ff8809f2; identity is normalized official title + matched Rakuten author; origin and original format remain unknown.
candidate-d5b5f321d1aebdfc3117,おかえり水平線,,渡部 大羊,2025,unknown,unknown,unknown,Library-only candidate; opaque workId=work-d5b5f321d1aebdfc3117; identity is normalized official title + matched Rakuten author; origin and original format remain unknown.
candidate-d5e2053fa233e36a431c,盆堀さん,,いましろたかし,,unknown,unknown,unknown,Library-only candidate; opaque workId=work-d5e2053fa233e36a431c; identity is normalized official title + matched Rakuten author; origin and original format remain unknown.
candidate-d6055c4ac46022025318,どうして私が美術科に！？,,相崎うたう,2017,unknown,unknown,unknown,Library-only candidate; opaque workId=work-d6055c4ac46022025318; identity is normalized official title + matched Rakuten author; origin and original format remain unknown.
candidate-d61e626249f63ad3c7b9,犬神もっこす,,西餅,,unknown,unknown,unknown,Library-only candidate; opaque workId=work-d61e626249f63ad3c7b9; identity is normalized official title + matched Rakuten author; origin and original format remain unknown.
candidate-d62b0b048a1c15384504,ボクガール,,杉戸アキラ,2014,unknown,unknown,unknown,Library-only candidate; opaque workId=work-d62b0b048a1c15384504; identity is normalized official title + matched Rakuten author; origin and original format remain unknown.
candidate-d62c3a8421c03e2f37c4,妻、小学生になる。,,村田椰融,2019,unknown,unknown,unknown,Library-only candidate; opaque workId=work-d62c3a8421c03e2f37c4; identity is normalized official title + matched Rakuten author; origin and original format remain unknown.
candidate-d632d9b81e434f450529,なでしこドレミソラ,,みやびあきの,2016,unknown,unknown,unknown,Library-only candidate; opaque workId=work-d632d9b81e434f450529; identity is normalized official title + matched Rakuten author; origin and original format remain unknown.
candidate-d63a83030a8819ff553c,モテキ,,久保ミツロウ,2009,unknown,unknown,unknown,Library-only candidate; opaque workId=work-d63a83030a8819ff553c; identity is normalized official title + matched Rakuten author; origin and original format remain unknown.
candidate-d655ea1cfb913f33cc9a,湯神くんには友達がいない,,佐倉 準,2012,unknown,unknown,unknown,Library-only candidate; opaque workId=work-d655ea1cfb913f33cc9a; identity is normalized official title + matched Rakuten author; origin and original format remain unknown.
candidate-d66ce37fe86fba8214a2,キス＆ネバークライ,,小川 彌生,2006,unknown,unknown,unknown,Library-only candidate; opaque workId=work-d66ce37fe86fba8214a2; identity is normalized official title + matched Rakuten author; origin and original format remain unknown.
candidate-d6ab24ba01654d4e6e53,金魚屋古書店,,芳崎 せいむ,2004,unknown,unknown,unknown,Library-only candidate; opaque workId=work-d6ab24ba01654d4e6e53; identity is normalized official title + matched Rakuten author; origin and original format remain unknown.
candidate-d6b8b5d480169a6794ca,BILLY BAT,,浦沢 直樹;長崎 尚志,2009,unknown,unknown,unknown,Library-only candidate; opaque workId=work-d6b8b5d480169a6794ca; identity is normalized official title + matched Rakuten author; origin and original format remain unknown.
candidate-d6da5a4e9ff3bb07783e,巨娘,,木村紺,2007,unknown,unknown,unknown,Library-only candidate; opaque workId=work-d6da5a4e9ff3bb07783e; identity is normalized official title + matched Rakuten author; origin and original format remain unknown.
candidate-d735187a8421d0d33399,姉の結婚,,西 炯子,2011,unknown,unknown,unknown,Library-only candidate; opaque workId=work-d735187a8421d0d33399; identity is normalized official title + matched Rakuten author; origin and original format remain unknown.
candidate-d73553672898846c9ec0,甘神さんちの縁結び,,内藤 マーシー,2021,unknown,unknown,unknown,Library-only candidate; opaque workId=work-d73553672898846c9ec0; identity is normalized official title + matched Rakuten author; origin and original format remain unknown.
candidate-d75e23cbf7c6238975e1,パリパリ伝説,,かわかみじゅんこ,2004,unknown,unknown,unknown,Library-only candidate; opaque workId=work-d75e23cbf7c6238975e1; identity is normalized official title + matched Rakuten author; origin and original format remain unknown.
candidate-d761683b3f1f71c8f6cd,盗賊の水さし,,今市子,,unknown,unknown,unknown,Library-only candidate; opaque workId=work-d761683b3f1f71c8f6cd; identity is normalized official title + matched Rakuten author; origin and original format remain unknown.
candidate-d768ebe57013e12e6e6e,食の軍師,,泉昌之,2011,unknown,unknown,unknown,Library-only candidate; opaque workId=work-d768ebe57013e12e6e6e; identity is normalized official title + matched Rakuten author; origin and original format remain unknown.
candidate-d79c4cf78238d9131063,プリティ・マニア,,スエカネクミコ,,unknown,unknown,unknown,Library-only candidate; opaque workId=work-d79c4cf78238d9131063; identity is normalized official title + matched Rakuten author; origin and original format remain unknown.
candidate-d7c59e42d9feee1e28ba,私の百合はお仕事です！,,未幡,2017,unknown,unknown,unknown,Library-only candidate; opaque workId=work-d7c59e42d9feee1e28ba; identity is normalized official title + matched Rakuten author; origin and original format remain unknown.
candidate-d7dad5b0bc4de926cc16,ラブ・バレット,,inee,2024,unknown,unknown,unknown,Library-only candidate; opaque workId=work-d7dad5b0bc4de926cc16; identity is normalized official title + matched Rakuten author; origin and original format remain unknown.
candidate-d7e64b0b5479ca943edd,深夜食堂,,安倍 夜郎,2006,unknown,unknown,unknown,Library-only candidate; opaque workId=work-d7e64b0b5479ca943edd; identity is normalized official title + matched Rakuten author; origin and original format remain unknown.
candidate-d810f69bbd8b1cf60c63,誰も寝てはならぬ,,サライネス,2004,unknown,unknown,unknown,Library-only candidate; opaque workId=work-d810f69bbd8b1cf60c63; identity is normalized official title + matched Rakuten author; origin and original format remain unknown.
candidate-d818cf2deb73c04c7ef6,茶柱倶楽部,,青木幸子,2010,unknown,unknown,unknown,Library-only candidate; opaque workId=work-d818cf2deb73c04c7ef6; identity is normalized official title + matched Rakuten author; origin and original format remain unknown.
candidate-d8a87d01c1f35d58e791,八雲さんは餌づけがしたい。,,里見U,2016,unknown,unknown,unknown,Library-only candidate; opaque workId=work-d8a87d01c1f35d58e791; identity is normalized official title + matched Rakuten author; origin and original format remain unknown.
candidate-d8bc7dc769d8e77adc27,ちーちゃんはちょっと足りない,,阿部共実,,unknown,unknown,unknown,Library-only candidate; opaque workId=work-d8bc7dc769d8e77adc27; identity is normalized official title + matched Rakuten author; origin and original format remain unknown.
candidate-d8c9332f72cbd7ef328f,とつくにの少女,,ながべ,2016,unknown,unknown,unknown,Library-only candidate; opaque workId=work-d8c9332f72cbd7ef328f; identity is normalized official title + matched Rakuten author; origin and original format remain unknown.
candidate-d8f17d7482c8640c1acf,デンキ街の本屋さん,,水あさと,2011,unknown,unknown,unknown,Library-only candidate; opaque workId=work-d8f17d7482c8640c1acf; identity is normalized official title + matched Rakuten author; origin and original format remain unknown.
candidate-d91387c34bf6bc97481f,菱川さんと猫,,萩尾望都;田中アコ,,unknown,unknown,unknown,Library-only candidate; opaque workId=work-d91387c34bf6bc97481f; identity is normalized official title + matched Rakuten author; origin and original format remain unknown.
candidate-d97ef7c1bc4fd286d55a,アホガール,,ヒロユキ,2013,unknown,unknown,unknown,Library-only candidate; opaque workId=work-d97ef7c1bc4fd286d55a; identity is normalized official title + matched Rakuten author; origin and original format remain unknown.
candidate-d9a098f6f282e841faf9,THE BAND,,ハロルド作石,2025,unknown,unknown,unknown,Library-only candidate; opaque workId=work-d9a098f6f282e841faf9; identity is normalized official title + matched Rakuten author; origin and original format remain unknown.
candidate-da1db472744ee5e5b9a8,怪盗ジョーカー,,たかはし ひでやす,2008,unknown,unknown,unknown,Library-only candidate; opaque workId=work-da1db472744ee5e5b9a8; identity is normalized official title + matched Rakuten author; origin and original format remain unknown.
candidate-da9747a68dbee0670b08,ムシヌユン,,都留 泰作,2014,unknown,unknown,unknown,Library-only candidate; opaque workId=work-da9747a68dbee0670b08; identity is normalized official title + matched Rakuten author; origin and original format remain unknown.
candidate-da98a01b4d345bd9c415,放課後のカリスマ,,スエカネクミコ,2009,unknown,unknown,unknown,Library-only candidate; opaque workId=work-da98a01b4d345bd9c415; identity is normalized official title + matched Rakuten author; origin and original format remain unknown.
candidate-daf29296d526d675c31d,ハッピーエンドアパートメント,,えすとえむ,,unknown,unknown,unknown,Library-only candidate; opaque workId=work-daf29296d526d675c31d; identity is normalized official title + matched Rakuten author; origin and original format remain unknown.
candidate-daf65c6f2cce3e076dfa,凪のお暇,,コナリミサト,2016,unknown,unknown,unknown,Library-only candidate; opaque workId=work-daf65c6f2cce3e076dfa; identity is normalized official title + matched Rakuten author; origin and original format remain unknown.
candidate-db2d11a7fb2b7cf2841f,春夏秋冬Days,,藤末さくら,2012,unknown,unknown,unknown,Library-only candidate; opaque workId=work-db2d11a7fb2b7cf2841f; identity is normalized official title + matched Rakuten author; origin and original format remain unknown.
candidate-db2dcc1ea0999bd3c12b,あさりちゃん,,室山 まゆみ,1980,unknown,unknown,unknown,Library-only candidate; opaque workId=work-db2dcc1ea0999bd3c12b; identity is normalized official title + matched Rakuten author; origin and original format remain unknown.
candidate-db2e3e16c8568d6ff928,幸せカナコの殺し屋生活,,若林 稔弥,2019,unknown,unknown,unknown,Library-only candidate; opaque workId=work-db2e3e16c8568d6ff928; identity is normalized official title + matched Rakuten author; origin and original format remain unknown.
candidate-db48ea2327eb5a3ddc09,チーズスイートホーム,,こなみ かなた,2004,unknown,unknown,unknown,Library-only candidate; opaque workId=work-db48ea2327eb5a3ddc09; identity is normalized official title + matched Rakuten author; origin and original format remain unknown.
candidate-db4a0ec451d7f4ffd8b8,万福児,,下吉田本郷,2006,unknown,unknown,unknown,Library-only candidate; opaque workId=work-db4a0ec451d7f4ffd8b8; identity is normalized official title + matched Rakuten author; origin and original format remain unknown.
candidate-db7e875b1436e5ec7d93,HGに恋するふたり,,工藤 マコト;矢立肇・富野由悠季,2020,unknown,unknown,unknown,Library-only candidate; opaque workId=work-db7e875b1436e5ec7d93; identity is normalized official title + matched Rakuten author; origin and original format remain unknown.
candidate-db80d94709b62aa8823f,逃げ上手の若君,,松井 優征,2021,unknown,unknown,unknown,Library-only candidate; opaque workId=work-db80d94709b62aa8823f; identity is normalized official title + matched Rakuten author; origin and original format remain unknown.
candidate-db9f621c30b6732888a7,ノブナガン,,久正人,2012,unknown,unknown,unknown,Library-only candidate; opaque workId=work-db9f621c30b6732888a7; identity is normalized official title + matched Rakuten author; origin and original format remain unknown.
candidate-dc075e48dceaa2d69f2f,たまりば,,しおや てるこ,2010,unknown,unknown,unknown,Library-only candidate; opaque workId=work-dc075e48dceaa2d69f2f; identity is normalized official title + matched Rakuten author; origin and original format remain unknown.
candidate-dc3936af9eee0359e470,チェイサー,,コージィ 城倉,2013,unknown,unknown,unknown,Library-only candidate; opaque workId=work-dc3936af9eee0359e470; identity is normalized official title + matched Rakuten author; origin and original format remain unknown.
candidate-dc3b5656bc4d5e565193,ささやくように恋を唄う,,竹嶋 えく,2019,unknown,unknown,unknown,Library-only candidate; opaque workId=work-dc3b5656bc4d5e565193; identity is normalized official title + matched Rakuten author; origin and original format remain unknown.
candidate-dc6da46b90e2badecec5,とめはねっ！ 鈴里高校書道部,,河合 克敏,2007,unknown,unknown,unknown,Library-only candidate; opaque workId=work-dc6da46b90e2badecec5; identity is normalized official title + matched Rakuten author; origin and original format remain unknown.
candidate-dcecba11b11a017b0769,片喰と黄金,,北野 詠一,2019,unknown,unknown,unknown,Library-only candidate; opaque workId=work-dcecba11b11a017b0769; identity is normalized official title + matched Rakuten author; origin and original format remain unknown.
candidate-dd6de46fd1faf1d80fe9,ぷくぷく天然かいらんばん,,竜山さゆり,2000,unknown,unknown,unknown,Library-only candidate; opaque workId=work-dd6de46fd1faf1d80fe9; identity is normalized official title + matched Rakuten author; origin and original format remain unknown.
candidate-dd82b7e95c3acd11d5b9,ダンピアのおいしい冒険,,トマトスープ,2020,unknown,unknown,unknown,Library-only candidate; opaque workId=work-dd82b7e95c3acd11d5b9; identity is normalized official title + matched Rakuten author; origin and original format remain unknown.
candidate-dda3640b3c37d954ea10,斬り介とジョニー四百九十九人斬り,,榎本俊二,,unknown,unknown,unknown,Library-only candidate; opaque workId=work-dda3640b3c37d954ea10; identity is normalized official title + matched Rakuten author; origin and original format remain unknown.
candidate-ddbbd4d4c1e6703df56d,ぼくは麻理のなか,,押見修造,2012,unknown,unknown,unknown,Library-only candidate; opaque workId=work-ddbbd4d4c1e6703df56d; identity is normalized official title + matched Rakuten author; origin and original format remain unknown.
candidate-de0d02d31acb2fc61560,姉なるもの,,飯田 ぽち。,2016,unknown,unknown,unknown,Library-only candidate; opaque workId=work-de0d02d31acb2fc61560; identity is normalized official title + matched Rakuten author; origin and original format remain unknown.
candidate-de2421dc705135180f4e,2年B組 勇者デストロイヤーず,,空知 英秋,2026,unknown,unknown,unknown,Library-only candidate; opaque workId=work-de2421dc705135180f4e; identity is normalized official title + matched Rakuten author; origin and original format remain unknown.
candidate-de3110c6c63ae56f9119,ミカるんX,,高遠るい,2008,unknown,unknown,unknown,Library-only candidate; opaque workId=work-de3110c6c63ae56f9119; identity is normalized official title + matched Rakuten author; origin and original format remain unknown.
candidate-de512cc0e7e15ded52d3,あらくれお嬢様はもんもんしている,,木下 由一,2019,unknown,unknown,unknown,Library-only candidate; opaque workId=work-de512cc0e7e15ded52d3; identity is normalized official title + matched Rakuten author; origin and original format remain unknown.
candidate-de73c9ac1ab85512a559,誰が為に鋼は鳴る,,天乃タカ,,unknown,unknown,unknown,Library-only candidate; opaque workId=work-de73c9ac1ab85512a559; identity is normalized official title + matched Rakuten author; origin and original format remain unknown.
candidate-de79a9b387d5d292ed87,思春期ビターチェンジ,,将良,2013,unknown,unknown,unknown,Library-only candidate; opaque workId=work-de79a9b387d5d292ed87; identity is normalized official title + matched Rakuten author; origin and original format remain unknown.
candidate-de95d79779aa86260278,花より男子,,神尾葉子,,unknown,unknown,unknown,Library-only candidate; opaque workId=work-de95d79779aa86260278; identity is normalized official title + matched Rakuten author; origin and original format remain unknown.
candidate-df0b741309f3b8cce8fc,僕らはみんな死んでいる,,きら,2010,unknown,unknown,unknown,Library-only candidate; opaque workId=work-df0b741309f3b8cce8fc; identity is normalized official title + matched Rakuten author; origin and original format remain unknown.
candidate-df0d01575efd72712b2d,日曜日はマルシェでボンボン,,かわかみじゅんこ,2010,unknown,unknown,unknown,Library-only candidate; opaque workId=work-df0d01575efd72712b2d; identity is normalized official title + matched Rakuten author; origin and original format remain unknown.
candidate-df29832c2155775e0e7c,となりの関くん,,森繁拓真,2011,unknown,unknown,unknown,Library-only candidate; opaque workId=work-df29832c2155775e0e7c; identity is normalized official title + matched Rakuten author; origin and original format remain unknown.
candidate-dfc440048e0d9c38e18f,ボクらは魔法少年,,福島 鉄平,2018,unknown,unknown,unknown,Library-only candidate; opaque workId=work-dfc440048e0d9c38e18f; identity is normalized official title + matched Rakuten author; origin and original format remain unknown.
candidate-dfcc697136737c439fe5,雷雷雷,,ヨシアキ,2023,unknown,unknown,unknown,Library-only candidate; opaque workId=work-dfcc697136737c439fe5; identity is normalized official title + matched Rakuten author; origin and original format remain unknown.
candidate-dfd10b4274f7ad62c6df,りびんぐでっど！,,さと,2011,unknown,unknown,unknown,Library-only candidate; opaque workId=work-dfd10b4274f7ad62c6df; identity is normalized official title + matched Rakuten author; origin and original format remain unknown.
candidate-dff12ff0939f3b0cd7b6,COPPERS,,オノ・ナツメ,2008,unknown,unknown,unknown,Library-only candidate; opaque workId=work-dff12ff0939f3b0cd7b6; identity is normalized official title + matched Rakuten author; origin and original format remain unknown.
candidate-dff3fc1e758a5b8b6ecd,太陽よりも眩しい星,,河原 和音,2021,unknown,unknown,unknown,Library-only candidate; opaque workId=work-dff3fc1e758a5b8b6ecd; identity is normalized official title + matched Rakuten author; origin and original format remain unknown.
candidate-e033a5e4e862fad93f4a,百合星人ナオコサン,,kashmir,2007,unknown,unknown,unknown,Library-only candidate; opaque workId=work-e033a5e4e862fad93f4a; identity is normalized official title + matched Rakuten author; origin and original format remain unknown.
candidate-e040638cf171d85d3f57,ガズリング,,才谷ウメタロウ,2012,unknown,unknown,unknown,Library-only candidate; opaque workId=work-e040638cf171d85d3f57; identity is normalized official title + matched Rakuten author; origin and original format remain unknown.
candidate-e049c9aaf92ba31da8b0,これ描いて死ね,,とよ田 みのる,2021,unknown,unknown,unknown,Library-only candidate; opaque workId=work-e049c9aaf92ba31da8b0; identity is normalized official title + matched Rakuten author; origin and original format remain unknown.
candidate-e06f360662b30911db76,タッチ,,あだち充,1996,unknown,unknown,unknown,Library-only candidate; opaque workId=work-e06f360662b30911db76; identity is normalized official title + matched Rakuten author; origin and original format remain unknown.
candidate-e08ef57c7a3e923418b0,羽衣ミシン,,小玉 ユキ,,unknown,unknown,unknown,Library-only candidate; opaque workId=work-e08ef57c7a3e923418b0; identity is normalized official title + matched Rakuten author; origin and original format remain unknown.
candidate-e0975e7ae2e7a87b16c4,博多っ子純情,,長谷川法世,,unknown,unknown,unknown,Library-only candidate; opaque workId=work-e0975e7ae2e7a87b16c4; identity is normalized official title + matched Rakuten author; origin and original format remain unknown.
candidate-e0afed347e46e8725d01,ポテン生活,,木下晋也,2009,unknown,unknown,unknown,Library-only candidate; opaque workId=work-e0afed347e46e8725d01; identity is normalized official title + matched Rakuten author; origin and original format remain unknown.
candidate-e0f7aea6f7815787b48f,星野、目をつぶって。,,永椎 晃平,2016,unknown,unknown,unknown,Library-only candidate; opaque workId=work-e0f7aea6f7815787b48f; identity is normalized official title + matched Rakuten author; origin and original format remain unknown.
candidate-e126cf6be53bb5ea3f1b,悪役令嬢転生おじさん,,上山 道郎,2020,unknown,unknown,unknown,Library-only candidate; opaque workId=work-e126cf6be53bb5ea3f1b; identity is normalized official title + matched Rakuten author; origin and original format remain unknown.
candidate-e1434379b867335a6916,ディエンビエンフー,,西島 大介,2007,unknown,unknown,unknown,Library-only candidate; opaque workId=work-e1434379b867335a6916; identity is normalized official title + matched Rakuten author; origin and original format remain unknown.
candidate-e1447f60f1b4ee41a3a4,旅する缶コーヒー,,マキヒロチ,,unknown,unknown,unknown,Library-only candidate; opaque workId=work-e1447f60f1b4ee41a3a4; identity is normalized official title + matched Rakuten author; origin and original format remain unknown.
candidate-e16a1c7a8841a4c19515,ＰとＪＫ,,三次 マキ,2013,unknown,unknown,unknown,Library-only candidate; opaque workId=work-e16a1c7a8841a4c19515; identity is normalized official title + matched Rakuten author; origin and original format remain unknown.
candidate-e1b5ab2dd9de583305b6,地獄楽,,賀来 ゆうじ,2018,unknown,unknown,unknown,Library-only candidate; opaque workId=work-e1b5ab2dd9de583305b6; identity is normalized official title + matched Rakuten author; origin and original format remain unknown.
candidate-e1c30fef81f7ecae62de,フラワー・オブ・ライフ,,よしながふみ,2004,unknown,unknown,unknown,Library-only candidate; opaque workId=work-e1c30fef81f7ecae62de; identity is normalized official title + matched Rakuten author; origin and original format remain unknown.
candidate-e2baae997e409dd21d77,百瀬アキラの初恋破綻中。,,晴川 シンタ,2024,unknown,unknown,unknown,Library-only candidate; opaque workId=work-e2baae997e409dd21d77; identity is normalized official title + matched Rakuten author; origin and original format remain unknown.
candidate-e2d431f732c0714c090b,消えた初恋,,アルコ;ひねくれ 渡,2019,unknown,unknown,unknown,Library-only candidate; opaque workId=work-e2d431f732c0714c090b; identity is normalized official title + matched Rakuten author; origin and original format remain unknown.
candidate-e2f095e08fc5e08d5a2b,高嶺と花,,師走ゆき,2015,unknown,unknown,unknown,Library-only candidate; opaque workId=work-e2f095e08fc5e08d5a2b; identity is normalized official title + matched Rakuten author; origin and original format remain unknown.
candidate-e3b284d0d5dbc4382472,乙女戦争 ディーヴチー・ヴァールカ,,大西巷一,2014,unknown,unknown,unknown,Library-only candidate; opaque workId=work-e3b284d0d5dbc4382472; identity is normalized official title + matched Rakuten author; origin and original format remain unknown.
candidate-e3e3b06b24e96ca6c417,GOLDEN　SPIRAL,,福地 翼,2022,unknown,unknown,unknown,Library-only candidate; opaque workId=work-e3e3b06b24e96ca6c417; identity is normalized official title + matched Rakuten author; origin and original format remain unknown.
candidate-e3eacb6c3f326331e50d,クロス・マネジ,,KAITO,2013,unknown,unknown,unknown,Library-only candidate; opaque workId=work-e3eacb6c3f326331e50d; identity is normalized official title + matched Rakuten author; origin and original format remain unknown.
candidate-e430a7451b1b1317c043,いばら・ら・ららばい,,雁須磨子,,unknown,unknown,unknown,Library-only candidate; opaque workId=work-e430a7451b1b1317c043; identity is normalized official title + matched Rakuten author; origin and original format remain unknown.
candidate-e48de2a8b3d678ceb47d,WORKING!!,,高津カリノ,2005,unknown,unknown,unknown,Library-only candidate; opaque workId=work-e48de2a8b3d678ceb47d; identity is normalized official title + matched Rakuten author; origin and original format remain unknown.
candidate-e4c4435d459ab5ae1aa4,もう卵は殺さない,,香魚子,,unknown,unknown,unknown,Library-only candidate; opaque workId=work-e4c4435d459ab5ae1aa4; identity is normalized official title + matched Rakuten author; origin and original format remain unknown.
candidate-e4ef6ec32d4d111a15ce,おかあさんがいっしょ,,木村和昭,2009,unknown,unknown,unknown,Library-only candidate; opaque workId=work-e4ef6ec32d4d111a15ce; identity is normalized official title + matched Rakuten author; origin and original format remain unknown.
candidate-e4f24751c13de2b9b8d5,中央モノローグ線,,小坂俊史,,unknown,unknown,unknown,Library-only candidate; opaque workId=work-e4f24751c13de2b9b8d5; identity is normalized official title + matched Rakuten author; origin and original format remain unknown.
candidate-e54b7f8315b3ef48677d,本屋の森のあかり,,磯谷 友紀,2007,unknown,unknown,unknown,Library-only candidate; opaque workId=work-e54b7f8315b3ef48677d; identity is normalized official title + matched Rakuten author; origin and original format remain unknown.
candidate-e5508319d945331219b1,アレルヤ,,能條純一,2007,unknown,unknown,unknown,Library-only candidate; opaque workId=work-e5508319d945331219b1; identity is normalized official title + matched Rakuten author; origin and original format remain unknown.
candidate-e5998ca4f3e0f450bb74,へうげもの,,山田 芳裕,2005,unknown,unknown,unknown,Library-only candidate; opaque workId=work-e5998ca4f3e0f450bb74; identity is normalized official title + matched Rakuten author; origin and original format remain unknown.
candidate-e5a246728eaa431e66aa,マチキネマ,,サメマチオ,2010,unknown,unknown,unknown,Library-only candidate; opaque workId=work-e5a246728eaa431e66aa; identity is normalized official title + matched Rakuten author; origin and original format remain unknown.
candidate-e5ab5136280cf59da6bb,前夜祭,,小田扉,,unknown,unknown,unknown,Library-only candidate; opaque workId=work-e5ab5136280cf59da6bb; identity is normalized official title + matched Rakuten author; origin and original format remain unknown.
candidate-e5d006a0e329882e64a5,真夜中ハートチューン,,五十嵐 正邦,2023,unknown,unknown,unknown,Library-only candidate; opaque workId=work-e5d006a0e329882e64a5; identity is normalized official title + matched Rakuten author; origin and original format remain unknown.
candidate-e658d3aee2e33c17aa38,スピリットサークル,,水上悟志,2012,unknown,unknown,unknown,Library-only candidate; opaque workId=work-e658d3aee2e33c17aa38; identity is normalized official title + matched Rakuten author; origin and original format remain unknown.
candidate-e6bc028ff1dede64e0b1,瞳のフォトグラフ,,GUNP,2009,unknown,unknown,unknown,Library-only candidate; opaque workId=work-e6bc028ff1dede64e0b1; identity is normalized official title + matched Rakuten author; origin and original format remain unknown.
candidate-e6e744db481766c463b3,女装男子はスカートを脱ぎたい！,,しなぎれ,2024,unknown,unknown,unknown,Library-only candidate; opaque workId=work-e6e744db481766c463b3; identity is normalized official title + matched Rakuten author; origin and original format remain unknown.
candidate-e6ee3d38e7e43da54028,サナギさん,,施川ユウキ,2005,unknown,unknown,unknown,Library-only candidate; opaque workId=work-e6ee3d38e7e43da54028; identity is normalized official title + matched Rakuten author; origin and original format remain unknown.
candidate-e74460a914133493e11e,ことりサラリーマン 鳥川さん,,ものゆう,,unknown,unknown,unknown,Library-only candidate; opaque workId=work-e74460a914133493e11e; identity is normalized official title + matched Rakuten author; origin and original format remain unknown.
candidate-e7654f6737cf01051e67,薔薇のために,,吉村明美,1992,unknown,unknown,unknown,Library-only candidate; opaque workId=work-e7654f6737cf01051e67; identity is normalized official title + matched Rakuten author; origin and original format remain unknown.
candidate-e76e62a846260dc04914,別式,,TAGRO,2016,unknown,unknown,unknown,Library-only candidate; opaque workId=work-e76e62a846260dc04914; identity is normalized official title + matched Rakuten author; origin and original format remain unknown.
candidate-e77bba43057fae9a479b,アニマル横町,,前川涼,2001,unknown,unknown,unknown,Library-only candidate; opaque workId=work-e77bba43057fae9a479b; identity is normalized official title + matched Rakuten author; origin and original format remain unknown.
candidate-e7adc74b361fe17f18c2,魔法使いの娘,,那州雪絵,2003,unknown,unknown,unknown,Library-only candidate; opaque workId=work-e7adc74b361fe17f18c2; identity is normalized official title + matched Rakuten author; origin and original format remain unknown.
candidate-e7c99b3b140c24e6d723,おしゃべりは、朝ごはんのあとで。,,秀 良子,2013,unknown,unknown,unknown,Library-only candidate; opaque workId=work-e7c99b3b140c24e6d723; identity is normalized official title + matched Rakuten author; origin and original format remain unknown.
candidate-e7ef16104220e2ab2e6b,アホリズム,,宮条カルナ,2008,unknown,unknown,unknown,Library-only candidate; opaque workId=work-e7ef16104220e2ab2e6b; identity is normalized official title + matched Rakuten author; origin and original format remain unknown.
candidate-e7f930a01c7c9fa5d9e9,かわいそうな真弓さん,,西村ツチカ,,unknown,unknown,unknown,Library-only candidate; opaque workId=work-e7f930a01c7c9fa5d9e9; identity is normalized official title + matched Rakuten author; origin and original format remain unknown.
candidate-e81955a9fc5c4d84580f,ここは今から倫理です。,,雨瀬 シオリ,2017,unknown,unknown,unknown,Library-only candidate; opaque workId=work-e81955a9fc5c4d84580f; identity is normalized official title + matched Rakuten author; origin and original format remain unknown.
candidate-e83b8d9f87953ddd20fd,無能なナナ,,るーすぼーい;古屋庵,2017,unknown,unknown,unknown,Library-only candidate; opaque workId=work-e83b8d9f87953ddd20fd; identity is normalized official title + matched Rakuten author; origin and original format remain unknown.
candidate-e846148224265dc2cd39,にゃん天堂,,うさくん,2014,unknown,unknown,unknown,Library-only candidate; opaque workId=work-e846148224265dc2cd39; identity is normalized official title + matched Rakuten author; origin and original format remain unknown.
candidate-e86a34fbbb38ce4293a7,テンペスト,,阿仁谷ユイジ,2011,unknown,unknown,unknown,Library-only candidate; opaque workId=work-e86a34fbbb38ce4293a7; identity is normalized official title + matched Rakuten author; origin and original format remain unknown.
candidate-e8d29ca977ebb296d54b,オトメン（乙男）,,菅野文,2007,unknown,unknown,unknown,Library-only candidate; opaque workId=work-e8d29ca977ebb296d54b; identity is normalized official title + matched Rakuten author; origin and original format remain unknown.
candidate-e906b3eaa9ef9eafe23c,トリリオンゲーム,,稲垣 理一郎;池上 遼一,2021,unknown,unknown,unknown,Library-only candidate; opaque workId=work-e906b3eaa9ef9eafe23c; identity is normalized official title + matched Rakuten author; origin and original format remain unknown.
candidate-e90794db2fd0302e0eec,犬と猫どっちも飼ってると毎日たのしい,,松本 ひで吉,2018,unknown,unknown,unknown,Library-only candidate; opaque workId=work-e90794db2fd0302e0eec; identity is normalized official title + matched Rakuten author; origin and original format remain unknown.
candidate-e90bfb1f7f9855d05d00,廻天のアルバス,,牧 彰久;箭坪 幹,2024,unknown,unknown,unknown,Library-only candidate; opaque workId=work-e90bfb1f7f9855d05d00; identity is normalized official title + matched Rakuten author; origin and original format remain unknown.
candidate-e918f08288c77864d185,ピースオブケイク,,ジョージ朝倉,2004,unknown,unknown,unknown,Library-only candidate; opaque workId=work-e918f08288c77864d185; identity is normalized official title + matched Rakuten author; origin and original format remain unknown.
candidate-e93a47139404139c0f8b,魔法使いの印刷所,,もちんち;深山 靖宙,2018,unknown,unknown,unknown,Library-only candidate; opaque workId=work-e93a47139404139c0f8b; identity is normalized official title + matched Rakuten author; origin and original format remain unknown.
candidate-e9460bc576bee1f982f5,蒼き鋼のアルペジオ,,Ark Performance,2010,unknown,unknown,unknown,Library-only candidate; opaque workId=work-e9460bc576bee1f982f5; identity is normalized official title + matched Rakuten author; origin and original format remain unknown.
candidate-e99f152e90e3c541c48e,ノー・ガンズ・ライフ,,カラスマタスク,2015,unknown,unknown,unknown,Library-only candidate; opaque workId=work-e99f152e90e3c541c48e; identity is normalized official title + matched Rakuten author; origin and original format remain unknown.
candidate-e99f79fc2d28a5b74951,踊り場にスカートが鳴る,,うたたね 游,2021,unknown,unknown,unknown,Library-only candidate; opaque workId=work-e99f79fc2d28a5b74951; identity is normalized official title + matched Rakuten author; origin and original format remain unknown.
candidate-e9e3a50943030f45254f,サツドウ,,雪永 ちっち;なだいにし,2023,unknown,unknown,unknown,Library-only candidate; opaque workId=work-e9e3a50943030f45254f; identity is normalized official title + matched Rakuten author; origin and original format remain unknown.
candidate-ea19faa21a38167db8c4,ディーふらぐ!,,春野友矢,2009,unknown,unknown,unknown,Library-only candidate; opaque workId=work-ea19faa21a38167db8c4; identity is normalized official title + matched Rakuten author; origin and original format remain unknown.
candidate-ea293776a1e463f030de,メンズ校,,和泉かねよし,2007,unknown,unknown,unknown,Library-only candidate; opaque workId=work-ea293776a1e463f030de; identity is normalized official title + matched Rakuten author; origin and original format remain unknown.
candidate-ea41ee65245a0dbdc4a8,男子高校生の日常,,山内泰延,2010,unknown,unknown,unknown,Library-only candidate; opaque workId=work-ea41ee65245a0dbdc4a8; identity is normalized official title + matched Rakuten author; origin and original format remain unknown.
candidate-ea43de2c72ebf3a1f7a2,ヤスミーン,,畑優以,2015,unknown,unknown,unknown,Library-only candidate; opaque workId=work-ea43de2c72ebf3a1f7a2; identity is normalized official title + matched Rakuten author; origin and original format remain unknown.
candidate-eb24b7d129086e28f8d8,さよなら群青,,さそうあきら,2009,unknown,unknown,unknown,Library-only candidate; opaque workId=work-eb24b7d129086e28f8d8; identity is normalized official title + matched Rakuten author; origin and original format remain unknown.
candidate-eba3361953777aea44a9,Odds,,石渡治,2006,unknown,unknown,unknown,Library-only candidate; opaque workId=work-eba3361953777aea44a9; identity is normalized official title + matched Rakuten author; origin and original format remain unknown.
candidate-ebb9ccbb6b21dff22f36,幇間探偵しゃろく,,青木 朋;上 季一郎,2010,unknown,unknown,unknown,Library-only candidate; opaque workId=work-ebb9ccbb6b21dff22f36; identity is normalized official title + matched Rakuten author; origin and original format remain unknown.
candidate-ebe399258f28460b8f9b,鈴木先生,,武富健治,2006,unknown,unknown,unknown,Library-only candidate; opaque workId=work-ebe399258f28460b8f9b; identity is normalized official title + matched Rakuten author; origin and original format remain unknown.
candidate-ec07b1d455a27bb18aca,弱虫ペダル,ヨワムシペダル,渡辺航,2008,unknown,unknown,ongoing,Matched existing Gold work yowamushi-pedal by normalized title/alias + creator overlap.
candidate-ec0ac27e8c084278c495,Back Street Girls,,ジャスミン・ギュ,2015,unknown,unknown,unknown,Library-only candidate; opaque workId=work-ec0ac27e8c084278c495; identity is normalized official title + matched Rakuten author; origin and original format remain unknown.
candidate-ec452fee9d555a052aeb,彼女のカーブ,,ウラモトユウコ,,unknown,unknown,unknown,Library-only candidate; opaque workId=work-ec452fee9d555a052aeb; identity is normalized official title + matched Rakuten author; origin and original format remain unknown.
candidate-ec57ca4782916aea3f87,シテの花ー能楽師・葉賀琥太朗の咲き方ー,,壱原 ちぐさ;宝生流二十代宗家 宝生和英,2025,unknown,unknown,unknown,Library-only candidate; opaque workId=work-ec57ca4782916aea3f87; identity is normalized official title + matched Rakuten author; origin and original format remain unknown.
candidate-ec63c8160558bfd70d68,キスよりも早く,,田中メカ,2007,unknown,unknown,unknown,Library-only candidate; opaque workId=work-ec63c8160558bfd70d68; identity is normalized official title + matched Rakuten author; origin and original format remain unknown.
candidate-ec7cdc3a358aff954a42,アニメタ！,,花村ヤソ,2015,unknown,unknown,unknown,Library-only candidate; opaque workId=work-ec7cdc3a358aff954a42; identity is normalized official title + matched Rakuten author; origin and original format remain unknown.
candidate-ec7d4acc56def479b441,太陽の黙示録,,かわぐち かいじ,2003,unknown,unknown,unknown,Library-only candidate; opaque workId=work-ec7d4acc56def479b441; identity is normalized official title + matched Rakuten author; origin and original format remain unknown.
candidate-ed0eae57affd8e19670d,薬屋のひとりごと,クスリヤノヒトリゴト,日向夏;ねこクラゲ;七緒一綺;しのとうこ,2017,unknown,unknown,ongoing,Matched existing Gold work the-apothecary-diaries by normalized title/alias + creator overlap.
candidate-ed105eacfbbb8d4d6da3,未満れんあい,,高嶋ひろみ,2008,unknown,unknown,unknown,Library-only candidate; opaque workId=work-ed105eacfbbb8d4d6da3; identity is normalized official title + matched Rakuten author; origin and original format remain unknown.
candidate-ed80f839bc14276b6ac8,恋の話がしたい,,ヤマシタトモコ,,unknown,unknown,unknown,Library-only candidate; opaque workId=work-ed80f839bc14276b6ac8; identity is normalized official title + matched Rakuten author; origin and original format remain unknown.
candidate-edc3e1cd9b365568bf18,私は君を泣かせたい,,文尾文,2017,unknown,unknown,unknown,Library-only candidate; opaque workId=work-edc3e1cd9b365568bf18; identity is normalized official title + matched Rakuten author; origin and original format remain unknown.
candidate-edcbb989a168e5a4d0a3,魔法なんて信じない。でも君は信じる。,,西島大介,,unknown,unknown,unknown,Library-only candidate; opaque workId=work-edcbb989a168e5a4d0a3; identity is normalized official title + matched Rakuten author; origin and original format remain unknown.
candidate-edd5a737d6ae4a09bb55,大きい女の子は好きですか？,,愛染 五郎,2014,unknown,unknown,unknown,Library-only candidate; opaque workId=work-edd5a737d6ae4a09bb55; identity is normalized official title + matched Rakuten author; origin and original format remain unknown.
candidate-ee018730dbae5692a351,ブラッディ・クロス,,米山シヲ,2009,unknown,unknown,unknown,Library-only candidate; opaque workId=work-ee018730dbae5692a351; identity is normalized official title + matched Rakuten author; origin and original format remain unknown.
candidate-ee4e60a297cec0bf66ce,蝋燭姫,,鈴木健也,2009,unknown,unknown,unknown,Library-only candidate; opaque workId=work-ee4e60a297cec0bf66ce; identity is normalized official title + matched Rakuten author; origin and original format remain unknown.
candidate-ee80fc6c6aa7d1271ace,ふーふ,,祥人,,unknown,unknown,unknown,Library-only candidate; opaque workId=work-ee80fc6c6aa7d1271ace; identity is normalized official title + matched Rakuten author; origin and original format remain unknown.
candidate-ee9548f201e9e0790e9d,BIRDMEN,,田辺 イエロウ,2013,unknown,unknown,unknown,Library-only candidate; opaque workId=work-ee9548f201e9e0790e9d; identity is normalized official title + matched Rakuten author; origin and original format remain unknown.
candidate-eed309ede383686af0bd,NOT LIVES,,烏丸渡,2012,unknown,unknown,unknown,Library-only candidate; opaque workId=work-eed309ede383686af0bd; identity is normalized official title + matched Rakuten author; origin and original format remain unknown.
candidate-eeead0338f5f55c4120c,浮浪雲,,ジョージ 秋山,1975,unknown,unknown,unknown,Library-only candidate; opaque workId=work-eeead0338f5f55c4120c; identity is normalized official title + matched Rakuten author; origin and original format remain unknown.
candidate-eef84d07d90ba2b040cf,さよなら絵梨,,藤本 タツキ,,unknown,unknown,unknown,Library-only candidate; opaque workId=work-eef84d07d90ba2b040cf; identity is normalized official title + matched Rakuten author; origin and original format remain unknown.
candidate-ef1bdac46a0956a87f7f,タコピーの原罪,,タイザン5,2021,unknown,unknown,unknown,Library-only candidate; opaque workId=work-ef1bdac46a0956a87f7f; identity is normalized official title + matched Rakuten author; origin and original format remain unknown.
candidate-ef29e3038497d59e3c0c,炎炎ノ消防隊,エンエンノショウボウタイ,大久保篤,2015,unknown,unknown,completed,Matched existing Gold work fire-force by normalized title/alias + creator overlap.
candidate-ef7106f6a387c9860877,その女、ジルバ,,有間 しのぶ,2011,unknown,unknown,unknown,Library-only candidate; opaque workId=work-ef7106f6a387c9860877; identity is normalized official title + matched Rakuten author; origin and original format remain unknown.
candidate-efbed1783d3de246e757,30センチスター,,北野詠一,2014,unknown,unknown,unknown,Library-only candidate; opaque workId=work-efbed1783d3de246e757; identity is normalized official title + matched Rakuten author; origin and original format remain unknown.
candidate-efd65d585d5af4191482,百日の薔薇,,稲荷家房之介,2005,unknown,unknown,unknown,Library-only candidate; opaque workId=work-efd65d585d5af4191482; identity is normalized official title + matched Rakuten author; origin and original format remain unknown.
candidate-efe3b9b2fc6373ae767a,夢から覚めたあの子とはきっと上手く喋れない,,宮崎 夏次系,,unknown,unknown,unknown,Library-only candidate; opaque workId=work-efe3b9b2fc6373ae767a; identity is normalized official title + matched Rakuten author; origin and original format remain unknown.
candidate-f026e913432b49d70ef0,白馬のお嫁さん,,庄司 創,2014,unknown,unknown,unknown,Library-only candidate; opaque workId=work-f026e913432b49d70ef0; identity is normalized official title + matched Rakuten author; origin and original format remain unknown.
candidate-f09840faaea9207deb5b,宮本から君へ,,新井英樹,2009,unknown,unknown,unknown,Library-only candidate; opaque workId=work-f09840faaea9207deb5b; identity is normalized official title + matched Rakuten author; origin and original format remain unknown.
candidate-f0f53d813f709aedec1d,ホークウッド,,トミイ 大塚,2011,unknown,unknown,unknown,Library-only candidate; opaque workId=work-f0f53d813f709aedec1d; identity is normalized official title + matched Rakuten author; origin and original format remain unknown.
candidate-f117d1a9a377b05fa84d,我らコンタクティ,,森田 るい,,unknown,unknown,unknown,Library-only candidate; opaque workId=work-f117d1a9a377b05fa84d; identity is normalized official title + matched Rakuten author; origin and original format remain unknown.
candidate-f133bdd6bef70b7542de,先生の白い嘘,,鳥飼 茜,2014,unknown,unknown,unknown,Library-only candidate; opaque workId=work-f133bdd6bef70b7542de; identity is normalized official title + matched Rakuten author; origin and original format remain unknown.
candidate-f148f0c5d7cf61a97c73,柚木さんちの四兄弟。,,藤沢 志月,2018,unknown,unknown,unknown,Library-only candidate; opaque workId=work-f148f0c5d7cf61a97c73; identity is normalized official title + matched Rakuten author; origin and original format remain unknown.
candidate-f15ae7745759a254a587,鉄道少女漫画,,中村明日美子,,unknown,unknown,unknown,Library-only candidate; opaque workId=work-f15ae7745759a254a587; identity is normalized official title + matched Rakuten author; origin and original format remain unknown.
candidate-f1a075d36aa7783f1f64,補助隊モズクス,,高田 築,2013,unknown,unknown,unknown,Library-only candidate; opaque workId=work-f1a075d36aa7783f1f64; identity is normalized official title + matched Rakuten author; origin and original format remain unknown.
candidate-f1a4b39804a85f91fc1e,マイぼーる!,,いのうえ空,2013,unknown,unknown,unknown,Library-only candidate; opaque workId=work-f1a4b39804a85f91fc1e; identity is normalized official title + matched Rakuten author; origin and original format remain unknown.
candidate-f1c85d1691e352350511,この世は戦う価値がある,,こだま はつみ,2023,unknown,unknown,unknown,Library-only candidate; opaque workId=work-f1c85d1691e352350511; identity is normalized official title + matched Rakuten author; origin and original format remain unknown.
candidate-f1d22b68efa7fbd501ee,僕の小規模な生活,,福満しげゆき,2007,unknown,unknown,unknown,Library-only candidate; opaque workId=work-f1d22b68efa7fbd501ee; identity is normalized official title + matched Rakuten author; origin and original format remain unknown.
candidate-f2352e76ccf92709ca6e,魔法使いロゼの佐渡ライフ,,おみなえし,2023,unknown,unknown,unknown,Library-only candidate; opaque workId=work-f2352e76ccf92709ca6e; identity is normalized official title + matched Rakuten author; origin and original format remain unknown.
candidate-f24f4ffab61f77de3ae3,青のオーケストラ,,阿久井 真,2017,unknown,unknown,unknown,Library-only candidate; opaque workId=work-f24f4ffab61f77de3ae3; identity is normalized official title + matched Rakuten author; origin and original format remain unknown.
candidate-f314b1776534e2f35462,あの日からのマンガ,,しりあがり 寿,,unknown,unknown,unknown,Library-only candidate; opaque workId=work-f314b1776534e2f35462; identity is normalized official title + matched Rakuten author; origin and original format remain unknown.
candidate-f31a42ea4ad724acefa5,デッドデッドデーモンズデデデデデストラクション,,浅野いにお,2014,unknown,unknown,unknown,Library-only candidate; opaque workId=work-f31a42ea4ad724acefa5; identity is normalized official title + matched Rakuten author; origin and original format remain unknown.
candidate-f31e6caa07e2253b3443,ひとりぼっちの地球侵略,,小川 麻衣子,2012,unknown,unknown,unknown,Library-only candidate; opaque workId=work-f31e6caa07e2253b3443; identity is normalized official title + matched Rakuten author; origin and original format remain unknown.
candidate-f340564af4573659dbfd,ファンタジウム,,杉本亜未,2007,unknown,unknown,unknown,Library-only candidate; opaque workId=work-f340564af4573659dbfd; identity is normalized official title + matched Rakuten author; origin and original format remain unknown.
candidate-f3410d49b9b10b35b42d,戦隊大失格,,春場 ねぎ,2021,unknown,unknown,unknown,Library-only candidate; opaque workId=work-f3410d49b9b10b35b42d; identity is normalized official title + matched Rakuten author; origin and original format remain unknown.
candidate-f38c9ef2f1a0e3ec66fa,ちはやふる,,末次由紀,2007,unknown,unknown,completed,Matched existing Gold work chihayafuru by normalized title/alias + creator overlap.
candidate-f391e591282e435a3c1d,アイアムアヒーロー,,花沢健吾,2009,unknown,unknown,unknown,Library-only candidate; opaque workId=work-f391e591282e435a3c1d; identity is normalized official title + matched Rakuten author; origin and original format remain unknown.
candidate-f3ec9e796f983f6c5b17,パチスロバカップル,,七瀬あゆむ,2003,unknown,unknown,unknown,Library-only candidate; opaque workId=work-f3ec9e796f983f6c5b17; identity is normalized official title + matched Rakuten author; origin and original format remain unknown.
candidate-f3f2a5f99ad7e2c9d829,清々と,,谷川史子,2009,unknown,unknown,unknown,Library-only candidate; opaque workId=work-f3f2a5f99ad7e2c9d829; identity is normalized official title + matched Rakuten author; origin and original format remain unknown.
candidate-f4085acccd1c37fc1783,海月と私,,麻生 みこと,2013,unknown,unknown,unknown,Library-only candidate; opaque workId=work-f4085acccd1c37fc1783; identity is normalized official title + matched Rakuten author; origin and original format remain unknown.
candidate-f4520aa01b9f5d1b357a,不完全で不衛生でふしだら,,すのはら風香,2019,unknown,unknown,unknown,Library-only candidate; opaque workId=work-f4520aa01b9f5d1b357a; identity is normalized official title + matched Rakuten author; origin and original format remain unknown.
candidate-f46cb127cfc8553644ba,魍魎少女,,白石純,2018,unknown,unknown,unknown,Library-only candidate; opaque workId=work-f46cb127cfc8553644ba; identity is normalized official title + matched Rakuten author; origin and original format remain unknown.
candidate-f46d92f042fd61982ea3,あげくの果てのカノン,,米代 恭,2016,unknown,unknown,unknown,Library-only candidate; opaque workId=work-f46d92f042fd61982ea3; identity is normalized official title + matched Rakuten author; origin and original format remain unknown.
candidate-f4bfc29a5e0a9b5148d0,月に吠えらんねえ,,清家 雪子,2014,unknown,unknown,unknown,Library-only candidate; opaque workId=work-f4bfc29a5e0a9b5148d0; identity is normalized official title + matched Rakuten author; origin and original format remain unknown.
candidate-f50fa290eb4116a7078e,11人いる！,,萩尾望都,1975,unknown,unknown,unknown,Library-only candidate; opaque workId=work-f50fa290eb4116a7078e; identity is normalized official title + matched Rakuten author; origin and original format remain unknown.
candidate-f541db4a39d7d757c0b4,テンカイチ　日本最強武芸者決定戦,,あずま 京太郎;中丸 洋介,2021,unknown,unknown,unknown,Library-only candidate; opaque workId=work-f541db4a39d7d757c0b4; identity is normalized official title + matched Rakuten author; origin and original format remain unknown.
candidate-f564a856e052f345ea54,はなうた散歩道,,朝倉 世界一,,unknown,unknown,unknown,Library-only candidate; opaque workId=work-f564a856e052f345ea54; identity is normalized official title + matched Rakuten author; origin and original format remain unknown.
candidate-f5847c45d30753150364,闇のパープル・アイ,,篠原千絵,1984,unknown,unknown,unknown,Library-only candidate; opaque workId=work-f5847c45d30753150364; identity is normalized official title + matched Rakuten author; origin and original format remain unknown.
candidate-f59be454d59478f33914,ハクメイとミコチ,,樫木 祐人,2013,unknown,unknown,unknown,Library-only candidate; opaque workId=work-f59be454d59478f33914; identity is normalized official title + matched Rakuten author; origin and original format remain unknown.
candidate-f5e145476399c2145323,87CLOCKERS,,二ノ宮知子,2012,unknown,unknown,unknown,Library-only candidate; opaque workId=work-f5e145476399c2145323; identity is normalized official title + matched Rakuten author; origin and original format remain unknown.
candidate-f5f0ee0b0ff16bc146e0,ばらかもん,,ヨシノサツキ,2008,unknown,unknown,unknown,Library-only candidate; opaque workId=work-f5f0ee0b0ff16bc146e0; identity is normalized official title + matched Rakuten author; origin and original format remain unknown.
candidate-f67b1bdb544a914684ce,手品先輩,,アズ,2016,unknown,unknown,unknown,Library-only candidate; opaque workId=work-f67b1bdb544a914684ce; identity is normalized official title + matched Rakuten author; origin and original format remain unknown.
candidate-f6bd6e031ac086266cd8,くノ一ツバキの胸の内,,山本 崇一朗,2018,unknown,unknown,unknown,Library-only candidate; opaque workId=work-f6bd6e031ac086266cd8; identity is normalized official title + matched Rakuten author; origin and original format remain unknown.
candidate-f6cddc6b36f20bd0cc74,空挺ドラゴンズ,,桑原 太矩,2016,unknown,unknown,unknown,Library-only candidate; opaque workId=work-f6cddc6b36f20bd0cc74; identity is normalized official title + matched Rakuten author; origin and original format remain unknown.
candidate-f6e3d44392f62cce9b80,まんが親,,吉田 戦車,2011,unknown,unknown,unknown,Library-only candidate; opaque workId=work-f6e3d44392f62cce9b80; identity is normalized official title + matched Rakuten author; origin and original format remain unknown.
candidate-f6fa4c2d3a7e1dc5257b,ワカコ酒,,新久千映,2013,unknown,unknown,unknown,Library-only candidate; opaque workId=work-f6fa4c2d3a7e1dc5257b; identity is normalized official title + matched Rakuten author; origin and original format remain unknown.
candidate-f710745756d55f2d1e07,圏外プリンセス,,あいだ夏波,2014,unknown,unknown,unknown,Library-only candidate; opaque workId=work-f710745756d55f2d1e07; identity is normalized official title + matched Rakuten author; origin and original format remain unknown.
candidate-f72d1201aed72c0ad05e,デラシネマ,,星野泰視,2011,unknown,unknown,unknown,Library-only candidate; opaque workId=work-f72d1201aed72c0ad05e; identity is normalized official title + matched Rakuten author; origin and original format remain unknown.
candidate-f78989e37b02423445e7,吉田家のちすじ,,中島守男,2007,unknown,unknown,unknown,Library-only candidate; opaque workId=work-f78989e37b02423445e7; identity is normalized official title + matched Rakuten author; origin and original format remain unknown.
candidate-f790f97e451eb4a1a893,period,,吉野 朔実,2004,unknown,unknown,unknown,Library-only candidate; opaque workId=work-f790f97e451eb4a1a893; identity is normalized official title + matched Rakuten author; origin and original format remain unknown.
candidate-f7a54aee2a05deb32185,ストレッチ,,ア キリ,2014,unknown,unknown,unknown,Library-only candidate; opaque workId=work-f7a54aee2a05deb32185; identity is normalized official title + matched Rakuten author; origin and original format remain unknown.
candidate-f80595341b9dba6368a9,潔く柔く,,いくえみ 綾,,unknown,unknown,unknown,Library-only candidate; opaque workId=work-f80595341b9dba6368a9; identity is normalized official title + matched Rakuten author; origin and original format remain unknown.
candidate-f8ba46fc19e6fbdda110,うみべのストーブ 大白小蟹短編集,,大白小蟹,,unknown,unknown,unknown,Library-only candidate; opaque workId=work-f8ba46fc19e6fbdda110; identity is normalized official title + matched Rakuten author; origin and original format remain unknown.
candidate-f8cb26831612e0c6ece5,極楽街,,佐乃 夕斗,2022,unknown,unknown,unknown,Library-only candidate; opaque workId=work-f8cb26831612e0c6ece5; identity is normalized official title + matched Rakuten author; origin and original format remain unknown.
candidate-f8e6e860c6374d222d99,君と悪いことがしたい,,由田果,2023,unknown,unknown,unknown,Library-only candidate; opaque workId=work-f8e6e860c6374d222d99; identity is normalized official title + matched Rakuten author; origin and original format remain unknown.
candidate-f8f501d3402016f5d7ba,MONSTER,モンスター,浦沢直樹,1994,unknown,unknown,completed,Matched existing Gold work monster by normalized title/alias + creator overlap.
candidate-f95d6610fc2fbda8e8cb,クジマ歌えば家ほろろ,,紺野 アキラ,2022,unknown,unknown,unknown,Library-only candidate; opaque workId=work-f95d6610fc2fbda8e8cb; identity is normalized official title + matched Rakuten author; origin and original format remain unknown.
candidate-f98c044c5e5e97027806,ジャストミート,,原 秀則,1984,unknown,unknown,unknown,Library-only candidate; opaque workId=work-f98c044c5e5e97027806; identity is normalized official title + matched Rakuten author; origin and original format remain unknown.
candidate-f9b25a35dc3a8e6c9657,999号室,,南賀 なん,2026,unknown,unknown,unknown,Library-only candidate; opaque workId=work-f9b25a35dc3a8e6c9657; identity is normalized official title + matched Rakuten author; origin and original format remain unknown.
candidate-f9ca3386d3e12d4a5045,ペンとチョコレート,,ねむようこ,2009,unknown,unknown,unknown,Library-only candidate; opaque workId=work-f9ca3386d3e12d4a5045; identity is normalized official title + matched Rakuten author; origin and original format remain unknown.
candidate-fa3d033d13d68a06537d,赤灯えれじい,,きらたかし,2004,unknown,unknown,unknown,Library-only candidate; opaque workId=work-fa3d033d13d68a06537d; identity is normalized official title + matched Rakuten author; origin and original format remain unknown.
candidate-fa4b7e822d57992e2342,チナミの風景,,野本明照,,unknown,unknown,unknown,Library-only candidate; opaque workId=work-fa4b7e822d57992e2342; identity is normalized official title + matched Rakuten author; origin and original format remain unknown.
candidate-fa5f7e6238a0d3247a8c,レビウス,,中田 春彌,2014,unknown,unknown,unknown,Library-only candidate; opaque workId=work-fa5f7e6238a0d3247a8c; identity is normalized official title + matched Rakuten author; origin and original format remain unknown.
candidate-fa738018edf898e49958,ぴんとこな,,嶋木 あこ,2010,unknown,unknown,unknown,Library-only candidate; opaque workId=work-fa738018edf898e49958; identity is normalized official title + matched Rakuten author; origin and original format remain unknown.
candidate-fa77bfdba2ca19a57d9a,イナズマイレブン,,やぶのてんや;レベルファイブ,,unknown,unknown,unknown,Library-only candidate; opaque workId=work-fa77bfdba2ca19a57d9a; identity is normalized official title + matched Rakuten author; origin and original format remain unknown.
candidate-fabc7f5d853e361acaf3,YAIBA,,青山剛昌,1988,unknown,unknown,unknown,Library-only candidate; opaque workId=work-fabc7f5d853e361acaf3; identity is normalized official title + matched Rakuten author; origin and original format remain unknown.
candidate-fb33d4d688782332c203,ぼくらのフンカ祭,,真造 圭伍,,unknown,unknown,unknown,Library-only candidate; opaque workId=work-fb33d4d688782332c203; identity is normalized official title + matched Rakuten author; origin and original format remain unknown.
candidate-fb4fde98bbcda04c21eb,ちいさこべえ,,望月 ミネタロウ;山本 周五郎,2013,unknown,unknown,unknown,Library-only candidate; opaque workId=work-fb4fde98bbcda04c21eb; identity is normalized official title + matched Rakuten author; origin and original format remain unknown.
candidate-fb53bae7bc355ba77b94,兄の嫁と暮らしています。,,くずしろ,2016,unknown,unknown,unknown,Library-only candidate; opaque workId=work-fb53bae7bc355ba77b94; identity is normalized official title + matched Rakuten author; origin and original format remain unknown.
candidate-fb53fcb2b3746d0cd03d,30婚,,米沢りか,2006,unknown,unknown,unknown,Library-only candidate; opaque workId=work-fb53fcb2b3746d0cd03d; identity is normalized official title + matched Rakuten author; origin and original format remain unknown.
candidate-fb5e29014d45e0ee12cf,あやかし古書庫と少女の魅宝,,ドリヤス工場,2012,unknown,unknown,unknown,Library-only candidate; opaque workId=work-fb5e29014d45e0ee12cf; identity is normalized official title + matched Rakuten author; origin and original format remain unknown.
candidate-fb6339198a6a55033843,お前は俺を殺す気か,,シギサワカヤ,2013,unknown,unknown,unknown,Library-only candidate; opaque workId=work-fb6339198a6a55033843; identity is normalized official title + matched Rakuten author; origin and original format remain unknown.
candidate-fb7a0ed6a88db7d7bc71,夢の碑,,木原敏江,1984,unknown,unknown,unknown,Library-only candidate; opaque workId=work-fb7a0ed6a88db7d7bc71; identity is normalized official title + matched Rakuten author; origin and original format remain unknown.
candidate-fb80625ae19a58485d35,未必の恋,,シギサワカヤ,,unknown,unknown,unknown,Library-only candidate; opaque workId=work-fb80625ae19a58485d35; identity is normalized official title + matched Rakuten author; origin and original format remain unknown.
candidate-fb89f119251610cf1648,1/11 じゅういちぶんのいち,,中村尚儁,2010,unknown,unknown,unknown,Library-only candidate; opaque workId=work-fb89f119251610cf1648; identity is normalized official title + matched Rakuten author; origin and original format remain unknown.
candidate-fbc2ca1b58e5ac9be00a,リンドバーグ,,アントンシク,2009,unknown,unknown,unknown,Library-only candidate; opaque workId=work-fbc2ca1b58e5ac9be00a; identity is normalized official title + matched Rakuten author; origin and original format remain unknown.
candidate-fc53cb5669aa4099ee4a,アオハライド,,咲坂 伊緒,2011,unknown,unknown,unknown,Library-only candidate; opaque workId=work-fc53cb5669aa4099ee4a; identity is normalized official title + matched Rakuten author; origin and original format remain unknown.
candidate-fc544c9e011fe4f04ec6,べるぜバブ,,田村隆平,2009,unknown,unknown,unknown,Library-only candidate; opaque workId=work-fc544c9e011fe4f04ec6; identity is normalized official title + matched Rakuten author; origin and original format remain unknown.
candidate-fca82c83835eeacce10c,KAPPEI,,若杉公徳,2012,unknown,unknown,unknown,Library-only candidate; opaque workId=work-fca82c83835eeacce10c; identity is normalized official title + matched Rakuten author; origin and original format remain unknown.
candidate-fcf4a94b4002d5d88acb,セトウツミ,,此元和津也,2013,unknown,unknown,unknown,Library-only candidate; opaque workId=work-fcf4a94b4002d5d88acb; identity is normalized official title + matched Rakuten author; origin and original format remain unknown.
candidate-fd190ce315fa4370c231,野田ともうします。,,柘植 文,2009,unknown,unknown,unknown,Library-only candidate; opaque workId=work-fd190ce315fa4370c231; identity is normalized official title + matched Rakuten author; origin and original format remain unknown.
candidate-fd2a957c501c36047ed0,青の祓魔師,,加藤 和恵,2009,unknown,unknown,unknown,Library-only candidate; opaque workId=work-fd2a957c501c36047ed0; identity is normalized official title + matched Rakuten author; origin and original format remain unknown.
candidate-fd370d007a92cf6dd555,すごいスマホ,,肥田野 健太郎;冨澤 浩気,2022,unknown,unknown,unknown,Library-only candidate; opaque workId=work-fd370d007a92cf6dd555; identity is normalized official title + matched Rakuten author; origin and original format remain unknown.
candidate-fd37656c6eb89e1b49aa,ジーンブライド,,高野 ひと深,2021,unknown,unknown,unknown,Library-only candidate; opaque workId=work-fd37656c6eb89e1b49aa; identity is normalized official title + matched Rakuten author; origin and original format remain unknown.
candidate-fd47a8534bdee3a0181e,ぷにるはかわいいスライム,,まえだくん,2022,unknown,unknown,unknown,Library-only candidate; opaque workId=work-fd47a8534bdee3a0181e; identity is normalized official title + matched Rakuten author; origin and original format remain unknown.
candidate-fd5df88c9820bb00bb1f,ヒトヒトリフタリ,,高橋ツトム,2012,unknown,unknown,unknown,Library-only candidate; opaque workId=work-fd5df88c9820bb00bb1f; identity is normalized official title + matched Rakuten author; origin and original format remain unknown.
candidate-fd6e70a72344e8a3ef3b,星屑ニーナ,,福島 聡,2010,unknown,unknown,unknown,Library-only candidate; opaque workId=work-fd6e70a72344e8a3ef3b; identity is normalized official title + matched Rakuten author; origin and original format remain unknown.
candidate-fd88144bf7334c4aae39,おそ松くん,,赤塚不二夫,1962,unknown,unknown,unknown,Library-only candidate; opaque workId=work-fd88144bf7334c4aae39; identity is normalized official title + matched Rakuten author; origin and original format remain unknown.
candidate-fda8a407b9b08e667df1,はじめてのあく,,藤木俊,2009,unknown,unknown,unknown,Library-only candidate; opaque workId=work-fda8a407b9b08e667df1; identity is normalized official title + matched Rakuten author; origin and original format remain unknown.
candidate-fe35a5f01946f5153eb4,シュトヘル,,伊藤 悠,2009,unknown,unknown,unknown,Library-only candidate; opaque workId=work-fe35a5f01946f5153eb4; identity is normalized official title + matched Rakuten author; origin and original format remain unknown.
candidate-fe36cd3eb836d1655a94,青のフラッグ,,KAITO,2017,unknown,unknown,unknown,Library-only candidate; opaque workId=work-fe36cd3eb836d1655a94; identity is normalized official title + matched Rakuten author; origin and original format remain unknown.
candidate-fed2192d8e8359ba3ed4,竜の学校は山の上,,九井諒子,,unknown,unknown,unknown,Library-only candidate; opaque workId=work-fed2192d8e8359ba3ed4; identity is normalized official title + matched Rakuten author; origin and original format remain unknown.
candidate-ff54aae19d03bc065747,女の穴,,ふみふみこ,,unknown,unknown,unknown,Library-only candidate; opaque workId=work-ff54aae19d03bc065747; identity is normalized official title + matched Rakuten author; origin and original format remain unknown.
candidate-ff5c00e958b24a1f3f5f,帝乃三姉妹は案外、チョロい。,,ひらかわ あや,2022,unknown,unknown,unknown,Library-only candidate; opaque workId=work-ff5c00e958b24a1f3f5f; identity is normalized official title + matched Rakuten author; origin and original format remain unknown.
candidate-ff78e8da2e8c6cf5a2c1,ヒャッコ,,カトウハルアキ,2007,unknown,unknown,unknown,Library-only candidate; opaque workId=work-ff78e8da2e8c6cf5a2c1; identity is normalized official title + matched Rakuten author; origin and original format remain unknown.
candidate-ff9b025f58d7e12f3cb1,LOVE SO LIFE,,こうち楓,2009,unknown,unknown,unknown,Library-only candidate; opaque workId=work-ff9b025f58d7e12f3cb1; identity is normalized official title + matched Rakuten author; origin and original format remain unknown.
candidate-ffb27b6611e39f1e117c,みずぽろ,,一色 美穂;水口 尚樹,2024,unknown,unknown,unknown,Library-only candidate; opaque workId=work-ffb27b6611e39f1e117c; identity is normalized official title + matched Rakuten author; origin and original format remain unknown.
candidate-ffb453ad9c40789b5d94,ブラッククローバー,,田畠裕基,2015,unknown,unknown,unknown,Library-only candidate; opaque workId=work-ffb453ad9c40789b5d94; identity is normalized official title + matched Rakuten author; origin and original format remain unknown.
candidate-ffc5b05df16409addd48,ボールルームへようこそ,,竹内友,2011,unknown,unknown,ongoing,Matched existing Gold work welcome-to-the-ballroom by normalized title/alias + creator overlap.
