workId,blockerCode,blockerDetails,evidenceName,evidenceUrl,evidencePublishedAt,retrievedAt,recheckPath
work-017446dd1a9039d9839b,SOURCE_INFORMATION_UNAVAILABLE,Finite official-first routes exhausted; unchanged promotion coverage fails: Narrative 3/6=0.500 (<0.600); Tone 4/7=0.571 (<0.600). Unknown is not a low value and no value was filled to meet a quota. Combined input/review packet binding: SHA-256=3852eea86b876b9231d549cf044e99a9a396b6adb6c1bd8d9b0ccd9be1e71e2f; see final-overlay-validation.json inputBindings.,講談社 サンダー3 1권 상품 페이지,https://www.kodansha.co.jp/comic/products/0000368603,2022-10-17,2026-08-23,Provide direct entry-range evidence for enough remaining Narrative axes to reach the frozen coverage threshold; Provide direct entry-range evidence for enough remaining Tone axes to reach the frozen coverage threshold
work-025c8ab93483a39c9330,SOURCE_INFORMATION_UNAVAILABLE,Official volumes 1–3 and trial routes plus independent Japanese and Korean-title community searches were exhausted. Coverage remains Narrative 1/6; the host and office-worker relationship material supports Tone but does not establish three additional Narrative anchors. Unknown was not converted to zero and optional Art was not treated as a blocker. Combined input/review packet binding: SHA-256=5ec2b05f096ecb5662ad8d8cfa207cb3ede6e101bc8902a8c015c04a72496a22; see final-overlay-validation.json inputBindings.,双葉社 ホストと社畜 第1巻,https://www.futabasha.co.jp/book/97845758600160000000?type=2,2024,2026-08-26,Reopen only if direct entry-range evidence establishes at least three remaining Narrative cells.
work-048a39f42bd18cb0823e,SOURCE_INFORMATION_UNAVAILABLE,"Finite official-first routes exhausted; unchanged promotion coverage fails: Tone 2/7=0.286 (<0.600); Art 0/4=0.000 (<0.300). Unknown is not a low value and no value was filled to meet a quota. Evidence source is explicitly undated; evidencePublishedAt uses canonical work firstPublishedYear 2007 only as a fallback, not as the source publication date. Combined input/review packet binding: SHA-256=f4f08de2b64f307247b140ef10810a100bb07e05bd42593130818edf00158bff; see final-overlay-validation.json inputBindings.",幻冬舎コミックス 公式作品検索,https://www.gentosha-comics.net/search/?search_title=%E5%A4%A7%E6%9D%B1%E4%BA%AC%E3%83%88%E3%82%A4%E3%83%9C%E3%83%83%E3%82%AF%E3%82%B9,2007,2026-08-23,"Provide an edition-mapped official internal preview with at least 6 readable pages, 2 scene contexts, and Local Codex plus Gemini pixel quorum; Provide direct entry-range evidence for enough remaining Tone axes to reach the frozen coverage threshold"
work-04f35b4c99514d50231d,SOURCE_INFORMATION_UNAVAILABLE,"Finite official-first routes exhausted; unchanged promotion coverage fails: Narrative 2/6=0.333 (<0.600); Tone 3/7=0.429 (<0.600); Art 0/4=0.000 (<0.300). Unknown is not a low value and no value was filled to meet a quota. Evidence source is explicitly undated; evidencePublishedAt uses canonical work firstPublishedYear 2006 only as a fallback, not as the source publication date. Combined input/review packet binding: SHA-256=f4f08de2b64f307247b140ef10810a100bb07e05bd42593130818edf00158bff; see final-overlay-validation.json inputBindings.",白泉社 公式作品検索,https://www.hakusensha.co.jp/?s=%E3%83%87%E3%83%88%E3%83%AD%E3%82%A4%E3%83%88%E3%83%BB%E3%83%A1%E3%82%BF%E3%83%AB%E3%83%BB%E3%82%B7%E3%83%86%E3%82%A3,2006,2026-08-23,"Provide an edition-mapped official internal preview with at least 6 readable pages, 2 scene contexts, and Local Codex plus Gemini pixel quorum; Provide direct entry-range evidence for enough remaining Narrative axes to reach the frozen coverage threshold; Provide direct entry-range evidence for enough remaining Tone axes to reach the frozen coverage threshold"
work-060a72fe10cf6ba9cbfc,SOURCE_INFORMATION_UNAVAILABLE,"Finite official-first, Japanese-community, and Korean-title community routes exhausted; unchanged promotion coverage fails: Narrative 3/6=0.500 (<0.600); Tone 1/7=0.143 (<0.600). Unknown is not a low value and no value was filled to meet a quota. Art is optional and was not used as a blocker. Combined input/review packet binding: SHA-256=539e91ac8a38b3abf2c207fb6a842bf8be3026a51d177c54a0a9e87149f4846a; see final-overlay-validation.json inputBindings.",講談社 공식 상품 페이지 — チェーザレ 破壊の創造者 1,https://www.kodansha.co.jp/comic/products/0000013469,2006-10-23,2026-08-25,Provide direct entry-range evidence for enough remaining Narrative axes to reach the frozen coverage threshold; Provide direct entry-range evidence for enough remaining Tone axes to reach the frozen coverage threshold
work-076beb86f844b642beef,SOURCE_INFORMATION_UNAVAILABLE,"Finite official-first, Japanese-community, and Korean-title community routes exhausted; unchanged promotion coverage fails: Narrative 3/6=0.500 (<0.600); Tone 4/7=0.571 (<0.600). Unknown is not a low value and no value was filled to meet a quota. Art is optional and was not used as a blocker. Combined input/review packet binding: SHA-256=539e91ac8a38b3abf2c207fb6a842bf8be3026a51d177c54a0a9e87149f4846a; see final-overlay-validation.json inputBindings.",小学館 eコミックストア 공식 페이지 — くーねるまるた 1,https://e-comi.shogakukan.co.jp/books/091848470000d0000000,2014-04-02,2026-08-25,Provide direct entry-range evidence for enough remaining Narrative axes to reach the frozen coverage threshold; Provide direct entry-range evidence for enough remaining Tone axes to reach the frozen coverage threshold
work-07faf4019b12de5e877d,SOURCE_INFORMATION_UNAVAILABLE,Finite official-first routes exhausted; unchanged promotion coverage fails: Narrative 1/6=0.167 (<0.600); Tone 4/7=0.571 (<0.600); Art 0/4=0.000 (<0.300); Theme 0. Unknown is not a low value and no value was filled to meet a quota. Combined input/review packet binding: SHA-256=f4f08de2b64f307247b140ef10810a100bb07e05bd42593130818edf00158bff; see final-overlay-validation.json inputBindings.,双葉社 公式商品ページ,https://www.futabasha.co.jp/book/97845758481060000000?type=1,2016-06-11,2026-08-23,"Provide an edition-mapped official internal preview with at least 6 readable pages, 2 scene contexts, and Local Codex plus Gemini pixel quorum; Provide direct entry-range evidence for enough remaining Narrative axes to reach the frozen coverage threshold; Provide direct entry-range evidence for enough remaining Tone axes to reach the frozen coverage threshold; Provide direct official evidence for at least one central Theme"
work-091d231d37f037fb07e8,SOURCE_INFORMATION_UNAVAILABLE,"Finite enumerated official-first, independent-review, and publisher-route checks are exhausted; unchanged promotion coverage fails Genre 0/1 and Tone 0/7. Kodansha volumes 1–3 and the bounded review corpus establish the investment-school premise and Narrative structure, but do not supply a legal Genre or five residual Tone anchors. The exact Kodansha products expose no internal trial. Unknown was not converted to zero and finance or school labels were not copied into the product Genre taxonomy. Combined input/review packet binding: SHA-256=539e91ac8a38b3abf2c207fb6a842bf8be3026a51d177c54a0a9e87149f4846a; see final-overlay-validation.json inputBindings.",講談社公式商品ページ — インベスターZ 1,https://www.kodansha.co.jp/comic/products/0000018461,2013-09-20,2026-08-25,"Reopen only if Kodansha product IDs 0000018461, 0000018483, or 0000018518 gain an edition-bound internal trial/content route, or an entry-range official source supplies a legal Genre or concrete residual Tone mechanism. A review route qualifies only when two new independent non-syndicated entry-range reviews repeat the same concrete Tone observation. Rerun the required gates."
work-098b1781e14365eea667,SOURCE_INFORMATION_UNAVAILABLE,"Official volumes 1–3 and trial routes plus independent Japanese and Korean-title community searches were exhausted. Coverage remains Narrative 2/6; the school-romance setting and relationship movement do not establish two additional progression, problem-solving, strategy, or mystery anchors. Unknown was not converted to zero and optional Art was not treated as a blocker. Combined input/review packet binding: SHA-256=5ec2b05f096ecb5662ad8d8cfa207cb3ede6e101bc8902a8c015c04a72496a22; see final-overlay-validation.json inputBindings.",講談社 うるわしの宵の月 第1巻,https://www.kodansha.co.jp/comic/products/0000347553,2020-12-11,2026-08-26,Reopen only if direct volume 1–3 evidence establishes at least two remaining Narrative cells.
work-0d1ad77728a44df56508,SOURCE_INFORMATION_UNAVAILABLE,"Finite official-first, Japanese-community, and Korean-title community routes exhausted; unchanged promotion coverage fails: Narrative 0/6=0.000 (<0.600); Tone 0/7=0.000 (<0.600); Theme 0. Unknown is not a low value and no value was filled to meet a quota. Art is optional and was not used as a blocker. Evidence source is explicitly undated; evidencePublishedAt uses canonical work firstPublishedYear 2014 only as a fallback, not as the source publication date. Combined input/review packet binding: SHA-256=539e91ac8a38b3abf2c207fb6a842bf8be3026a51d177c54a0a9e87149f4846a; see final-overlay-validation.json inputBindings.",フジテレビ 공식 프로모션 페이지 — ラーメン大好き小泉さん,https://www.fujitv.co.jp/ramen_koizumi/2019/topics_01.html,2014,2026-08-25,Provide direct entry-range evidence for enough remaining Narrative axes to reach the frozen coverage threshold; Provide direct entry-range evidence for enough remaining Tone axes to reach the frozen coverage threshold; Provide direct official evidence for at least one central Theme
work-0dabd1d17e5fcf2992b9,SOURCE_INFORMATION_UNAVAILABLE,"Finite official-first, Japanese-community, and Korean-title community routes exhausted; unchanged promotion coverage fails: Narrative 1/6=0.167 (<0.600); Tone 4/7=0.571 (<0.600). Unknown is not a low value and no value was filled to meet a quota. Art is optional and was not used as a blocker. Combined input/review packet binding: SHA-256=539e91ac8a38b3abf2c207fb6a842bf8be3026a51d177c54a0a9e87149f4846a; see final-overlay-validation.json inputBindings.",小学館 공식 상품 페이지 — 忘却のサチコ 1,https://shogakukan-comic.jp/book?isbn=9784091866707&lang=en,2014-12-26,2026-08-25,Provide direct entry-range evidence for enough remaining Narrative axes to reach the frozen coverage threshold; Provide direct entry-range evidence for enough remaining Tone axes to reach the frozen coverage threshold
work-0ebf010ac12b9b60d80e,SOURCE_INFORMATION_UNAVAILABLE,"Finite enumerated official-first, independent-review, edition, and reader-route checks are exhausted; unchanged promotion coverage fails Narrative 2/6 and Tone 2/7. Official KADOKAWA volumes 1–3 and bounded corroboration establish the war, combat-machine, eight-person, world, pacing, relationship, and darkness observations but not two further Narrative anchors or three further Tone anchors. The exact BOOK WALKER volume-2/3 shells yielded no deterministic body payload. Combined input/review packet binding: SHA-256=539e91ac8a38b3abf2c207fb6a842bf8be3026a51d177c54a0a9e87149f4846a; see final-overlay-validation.json inputBindings.",KADOKAWA公式商品ページ — 機動旅団八福神 1巻,https://www.kadokawa.co.jp/product/200700002796/,2004-12-25,2026-08-25,"Reopen if a KADOKAWA-linked volume-1–3 BOOK WALKER trial yields a deterministic body payload and the official series records establish the frozen representative-volume bridge, or two new independent non-syndicated entry-range reviews repeat one concrete residual Tone mechanism. Review only progression/problemSolving/strategy/mysteryReveal and characterArcWeight/comedy/mentalStress/romance/emotionalWarmth; rerun Narrative and Tone gates."
work-0eff8190c0c6ff604527,SOURCE_INFORMATION_UNAVAILABLE,"Finite official-first, Japanese-community, and Korean-title community routes exhausted; unchanged promotion coverage fails: Narrative 2/6=0.333 (<0.600); Tone 4/7=0.571 (<0.600); Theme 0. Unknown is not a low value and no value was filled to meet a quota. Art is optional and was not used as a blocker. Combined input/review packet binding: SHA-256=539e91ac8a38b3abf2c207fb6a842bf8be3026a51d177c54a0a9e87149f4846a; see final-overlay-validation.json inputBindings.",小学館 eコミックストア 공식 페이지 — よるくも 1,https://shogakukan-comic.jp/book?jdcn=091885380000d0000000,2013-01-01,2026-08-25,Provide direct entry-range evidence for enough remaining Narrative axes to reach the frozen coverage threshold; Provide direct entry-range evidence for enough remaining Tone axes to reach the frozen coverage threshold; Provide direct official evidence for at least one central Theme
work-1012948f5de799831da4,SOURCE_INFORMATION_UNAVAILABLE,Finite official-first routes exhausted; unchanged promotion coverage fails: Narrative 2/6=0.333 (<0.600); Tone 4/7=0.571 (<0.600); Art 0/4=0.000 (<0.300). Unknown is not a low value and no value was filled to meet a quota. Combined input/review packet binding: SHA-256=3852eea86b876b9231d549cf044e99a9a396b6adb6c1bd8d9b0ccd9be1e71e2f; see final-overlay-validation.json inputBindings.,講談社 公式商品ページ,https://www.kodansha.co.jp/comic/products/0000009137,2014-07-11,2026-08-23,"Provide an edition-mapped official internal preview with at least 6 readable pages, 2 scene contexts, and Local Codex plus Gemini pixel quorum; Provide direct entry-range evidence for enough remaining Narrative axes to reach the frozen coverage threshold; Provide direct entry-range evidence for enough remaining Tone axes to reach the frozen coverage threshold"
work-11d23966f22f777e95d0,SOURCE_INFORMATION_UNAVAILABLE,Official volumes 1–3 and the linked reader plus independent Japanese and Korean-title community searches were exhausted. Coverage remains Narrative 2/6 and Tone 4/7; the resident-character world and episodic setup do not establish two additional Narrative and one additional Tone anchor. Unknown was not converted to zero and optional Art was not treated as a blocker. Combined input/review packet binding: SHA-256=5ec2b05f096ecb5662ad8d8cfa207cb3ede6e101bc8902a8c015c04a72496a22; see final-overlay-validation.json inputBindings.,小学館 のらみみ 第1巻,https://e-comi.shogakukan.co.jp/books/091884110000d0000000,2003,2026-08-26,Reopen only if direct volume 1–3 evidence establishes at least two remaining Narrative and one remaining Tone cell.
work-12b484cd79bfe6852ea1,SOURCE_INFORMATION_UNAVAILABLE,"Finite official-first, Japanese-community, and Korean-title community routes exhausted; unchanged promotion coverage fails: Narrative 1/6=0.167 (<0.600); Tone 2/7=0.286 (<0.600). Unknown is not a low value and no value was filled to meet a quota. Art is optional and was not used as a blocker. Evidence source is explicitly undated; evidencePublishedAt uses canonical work firstPublishedYear 2009 only as a fallback, not as the source publication date. Combined input/review packet binding: SHA-256=539e91ac8a38b3abf2c207fb6a842bf8be3026a51d177c54a0a9e87149f4846a; see final-overlay-validation.json inputBindings.",小学館 eコミックストア 공식 페이지 — 高校球児 ザワさん 1,https://e-comi.shogakukan.co.jp/books/091825370000d0000000,2009,2026-08-25,Provide direct entry-range evidence for enough remaining Narrative axes to reach the frozen coverage threshold; Provide direct entry-range evidence for enough remaining Tone axes to reach the frozen coverage threshold
work-132ce7172750a3b1fa53,SOURCE_INFORMATION_UNAVAILABLE,"Official volumes 1–3 and independent Japanese and Korean-title community reviews support problemSolving=2, raising Narrative to 3/6, but no bounded source establishes progression, strategy, or mysteryReveal. Unknown was not converted to zero and optional Art was not treated as a blocker. Combined input/review packet binding: SHA-256=5ec2b05f096ecb5662ad8d8cfa207cb3ede6e101bc8902a8c015c04a72496a22; see final-overlay-validation.json inputBindings.",KADOKAWA ヒナまつり 第1巻,https://www.kadokawa.co.jp/product/301306000979/,2011-07-15,2026-08-26,"Reopen only if direct entry-range evidence establishes at least one of progression, strategy, or mysteryReveal."
work-151b456508f78852b002,SOURCE_INFORMATION_UNAVAILABLE,"Finite official-first, Japanese-community, and Korean-title community routes exhausted; unchanged promotion coverage fails: Narrative 3/6=0.500 (<0.600); Tone 3/7=0.429 (<0.600). Unknown is not a low value and no value was filled to meet a quota. Art is optional and was not used as a blocker. Combined input/review packet binding: SHA-256=539e91ac8a38b3abf2c207fb6a842bf8be3026a51d177c54a0a9e87149f4846a; see final-overlay-validation.json inputBindings.",小学館コミック — ヨルムンガンド 1,https://shogakukan-comic.jp/book?isbn=9784091570697,2006-11-17,2026-08-25,Provide direct entry-range evidence for enough remaining Narrative axes to reach the frozen coverage threshold; Provide direct entry-range evidence for enough remaining Tone axes to reach the frozen coverage threshold
work-1550d4a52c3fe6d9f94c,SOURCE_INFORMATION_UNAVAILABLE,"Finite official-first, Japanese-community, and Korean-title community routes exhausted; unchanged promotion coverage fails: Narrative 3/6=0.500 (<0.600). Unknown is not a low value and no value was filled to meet a quota. Art is optional and was not used as a blocker. Combined input/review packet binding: SHA-256=539e91ac8a38b3abf2c207fb6a842bf8be3026a51d177c54a0a9e87149f4846a; see final-overlay-validation.json inputBindings.",一迅社 — ボクラノキセキ 1,https://data.ichijinsha.co.jp/detail/75805394,2009-02-25,2026-08-25,Provide direct entry-range evidence for enough remaining Narrative axes to reach the frozen coverage threshold
work-15d6508605fbd4a266fc,SOURCE_INFORMATION_UNAVAILABLE,"Finite official-first, Japanese-community, and Korean-title community routes exhausted; unchanged promotion coverage fails: Narrative 2/6=0.333 (<0.600); Tone 1/7=0.143 (<0.600). Unknown is not a low value and no value was filled to meet a quota. Art is optional and was not used as a blocker. Combined input/review packet binding: SHA-256=539e91ac8a38b3abf2c207fb6a842bf8be3026a51d177c54a0a9e87149f4846a; see final-overlay-validation.json inputBindings.",KADOKAWA／コミックアライブ — おまかせ精霊 1,https://comic-alive.jp/product/omakase/201216022042.html,2007-01-23,2026-08-25,Provide direct entry-range evidence for enough remaining Narrative axes to reach the frozen coverage threshold; Provide direct entry-range evidence for enough remaining Tone axes to reach the frozen coverage threshold
work-15dba4fdb46308ab45d7,SOURCE_INFORMATION_UNAVAILABLE,Official volume and reader routes plus independent Japanese and Korean-title community searches were exhausted. Coverage remains Narrative 2/6 and Tone 4/7; the linked-place ensemble premise does not establish two additional Narrative and one additional Tone anchor. Unknown was not converted to zero and optional Art was not treated as a blocker. Combined input/review packet binding: SHA-256=5ec2b05f096ecb5662ad8d8cfa207cb3ede6e101bc8902a8c015c04a72496a22; see final-overlay-validation.json inputBindings.,集英社 駅から5分 第1巻,https://www.shueisha.co.jp/books/items/contents.html?jdcn=08865439865439315501,2007-11-19,2026-08-26,Reopen only if direct entry-range evidence establishes at least two remaining Narrative and one remaining Tone cell.
work-171b262b7ad72871f795,SOURCE_INFORMATION_UNAVAILABLE,Finite official-first routes exhausted; unchanged promotion coverage fails: Tone 3/7=0.429 (<0.600); Art 0/4=0.000 (<0.300). Unknown is not a low value and no value was filled to meet a quota. Combined input/review packet binding: SHA-256=f4f08de2b64f307247b140ef10810a100bb07e05bd42593130818edf00158bff; see final-overlay-validation.json inputBindings.,少年画報社 公式商品ページ,https://www.shonengahosha.co.jp/book_Info.php?id=6358,2010-07-07,2026-08-23,"Provide an edition-mapped official internal preview with at least 6 readable pages, 2 scene contexts, and Local Codex plus Gemini pixel quorum; Provide direct entry-range evidence for enough remaining Tone axes to reach the frozen coverage threshold"
work-18e08fe95968a6537773,SOURCE_INFORMATION_UNAVAILABLE,"Finite official-first, Japanese-community, and Korean-title community routes exhausted; unchanged promotion coverage fails: Narrative 0/6=0.000 (<0.600). Unknown is not a low value and no value was filled to meet a quota. Art is optional and was not used as a blocker. Combined input/review packet binding: SHA-256=539e91ac8a38b3abf2c207fb6a842bf8be3026a51d177c54a0a9e87149f4846a; see final-overlay-validation.json inputBindings.",白泉社 — ニラメッコ 1,https://www.hakusensha.co.jp/comicslist/60421/,2021-06-16,2026-08-25,Provide direct entry-range evidence for enough remaining Narrative axes to reach the frozen coverage threshold
work-197089286d30de82f9e9,SOURCE_INFORMATION_UNAVAILABLE,Finite official-first routes exhausted; unchanged promotion coverage fails: Narrative 3/6=0.500 (<0.600). Unknown is not a low value and no value was filled to meet a quota. Combined input/review packet binding: SHA-256=f4f08de2b64f307247b140ef10810a100bb07e05bd42593130818edf00158bff; see final-overlay-validation.json inputBindings.,白泉社 多聞くん今どっち！？ 1권 상품 페이지,https://www.hakusensha.co.jp/comicslist/62381/,2022-02-18,2026-08-23,Provide direct entry-range evidence for enough remaining Narrative axes to reach the frozen coverage threshold
work-19a26f01512166856a6a,SOURCE_INFORMATION_UNAVAILABLE,"Finite official-first routes exhausted; unchanged promotion coverage fails: Narrative 2/6=0.333 (<0.600); Tone 4/7=0.571 (<0.600). Unknown is not a low value and no value was filled to meet a quota. Evidence source is explicitly undated; evidencePublishedAt uses canonical work firstPublishedYear 1977 only as a fallback, not as the source publication date. Combined input/review packet binding: SHA-256=3852eea86b876b9231d549cf044e99a9a396b6adb6c1bd8d9b0ccd9be1e71e2f; see final-overlay-validation.json inputBindings.",小学館eコミックストア 銀河鉄道999 1권 작품 페이지,https://e-comi.shogakukan.co.jp/books/091880010000d0000000,1977,2026-08-23,Provide direct entry-range evidence for enough remaining Narrative axes to reach the frozen coverage threshold; Provide direct entry-range evidence for enough remaining Tone axes to reach the frozen coverage threshold
work-19b578d0e828242f14f3,SOURCE_INFORMATION_UNAVAILABLE,"Finite official-first, Japanese-community, and Korean-title community routes exhausted; unchanged promotion coverage fails: Narrative 1/6=0.167 (<0.600). Unknown is not a low value and no value was filled to meet a quota. Art is optional and was not used as a blocker. Combined input/review packet binding: SHA-256=539e91ac8a38b3abf2c207fb6a842bf8be3026a51d177c54a0a9e87149f4846a; see final-overlay-validation.json inputBindings.",芳文社／まんがタイム — 恋愛ラボ 작품·권 목록,https://manga-time.com/comics/cart/mru.html,2008-03-07,2026-08-25,Provide direct entry-range evidence for enough remaining Narrative axes to reach the frozen coverage threshold
work-19c2017b33c07f48634e,FACTOR_MODEL_INCOMPATIBLE,"Official volumes 1–3 and independent Japanese and Korean-title community searches establish sibling-family comedy but no supported Factor Dictionary Theme. Adding an unrelated Theme would fill a quota, so the mandatory Theme gate cannot be satisfied responsibly. Optional Art was not treated as a blocker. Combined input/review packet binding: SHA-256=5ec2b05f096ecb5662ad8d8cfa207cb3ede6e101bc8902a8c015c04a72496a22; see final-overlay-validation.json inputBindings.",KADOKAWA ふうらい姉妹 第1巻,https://www.kadokawa.co.jp/product/201008000188/,2010-11-15,2026-08-26,Recheck only if the Factor Dictionary gains a directly supported Theme or the mandatory Theme gate changes.
work-19c2017b33c07f48634e,SOURCE_INFORMATION_UNAVAILABLE,Official volumes 1–3 and the linked trial plus independent Japanese and Korean-title community searches were exhausted. Coverage remains Narrative 0/6 and Tone 4/7; no repeated Narrative anchor is established. Unknown was not converted to zero and optional Art was not treated as a blocker. Combined input/review packet binding: SHA-256=5ec2b05f096ecb5662ad8d8cfa207cb3ede6e101bc8902a8c015c04a72496a22; see final-overlay-validation.json inputBindings.,KADOKAWA ふうらい姉妹 第1巻,https://www.kadokawa.co.jp/product/201008000188/,2010-11-15,2026-08-26,Reopen only if direct entry-range evidence establishes at least four Narrative cells and one additional Tone cell.
work-1b3afe12c434a9cf7603,SOURCE_INFORMATION_UNAVAILABLE,"Finite official-first, Japanese-community, and Korean-title community routes exhausted; unchanged promotion coverage fails: Narrative 3/6=0.500 (<0.600). Unknown is not a low value and no value was filled to meet a quota. Art is optional and was not used as a blocker. Combined input/review packet binding: SHA-256=539e91ac8a38b3abf2c207fb6a842bf8be3026a51d177c54a0a9e87149f4846a; see final-overlay-validation.json inputBindings.",講談社 — 銀のスプーン 1,https://www.kodansha.co.jp/comic/products/0000044784,2011-02-10,2026-08-25,Provide direct entry-range evidence for enough remaining Narrative axes to reach the frozen coverage threshold
work-1b7c4ed54d7761cd242b,SOURCE_INFORMATION_UNAVAILABLE,"Finite official-first, Japanese-community, and Korean-title community routes exhausted; unchanged promotion coverage fails: Narrative 3/6=0.500 (<0.600). Unknown is not a low value and no value was filled to meet a quota. Art is optional and was not used as a blocker. Combined input/review packet binding: SHA-256=539e91ac8a38b3abf2c207fb6a842bf8be3026a51d177c54a0a9e87149f4846a; see final-overlay-validation.json inputBindings.",講談社 — おかめ日和 1,https://www.kodansha.co.jp/comic/products/0000043658,2007-04-13,2026-08-25,Provide direct entry-range evidence for enough remaining Narrative axes to reach the frozen coverage threshold
work-1bce95b6c02673e59bcf,SOURCE_INFORMATION_UNAVAILABLE,"Finite official-first, Japanese-community, and Korean-title community routes exhausted; unchanged promotion coverage fails: Narrative 1/6=0.167 (<0.600); Tone 3/7=0.429 (<0.600). Unknown is not a low value and no value was filled to meet a quota. Art is optional and was not used as a blocker. Combined input/review packet binding: SHA-256=539e91ac8a38b3abf2c207fb6a842bf8be3026a51d177c54a0a9e87149f4846a; see final-overlay-validation.json inputBindings.",小学館／ビッグコミックBROS. — 新黒沢 最強伝説 1,https://bigcomicbros.net/comics/30136/,2013-11-29,2026-08-25,Provide direct entry-range evidence for enough remaining Narrative axes to reach the frozen coverage threshold; Provide direct entry-range evidence for enough remaining Tone axes to reach the frozen coverage threshold
work-1cdc6c5cca7c33fafe51,SOURCE_INFORMATION_UNAVAILABLE,Publisher and ISBN routes plus independent Japanese and Korean-title community searches were exhausted. Coverage remains Narrative 1/6 and Tone 2/7; series-wide commentary is not entry-bounded evidence for three Narrative and three Tone anchors. Unknown was not converted to zero and optional Art was not treated as a blocker. Combined input/review packet binding: SHA-256=5ec2b05f096ecb5662ad8d8cfa207cb3ede6e101bc8902a8c015c04a72496a22; see final-overlay-validation.json inputBindings.,マンガ大賞2012 選考員コメント,https://www.mangataisho.com/data/2012/mantai_comment2012.pdf,2012,2026-08-26,Reopen only if direct volume 1–3 evidence establishes at least three Narrative and three Tone cells.
work-1d5a3158e78e639f1973,SOURCE_INFORMATION_UNAVAILABLE,"Finite official-first, Japanese-community, and Korean-title community routes exhausted; unchanged promotion coverage fails: Tone 2/7=0.286 (<0.600). Unknown is not a low value and no value was filled to meet a quota. Art is optional and was not used as a blocker. Combined input/review packet binding: SHA-256=539e91ac8a38b3abf2c207fb6a842bf8be3026a51d177c54a0a9e87149f4846a; see final-overlay-validation.json inputBindings.",講談社 — カレチ 1,https://www.kodansha.co.jp/comic/products/0000013990,2009-12-22,2026-08-25,Provide direct entry-range evidence for enough remaining Tone axes to reach the frozen coverage threshold
work-1e27731b880d0d9012f8,SOURCE_INFORMATION_UNAVAILABLE,"Finite official-first routes exhausted; unchanged promotion coverage fails: Narrative 0/6=0.000 (<0.600); Genre 0. Unknown is not a low value and no value was filled to meet a quota. Evidence source is explicitly undated; evidencePublishedAt uses canonical work firstPublishedYear 1983 only as a fallback, not as the source publication date. Combined input/review packet binding: SHA-256=3852eea86b876b9231d549cf044e99a9a396b6adb6c1bd8d9b0ccd9be1e71e2f; see final-overlay-validation.json inputBindings.",小学館eコミックストア 吉祥天女 1권 작품 페이지,https://e-comi.shogakukan.co.jp/books/091313010000d0000000,1983,2026-08-23,Provide direct entry-range evidence for enough remaining Narrative axes to reach the frozen coverage threshold; Provide direct official entry-range Genre evidence
work-1e9c4852863a22bba058,SOURCE_INFORMATION_UNAVAILABLE,"Finite official-first, Japanese-community, and Korean-title community routes exhausted; unchanged promotion coverage fails: Narrative 2/6=0.333 (<0.600); Tone 4/7=0.571 (<0.600). Unknown is not a low value and no value was filled to meet a quota. Art is optional and was not used as a blocker. Combined input/review packet binding: SHA-256=539e91ac8a38b3abf2c207fb6a842bf8be3026a51d177c54a0a9e87149f4846a; see final-overlay-validation.json inputBindings.",講談社 — GREEN WORLDZ 1,https://www.kodansha.co.jp/comic/products/0000019152,2014-05-09,2026-08-25,Provide direct entry-range evidence for enough remaining Narrative axes to reach the frozen coverage threshold; Provide direct entry-range evidence for enough remaining Tone axes to reach the frozen coverage threshold
work-1ec3d48e64b228bb8a92,SOURCE_INFORMATION_UNAVAILABLE,"Finite official-first, Japanese-community, and Korean-title community routes exhausted; unchanged promotion coverage fails: Narrative 1/6=0.167 (<0.600); Theme 0. Unknown is not a low value and no value was filled to meet a quota. Art is optional and was not used as a blocker. Combined input/review packet binding: SHA-256=539e91ac8a38b3abf2c207fb6a842bf8be3026a51d177c54a0a9e87149f4846a; see final-overlay-validation.json inputBindings.",小学館eコミックストア 娚の一生 1권,https://e-comi.shogakukan.co.jp/books/091322690000d0000000,2009-03-10,2026-08-25,Provide direct entry-range evidence for enough remaining Narrative axes to reach the frozen coverage threshold; Provide direct official evidence for at least one central Theme
work-23077ad33a2066bef5a6,SOURCE_INFORMATION_UNAVAILABLE,Official volumes 1–3 and independent Japanese and Korean-title community searches were exhausted. Coverage remains Narrative 2/6; the orphanage ensemble and character material do not establish two additional Narrative anchors. Unknown was not converted to zero and optional Art was not treated as a blocker. Combined input/review packet binding: SHA-256=5ec2b05f096ecb5662ad8d8cfa207cb3ede6e101bc8902a8c015c04a72496a22; see final-overlay-validation.json inputBindings.,小学館 Sunny 第1巻,https://e-comi.shogakukan.co.jp/books/091885570000d0000000,2011-08-30,2026-08-26,Reopen only if direct entry-range evidence establishes at least two remaining Narrative cells.
work-2356050c72240569e1c5,SOURCE_INFORMATION_UNAVAILABLE,"Official volume routes plus independent Japanese and Korean-title community searches were exhausted. Coverage remains Narrative 2/6; the girl's daily life and relationships do not establish two additional acquisition, mastery, tactical, or reveal anchors. Unknown was not converted to zero and optional Art was not treated as a blocker. Combined input/review packet binding: SHA-256=5ec2b05f096ecb5662ad8d8cfa207cb3ede6e101bc8902a8c015c04a72496a22; see final-overlay-validation.json inputBindings.",小学館 すみれファンファーレ 第1巻,https://shogakukan-comic.jp/book?jdcn=091885790000d0000000,2015-01-26,2026-08-26,Reopen only if direct entry-range evidence establishes at least two remaining Narrative cells.
work-238c04ae3a3a61451078,SOURCE_INFORMATION_UNAVAILABLE,"Finite enumerated official-first, independent-review, and publisher-route-registry checks are exhausted; unchanged promotion coverage fails Theme 0/1, Narrative 1/6, and Tone 3/7. The official entry material supports slice-of-life, pacing, comedy, brightness, and low pressure, but does not supply a legal Theme, three further Narrative anchors, or two further Tone anchors. Unknown was not converted to zero and no adventure/exploration taxonomy leakage was used. Combined input/review packet binding: SHA-256=539e91ac8a38b3abf2c207fb6a842bf8be3026a51d177c54a0a9e87149f4846a; see final-overlay-validation.json inputBindings.",スクウェア・エニックス公式商品ページ — リューシカ・リューシカ 1,https://magazine.jp.square-enix.com/top/comics/detail/9784757529083/,2010-06-22,2026-08-25,"Reopen only when an exact volumes-1–3 ISBN product exposes a product-linked Gangan Online chapter or edition-bound internal sample, or two new independently authored non-syndicated entry-range reviews repeat the same concrete residual Tone mechanism; review only the named residual cells and rerun the required gates."
work-29806fe5f9633b940747,SOURCE_INFORMATION_UNAVAILABLE,Finite official-first routes exhausted; unchanged promotion coverage fails: Tone 4/7=0.571 (<0.600). Unknown is not a low value and no value was filled to meet a quota. Combined input/review packet binding: SHA-256=f4f08de2b64f307247b140ef10810a100bb07e05bd42593130818edf00158bff; see final-overlay-validation.json inputBindings.,集英社 暗殺教室 1권 상품 페이지,https://www.shueisha.co.jp/books/items/contents.html?isbn=978-4-08-870596-5,2012-11-02,2026-08-23,Provide direct entry-range evidence for enough remaining Tone axes to reach the frozen coverage threshold
work-29d4300ad9d3358fb67a,SOURCE_INFORMATION_UNAVAILABLE,Finite official-first routes exhausted; unchanged promotion coverage fails: Tone 3/7=0.429 (<0.600). Unknown is not a low value and no value was filled to meet a quota. Combined input/review packet binding: SHA-256=3852eea86b876b9231d549cf044e99a9a396b6adb6c1bd8d9b0ccd9be1e71e2f; see final-overlay-validation.json inputBindings.,講談社 外天楼 단행본 상품 페이지,https://www.kodansha.co.jp/comic/products/0000223170,2011-10-21,2026-08-23,Provide direct entry-range evidence for enough remaining Tone axes to reach the frozen coverage threshold
work-2c4fe00df5255fc082f9,SOURCE_INFORMATION_UNAVAILABLE,Official episode and publisher routes plus independent Japanese and Korean-title community searches were exhausted. Coverage remains Narrative 3/6 and Tone 3/7; strategy alone does not establish one additional Narrative and two additional Tone anchors. Unknown was not converted to zero and optional Art was not treated as a blocker. Combined input/review packet binding: SHA-256=5ec2b05f096ecb5662ad8d8cfa207cb3ede6e101bc8902a8c015c04a72496a22; see final-overlay-validation.json inputBindings.,HERO'S Web ヒーローカンパニー,https://viewer.heros-web.com/episode/10834108156657187802,2020-08-07,2026-08-26,Reopen only if direct entry-range evidence establishes at least one Narrative and two Tone cells.
work-2df743e085adef5e9bd3,SOURCE_INFORMATION_UNAVAILABLE,"Official volumes 1–3 and independent Japanese and Korean-title community searches were exhausted. Coverage remains Narrative 3/6; the assassin-school premise and action-comedy material do not establish an additional progression, strategy, or mystery anchor. Unknown was not converted to zero and optional Art was not treated as a blocker. Combined input/review packet binding: SHA-256=5ec2b05f096ecb5662ad8d8cfa207cb3ede6e101bc8902a8c015c04a72496a22; see final-overlay-validation.json inputBindings.",集英社 キルアオ 第1巻,https://www.s-manga.net/items/contents.html?isbn=978-4-08-883686-7,2023-09-04,2026-08-26,Reopen only if direct entry-range evidence establishes at least one remaining Narrative cell.
work-2f1d1c3ad0f943f1562f,SOURCE_INFORMATION_UNAVAILABLE,Official volume and reader routes plus independent Japanese and Korean-title community searches were exhausted. Coverage remains Narrative 2/6; school interactions and gradual recognition do not establish two additional Narrative anchors. Unknown was not converted to zero and optional Art was not treated as a blocker. Combined input/review packet binding: SHA-256=5ec2b05f096ecb5662ad8d8cfa207cb3ede6e101bc8902a8c015c04a72496a22; see final-overlay-validation.json inputBindings.,小学館 尾守つみきと奇日常。 第1巻,https://e-comi.shogakukan.co.jp/books/098531820000d0000000,2024-03-18,2026-08-26,Reopen only if direct entry-range evidence establishes at least two remaining Narrative cells.
work-3136f2b463675644310f,FACTOR_MODEL_INCOMPATIBLE,Direct official and Japanese reader bodies establish that this single volume combines eight unrelated stories spanning creature contact horror erotic detective comedy and first love. The closed Theme Dictionary has no general anthology tag and no existing legal Theme or stable Narrative and Tone mechanism recurs across all stories; assigning an incidental mechanic or averaging contradictory stories would fabricate the mandatory profile. Art is optional and was not used as a blocker.,Rakuten 野ばら official product and direct Japanese reader reviews,https://books.rakuten.co.jp/rb/6573332/,2011,2026-08-26,Reopen only if the accepted Factor Dictionary gains an anthology Theme and an accepted mixed-anthology mapping rule or the mandatory Theme gate changes; then rerun batch-013 community adjudication.
work-319e39a597d16251efc9,SOURCE_INFORMATION_UNAVAILABLE,Finite official-first routes exhausted; unchanged promotion coverage fails: Narrative 2/6=0.333 (<0.600); Tone 3/7=0.429 (<0.600); Art 0/4=0.000 (<0.300); Theme 0. Unknown is not a low value and no value was filled to meet a quota. Combined input/review packet binding: SHA-256=f4f08de2b64f307247b140ef10810a100bb07e05bd42593130818edf00158bff; see final-overlay-validation.json inputBindings.,KADOKAWA・BOOK☆WALKER 公式試し読み,https://bookwalker.jp/dedf8ae3ed-d124-4300-abee-c4e6ec647235/?sample=1&from=1,2009-11-16,2026-08-23,"Provide an edition-mapped official internal preview with at least 6 readable pages, 2 scene contexts, and Local Codex plus Gemini pixel quorum; Provide direct entry-range evidence for enough remaining Narrative axes to reach the frozen coverage threshold; Provide direct entry-range evidence for enough remaining Tone axes to reach the frozen coverage threshold; Provide direct official evidence for at least one central Theme"
work-3ad85a2ffdc026007d61,SOURCE_INFORMATION_UNAVAILABLE,Official release and volume routes plus independent Japanese and Korean-title community searches were exhausted. Coverage remains Narrative 1/6; workplace healing and recurring interactions do not establish three additional Narrative anchors. Unknown was not converted to zero and optional Art was not treated as a blocker. Combined input/review packet binding: SHA-256=5ec2b05f096ecb5662ad8d8cfa207cb3ede6e101bc8902a8c015c04a72496a22; see final-overlay-validation.json inputBindings.,秋田書店 新しい上司はど天然 公式リリース,https://prtimes.jp/main/html/rd/p/000000029.000040601.html,2019-08-20,2026-08-26,Reopen only if direct entry-range evidence establishes at least three remaining Narrative cells.
work-3ba6e8e3cfdec674eae3,SOURCE_INFORMATION_UNAVAILABLE,Finite official-first routes exhausted; unchanged promotion coverage fails: Tone 2/7=0.286 (<0.600). Unknown is not a low value and no value was filled to meet a quota. Combined input/review packet binding: SHA-256=f4f08de2b64f307247b140ef10810a100bb07e05bd42593130818edf00158bff; see final-overlay-validation.json inputBindings.,小学館 劇光仮面 1권 상품 페이지,https://www.shogakukan.co.jp/books/09861363,2022-05-30,2026-08-23,Provide direct entry-range evidence for enough remaining Tone axes to reach the frozen coverage threshold
work-3ea1531485fc3c8563ac,FACTOR_MODEL_INCOMPATIBLE,Direct official and Japanese reader bodies establish complete Narrative and Tone coverage plus a comedy Genre for this biological-family four-panel gag series. The closed Theme Dictionary has no family or dysfunctional-family tag and foundFamily is not applicable to the biological household; assigning a character hobby such as war would fabricate the mandatory value. Art is optional and was not used as a blocker.,Rakuten Qping official product and direct Japanese reader reviews,https://books.rakuten.co.jp/rb/4442314/,2009,2026-08-26,Reopen only if the accepted Factor Dictionary gains a family or dysfunctional-family Theme or the mandatory non-empty Theme gate changes; then rerun batch-014 community adjudication.
work-40b8c35b1d8c9a90144c,SOURCE_INFORMATION_UNAVAILABLE,Finite official-first routes exhausted; unchanged promotion coverage fails: Narrative 0/6=0.000 (<0.600); Tone 0/7=0.000 (<0.600); Art 0/4=0.000 (<0.300); Genre 0; Theme 0. Unknown is not a low value and no value was filled to meet a quota. Combined input/review packet binding: SHA-256=3852eea86b876b9231d549cf044e99a9a396b6adb6c1bd8d9b0ccd9be1e71e2f; see final-overlay-validation.json inputBindings.,webアクション,https://comic-action.com/episode/3269632237258846992,2021-02-19,2026-08-23,"Provide an edition-mapped official internal preview with at least 6 readable pages, 2 scene contexts, and Local Codex plus Gemini pixel quorum; Provide direct entry-range evidence for enough remaining Narrative axes to reach the frozen coverage threshold; Provide direct entry-range evidence for enough remaining Tone axes to reach the frozen coverage threshold; Provide direct official entry-range Genre evidence; Provide direct official evidence for at least one central Theme"
work-40ea287aae6305289cf6,SOURCE_INFORMATION_UNAVAILABLE,Finite official-first routes exhausted; unchanged promotion coverage fails: Narrative 3/6=0.500 (<0.600). Unknown is not a low value and no value was filled to meet a quota. Combined input/review packet binding: SHA-256=f4f08de2b64f307247b140ef10810a100bb07e05bd42593130818edf00158bff; see final-overlay-validation.json inputBindings.,スクウェア・エニックス その着せ替え人形は恋をする 1권 상품 페이지,https://magazine.jp.square-enix.com/top/comics/detail/9784757559202/,2018-11-24,2026-08-23,Provide direct entry-range evidence for enough remaining Narrative axes to reach the frozen coverage threshold
work-438912a368ba4100e7ab,FACTOR_MODEL_INCOMPATIBLE,Direct official and Japanese reader bodies establish complete Narrative coverage sufficient Tone coverage and comedy plus slice-of-life Genres for a beginner guitarist learning through recurring band practice and live-house activity. The closed Theme Dictionary has no music band or performance-practice tag and no existing legal Theme is central; assigning workplace or another incidental context would fabricate the mandatory value. Art is optional and was not used as a blocker.,Rakuten Eから弾きな。 official product and direct Japanese reader reviews,https://books.rakuten.co.jp/rb/12178133/,2014,2026-08-26,Reopen only if the accepted Factor Dictionary gains a music band or performance-practice Theme or the mandatory non-empty Theme gate changes; then rerun batch-014 community adjudication.
work-45fe9ae0e868fc9a30a1,FACTOR_MODEL_INCOMPATIBLE,Direct Japanese and Korean reader bodies establish complete Narrative and Tone coverage plus science-fiction romance and slice-of-life Genres for this complete conversational encounter about inherited memory identity and evolution. The closed Theme Dictionary has no memory identity or evolution tag and the work is neither time travel nor investigation; assigning either would fabricate the mandatory value. Art is optional and was not used as a blocker.,Rakuten おもいでエマノン official product and direct Japanese and Korean reviews,https://books.rakuten.co.jp/rb/5671761/,2009,2026-08-26,Reopen only if the accepted Factor Dictionary gains a memory identity or evolution Theme or the mandatory non-empty Theme gate changes; then rerun batch-014 community adjudication.
work-4b4bbe8c10859c46e726,SOURCE_INFORMATION_UNAVAILABLE,"Finite official-first, Japanese-community, and Korean-title community routes exhausted; unchanged promotion coverage fails: Narrative 2/6=0.333 (<0.600). Unknown is not a low value and no value was filled to meet a quota. Art is optional and was not used as a blocker. Combined input/review packet binding: SHA-256=539e91ac8a38b3abf2c207fb6a842bf8be3026a51d177c54a0a9e87149f4846a; see final-overlay-validation.json inputBindings.",講談社 百舌谷さん逆上する 1권,https://www.kodansha.co.jp/comic/products/0000029330,2008-06-23,2026-08-25,Provide direct entry-range evidence for enough remaining Narrative axes to reach the frozen coverage threshold
work-4e1a5779610b31ca5603,FACTOR_MODEL_INCOMPATIBLE,"Direct Japanese volume-one reader bodies establish an adult relationship-conflict romance with complete Tone evidence. The closed Theme Dictionary has no adult-romance conflict or relationship-negotiation mechanic, and no school workplace foundFamily or other legal Theme is central. Assigning another tag would fabricate the mandatory value. Art is optional and was not used as a blocker.",BookLive 俎上の鯉は二度跳ねる volume 1 direct reader reviews,https://booklive.jp/review/list/title_id/183944/vol_no/001,2009,2026-08-26,Reopen only if the accepted Factor Dictionary gains an adult-romance conflict or relationship-negotiation Theme or the mandatory non-empty Theme gate changes; then rerun batch-015 community adjudication.
work-50ad1e8e5c1a9a9d7aa3,FACTOR_MODEL_INCOMPATIBLE,Direct Japanese work and review bodies establish complete qualifying Narrative and Tone coverage plus comedy fantasy and slice-of-life Genres for this short-gag collection. The closed Theme Dictionary has no whimsical-vignette short-gag or anthology tag and no legal Theme recurs across the unrelated shopping hospital baseball detective Christmas music winter-sports romance soccer space and childcare situations; assigning an incidental setting would fabricate the mandatory Theme. Art is optional and was not used as a blocker.,コミックシーモア ラティーノ work description and reader route,https://www.cmoa.jp/title/101210/,2014,2026-08-26,Reopen only if the accepted Factor Dictionary gains a whimsical-vignette short-gag or anthology Theme or the mandatory non-empty Theme gate changes; then rerun batch-015 community adjudication.
work-518d7ed42dd9253679c3,SOURCE_INFORMATION_UNAVAILABLE,"Finite official-first routes exhausted; unchanged promotion coverage fails: Tone 4/7=0.571 (<0.600). Unknown is not a low value and no value was filled to meet a quota. Evidence source is explicitly undated; evidencePublishedAt uses canonical work firstPublishedYear 1992 only as a fallback, not as the source publication date. Combined input/review packet binding: SHA-256=3852eea86b876b9231d549cf044e99a9a396b6adb6c1bd8d9b0ccd9be1e71e2f; see final-overlay-validation.json inputBindings.",小学館eコミックストア 墨攻 1권 작품 페이지,https://e-comi.shogakukan.co.jp/books/091830410000d0000000,1992,2026-08-23,Provide direct entry-range evidence for enough remaining Tone axes to reach the frozen coverage threshold
work-57e57ac2ef9687d8c2ce,FACTOR_MODEL_INCOMPATIBLE,"Direct official and Japanese reader bodies establish qualifying Narrative and Tone coverage plus slice-of-life and fantasy Genres for this eight-story collection. The closed Theme Dictionary has no general love, relationship-vignette, surreal-daily-life, or anthology tag, and no existing legal Theme recurs across the unrelated guilt, abuse, revenge, rescue, and nearby-world stories; assigning an incidental mechanic would fabricate the mandatory value. Art is optional and was not used as a blocker.",紀伊國屋書店スタッフレビュー・僕は問題ありません,https://kinokuniya-booklog.hatenablog.jp/akeno/archives/2013/09/post_37.html,2013,2026-08-26,"Reopen only if the accepted Factor Dictionary gains a relationship-vignette, surreal-daily-life, or anthology Theme or the mandatory non-empty Theme gate changes; then rerun batch-016 community adjudication."
work-5ad62e6413f67d351f1d,SOURCE_INFORMATION_UNAVAILABLE,"Finite enumerated official-first, independent-review, and publisher-route-registry checks are exhausted; unchanged promotion coverage fails Theme 0/1, Narrative 2/6, and Tone 2/7. Official volumes 1–3 and bounded reviews establish orchestra activity, reunion, renewed effort, and character focus, but not a legal Theme, two further Narrative anchors, or three further Tone anchors. Music, university identity, and synopsis silence were not converted to Theme or numeric values. Combined input/review packet binding: SHA-256=539e91ac8a38b3abf2c207fb6a842bf8be3026a51d177c54a0a9e87149f4846a; see final-overlay-validation.json inputBindings.",少年画報社公式商品ページ — 天にひびき 1,https://www.shonengahosha.co.jp/book_Info.php?id=6719,2009-12-28,2026-08-25,"Reopen if official products 6719, 6369, or 6619 gain a title-, creator-, volume-, and edition-matched trial/topic preview, or two new independent entry-range reviews repeat one concrete residual Tone mechanism; retain unknown on silence and rerun Theme, Narrative, and Tone gates."
work-5b4dc4e6e966436b2990,SOURCE_INFORMATION_UNAVAILABLE,Finite official-first routes exhausted; unchanged promotion coverage fails: Theme 0. Unknown is not a low value and no value was filled to meet a quota. Combined input/review packet binding: SHA-256=3852eea86b876b9231d549cf044e99a9a396b6adb6c1bd8d9b0ccd9be1e71e2f; see final-overlay-validation.json inputBindings.,白泉社 人形芝居 1권 상품 페이지,https://www.hakusensha.co.jp/comicslist/41133/,1998-10-19,2026-08-23,Provide direct official evidence for at least one central Theme
work-5cafd57db6b870a71a05,SOURCE_INFORMATION_UNAVAILABLE,"Finite official-first routes exhausted; unchanged promotion coverage fails: Art 0/4=0.000 (<0.300); Genre 0; Theme 0. Unknown is not a low value and no value was filled to meet a quota. Evidence source is explicitly undated; evidencePublishedAt uses canonical work firstPublishedYear 1988 only as a fallback, not as the source publication date. Combined input/review packet binding: SHA-256=3852eea86b876b9231d549cf044e99a9a396b6adb6c1bd8d9b0ccd9be1e71e2f; see final-overlay-validation.json inputBindings.",小学館eコミックストア,https://e-comi.shogakukan.co.jp/books/091221210000d0000000,1988,2026-08-23,"Provide an edition-mapped official internal preview with at least 6 readable pages, 2 scene contexts, and Local Codex plus Gemini pixel quorum; Provide direct official entry-range Genre evidence; Provide direct official evidence for at least one central Theme"
work-5d482661243e553d2716,FACTOR_MODEL_INCOMPATIBLE,"Official edition evidence and the direct Japanese catalog body establish a one-volume illustrated lecture on biology and astronomy. The closed Theme Dictionary has no education science or lecture Theme; assigning school from the professor's framing address would misrepresent the work as school-life. No direct Japanese or Hangul-title Korean reader-review body was found to support the mandatory Narrative and Tone coverage, and unknown was not converted to zero. Art is optional and was not used as a blocker.",Rakuten Books 漫画生物学 volume 1 and Manba direct catalog body,https://books.rakuten.co.jp/rb/978871/,2000,2026-08-27,Reopen if the accepted Factor Dictionary gains an education science or lecture Theme and direct reader evidence establishes the mandatory Narrative and Tone coverage; then rerun batch-016 community adjudication.
work-5ebbc9bede841d2faf7b,SOURCE_INFORMATION_UNAVAILABLE,Finite official-first routes exhausted; unchanged promotion coverage fails: Narrative 3/6=0.500 (<0.600). Unknown is not a low value and no value was filled to meet a quota. Combined input/review packet binding: SHA-256=3852eea86b876b9231d549cf044e99a9a396b6adb6c1bd8d9b0ccd9be1e71e2f; see final-overlay-validation.json inputBindings.,集英社 高台家の人々 1권 상품 페이지,https://www.shueisha.co.jp/books/items/contents.html?jdcn=08845109845109315501,2013-09-25,2026-08-23,Provide direct entry-range evidence for enough remaining Narrative axes to reach the frozen coverage threshold
work-62289f61b425590d3f4e,FACTOR_MODEL_INCOMPATIBLE,Direct official and Japanese reader bodies establish a single-volume collection of unrelated bright comedic shorts with different characters settings and relationships. The closed Theme Dictionary has no anthology or short-vignette mechanic and no existing legal Theme recurs across the collection; assigning an incidental school workplace or other tag would fabricate the mandatory value. Art is optional and was not used as a blocker.,Honto 殺風ガール direct reader review,https://honto.jp/ebook/pd-review_0626160981.html,2014,2026-08-26,Reopen only if the accepted Factor Dictionary gains an anthology or short-vignette Theme or the mandatory non-empty Theme gate changes; then rerun batch-017 community adjudication.
work-62fb5d8e9f6c6bbbeba9,SOURCE_INFORMATION_UNAVAILABLE,"Finite enumerated official-first, independent-review, and publisher-route-registry checks are exhausted; unchanged promotion coverage fails Narrative 2/6 and Tone 3/7. The bounded material establishes combat, horror, darkness, and intermittent comedy but not two further Narrative anchors or two further Tone anchors. The official KADOKAWA product reports no trial and does not link an exact BOOK WALKER edition. Combined input/review packet binding: SHA-256=539e91ac8a38b3abf2c207fb6a842bf8be3026a51d177c54a0a9e87149f4846a; see final-overlay-validation.json inputBindings.",KADOKAWA公式商品ページ — 血潜り林檎と金魚鉢男 1,https://www.kadokawa.co.jp/product/201108000200/,2011-10-15,2026-08-25,"Reopen if the exact frozen edition gains a KADOKAWA-product-linked BOOK WALKER sample route, or two new independent entry-range reviews repeat one concrete residual Tone mechanism; review only residual cells, rerun Narrative and Tone gates."
work-62fbc6b2253b895e3a66,SOURCE_INFORMATION_UNAVAILABLE,Official volumes 1–3 and independent Japanese and Korean-title community searches were exhausted. Coverage remains Narrative 1/6; the romantic-comedy relationship arc does not establish three additional Narrative anchors. Unknown was not converted to zero and optional Art was not treated as a blocker. Combined input/review packet binding: SHA-256=5ec2b05f096ecb5662ad8d8cfa207cb3ede6e101bc8902a8c015c04a72496a22; see final-overlay-validation.json inputBindings.,集英社 俺物語！！ 第1巻,https://www.shueisha.co.jp/books/items/contents.html?isbn=978-4-08-846756-6,2012-03-23,2026-08-26,Reopen only if direct entry-range evidence establishes at least three remaining Narrative cells.
work-634f34830600e07d8f17,SOURCE_INFORMATION_UNAVAILABLE,Official volume routes plus independent Japanese and Korean-title community searches were exhausted. Coverage remains Narrative 2/6; recurring school incidents and reform intent do not establish two additional Narrative anchors. Unknown was not converted to zero and optional Art was not treated as a blocker. Combined input/review packet binding: SHA-256=5ec2b05f096ecb5662ad8d8cfa207cb3ede6e101bc8902a8c015c04a72496a22; see final-overlay-validation.json inputBindings.,小学館 お茶にごす。 第1巻,https://e-comi.shogakukan.co.jp/books/091211680000d0000000,2014-08-25,2026-08-26,Reopen only if direct entry-range evidence establishes at least two remaining Narrative cells.
work-63b43386b6985d608eb8,FACTOR_MODEL_INCOMPATIBLE,Direct official and Japanese reader bodies establish thirty-three unrelated comedy folklore fantasy science-fiction school and social shorts with complete Narrative and Tone coverage. The closed Theme Dictionary has no anthology or speculative-vignette mechanic and no existing legal Theme recurs across all stories; assigning an incidental school investigation or other tag would fabricate the mandatory value. Art is optional and was not used as a blocker.,ひきだしにテラリウム direct Japanese reader review,https://michinosora.hatenablog.com/entry/20240330/1711808943,2014,2026-08-26,Reopen only if the accepted Factor Dictionary gains an anthology or speculative-vignette Theme or the mandatory non-empty Theme gate changes; then rerun batch-017 community adjudication.
work-672862529a341488245b,SOURCE_INFORMATION_UNAVAILABLE,Finite official-first routes exhausted; unchanged promotion coverage fails: Narrative 3/6=0.500 (<0.600). Unknown is not a low value and no value was filled to meet a quota. Combined input/review packet binding: SHA-256=f4f08de2b64f307247b140ef10810a100bb07e05bd42593130818edf00158bff; see final-overlay-validation.json inputBindings.,講談社 BUTTER！！！ 1권 상품 페이지,https://www.kodansha.co.jp/comic/products/0000029740,2010-07-23,2026-08-23,Provide direct entry-range evidence for enough remaining Narrative axes to reach the frozen coverage threshold
work-680837b0db4ec9d2932c,SOURCE_INFORMATION_UNAVAILABLE,Finite official-first routes exhausted; unchanged promotion coverage fails: Narrative 1/6=0.167 (<0.600). Unknown is not a low value and no value was filled to meet a quota. Combined input/review packet binding: SHA-256=f4f08de2b64f307247b140ef10810a100bb07e05bd42593130818edf00158bff; see final-overlay-validation.json inputBindings.,小学館 トクサツガガガ 1권 상품 페이지,https://www.shogakukan.co.jp/books/09186606,2014-11-28,2026-08-23,Provide direct entry-range evidence for enough remaining Narrative axes to reach the frozen coverage threshold
work-6c6341781c12b590864f,SOURCE_INFORMATION_UNAVAILABLE,"Exact Shogakukan volumes 1–3 product and reader routes, the official Manga Taisho volume-1 commentary, and the enumerated independent review systems are exhausted; unchanged promotion coverage passes Genre 1/1 and Theme 1/1 but fails Narrative 2/6 and Tone 3/7. The available entry evidence directly supports progression, pacing, character change, recurring relationships, warmth, and school life but does not responsibly establish two additional Narrative and two additional Tone cells. Syndicated reviews were not double-counted, whole-series commentary was not treated as entry-bounded, synopsis silence was not converted to known zero. Combined input/review packet binding: SHA-256=539e91ac8a38b3abf2c207fb6a842bf8be3026a51d177c54a0a9e87149f4846a; see final-overlay-validation.json inputBindings.",小学館eコミックストア — 鉄楽レトラ 1,https://e-comi.shogakukan.co.jp/books/091234450000d0000000,2011-10-12,2026-08-25,"Reopen only if an exact Shogakukan volumes-1–3 route exposes materially expanded or complete readable entry pages, an official editor/author/award packet directly documents repeated residual Narrative and Tone mechanisms across the entry range, or at least two newly available non-syndicated independently authored reviews with explicit volume-1–3 boundaries repeat the same concrete residual mechanism. Recheck only problemSolving, strategy, mysteryReveal, worldBuilding, comedy, darkness, mentalStress, and romance; retain unknown on silence, then rerun the required gates and independent adjudication."
work-724c064d491faf4c7414,SOURCE_INFORMATION_UNAVAILABLE,Finite official-first routes exhausted; unchanged promotion coverage fails: Tone 3/7=0.429 (<0.600). Unknown is not a low value and no value was filled to meet a quota. Combined input/review packet binding: SHA-256=f4f08de2b64f307247b140ef10810a100bb07e05bd42593130818edf00158bff; see final-overlay-validation.json inputBindings.,講談社 もやしもん 1권 상품 페이지,https://www.kodansha.co.jp/comic/products/0000038500,2005-05-21,2026-08-23,Provide direct entry-range evidence for enough remaining Tone axes to reach the frozen coverage threshold
work-741deb03d9f59e723929,SOURCE_INFORMATION_UNAVAILABLE,The complete one-volume official product and reader routes plus independent Japanese and Korean-title community searches were exhausted. Coverage remains Narrative 2/6; filmmaking and grief material do not establish two additional Narrative anchors. Unknown was not converted to zero and optional Art was not treated as a blocker. Combined input/review packet binding: SHA-256=5ec2b05f096ecb5662ad8d8cfa207cb3ede6e101bc8902a8c015c04a72496a22; see final-overlay-validation.json inputBindings.,集英社 ルックバック,https://www.shueisha.co.jp/books/items/contents_amp.html?jdcn=08X10000000016342800,2021-09-03,2026-08-26,Reopen only if new complete-work evidence establishes at least two remaining Narrative cells.
work-761965451844ecb440fb,FACTOR_MODEL_INCOMPATIBLE,Official Kodansha and two direct Japanese review bodies establish complete Narrative and Tone coverage plus fantasy science-fiction and comedy Genres for this nine-story anthology. The closed Theme Dictionary has no anthology or speculative-vignette Theme and no legal Theme recurs across the unrelated sibling grief dead-lover gift bomber and other stories. Assigning an incidental setting or mechanic would fabricate the mandatory Theme. Art is optional and was not used as a blocker.,Kodansha 変身のニュース official anthology description and direct Japanese reviews,https://www.kodansha.co.jp/titles/1000006074,2012-11-22,2026-08-26,Reopen only if the accepted Factor Dictionary gains an anthology or speculative-vignette Theme or the mandatory non-empty Theme gate changes; then rerun batch-018 community adjudication.
work-78d44d381562e37dd94a,SOURCE_INFORMATION_UNAVAILABLE,Finite official-first routes exhausted; unchanged promotion coverage fails: Narrative 2/6=0.333 (<0.600); Tone 4/7=0.571 (<0.600). Unknown is not a low value and no value was filled to meet a quota. Combined input/review packet binding: SHA-256=f4f08de2b64f307247b140ef10810a100bb07e05bd42593130818edf00158bff; see final-overlay-validation.json inputBindings.,集英社 きょうは会社休みます。 1권 상품 페이지,https://www.shueisha.co.jp/books/items/contents.html?jdcn=08846769846769315501,2012-04-25,2026-08-23,Provide direct entry-range evidence for enough remaining Narrative axes to reach the frozen coverage threshold; Provide direct entry-range evidence for enough remaining Tone axes to reach the frozen coverage threshold
work-79c18b26dfde8a532f73,SOURCE_INFORMATION_UNAVAILABLE,"Finite official-first, Japanese-community, and Korean-title community routes exhausted; unchanged promotion coverage fails: Tone 2/7=0.286 (<0.600). Unknown is not a low value and no value was filled to meet a quota. Art is optional and was not used as a blocker. Combined input/review packet binding: SHA-256=539e91ac8a38b3abf2c207fb6a842bf8be3026a51d177c54a0a9e87149f4846a; see final-overlay-validation.json inputBindings.",小学館コミック デストロ２４６ １,https://shogakukan-comic.jp/book?isbn=9784091573254,2012-10-19,2026-08-25,Provide direct entry-range evidence for enough remaining Tone axes to reach the frozen coverage threshold
work-7a4e7ba45413e1b8af34,SOURCE_INFORMATION_UNAVAILABLE,Finite official-first routes exhausted; unchanged promotion coverage fails: Narrative 2/6=0.333 (<0.600); Tone 4/7=0.571 (<0.600); Art 0/4=0.000 (<0.300). Unknown is not a low value and no value was filled to meet a quota. Combined input/review packet binding: SHA-256=f4f08de2b64f307247b140ef10810a100bb07e05bd42593130818edf00158bff; see final-overlay-validation.json inputBindings.,集英社公式電子版／コミックシーモア許諾試し読み,https://www.shueisha.co.jp/books/items/contents.html?jdcn=08846366846366345501;https://www.shueisha.co.jp/books/reader/main.php?cid=08846366846366345501;https://www.cmoa.jp/title/54583/;https://www.cmoa.jp/reader/sample/?title_id=54583&content_id=100000545830001,2012-06-15,2026-08-25,"Provide an edition-mapped official internal preview with at least 6 readable pages, 2 scene contexts, and Local Codex plus Gemini pixel quorum; Provide direct entry-range evidence for enough remaining Narrative axes to reach the frozen coverage threshold; Provide direct entry-range evidence for enough remaining Tone axes to reach the frozen coverage threshold"
work-7abb6e8396c5e1252173,SOURCE_INFORMATION_UNAVAILABLE,Finite official-first routes exhausted; unchanged promotion coverage fails: Narrative 1/6=0.167 (<0.600). Unknown is not a low value and no value was filled to meet a quota. Combined input/review packet binding: SHA-256=f4f08de2b64f307247b140ef10810a100bb07e05bd42593130818edf00158bff; see final-overlay-validation.json inputBindings.,講談社 甘々と稲妻 1권 상품 페이지,https://www.kodansha.co.jp/comic/products/0000047277,2013-09-06,2026-08-23,Provide direct entry-range evidence for enough remaining Narrative axes to reach the frozen coverage threshold
work-7b6eb2b48ac06ffa26eb,SOURCE_INFORMATION_UNAVAILABLE,"Finite official-first, Japanese-community, and Korean-title community routes exhausted; unchanged promotion coverage fails: Narrative 2/6=0.333 (<0.600). Unknown is not a low value and no value was filled to meet a quota. Art is optional and was not used as a blocker. Combined input/review packet binding: SHA-256=539e91ac8a38b3abf2c207fb6a842bf8be3026a51d177c54a0a9e87149f4846a; see final-overlay-validation.json inputBindings.",小学館コミック 夢の雫、黄金の鳥籠 １,https://shogakukan-comic.jp/book?isbn=9784091340108,2011-09-09,2026-08-25,Provide direct entry-range evidence for enough remaining Narrative axes to reach the frozen coverage threshold
work-7c5bcbd3edfb1772b18c,FACTOR_MODEL_INCOMPATIBLE,Direct official Japanese reader and Korean reader bodies establish sufficient Narrative and Tone coverage plus comedy romance and slice-of-life Genres for this complete marriage-hunting essay. The closed Theme Dictionary has no dating marriage or partner-search mechanic and no existing legal Theme recurs through the work; assigning workplace or another incidental context would fabricate the mandatory value. Art is optional and was not used as a blocker.,Rakuten 31歳BLマンガ家が婚活するとこうなる official product and direct reader reviews,https://books.rakuten.co.jp/rb/11914160/,2013,2026-08-26,Reopen only if the accepted Factor Dictionary gains a dating marriage or partner-search Theme or the mandatory non-empty Theme gate changes; then rerun batch-019 community adjudication.
work-7c8931bc010e2f28f7ec,SOURCE_INFORMATION_UNAVAILABLE,The complete official product and reader routes plus independent Japanese and Korean-title community searches were exhausted. Coverage remains Narrative 0/6 and Tone 1/7; the vignette structure does not establish four Narrative and four additional Tone anchors. Unknown was not converted to zero and optional Art was not treated as a blocker. Combined input/review packet binding: SHA-256=5ec2b05f096ecb5662ad8d8cfa207cb3ede6e101bc8902a8c015c04a72496a22; see final-overlay-validation.json inputBindings.,KADOKAWA 夢中さ、きみに。,https://www.kadokawa.co.jp/product/321904000716/,2019-08-10,2026-08-26,Reopen only if complete-work evidence establishes at least four Narrative and four Tone cells.
work-7d259c925286a9f91310,SOURCE_INFORMATION_UNAVAILABLE,Finite official-first routes exhausted; unchanged promotion coverage fails: Narrative 3/6=0.500 (<0.600); Theme 0. Unknown is not a low value and no value was filled to meet a quota. Combined input/review packet binding: SHA-256=3852eea86b876b9231d549cf044e99a9a396b6adb6c1bd8d9b0ccd9be1e71e2f; see final-overlay-validation.json inputBindings.,講談社 聖☆おにいさん 1권 상품 페이지,https://www.kodansha.co.jp/comic/products/0000013790,2008-01-23,2026-08-23,Provide direct entry-range evidence for enough remaining Narrative axes to reach the frozen coverage threshold; Provide direct official evidence for at least one central Theme
work-7d4568dcc8e9175d35ba,SOURCE_INFORMATION_UNAVAILABLE,"Official volumes 1–3 and independent Japanese and Korean-title community searches were exhausted. Coverage remains Narrative 3/6; the isekai recollection and comedy material do not establish one additional problem-solving, strategy, or mystery anchor. Unknown was not converted to zero and optional Art was not treated as a blocker. Combined input/review packet binding: SHA-256=5ec2b05f096ecb5662ad8d8cfa207cb3ede6e101bc8902a8c015c04a72496a22; see final-overlay-validation.json inputBindings.",KADOKAWA 異世界おじさん 第1巻,https://www.kadokawa.co.jp/product/321808000769/,2018-11-21,2026-08-26,Reopen only if direct entry-range evidence establishes at least one remaining Narrative cell.
work-7e1f2df06bb18b2015ad,FACTOR_MODEL_INCOMPATIBLE,"Direct official and Japanese community bodies establish qualifying Narrative and Tone coverage plus comedy and slice-of-life Genres for this surreal family gag series. The closed Theme Dictionary has no surreal-gag, telephone-performance, music-performance, or biological-family-dysfunction tag, and foundFamily contradicts the work; assigning an incidental scene as the mandatory recurring mechanic would fabricate evidence. Art is optional and was not used as a blocker.",Ameblo・ギャラクシー銀座 direct reader review,https://ameblo.jp/sryuji0610/entry-12271244848.html,2017,2026-08-26,"Reopen only if the accepted Factor Dictionary gains a surreal-gag, performance, or family-dysfunction Theme or the mandatory non-empty Theme gate changes; then rerun batch-019 community adjudication."
work-7f0f63c5d80083f2be7f,SOURCE_INFORMATION_UNAVAILABLE,Official volumes 1–3 and independent Japanese and Korean-title community searches were exhausted. Coverage remains Narrative 2/6; the four-person romance structure does not establish two additional Narrative anchors. Unknown was not converted to zero and optional Art was not treated as a blocker. Combined input/review packet binding: SHA-256=5ec2b05f096ecb5662ad8d8cfa207cb3ede6e101bc8902a8c015c04a72496a22; see final-overlay-validation.json inputBindings.,集英社 思い、思われ、ふり、ふられ 第1巻,https://www.shueisha.co.jp/books/items/contents.html?isbn=978-4-08-845467-2,2015-10-13,2026-08-26,Reopen only if direct entry-range evidence establishes at least two remaining Narrative cells.
work-7f4aa427ab301afccc53,FACTOR_MODEL_INCOMPATIBLE,"Direct official and Japanese community bodies establish qualifying Narrative and Tone coverage plus a slice-of-life Genre for this realistic newborn-care story. The closed Theme Dictionary has no parenting, childcare, or biological-family-care tag, and foundFamily is factually wrong for the mother, child, and twin sister; assigning workplace or another incidental context would fabricate the mandatory value. Art is optional and was not used as a blocker.",Reviewne・ぢごぷり direct review,https://reviewne.jp/contents/4914,2011,2026-08-26,"Reopen only if the accepted Factor Dictionary gains a parenting, childcare, or biological-family-care Theme or the mandatory non-empty Theme gate changes; then rerun batch-019 community adjudication."
work-8037856e7703fdaf4324,SOURCE_INFORMATION_UNAVAILABLE,"Finite official-first, Japanese-community, and Korean-title community routes exhausted; unchanged promotion coverage fails: Narrative 1/6=0.167 (<0.600); Tone 2/7=0.286 (<0.600). Unknown is not a low value and no value was filled to meet a quota. Art is optional and was not used as a blocker. Combined input/review packet binding: SHA-256=539e91ac8a38b3abf2c207fb6a842bf8be3026a51d177c54a0a9e87149f4846a; see final-overlay-validation.json inputBindings.",KADOKAWA 日常 １,https://www.kadokawa.co.jp/product/200879000105/,2007-07-24,2026-08-25,Provide direct entry-range evidence for enough remaining Narrative axes to reach the frozen coverage threshold; Provide direct entry-range evidence for enough remaining Tone axes to reach the frozen coverage threshold
work-80a2f62ce5073ade2ec2,SOURCE_INFORMATION_UNAVAILABLE,The complete official product and independent Japanese and Korean-title community routes were exhausted. Coverage remains Narrative 1/6 and Tone 1/7 with no supported Theme; the short-story collection does not establish the additional recurring anchors required by the promotion gate. Unknown was not converted to zero and optional Art was not treated as a blocker. Combined input/review packet binding: SHA-256=5ec2b05f096ecb5662ad8d8cfa207cb3ede6e101bc8902a8c015c04a72496a22; see final-overlay-validation.json inputBindings.,小学館 式の前日,https://shogakukan-comic.jp/book?jdcn=091345850000d0000000,2013-01-01,2026-08-26,Reopen only if complete-work evidence establishes the missing coverage and a supported Theme.
work-81c561ca6bb74a301cf8,SOURCE_INFORMATION_UNAVAILABLE,Finite official-first routes exhausted; unchanged promotion coverage fails: Tone 3/7=0.429 (<0.600). Unknown is not a low value and no value was filled to meet a quota. Combined input/review packet binding: SHA-256=f4f08de2b64f307247b140ef10810a100bb07e05bd42593130818edf00158bff; see final-overlay-validation.json inputBindings.,講談社 ライドンキング 1권 상품 페이지,https://www.kodansha.co.jp/comic/products/0000318782,2019-01-09,2026-08-23,Provide direct entry-range evidence for enough remaining Tone axes to reach the frozen coverage threshold
work-83510afea8d961aec880,SOURCE_INFORMATION_UNAVAILABLE,Finite official-first routes exhausted; unchanged promotion coverage fails: Narrative 1/6=0.167 (<0.600). Unknown is not a low value and no value was filled to meet a quota. Combined input/review packet binding: SHA-256=f4f08de2b64f307247b140ef10810a100bb07e05bd42593130818edf00158bff; see final-overlay-validation.json inputBindings.,小学館eコミックストア 俺はまだ本気出してないだけ 1권 작품 페이지,https://e-comi.shogakukan.co.jp/books/091883770000d0000000,2007-10-30,2026-08-23,Provide direct entry-range evidence for enough remaining Narrative axes to reach the frozen coverage threshold
work-83fc3c4366e51b35b821,SOURCE_INFORMATION_UNAVAILABLE,Finite official-first routes exhausted; unchanged promotion coverage fails: Art 0/4=0.000 (<0.300); Genre 0; Theme 0. Unknown is not a low value and no value was filled to meet a quota. Combined input/review packet binding: SHA-256=3852eea86b876b9231d549cf044e99a9a396b6adb6c1bd8d9b0ccd9be1e71e2f; see final-overlay-validation.json inputBindings.,白泉社 公式商品ページ,https://www.hakusensha.co.jp/comicslist/41720/,1995-03-17,2026-08-23,"Provide an edition-mapped official internal preview with at least 6 readable pages, 2 scene contexts, and Local Codex plus Gemini pixel quorum; Provide direct official entry-range Genre evidence; Provide direct official evidence for at least one central Theme"
work-84a6a139c55f2760544e,SOURCE_INFORMATION_UNAVAILABLE,Finite official-first routes exhausted; unchanged promotion coverage fails: Narrative 1/6=0.167 (<0.600). Unknown is not a low value and no value was filled to meet a quota. Combined input/review packet binding: SHA-256=f4f08de2b64f307247b140ef10810a100bb07e05bd42593130818edf00158bff; see final-overlay-validation.json inputBindings.,秋田書店 僕の心のヤバイやつ 1권 상품 페이지,https://www.akitashoten.co.jp/comics/4253226159,2018-12-07,2026-08-23,Provide direct entry-range evidence for enough remaining Narrative axes to reach the frozen coverage threshold
work-84b7c7d7720447075c25,SOURCE_INFORMATION_UNAVAILABLE,Finite official-first routes exhausted; unchanged promotion coverage fails: Tone 4/7=0.571 (<0.600); Art 0/4=0.000 (<0.300). Unknown is not a low value and no value was filled to meet a quota. Combined input/review packet binding: SHA-256=3852eea86b876b9231d549cf044e99a9a396b6adb6c1bd8d9b0ccd9be1e71e2f; see final-overlay-validation.json inputBindings.,新潮社 軍靴のバルツァー 1巻,https://www.shinchosha.co.jp/book/771626/,2011-07-08,2026-08-23,"Provide an edition-mapped official internal preview with at least 6 readable pages, 2 scene contexts, and Local Codex plus Gemini pixel quorum; Provide direct entry-range evidence for enough remaining Tone axes to reach the frozen coverage threshold"
work-8733067e6afcaeadbd8d,SOURCE_INFORMATION_UNAVAILABLE,Official volumes 1–3 and independent Japanese and Korean-title community searches were exhausted. Coverage remains Narrative 2/6; the three-family comedy premise does not establish two additional Narrative anchors. Unknown was not converted to zero and optional Art was not treated as a blocker. Combined input/review packet binding: SHA-256=5ec2b05f096ecb5662ad8d8cfa207cb3ede6e101bc8902a8c015c04a72496a22; see final-overlay-validation.json inputBindings.,小学館 さんすくみ 第1巻,https://shogakukan-comic.jp/book?jdcn=091334600000d0000000,2013-01-01,2026-08-26,Reopen only if direct entry-range evidence establishes at least two remaining Narrative cells.
work-88cb26a0229ad7b83263,SOURCE_INFORMATION_UNAVAILABLE,"Finite official-first, Japanese-community, and Korean-title community routes exhausted; unchanged promotion coverage fails: Narrative 1/6=0.167 (<0.600); Theme 0. Unknown is not a low value and no value was filled to meet a quota. Art is optional and was not used as a blocker. Combined input/review packet binding: SHA-256=539e91ac8a38b3abf2c207fb6a842bf8be3026a51d177c54a0a9e87149f4846a; see final-overlay-validation.json inputBindings.",小学館コミック ひらやすみ １,https://shogakukan-comic.jp/book?isbn=9784098611188,2021-09-10,2026-08-25,Provide direct entry-range evidence for enough remaining Narrative axes to reach the frozen coverage threshold; Provide direct official evidence for at least one central Theme
work-8fcfd281265fcacb7e4a,FACTOR_MODEL_INCOMPATIBLE,Direct Japanese review bodies establish the autobiographical bereavement narrative and enough Narrative and Tone axes for recommendation coverage. The sole remaining gate is Theme 0 because the current closed Theme Dictionary has no bereavement; grief; widowhood; or comparable tag. Assigning an unrelated Theme would fabricate evidence. Art is optional and was not used as a blocker.,加藤広大 — さよならもいわずに review,https://katokitiz.hatenablog.com/entry/20110126/1296041067,2011-01-26,2026-08-26,Reopen when the accepted Factor Dictionary gains a Theme that faithfully models recurring bereavement or spousal grief; then rerun batch-020 community adjudication and the promotion registry gates.
work-8ff141505b0a27f8d630,SOURCE_INFORMATION_UNAVAILABLE,"Exact Shogakukan WOMBS volumes 1–3 products and the title/JDCN-bound volume-3 reader, the publisher award article, licensed Kinokuniya products, independent Cmoa/DokushoMeter routes, and the honto/BookLive/Sony review provenance were rechecked on 2026-08-25. The exposed volume-3 body pages directly repeat suicidal war pressure, transplant-driven loss of control, and madness, while the products and reviews repeat combat, bodily/reproductive stakes, motherhood, and already-known relationship/character material. They do not directly establish intermittent comedy, a recurring romance subplot, or bonds/care/healing/warmth as reward. Bklog-syndicated passages were counted as one provenance family; broad series remarks, chapter titles, genre labels, source silence, and averages were not converted into values. Unchanged coverage passes Genre 2/1, Theme 2/1, and Narrative 5/6 but fails Tone 4/7 by one cell. Combined input/review packet binding: SHA-256=539e91ac8a38b3abf2c207fb6a842bf8be3026a51d177c54a0a9e87149f4846a; see final-overlay-validation.json inputBindings.",小学館 eコミックストア — WOMBS 3 / edition-bound reader,https://e-comi.shogakukan.co.jp/viewer/open?jdcn=091885830000d0000000,2015-06-26,2026-08-25,"Reopen only if an exact Shogakukan volumes-1–3 product/reader exposes materially expanded readable body pages beyond the currently checked volume-3 opening, an official editor/author/award source directly documents one repeated residual Tone mechanism within volumes 1–3, or at least two newly available non-syndicated independently authored reviews with explicit volume-1–3 boundaries repeat the same concrete residual mechanism. Recheck only comedy, romance, and emotionalWarmth; require direct Dictionary-anchor support, retain unknown on silence, then rerun the required gates and independent adjudication."
work-9036a98c069b5ef8cd54,SOURCE_INFORMATION_UNAVAILABLE,Finite official-first routes exhausted; unchanged promotion coverage fails: Narrative 1/6=0.167 (<0.600); Tone 4/7=0.571 (<0.600). Unknown is not a low value and no value was filled to meet a quota. Combined input/review packet binding: SHA-256=f4f08de2b64f307247b140ef10810a100bb07e05bd42593130818edf00158bff; see final-overlay-validation.json inputBindings.,小学館eコミックストア よふかしのうた 1권 작품 페이지,https://e-comi.shogakukan.co.jp/books/091294920000d0000000,2019-11-18,2026-08-23,Provide direct entry-range evidence for enough remaining Narrative axes to reach the frozen coverage threshold; Provide direct entry-range evidence for enough remaining Tone axes to reach the frozen coverage threshold
work-9215d08d23e8b0041f79,FACTOR_MODEL_INCOMPATIBLE,"Direct official and Japanese reader bodies establish a biological-cousin cohabitation first-love comedy with sufficient Tone evidence. The closed Theme Dictionary has no biological-family cohabitation or relationship-conflict mechanic; foundFamily would contradict the blood relationship, and school or workplace is not a repeated central mechanic. Assigning another tag would fabricate the mandatory value. Art is optional and was not used as a blocker.",CMOA お従兄さんの引っ越しの片づけが進まない direct reader reviews,https://www.cmoa.jp/title/149796/,2019-08-22,2026-08-26,Reopen only if the accepted Factor Dictionary gains a biological-family cohabitation or relationship-conflict Theme or the mandatory non-empty Theme gate changes; then rerun batch-021 community adjudication.
work-925f371723beac5227f7,SOURCE_INFORMATION_UNAVAILABLE,Official volumes 1–3 and editorial routes plus independent Japanese and Korean-title community searches were exhausted. Coverage remains Narrative 3/6 and Tone 3/7; the bento-shop routine and war responsibility do not establish one additional Narrative and two additional Tone anchors. Unknown was not converted to zero and optional Art was not treated as a blocker. Combined input/review packet binding: SHA-256=5ec2b05f096ecb5662ad8d8cfa207cb3ede6e101bc8902a8c015c04a72496a22; see final-overlay-validation.json inputBindings.,講談社 邪神の弁当屋さん 第1巻,https://www.kodansha.co.jp/comic/products/0000404585,2025-01-20,2026-08-26,Reopen only if direct entry-range evidence establishes at least one Narrative and two Tone cells.
work-9516d1ec3aa424e46828,FACTOR_MODEL_INCOMPATIBLE,Direct official and Japanese community bodies establish sufficient Narrative and Tone coverage plus romance and comedy Genres for this collection of unrelated adult relationship shorts. The closed Theme Dictionary has no general romance relationship-conflict or anthology Theme and no existing legal Theme recurs across the stories; assigning workplace school or another incidental mechanic would fabricate the mandatory value. Art is optional and was not used as a blocker.,KADOKAWA 恋煮込み愛つゆだく大盛り official anthology description,https://www.kadokawa.co.jp/product/321901000445/,2019-04-12,2026-08-26,Reopen only if the accepted Factor Dictionary gains a romance relationship-conflict or anthology Theme or the mandatory non-empty Theme gate changes; then rerun batch-021 community adjudication.
work-961a49798df191311f42,SOURCE_INFORMATION_UNAVAILABLE,Official volumes 1–3 and serial routes plus independent Japanese and Korean-title community searches were exhausted. Coverage remains Narrative 1/6 and Tone 3/7 with no supported Theme; the loose sibling routine does not establish three additional Narrative and two additional Tone anchors. Unknown was not converted to zero and optional Art was not treated as a blocker. Combined input/review packet binding: SHA-256=5ec2b05f096ecb5662ad8d8cfa207cb3ede6e101bc8902a8c015c04a72496a22; see final-overlay-validation.json inputBindings.,新潮社 働かないふたり 第1巻,https://www.shinchosha.co.jp/book/771744/,2014-05-09,2026-08-26,Reopen only if direct entry-range evidence establishes the missing coverage and a supported Theme.
work-982bb79e03193ebbafcd,SOURCE_INFORMATION_UNAVAILABLE,"Finite official-first, Japanese-community, and Korean-title community routes exhausted; unchanged promotion coverage fails: Narrative 1/6=0.167 (<0.600); Theme 0. Unknown is not a low value and no value was filled to meet a quota. Art is optional and was not used as a blocker. Combined input/review packet binding: SHA-256=539e91ac8a38b3abf2c207fb6a842bf8be3026a51d177c54a0a9e87149f4846a; see final-overlay-validation.json inputBindings.",集英社 ママはテンパリスト １,https://books.shueisha.co.jp/items/contents.html?isbn=978-4-08-782188-8,2008-10-17,2026-08-25,Provide direct entry-range evidence for enough remaining Narrative axes to reach the frozen coverage threshold; Provide direct official evidence for at least one central Theme
work-98637340992f2f50107d,SOURCE_INFORMATION_UNAVAILABLE,Finite official-first routes exhausted; unchanged promotion coverage fails: Narrative 0/6=0.000 (<0.600); Art 0/4=0.000 (<0.300). Unknown is not a low value and no value was filled to meet a quota. Combined input/review packet binding: SHA-256=f4f08de2b64f307247b140ef10810a100bb07e05bd42593130818edf00158bff; see final-overlay-validation.json inputBindings.,コミックシーモア許諾試し読み,https://www.shinchosha.co.jp/book/771677/;https://www.cmoa.jp/title/86461/;https://www.cmoa.jp/reader/sample/?title_id=86461&content_id=100000864610001,2012-09-07,2026-08-25,"Provide an edition-mapped official internal preview with at least 6 readable pages, 2 scene contexts, and Local Codex plus Gemini pixel quorum; Provide direct entry-range evidence for enough remaining Narrative axes to reach the frozen coverage threshold"
work-989ea31af1af92fb78b4,FACTOR_MODEL_INCOMPATIBLE,"Direct official, Japanese reader, and Korean community bodies establish complete Narrative and Tone coverage plus romance, comedy, and slice-of-life Genres for this one-volume collection of unrelated relationship shorts. The closed Theme Dictionary has no romance, relationship-conflict, family-variety, or anthology tag, and no existing legal Theme recurs across the parent-child, sibling, gender, and age-gap stories; assigning foundFamily or another incidental mechanic would fabricate the mandatory value. Art is optional and was not used as a blocker.",コミックシーモア・片恋の日記少女 reader reviews,https://www.cmoa.jp/title/customer_review/title_id/110845/,2008,2026-08-26,"Reopen only if the accepted Factor Dictionary gains a relationship-conflict, family-variety, or anthology Theme or the mandatory non-empty Theme gate changes; then rerun batch-007 community adjudication."
work-9bd00739b995d84e2494,SOURCE_INFORMATION_UNAVAILABLE,"Official volumes 1–3 and episode routes plus independent Japanese and Korean-title community searches were exhausted. Coverage remains Narrative 1/6; health, work, and life transitions do not establish three additional Narrative process anchors. Unknown was not converted to zero and optional Art was not treated as a blocker. Combined input/review packet binding: SHA-256=5ec2b05f096ecb5662ad8d8cfa207cb3ede6e101bc8902a8c015c04a72496a22; see final-overlay-validation.json inputBindings.",太田出版 あした死ぬには 第1巻,https://www.ohtabooks.com/publish/2019/06/12000000.html,2019-06-12,2026-08-26,Reopen only if direct entry-range evidence establishes at least three remaining Narrative cells.
work-9e98119539f60465ce66,SOURCE_INFORMATION_UNAVAILABLE,"Finite official-first, Japanese-community, and Korean-title community routes exhausted; unchanged promotion coverage fails: Narrative 1/6=0.167 (<0.600); Theme 0. Unknown is not a low value and no value was filled to meet a quota. Art is optional and was not used as a blocker. Combined input/review packet binding: SHA-256=539e91ac8a38b3abf2c207fb6a842bf8be3026a51d177c54a0a9e87149f4846a; see final-overlay-validation.json inputBindings.",少年画報社 僕らはみんな河合荘 ３,https://www.shonengahosha.co.jp/book_Info.php?id=7102,2012-08-30,2026-08-25,Provide direct entry-range evidence for enough remaining Narrative axes to reach the frozen coverage threshold; Provide direct official evidence for at least one central Theme
work-9fc590948fe2b54fdcf3,FACTOR_MODEL_INCOMPATIBLE,Direct official and independent Japanese commentary establish complete Narrative and Tone coverage plus comedy and romance Genres for this collection of unrelated adult strange-love shorts. The closed Theme Dictionary has no adult relationship sexuality or anthology tag and no existing legal Theme recurs across the distinct heroines and episodes; assigning workplace school or another incidental context would fabricate the mandatory value. Art is optional and was not used as a blocker.,CMOA 年刊中年チャンプ official description and MangaTaisho commentary,https://www.cmoa.jp/title/96179/?order=down&page=1,2009,2026-08-26,Reopen only if the accepted Factor Dictionary gains an adult relationship sexuality or anthology Theme or the mandatory non-empty Theme gate changes; then rerun batch-022 community adjudication.
work-a3d922576a1a1ecc8e3e,SOURCE_INFORMATION_UNAVAILABLE,Official volumes 1–3 and serial routes plus independent Japanese and Korean-title community searches were exhausted. Coverage remains Narrative 1/6 and Tone 1/7; repeated overeating comedy and health consequences do not establish three additional Narrative and four additional Tone anchors. Unknown was not converted to zero and optional Art was not treated as a blocker. Combined input/review packet binding: SHA-256=5ec2b05f096ecb5662ad8d8cfa207cb3ede6e101bc8902a8c015c04a72496a22; see final-overlay-validation.json inputBindings.,白泉社 ドカ食いダイスキ！ もちづきさん 第1巻,https://www.hakusensha.co.jp/comicslist/72311/,2024-10-29,2026-08-26,Reopen only if direct entry-range evidence establishes at least three Narrative and four Tone cells.
work-a4a4d06aa88c7e6c4f00,FACTOR_MODEL_INCOMPATIBLE,Direct Japanese reader bodies establish complete Narrative and Tone coverage plus romance and slice-of-life Genres for this BL short-story collection. The closed Theme Dictionary has no general adult-romance relationship or anthology tag and no existing Theme recurs across every story. Assigning workplace school foundFamily or another incidental mechanic would fabricate evidence. Art is optional and was not used as a blocker.,コミックシーモア 恋の心に黒い羽 reader reviews,https://www.cmoa.jp/title/customer_review/title_id/7588/,2009,2026-08-26,Reopen only if the accepted Factor Dictionary gains a general adult-romance relationship or anthology Theme or the mandatory non-empty Theme gate changes; then rerun batch-022 community adjudication.
work-a4ca6e21e97927928e1a,SOURCE_INFORMATION_UNAVAILABLE,Finite official-first routes exhausted; unchanged promotion coverage fails: Narrative 1/6=0.167 (<0.600); Theme 0. Unknown is not a low value and no value was filled to meet a quota. Combined input/review packet binding: SHA-256=f4f08de2b64f307247b140ef10810a100bb07e05bd42593130818edf00158bff; see final-overlay-validation.json inputBindings.,コアミックス 喰う寝るふたり住むふたり 공식 작품 페이지,https://catalog.coamix.co.jp/kuuneru/,2012-02-25,2026-08-23,Provide direct entry-range evidence for enough remaining Narrative axes to reach the frozen coverage threshold; Provide direct official evidence for at least one central Theme
work-a59481c00155de21d75f,SOURCE_INFORMATION_UNAVAILABLE,Finite official-first routes exhausted; unchanged promotion coverage fails: Tone 4/7=0.571 (<0.600); Art 0/4=0.000 (<0.300). Unknown is not a low value and no value was filled to meet a quota. Combined input/review packet binding: SHA-256=3852eea86b876b9231d549cf044e99a9a396b6adb6c1bd8d9b0ccd9be1e71e2f; see final-overlay-validation.json inputBindings.,KADOKAWA ケロロ軍曹 1巻,https://www.kadokawa.co.jp/product/200659000036/,1999-11-29,2026-08-23,"Provide an edition-mapped official internal preview with at least 6 readable pages, 2 scene contexts, and Local Codex plus Gemini pixel quorum; Provide direct entry-range evidence for enough remaining Tone axes to reach the frozen coverage threshold"
work-a62a4e661d1b32d913de,FACTOR_MODEL_INCOMPATIBLE,"Direct Japanese volume-one reader bodies establish complete Narrative and Tone coverage plus slice-of-life and comedy Genres for this deliberately event-light year of solitary unemployment. The closed Theme Dictionary has no domestic-routine, unemployment, solitude, or iyashikei tag; workplace is explicitly absent and assigning exploration from occasional walks would inflate an incidental scene into the mandatory recurring mechanic. Art is optional and was not used as a blocker.",バズマン・34歳無職さん1巻ネタバレ感想,https://buzz-manga.blog.jp/34yo-Musyokusan-vol1.html,2015-06-04,2026-08-26,"Reopen only if the accepted Factor Dictionary gains a domestic-routine, unemployment, solitude, or iyashikei Theme or the mandatory non-empty Theme gate changes; then rerun batch-007 community adjudication."
work-a7413b6e35e0d316a538,SOURCE_INFORMATION_UNAVAILABLE,Finite official-first routes exhausted; unchanged promotion coverage fails: Narrative 1/6=0.167 (<0.600). Unknown is not a low value and no value was filled to meet a quota. Combined input/review packet binding: SHA-256=f4f08de2b64f307247b140ef10810a100bb07e05bd42593130818edf00158bff; see final-overlay-validation.json inputBindings.,講談社 となりの怪物くん 1권 상품 페이지,https://www.kodansha.co.jp/comic/products/0000041905,2009-01-13,2026-08-23,Provide direct entry-range evidence for enough remaining Narrative axes to reach the frozen coverage threshold
work-a7e0062c7153978fc6fe,SOURCE_INFORMATION_UNAVAILABLE,Finite official-first routes exhausted; unchanged promotion coverage fails: Narrative 2/6=0.333 (<0.600). Unknown is not a low value and no value was filled to meet a quota. Combined input/review packet binding: SHA-256=f4f08de2b64f307247b140ef10810a100bb07e05bd42593130818edf00158bff; see final-overlay-validation.json inputBindings.,小学館eコミックストア 失恋ショコラティエ 1권 작품 페이지,https://e-comi.shogakukan.co.jp/books/091322600000d0000000,2009-01-09,2026-08-23,Provide direct entry-range evidence for enough remaining Narrative axes to reach the frozen coverage threshold
work-a960372ed5efa4031896,SOURCE_INFORMATION_UNAVAILABLE,Finite official-first routes exhausted; unchanged promotion coverage fails: Narrative 3/6=0.500 (<0.600); Tone 1/7=0.143 (<0.600). Unknown is not a low value and no value was filled to meet a quota. Combined input/review packet binding: SHA-256=f4f08de2b64f307247b140ef10810a100bb07e05bd42593130818edf00158bff; see final-overlay-validation.json inputBindings.,小学館 シルバーマウンテン 1권 상품 페이지,https://shogakukan-comic.jp/book?isbn=9784098542420,2025-09-18,2026-08-23,Provide direct entry-range evidence for enough remaining Narrative axes to reach the frozen coverage threshold; Provide direct entry-range evidence for enough remaining Tone axes to reach the frozen coverage threshold
work-aa6018249b7fe7e92d95,SOURCE_INFORMATION_UNAVAILABLE,"Current promotion coverage passes Genre 1/1, Theme 1/1, and Tone 6/7 but fails Narrative 0/6. Official BookLive upper/lower descriptions and trials, Comic Natalie edition/history records, Maruzen original-volume metadata, official Manga Taisho commentary, and the enumerated eligible independent review routes were re-opened and exhausted. They do not responsibly establish four Narrative axes. The six readable BookLive lower BODY pages remain rejected because the lower new edition expressly contains added material and no official record maps manifest chapter baggage22 to original volumes 1–3; the round-3 packet also declared a stale prior-adjudication hash, whose actual canonical value is 4bfc8cad06750e19d32f41ff58e4e1f9e0229fc9ddf5c0db301ad0c45d9e1018. Unknown cells were not converted to zero, and the decision is not based on time or priority. Combined input/review packet binding: SHA-256=539e91ac8a38b3abf2c207fb6a842bf8be3026a51d177c54a0a9e87149f4846a; see final-overlay-validation.json inputBindings.",BookLive — かよちゃんの荷物 新装版 下 (licensed Takeshobo description and trial),https://booklive.jp/product/index/title_id/439092/vol_no/002,2017-04-27,2026-08-25,"Reopen only if (a) an official publisher/rightsholder/licensed chapter concordance maps baggage22 to exact overlapping content in original volumes 1–3, or an original-volume-1–3 internal preview supplies at least six readable BODY pages across two contexts; or (b) direct original-entry official content makes at least four Narrative axes responsibly known, or at least two newly available non-syndicated independently authored reviews with explicit original-volumes-1–3 boundaries repeat each proposed residual Narrative mechanism. Retain unknown on silence. Recompute the required gates before reconsidering promotion."
work-aa6d796e2e04a55b94b1,SOURCE_INFORMATION_UNAVAILABLE,Finite official-first routes exhausted; unchanged promotion coverage fails: Narrative 3/6=0.500 (<0.600); Tone 3/7=0.429 (<0.600); Art 0/4=0.000 (<0.300). Unknown is not a low value and no value was filled to meet a quota. Combined input/review packet binding: SHA-256=f4f08de2b64f307247b140ef10810a100bb07e05bd42593130818edf00158bff; see final-overlay-validation.json inputBindings.,コミックシーモア許諾試し読み,https://www.shonengahosha.co.jp/book_Info.php?id=7347;https://www.cmoa.jp/title/15963/;https://www.cmoa.jp/reader/sample/?title_id=15963&content_id=100000159630001,2006-01-27,2026-08-25,"Provide an edition-mapped official internal preview with at least 6 readable pages, 2 scene contexts, and Local Codex plus Gemini pixel quorum; Provide direct entry-range evidence for enough remaining Narrative axes to reach the frozen coverage threshold; Provide direct entry-range evidence for enough remaining Tone axes to reach the frozen coverage threshold"
work-aa85b65d02f367e76a07,SOURCE_INFORMATION_UNAVAILABLE,Official volumes 1–3 plus independent Japanese and Korean-title community searches were exhausted. Coverage remains Narrative 2/6 and Tone 3/7; volleyball role conflict and training do not establish two additional Narrative and two additional Tone anchors. Unknown was not converted to zero and optional Art was not treated as a blocker. Combined input/review packet binding: SHA-256=5ec2b05f096ecb5662ad8d8cfa207cb3ede6e101bc8902a8c015c04a72496a22; see final-overlay-validation.json inputBindings.,講談社 ディグイット 第1巻,https://www.kodansha.co.jp/comic/products/0000413972,2025-08-22,2026-08-26,Reopen only if direct entry-range evidence establishes at least two Narrative and two Tone cells.
work-ab9331f7fed1990f7dc6,SOURCE_INFORMATION_UNAVAILABLE,"Finite official-first, Japanese-community, and Korean-title community routes exhausted; unchanged promotion coverage fails: Narrative 2/6=0.333 (<0.600); Theme 0. Unknown is not a low value and no value was filled to meet a quota. Art is optional and was not used as a blocker. Combined input/review packet binding: SHA-256=539e91ac8a38b3abf2c207fb6a842bf8be3026a51d177c54a0a9e87149f4846a; see final-overlay-validation.json inputBindings.",集英社 脳内ポイズンベリー １,https://www.shueisha.co.jp/books/items/contents.html?jdcn=08865626865626315501&rf=ak,2011-05-19,2026-08-25,Provide direct entry-range evidence for enough remaining Narrative axes to reach the frozen coverage threshold; Provide direct official evidence for at least one central Theme
work-ae0ac8a5acfc5fbb7dd6,SOURCE_INFORMATION_UNAVAILABLE,Finite official-first routes exhausted; unchanged promotion coverage fails: Narrative 2/6=0.333 (<0.600); Tone 2/7=0.286 (<0.600). Unknown is not a low value and no value was filled to meet a quota. Combined input/review packet binding: SHA-256=f4f08de2b64f307247b140ef10810a100bb07e05bd42593130818edf00158bff; see final-overlay-validation.json inputBindings.,コアミックス 終末のワルキューレ 공식 작품 페이지,https://catalog.coamix.co.jp/record-of-ragnarok/,2017-11-25,2026-08-23,Provide direct entry-range evidence for enough remaining Narrative axes to reach the frozen coverage threshold; Provide direct entry-range evidence for enough remaining Tone axes to reach the frozen coverage threshold
work-af3443bab1c30d470a76,SOURCE_INFORMATION_UNAVAILABLE,Official volume 1 and trial routes plus independent Japanese and Korean-title community searches were exhausted. Coverage remains Narrative 2/6 and Tone 2/7; the repeated school incidents and reactions establish comedy but not two additional Narrative or three additional Tone anchors. Unknown was not converted to zero and optional Art was not treated as a blocker. Combined input/review packet binding: SHA-256=5ec2b05f096ecb5662ad8d8cfa207cb3ede6e101bc8902a8c015c04a72496a22; see final-overlay-validation.json inputBindings.,KADOKAWA 坂本ですが? 1권 상품 페이지,https://www.kadokawa.co.jp/product/201211000248,2013-01-15,2026-08-25,Reopen only if new direct volume 1–3 evidence establishes at least two remaining Narrative and three remaining Tone cells.
work-b2be97620643b3342637,SOURCE_INFORMATION_UNAVAILABLE,Finite official-first routes exhausted; unchanged promotion coverage fails: Narrative 3/6=0.500 (<0.600); Tone 4/7=0.571 (<0.600). Unknown is not a low value and no value was filled to meet a quota. Combined input/review packet binding: SHA-256=f4f08de2b64f307247b140ef10810a100bb07e05bd42593130818edf00158bff; see final-overlay-validation.json inputBindings.,小学館eコミックストア アオイホノオ 1권 작품 페이지,https://e-comi.shogakukan.co.jp/books/091512680000d0000000,2008-02-05,2026-08-23,Provide direct entry-range evidence for enough remaining Narrative axes to reach the frozen coverage threshold; Provide direct entry-range evidence for enough remaining Tone axes to reach the frozen coverage threshold
work-b708734262fb9b67f948,SOURCE_INFORMATION_UNAVAILABLE,Finite official-first routes exhausted; unchanged promotion coverage fails: Narrative 2/6=0.333 (<0.600); Tone 4/7=0.571 (<0.600); Art 0/4=0.000 (<0.300); Theme 0. Unknown is not a low value and no value was filled to meet a quota. Combined input/review packet binding: SHA-256=f4f08de2b64f307247b140ef10810a100bb07e05bd42593130818edf00158bff; see final-overlay-validation.json inputBindings.,コミックシーモア許諾試し読み,https://www.kodansha.co.jp/comic/products/0000013952;https://www.cmoa.jp/title/130307/;https://www.cmoa.jp/reader/sample/?title_id=130307&content_id=100001303070001,2009-08-21,2026-08-25,"Provide an edition-mapped official internal preview with at least 6 readable pages, 2 scene contexts, and Local Codex plus Gemini pixel quorum; Provide direct entry-range evidence for enough remaining Narrative axes to reach the frozen coverage threshold; Provide direct entry-range evidence for enough remaining Tone axes to reach the frozen coverage threshold; Provide direct official evidence for at least one central Theme"
work-bd42208a660912d9d95d,SOURCE_INFORMATION_UNAVAILABLE,Finite official-first routes exhausted; unchanged promotion coverage fails: Narrative 2/6=0.333 (<0.600); Tone 4/7=0.571 (<0.600). Unknown is not a low value and no value was filled to meet a quota. Combined input/review packet binding: SHA-256=f4f08de2b64f307247b140ef10810a100bb07e05bd42593130818edf00158bff; see final-overlay-validation.json inputBindings.,講談社 路地恋花 1권 상품 페이지,https://www.kodansha.co.jp/comic/products/0000029686,2010-02-05,2026-08-23,Provide direct entry-range evidence for enough remaining Narrative axes to reach the frozen coverage threshold; Provide direct entry-range evidence for enough remaining Tone axes to reach the frozen coverage threshold
work-bd5c323a3dbc9f3a04d4,SOURCE_INFORMATION_UNAVAILABLE,"Official volume 1–3 and Comic DAYS routes plus independent Japanese and Korean-title community searches were exhausted. Coverage remains Theme 0, Narrative 2/6, and Tone 6/7; yakuza-family tension and the romance premise do not establish a legal Theme or two additional Narrative anchors. Unknown was not converted to zero and optional Art was not treated as a blocker. Combined input/review packet binding: SHA-256=5ec2b05f096ecb5662ad8d8cfa207cb3ede6e101bc8902a8c015c04a72496a22; see final-overlay-validation.json inputBindings.",講談社 来世は他人がいい 1권 상품 페이지,https://www.kodansha.co.jp/comic/products/0000052167,2017-11-22,2026-08-25,Reopen only if direct entry-range evidence establishes a Dictionary Theme and at least two remaining Narrative cells.
work-c2df32661c0b925ff74f,SOURCE_INFORMATION_UNAVAILABLE,"The complete one-volume official and authorized-reader routes plus independent Japanese and Korean-title community searches were exhausted. Coverage remains Narrative 1/6; lessons, contest danger, and the airport event do not establish three recurring Narrative anchors under the Dictionary. Unknown was not converted to zero and optional Art was not treated as a blocker. Combined input/review packet binding: SHA-256=5ec2b05f096ecb5662ad8d8cfa207cb3ede6e101bc8902a8c015c04a72496a22; see final-overlay-validation.json inputBindings.",KADOKAWA カラオケ行こ！ 상품 페이지,https://www.kadokawa.co.jp/product/322002001211/,2020-09-12,2026-08-25,Reopen only if new complete-work evidence establishes at least three remaining Narrative cells.
work-c2f3864045578cebb590,SOURCE_INFORMATION_UNAVAILABLE,Official first-episode and publisher routes plus independent Japanese and Korean-title community searches were exhausted. Coverage remains Narrative 1/6 and Tone 4/7; shy school interactions and gradual recognition do not establish three Narrative anchors or one additional Tone anchor. Unknown was not converted to zero and optional Art was not treated as a blocker. Combined input/review packet binding: SHA-256=5ec2b05f096ecb5662ad8d8cfa207cb3ede6e101bc8902a8c015c04a72496a22; see final-overlay-validation.json inputBindings.,スクウェア・エニックス となりの猫と恋知らず 1권 상품 페이지,https://magazine.jp.square-enix.com/top/comics/detail/9784757591264/,2024-03-25,2026-08-25,Reopen only if new direct volume 1–3 evidence establishes at least three remaining Narrative and one remaining Tone cell.
work-c50ea94bb66f72c679a2,SOURCE_INFORMATION_UNAVAILABLE,"Finite official-first, Japanese-community, and Korean-title community routes exhausted; unchanged promotion coverage fails: Narrative 2/6=0.333 (<0.600); Tone 4/7=0.571 (<0.600). Unknown is not a low value and no value was filled to meet a quota. Art is optional and was not used as a blocker. Combined input/review packet binding: SHA-256=539e91ac8a38b3abf2c207fb6a842bf8be3026a51d177c54a0a9e87149f4846a; see final-overlay-validation.json inputBindings.",小学館コミック・機械仕掛けの愛 1,https://shogakukan-comic.jp/book?isbn=9784091846440,2013-10-25,2026-08-25,Provide direct entry-range evidence for enough remaining Narrative axes to reach the frozen coverage threshold; Provide direct entry-range evidence for enough remaining Tone axes to reach the frozen coverage threshold
work-c5c2695ad33fd05af945,SOURCE_INFORMATION_UNAVAILABLE,Official volumes 1–3 and trial routes plus independent Japanese and Korean-title community searches were exhausted. Coverage remains Narrative 1/6; the opening birth-switch premise and romantic comedy structure do not establish three additional recurring Narrative anchors. Unknown was not converted to zero and optional Art was not treated as a blocker. Combined input/review packet binding: SHA-256=5ec2b05f096ecb5662ad8d8cfa207cb3ede6e101bc8902a8c015c04a72496a22; see final-overlay-validation.json inputBindings.,講談社 カッコウの許嫁 1권 상품 페이지,https://www.kodansha.co.jp/comic/products/0000341183,2020-05-15,2026-08-25,Reopen only if new direct volume 1–3 evidence establishes at least three remaining Narrative cells.
work-c5e8c957903bf1832dc5,SOURCE_INFORMATION_UNAVAILABLE,Finite official-first routes exhausted; unchanged promotion coverage fails: Narrative 2/6=0.333 (<0.600). Unknown is not a low value and no value was filled to meet a quota. Combined input/review packet binding: SHA-256=f4f08de2b64f307247b140ef10810a100bb07e05bd42593130818edf00158bff; see final-overlay-validation.json inputBindings.,集英社 日々ロック 1권 공식 전자판 페이지,https://www.shueisha.co.jp/books/items/contents.html?jdcn=08879034879034315501,2014-05-15,2026-08-23,Provide direct entry-range evidence for enough remaining Narrative axes to reach the frozen coverage threshold
work-c7e065f61bb7a176ee56,SOURCE_INFORMATION_UNAVAILABLE,"Finite official-first, Japanese-community, and Korean-title community routes exhausted; unchanged promotion coverage fails: Narrative 1/6=0.167 (<0.600); Tone 3/7=0.429 (<0.600). Unknown is not a low value and no value was filled to meet a quota. Art is optional and was not used as a blocker. Combined input/review packet binding: SHA-256=539e91ac8a38b3abf2c207fb6a842bf8be3026a51d177c54a0a9e87149f4846a; see final-overlay-validation.json inputBindings.",講談社公式・臨死！！江古田ちゃん 1 작품 페이지,https://www.kodansha.co.jp/comic/products/0000029261,2006-04-21,2026-08-25,Provide direct entry-range evidence for enough remaining Narrative axes to reach the frozen coverage threshold; Provide direct entry-range evidence for enough remaining Tone axes to reach the frozen coverage threshold
work-c805c5b70111f75d6fb5,SOURCE_INFORMATION_UNAVAILABLE,Finite official-first routes exhausted; unchanged promotion coverage fails: Narrative 3/6=0.500 (<0.600); Tone 4/7=0.571 (<0.600). Unknown is not a low value and no value was filled to meet a quota. Combined input/review packet binding: SHA-256=f4f08de2b64f307247b140ef10810a100bb07e05bd42593130818edf00158bff; see final-overlay-validation.json inputBindings.,小学館eコミックストア 海獣の子供 1권 작품 페이지,https://e-comi.shogakukan.co.jp/books/091883680000d0000000,2007-07-30,2026-08-23,Provide direct entry-range evidence for enough remaining Narrative axes to reach the frozen coverage threshold; Provide direct entry-range evidence for enough remaining Tone axes to reach the frozen coverage threshold
work-c8243866b7c8a6d9a2f8,SOURCE_INFORMATION_UNAVAILABLE,"Finite official-first, Japanese-community, and Korean-title community routes exhausted; unchanged promotion coverage fails: Narrative 2/6=0.333 (<0.600). Unknown is not a low value and no value was filled to meet a quota. Art is optional and was not used as a blocker. Evidence source is explicitly undated; evidencePublishedAt uses canonical work firstPublishedYear 2007 only as a fallback, not as the source publication date. Combined input/review packet binding: SHA-256=539e91ac8a38b3abf2c207fb6a842bf8be3026a51d177c54a0a9e87149f4846a; see final-overlay-validation.json inputBindings.",小学館eコミックストア・町でうわさの天狗の子 1,https://e-comi.shogakukan.co.jp/books/091313930000d0000000,2007,2026-08-25,Provide direct entry-range evidence for enough remaining Narrative axes to reach the frozen coverage threshold
work-c9e32218e26c6c6292f9,SOURCE_INFORMATION_UNAVAILABLE,Finite official-first routes exhausted; unchanged promotion coverage fails: Narrative 2/6=0.333 (<0.600); Tone 4/7=0.571 (<0.600). Unknown is not a low value and no value was filled to meet a quota. Combined input/review packet binding: SHA-256=f4f08de2b64f307247b140ef10810a100bb07e05bd42593130818edf00158bff; see final-overlay-validation.json inputBindings.,集英社 ファントムバスターズ 1권 상품 페이지,https://www.shueisha.co.jp/books/items/contents.html?isbn=978-4-08-883724-6,2023-12-04,2026-08-23,Provide direct entry-range evidence for enough remaining Narrative axes to reach the frozen coverage threshold; Provide direct entry-range evidence for enough remaining Tone axes to reach the frozen coverage threshold
work-cb61c70a466a77afa0ea,FACTOR_MODEL_INCOMPATIBLE,"Direct official and Japanese reader bodies establish the biological-family abuse-gag premise and sufficient Tone evidence. The closed Theme Dictionary has no biological-family or dysfunctional-family mechanic; foundFamily would contradict the work, and assigning school workplace or another incidental mechanic would fabricate the mandatory value. Art is optional and was not used as a blocker.",小学館 ダメおやじ official volume 1 and Japanese reader reviews,https://e-comi.shogakukan.co.jp/books/09D041030000d0000000,1970,2026-08-26,Reopen only if the accepted Factor Dictionary gains a biological-family or dysfunctional-family Theme or the mandatory non-empty Theme gate changes; then rerun batch-025 community adjudication.
work-d185fc02c4d16dffb0c3,FACTOR_MODEL_INCOMPATIBLE,Direct Japanese reader bodies establish complete qualifying Narrative and Tone coverage plus a comedy Genre for this autobiographical four-panel essay collection. The closed Theme Dictionary has no autobiography essay or observational-life tag and no legal external mechanic recurs across the author's unrelated daily-life episodes; assigning school workplace or another incidental setting would fabricate the mandatory Theme. Art is optional and was not used as a blocker.,BookLive カラスヤサトシ volume 1 reader reviews,https://booklive.jp/review/list/title_id/274264/vol_no/001,2008,2026-08-26,Reopen only if the accepted Factor Dictionary gains an autobiography essay or observational-life Theme or the mandatory non-empty Theme gate changes; then rerun batch-008 community adjudication.
work-d5e2053fa233e36a431c,FACTOR_MODEL_INCOMPATIBLE,"Direct official and Japanese reader bodies establish a middle-aged depression and surreal nightmare-gag work with partial Narrative and complete Tone evidence. The closed Theme Dictionary has no middle-age malaise surreal-daily-life or gag-anthology mechanic, and assigning school workplace foundFamily or another incidental tag would fabricate the mandatory value. Art is optional and was not used as a blocker.",Manba 盆堀さん direct reader review,https://manba.co.jp/topics/29552,2008,2026-08-26,Reopen only if the accepted Factor Dictionary gains a middle-age malaise surreal-daily-life or gag-anthology Theme or the mandatory non-empty Theme gate changes; then rerun batch-026 community adjudication.
work-d63a83030a8819ff553c,FACTOR_MODEL_INCOMPATIBLE,"The frozen promotion contract requires at least one Dictionary Theme, but the exhausted official volume 1–3 entry review establishes central romance and relationship material only, represented by Genre romance and Axis romance rather than any of the 22 Theme IDs. workplace is only a setting and every existing Theme ID is unsupported. Adding a weak Theme would fill a quota, so the current Factor Dictionary cannot model this work responsibly while satisfying Theme 1/1. Combined input/review packet binding: SHA-256=5ec2b05f096ecb5662ad8d8cfa207cb3ede6e101bc8902a8c015c04a72496a22; see final-overlay-validation.json inputBindings.",講談社 モテキ 1巻 公式商品ページ・試し読み,https://www.kodansha.co.jp/comic/products/0000038652,2009-03-23,2026-08-25,"Recheck only if the Factor Dictionary or mandatory non-empty Theme promotion gate changes, or if new direct official volume 1–3 evidence establishes an existing Theme at centrality 1 or 2."
work-d63a83030a8819ff553c,SOURCE_INFORMATION_UNAVAILABLE,"The bounded official-first volume 1–3 route and eligible entry-review recovery are exhausted. Narrative remains 1/6=0.167 below 0.600: only pacing is known, while progression, problemSolving, strategy, mysteryReveal, and worldBuilding remain unknown. The inspected material does not affirm any additional 0/2/4 anchor, so usable Factor evidence for the required +3 Narrative cells is unavailable. Unknown is not a low value and no value was filled to meet a quota. Combined input/review packet binding: SHA-256=5ec2b05f096ecb5662ad8d8cfa207cb3ede6e101bc8902a8c015c04a72496a22; see final-overlay-validation.json inputBindings.",講談社 モテキ 1巻 公式商品ページ・試し読み,https://www.kodansha.co.jp/comic/products/0000038652,2009-03-23,2026-08-25,"Provide new direct volume 1–3 evidence that truthfully establishes at least three of progression, problemSolving, strategy, mysteryReveal, and worldBuilding; otherwise recheck only if the frozen Narrative coverage contract changes."
work-d655ea1cfb913f33cc9a,SOURCE_INFORMATION_UNAVAILABLE,"Finite official-first routes exhausted; unchanged promotion coverage fails: Narrative 2/6=0.333 (<0.600). Unknown is not a low value and no value was filled to meet a quota. Evidence source is explicitly undated; evidencePublishedAt uses canonical work firstPublishedYear 2012 only as a fallback, not as the source publication date. Combined input/review packet binding: SHA-256=f4f08de2b64f307247b140ef10810a100bb07e05bd42593130818edf00158bff; see final-overlay-validation.json inputBindings.",小学館eコミックストア 湯神くんには友達がいない 1권 페이지,https://e-comi.shogakukan.co.jp/books/091240200000d0000000,2012,2026-08-23,Provide direct entry-range evidence for enough remaining Narrative axes to reach the frozen coverage threshold
work-d735187a8421d0d33399,SOURCE_INFORMATION_UNAVAILABLE,"Finite official-first routes exhausted; unchanged promotion coverage fails: Tone 4/7=0.571 (<0.600); Theme 0. Unknown is not a low value and no value was filled to meet a quota. Evidence source is explicitly undated; evidencePublishedAt uses canonical work firstPublishedYear 2011 only as a fallback, not as the source publication date. Combined input/review packet binding: SHA-256=f4f08de2b64f307247b140ef10810a100bb07e05bd42593130818edf00158bff; see final-overlay-validation.json inputBindings.",小学館eコミックストア 姉の結婚 1권 페이지,https://e-comi.shogakukan.co.jp/books/091338090000d0000000,2011,2026-08-23,Provide direct entry-range evidence for enough remaining Tone axes to reach the frozen coverage threshold; Provide direct official evidence for at least one central Theme
work-da98a01b4d345bd9c415,SOURCE_INFORMATION_UNAVAILABLE,"Finite official-first routes exhausted; unchanged promotion coverage fails: Narrative 3/6=0.500 (<0.600). Unknown is not a low value and no value was filled to meet a quota. Evidence source is explicitly undated; evidencePublishedAt uses canonical work firstPublishedYear 2009 only as a fallback, not as the source publication date. Combined input/review packet binding: SHA-256=f4f08de2b64f307247b140ef10810a100bb07e05bd42593130818edf00158bff; see final-overlay-validation.json inputBindings.",小学館eコミックストア 放課後のカリスマ 1권 페이지,https://e-comi.shogakukan.co.jp/books/091884660000d0000000,2009,2026-08-23,Provide direct entry-range evidence for enough remaining Narrative axes to reach the frozen coverage threshold
work-db4a0ec451d7f4ffd8b8,SOURCE_INFORMATION_UNAVAILABLE,"Finite official-first, Japanese-community, and Korean-title community routes exhausted; unchanged promotion coverage fails: Narrative 1/6=0.167 (<0.600); Tone 3/7=0.429 (<0.600); Theme 0. Unknown is not a low value and no value was filled to meet a quota. Art is optional and was not used as a blocker. Combined input/review packet binding: SHA-256=539e91ac8a38b3abf2c207fb6a842bf8be3026a51d177c54a0a9e87149f4846a; see final-overlay-validation.json inputBindings.",集英社公式・万福児 1,https://www.shueisha.co.jp/books/items/contents.html?jdcn=08865345865345315501,2006-05-19,2026-08-25,Provide direct entry-range evidence for enough remaining Narrative axes to reach the frozen coverage threshold; Provide direct entry-range evidence for enough remaining Tone axes to reach the frozen coverage threshold; Provide direct official evidence for at least one central Theme
work-df29832c2155775e0e7c,SOURCE_INFORMATION_UNAVAILABLE,"Finite official-first routes exhausted; unchanged promotion coverage fails: Art 0/4=0.000 (<0.300). Unknown is not a low value and no value was filled to meet a quota. Evidence source is explicitly undated; evidencePublishedAt uses canonical work firstPublishedYear 2011 only as a fallback, not as the source publication date. Combined input/review packet binding: SHA-256=f4f08de2b64f307247b140ef10810a100bb07e05bd42593130818edf00158bff; see final-overlay-validation.json inputBindings.",KADOKAWA 商品連携 BOOK WALKER vol3 試し読み,https://www.kadokawa.co.jp/product/301401001834/;https://www.kadokawa.co.jp/product/301401001835/;https://www.kadokawa.co.jp/product/301401001836/;https://viewer-trial.bookwalker.jp/03/21/viewer.html?cid=a0dba55f-e86d-4918-b28e-f43d0960613c&cty=1,2011,2026-08-25,"Provide an edition-mapped official internal preview with at least 6 readable pages, 2 scene contexts, and Local Codex plus Gemini pixel quorum"
work-e0afed347e46e8725d01,FACTOR_MODEL_INCOMPATIBLE,Direct Japanese review bodies establish standalone eight-panel everyday gag vignettes and enough Narrative and Tone axes for recommendation coverage. The closed Theme Dictionary has no generic everyday-observation or vignette tag and none of its existing IDs recurs as work material. Assigning school or workplace from incidental scenes would fabricate evidence. Art is optional and was not used as a blocker.,honto ポテン生活 reader reviews,https://honto.jp/ebook/pdseries-review_06C-MBJ-20002-9-171319X.html,2015-08-29,2026-08-26,Reopen only if the accepted Factor Dictionary gains an everyday-observation or vignette Theme or the mandatory non-empty Theme gate changes; then rerun batch-027 community adjudication.
work-e4ef6ec32d4d111a15ce,FACTOR_MODEL_INCOMPATIBLE,Direct Japanese bookseller commentary establishes a biological-family four-panel comedy and the adjudication supplies complete Narrative and Tone coverage. The closed Theme Dictionary has no biological-family or everyday-home tag. foundFamily would contradict the actual family premise and no other Theme recurs as a central mechanic. Art is optional and was not used as a blocker.,マンガ大賞2010選考員コメント,https://www.mangataisho.com/data/2010/comment2010.pdf,2010,2026-08-26,Reopen only if the accepted Factor Dictionary gains a biological-family or everyday-home Theme or the mandatory non-empty Theme gate changes; then rerun batch-028 community adjudication.
work-e5508319d945331219b1,FACTOR_MODEL_INCOMPATIBLE,Direct Japanese reader and bookseller bodies establish a five-volume music drama centered on rival violinists and competitive performance. The adjudication supplies complete Narrative and Tone coverage plus tournament Theme. The closed Genre Dictionary has no music or general drama tag and sliceOfLife would misstate the premise. Art is optional and was not used as a blocker.,Sony Reader Store アレルヤ review,https://ebookstore.sony.jp/review/title/10075510/id/LT000007322000287481,2008,2026-08-26,Reopen only if the accepted Genre Dictionary gains music or drama or the mandatory non-empty Genre gate changes; then rerun batch-028 community adjudication.
work-e5a246728eaa431e66aa,FACTOR_MODEL_INCOMPATIBLE,Direct Japanese reader bodies establish a twelve-story ordinary-life collection with complete Narrative and Tone coverage plus comedy slice-of-life and romance Genres. The closed Theme Dictionary has no generic ordinary-life vignette tag. exploration cannot be inferred from the title alone and no existing Theme recurs as the collection mechanic. Art is optional and was not used as a blocker.,コミックシーモア マチキネマ reader review,https://www.cmoa.jp/community/review/good/3722308/?ret_url=%2Ftitle%2Fcustomer_review%2Ftitle_id%2F106121%2F%3Fsite_kbn%3D1,2011,2026-08-26,Reopen only if the accepted Factor Dictionary gains an ordinary-life vignette Theme or the mandatory non-empty Theme gate changes; then rerun batch-028 community adjudication.
work-e7f930a01c7c9fa5d9e9,FACTOR_MODEL_INCOMPATIBLE,Direct Japanese reader and bookseller bodies establish a five-story surreal speculative collection and the adjudication supplies complete Narrative and Tone coverage plus legal Genres. The closed Theme Dictionary has no reverse-aging or general surreal-vignette tag. timeTravel would misstate the title story's reverse-aging mechanism and no existing Theme recurs across the collection. Art is optional and was not used as a blocker.,BookLive かわいそうな真弓さん reader reviews,https://booklive.jp/review/list/title_id/378526/vol_no/001,2012,2026-08-26,Reopen only if the accepted Factor Dictionary gains a reverse-aging or surreal-vignette Theme or the mandatory non-empty Theme gate changes; then rerun batch-028 community adjudication.
work-e81955a9fc5c4d84580f,SOURCE_INFORMATION_UNAVAILABLE,"Official volumes 1–3 reader routes plus independent Japanese and Korean-title community searches were exhausted. Coverage remains Narrative 2/6; recurring student cases and teacher dialogue establish the known problem-solving and pacing cells but not two additional progression, strategy, mystery, or world-system anchors. Unknown was not converted to zero and optional Art was not treated as a blocker. Combined input/review packet binding: SHA-256=5ec2b05f096ecb5662ad8d8cfa207cb3ede6e101bc8902a8c015c04a72496a22; see final-overlay-validation.json inputBindings.",集英社公式商品ページ・ヤングジャンプコミックス第1巻,https://books.shueisha.co.jp/items/contents.html?isbn=978-4-08-890791-8,2017-11-22,2026-08-25,Reopen only if new direct entry-range evidence establishes at least two remaining Narrative cells.
work-e906b3eaa9ef9eafe23c,FACTOR_MODEL_INCOMPATIBLE,"The frozen promotion contract requires at least one legal Dictionary Genre, but the exhausted official Shogakukan volume 1–3 route and exact volume-1 reader establish a startup/business human drama classified by the first-party storefront as ヒューマンドラマ. That publisher Genre and the separate 少年・青年マンガ demographic category are outside the ten-tag union. The bounded assault is not a recurring action genre, and comedy=2 or workplace:2 cannot be copied from Axis or Theme to fill the Genre quota. After the accepted darkness=2 row, unchanged coverage is Genre 0/1, Theme 1/1, Narrative 4/6, Tone 5/7; every required gate except mandatory Genre passes. Combined input/review packet binding: SHA-256=539e91ac8a38b3abf2c207fb6a842bf8be3026a51d177c54a0a9e87149f4846a; see final-overlay-validation.json inputBindings.",小学館eコミックストア — トリリオンゲーム 1,https://e-comi.shogakukan.co.jp/books/098610100000d0000000,2021-03-30,2026-08-25,"Reopen only if the Factor Dictionary gains a directly applicable business or human-drama Genre, the mandatory non-empty Genre promotion gate changes, or new direct official volume 1–3 evidence establishes one of the existing ten legal Genres as a recurring work classification. Do not map 少年・青年マンガ, ヒューマンドラマ, comedy=2, or workplace:2 into the current union by inference; rerun the required coverage gates after any qualifying change."
work-ea41ee65245a0dbdc4a8,SOURCE_INFORMATION_UNAVAILABLE,"Finite official-first routes exhausted; unchanged promotion coverage fails: Art 0/4=0.000 (<0.300). Unknown is not a low value and no value was filled to meet a quota. Evidence source is explicitly undated; evidencePublishedAt uses canonical work firstPublishedYear 2010 only as a fallback, not as the source publication date. Combined input/review packet binding: SHA-256=f4f08de2b64f307247b140ef10810a100bb07e05bd42593130818edf00158bff; see final-overlay-validation.json inputBindings.",SQUARE ENIX・ガンガンONLINE 公式第1話,https://magazine.jp.square-enix.com/top/comics/detail/9784757528062/;https://magazine.jp.square-enix.com/top/comics/detail/9784757529052/;https://magazine.jp.square-enix.com/top/comics/detail/9784757530317/;https://www.ganganonline.com/title/92/chapter/7961,2010,2026-08-25,"Provide an edition-mapped official internal preview with at least 6 readable pages, 2 scene contexts, and Local Codex plus Gemini pixel quorum"
work-ec452fee9d555a052aeb,FACTOR_MODEL_INCOMPATIBLE,Direct Japanese reader editorial and bookseller bodies establish a one-volume body-part-centered romantic and comic vignette omnibus with complete Narrative and Tone coverage plus legal Genres. The closed Theme Dictionary has no body-observation or general vignette tag and no existing Theme recurs across the stories. Assigning an incidental setting would fabricate evidence. Art is optional and was not used as a blocker.,マンバ 彼女のカーブ reader review,https://manba.co.jp/topics/35315,2015,2026-08-26,Reopen only if the accepted Factor Dictionary gains a body-observation or general vignette Theme or the mandatory non-empty Theme gate changes; then rerun batch-028 community adjudication.
work-ed80f839bc14276b6ac8,FACTOR_MODEL_INCOMPATIBLE,Direct Japanese reader and bookseller bodies establish an adult romance collection with complete Narrative and Tone coverage plus legal Genres. The main pair are friends who neither study nor work together and the closed Theme Dictionary has no general adult-romance or relationship tag. Assigning workplace school or foundFamily would fabricate evidence. Art is optional and was not used as a blocker.,BookLive 恋の話がしたい reader reviews,https://booklive.jp/review/list/title_id/134931/vol_no/001,2009,2026-08-26,Reopen only if the accepted Factor Dictionary gains a general adult-romance or relationship Theme or the mandatory non-empty Theme gate changes; then rerun batch-028 community adjudication.
work-eef84d07d90ba2b040cf,SOURCE_INFORMATION_UNAVAILABLE,"The complete one-shot official product and reader routes plus independent Japanese and Korean-title community searches were exhausted. Coverage remains Narrative 2/6 and Tone 4/7; filmmaking, grief, and formal ambiguity are already represented by the known cells and do not establish two additional Narrative or one additional Tone anchor. Unknown was not converted to zero and optional Art was not treated as a blocker. Combined input/review packet binding: SHA-256=5ec2b05f096ecb5662ad8d8cfa207cb3ede6e101bc8902a8c015c04a72496a22; see final-overlay-validation.json inputBindings.",集英社公式商品ページ・ジャンプコミックス単行本,https://books.shueisha.co.jp/items/contents.html?isbn=978-4-08-883167-1,2022-07-04,2026-08-25,Reopen only if new complete-work evidence establishes at least two remaining Narrative and one remaining Tone cell.
work-efe3b9b2fc6373ae767a,FACTOR_MODEL_INCOMPATIBLE,Direct Japanese community evidence supports Genre and all Narrative and Tone mappings but this nine-story loneliness and relationship anthology has no legal Theme that recurs centrally; assigning school or another mechanic would invent a contract value.,Community-v4 adjudication — 夢から覚めたあの子とはきっと上手く喋れない,https://booklive.jp/review/list/title_id/60009065/vol_no/001,2015,2026-08-26,Reopen only if the legal Theme vocabulary is deliberately expanded for interpersonal or anthology structures.
work-f3ec9e796f983f6c5b17,FACTOR_MODEL_INCOMPATIBLE,Direct Japanese community evidence supports Genre and all Narrative and Tone mappings but the five-volume couple series is structurally about pachislot machine analysis and probability play; the legal Theme vocabulary has no gambling mechanic and assigning tournament or another Theme would be false.,Community-v4 adjudication — パチスロバカップル,https://www.cmoa.jp/title/3451/?disp_mode=easy&order=up&page=1,2008,2026-08-26,Reopen only if the legal Theme vocabulary is deliberately expanded with a gambling or probability-play mechanic.
work-f4bfc29a5e0a9b5148d0,SOURCE_INFORMATION_UNAVAILABLE,"Finite official-first, Japanese-community, and Korean-title community routes exhausted; unchanged promotion coverage fails: Narrative 3/6=0.500 (<0.600); Tone 4/7=0.571 (<0.600). Unknown is not a low value and no value was filled to meet a quota. Art is optional and was not used as a blocker. Combined input/review packet binding: SHA-256=539e91ac8a38b3abf2c207fb6a842bf8be3026a51d177c54a0a9e87149f4846a; see final-overlay-validation.json inputBindings.",講談社公式・月に吠えらんねえ 1,https://www.kodansha.co.jp/comic/products/0000047330,2014-04-23,2026-08-25,Provide direct entry-range evidence for enough remaining Narrative axes to reach the frozen coverage threshold; Provide direct entry-range evidence for enough remaining Tone axes to reach the frozen coverage threshold
work-f564a856e052f345ea54,FACTOR_MODEL_INCOMPATIBLE,Direct Japanese reader and bookseller bodies establish a one-volume surreal comedy collection with complete Narrative and Tone coverage plus legal Genres. Its separate bar teacher fairy-tale invisible-person and wordplay vignettes share no legal recurring Theme. Assigning workplace school or romance from isolated stories would fabricate the mandatory value. Art is optional and was not used as a blocker.,KADOKAWA はなうた散歩道 reader reviews,https://www.kadokawa.co.jp/product/301404001949/,2015,2026-08-26,Reopen only if the accepted Factor Dictionary gains a surreal or short-vignette Theme or the mandatory non-empty Theme gate changes; then rerun batch-029 community adjudication.
work-f5847c45d30753150364,SOURCE_INFORMATION_UNAVAILABLE,Finite official-first routes exhausted; unchanged promotion coverage fails: Narrative 3/6=0.500 (<0.600). Unknown is not a low value and no value was filled to meet a quota. Combined input/review packet binding: SHA-256=3852eea86b876b9231d549cf044e99a9a396b6adb6c1bd8d9b0ccd9be1e71e2f; see final-overlay-validation.json inputBindings.,小学館 闇のパープル・アイ 1권 공식 전자판,https://shogakukan-comic.jp/book?jdcn=091316510000d0000000,2013-01-01,2026-08-23,Provide direct entry-range evidence for enough remaining Narrative axes to reach the frozen coverage threshold
work-f59be454d59478f33914,SOURCE_INFORMATION_UNAVAILABLE,Finite official-first routes exhausted; unchanged promotion coverage fails: Tone 3/7=0.429 (<0.600). Unknown is not a low value and no value was filled to meet a quota. Combined input/review packet binding: SHA-256=f4f08de2b64f307247b140ef10810a100bb07e05bd42593130818edf00158bff; see final-overlay-validation.json inputBindings.,KADOKAWA ハクメイとミコチ 1권 상품 페이지,https://www.kadokawa.co.jp/product/201211000247,2013-01-15,2026-08-23,Provide direct entry-range evidence for enough remaining Tone axes to reach the frozen coverage threshold
work-f6cddc6b36f20bd0cc74,SOURCE_INFORMATION_UNAVAILABLE,Finite official-first routes exhausted; unchanged promotion coverage fails: Narrative 2/6=0.333 (<0.600); Tone 3/7=0.429 (<0.600); Art 0/4=0.000 (<0.300). Unknown is not a low value and no value was filled to meet a quota. Combined input/review packet binding: SHA-256=f4f08de2b64f307247b140ef10810a100bb07e05bd42593130818edf00158bff; see final-overlay-validation.json inputBindings.,コミックシーモア許諾試し読み,https://www.kodansha.co.jp/comic/products/0000047558;https://www.cmoa.jp/title/121923/;https://www.cmoa.jp/reader/sample/?title_id=121923&content_id=100001219230001,2016-11-07,2026-08-25,"Provide an edition-mapped official internal preview with at least 6 readable pages, 2 scene contexts, and Local Codex plus Gemini pixel quorum; Provide direct entry-range evidence for enough remaining Narrative axes to reach the frozen coverage threshold; Provide direct entry-range evidence for enough remaining Tone axes to reach the frozen coverage threshold"
work-f6e3d44392f62cce9b80,FACTOR_MODEL_INCOMPATIBLE,Direct Japanese reader bodies establish an autobiographical father-view parenting comic with complete Narrative and Tone coverage plus legal Genres. The closed Theme Dictionary has no parenting or biological-family domestic-life mechanic and foundFamily explicitly would misstate the household. Art is optional and was not used as a blocker.,育児漫画目録 まんが親 1巻 review,https://manga-mokuroku.net/papamanga/218/,2012,2026-08-26,Reopen only if the accepted Factor Dictionary gains a parenting or biological-family Theme or the mandatory non-empty Theme gate changes; then rerun batch-029 community adjudication.
work-f78989e37b02423445e7,FACTOR_MODEL_INCOMPATIBLE,Direct Japanese reader and bookseller bodies establish a continuing domestic gag series about a remarried woman and four generations of Yoshida men with complete Narrative and Tone coverage plus legal Genres. The closed Theme Dictionary has no biological-family domestic or sexual-gag mechanic and foundFamily would be false. Art is optional and was not used as a blocker.,紀伊國屋書店 吉田家のちすじ reader reviews,https://www.kinokuniya.co.jp/f/dsg-01-9784063144796,2011,2026-08-26,Reopen only if the accepted Factor Dictionary gains a biological-family domestic or sexual-gag Theme or the mandatory non-empty Theme gate changes; then rerun batch-029 community adjudication.
work-f8ba46fc19e6fbdda110,FACTOR_MODEL_INCOMPATIBLE,Direct Japanese reader and editorial bodies establish seven separate relationship and memory shorts with complete Narrative and Tone coverage plus legal Genres. The closed Theme Dictionary has no memory relationship or literary-vignette mechanic and no legal Theme recurs across all seven stories; assigning timeTravel workplace or romance as a Theme would fabricate the mandatory value. Art is optional and was not used as a blocker.,紀伊國屋書店 うみべのストーブ reader reviews,https://www.kinokuniya.co.jp/f/dsg-01-9784845861439,2023,2026-08-26,Reopen only if the accepted Factor Dictionary gains a memory relationship or literary-vignette Theme or the mandatory non-empty Theme gate changes; then rerun batch-029 community adjudication.
work-fb7a0ed6a88db7d7bc71,SOURCE_INFORMATION_UNAVAILABLE,Finite official-first routes exhausted; unchanged promotion coverage fails: Art 0/4=0.000 (<0.300). Unknown is not a low value and no value was filled to meet a quota. Combined input/review packet binding: SHA-256=3852eea86b876b9231d549cf044e99a9a396b6adb6c1bd8d9b0ccd9be1e71e2f; see final-overlay-validation.json inputBindings.,小学館 公式商品ページ,https://shogakukan-comic.jp/book?jdcn=091912210000d0000000,2018-03-02,2026-08-23,"Provide an edition-mapped official internal preview with at least 6 readable pages, 2 scene contexts, and Local Codex plus Gemini pixel quorum"
work-fb80625ae19a58485d35,FACTOR_MODEL_INCOMPATIBLE,Direct Japanese reader bodies establish a complete one-volume adult double-affair romance with sufficient Narrative and Tone coverage plus a legal romance Genre. The closed Theme Dictionary has no romance adultery or relationship-conflict mechanic and no legal external Theme recurs through the work; assigning workplace school or another mechanic would fabricate the mandatory value. Art is optional and was not used as a blocker.,コミックシーモア 未必の恋 reader reviews,https://www.cmoa.jp/title/73446/,2012,2026-08-26,Reopen only if the accepted Factor Dictionary gains a romance adultery or relationship-conflict Theme or the mandatory non-empty Theme gate changes; then rerun batch-029 community adjudication.
work-fb89f119251610cf1648,SOURCE_INFORMATION_UNAVAILABLE,"Finite official-first, Japanese-community, and Korean-title community routes exhausted; unchanged promotion coverage fails: Narrative 1/6=0.167 (<0.600). Unknown is not a low value and no value was filled to meet a quota. Art is optional and was not used as a blocker. Combined input/review packet binding: SHA-256=539e91ac8a38b3abf2c207fb6a842bf8be3026a51d177c54a0a9e87149f4846a; see final-overlay-validation.json inputBindings.",集英社公式・1／11 じゅういちぶんのいち 1,https://www.shueisha.co.jp/books/items/contents.html?jdcn=08870161870161315501,2010-12-03,2026-08-25,Provide direct entry-range evidence for enough remaining Narrative axes to reach the frozen coverage threshold
work-fc53cb5669aa4099ee4a,SOURCE_INFORMATION_UNAVAILABLE,"Official volumes 1–3 reader routes plus independent Japanese and Korean-title community searches were exhausted. Coverage remains Narrative 2/6; identity, reunion, romance, and leadership-training material do not establish two additional problem-solving, strategy, mystery, or world-system anchors. Unknown was not converted to zero and optional Art was not treated as a blocker. Combined input/review packet binding: SHA-256=5ec2b05f096ecb5662ad8d8cfa207cb3ede6e101bc8902a8c015c04a72496a22; see final-overlay-validation.json inputBindings.",集英社公式商品ページ・マーガレットコミックス第1巻,https://books.shueisha.co.jp/items/contents.html?isbn=978-4-08-846647-7,2011-04-13,2026-08-25,Reopen only if new direct volume 1–3 evidence establishes at least two remaining Narrative cells.
work-fd88144bf7334c4aae39,SOURCE_INFORMATION_UNAVAILABLE,Finite official-first routes exhausted; unchanged promotion coverage fails: Narrative 0/6=0.000 (<0.600); Tone 0/7=0.000 (<0.600); Art 0/4=0.000 (<0.300); Theme 0. Unknown is not a low value and no value was filled to meet a quota. Combined input/review packet binding: SHA-256=3852eea86b876b9231d549cf044e99a9a396b6adb6c1bd8d9b0ccd9be1e71e2f; see final-overlay-validation.json inputBindings.,講談社 公式商品ページ,https://www.kodansha.co.jp/comic/products/0000120298,1988-01-13,2026-08-23,"Provide an edition-mapped official internal preview with at least 6 readable pages, 2 scene contexts, and Local Codex plus Gemini pixel quorum; Provide direct entry-range evidence for enough remaining Narrative axes to reach the frozen coverage threshold; Provide direct entry-range evidence for enough remaining Tone axes to reach the frozen coverage threshold; Provide direct official evidence for at least one central Theme"
work-fe35a5f01946f5153eb4,SOURCE_INFORMATION_UNAVAILABLE,"Finite official-first, Japanese-community, and Korean-title community routes exhausted; unchanged promotion coverage fails: Narrative 2/6=0.333 (<0.600). Unknown is not a low value and no value was filled to meet a quota. Art is optional and was not used as a blocker. Combined input/review packet binding: SHA-256=539e91ac8a38b3abf2c207fb6a842bf8be3026a51d177c54a0a9e87149f4846a; see final-overlay-validation.json inputBindings.",小学館コミック・シュトヘル 1,https://shogakukan-comic.jp/book?jdcn=091825290000d0000000,2013-01-01,2026-08-25,Provide direct entry-range evidence for enough remaining Narrative axes to reach the frozen coverage threshold
work-fed2192d8e8359ba3ed4,FACTOR_MODEL_INCOMPATIBLE,Direct official and Japanese reader bodies establish complete Narrative and Tone coverage plus fantasy and comedy Genres for this nine-story speculative anthology. The closed Theme Dictionary has no general speculative-vignette or anthology tag and no existing Theme recurs across the unrelated post-RPG school workplace and dragon-world stories. Assigning an incidental school workplace adventure or other mechanic would fabricate evidence. Art is optional and was not used as a blocker.,East Press 竜の学校は山の上 official anthology description and reader reviews,https://www.eastpress.co.jp/goods/detail/9784781605456,2011-03-28,2026-08-26,Reopen only if the accepted Factor Dictionary gains a speculative-vignette or anthology Theme or the mandatory non-empty Theme gate changes; then rerun batch-030 community adjudication.
work-ff54aae19d03bc065747,FACTOR_MODEL_INCOMPATIBLE,Direct official and independent Japanese review bodies establish complete Narrative and Tone coverage plus fantasy horror and romance Genres for this single-volume collection of distinct stories about sexuality identity and relationships. The closed Theme Dictionary has no sexuality identity relationship-conflict or anthology tag and no existing legal Theme recurs across the SF occult and SM-flavored stories; assigning an incidental context would fabricate the mandatory value. Art is optional and was not used as a blocker.,Rakuten 女の穴 official product and independent Japanese reviews,https://books.rakuten.co.jp/rb/11322129/,2012,2026-08-26,Reopen only if the accepted Factor Dictionary gains a sexuality identity relationship-conflict or anthology Theme or the mandatory non-empty Theme gate changes; then rerun batch-030 community adjudication.
work-ff9b025f58d7e12f3cb1,SOURCE_INFORMATION_UNAVAILABLE,Official volumes 1–3 product and trial routes plus independent Japanese and Korean-title community searches were exhausted. Coverage remains Narrative 1/6 and Tone 4/7; childcare incidents and warm care responses do not establish three additional Narrative or one additional Tone anchor. Unknown was not converted to zero and optional Art was not treated as a blocker. Combined input/review packet binding: SHA-256=5ec2b05f096ecb5662ad8d8cfa207cb3ede6e101bc8902a8c015c04a72496a22; see final-overlay-validation.json inputBindings.,白泉社公式商品ページ・花とゆめコミックス第1巻,https://www.hakusensha.co.jp/comicslist/44745/,2009-05-19,2026-08-25,Reopen only if new direct volume 1–3 evidence establishes at least three remaining Narrative and one remaining Tone cell.
