rakutenMatchId,candidateId,matchStatus,isbn,matchedTitle,editionKind,isRepresentative,sourceUrl,checkedAt,notes
rakuten-match-002459e5f390e41d63a2,candidate-002459e5f390e41d63a2,matched,9784047289109,目玉焼きの黄身いつつぶす？（1）,standard,true,https://books.rakuten.co.jp/rb/12270709/,2026-08-22,"Exact normalized title, creator overlap, valid ISBN, standard edition, and Rakuten manga genre 001001003023."
rakuten-match-0029e59a039dce3f6e74,candidate-0029e59a039dce3f6e74,matched,9784088916507,【推しの子】 1,standard,true,https://books.rakuten.co.jp/rb/16373626/,2026-08-22,"Exact normalized title, creator overlap, valid ISBN, standard edition, and Rakuten manga genre 001001003005."
rakuten-match-003f3f37d4def277a23b,candidate-003f3f37d4def277a23b,matched,9784040665566,あの娘にキスと白百合を（1）,standard,true,https://books.rakuten.co.jp/rb/12718261/,2026-08-22,"Exact normalized title, creator overlap, valid ISBN, standard edition, and Rakuten manga genre 001001012."
rakuten-match-009db86ba32a4a5f3afe,candidate-009db86ba32a4a5f3afe,matched,9784046824646,異世界サムライ　1,standard,true,https://books.rakuten.co.jp/rb/17502344/,2026-08-22,"Exact normalized title, creator overlap, valid ISBN, standard edition, and Rakuten manga genre 001001012."
rakuten-match-011efc564d47a7ec9cab,candidate-011efc564d47a7ec9cab,matched,9784396765316,うどんの女,standard,true,https://books.rakuten.co.jp/rb/11322188/,2026-08-22,"Exact normalized title, creator overlap, valid ISBN, standard edition, and Rakuten manga genre 001001004008."
rakuten-match-01521fffc812e9b304e1,candidate-01521fffc812e9b304e1,matched,9784091261007,錦田警部はどろぼうがお好き 1,standard,true,https://books.rakuten.co.jp/rb/13187563/,2026-08-22,"Exact normalized title, creator overlap, valid ISBN, standard edition, and Rakuten manga genre 001001003048."
rakuten-match-0153a125c5a56225b06c,candidate-0153a125c5a56225b06c,matched,9784396767174,違国日記（1）,standard,true,https://books.rakuten.co.jp/rb/15182203/,2026-08-22,"Exact normalized title, creator overlap, valid ISBN, standard edition, and Rakuten manga genre 001001012."
rakuten-match-017446dd1a9039d9839b,candidate-017446dd1a9039d9839b,matched,9784065289280,サンダー3（1）,standard,true,https://books.rakuten.co.jp/rb/17149743/,2026-08-22,"Exact normalized title, creator overlap, valid ISBN, standard edition, and Rakuten manga genre 001001012."
rakuten-match-019b6c97e23e7cd48e92,candidate-019b6c97e23e7cd48e92,matched,9784088464213,私日和（1）,standard,true,https://books.rakuten.co.jp/rb/6078475/,2026-08-22,"Exact normalized title, creator overlap, valid ISBN, standard edition, and Rakuten manga genre 001001002006."
rakuten-match-019c4c86fb259730e7d0,candidate-019c4c86fb259730e7d0,matched,9784098608669,フールナイト（1）,standard,true,https://books.rakuten.co.jp/rb/16623808/,2026-08-22,"Exact normalized title, creator overlap, valid ISBN, standard edition, and Rakuten manga genre 001001003009."
rakuten-match-01b06bd4f3e359d221dc,candidate-01b06bd4f3e359d221dc,matched,9784047297784,白銀妃　1巻,standard,true,https://books.rakuten.co.jp/rb/12818840/,2026-08-22,"Exact normalized title, creator overlap, valid ISBN, standard edition, and Rakuten manga genre 001001003023."
rakuten-match-01f5afe5dcc86cc7b664,candidate-01f5afe5dcc86cc7b664,matched,9784088798370,昔話のできるまで,standard,true,https://books.rakuten.co.jp/rb/12750811/,2026-08-22,"Exact normalized title, creator overlap, valid ISBN, standard edition, and Rakuten manga genre 001001003005."
rakuten-match-01f973f0b71593c23a68,candidate-01f973f0b71593c23a68,matched,9784063617214,きんぼし（1）,standard,true,https://books.rakuten.co.jp/rb/5848470/,2026-08-22,"Exact normalized title, creator overlap, valid ISBN, standard edition, and Rakuten manga genre 001001003003."
rakuten-match-0208a4a29709fc3b0636,candidate-0208a4a29709fc3b0636,matched,9784088940168,こんづくし 1,standard,true,https://books.rakuten.co.jp/rb/18381369/,2026-08-22,"Exact normalized title, creator overlap, valid ISBN, standard edition, and Rakuten manga genre 001001003005."
rakuten-match-02410e1ffbf31c2cffc0,candidate-02410e1ffbf31c2cffc0,matched,9784047284081,九井諒子作品集　竜のかわいい七つの子,standard,true,https://books.rakuten.co.jp/rb/11914076/,2026-08-22,"Exact normalized title, creator overlap, valid ISBN, standard edition, and Rakuten manga genre 001001003023."
rakuten-match-024310b5ca50739aa0e5,candidate-024310b5ca50739aa0e5,matched,9784778320867,ケーキを買いに,standard,true,https://books.rakuten.co.jp/rb/6063209/,2026-08-22,"Exact normalized title, creator overlap, valid ISBN, standard edition, and Rakuten manga genre 001001012."
rakuten-match-025c8ab93483a39c9330,candidate-025c8ab93483a39c9330,matched,9784575860016,ホストと社畜（1）,standard,true,https://books.rakuten.co.jp/rb/17888858/,2026-08-22,"Exact normalized title, creator overlap, valid ISBN, standard edition, and Rakuten manga genre 001001003026."
rakuten-match-0262dcaa820443c3185d,candidate-0262dcaa820443c3185d,matched,9784845800018,ゴルゴ13（1）,standard,true,https://books.rakuten.co.jp/rb/869925/,2026-08-22,"Exact normalized title, creator overlap, valid ISBN, standard edition, and Rakuten manga genre 001001012."
rakuten-match-027ed39e9d921537ad67,candidate-027ed39e9d921537ad67,matched,9784832295285,アイドルビーバック！ 1,standard,true,https://books.rakuten.co.jp/rb/17720278/,2026-08-22,"Exact normalized title, creator overlap, valid ISBN, standard edition, and Rakuten manga genre 001001003053/001001003035."
rakuten-match-02821fe0321a4a15a9e3,candidate-02821fe0321a4a15a9e3,matched,9784832265806,みそララ（1）,standard,true,https://books.rakuten.co.jp/rb/4512625/,2026-08-22,"Exact normalized title, creator overlap, valid ISBN, standard edition, and Rakuten manga genre 001001003035."
rakuten-match-02d5d329c9ef85e481cb,candidate-02d5d329c9ef85e481cb,matched,9784091800718,のたり松太郎（1）,standard,true,https://books.rakuten.co.jp/rb/925978/,2026-08-22,"Exact normalized title, creator overlap, valid ISBN, standard edition, and Rakuten manga genre 001001003009."
rakuten-match-037650a8271f1e898e0f,candidate-037650a8271f1e898e0f,matched,9784107724212,ディノサン 1,standard,true,https://books.rakuten.co.jp/rb/16827782/,2026-08-22,"Exact normalized title, creator overlap, valid ISBN, standard edition, and Rakuten manga genre 001001003022."
rakuten-match-03d7687838b304cde377,candidate-03d7687838b304cde377,matched,9784091410719,つるピカハゲ丸（1）,standard,true,https://books.rakuten.co.jp/rb/9319835/,2026-08-22,"Exact normalized title, creator overlap, valid ISBN, standard edition, and Rakuten manga genre 001001001014."
rakuten-match-03dd121b48927ce75496,candidate-03dd121b48927ce75496,matched,9784840119788,ささめきこと（1）,standard,true,https://books.rakuten.co.jp/rb/5212290/,2026-08-22,"Exact normalized title, creator overlap, valid ISBN, standard edition, and Rakuten manga genre 001001003016."
rakuten-match-03f8af97a21564c3601e,candidate-03f8af97a21564c3601e,matched,9784063878417,今日のユイコさん（1）,standard,true,https://books.rakuten.co.jp/rb/11842092/,2026-08-22,"Exact normalized title, creator overlap, valid ISBN, standard edition, and Rakuten manga genre 001001003015."
rakuten-match-041184453ad3e16aeb1a,candidate-041184453ad3e16aeb1a,matched,9784821180882,不成仏霊童女,standard,true,https://books.rakuten.co.jp/rb/10175498/,2026-08-22,"Exact normalized title, creator overlap, valid ISBN, standard edition, and Rakuten manga genre 001001003011."
rakuten-match-0461079c050fca066c4f,candidate-0461079c050fca066c4f,matched,9784847036323,いいんちょ。（1）,standard,true,https://books.rakuten.co.jp/rb/5619532/,2026-08-22,"Exact normalized title, creator overlap, valid ISBN, standard edition, and Rakuten manga genre 001001003031."
rakuten-match-048a39f42bd18cb0823e,candidate-048a39f42bd18cb0823e,matched,9784344809437,大東京トイボックス（1）,standard,true,https://books.rakuten.co.jp/rb/4290644/,2026-08-22,"Exact normalized title, creator overlap, valid ISBN, standard edition, and Rakuten manga genre 001001003020."
rakuten-match-0493a35083abd57f5a77,candidate-0493a35083abd57f5a77,matched,9784041083536,すべての人類を破壊する。それらは再生できない。　（1）,standard,true,https://books.rakuten.co.jp/rb/15881067/,2026-08-22,"Exact normalized title, creator overlap, valid ISBN, standard edition, and Rakuten manga genre 001001003059."
rakuten-match-04ac6ddcf1c292ee38f9,candidate-04ac6ddcf1c292ee38f9,matched,9784063809039,LIMBO　THE　KING（1）,standard,true,https://books.rakuten.co.jp/rb/14596002/,2026-08-22,"Exact normalized title, creator overlap, valid ISBN, standard edition, and Rakuten manga genre 001001012."
rakuten-match-04d912698ec64a30c2d7,candidate-04d912698ec64a30c2d7,matched,9784107719737,悪魔を憐れむ歌 1,standard,true,https://books.rakuten.co.jp/rb/14895420/,2026-08-22,"Exact normalized title, creator overlap, valid ISBN, standard edition, and Rakuten manga genre 001001003022."
rakuten-match-04f35b4c99514d50231d,candidate-04f35b4c99514d50231d,matched,9784592143512,デトロイト・メタル・シティ（1）,standard,true,https://books.rakuten.co.jp/rb/4021813/,2026-08-22,"Exact normalized title, creator overlap, valid ISBN, standard edition, and Rakuten manga genre 001001003010."
rakuten-match-051ce38c242e92ec83d8,candidate-051ce38c242e92ec83d8,matched,9784832233041,タオの城,standard,true,https://books.rakuten.co.jp/rb/11684923/,2026-08-22,"Exact normalized title, creator overlap, valid ISBN, standard edition, and Rakuten manga genre 001001012."
rakuten-match-053e1e86adbd269cc07a,candidate-053e1e86adbd269cc07a,matched,9784063805734,王子様と灰色の日々（2）,standard,true,https://books.rakuten.co.jp/rb/11658443/,2026-08-22,"Exact normalized title, creator overlap, valid ISBN, standard edition, and Rakuten manga genre 001001012."
rakuten-match-057321eada0f5983975e,candidate-057321eada0f5983975e,matched,9784091262318,金色のガッシュ！！（1）,standard,true,https://books.rakuten.co.jp/rb/1342543/,2026-08-22,"Exact normalized title, creator overlap, valid ISBN, standard edition, and Rakuten manga genre 001001001009."
rakuten-match-057e1cf849bf49fc1465,candidate-057e1cf849bf49fc1465,matched,9784063106176,虫と歌　市川春子作品集,standard,true,https://books.rakuten.co.jp/rb/6219321/,2026-08-22,"Exact normalized title, creator overlap, valid ISBN, standard edition, and Rakuten manga genre 001001003015."
rakuten-match-05a1239f0ad4637650cd,candidate-05a1239f0ad4637650cd,matched,9784065346976,タワーダンジョン（1）,standard,true,https://books.rakuten.co.jp/rb/17696457/,2026-08-22,"Exact normalized title, creator overlap, valid ISBN, standard edition, and Rakuten manga genre 001001003047."
rakuten-match-05fd7a8974ddb2e3cbf0,candidate-05fd7a8974ddb2e3cbf0,matched,9784087822069,ヒカルの碁（1）,standard,true,https://books.rakuten.co.jp/rb/5969724/,2026-08-22,"Exact normalized title, creator overlap, valid ISBN, standard edition, and Rakuten manga genre 001001001008."
rakuten-match-060a72fe10cf6ba9cbfc,candidate-060a72fe10cf6ba9cbfc,matched,9784063722017,チェーザレ　破壊の創造者（1）,standard,true,https://books.rakuten.co.jp/rb/4141702/,2026-08-22,"Exact normalized title, creator overlap, valid ISBN, standard edition, and Rakuten manga genre 001001012."
rakuten-match-064c0062e7a8e29cfbed,candidate-064c0062e7a8e29cfbed,matched,9784091577849,COSMOS（1）,standard,true,https://books.rakuten.co.jp/rb/17655999/,2026-08-22,"Exact normalized title, creator overlap, valid ISBN, standard edition, and Rakuten manga genre 001001003039."
rakuten-match-06f744cc857f52984b2d,candidate-06f744cc857f52984b2d,matched,9784091824509,チャンネルはそのまま！（1）,standard,true,https://books.rakuten.co.jp/rb/5933968/,2026-08-22,"Exact normalized title, creator overlap, valid ISBN, standard edition, and Rakuten manga genre 001001003009."
rakuten-match-073f7f9dd8f3b5e07d29,candidate-073f7f9dd8f3b5e07d29,matched,9784047124738,おたくの娘さん　1,standard,true,https://books.rakuten.co.jp/rb/4236174/,2026-08-22,"Exact normalized title, creator overlap, valid ISBN, standard edition, and Rakuten manga genre 001001003013."
rakuten-match-074fc9c731ab475eaebe,candidate-074fc9c731ab475eaebe,matched,9784048916455,この美術部には問題がある！1,standard,true,https://books.rakuten.co.jp/rb/12270728/,2026-08-22,"Exact normalized title, creator overlap, valid ISBN, standard edition, and Rakuten manga genre 001001003046."
rakuten-match-07586346a94407eb03c8,candidate-07586346a94407eb03c8,matched,9784088915333,君のことが大大大大大好きな100人の彼女 1,standard,true,https://books.rakuten.co.jp/rb/16274029/,2026-08-22,"Exact normalized title, creator overlap, valid ISBN, standard edition, and Rakuten manga genre 001001003005."
rakuten-match-076beb86f844b642beef,candidate-076beb86f844b642beef,matched,9784091848475,くーねるまるた（1）,standard,true,https://books.rakuten.co.jp/rb/12127748/,2026-08-22,"Exact normalized title, creator overlap, valid ISBN, standard edition, and Rakuten manga genre 001001003009."
rakuten-match-07b11ec79f10c7eb7e05,candidate-07b11ec79f10c7eb7e05,matched,9784087824575,かくかくしかじか（1）,standard,true,https://books.rakuten.co.jp/rb/11789644/,2026-08-22,"Exact normalized title, creator overlap, valid ISBN, standard edition, and Rakuten manga genre 001001012."
rakuten-match-07dc759bd91e1cffb2df,candidate-07dc759bd91e1cffb2df,matched,9784253160827,しあわせは食べて寝て待て 1,standard,true,https://books.rakuten.co.jp/rb/16630845/,2026-08-22,"Exact normalized title, creator overlap, valid ISBN, standard edition, and Rakuten manga genre 001001012."
rakuten-match-07e413fd6de80f21469d,candidate-07e413fd6de80f21469d,matched,9784861275227,戦国妖狐（1）,standard,true,https://books.rakuten.co.jp/rb/5815201/,2026-08-22,"Exact normalized title, creator overlap, valid ISBN, standard edition, and Rakuten manga genre 001001003058."
rakuten-match-07faf4019b12de5e877d,candidate-07faf4019b12de5e877d,matched,9784575848106,私の少年（1）,standard,true,https://books.rakuten.co.jp/rb/14161248/,2026-08-22,"Exact normalized title, creator overlap, valid ISBN, standard edition, and Rakuten manga genre 001001012."
rakuten-match-07ff2a01ef593ce2f809,candidate-07ff2a01ef593ce2f809,matched,9784088675206,さよならミニスカート 1,standard,true,https://books.rakuten.co.jp/rb/15681764/,2026-08-22,"Exact normalized title, creator overlap, valid ISBN, standard edition, and Rakuten manga genre 001001002007."
rakuten-match-081e75d8bbc53ac64713,candidate-081e75d8bbc53ac64713,matched,9784088927671,ダイヤモンドの功罪 1,standard,true,https://books.rakuten.co.jp/rb/17493969/,2026-08-22,"Exact normalized title, creator overlap, valid ISBN, standard edition, and Rakuten manga genre 001001003005."
rakuten-match-088bd94cfdd1dd6e192d,candidate-088bd94cfdd1dd6e192d,matched,9784088820118,SPY×FAMILY 1,standard,true,https://books.rakuten.co.jp/rb/15924058/,2026-08-22,"Exact normalized title, creator overlap, valid ISBN, standard edition, and Rakuten manga genre 001001001008."
rakuten-match-08911847b618c8255b41,candidate-08911847b618c8255b41,matched,9784065433683,ローワライ（1）,standard,true,https://books.rakuten.co.jp/rb/18510604/,2026-08-22,"Exact normalized title, creator overlap, valid ISBN, standard edition, and Rakuten manga genre 001001003003."
rakuten-match-089947c5303024841fef,candidate-089947c5303024841fef,matched,9784088655017,デカワンコ（1）,standard,true,https://books.rakuten.co.jp/rb/5848504/,2026-08-22,"Exact normalized title, creator overlap, valid ISBN, standard edition, and Rakuten manga genre 001001002011."
rakuten-match-08b79a6106a40f70e790,candidate-08b79a6106a40f70e790,matched,9784098510306,日本三國（1）,standard,true,https://books.rakuten.co.jp/rb/17037374/,2026-08-22,"Exact normalized title, creator overlap, valid ISBN, standard edition, and Rakuten manga genre 001001012."
rakuten-match-090c010b942b581825db,candidate-090c010b942b581825db,matched,9784040656588,見える子ちゃん　1,standard,true,https://books.rakuten.co.jp/rb/15836995/,2026-08-22,"Exact normalized title, creator overlap, valid ISBN, standard edition, and Rakuten manga genre 001001012."
rakuten-match-091d231d37f037fb07e8,candidate-091d231d37f037fb07e8,matched,9784063872576,インベスターZ（1）,standard,true,https://books.rakuten.co.jp/rb/12443114/,2026-08-22,"Exact normalized title, creator overlap, valid ISBN, standard edition, and Rakuten manga genre 001001003004."
rakuten-match-094fec9e7639ddcbbc07,candidate-094fec9e7639ddcbbc07,matched,9784063880588,波よ聞いてくれ（1）,standard,true,https://books.rakuten.co.jp/rb/13204755/,2026-08-22,"Exact normalized title, creator overlap, valid ISBN, standard edition, and Rakuten manga genre 001001003015."
rakuten-match-095c933ce9c1f7810f73,candidate-095c933ce9c1f7810f73,matched,9784063880090,エンバンメイズ（1）,standard,true,https://books.rakuten.co.jp/rb/12961335/,2026-08-22,"Exact normalized title, creator overlap, valid ISBN, standard edition, and Rakuten manga genre 001001003015."
rakuten-match-096425144a79c2716b3e,candidate-096425144a79c2716b3e,matched,9784063842746,どうぶつの国（1）,standard,true,https://books.rakuten.co.jp/rb/6380119/,2026-08-22,"Exact normalized title, creator overlap, valid ISBN, standard edition, and Rakuten manga genre 001001012."
rakuten-match-098b1781e14365eea667,candidate-098b1781e14365eea667,matched,9784065217771,うるわしの宵の月（1）,standard,true,https://books.rakuten.co.jp/rb/16517534/,2026-08-22,"Exact normalized title, creator overlap, valid ISBN, standard edition, and Rakuten manga genre 001001002014."
rakuten-match-09ae4c1cbc4bff98eb1a,candidate-09ae4c1cbc4bff98eb1a,matched,9784091886385,ぷらせぼくらぶ,standard,true,https://books.rakuten.co.jp/rb/12504394/,2026-08-22,"Exact normalized title, creator overlap, valid ISBN, standard edition, and Rakuten manga genre 001001003041."
rakuten-match-09c2784da3afe6ab62ce,candidate-09c2784da3afe6ab62ce,matched,9784107715487,片桐くん家に猫がいる,standard,true,https://books.rakuten.co.jp/rb/6305943/,2026-08-22,"Exact normalized title, creator overlap, valid ISBN, standard edition, and Rakuten manga genre 001001003022."
rakuten-match-0a72f4e304b688a6d9f0,candidate-0a72f4e304b688a6d9f0,matched,9784088808437,彼方のアストラ 1,standard,true,https://books.rakuten.co.jp/rb/14251336/,2026-08-22,"Exact normalized title, creator overlap, valid ISBN, standard edition, and Rakuten manga genre 001001001008."
rakuten-match-0b358ab2fada71bc3c0f,candidate-0b358ab2fada71bc3c0f,matched,9784088468525,僕のおとうさん（1）,standard,true,https://books.rakuten.co.jp/rb/11913848/,2026-08-22,"Exact normalized title, creator overlap, valid ISBN, standard edition, and Rakuten manga genre 001001002006."
rakuten-match-0b6d8b3f1349e5048b8b,candidate-0b6d8b3f1349e5048b8b,matched,9784063654486,ボーイ×ミーツ×ガール,standard,true,https://books.rakuten.co.jp/rb/4347819/,2026-08-22,"Exact normalized title, creator overlap, valid ISBN, standard edition, and Rakuten manga genre 001001002014."
rakuten-match-0b8f0f3bfc30d6da8ad0,candidate-0b8f0f3bfc30d6da8ad0,matched,9784778321130,ウツボラ（1）,standard,true,https://books.rakuten.co.jp/rb/6483996/,2026-08-22,"Exact normalized title, creator overlap, valid ISBN, standard edition, and Rakuten manga genre 001001012."
rakuten-match-0b92afe0c01f8d4aae42,candidate-0b92afe0c01f8d4aae42,matched,9784756256492,星旅少年1,standard,true,https://books.rakuten.co.jp/rb/17105344/,2026-08-22,"Exact normalized title, creator overlap, valid ISBN, standard edition, and Rakuten manga genre 001001012."
rakuten-match-0ba3547258320bf33dc3,candidate-0ba3547258320bf33dc3,matched,9784063728217,ラキア（1）,standard,true,https://books.rakuten.co.jp/rb/6117000/,2026-08-22,"Exact normalized title, creator overlap, valid ISBN, standard edition, and Rakuten manga genre 001001003004."
rakuten-match-0bbd8ef182853cb7845f,candidate-0bbd8ef182853cb7845f,matched,9784757559349,クールドジ男子（1）,standard,true,https://books.rakuten.co.jp/rb/15793507/,2026-08-22,"Exact normalized title, creator overlap, valid ISBN, standard edition, and Rakuten manga genre 001001001002."
rakuten-match-0bd2d3b52ffff3a7ded4,candidate-0bd2d3b52ffff3a7ded4,matched,9784091837806,看護助手のナナちゃん（1）,standard,true,https://books.rakuten.co.jp/rb/11126624/,2026-08-22,"Exact normalized title, creator overlap, valid ISBN, standard edition, and Rakuten manga genre 001001003009."
rakuten-match-0bec5d8d9474a2197312,candidate-0bec5d8d9474a2197312,matched,9784757715226,放浪息子（1）,standard,true,https://books.rakuten.co.jp/rb/1579024/,2026-08-22,"Exact normalized title, creator overlap, valid ISBN, standard edition, and Rakuten manga genre 001001003023."
rakuten-match-0c0301626306f5624d27,candidate-0c0301626306f5624d27,matched,9784063766547,Sunny　Sunny　Ann！,standard,true,https://books.rakuten.co.jp/rb/11789720/,2026-08-22,"Exact normalized title, creator overlap, valid ISBN, standard edition, and Rakuten manga genre 001001012."
rakuten-match-0cf463005cc77eeded8e,candidate-0cf463005cc77eeded8e,matched,9784757579620,黄泉のツガイ（1）,standard,true,https://books.rakuten.co.jp/rb/17124585/,2026-08-22,"Exact normalized title, creator overlap, valid ISBN, standard edition, and Rakuten manga genre 001001001002."
rakuten-match-0cf5c4d5df5b040deeba,candidate-0cf5c4d5df5b040deeba,matched,9784253255714,ヴォイニッチホテル（1）,standard,true,https://books.rakuten.co.jp/rb/6797119/,2026-08-22,"Exact normalized title, creator overlap, valid ISBN, standard edition, and Rakuten manga genre 001001003001."
rakuten-match-0d10ae56716a82f0ae4e,candidate-0d10ae56716a82f0ae4e,matched,9784861279492,ほしのうえでめぐる（1）,standard,true,https://books.rakuten.co.jp/rb/11509725/,2026-08-22,"Exact normalized title, creator overlap, valid ISBN, standard edition, and Rakuten manga genre 001001003058."
rakuten-match-0d1ad77728a44df56508,candidate-0d1ad77728a44df56508,matched,9784812487983,ラーメン大好き小泉さん（1）,standard,true,https://books.rakuten.co.jp/rb/12906514/,2026-08-22,"Exact normalized title, creator overlap, valid ISBN, standard edition, and Rakuten manga genre 001001003044."
rakuten-match-0d6c496878e276979e3c,candidate-0d6c496878e276979e3c,matched,9784091207210,ふたり鷹（1）,standard,true,https://books.rakuten.co.jp/rb/376404/,2026-08-22,"Exact normalized title, creator overlap, valid ISBN, standard edition, and Rakuten manga genre 001001001009."
rakuten-match-0d894a02becb714986db,candidate-0d894a02becb714986db,matched,9784091873415,闇金ウシジマくん 1,standard,true,https://books.rakuten.co.jp/rb/1696747/,2026-08-22,"Exact normalized title, creator overlap, valid ISBN, standard edition, and Rakuten manga genre 001001003009."
rakuten-match-0dabd1d17e5fcf2992b9,candidate-0dabd1d17e5fcf2992b9,matched,9784091866707,忘却のサチコ（1）,standard,true,https://books.rakuten.co.jp/rb/12992475/,2026-08-22,"Exact normalized title, creator overlap, valid ISBN, standard edition, and Rakuten manga genre 001001003009."
rakuten-match-0dd1ceee981780c10491,candidate-0dd1ceee981780c10491,matched,9784091570956,誰かがカッコゥと啼く（1）,standard,true,https://books.rakuten.co.jp/rb/4390191/,2026-08-22,"Exact normalized title, creator overlap, valid ISBN, standard edition, and Rakuten manga genre 001001003039."
rakuten-match-0e036724913c69bb937a,candidate-0e036724913c69bb937a,matched,9784088807317,ファイアパンチ 1,standard,true,https://books.rakuten.co.jp/rb/14249293/,2026-08-22,"Exact normalized title, creator overlap, valid ISBN, standard edition, and Rakuten manga genre 001001001008."
rakuten-match-0e29e324e16f7d5cda41,candidate-0e29e324e16f7d5cda41,matched,9784088477343,仮スマ（1）,standard,true,https://books.rakuten.co.jp/rb/1667074/,2026-08-22,"Exact normalized title, creator overlap, valid ISBN, standard edition, and Rakuten manga genre 001001002006."
rakuten-match-0ebf010ac12b9b60d80e,candidate-0ebf010ac12b9b60d80e,matched,9784757746954,機動旅団八福神　9巻,standard,true,https://books.rakuten.co.jp/rb/5977527/,2026-08-22,"Exact normalized title, creator overlap, valid ISBN, standard edition, and Rakuten manga genre 001001012."
rakuten-match-0ede6921b81169dc2dda,candidate-0ede6921b81169dc2dda,matched,9784063958423,不滅のあなたへ（1）,standard,true,https://books.rakuten.co.jp/rb/14596035/,2026-08-22,"Exact normalized title, creator overlap, valid ISBN, standard edition, and Rakuten manga genre 001001001006."
rakuten-match-0efbd1c37e95f5845317,candidate-0efbd1c37e95f5845317,matched,9784091480477,いなかっぺ大将（2）,standard,true,https://books.rakuten.co.jp/rb/4036815/,2026-08-22,"Exact normalized title, creator overlap, valid ISBN, standard edition, and Rakuten manga genre 001001012."
rakuten-match-0eff8190c0c6ff604527,candidate-0eff8190c0c6ff604527,matched,9784091885388,よるくも（1）,standard,true,https://books.rakuten.co.jp/rb/6918263/,2026-08-22,"Exact normalized title, creator overlap, valid ISBN, standard edition, and Rakuten manga genre 001001003041."
rakuten-match-0f3a44f5dcab9623d1be,candidate-0f3a44f5dcab9623d1be,matched,9784107717429,応天の門（1）,standard,true,https://books.rakuten.co.jp/rb/12689900/,2026-08-22,"Exact normalized title, creator overlap, valid ISBN, standard edition, and Rakuten manga genre 001001003022."
rakuten-match-0f50eef4773267a0c1fa,candidate-0f50eef4773267a0c1fa,matched,9784047281974,でこぼこガーリッシュ　1巻,standard,true,https://books.rakuten.co.jp/rb/11754357/,2026-08-22,"Exact normalized title, creator overlap, valid ISBN, standard edition, and Rakuten manga genre 001001003023."
rakuten-match-0f6261e1019b8a8021b7,candidate-0f6261e1019b8a8021b7,matched,9784088454924,群青にサイレン（1）,standard,true,https://books.rakuten.co.jp/rb/13450120/,2026-08-22,"Exact normalized title, creator overlap, valid ISBN, standard edition, and Rakuten manga genre 001001002006."
rakuten-match-0f790fe4cb2b3d2a8f34,candidate-0f790fe4cb2b3d2a8f34,matched,9784065374580,大正學生愛妻家（1）,standard,true,https://books.rakuten.co.jp/rb/18009731/,2026-08-22,"Exact normalized title, creator overlap, valid ISBN, standard edition, and Rakuten manga genre 001001003004."
rakuten-match-0fca8d7b1cfbd8102c01,candidate-0fca8d7b1cfbd8102c01,matched,9784253280013,桃源暗鬼 1,standard,true,https://books.rakuten.co.jp/rb/16411605/,2026-08-22,"Exact normalized title, creator overlap, valid ISBN, standard edition, and Rakuten manga genre 001001001001."
rakuten-match-0fe64d3cc470022fd3b9,candidate-0fe64d3cc470022fd3b9,matched,9784088462394,ストロボ・エッジ 1,standard,true,https://books.rakuten.co.jp/rb/4986566/,2026-08-22,"Exact normalized title, creator overlap, valid ISBN, standard edition, and Rakuten manga genre 001001002006."
rakuten-match-1012948f5de799831da4,candidate-1012948f5de799831da4,matched,9784063460124,Red（1）,standard,true,https://books.rakuten.co.jp/rb/1045091/,2026-08-22,"Exact normalized title, creator overlap, valid ISBN, standard edition, and Rakuten manga genre 001001012."
rakuten-match-10417d42e6e36614454b,candidate-10417d42e6e36614454b,matched,9784091410016,がんばれ！キッカーズ（1）,standard,true,https://books.rakuten.co.jp/rb/9319788/,2026-08-22,"Exact normalized title, creator overlap, valid ISBN, standard edition, and Rakuten manga genre 001001001014."
rakuten-match-1088a1dc00a3b0d22201,candidate-1088a1dc00a3b0d22201,matched,9784091811974,邪眼は月輪に飛ぶ,standard,true,https://books.rakuten.co.jp/rb/4326313/,2026-08-22,"Exact normalized title, creator overlap, valid ISBN, standard edition, and Rakuten manga genre 001001003009."
rakuten-match-10ea8aa950d8d59958a8,candidate-10ea8aa950d8d59958a8,matched,9784091822987,うごかし屋（1）,standard,true,https://books.rakuten.co.jp/rb/5894888/,2026-08-22,"Exact normalized title, creator overlap, valid ISBN, standard edition, and Rakuten manga genre 001001003009."
rakuten-match-10f4cbd157b818a1f3ce,candidate-10f4cbd157b818a1f3ce,matched,9784047377479,ファミレス行こ。 上,standard,true,https://books.rakuten.co.jp/rb/17625528/,2026-08-22,"Exact normalized title, creator overlap, valid ISBN, standard edition, and Rakuten manga genre 001001003023."
rakuten-match-1111080969feddae8a64,candidate-1111080969feddae8a64,matched,9784592190714,ただいまのうた（1）,standard,true,https://books.rakuten.co.jp/rb/6243180/,2026-08-22,"Exact normalized title, creator overlap, valid ISBN, standard edition, and Rakuten manga genre 001001002009."
rakuten-match-112589a161d1596ec97f,candidate-112589a161d1596ec97f,matched,9784098535439,写らナイんです（1）,standard,true,https://books.rakuten.co.jp/rb/17926225/,2026-08-22,"Exact normalized title, creator overlap, valid ISBN, standard edition, and Rakuten manga genre 001001001009."
rakuten-match-11296a590b885cb73b66,candidate-11296a590b885cb73b66,matched,9784063409574,透明なゆりかご（1）,standard,true,https://books.rakuten.co.jp/rb/13204718/,2026-08-22,"Exact normalized title, creator overlap, valid ISBN, standard edition, and Rakuten manga genre 001001002005."
rakuten-match-118ebbabadf214274ac6,candidate-118ebbabadf214274ac6,matched,9784063768077,おんなのいえ（1）,standard,true,https://books.rakuten.co.jp/rb/12235197/,2026-08-22,"Exact normalized title, creator overlap, valid ISBN, standard edition, and Rakuten manga genre 001001012."
rakuten-match-119459d8de20ac5f45bd,candidate-119459d8de20ac5f45bd,matched,9784088814834,アクタージュ act-age 1,standard,true,https://books.rakuten.co.jp/rb/15409255/,2026-08-22,"Exact normalized title, creator overlap, valid ISBN, standard edition, and Rakuten manga genre 001001001008."
rakuten-match-1194dc9f1d6f72a56dbd,candidate-1194dc9f1d6f72a56dbd,matched,9784757543324,はんだくん（1）,standard,true,https://books.rakuten.co.jp/rb/12765084/,2026-08-22,"Exact normalized title, creator overlap, valid ISBN, standard edition, and Rakuten manga genre 001001001002."
rakuten-match-11d23966f22f777e95d0,candidate-11d23966f22f777e95d0,matched,9784091884114,のらみみ（1）,standard,true,https://books.rakuten.co.jp/rb/1619953/,2026-08-22,"Exact normalized title, creator overlap, valid ISBN, standard edition, and Rakuten manga genre 001001003041."
rakuten-match-11f13ef455c9bc9d68b4,candidate-11f13ef455c9bc9d68b4,matched,9784088913254,まくむすび 1,standard,true,https://books.rakuten.co.jp/rb/15957294/,2026-08-22,"Exact normalized title, creator overlap, valid ISBN, standard edition, and Rakuten manga genre 001001003005."
rakuten-match-11f7290fc68cdf9635aa,candidate-11f7290fc68cdf9635aa,matched,9784592710646,幻想ギネコクラシー（1）,standard,true,https://books.rakuten.co.jp/rb/12654318/,2026-08-22,"Exact normalized title, creator overlap, valid ISBN, standard edition, and Rakuten manga genre 001001012."
rakuten-match-1237a0e89a427c736fac,candidate-1237a0e89a427c736fac,matched,9784091358226,37．5℃の涙（1）,standard,true,https://books.rakuten.co.jp/rb/12662963/,2026-08-22,"Exact normalized title, creator overlap, valid ISBN, standard edition, and Rakuten manga genre 001001004006/001001002008."
rakuten-match-12a5eb9618886a507a6f,candidate-12a5eb9618886a507a6f,matched,9784812477977,父とヒゲゴリラと私（1）,standard,true,https://books.rakuten.co.jp/rb/11684891/,2026-08-22,"Exact normalized title, creator overlap, valid ISBN, standard edition, and Rakuten manga genre 001001003044."
rakuten-match-12addce786ee4fbb6a2c,candidate-12addce786ee4fbb6a2c,matched,9784757556263,おじさまと猫（1）,standard,true,https://books.rakuten.co.jp/rb/15288322/,2026-08-22,"Exact normalized title, creator overlap, valid ISBN, standard edition, and Rakuten manga genre 001001001002."
rakuten-match-12b484cd79bfe6852ea1,candidate-12b484cd79bfe6852ea1,matched,9784091825377,高校球児ザワさん（1）,standard,true,https://books.rakuten.co.jp/rb/6043463/,2026-08-22,"Exact normalized title, creator overlap, valid ISBN, standard edition, and Rakuten manga genre 001001003009."
rakuten-match-12bb1c06ffe94f18421c,candidate-12bb1c06ffe94f18421c,matched,9784091834799,ウシハル（1）,standard,true,https://books.rakuten.co.jp/rb/6644764/,2026-08-22,"Exact normalized title, creator overlap, valid ISBN, standard edition, and Rakuten manga genre 001001003009."
rakuten-match-12ced27e58dc3c8c1509,candidate-12ced27e58dc3c8c1509,matched,9784785933807,マンガで分かる心療内科（1）,standard,true,https://books.rakuten.co.jp/rb/6454422/,2026-08-22,"Exact normalized title, creator overlap, valid ISBN, standard edition, and Rakuten manga genre 001001003017/001010010001."
rakuten-match-131ba7a362fa9e38a10a,candidate-131ba7a362fa9e38a10a,matched,9784088841083,超巡！ 超条先輩 1,standard,true,https://books.rakuten.co.jp/rb/17856922/,2026-08-22,"Exact normalized title, creator overlap, valid ISBN, standard edition, and Rakuten manga genre 001001001008."
rakuten-match-132ce7172750a3b1fa53,candidate-132ce7172750a3b1fa53,matched,9784047273818,ヒナまつり（1）,standard,true,https://books.rakuten.co.jp/rb/11229227/,2026-08-22,"Exact normalized title, creator overlap, valid ISBN, standard edition, and Rakuten manga genre 001001003023."
rakuten-match-136162000044f90dda04,candidate-136162000044f90dda04,matched,9784785970031,踊る千年家族　1,standard,true,https://books.rakuten.co.jp/rb/16815453/,2026-08-22,"Exact normalized title, creator overlap, valid ISBN, standard edition, and Rakuten manga genre 001001003049."
rakuten-match-13ad51c176349c82367c,candidate-13ad51c176349c82367c,matched,9784063841794,我間乱〜GAMARAN〜（1）,standard,true,https://books.rakuten.co.jp/rb/6136140/,2026-08-22,"Exact normalized title, creator overlap, valid ISBN, standard edition, and Rakuten manga genre 001001001006."
rakuten-match-13ed15a0d70ac2b2d0ef,candidate-13ed15a0d70ac2b2d0ef,matched,9784063848021,七つの大罪（1）,standard,true,https://books.rakuten.co.jp/rb/12166124/,2026-08-22,"Exact normalized title, creator overlap, valid ISBN, standard edition, and Rakuten manga genre 001001001006."
rakuten-match-1416d5a9fd062e979aef,candidate-1416d5a9fd062e979aef,matched,9784063765601,はたらく細胞（1）,standard,true,https://books.rakuten.co.jp/rb/13265459/,2026-08-22,"Exact normalized title, creator overlap, valid ISBN, standard edition, and Rakuten manga genre 001001003047."
rakuten-match-14b8108ece1a01311da8,candidate-14b8108ece1a01311da8,matched,9784091227935,鋼鉄の華っ柱（1）,standard,true,https://books.rakuten.co.jp/rb/7000321/,2026-08-22,"Exact normalized title, creator overlap, valid ISBN, standard edition, and Rakuten manga genre 001001001009."
rakuten-match-14e489bf1afd1587c44a,candidate-14e489bf1afd1587c44a,matched,9784091813411,YAWARA！（1）,standard,true,https://books.rakuten.co.jp/rb/366092/,2026-08-22,"Exact normalized title, creator overlap, valid ISBN, standard edition, and Rakuten manga genre 001001003009."
rakuten-match-14fcdce57f7824813075,candidate-14fcdce57f7824813075,matched,9784253206150,てんむす（1）,standard,true,https://books.rakuten.co.jp/rb/11194537/,2026-08-22,"Exact normalized title, creator overlap, valid ISBN, standard edition, and Rakuten manga genre 001001003001/001001001001."
rakuten-match-151b456508f78852b002,candidate-151b456508f78852b002,matched,9784091570697,ヨルムンガンド（1）,standard,true,https://books.rakuten.co.jp/rb/4148972/,2026-08-22,"Exact normalized title, creator overlap, valid ISBN, standard edition, and Rakuten manga genre 001001003039."
rakuten-match-1550d4a52c3fe6d9f94c,candidate-1550d4a52c3fe6d9f94c,matched,9784758053945,ボクラノキセキ（1）,standard,true,https://books.rakuten.co.jp/rb/5952822/,2026-08-22,"Exact normalized title, creator overlap, valid ISBN, standard edition, and Rakuten manga genre 001001002024."
rakuten-match-1563438b7ccf15a48ffe,candidate-1563438b7ccf15a48ffe,matched,9784091241023,モブサイコ100（1）,standard,true,https://books.rakuten.co.jp/rb/11941965/,2026-08-22,"Exact normalized title, creator overlap, valid ISBN, standard edition, and Rakuten manga genre 001001012."
rakuten-match-159ec8fd998859ffac85,candidate-159ec8fd998859ffac85,matched,9784253158732,嫁姑の拳Z（1）,standard,true,https://books.rakuten.co.jp/rb/11536735/,2026-08-22,"Exact normalized title, creator overlap, valid ISBN, standard edition, and Rakuten manga genre 001001012."
rakuten-match-15a7b190d6da8a26652a,candidate-15a7b190d6da8a26652a,matched,9784063758160,みかこさん（1）,standard,true,https://books.rakuten.co.jp/rb/6203042/,2026-08-22,"Exact normalized title, creator overlap, valid ISBN, standard edition, and Rakuten manga genre 001001003004."
rakuten-match-15a975302e37cf28dc95,candidate-15a975302e37cf28dc95,matched,9784065225837,雨と君と（1）,standard,true,https://books.rakuten.co.jp/rb/16595724/,2026-08-22,"Exact normalized title, creator overlap, valid ISBN, standard edition, and Rakuten manga genre 001001012."
rakuten-match-15cd524191c3fb7ce45f,candidate-15cd524191c3fb7ce45f,matched,9784063878905,たくのこ,standard,true,https://books.rakuten.co.jp/rb/12302585/,2026-08-22,"Exact normalized title, creator overlap, valid ISBN, standard edition, and Rakuten manga genre 001001003015."
rakuten-match-15d6508605fbd4a266fc,candidate-15d6508605fbd4a266fc,matched,9784840116626,おまかせ精霊1,standard,true,https://books.rakuten.co.jp/rb/4262048/,2026-08-22,"Exact normalized title, creator overlap, valid ISBN, standard edition, and Rakuten manga genre 001001012."
rakuten-match-15dba4fdb46308ab45d7,candidate-15dba4fdb46308ab45d7,matched,9784088654393,駅から5分（1）,standard,true,https://books.rakuten.co.jp/rb/4969576/,2026-08-22,"Exact normalized title, creator overlap, valid ISBN, standard edition, and Rakuten manga genre 001001002011."
rakuten-match-15e295e52c5c6be6a649,candidate-15e295e52c5c6be6a649,matched,9784088902333,惰性67パーセント 1,standard,true,https://books.rakuten.co.jp/rb/13308337/,2026-08-22,"Exact normalized title, creator overlap, valid ISBN, standard edition, and Rakuten manga genre 001001003005."
rakuten-match-15f3aa6d47edb5852ea6,candidate-15f3aa6d47edb5852ea6,matched,9784088704531,ハイキュー!! 1,standard,true,https://books.rakuten.co.jp/rb/11684455/,2026-08-22,"Exact normalized title, creator overlap, valid ISBN, standard edition, and Rakuten manga genre 001001001008."
rakuten-match-163100a10134c48d2473,candidate-163100a10134c48d2473,matched,9784832232709,一緒に暮らすための約束をいくつか（1）,standard,true,https://books.rakuten.co.jp/rb/11365037/,2026-08-22,"Exact normalized title, creator overlap, valid ISBN, standard edition, and Rakuten manga genre 001001012."
rakuten-match-164ee5ddc6b7fd9b35c0,candidate-164ee5ddc6b7fd9b35c0,matched,9784046843500,のら旅。 好きある所に道はある　01,standard,true,https://books.rakuten.co.jp/rb/18063739/,2026-08-22,"Exact normalized title, creator overlap, valid ISBN, standard edition, and Rakuten manga genre 001001012."
rakuten-match-165669641177ffa78e22,candidate-165669641177ffa78e22,matched,9784047138391,未来日記　（1）,standard,true,https://books.rakuten.co.jp/rb/4091540/,2026-08-22,"Exact normalized title, creator overlap, valid ISBN, standard edition, and Rakuten manga genre 001001003059."
rakuten-match-166485add3d7262afb00,candidate-166485add3d7262afb00,matched,9784091861665,夕空のクライフイズム（1）,standard,true,https://books.rakuten.co.jp/rb/12689856/,2026-08-22,"Exact normalized title, creator overlap, valid ISBN, standard edition, and Rakuten manga genre 001001003009."
rakuten-match-1681d7aeefde0c5c9e5a,candidate-1681d7aeefde0c5c9e5a,matched,9784063823769,ミュージアム（1）,standard,true,https://books.rakuten.co.jp/rb/12504022/,2026-08-22,"Exact normalized title, creator overlap, valid ISBN, standard edition, and Rakuten manga genre 001001003003."
rakuten-match-16b5e5f6698c291257f6,candidate-16b5e5f6698c291257f6,matched,9784088914756,只野工業高校の日常 1,standard,true,https://books.rakuten.co.jp/rb/16168535/,2026-08-22,"Exact normalized title, creator overlap, valid ISBN, standard edition, and Rakuten manga genre 001001003005."
rakuten-match-171b262b7ad72871f795,candidate-171b262b7ad72871f795,matched,9784785934071,ドリフターズ（1）,standard,true,https://books.rakuten.co.jp/rb/6484005/,2026-08-22,"Exact normalized title, creator overlap, valid ISBN, standard edition, and Rakuten manga genre 001001003049/001001003040/001001003017."
rakuten-match-174e7603bb0e71bb62ab,candidate-174e7603bb0e71bb62ab,matched,9784091250155,からかい上手の高木さん 1,standard,true,https://books.rakuten.co.jp/rb/12753325/,2026-08-22,"Exact normalized title, creator overlap, valid ISBN, standard edition, and Rakuten manga genre 001001003048/001001001009."
rakuten-match-17515acc6e90eec79270,candidate-17515acc6e90eec79270,matched,9784757524460,ひぐらしのなく頃に解　祭囃し編（1）,standard,true,https://books.rakuten.co.jp/rb/5925589/,2026-08-22,"Exact normalized title, creator overlap, valid ISBN, standard edition, and Rakuten manga genre 001001003050/001001001002."
rakuten-match-17dd9b35c9688784b5ba,candidate-17dd9b35c9688784b5ba,matched,9784840137942,コジカは正義の味方じゃない（1）,standard,true,https://books.rakuten.co.jp/rb/11130415/,2026-08-22,"Exact normalized title, creator overlap, valid ISBN, standard edition, and Rakuten manga genre 001001003016."
rakuten-match-1806163b95ab496ab1fb,candidate-1806163b95ab496ab1fb,matched,9784088461342,君に届け 3,standard,true,https://books.rakuten.co.jp/rb/4256159/,2026-08-22,"Exact normalized title, creator overlap, valid ISBN, standard edition, and Rakuten manga genre 001001002006."
rakuten-match-188ba092c6195603bb3f,candidate-188ba092c6195603bb3f,matched,9784063729443,つらつらわらじ（1）,standard,true,https://books.rakuten.co.jp/rb/6707522/,2026-08-22,"Exact normalized title, creator overlap, valid ISBN, standard edition, and Rakuten manga genre 001001003004."
rakuten-match-1894215d024b500e5392,candidate-1894215d024b500e5392,matched,9784592145813,当て屋の椿（1）,standard,true,https://books.rakuten.co.jp/rb/5923131/,2026-08-22,"Exact normalized title, creator overlap, valid ISBN, standard edition, and Rakuten manga genre 001001003010."
rakuten-match-18e08fe95968a6537773,candidate-18e08fe95968a6537773,matched,9784592166610,ニラメッコ 1,standard,true,https://books.rakuten.co.jp/rb/16722608/,2026-08-22,"Exact normalized title, creator overlap, valid ISBN, standard edition, and Rakuten manga genre 001001012/001001003010."
rakuten-match-1924e6c313fe8817ad37,candidate-1924e6c313fe8817ad37,matched,9784088466576,プリンシパル（1）,standard,true,https://books.rakuten.co.jp/rb/11154999/,2026-08-22,"Exact normalized title, creator overlap, valid ISBN, standard edition, and Rakuten manga genre 001001002006."
rakuten-match-192cbecc59e9c028142b,candidate-192cbecc59e9c028142b,matched,9784047381070,本なら売るほど 1,standard,true,https://books.rakuten.co.jp/rb/18076203/,2026-08-22,"Exact normalized title, creator overlap, valid ISBN, standard edition, and Rakuten manga genre 001001012."
rakuten-match-196f917715fbb17d4d0f,candidate-196f917715fbb17d4d0f,matched,9784088745770,貧乏神が！（1）,standard,true,https://books.rakuten.co.jp/rb/5890604/,2026-08-22,"Exact normalized title, creator overlap, valid ISBN, standard edition, and Rakuten manga genre 001001001008."
rakuten-match-197089286d30de82f9e9,candidate-197089286d30de82f9e9,matched,9784592224266,多聞くん今どっち!? 1,standard,true,https://books.rakuten.co.jp/rb/16995781/,2026-08-22,"Exact normalized title, creator overlap, valid ISBN, standard edition, and Rakuten manga genre 001001002009."
rakuten-match-19914389b95a96a94e2b,candidate-19914389b95a96a94e2b,matched,9784088841045,グリーングリーングリーンズ 1,standard,true,https://books.rakuten.co.jp/rb/17828933/,2026-08-22,"Exact normalized title, creator overlap, valid ISBN, standard edition, and Rakuten manga genre 001001001008."
rakuten-match-1998a3621df8e8cb4b95,candidate-1998a3621df8e8cb4b95,matched,9784592190813,暁のヨナ 1,standard,true,https://books.rakuten.co.jp/rb/6272839/,2026-08-22,"Exact normalized title, creator overlap, valid ISBN, standard edition, and Rakuten manga genre 001001002009."
rakuten-match-19a26f01512166856a6a,candidate-19a26f01512166856a6a,matched,9784091880017,銀河鉄道999（1）,standard,true,https://books.rakuten.co.jp/rb/880883/,2026-08-22,"Exact normalized title, creator overlap, valid ISBN, standard edition, and Rakuten manga genre 001001003009."
rakuten-match-19b578d0e828242f14f3,candidate-19b578d0e828242f14f3,matched,9784832266193,恋愛ラボ（1）,standard,true,https://books.rakuten.co.jp/rb/5402451/,2026-08-22,"Exact normalized title, creator overlap, valid ISBN, standard edition, and Rakuten manga genre 001001003035."
rakuten-match-19bf120239dd0661fdc0,candidate-19bf120239dd0661fdc0,matched,9784088744636,SKET DANCE（1）,standard,true,https://books.rakuten.co.jp/rb/4969587/,2026-08-22,"Exact normalized title, creator overlap, valid ISBN, standard edition, and Rakuten manga genre 001001001008."
rakuten-match-19c2017b33c07f48634e,candidate-19c2017b33c07f48634e,matched,9784047268685,ふうらい姉妹（第1巻）,standard,true,https://books.rakuten.co.jp/rb/6796833/,2026-08-22,"Exact normalized title, creator overlap, valid ISBN, standard edition, and Rakuten manga genre 001001003023."
rakuten-match-19c3e776eecdbd1e2d8f,candidate-19c3e776eecdbd1e2d8f,matched,9784063767605,ホテルポパン（1）,standard,true,https://books.rakuten.co.jp/rb/12134676/,2026-08-22,"Exact normalized title, creator overlap, valid ISBN, standard edition, and Rakuten manga genre 001001012."
rakuten-match-19f7ccc2693b36d742e4,candidate-19f7ccc2693b36d742e4,matched,9784063870046,グラゼニ（01）,standard,true,https://books.rakuten.co.jp/rb/11169418/,2026-08-22,"Exact normalized title, creator overlap, valid ISBN, standard edition, and Rakuten manga genre 001001003004."
rakuten-match-1a084f8d1e59ba8ed260,candidate-1a084f8d1e59ba8ed260,matched,9784800000026,空想郵便局（1）,standard,true,https://books.rakuten.co.jp/rb/11658804/,2026-08-22,"Exact normalized title, creator overlap, valid ISBN, standard edition, and Rakuten manga genre 001001012."
rakuten-match-1a3c3749e3db82bec0a4,candidate-1a3c3749e3db82bec0a4,matched,9784091833976,さすらいアフロ田中（1）,standard,true,https://books.rakuten.co.jp/rb/6644746/,2026-08-22,"Exact normalized title, creator overlap, valid ISBN, standard edition, and Rakuten manga genre 001001003009."
rakuten-match-1a4f3079592a2bf3e9ab,candidate-1a4f3079592a2bf3e9ab,matched,9784063145564,ACONY（1）,standard,true,https://books.rakuten.co.jp/rb/5996495/,2026-08-22,"Exact normalized title, creator overlap, valid ISBN, standard edition, and Rakuten manga genre 001001003015."
rakuten-match-1a6ad6771865b43c8516,candidate-1a6ad6771865b43c8516,matched,9784785926045,それでも町は廻っている（1）,standard,true,https://books.rakuten.co.jp/rb/3701295/,2026-08-22,"Exact normalized title, creator overlap, valid ISBN, standard edition, and Rakuten manga genre 001001003049."
rakuten-match-1a70124a59d668a19ee9,candidate-1a70124a59d668a19ee9,matched,9784063545173,いぬやしき（1）,standard,true,https://books.rakuten.co.jp/rb/12762091/,2026-08-22,"Exact normalized title, creator overlap, valid ISBN, standard edition, and Rakuten manga genre 001001003021."
rakuten-match-1aaf3b559f7d9c7f85e3,candidate-1aaf3b559f7d9c7f85e3,matched,9784785974480,死後出版　1,standard,true,https://books.rakuten.co.jp/rb/17517038/,2026-08-22,"Exact normalized title, creator overlap, valid ISBN, standard edition, and Rakuten manga genre 001001003049."
rakuten-match-1b3afe12c434a9cf7603,candidate-1b3afe12c434a9cf7603,matched,9784063760231,銀のスプーン（1）,standard,true,https://books.rakuten.co.jp/rb/6946942/,2026-08-22,"Exact normalized title, creator overlap, valid ISBN, standard edition, and Rakuten manga genre 001001012."
rakuten-match-1b7812afe1c1ec2f6d03,candidate-1b7812afe1c1ec2f6d03,matched,9784832274297,マグロちゃんは食べられたい！　1,standard,true,https://books.rakuten.co.jp/rb/17307528/,2026-08-22,"Exact normalized title, creator overlap, valid ISBN, standard edition, and Rakuten manga genre 001001003053/001001003035."
rakuten-match-1b7c4ed54d7761cd242b,candidate-1b7c4ed54d7761cd242b,matched,9784063722802,おかめ日和,standard,true,https://books.rakuten.co.jp/rb/4347827/,2026-08-22,"Exact normalized title, creator overlap, valid ISBN, standard edition, and Rakuten manga genre 001001012."
rakuten-match-1b839a7f7034e313c8d1,candidate-1b839a7f7034e313c8d1,matched,9784757520097,地球へ…（1）,standard,true,https://books.rakuten.co.jp/rb/4334421/,2026-08-22,"Exact normalized title, creator overlap, valid ISBN, standard edition, and Rakuten manga genre 001001003029."
rakuten-match-1b94cd8bacb92576eb36,candidate-1b94cd8bacb92576eb36,matched,9784088463377,イロドリミドリ,standard,true,https://books.rakuten.co.jp/rb/5830246/,2026-08-22,"Exact normalized title, creator overlap, valid ISBN, standard edition, and Rakuten manga genre 001001002006."
rakuten-match-1b9fc6e13c87db1a08c4,candidate-1b9fc6e13c87db1a08c4,matched,9784757541399,高橋さんが聞いている。（1）,standard,true,https://books.rakuten.co.jp/rb/12504442/,2026-08-22,"Exact normalized title, creator overlap, valid ISBN, standard edition, and Rakuten manga genre 001001003050."
rakuten-match-1bce95b6c02673e59bcf,candidate-1bce95b6c02673e59bcf,matched,9784091856883,新黒沢 最強伝説（1),standard,true,https://books.rakuten.co.jp/rb/12504388/,2026-08-22,"Exact normalized title, creator overlap, valid ISBN, standard edition, and Rakuten manga genre 001001003009."
rakuten-match-1bdd89da60157e62d8ae,candidate-1bdd89da60157e62d8ae,matched,9784253205078,ハンザスカイ（1）,standard,true,https://books.rakuten.co.jp/rb/6454232/,2026-08-22,"Exact normalized title, creator overlap, valid ISBN, standard edition, and Rakuten manga genre 001001003001/001001001001."
rakuten-match-1c08e020ca3edbdb268c,candidate-1c08e020ca3edbdb268c,matched,9784088936369,怪しいおまわりさん 1,standard,true,https://books.rakuten.co.jp/rb/18158520/,2026-08-22,"Exact normalized title, creator overlap, valid ISBN, standard edition, and Rakuten manga genre 001001003005."
rakuten-match-1c11c52424ffad601818,candidate-1c11c52424ffad601818,matched,9784582288315,竜女戦記 1,standard,true,https://books.rakuten.co.jp/rb/16280777/,2026-08-22,"Exact normalized title, creator overlap, valid ISBN, standard edition, and Rakuten manga genre 001001012."
rakuten-match-1c1cf67a3118c01ffaad,candidate-1c1cf67a3118c01ffaad,matched,9784091531414,クロサギ（1）,standard,true,https://books.rakuten.co.jp/rb/1660684/,2026-08-22,"Exact normalized title, creator overlap, valid ISBN, standard edition, and Rakuten manga genre 001001003008."
rakuten-match-1c3e79210ad2ec6fe4ff,candidate-1c3e79210ad2ec6fe4ff,matched,9784199804519,モブ子の恋　1,standard,true,https://books.rakuten.co.jp/rb/15116529/,2026-08-22,"Exact normalized title, creator overlap, valid ISBN, standard edition, and Rakuten manga genre 001001003052."
rakuten-match-1c65e693efaeeca02c67,candidate-1c65e693efaeeca02c67,matched,9784088801254,All　You　Need　Is　Kill（1）,standard,true,https://books.rakuten.co.jp/rb/12789988/,2026-08-22,"Exact normalized title, creator overlap, valid ISBN, standard edition, and Rakuten manga genre 001001003005."
rakuten-match-1c78f22da99c77aca86d,candidate-1c78f22da99c77aca86d,matched,9784088902975,プリマックス 1,standard,true,https://books.rakuten.co.jp/rb/13346976/,2026-08-22,"Exact normalized title, creator overlap, valid ISBN, standard edition, and Rakuten manga genre 001001003005."
rakuten-match-1ccf4922ae88d4a273af,candidate-1ccf4922ae88d4a273af,matched,9784065233450,虎鶫　とらつぐみ　-TSUGUMI　PROJECT-（1）,standard,true,https://books.rakuten.co.jp/rb/16728009/,2026-08-22,"Exact normalized title, creator overlap, valid ISBN, standard edition, and Rakuten manga genre 001001003003."
rakuten-match-1cdc6c5cca7c33fafe51,candidate-1cdc6c5cca7c33fafe51,matched,9784199501746,青空にとおく酒浸り（1）,standard,true,https://books.rakuten.co.jp/rb/6414362/,2026-08-22,"Exact normalized title, creator overlap, valid ISBN, standard edition, and Rakuten manga genre 001001012."
rakuten-match-1ce4c2c1010c1442593d,candidate-1ce4c2c1010c1442593d,matched,9784832232624,図書館の主（1）,standard,true,https://books.rakuten.co.jp/rb/11259597/,2026-08-22,"Exact normalized title, creator overlap, valid ISBN, standard edition, and Rakuten manga genre 001001012."
rakuten-match-1cecf966898e6d18439d,candidate-1cecf966898e6d18439d,matched,9784253223010,雨天決行（1）,standard,true,https://books.rakuten.co.jp/rb/12458112/,2026-08-22,"Exact normalized title, creator overlap, valid ISBN, standard edition, and Rakuten manga genre 001001001001."
rakuten-match-1cf7a0bb5f55e0d69b27,candidate-1cf7a0bb5f55e0d69b27,matched,9784091251619,モンキーターン（1）,standard,true,https://books.rakuten.co.jp/rb/862327/,2026-08-22,"Exact normalized title, creator overlap, valid ISBN, standard edition, and Rakuten manga genre 001001001009."
rakuten-match-1d00f523bae2dfe510eb,candidate-1d00f523bae2dfe510eb,matched,9784091411617,おぼっちゃまくん（1）,standard,true,https://books.rakuten.co.jp/rb/717414/,2026-08-22,"Exact normalized title, creator overlap, valid ISBN, standard edition, and Rakuten manga genre 001001001014."
rakuten-match-1d191998612dec7bb5ba,candidate-1d191998612dec7bb5ba,matched,9784063144703,チノミ（1）,standard,true,https://books.rakuten.co.jp/rb/4491113/,2026-08-22,"Exact normalized title, creator overlap, valid ISBN, standard edition, and Rakuten manga genre 001001003015."
rakuten-match-1d447cc9026b530fb53d,candidate-1d447cc9026b530fb53d,matched,9784091251251,だがしかし 1,standard,true,https://books.rakuten.co.jp/rb/12866156/,2026-08-22,"Exact normalized title, creator overlap, valid ISBN, standard edition, and Rakuten manga genre 001001001009."
rakuten-match-1d5a3158e78e639f1973,candidate-1d5a3158e78e639f1973,matched,9784063728644,カレチ（1）,standard,true,https://books.rakuten.co.jp/rb/6264606/,2026-08-22,"Exact normalized title, creator overlap, valid ISBN, standard edition, and Rakuten manga genre 001001003004."
rakuten-match-1d65bce561a9770057a6,candidate-1d65bce561a9770057a6,matched,9784063107203,なにかもちがってますか（1）,standard,true,https://books.rakuten.co.jp/rb/6925850/,2026-08-22,"Exact normalized title, creator overlap, valid ISBN, standard edition, and Rakuten manga genre 001001003015."
rakuten-match-1d7ca9dc1b4e67d8a6bc,candidate-1d7ca9dc1b4e67d8a6bc,matched,9784063878783,三文未来の家庭訪問,standard,true,https://books.rakuten.co.jp/rb/12249220/,2026-08-22,"Exact normalized title, creator overlap, valid ISBN, standard edition, and Rakuten manga genre 001001003015."
rakuten-match-1d9c4fcacb0b35e9fa5a,candidate-1d9c4fcacb0b35e9fa5a,matched,9784091502117,みゆき（1）,standard,true,https://books.rakuten.co.jp/rb/9296290/,2026-08-22,"Exact normalized title, creator overlap, valid ISBN, standard edition, and Rakuten manga genre 001001012."
rakuten-match-1dc5eed44438268f78cd,candidate-1dc5eed44438268f78cd,matched,9784091818812,あすなろ白書（1）,standard,true,https://books.rakuten.co.jp/rb/529489/,2026-08-22,"Exact normalized title, creator overlap, valid ISBN, standard edition, and Rakuten manga genre 001001003009."
rakuten-match-1e247ae03a8ffdd85abf,candidate-1e247ae03a8ffdd85abf,matched,9784758074346,2DK、Gペン、目覚まし時計。（1）,standard,true,https://books.rakuten.co.jp/rb/13239219/,2026-08-22,"Exact normalized title, creator overlap, valid ISBN, standard edition, and Rakuten manga genre 001001003043/001001002025/001001002024/001001002018."
rakuten-match-1e27731b880d0d9012f8,candidate-1e27731b880d0d9012f8,matched,9784091313010,吉祥天女（1）,standard,true,https://books.rakuten.co.jp/rb/741521/,2026-08-22,"Exact normalized title, creator overlap, valid ISBN, standard edition, and Rakuten manga genre 001001004006/001001002008."
rakuten-match-1e508cb5384fdea51776,candidate-1e508cb5384fdea51776,matched,9784048545976,百器徒然袋　鳴釜 薔薇十字探偵の憂鬱,standard,true,https://books.rakuten.co.jp/rb/6946870/,2026-08-22,"Exact normalized title, creator overlap, valid ISBN, standard edition, and Rakuten manga genre 001001012."
rakuten-match-1e9c4852863a22bba058,candidate-1e9c4852863a22bba058,matched,9784063950717,GREEN　WORLDZ（1）,standard,true,https://books.rakuten.co.jp/rb/12724192/,2026-08-22,"Exact normalized title, creator overlap, valid ISBN, standard edition, and Rakuten manga genre 001001001006."
rakuten-match-1ea5908e746ba04ba71b,candidate-1ea5908e746ba04ba71b,matched,9784091828798,水木しげるの遠野物語,standard,true,https://books.rakuten.co.jp/rb/6272716/,2026-08-22,"Exact normalized title, creator overlap, valid ISBN, standard edition, and Rakuten manga genre 001001003009."
rakuten-match-1ec3d48e64b228bb8a92,candidate-1ec3d48e64b228bb8a92,matched,9784091322692,娚の一生（1）,standard,true,https://books.rakuten.co.jp/rb/5979544/,2026-08-22,"Exact normalized title, creator overlap, valid ISBN, standard edition, and Rakuten manga genre 001001004006/001001002008."
rakuten-match-1eea4768a5da9d66bba0,candidate-1eea4768a5da9d66bba0,matched,9784088842479,シバつき物件 1,standard,true,https://books.rakuten.co.jp/rb/17944378/,2026-08-22,"Exact normalized title, creator overlap, valid ISBN, standard edition, and Rakuten manga genre 001001001008."
rakuten-match-1ef69d214afe688be73e,candidate-1ef69d214afe688be73e,matched,9784065138816,赫のグリモア（1）,standard,true,https://books.rakuten.co.jp/rb/15771515/,2026-08-22,"Exact normalized title, creator overlap, valid ISBN, standard edition, and Rakuten manga genre 001001001006."
rakuten-match-1efafafe54ce39bcb83e,candidate-1efafafe54ce39bcb83e,matched,9784840122597,総天然色乙女組1,standard,true,https://books.rakuten.co.jp/rb/5821300/,2026-08-22,"Exact normalized title, creator overlap, valid ISBN, standard edition, and Rakuten manga genre 001001012."
rakuten-match-1f2ba6ab6be1c8af18ad,candidate-1f2ba6ab6be1c8af18ad,matched,9784088655611,ウランバナ,standard,true,https://books.rakuten.co.jp/rb/6199884/,2026-08-22,"Exact normalized title, creator overlap, valid ISBN, standard edition, and Rakuten manga genre 001001002011."
rakuten-match-1f853c16f6cebca63ffc,candidate-1f853c16f6cebca63ffc,matched,9784592191711,学園ベビーシッターズ,standard,true,https://books.rakuten.co.jp/rb/6418589/,2026-08-22,"Exact normalized title, creator overlap, valid ISBN, standard edition, and Rakuten manga genre 001001002009."
rakuten-match-1f9cbf84ad0fd7f3897e,candidate-1f9cbf84ad0fd7f3897e,matched,9784575944167,きょうのスー（1）,standard,true,https://books.rakuten.co.jp/rb/12813259/,2026-08-22,"Exact normalized title, creator overlap, valid ISBN, standard edition, and Rakuten manga genre 001001003026."
rakuten-match-1f9db2fd8a4963e67e18,candidate-1f9db2fd8a4963e67e18,matched,9784065134009,ブルーロック（1）,standard,true,https://books.rakuten.co.jp/rb/15584172/,2026-08-22,"Exact normalized title, creator overlap, valid ISBN, standard edition, and Rakuten manga genre 001001001006."
rakuten-match-1fa5f2e567aa75de030a,candidate-1fa5f2e567aa75de030a,matched,9784091825780,バンビ〜ノ！　SECONDO（1）,standard,true,https://books.rakuten.co.jp/rb/6138907/,2026-08-22,"Exact normalized title, creator overlap, valid ISBN, standard edition, and Rakuten manga genre 001001003009."
rakuten-match-1fc2f51ba7317524f8ab,candidate-1fc2f51ba7317524f8ab,matched,9784592210412,水玉ハニーボーイ（1）,standard,true,https://books.rakuten.co.jp/rb/12961665/,2026-08-22,"Exact normalized title, creator overlap, valid ISBN, standard edition, and Rakuten manga genre 001001002009."
rakuten-match-1fc61ddbeb429b4a2c15,candidate-1fc61ddbeb429b4a2c15,matched,9784047298804,エマ　1,standard,true,https://books.rakuten.co.jp/rb/12869076/,2026-08-22,"Exact normalized title, creator overlap, valid ISBN, standard edition, and Rakuten manga genre 001001012."
rakuten-match-1fd6cc14c3fd93aa26c0,candidate-1fd6cc14c3fd93aa26c0,matched,9784832270763,スローループ　1,standard,true,https://books.rakuten.co.jp/rb/15781483/,2026-08-22,"Exact normalized title, creator overlap, valid ISBN, standard edition, and Rakuten manga genre 001001003053/001001003035."
rakuten-match-1ff116a3c975bfb50a03,candidate-1ff116a3c975bfb50a03,matched,9784091818614,家族の食卓（1）,standard,true,https://books.rakuten.co.jp/rb/468636/,2026-08-22,"Exact normalized title, creator overlap, valid ISBN, standard edition, and Rakuten manga genre 001001003009."
rakuten-match-200fa8832525f3437678,candidate-200fa8832525f3437678,matched,9784812483459,ラジ娘のひみつ（1）,standard,true,https://books.rakuten.co.jp/rb/12346224/,2026-08-22,"Exact normalized title, creator overlap, valid ISBN, standard edition, and Rakuten manga genre 001001003044."
rakuten-match-202aaafe7b597ec4e0dd,candidate-202aaafe7b597ec4e0dd,matched,9784088798837,リクドウ（1）,standard,true,https://books.rakuten.co.jp/rb/12866121/,2026-08-22,"Exact normalized title, creator overlap, valid ISBN, standard edition, and Rakuten manga genre 001001003005."
rakuten-match-203805efecbbb35375c7,candidate-203805efecbbb35375c7,matched,9784091807977,蔵人（1）,standard,true,https://books.rakuten.co.jp/rb/4125084/,2026-08-22,"Exact normalized title, creator overlap, valid ISBN, standard edition, and Rakuten manga genre 001001003009."
rakuten-match-205e576ef057e3aed1ab,candidate-205e576ef057e3aed1ab,matched,9784091316707,坂道のアポロン（1）,standard,true,https://books.rakuten.co.jp/rb/5547038/,2026-08-22,"Exact normalized title, creator overlap, valid ISBN, standard edition, and Rakuten manga genre 001001004006/001001002008."
rakuten-match-207bb1ca28b7472fbe1d,candidate-207bb1ca28b7472fbe1d,matched,9784091206312,六三四の剣（1）,standard,true,https://books.rakuten.co.jp/rb/376378/,2026-08-22,"Exact normalized title, creator overlap, valid ISBN, standard edition, and Rakuten manga genre 001001001009."
rakuten-match-209ff48c0b011c1f2ce1,candidate-209ff48c0b011c1f2ce1,matched,9784063872804,異法人（1）,standard,true,https://books.rakuten.co.jp/rb/12562430/,2026-08-22,"Exact normalized title, creator overlap, valid ISBN, standard edition, and Rakuten manga genre 001001003004."
rakuten-match-20a897f43b8dc9ecab2a,candidate-20a897f43b8dc9ecab2a,matched,9784088826165,高校生家族 1,standard,true,https://books.rakuten.co.jp/rb/16587615/,2026-08-22,"Exact normalized title, creator overlap, valid ISBN, standard edition, and Rakuten manga genre 001001001008."
rakuten-match-20cc795ddb729a1e2b53,candidate-20cc795ddb729a1e2b53,matched,9784047295476,五色の舟,standard,true,https://books.rakuten.co.jp/rb/12663246/,2026-08-22,"Exact normalized title, creator overlap, valid ISBN, standard edition, and Rakuten manga genre 001001003023."
rakuten-match-213e1ded93227144f197,candidate-213e1ded93227144f197,matched,9784778322342,春風のスネグラチカ,standard,true,https://books.rakuten.co.jp/rb/12818880/,2026-08-22,"Exact normalized title, creator overlap, valid ISBN, standard edition, and Rakuten manga genre 001001012."
rakuten-match-2141b420eca4795b6772,candidate-2141b420eca4795b6772,matched,9784063872552,デビルズライン（1）,standard,true,https://books.rakuten.co.jp/rb/12439726/,2026-08-22,"Exact normalized title, creator overlap, valid ISBN, standard edition, and Rakuten manga genre 001001003004."
rakuten-match-215b6936b93e452bb61e,candidate-215b6936b93e452bb61e,matched,9784575839364,ミュジコフィリア（1）,standard,true,https://books.rakuten.co.jp/rb/11229571/,2026-08-22,"Exact normalized title, creator overlap, valid ISBN, standard edition, and Rakuten manga genre 001001003026."
rakuten-match-21e8dd86e844f3e1b82d,candidate-21e8dd86e844f3e1b82d,matched,9784757556348,ジャヒー様はくじけない！（1）,standard,true,https://books.rakuten.co.jp/rb/15299372/,2026-08-22,"Exact normalized title, creator overlap, valid ISBN, standard edition, and Rakuten manga genre 001001003050."
rakuten-match-21ef61123c16dfe94c5e,candidate-21ef61123c16dfe94c5e,matched,9784575830408,モリのアサガオ（1）,standard,true,https://books.rakuten.co.jp/rb/1739602/,2026-08-22,"Exact normalized title, creator overlap, valid ISBN, standard edition, and Rakuten manga genre 001001003026."
rakuten-match-220bc5323243498f36eb,candidate-220bc5323243498f36eb,matched,9784832263826,らいか・デイズ（1）,standard,true,https://books.rakuten.co.jp/rb/1769701/,2026-08-22,"Exact normalized title, creator overlap, valid ISBN, standard edition, and Rakuten manga genre 001001003035."
rakuten-match-222504590507d3ab8093,candidate-222504590507d3ab8093,matched,9784047355170,王様ランキング　1,standard,true,https://books.rakuten.co.jp/rb/15721579/,2026-08-22,"Exact normalized title, creator overlap, valid ISBN, standard edition, and Rakuten manga genre 001001003023."
rakuten-match-22265a6ee16f051d542e,candidate-22265a6ee16f051d542e,matched,9784088704548,ニセコイ（1）,standard,true,https://books.rakuten.co.jp/rb/11658519/,2026-08-22,"Exact normalized title, creator overlap, valid ISBN, standard edition, and Rakuten manga genre 001001001008."
rakuten-match-224f24e5f46be902b73b,candidate-224f24e5f46be902b73b,matched,9784047250321,壬生義士伝（1）,standard,true,https://books.rakuten.co.jp/rb/5497888/,2026-08-22,"Exact normalized title, creator overlap, valid ISBN, standard edition, and Rakuten manga genre 001001012."
rakuten-match-22742bf90f4b1ec39114,candidate-22742bf90f4b1ec39114,matched,9784253229517,声がだせない少女は「彼女が優しすぎる」と思っている 1,standard,true,https://books.rakuten.co.jp/rb/16324733/,2026-08-22,"Exact normalized title, creator overlap, valid ISBN, standard edition, and Rakuten manga genre 001001001001."
rakuten-match-227d0d4cca68de57b124,candidate-227d0d4cca68de57b124,matched,9784199501340,第七女子会彷徨（1）,standard,true,https://books.rakuten.co.jp/rb/6098922/,2026-08-22,"Exact normalized title, creator overlap, valid ISBN, standard edition, and Rakuten manga genre 001001012."
rakuten-match-22863722e753645cf08e,candidate-22863722e753645cf08e,matched,9784091352026,さよならソルシエ（1）,standard,true,https://books.rakuten.co.jp/rb/12270906/,2026-08-22,"Exact normalized title, creator overlap, valid ISBN, standard edition, and Rakuten manga genre 001001004006/001001002008."
rakuten-match-22997668db5d66d5034c,candidate-22997668db5d66d5034c,matched,9784575853001,古代戦士ハニワット（1）,standard,true,https://books.rakuten.co.jp/rb/15829413/,2026-08-22,"Exact normalized title, creator overlap, valid ISBN, standard edition, and Rakuten manga genre 001001003026."
rakuten-match-22baa3338ea7eb109eb0,candidate-22baa3338ea7eb109eb0,matched,9784832272132,観音寺睡蓮の苦悩　1,standard,true,https://books.rakuten.co.jp/rb/16387537/,2026-08-22,"Exact normalized title, creator overlap, valid ISBN, standard edition, and Rakuten manga genre 001001003053/001001003035."
rakuten-match-23077ad33a2066bef5a6,candidate-23077ad33a2066bef5a6,matched,9784091885579,Sunny（1）,standard,true,https://books.rakuten.co.jp/rb/11338500/,2026-08-22,"Exact normalized title, creator overlap, valid ISBN, standard edition, and Rakuten manga genre 001001003041."
rakuten-match-230c01be9d63e7621b25,candidate-230c01be9d63e7621b25,matched,9784065118979,あの人の胃には僕が足りない（1）,standard,true,https://books.rakuten.co.jp/rb/15499391/,2026-08-22,"Exact normalized title, creator overlap, valid ISBN, standard edition, and Rakuten manga genre 001001003004."
rakuten-match-2356050c72240569e1c5,candidate-2356050c72240569e1c5,matched,9784091885791,すみれファンファーレ（1）,standard,true,https://books.rakuten.co.jp/rb/11536708/,2026-08-22,"Exact normalized title, creator overlap, valid ISBN, standard edition, and Rakuten manga genre 001001003041."
rakuten-match-23851cd7ccf1d0c676cc,candidate-23851cd7ccf1d0c676cc,matched,9784088825250,怪獣8号 1,standard,true,https://books.rakuten.co.jp/rb/16503594/,2026-08-22,"Exact normalized title, creator overlap, valid ISBN, standard edition, and Rakuten manga genre 001001001008."
rakuten-match-238c04ae3a3a61451078,candidate-238c04ae3a3a61451078,matched,9784757529083,リューシカ・リューシカ（1）,standard,true,https://books.rakuten.co.jp/rb/6483933/,2026-08-22,"Exact normalized title, creator overlap, valid ISBN, standard edition, and Rakuten manga genre 001001001002."
rakuten-match-23950c7ba1f06f7c7d79,candidate-23950c7ba1f06f7c7d79,matched,9784065151730,デキる猫は今日も憂鬱（1）,standard,true,https://books.rakuten.co.jp/rb/15851479/,2026-08-22,"Exact normalized title, creator overlap, valid ISBN, standard edition, and Rakuten manga genre 001001012."
rakuten-match-239ae23df7c9bf5bcb8d,candidate-239ae23df7c9bf5bcb8d,matched,9784832277953,背伸びして情熱,standard,true,https://books.rakuten.co.jp/rb/6025371/,2026-08-22,"Exact normalized title, creator overlap, valid ISBN, standard edition, and Rakuten manga genre 001001003053."
rakuten-match-23a842306a70ec170a97,candidate-23a842306a70ec170a97,matched,9784800012272,河畔の街のセリーヌ（1）,standard,true,https://books.rakuten.co.jp/rb/17180684/,2026-08-22,"Exact normalized title, creator overlap, valid ISBN, standard edition, and Rakuten manga genre 001001012/001001003058."
rakuten-match-23c38bf18af4e16b42be,candidate-23c38bf18af4e16b42be,matched,9784758033602,神クズ☆アイドル（1）,standard,true,https://books.rakuten.co.jp/rb/15483964/,2026-08-22,"Exact normalized title, creator overlap, valid ISBN, standard edition, and Rakuten manga genre 001001002024."
rakuten-match-23fd39ffc819ea11b8a7,candidate-23fd39ffc819ea11b8a7,matched,9784088793108,予告犯（1）,standard,true,https://books.rakuten.co.jp/rb/11604011/,2026-08-22,"Exact normalized title, creator overlap, valid ISBN, standard edition, and Rakuten manga genre 001001003005."
rakuten-match-2406b2ca910adb6c1d73,candidate-2406b2ca910adb6c1d73,matched,9784088913360,可愛そうにね、元気くん 1,standard,true,https://books.rakuten.co.jp/rb/15957288/,2026-08-22,"Exact normalized title, creator overlap, valid ISBN, standard edition, and Rakuten manga genre 001001003005."
rakuten-match-24bb011dccc8c1dd20ce,candidate-24bb011dccc8c1dd20ce,matched,9784861276422,あまんちゅ！（1）,standard,true,https://books.rakuten.co.jp/rb/6133494/,2026-08-22,"Exact normalized title, creator overlap, valid ISBN, standard edition, and Rakuten manga genre 001001003058."
rakuten-match-24d8a688476d333c7300,candidate-24d8a688476d333c7300,matched,9784063522648,オールラウンダー廻（1）,standard,true,https://books.rakuten.co.jp/rb/6030788/,2026-08-22,"Exact normalized title, creator overlap, valid ISBN, standard edition, and Rakuten manga genre 001001003021."
rakuten-match-24de0c652b25b9f56125,candidate-24de0c652b25b9f56125,matched,9784832276208,ふおんコネクト！（1）,standard,true,https://books.rakuten.co.jp/rb/4298395/,2026-08-22,"Exact normalized title, creator overlap, valid ISBN, standard edition, and Rakuten manga genre 001001003053/001001003035."
rakuten-match-24e49de317a49e2761f1,candidate-24e49de317a49e2761f1,matched,9784088794709,魔王様ちょっとそれとって!! 1,standard,true,https://books.rakuten.co.jp/rb/11936304/,2026-08-22,"Exact normalized title, creator overlap, valid ISBN, standard edition, and Rakuten manga genre 001001003005."
rakuten-match-253f5626d3ce094fb544,candidate-253f5626d3ce094fb544,matched,9784088938264,おさななななじみ 1,standard,true,https://books.rakuten.co.jp/rb/18420497/,2026-08-22,"Exact normalized title, creator overlap, valid ISBN, standard edition, and Rakuten manga genre 001001003005."
rakuten-match-256eeb839e052e0b24c4,candidate-256eeb839e052e0b24c4,matched,9784065290866,生徒会にも穴はある！（1）,standard,true,https://books.rakuten.co.jp/rb/17183499/,2026-08-22,"Exact normalized title, creator overlap, valid ISBN, standard edition, and Rakuten manga genre 001001012."
rakuten-match-2582309550646b0b4f82,candidate-2582309550646b0b4f82,matched,9784091832351,7人のシェイクスピア（1）,standard,true,https://books.rakuten.co.jp/rb/6454196/,2026-08-22,"Exact normalized title, creator overlap, valid ISBN, standard edition, and Rakuten manga genre 001001003009."
rakuten-match-25c44bf9036baf7168e3,candidate-25c44bf9036baf7168e3,matched,9784063763836,ベアゲルター（1）,standard,true,https://books.rakuten.co.jp/rb/12166095/,2026-08-22,"Exact normalized title, creator overlap, valid ISBN, standard edition, and Rakuten manga genre 001001003047."
rakuten-match-25f4d6c9c2735279f479,candidate-25f4d6c9c2735279f479,matched,9784098540150,界変の魔法使い（1）,standard,true,https://books.rakuten.co.jp/rb/18114334/,2026-08-22,"Exact normalized title, creator overlap, valid ISBN, standard edition, and Rakuten manga genre 001001001009."
rakuten-match-2622d7788c42f875f7eb,candidate-2622d7788c42f875f7eb,matched,9784575941616,夜、海へ還るバス,standard,true,https://books.rakuten.co.jp/rb/5561991/,2026-08-22,"Exact normalized title, creator overlap, valid ISBN, standard edition, and Rakuten manga genre 001001003026."
rakuten-match-268121469703c73b00d7,candidate-268121469703c73b00d7,matched,9784063805840,王国の子（1）,standard,true,https://books.rakuten.co.jp/rb/11771403/,2026-08-22,"Exact normalized title, creator overlap, valid ISBN, standard edition, and Rakuten manga genre 001001012."
rakuten-match-268e1fa3599955359969,candidate-268e1fa3599955359969,matched,9784088840192,ふつうの軽音部 1,standard,true,https://books.rakuten.co.jp/rb/17793418/,2026-08-22,"Exact normalized title, creator overlap, valid ISBN, standard edition, and Rakuten manga genre 001001001008."
rakuten-match-26e7c545d71636545e18,candidate-26e7c545d71636545e18,matched,9784063872460,ギャングース（1）,standard,true,https://books.rakuten.co.jp/rb/12418816/,2026-08-22,"Exact normalized title, creator overlap, valid ISBN, standard edition, and Rakuten manga genre 001001003004."
rakuten-match-27d993f99ff7042b5338,candidate-27d993f99ff7042b5338,matched,9784065133422,あせとせっけん（1）,standard,true,https://books.rakuten.co.jp/rb/15620757/,2026-08-22,"Exact normalized title, creator overlap, valid ISBN, standard edition, and Rakuten manga genre 001001003004."
rakuten-match-28102756d9fe31e97bf9,candidate-28102756d9fe31e97bf9,matched,9784758025829,小春と湊 わたしのパートナーは女の子,standard,true,https://books.rakuten.co.jp/rb/17514398/,2026-08-22,"Exact normalized title, creator overlap, valid ISBN, standard edition, and Rakuten manga genre 001001002025."
rakuten-match-28663a81f12fb90640d8,candidate-28663a81f12fb90640d8,matched,9784803003437,ヤマノススメ（volume1）,standard,true,https://books.rakuten.co.jp/rb/11684884/,2026-08-22,"Exact normalized title, creator overlap, valid ISBN, standard edition, and Rakuten manga genre 001001012."
rakuten-match-288350bffa05c3bc10da,candidate-288350bffa05c3bc10da,matched,9784063774856,かくしごと（1）,standard,true,https://books.rakuten.co.jp/rb/14264735/,2026-08-22,"Exact normalized title, creator overlap, valid ISBN, standard edition, and Rakuten manga genre 001001012."
rakuten-match-2886a7f0a3e225ea8c9d,candidate-2886a7f0a3e225ea8c9d,matched,9784253296618,今朝も揺られてます　1,standard,true,https://books.rakuten.co.jp/rb/17928938/,2026-08-22,"Exact normalized title, creator overlap, valid ISBN, standard edition, and Rakuten manga genre 001001001001."
rakuten-match-28defed571261aa35b6d,candidate-28defed571261aa35b6d,matched,9784757538870,クズの本懐（1）,standard,true,https://books.rakuten.co.jp/rb/12166449/,2026-08-22,"Exact normalized title, creator overlap, valid ISBN, standard edition, and Rakuten manga genre 001001001002."
rakuten-match-28ef0b4d0776d2168158,candidate-28ef0b4d0776d2168158,matched,9784088816746,こじらせ百鬼ドマイナー 1,standard,true,https://books.rakuten.co.jp/rb/15681713/,2026-08-22,"Exact normalized title, creator overlap, valid ISBN, standard edition, and Rakuten manga genre 001001001008."
rakuten-match-28ffbc90daf057b04687,candidate-28ffbc90daf057b04687,matched,9784040643427,僕の妻は感情がない 01,standard,true,https://books.rakuten.co.jp/rb/16179042/,2026-08-22,"Exact normalized title, creator overlap, valid ISBN, standard edition, and Rakuten manga genre 001001012."
rakuten-match-2922260bc2a45296514e,candidate-2922260bc2a45296514e,matched,9784065154830,ワンダンス（1）,standard,true,https://books.rakuten.co.jp/rb/15889076/,2026-08-22,"Exact normalized title, creator overlap, valid ISBN, standard edition, and Rakuten manga genre 001001003015."
rakuten-match-296978e57b2f8f5810b3,candidate-296978e57b2f8f5810b3,matched,9784797354164,以下略,standard,true,https://books.rakuten.co.jp/rb/6052309/,2026-08-22,"Exact normalized title, creator overlap, valid ISBN, standard edition, and Rakuten manga genre 001001012."
rakuten-match-29806fe5f9633b940747,candidate-29806fe5f9633b940747,matched,9784088705965,暗殺教室 1,standard,true,https://books.rakuten.co.jp/rb/11941886/,2026-08-22,"Exact normalized title, creator overlap, valid ISBN, standard edition, and Rakuten manga genre 001001001008."
rakuten-match-2992c74ee206f4464282,candidate-2992c74ee206f4464282,matched,9784065259283,まじめな会社員（1）,standard,true,https://books.rakuten.co.jp/rb/16953956/,2026-08-22,"Exact normalized title, creator overlap, valid ISBN, standard edition, and Rakuten manga genre 001001003004."
rakuten-match-29d4300ad9d3358fb67a,candidate-29d4300ad9d3358fb67a,matched,9784063761597,外天楼,standard,true,https://books.rakuten.co.jp/rb/11378102/,2026-08-22,"Exact normalized title, creator overlap, valid ISBN, standard edition, and Rakuten manga genre 001001012."
rakuten-match-2a73da617f89ddbe502d,candidate-2a73da617f89ddbe502d,matched,9784757532410,（＋）チック姉さん（1）,standard,true,https://books.rakuten.co.jp/rb/11155191/,2026-08-22,"Exact normalized title, creator overlap, valid ISBN, standard edition, and Rakuten manga genre 001001003018."
rakuten-match-2aa625102f57ef93a165,candidate-2aa625102f57ef93a165,matched,9784088467993,あるいとう（1）,standard,true,https://books.rakuten.co.jp/rb/11742615/,2026-08-22,"Exact normalized title, creator overlap, valid ISBN, standard edition, and Rakuten manga genre 001001002006."
rakuten-match-2aded24fd8a309ef5d2f,candidate-2aded24fd8a309ef5d2f,matched,9784091418630,おれは男だ！くにおくん（3）,standard,true,https://books.rakuten.co.jp/rb/591518/,2026-08-22,"Exact normalized title, creator overlap, valid ISBN, standard edition, and Rakuten manga genre 001001001014."
rakuten-match-2ae7ce31d011e7b3a810,candidate-2ae7ce31d011e7b3a810,matched,9784199502439,クレープを二度食えば,standard,true,https://books.rakuten.co.jp/rb/11124030/,2026-08-22,"Exact normalized title, creator overlap, valid ISBN, standard edition, and Rakuten manga genre 001001012."
rakuten-match-2af687c49ad9b5758f0f,candidate-2af687c49ad9b5758f0f,matched,9784592166818,勇気あるものより散れ 1,standard,true,https://books.rakuten.co.jp/rb/16779702/,2026-08-22,"Exact normalized title, creator overlap, valid ISBN, standard edition, and Rakuten manga genre 001001012/001001003010."
rakuten-match-2b3823cbc20430e066f6,candidate-2b3823cbc20430e066f6,matched,9784091512185,おやすみプンプン（1）,standard,true,https://books.rakuten.co.jp/rb/4449827/,2026-08-22,"Exact normalized title, creator overlap, valid ISBN, standard edition, and Rakuten manga genre 001001003008."
rakuten-match-2b94b6742ee16e29f5d3,candidate-2b94b6742ee16e29f5d3,matched,9784063883596,ハルロック（1）,standard,true,https://books.rakuten.co.jp/rb/12831614/,2026-08-22,"Exact normalized title, creator overlap, valid ISBN, standard edition, and Rakuten manga genre 001001003004."
rakuten-match-2be107f48f7bea02034e,candidate-2be107f48f7bea02034e,matched,9784812467084,ゆるめいつ（1）,standard,true,https://books.rakuten.co.jp/rb/4444420/,2026-08-22,"Exact normalized title, creator overlap, valid ISBN, standard edition, and Rakuten manga genre 001001003044."
rakuten-match-2be5ce3ac89139bd4cdb,candidate-2be5ce3ac89139bd4cdb,matched,9784088838199,カグラバチ 1,standard,true,https://books.rakuten.co.jp/rb/17739137/,2026-08-22,"Exact normalized title, creator overlap, valid ISBN, standard edition, and Rakuten manga genre 001001001008."
rakuten-match-2bf90cde47b156d1acb6,candidate-2bf90cde47b156d1acb6,matched,9784812483800,メイドインアビス（1）,standard,true,https://books.rakuten.co.jp/rb/12346255/,2026-08-22,"Exact normalized title, creator overlap, valid ISBN, standard edition, and Rakuten manga genre 001001003044."
rakuten-match-2c46bb51f0e0acb08032,candidate-2c46bb51f0e0acb08032,matched,9784040682389,殺し愛1,standard,true,https://books.rakuten.co.jp/rb/13783093/,2026-08-22,"Exact normalized title, creator overlap, valid ISBN, standard edition, and Rakuten manga genre 001001012."
rakuten-match-2c4fe00df5255fc082f9,candidate-2c4fe00df5255fc082f9,matched,9784864683043,ヒーローカンパニー（1）,standard,true,https://books.rakuten.co.jp/rb/11842652/,2026-08-22,"Exact normalized title, creator overlap, valid ISBN, standard edition, and Rakuten manga genre 001001012."
rakuten-match-2ca9296a0a38d5df250a,candidate-2ca9296a0a38d5df250a,matched,9784048654326,やがて君になる(1),standard,true,https://books.rakuten.co.jp/rb/13417044/,2026-08-22,"Exact normalized title, creator overlap, valid ISBN, standard edition, and Rakuten manga genre 001001003046."
rakuten-match-2ce2dc417dca4bc939fa,candidate-2ce2dc417dca4bc939fa,matched,9784757553538,イノセントデビル（1）,standard,true,https://books.rakuten.co.jp/rb/14895442/,2026-08-22,"Exact normalized title, creator overlap, valid ISBN, standard edition, and Rakuten manga genre 001001003050."
rakuten-match-2d1408ff9b83acc27724,candidate-2d1408ff9b83acc27724,matched,9784575833256,極道めし（1）,standard,true,https://books.rakuten.co.jp/rb/4287339/,2026-08-22,"Exact normalized title, creator overlap, valid ISBN, standard edition, and Rakuten manga genre 001001003026."
rakuten-match-2d385ad0525742330e70,candidate-2d385ad0525742330e70,matched,9784065344231,ねずみの初恋（1）,standard,true,https://books.rakuten.co.jp/rb/17695666/,2026-08-22,"Exact normalized title, creator overlap, valid ISBN, standard edition, and Rakuten manga genre 001001003003."
rakuten-match-2d87d6ab4eb3b879e39e,candidate-2d87d6ab4eb3b879e39e,matched,9784063879902,ぐらんぶる（1）,standard,true,https://books.rakuten.co.jp/rb/12961330/,2026-08-22,"Exact normalized title, creator overlap, valid ISBN, standard edition, and Rakuten manga genre 001001003015."
rakuten-match-2d99fb3c7efc4377b312,candidate-2d99fb3c7efc4377b312,matched,9784063959048,将来的に死んでくれ（1）,standard,true,https://books.rakuten.co.jp/rb/14769640/,2026-08-22,"Exact normalized title, creator overlap, valid ISBN, standard edition, and Rakuten manga genre 001001001006."
rakuten-match-2dbe24f60dff41c46619,candidate-2dbe24f60dff41c46619,matched,9784063730784,ゆうやみ特攻隊（1）,standard,true,https://books.rakuten.co.jp/rb/4424351/,2026-08-22,"Exact normalized title, creator overlap, valid ISBN, standard edition, and Rakuten manga genre 001001003047."
rakuten-match-2df743e085adef5e9bd3,candidate-2df743e085adef5e9bd3,matched,9784088836867,キルアオ 1,standard,true,https://books.rakuten.co.jp/rb/17577205/,2026-08-22,"Exact normalized title, creator overlap, valid ISBN, standard edition, and Rakuten manga genre 001001001008."
rakuten-match-2e2e54a255eda38f89c2,candidate-2e2e54a255eda38f89c2,matched,9784845851829,サザンと彗星の少女　上,standard,true,https://books.rakuten.co.jp/rb/15371844/,2026-08-22,"Exact normalized title, creator overlap, valid ISBN, standard edition, and Rakuten manga genre 001001012."
rakuten-match-2ed2c94fe3de948be954,candidate-2ed2c94fe3de948be954,matched,9784088822624,カワイスギクライシス 1,standard,true,https://books.rakuten.co.jp/rb/16234549/,2026-08-22,"Exact normalized title, creator overlap, valid ISBN, standard edition, and Rakuten manga genre 001001001008."
rakuten-match-2f1caacde7e8573146ef,candidate-2f1caacde7e8573146ef,matched,9784575839531,けずり武士（1）,standard,true,https://books.rakuten.co.jp/rb/11259394/,2026-08-22,"Exact normalized title, creator overlap, valid ISBN, standard edition, and Rakuten manga genre 001001003026."
rakuten-match-2f1d1c3ad0f943f1562f,candidate-2f1d1c3ad0f943f1562f,matched,9784098531820,尾守つみきと奇日常。（1）,standard,true,https://books.rakuten.co.jp/rb/17770015/,2026-08-22,"Exact normalized title, creator overlap, valid ISBN, standard edition, and Rakuten manga genre 001001001009."
rakuten-match-2f39795212f5ad8db155,candidate-2f39795212f5ad8db155,matched,9784091835413,あずみ（1）,standard,true,https://books.rakuten.co.jp/rb/705871/,2026-08-22,"Exact normalized title, creator overlap, valid ISBN, standard edition, and Rakuten manga genre 001001003009."
rakuten-match-2f3c0cad1abdcbf5de00,candidate-2f3c0cad1abdcbf5de00,matched,9784063409116,逃げるは恥だが役に立つ（1）,standard,true,https://books.rakuten.co.jp/rb/12323150/,2026-08-22,"Exact normalized title, creator overlap, valid ISBN, standard edition, and Rakuten manga genre 001001002005."
rakuten-match-2f6ab113628039681849,candidate-2f6ab113628039681849,matched,9784107716255,GANGSTA．（1）,standard,true,https://books.rakuten.co.jp/rb/11229475/,2026-08-22,"Exact normalized title, creator overlap, valid ISBN, standard edition, and Rakuten manga genre 001001003022."
rakuten-match-2f799932ece28aa8c553,candidate-2f799932ece28aa8c553,matched,9784832277946,ゆゆ式（1）,standard,true,https://books.rakuten.co.jp/rb/5996868/,2026-08-22,"Exact normalized title, creator overlap, valid ISBN, standard edition, and Rakuten manga genre 001001003053/001001003035."
rakuten-match-2f8f8ff0e042ac2e2f02,candidate-2f8f8ff0e042ac2e2f02,matched,9784047301535,ダンジョン飯（1）,standard,true,https://books.rakuten.co.jp/rb/13086375/,2026-08-22,"Exact normalized title, creator overlap, valid ISBN, standard edition, and Rakuten manga genre 001001012."
rakuten-match-2f96453b568685326a51,candidate-2f96453b568685326a51,matched,9784088675664,初×婚 1,standard,true,https://books.rakuten.co.jp/rb/16023455/,2026-08-22,"Exact normalized title, creator overlap, valid ISBN, standard edition, and Rakuten manga genre 001001002007."
rakuten-match-2fb1efb7a8cb7dfd9530,candidate-2fb1efb7a8cb7dfd9530,matched,9784088654331,ラウンダバウト（1）,standard,true,https://books.rakuten.co.jp/rb/4514397/,2026-08-22,"Exact normalized title, creator overlap, valid ISBN, standard edition, and Rakuten manga genre 001001002011."
rakuten-match-2fd3c6ab4b6d12491068,candidate-2fd3c6ab4b6d12491068,matched,9784592216650,フラレガール 1,standard,true,https://books.rakuten.co.jp/rb/15540156/,2026-08-22,"Exact normalized title, creator overlap, valid ISBN, standard edition, and Rakuten manga genre 001001002009."
rakuten-match-303d0a9d67a606a817af,candidate-303d0a9d67a606a817af,matched,9784091830210,ギャラリーフェイク 1,standard,true,https://books.rakuten.co.jp/rb/549696/,2026-08-22,"Exact normalized title, creator overlap, valid ISBN, standard edition, and Rakuten manga genre 001001003009."
rakuten-match-3080de07cac432363d5b,candidate-3080de07cac432363d5b,matched,9784778321079,関根くんの恋（1）,standard,true,https://books.rakuten.co.jp/rb/6385014/,2026-08-22,"Exact normalized title, creator overlap, valid ISBN, standard edition, and Rakuten manga genre 001001012."
rakuten-match-3124e8cb1757063cd11f,candidate-3124e8cb1757063cd11f,matched,9784088767628,皇国の守護者（1）,standard,true,https://books.rakuten.co.jp/rb/1774970/,2026-08-22,"Exact normalized title, creator overlap, valid ISBN, standard edition, and Rakuten manga genre 001001003005."
rakuten-match-312aa7f134372423fce0,candidate-312aa7f134372423fce0,matched,9784091236814,め組の大吾（1）,standard,true,https://books.rakuten.co.jp/rb/778731/,2026-08-22,"Exact normalized title, creator overlap, valid ISBN, standard edition, and Rakuten manga genre 001001001009."
rakuten-match-3136f2b463675644310f,candidate-3136f2b463675644310f,matched,9784047267121,野ばら　1巻,standard,true,https://books.rakuten.co.jp/rb/6573332/,2026-08-22,"Exact normalized title, creator overlap, valid ISBN, standard edition, and Rakuten manga genre 001001003023."
rakuten-match-314b2da5452f41cfcca9,candidate-314b2da5452f41cfcca9,matched,9784301003908,恋と呼ぶにはささやかですが（1）,standard,true,https://books.rakuten.co.jp/rb/18500750/,2026-08-22,"Exact normalized title, creator overlap, valid ISBN, standard edition, and Rakuten manga genre 001001001002."
rakuten-match-314e0a0e05d65c4bcf92,candidate-314e0a0e05d65c4bcf92,matched,9784758078986,きみが死ぬまで恋をしたい（1）,standard,true,https://books.rakuten.co.jp/rb/15729843/,2026-08-22,"Exact normalized title, creator overlap, valid ISBN, standard edition, and Rakuten manga genre 001001003043/001001002025/001001002024/001001002018."
rakuten-match-31585766568765ca238d,candidate-31585766568765ca238d,matched,9784091877703,猫のお寺の知恩さん（1）,standard,true,https://books.rakuten.co.jp/rb/14318688/,2026-08-22,"Exact normalized title, creator overlap, valid ISBN, standard edition, and Rakuten manga genre 001001003009."
rakuten-match-3179334d0e99db4a1af7,candidate-3179334d0e99db4a1af7,matched,9784344812758,ヘタリア,standard,true,https://books.rakuten.co.jp/rb/5496051/,2026-08-22,"Exact normalized title, creator overlap, valid ISBN, standard edition, and Rakuten manga genre 001001003020/001001002017."
rakuten-match-319e39a597d16251efc9,candidate-319e39a597d16251efc9,matched,9784047261457,乱と灰色の世界（1巻）,standard,true,https://books.rakuten.co.jp/rb/6219401/,2026-08-22,"Exact normalized title, creator overlap, valid ISBN, standard edition, and Rakuten manga genre 001001003023."
rakuten-match-31b62d69a0227477db04,candidate-31b62d69a0227477db04,matched,9784063870541,シティライツ（1）,standard,true,https://books.rakuten.co.jp/rb/11364805/,2026-08-22,"Exact normalized title, creator overlap, valid ISBN, standard edition, and Rakuten manga genre 001001003004."
rakuten-match-31e7e4b93d21620f1717,candidate-31e7e4b93d21620f1717,matched,9784253158633,嫁姑の拳,standard,true,https://books.rakuten.co.jp/rb/6002233/,2026-08-22,"Exact normalized title, creator overlap, valid ISBN, standard edition, and Rakuten manga genre 001001004001."
rakuten-match-323baa7e8d1071236816,candidate-323baa7e8d1071236816,matched,9784091863294,森野先生とボク,standard,true,https://books.rakuten.co.jp/rb/12818591/,2026-08-22,"Exact normalized title, creator overlap, valid ISBN, standard edition, and Rakuten manga genre 001001003009."
rakuten-match-32488d82859f2f0b6fba,candidate-32488d82859f2f0b6fba,matched,9784088700045,賢い犬リリエンタール（1）,standard,true,https://books.rakuten.co.jp/rb/6314788/,2026-08-22,"Exact normalized title, creator overlap, valid ISBN, standard edition, and Rakuten manga genre 001001001008."
rakuten-match-3278e6baf1b041f07a47,candidate-3278e6baf1b041f07a47,matched,9784091378934,プリプリちぃちゃん！！1,standard,true,https://books.rakuten.co.jp/rb/13457321/,2026-08-22,"Exact normalized title, creator overlap, valid ISBN, standard edition, and Rakuten manga genre 001001002013."
rakuten-match-32a296894fa823b70e71,candidate-32a296894fa823b70e71,matched,9784063712940,ノラガミ（1）,standard,true,https://books.rakuten.co.jp/rb/11233098/,2026-08-22,"Exact normalized title, creator overlap, valid ISBN, standard edition, and Rakuten manga genre 001001012."
rakuten-match-32f3406fd7c8f2043c70,candidate-32f3406fd7c8f2043c70,matched,9784088467764,みどりの山田君（1）,standard,true,https://books.rakuten.co.jp/rb/11658493/,2026-08-22,"Exact normalized title, creator overlap, valid ISBN, standard edition, and Rakuten manga genre 001001002006."
rakuten-match-335e47351a159b8445a3,candidate-335e47351a159b8445a3,matched,9784088743158,BLEACH 26,standard,true,https://books.rakuten.co.jp/rb/4271934/,2026-08-22,"Exact normalized title, creator overlap, valid ISBN, standard edition, and Rakuten manga genre 001001001008."
rakuten-match-33a859f6f205410851ee,candidate-33a859f6f205410851ee,matched,9784832272828,アネモネは熱を帯びる　1,standard,true,https://books.rakuten.co.jp/rb/16700266/,2026-08-22,"Exact normalized title, creator overlap, valid ISBN, standard edition, and Rakuten manga genre 001001003053/001001003035."
rakuten-match-33d51b4d87937d96d74e,candidate-33d51b4d87937d96d74e,matched,9784199502743,セントールの悩み（1）,standard,true,https://books.rakuten.co.jp/rb/11421841/,2026-08-22,"Exact normalized title, creator overlap, valid ISBN, standard edition, and Rakuten manga genre 001001012."
rakuten-match-33e6270fa16cb43e8efb,candidate-33e6270fa16cb43e8efb,matched,9784812484012,おじょじょじょ（1）,standard,true,https://books.rakuten.co.jp/rb/12417316/,2026-08-22,"Exact normalized title, creator overlap, valid ISBN, standard edition, and Rakuten manga genre 001001003044."
rakuten-match-3419e3c5c5983389c6cf,candidate-3419e3c5c5983389c6cf,matched,9784063803259,明治緋色綺譚（1）,standard,true,https://books.rakuten.co.jp/rb/11321964/,2026-08-22,"Exact normalized title, creator overlap, valid ISBN, standard edition, and Rakuten manga genre 001001002020."
rakuten-match-34401c80177ff546bb51,candidate-34401c80177ff546bb51,matched,9784757522268,フダンシズム（1）,standard,true,https://books.rakuten.co.jp/rb/5360990/,2026-08-22,"Exact normalized title, creator overlap, valid ISBN, standard edition, and Rakuten manga genre 001001003018."
rakuten-match-34bba03e2a127ef29cd7,candidate-34bba03e2a127ef29cd7,matched,9784047348318,北北西に曇と往け　1,standard,true,https://books.rakuten.co.jp/rb/15120519/,2026-08-22,"Exact normalized title, creator overlap, valid ISBN, standard edition, and Rakuten manga genre 001001012."
rakuten-match-34be6790e38e455a3f49,candidate-34be6790e38e455a3f49,matched,9784063760972,ZUCCA×ZUCA（1）,standard,true,https://books.rakuten.co.jp/rb/11238117/,2026-08-22,"Exact normalized title, creator overlap, valid ISBN, standard edition, and Rakuten manga genre 001001012."
rakuten-match-353df9f584c34ab01b56,candidate-353df9f584c34ab01b56,matched,9784592711568,メジロバナの咲く 1,standard,true,https://books.rakuten.co.jp/rb/16005355/,2026-08-22,"Exact normalized title, creator overlap, valid ISBN, standard edition, and Rakuten manga genre 001001012."
rakuten-match-354c8e69d8a281712b7d,candidate-354c8e69d8a281712b7d,matched,9784120046575,ドミトリーともきんす,standard,true,https://books.rakuten.co.jp/rb/12873014/,2026-08-22,"Exact normalized title, creator overlap, valid ISBN, standard edition, and Rakuten manga genre 001001012/001012001."
rakuten-match-3554ea574c5df1360e59,candidate-3554ea574c5df1360e59,matched,9784063882704,大上さん、だだ漏れです。（1）,standard,true,https://books.rakuten.co.jp/rb/14992419/,2026-08-22,"Exact normalized title, creator overlap, valid ISBN, standard edition, and Rakuten manga genre 001001003015."
rakuten-match-355a6d64ff8f5b8cf438,candidate-355a6d64ff8f5b8cf438,matched,9784088792644,長歌行（1）,standard,true,https://books.rakuten.co.jp/rb/11480097/,2026-08-22,"Exact normalized title, creator overlap, valid ISBN, standard edition, and Rakuten manga genre 001001003005."
rakuten-match-3588928ab8f6a2520923,candidate-3588928ab8f6a2520923,matched,9784253265218,海が走るエンドロール 1,standard,true,https://books.rakuten.co.jp/rb/16762995/,2026-08-22,"Exact normalized title, creator overlap, valid ISBN, standard edition, and Rakuten manga genre 001001012."
rakuten-match-3588c08df5ba12b26cab,candidate-3588c08df5ba12b26cab,matched,9784800010872,ニャイト・オブ・ザ・リビングキャット（1）,standard,true,https://books.rakuten.co.jp/rb/16686435/,2026-08-22,"Exact normalized title, creator overlap, valid ISBN, standard edition, and Rakuten manga genre 001001003058."
rakuten-match-35eb1a0fb864dd734f9a,candidate-35eb1a0fb864dd734f9a,matched,9784065215395,焼いてるふたり（1）,standard,true,https://books.rakuten.co.jp/rb/16494355/,2026-08-22,"Exact normalized title, creator overlap, valid ISBN, standard edition, and Rakuten manga genre 001001003004."
rakuten-match-364e62bd7dfd73149d14,candidate-364e62bd7dfd73149d14,matched,9784047367678,ホテル・メッツァペウラへようこそ 1巻,standard,true,https://books.rakuten.co.jp/rb/16977567/,2026-08-22,"Exact normalized title, creator overlap, valid ISBN, standard edition, and Rakuten manga genre 001001012."
rakuten-match-365fa509b829e420807e,candidate-365fa509b829e420807e,matched,9784091276889,保安官エヴァンスの嘘（1),standard,true,https://books.rakuten.co.jp/rb/15064563/,2026-08-22,"Exact normalized title, creator overlap, valid ISBN, standard edition, and Rakuten manga genre 001001001009."
rakuten-match-366a0d9d6ccc876b7c04,candidate-366a0d9d6ccc876b7c04,matched,9784049136555,転生王女と天才令嬢の魔法革命 1,standard,true,https://books.rakuten.co.jp/rb/16543821/,2026-08-22,"Exact normalized title, creator overlap, valid ISBN, standard edition, and Rakuten manga genre 001001003046."
rakuten-match-366b0db13fa737e823aa,candidate-366b0db13fa737e823aa,matched,9784832250857,孔明のヨメ。（1）,standard,true,https://books.rakuten.co.jp/rb/11684938/,2026-08-22,"Exact normalized title, creator overlap, valid ISBN, standard edition, and Rakuten manga genre 001001003035."
rakuten-match-367954fd612f8bf56d06,candidate-367954fd612f8bf56d06,matched,9784063107586,ぼくらのよあけ（1）,standard,true,https://books.rakuten.co.jp/rb/11234812/,2026-08-22,"Exact normalized title, creator overlap, valid ISBN, standard edition, and Rakuten manga genre 001001003015."
rakuten-match-369c7c1517af225b19be,candidate-369c7c1517af225b19be,matched,9784199503856,ヒトミ先生の保健室（1）,standard,true,https://books.rakuten.co.jp/rb/12663071/,2026-08-22,"Exact normalized title, creator overlap, valid ISBN, standard edition, and Rakuten manga genre 001001012."
rakuten-match-36ac9ec97c1b862d89be,candidate-36ac9ec97c1b862d89be,matched,9784757557000,デッドマウント・デスプレイ（1）,standard,true,https://books.rakuten.co.jp/rb/15380753/,2026-08-22,"Exact normalized title, creator overlap, valid ISBN, standard edition, and Rakuten manga genre 001001003018."
rakuten-match-36ad929401ae720a2c8c,candidate-36ad929401ae720a2c8c,matched,9784757558557,事情を知らない転校生がグイグイくる。（1）,standard,true,https://books.rakuten.co.jp/rb/15620971/,2026-08-22,"Exact normalized title, creator overlap, valid ISBN, standard edition, and Rakuten manga genre 001001003050."
rakuten-match-3713ab561de583d709bc,candidate-3713ab561de583d709bc,matched,9784199503375,アリスと蔵六（1）,standard,true,https://books.rakuten.co.jp/rb/12199896/,2026-08-22,"Exact normalized title, creator overlap, valid ISBN, standard edition, and Rakuten manga genre 001001012."
rakuten-match-3733d571416e5d643905,candidate-3733d571416e5d643905,matched,9784063729146,クレムリン（1）,standard,true,https://books.rakuten.co.jp/rb/6502681/,2026-08-22,"Exact normalized title, creator overlap, valid ISBN, standard edition, and Rakuten manga genre 001001003004."
rakuten-match-3756452c858147418fe2,candidate-3756452c858147418fe2,matched,9784063879278,はねバド！（1）,standard,true,https://books.rakuten.co.jp/rb/12458254/,2026-08-22,"Exact normalized title, creator overlap, valid ISBN, standard edition, and Rakuten manga genre 001001003015."
rakuten-match-3756cbfd509f5240c688,candidate-3756cbfd509f5240c688,matched,9784063808445,能面女子の花子さん,standard,true,https://books.rakuten.co.jp/rb/13836500/,2026-08-22,"Exact normalized title, creator overlap, valid ISBN, standard edition, and Rakuten manga genre 001001012."
rakuten-match-3779f1e546391e61c158,candidate-3779f1e546391e61c158,matched,9784592198819,赤ちゃんと僕（1）,standard,true,https://books.rakuten.co.jp/rb/6418592/,2026-08-22,"Exact normalized title, creator overlap, valid ISBN, standard edition, and Rakuten manga genre 001001002009."
rakuten-match-37967ba285bff1dd6c6d,candidate-37967ba285bff1dd6c6d,matched,9784091387875,執事たちの沈黙 1,standard,true,https://books.rakuten.co.jp/rb/14496777/,2026-08-22,"Exact normalized title, creator overlap, valid ISBN, standard edition, and Rakuten manga genre 001001004006/001001002008."
rakuten-match-37b34339f11884a58c4f,candidate-37b34339f11884a58c4f,matched,9784253147781,凍牌（1）,standard,true,https://books.rakuten.co.jp/rb/4173152/,2026-08-22,"Exact normalized title, creator overlap, valid ISBN, standard edition, and Rakuten manga genre 001001003001."
rakuten-match-37cb4c3cf0896c761d3a,candidate-37cb4c3cf0896c761d3a,matched,9784832274280,きもちわるいから君がすき　1,standard,true,https://books.rakuten.co.jp/rb/17307527/,2026-08-22,"Exact normalized title, creator overlap, valid ISBN, standard edition, and Rakuten manga genre 001001003053/001001003035."
rakuten-match-37ecced0b2392d7af9b2,candidate-37ecced0b2392d7af9b2,matched,9784098625420,路傍のフジイ（1）,standard,true,https://books.rakuten.co.jp/rb/17625877/,2026-08-22,"Exact normalized title, creator overlap, valid ISBN, standard edition, and Rakuten manga genre 001001003009."
rakuten-match-3823ff0766f67c015c53,candidate-3823ff0766f67c015c53,matched,9784063712612,ましろのおと（1）,standard,true,https://books.rakuten.co.jp/rb/6737067/,2026-08-22,"Exact normalized title, creator overlap, valid ISBN, standard edition, and Rakuten manga genre 001001001006."
rakuten-match-382f938971c6642ef163,candidate-382f938971c6642ef163,matched,9784832276635,サイコスタッフ,standard,true,https://books.rakuten.co.jp/rb/4512633/,2026-08-22,"Exact normalized title, creator overlap, valid ISBN, standard edition, and Rakuten manga genre 001001003053/001001003035."
rakuten-match-3835b0468655f100816e,candidate-3835b0468655f100816e,matched,9784785926625,水惑星年代記,standard,true,https://books.rakuten.co.jp/rb/4058066/,2026-08-22,"Exact normalized title, creator overlap, valid ISBN, standard edition, and Rakuten manga genre 001001003049/001001003017."
rakuten-match-38a8f3ebc17bb7f4db44,candidate-38a8f3ebc17bb7f4db44,matched,9784091871886,雪花の虎 1,standard,true,https://books.rakuten.co.jp/rb/13338632/,2026-08-22,"Exact normalized title, creator overlap, valid ISBN, standard edition, and Rakuten manga genre 001001003009."
rakuten-match-38d0a8cfc133863a1ee0,candidate-38d0a8cfc133863a1ee0,matched,9784091270276,灼熱カバディ 1,standard,true,https://books.rakuten.co.jp/rb/13593101/,2026-08-22,"Exact normalized title, creator overlap, valid ISBN, standard edition, and Rakuten manga genre 001001012."
rakuten-match-38dcff6f4e81728e8ec9,candidate-38dcff6f4e81728e8ec9,matched,9784088843223,ひまてん！ 1,standard,true,https://books.rakuten.co.jp/rb/18009945/,2026-08-22,"Exact normalized title, creator overlap, valid ISBN, standard edition, and Rakuten manga genre 001001001008."
rakuten-match-38fddd5900b221014a7f,candidate-38fddd5900b221014a7f,matched,9784812467213,カボチャの冒険,standard,true,https://books.rakuten.co.jp/rb/4444433/,2026-08-22,"Exact normalized title, creator overlap, valid ISBN, standard edition, and Rakuten manga genre 001001003044."
rakuten-match-3924d7e0b397ffaccb7f,candidate-3924d7e0b397ffaccb7f,matched,9784091307378,たんぽぽの綿毛（1）,standard,true,https://books.rakuten.co.jp/rb/4148958/,2026-08-22,"Exact normalized title, creator overlap, valid ISBN, standard edition, and Rakuten manga genre 001001004006/001001002008."
rakuten-match-39555fe7402dada0d79f,candidate-39555fe7402dada0d79f,matched,9784091233714,名探偵コナン 1,standard,true,https://books.rakuten.co.jp/rb/664215/,2026-08-22,"Exact normalized title, creator overlap, valid ISBN, standard edition, and Rakuten manga genre 001001001009."
rakuten-match-39c1a2b6791238827ed5,candidate-39c1a2b6791238827ed5,matched,9784063522471,とろける鉄工所（1）,standard,true,https://books.rakuten.co.jp/rb/5897708/,2026-08-22,"Exact normalized title, creator overlap, valid ISBN, standard edition, and Rakuten manga genre 001001003021."
rakuten-match-39d82f0787d47d6a646d,candidate-39d82f0787d47d6a646d,matched,9784832271999,紡ぐ乙女と大正の月　1,standard,true,https://books.rakuten.co.jp/rb/16290242/,2026-08-22,"Exact normalized title, creator overlap, valid ISBN, standard edition, and Rakuten manga genre 001001003053/001001003035."
rakuten-match-3a4997017286df8424e0,candidate-3a4997017286df8424e0,matched,9784785934507,球場ラヴァーズ（1）,standard,true,https://books.rakuten.co.jp/rb/6573676/,2026-08-22,"Exact normalized title, creator overlap, valid ISBN, standard edition, and Rakuten manga genre 001001003040/001001003017."
rakuten-match-3a5840cbcd674ef84e3e,candidate-3a5840cbcd674ef84e3e,matched,9784861277634,にがくてあまい（1）,standard,true,https://books.rakuten.co.jp/rb/6573781/,2026-08-22,"Exact normalized title, creator overlap, valid ISBN, standard edition, and Rakuten manga genre 001001003058."
rakuten-match-3a590adf9cfe0d725db3,candidate-3a590adf9cfe0d725db3,matched,9784063767179,ゴーグル,standard,true,https://books.rakuten.co.jp/rb/11907931/,2026-08-22,"Exact normalized title, creator overlap, valid ISBN, standard edition, and Rakuten manga genre 001001012."
rakuten-match-3a5be382f1399b15f4fb,candidate-3a5be382f1399b15f4fb,matched,9784091873613,弁護士のくず（1）,standard,true,https://books.rakuten.co.jp/rb/1696749/,2026-08-22,"Exact normalized title, creator overlap, valid ISBN, standard edition, and Rakuten manga genre 001001003009."
rakuten-match-3a5c2d4efe50fc0e21cb,candidate-3a5c2d4efe50fc0e21cb,matched,9784088831503,あかね噺 1,standard,true,https://books.rakuten.co.jp/rb/17131926/,2026-08-22,"Exact normalized title, creator overlap, valid ISBN, standard edition, and Rakuten manga genre 001001001008."
rakuten-match-3a8fad3ee287d9f72281,candidate-3a8fad3ee287d9f72281,matched,9784088846750,人喰いマンションと大家のメゾン 1,standard,true,https://books.rakuten.co.jp/rb/18246144/,2026-08-22,"Exact normalized title, creator overlap, valid ISBN, standard edition, and Rakuten manga genre 001001001008."
rakuten-match-3ab36dd110361fdc700d,candidate-3ab36dd110361fdc700d,matched,9784047299672,デスコ　1,standard,true,https://books.rakuten.co.jp/rb/12907039/,2026-08-22,"Exact normalized title, creator overlap, valid ISBN, standard edition, and Rakuten manga genre 001001003023."
rakuten-match-3ac00c6a4944cc1f39f6,candidate-3ac00c6a4944cc1f39f6,matched,9784088823935,Thisコミュニケーション 1,standard,true,https://books.rakuten.co.jp/rb/16373605/,2026-08-22,"Exact normalized title, creator overlap, valid ISBN, standard edition, and Rakuten manga genre 001001001008."
rakuten-match-3ac01b0c3cd659f655bb,candidate-3ac01b0c3cd659f655bb,matched,9784022131799,謎のあの店（1）,standard,true,https://books.rakuten.co.jp/rb/11809357/,2026-08-22,"Exact normalized title, creator overlap, valid ISBN, standard edition, and Rakuten manga genre 001001002016/001006019003."
rakuten-match-3ac612ebf1b0ddf361dc,candidate-3ac612ebf1b0ddf361dc,matched,9784575846256,弟の夫（1）,standard,true,https://books.rakuten.co.jp/rb/13204987/,2026-08-22,"Exact normalized title, creator overlap, valid ISBN, standard edition, and Rakuten manga genre 001001003026."
rakuten-match-3ad539c619f206ebf6e9,candidate-3ad539c619f206ebf6e9,matched,9784088821726,ミタマセキュ霊ティ 1,standard,true,https://books.rakuten.co.jp/rb/16171892/,2026-08-22,"Exact normalized title, creator overlap, valid ISBN, standard edition, and Rakuten manga genre 001001001008."
rakuten-match-3ad85a2ffdc026007d61,candidate-3ad85a2ffdc026007d61,matched,9784253142311,新しい上司はど天然（1）,standard,true,https://books.rakuten.co.jp/rb/15940866/,2026-08-22,"Exact normalized title, creator overlap, valid ISBN, standard edition, and Rakuten manga genre 001001003001."
rakuten-match-3ae9ae3591a9b2df62f2,candidate-3ae9ae3591a9b2df62f2,matched,9784253219365,SHY（1）,standard,true,https://books.rakuten.co.jp/rb/16099322/,2026-08-22,"Exact normalized title, creator overlap, valid ISBN, standard edition, and Rakuten manga genre 001001001001."
rakuten-match-3b7277cd82fd727a7a58,candidate-3b7277cd82fd727a7a58,matched,9784832272057,星屑テレパス　1,standard,true,https://books.rakuten.co.jp/rb/16324698/,2026-08-22,"Exact normalized title, creator overlap, valid ISBN, standard edition, and Rakuten manga genre 001001003053/001001003035."
rakuten-match-3ba6e8e3cfdec674eae3,candidate-3ba6e8e3cfdec674eae3,matched,9784098613632,劇光仮面（1）,standard,true,https://books.rakuten.co.jp/rb/17114814/,2026-08-22,"Exact normalized title, creator overlap, valid ISBN, standard edition, and Rakuten manga genre 001001003009."
rakuten-match-3bc0fb41890597b33b40,candidate-3bc0fb41890597b33b40,matched,9784872577686,預言者ピッピ　1,standard,true,https://books.rakuten.co.jp/rb/4382281/,2026-08-22,"Exact normalized title, creator overlap, valid ISBN, standard edition, and Rakuten manga genre 001001012."
rakuten-match-3c318d785a9edb674c82,candidate-3c318d785a9edb674c82,matched,9784091372758,そんなんじゃねえよ（1）,standard,true,https://books.rakuten.co.jp/rb/1542178/,2026-08-22,"Exact normalized title, creator overlap, valid ISBN, standard edition, and Rakuten manga genre 001001004006/001001002008."
rakuten-match-3c53e98cd338a3dd4681,candidate-3c53e98cd338a3dd4681,matched,9784253280464,魔入りました！入間くん　if　Episode　of　魔フィア 1,standard,true,https://books.rakuten.co.jp/rb/17658676/,2026-08-22,"Exact normalized title, creator overlap, valid ISBN, standard edition, and Rakuten manga genre 001001001001."
rakuten-match-3c836bbd37acf921ed12,candidate-3c836bbd37acf921ed12,matched,9784091386175,ねこ、はじめました 1,standard,true,https://books.rakuten.co.jp/rb/14275123/,2026-08-22,"Exact normalized title, creator overlap, valid ISBN, standard edition, and Rakuten manga genre 001001002013."
rakuten-match-3cea8a1539dae6f10b92,candidate-3cea8a1539dae6f10b92,matched,9784107719669,Artiste 1,standard,true,https://books.rakuten.co.jp/rb/14769813/,2026-08-22,"Exact normalized title, creator overlap, valid ISBN, standard edition, and Rakuten manga genre 001001003022."
rakuten-match-3d0b058e9dd53c35b8df,candidate-3d0b058e9dd53c35b8df,matched,9784088935591,ベイビー車中ハッカーズ 1,standard,true,https://books.rakuten.co.jp/rb/18100823/,2026-08-22,"Exact normalized title, creator overlap, valid ISBN, standard edition, and Rakuten manga genre 001001003005."
rakuten-match-3d9161d57fe3c9f659a9,candidate-3d9161d57fe3c9f659a9,matched,9784832273139,さよなら幽霊ちゃん　1,standard,true,https://books.rakuten.co.jp/rb/16834733/,2026-08-22,"Exact normalized title, creator overlap, valid ISBN, standard edition, and Rakuten manga genre 001001003053/001001003035."
rakuten-match-3da15233e47a65b15f14,candidate-3da15233e47a65b15f14,matched,9784065279229,ガチアクタ（1）,standard,true,https://books.rakuten.co.jp/rb/17119822/,2026-08-22,"Exact normalized title, creator overlap, valid ISBN, standard edition, and Rakuten manga genre 001001001006."
rakuten-match-3dcc27ff0937f7d2b9b0,candidate-3dcc27ff0937f7d2b9b0,matched,9784832232945,きみの家族,standard,true,https://books.rakuten.co.jp/rb/11604358/,2026-08-22,"Exact normalized title, creator overlap, valid ISBN, standard edition, and Rakuten manga genre 001001012."
rakuten-match-3dddaeba8c4caecd74cb,candidate-3dddaeba8c4caecd74cb,matched,9784088805931,大正処女御伽話 1,standard,true,https://books.rakuten.co.jp/rb/13575140/,2026-08-22,"Exact normalized title, creator overlap, valid ISBN, standard edition, and Rakuten manga genre 001001001008."
rakuten-match-3de7c6b6b60da1aaf20a,candidate-3de7c6b6b60da1aaf20a,matched,9784344805071,幻影博覧会（1）,standard,true,https://books.rakuten.co.jp/rb/1757109/,2026-08-22,"Exact normalized title, creator overlap, valid ISBN, standard edition, and Rakuten manga genre 001001003020."
rakuten-match-3dfaf6231e21133620c6,candidate-3dfaf6231e21133620c6,matched,9784065193655,忍者と極道（1）,standard,true,https://books.rakuten.co.jp/rb/16264636/,2026-08-22,"Exact normalized title, creator overlap, valid ISBN, standard edition, and Rakuten manga genre 001001003004."
rakuten-match-3e2b612b4b6960ead08a,candidate-3e2b612b4b6960ead08a,matched,9784785929091,くらしのいずみ,standard,true,https://books.rakuten.co.jp/rb/5298595/,2026-08-22,"Exact normalized title, creator overlap, valid ISBN, standard edition, and Rakuten manga genre 001001003049/001001003017."
rakuten-match-3e53b1ceec0685dea35f,candidate-3e53b1ceec0685dea35f,matched,9784047370968,女の子がいる場所は,standard,true,https://books.rakuten.co.jp/rb/17131608/,2026-08-22,"Exact normalized title, creator overlap, valid ISBN, standard edition, and Rakuten manga genre 001001003023."
rakuten-match-3e725951eb9c49771087,candidate-3e725951eb9c49771087,matched,9784592196334,嘘解きレトリック 1,standard,true,https://books.rakuten.co.jp/rb/12324789/,2026-08-22,"Exact normalized title, creator overlap, valid ISBN, standard edition, and Rakuten manga genre 001001002009."
rakuten-match-3e7b404d33100c796578,candidate-3e7b404d33100c796578,matched,9784396764920,午前3時の危険地帯（1）,standard,true,https://books.rakuten.co.jp/rb/6454264/,2026-08-22,"Exact normalized title, creator overlap, valid ISBN, standard edition, and Rakuten manga genre 001001004008."
rakuten-match-3ea1531485fc3c8563ac,candidate-3ea1531485fc3c8563ac,matched,9784403670411,QPing（1）,standard,true,https://books.rakuten.co.jp/rb/4442314/,2026-08-22,"Exact normalized title, creator overlap, valid ISBN, standard edition, and Rakuten manga genre 001001012."
rakuten-match-3ef22ee69f47872ee65a,candidate-3ef22ee69f47872ee65a,matched,9784757565326,お近づきになりたい宮膳さん（1）,standard,true,https://books.rakuten.co.jp/rb/16184558/,2026-08-22,"Exact normalized title, creator overlap, valid ISBN, standard edition, and Rakuten manga genre 001001012/001001003050."
rakuten-match-3f96705b3f33a3cd2667,candidate-3f96705b3f33a3cd2667,matched,9784065293607,カナン様はあくまでチョロい（1）,standard,true,https://books.rakuten.co.jp/rb/17198319/,2026-08-22,"Exact normalized title, creator overlap, valid ISBN, standard edition, and Rakuten manga genre 001001012."
rakuten-match-3fc9f063116166ca75a2,candidate-3fc9f063116166ca75a2,matched,9784832272460,ぬるめた　1,standard,true,https://books.rakuten.co.jp/rb/16517381/,2026-08-22,"Exact normalized title, creator overlap, valid ISBN, standard edition, and Rakuten manga genre 001001003053/001001003035."
rakuten-match-3ffe7b3ef96c694fe9d6,candidate-3ffe7b3ef96c694fe9d6,matched,9784107716378,くるみのき！（1）,standard,true,https://books.rakuten.co.jp/rb/11391136/,2026-08-22,"Exact normalized title, creator overlap, valid ISBN, standard edition, and Rakuten manga genre 001001003022."
rakuten-match-4041eac49a3884db9248,candidate-4041eac49a3884db9248,matched,9784091256317,天使な小生意気（1）,standard,true,https://books.rakuten.co.jp/rb/1093030/,2026-08-22,"Exact normalized title, creator overlap, valid ISBN, standard edition, and Rakuten manga genre 001001001009."
rakuten-match-40b8c35b1d8c9a90144c,candidate-40b8c35b1d8c9a90144c,matched,9784088468044,orange 1,standard,true,https://books.rakuten.co.jp/rb/11742628/,2026-08-22,"Exact normalized title, creator overlap, valid ISBN, standard edition, and Rakuten manga genre 001001002006."
rakuten-match-40ce339f7ba7a6e08167,candidate-40ce339f7ba7a6e08167,matched,9784091326676,カノジョは嘘を愛しすぎてる（1）,standard,true,https://books.rakuten.co.jp/rb/6149196/,2026-08-22,"Exact normalized title, creator overlap, valid ISBN, standard edition, and Rakuten manga genre 001001004006/001001002008."
rakuten-match-40de71c8144aa7fbcdc2,candidate-40de71c8144aa7fbcdc2,matched,9784063959055,荒ぶる季節の乙女どもよ。（1）,standard,true,https://books.rakuten.co.jp/rb/14769641/,2026-08-22,"Exact normalized title, creator overlap, valid ISBN, standard edition, and Rakuten manga genre 001001001006."
rakuten-match-40df2a4b29e97c9c5059,candidate-40df2a4b29e97c9c5059,matched,9784800001849,ちちこぐさ（1）,standard,true,https://books.rakuten.co.jp/rb/12346390/,2026-08-22,"Exact normalized title, creator overlap, valid ISBN, standard edition, and Rakuten manga genre 001001003058."
rakuten-match-40e18fd954b5dff1eb7d,candidate-40e18fd954b5dff1eb7d,matched,9784091350015,ワン・モア・ジャンプ（1）,standard,true,https://books.rakuten.co.jp/rb/585354/,2026-08-22,"Exact normalized title, creator overlap, valid ISBN, standard edition, and Rakuten manga genre 001001004006/001001002008."
rakuten-match-40e3fe023da8766aeedb,candidate-40e3fe023da8766aeedb,matched,9784065323502,ヤニねこ（1）,standard,true,https://books.rakuten.co.jp/rb/17479822/,2026-08-22,"Exact normalized title, creator overlap, valid ISBN, standard edition, and Rakuten manga genre 001001003003."
rakuten-match-40ea287aae6305289cf6,candidate-40ea287aae6305289cf6,matched,9784757559202,その着せ替え人形は恋をする（1）,standard,true,https://books.rakuten.co.jp/rb/15658806/,2026-08-22,"Exact normalized title, creator overlap, valid ISBN, standard edition, and Rakuten manga genre 001001003018."
rakuten-match-410ddd17b05e2f0f85d5,candidate-410ddd17b05e2f0f85d5,matched,9784088451978,ステラとミルフイユ（1）,standard,true,https://books.rakuten.co.jp/rb/12689791/,2026-08-22,"Exact normalized title, creator overlap, valid ISBN, standard edition, and Rakuten manga genre 001001002006."
rakuten-match-415f7ad1c5032c58d554,candidate-415f7ad1c5032c58d554,matched,9784088916019,少年のアビス 1,standard,true,https://books.rakuten.co.jp/rb/16373610/,2026-08-22,"Exact normalized title, creator overlap, valid ISBN, standard edition, and Rakuten manga genre 001001003005."
rakuten-match-418af771ae574eb15a99,candidate-418af771ae574eb15a99,matched,9784088708720,岸辺露伴は動かない,standard,true,https://books.rakuten.co.jp/rb/12520535/,2026-08-22,"Exact normalized title, creator overlap, valid ISBN, standard edition, and Rakuten manga genre 001001001008."
rakuten-match-41c84778af2d8cd376f2,candidate-41c84778af2d8cd376f2,matched,9784088811840,Dr.STONE 1,standard,true,https://books.rakuten.co.jp/rb/14979890/,2026-08-22,"Exact normalized title, creator overlap, valid ISBN, standard edition, and Rakuten manga genre 001001001008."
rakuten-match-41c8f07c2ed444461a1b,candidate-41c8f07c2ed444461a1b,matched,9784088468020,日々蝶々 1,standard,true,https://books.rakuten.co.jp/rb/11742621/,2026-08-22,"Exact normalized title, creator overlap, valid ISBN, standard edition, and Rakuten manga genre 001001002006."
rakuten-match-42738b05ed35f25c491f,candidate-42738b05ed35f25c491f,matched,9784091294944,明日、私は誰かのカノジョ（1）,standard,true,https://books.rakuten.co.jp/rb/16102784/,2026-08-22,"Exact normalized title, creator overlap, valid ISBN, standard edition, and Rakuten manga genre 001001012."
rakuten-match-42a19ee92cd5b07758d5,candidate-42a19ee92cd5b07758d5,matched,9784199503016,ぼくらのへんたい（1）,standard,true,https://books.rakuten.co.jp/rb/11771594/,2026-08-22,"Exact normalized title, creator overlap, valid ISBN, standard edition, and Rakuten manga genre 001001012."
rakuten-match-42a672642cff9f7cfb59,candidate-42a672642cff9f7cfb59,matched,9784253211772,弾丸タックル（1）,standard,true,https://books.rakuten.co.jp/rb/12235428/,2026-08-22,"Exact normalized title, creator overlap, valid ISBN, standard edition, and Rakuten manga genre 001001003001/001001001001."
rakuten-match-42a7c7ad0497eb458d0f,candidate-42a7c7ad0497eb458d0f,matched,9784063872163,ジパング深蒼海流（1）,standard,true,https://books.rakuten.co.jp/rb/12270812/,2026-08-22,"Exact normalized title, creator overlap, valid ISBN, standard edition, and Rakuten manga genre 001001003004."
rakuten-match-42c7dd9e36b53939869a,candidate-42c7dd9e36b53939869a,matched,9784088468327,星屑クライベイビー,standard,true,https://books.rakuten.co.jp/rb/11842100/,2026-08-22,"Exact normalized title, creator overlap, valid ISBN, standard edition, and Rakuten manga genre 001001002006."
rakuten-match-42f14f92911ef04a1ed1,candidate-42f14f92911ef04a1ed1,matched,9784872337853,堀田,standard,true,https://books.rakuten.co.jp/rb/1596982/,2026-08-22,"Exact normalized title, creator overlap, valid ISBN, standard edition, and Rakuten manga genre 001001012."
rakuten-match-42fff49d373ef1177f39,candidate-42fff49d373ef1177f39,matched,9784840133944,先生と僕〜夏目漱石を囲む人々〜（1）,standard,true,https://books.rakuten.co.jp/rb/6797395/,2026-08-22,"Exact normalized title, creator overlap, valid ISBN, standard edition, and Rakuten manga genre 001001003016."
rakuten-match-432af718ea660fe01699,candidate-432af718ea660fe01699,matched,9784107717382,お前はまだグンマを知らない（1）,standard,true,https://books.rakuten.co.jp/rb/12661575/,2026-08-22,"Exact normalized title, creator overlap, valid ISBN, standard edition, and Rakuten manga genre 001001003022."
rakuten-match-434a5822bd4435e02b05,candidate-434a5822bd4435e02b05,matched,9784091270610,結界師（1）,standard,true,https://books.rakuten.co.jp/rb/1643204/,2026-08-22,"Exact normalized title, creator overlap, valid ISBN, standard edition, and Rakuten manga genre 001001001009."
rakuten-match-438912a368ba4100e7ab,candidate-438912a368ba4100e7ab,matched,9784063524499,Eから弾きな。（1）,standard,true,https://books.rakuten.co.jp/rb/12178133/,2026-08-22,"Exact normalized title, creator overlap, valid ISBN, standard edition, and Rakuten manga genre 001001003021."
rakuten-match-43ebf010a490cfd4bb50,candidate-43ebf010a490cfd4bb50,matched,9784063805789,千年万年りんごの子（1）,standard,true,https://books.rakuten.co.jp/rb/11734344/,2026-08-22,"Exact normalized title, creator overlap, valid ISBN, standard edition, and Rakuten manga genre 001001012."
rakuten-match-4402b3de64e66a9a0139,candidate-4402b3de64e66a9a0139,matched,9784091848581,エバタのロック（1）,standard,true,https://books.rakuten.co.jp/rb/12127758/,2026-08-22,"Exact normalized title, creator overlap, valid ISBN, standard edition, and Rakuten manga genre 001001003009."
rakuten-match-440f93a4e60ef906685b,candidate-440f93a4e60ef906685b,matched,9784088487090,バラ色の明日（1）,standard,true,https://books.rakuten.co.jp/rb/917801/,2026-08-22,"Exact normalized title, creator overlap, valid ISBN, standard edition, and Rakuten manga genre 001001002006."
rakuten-match-442996147b9d4e2aa02a,candidate-442996147b9d4e2aa02a,matched,9784396460471,夜とコンクリート,standard,true,https://books.rakuten.co.jp/rb/12637086/,2026-08-22,"Exact normalized title, creator overlap, valid ISBN, standard edition, and Rakuten manga genre 001001012."
rakuten-match-443783f31b5ba378f934,candidate-443783f31b5ba378f934,matched,9784781618494,ベルリンうわの空,standard,true,https://books.rakuten.co.jp/rb/16154113/,2026-08-22,"Exact normalized title, creator overlap, valid ISBN, standard edition, and Rakuten manga genre 001001012/001008008."
rakuten-match-44d0000353478596369e,candidate-44d0000353478596369e,matched,9784088448398,環と周,standard,true,https://books.rakuten.co.jp/rb/17608162/,2026-08-22,"Exact normalized title, creator overlap, valid ISBN, standard edition, and Rakuten manga genre 001001002006."
rakuten-match-44ff18e161ee0c10497e,candidate-44ff18e161ee0c10497e,matched,9784593881055,俺とヒーローと魔法少女（1）,standard,true,https://books.rakuten.co.jp/rb/12961877/,2026-08-22,"Exact normalized title, creator overlap, valid ISBN, standard edition, and Rakuten manga genre 001001012."
rakuten-match-450870a60f915390316f,candidate-450870a60f915390316f,matched,9784253217156,空が灰色だから（1）,standard,true,https://books.rakuten.co.jp/rb/11536756/,2026-08-22,"Exact normalized title, creator overlap, valid ISBN, standard edition, and Rakuten manga genre 001001003001/001001001001."
rakuten-match-455287a82f4ea63ec542,candidate-455287a82f4ea63ec542,matched,9784040725338,シネマこんぷれっくす！　1,standard,true,https://books.rakuten.co.jp/rb/15198603/,2026-08-22,"Exact normalized title, creator overlap, valid ISBN, standard edition, and Rakuten manga genre 001001003013."
rakuten-match-457a3683fa1159ab439a,candidate-457a3683fa1159ab439a,matched,9784801961821,ムダヅモ無き改革（1）,standard,true,https://books.rakuten.co.jp/rb/15299577/,2026-08-22,"Exact normalized title, creator overlap, valid ISBN, standard edition, and Rakuten manga genre 001001003051."
rakuten-match-45a6a913d4ee5881afb6,candidate-45a6a913d4ee5881afb6,matched,9784091800114,あぶさん（1）,standard,true,https://books.rakuten.co.jp/rb/376813/,2026-08-22,"Exact normalized title, creator overlap, valid ISBN, standard edition, and Rakuten manga genre 001001003009."
rakuten-match-45fe9ae0e868fc9a30a1,candidate-45fe9ae0e868fc9a30a1,matched,9784199500770,おもいでエマノン,standard,true,https://books.rakuten.co.jp/rb/5671761/,2026-08-22,"Exact normalized title, creator overlap, valid ISBN, standard edition, and Rakuten manga genre 001001012."
rakuten-match-46388f0ed8f7a3b54289,candidate-46388f0ed8f7a3b54289,matched,9784253145930,森のテグー（1）,standard,true,https://books.rakuten.co.jp/rb/6219332/,2026-08-22,"Exact normalized title, creator overlap, valid ISBN, standard edition, and Rakuten manga genre 001001003001."
rakuten-match-464322afcd10013437b9,candidate-464322afcd10013437b9,matched,9784592143017,大奥 1,standard,true,https://books.rakuten.co.jp/rb/3617377/,2026-08-22,"Exact normalized title, creator overlap, valid ISBN, standard edition, and Rakuten manga genre 001001003010."
rakuten-match-46c7a21a3bd83feda160,candidate-46c7a21a3bd83feda160,matched,9784065279076,ブスなんて言わないで（1）,standard,true,https://books.rakuten.co.jp/rb/17132010/,2026-08-22,"Exact normalized title, creator overlap, valid ISBN, standard edition, and Rakuten manga genre 001001003015."
rakuten-match-477a6d9e4194575e5a94,candidate-477a6d9e4194575e5a94,matched,9784063806939,死にたがりと雲雀（1）,standard,true,https://books.rakuten.co.jp/rb/12724179/,2026-08-22,"Exact normalized title, creator overlap, valid ISBN, standard edition, and Rakuten manga genre 001001012."
rakuten-match-47f92d487ef1805e4c07,candidate-47f92d487ef1805e4c07,matched,9784757519992,はなまる幼稚園（1）,standard,true,https://books.rakuten.co.jp/rb/4346217/,2026-08-22,"Exact normalized title, creator overlap, valid ISBN, standard edition, and Rakuten manga genre 001001003018."
rakuten-match-480da6364966b47be4be,candidate-480da6364966b47be4be,matched,9784063695168,アニウッド大通り（1）,standard,true,https://books.rakuten.co.jp/rb/12866360/,2026-08-22,"Exact normalized title, creator overlap, valid ISBN, standard edition, and Rakuten manga genre 001001012."
rakuten-match-482db909fdba0c38b2ee,candidate-482db909fdba0c38b2ee,matched,9784088431147,恋するリップ・ティント 1,standard,true,https://books.rakuten.co.jp/rb/18100802/,2026-08-22,"Exact normalized title, creator overlap, valid ISBN, standard edition, and Rakuten manga genre 001001002006."
rakuten-match-48a8cbb717b0f34ec6cd,candidate-48a8cbb717b0f34ec6cd,matched,9784199802850,老女的少女ひなたちゃん　1,standard,true,https://books.rakuten.co.jp/rb/13308547/,2026-08-22,"Exact normalized title, creator overlap, valid ISBN, standard edition, and Rakuten manga genre 001001003052."
rakuten-match-49646c522ce70a4bb8f0,candidate-49646c522ce70a4bb8f0,matched,9784866532493,新ゲノム（8）,standard,true,https://books.rakuten.co.jp/rb/15658942/,2026-08-22,"Exact normalized title, creator overlap, valid ISBN, standard edition, and Rakuten manga genre 001001012."
rakuten-match-497efdbff53f145b429b,candidate-497efdbff53f145b429b,matched,9784344814752,がらくたストリート（1）,standard,true,https://books.rakuten.co.jp/rb/5904011/,2026-08-22,"Exact normalized title, creator overlap, valid ISBN, standard edition, and Rakuten manga genre 001001003020."
rakuten-match-498772ec1afff132af28,candidate-498772ec1afff132af28,matched,9784592224419,春の嵐とモンスター 1,standard,true,https://books.rakuten.co.jp/rb/17287812/,2026-08-22,"Exact normalized title, creator overlap, valid ISBN, standard edition, and Rakuten manga genre 001001002009."
rakuten-match-49af41f47417b01de20e,candidate-49af41f47417b01de20e,matched,9784088743127,テガミバチ（1）,standard,true,https://books.rakuten.co.jp/rb/4256198/,2026-08-22,"Exact normalized title, creator overlap, valid ISBN, standard edition, and Rakuten manga genre 001001001008."
rakuten-match-49be48c972a16985bd57,candidate-49be48c972a16985bd57,matched,9784063107135,ウィッチクラフトワークス（1）,standard,true,https://books.rakuten.co.jp/rb/6817609/,2026-08-22,"Exact normalized title, creator overlap, valid ISBN, standard edition, and Rakuten manga genre 001001003015."
rakuten-match-49c0073fd735f54ab8e2,candidate-49c0073fd735f54ab8e2,matched,9784091252371,懲役339年（1）,standard,true,https://books.rakuten.co.jp/rb/12831895/,2026-08-22,"Exact normalized title, creator overlap, valid ISBN, standard edition, and Rakuten manga genre 001001012."
rakuten-match-49e9ca0e255356cbf861,candidate-49e9ca0e255356cbf861,matched,9784040642468,マイ・ブロークン・マリコ,standard,true,https://books.rakuten.co.jp/rb/16089743/,2026-08-22,"Exact normalized title, creator overlap, valid ISBN, standard edition, and Rakuten manga genre 001001012."
rakuten-match-49f89814d519971761f9,candidate-49f89814d519971761f9,matched,9784063713015,四月は君の嘘（1）,standard,true,https://books.rakuten.co.jp/rb/11334463/,2026-08-22,"Exact normalized title, creator overlap, valid ISBN, standard edition, and Rakuten manga genre 001001001006."
rakuten-match-4a6ea4bff716a540febb,candidate-4a6ea4bff716a540febb,matched,9784253297462,きみは四葉のクローバー　1,standard,true,https://books.rakuten.co.jp/rb/18027083/,2026-08-22,"Exact normalized title, creator overlap, valid ISBN, standard edition, and Rakuten manga genre 001001001001."
rakuten-match-4a74999f17e4ae7fe724,candidate-4a74999f17e4ae7fe724,matched,9784253221689,実は私は（1）,standard,true,https://books.rakuten.co.jp/rb/12326302/,2026-08-22,"Exact normalized title, creator overlap, valid ISBN, standard edition, and Rakuten manga genre 001001001001."
rakuten-match-4a8a22fc766bf9bc4c59,candidate-4a8a22fc766bf9bc4c59,matched,9784091365019,天は赤い河のほとり（1）,standard,true,https://books.rakuten.co.jp/rb/729367/,2026-08-22,"Exact normalized title, creator overlap, valid ISBN, standard edition, and Rakuten manga genre 001001004006/001001002008."
rakuten-match-4aa6564d790e9013b90f,candidate-4aa6564d790e9013b90f,matched,9784040668574,ちおちゃんの通学路　1,standard,true,https://books.rakuten.co.jp/rb/12866056/,2026-08-22,"Exact normalized title, creator overlap, valid ISBN, standard edition, and Rakuten manga genre 001001012."
rakuten-match-4ab9720731a7bf98632e,candidate-4ab9720731a7bf98632e,matched,9784063712766,修羅の門第弐門（1）,standard,true,https://books.rakuten.co.jp/rb/11111460/,2026-08-22,"Exact normalized title, creator overlap, valid ISBN, standard edition, and Rakuten manga genre 001001001006."
rakuten-match-4ac3883d7724c8c0a25a,candidate-4ac3883d7724c8c0a25a,matched,9784592193432,ラストゲーム 1,standard,true,https://books.rakuten.co.jp/rb/11476462/,2026-08-22,"Exact normalized title, creator overlap, valid ISBN, standard edition, and Rakuten manga genre 001001002009."
rakuten-match-4ad0055c4138e1db1a50,candidate-4ad0055c4138e1db1a50,matched,9784758023399,今日はカノジョがいないから（1）,standard,true,https://books.rakuten.co.jp/rb/16924679/,2026-08-22,"Exact normalized title, creator overlap, valid ISBN, standard edition, and Rakuten manga genre 001001002025."
rakuten-match-4b1aee71ea9834cd0439,candidate-4b1aee71ea9834cd0439,matched,9784091852298,みどりの星（1）,standard,true,https://books.rakuten.co.jp/rb/12326256/,2026-08-22,"Exact normalized title, creator overlap, valid ISBN, standard edition, and Rakuten manga genre 001001003009."
rakuten-match-4b4bbe8c10859c46e726,candidate-4b4bbe8c10859c46e726,matched,9784063145120,百舌谷さん逆上する（1）,standard,true,https://books.rakuten.co.jp/rb/5719580/,2026-08-22,"Exact normalized title, creator overlap, valid ISBN, standard edition, and Rakuten manga genre 001001003015."
rakuten-match-4b4e6afc71e786d97bac,candidate-4b4e6afc71e786d97bac,matched,9784592146216,自殺島（1）,standard,true,https://books.rakuten.co.jp/rb/6140652/,2026-08-22,"Exact normalized title, creator overlap, valid ISBN, standard edition, and Rakuten manga genre 001001003010."
rakuten-match-4b58e9c429e2c2849e76,candidate-4b58e9c429e2c2849e76,matched,9784091866981,スティーブズ〜STEVES〜（1）,standard,true,https://books.rakuten.co.jp/rb/12961500/,2026-08-22,"Exact normalized title, creator overlap, valid ISBN, standard edition, and Rakuten manga genre 001001003009."
rakuten-match-4b775e0182b5b758c0eb,candidate-4b775e0182b5b758c0eb,matched,9784592223214,恋に無駄口 1,standard,true,https://books.rakuten.co.jp/rb/16167169/,2026-08-22,"Exact normalized title, creator overlap, valid ISBN, standard edition, and Rakuten manga genre 001001002009."
rakuten-match-4bc49c50851479b6725f,candidate-4bc49c50851479b6725f,matched,9784063614794,わにとかげぎす（1）,standard,true,https://books.rakuten.co.jp/rb/4109734/,2026-08-22,"Exact normalized title, creator overlap, valid ISBN, standard edition, and Rakuten manga genre 001001003003."
rakuten-match-4bf5f17cb5da0a706064,candidate-4bf5f17cb5da0a706064,matched,9784800003881,あめつちだれかれそこかしこ,standard,true,https://books.rakuten.co.jp/rb/12992799/,2026-08-22,"Exact normalized title, creator overlap, valid ISBN, standard edition, and Rakuten manga genre 001001012."
rakuten-match-4c519b1e8a421d123fef,candidate-4c519b1e8a421d123fef,matched,9784091352293,月影ベイベ（1）,standard,true,https://books.rakuten.co.jp/rb/12323261/,2026-08-22,"Exact normalized title, creator overlap, valid ISBN, standard edition, and Rakuten manga genre 001001004006/001001002008."
rakuten-match-4c5e29ca09aa2086be37,candidate-4c5e29ca09aa2086be37,matched,9784088800486,磯部磯兵衛物語〜浮世はつらいよ〜 1,standard,true,https://books.rakuten.co.jp/rb/12617271/,2026-08-22,"Exact normalized title, creator overlap, valid ISBN, standard edition, and Rakuten manga genre 001001001008."
rakuten-match-4c784fc78dfd9b139c3f,candidate-4c784fc78dfd9b139c3f,matched,9784088831251,正反対な君と僕 1,standard,true,https://books.rakuten.co.jp/rb/17163482/,2026-08-22,"Exact normalized title, creator overlap, valid ISBN, standard edition, and Rakuten manga genre 001001001008."
rakuten-match-4c90a79f23cc8849ca9b,candidate-4c90a79f23cc8849ca9b,matched,9784063763324,巨悪学園（1）,standard,true,https://books.rakuten.co.jp/rb/11536526/,2026-08-22,"Exact normalized title, creator overlap, valid ISBN, standard edition, and Rakuten manga genre 001001003047."
rakuten-match-4ccde2fa2f805de60def,candidate-4ccde2fa2f805de60def,matched,9784098702817,数字であそぼ。（1),standard,true,https://books.rakuten.co.jp/rb/15701180/,2026-08-22,"Exact normalized title, creator overlap, valid ISBN, standard edition, and Rakuten manga genre 001001004006/001001002008."
rakuten-match-4d9f1108aabbace31126,candidate-4d9f1108aabbace31126,matched,9784253132534,フラグタイム（1）,standard,true,https://books.rakuten.co.jp/rb/12662647/,2026-08-22,"Exact normalized title, creator overlap, valid ISBN, standard edition, and Rakuten manga genre 001001001001."
rakuten-match-4da37cd884e6077f2072,candidate-4da37cd884e6077f2072,matched,9784091275622,舞妓さんちのまかないさん 1,standard,true,https://books.rakuten.co.jp/rb/14706683/,2026-08-22,"Exact normalized title, creator overlap, valid ISBN, standard edition, and Rakuten manga genre 001001001009."
rakuten-match-4dd5c4a6686680557ff6,candidate-4dd5c4a6686680557ff6,matched,9784088911847,シャドーハウス 1,standard,true,https://books.rakuten.co.jp/rb/15749200/,2026-08-22,"Exact normalized title, creator overlap, valid ISBN, standard edition, and Rakuten manga genre 001001003005."
rakuten-match-4dfd5bd5dd132cbde414,candidate-4dfd5bd5dd132cbde414,matched,9784838790081,きょうの猫村さん（2）,standard,true,https://books.rakuten.co.jp/rb/4051282/,2026-08-22,"Exact normalized title, creator overlap, valid ISBN, standard edition, and Rakuten manga genre 001001012."
rakuten-match-4e0e476ec9dcb9cf818c,candidate-4e0e476ec9dcb9cf818c,matched,9784063524154,いとしのムーコ（1）,standard,true,https://books.rakuten.co.jp/rb/11605736/,2026-08-22,"Exact normalized title, creator overlap, valid ISBN, standard edition, and Rakuten manga genre 001001003021."
rakuten-match-4e0f63e18e219a3dfe32,candidate-4e0f63e18e219a3dfe32,matched,9784091282637,トニカクカワイイ 1,standard,true,https://books.rakuten.co.jp/rb/15360870/,2026-08-22,"Exact normalized title, creator overlap, valid ISBN, standard edition, and Rakuten manga genre 001001001009."
rakuten-match-4e1489bc0a69b7c21e8b,candidate-4e1489bc0a69b7c21e8b,matched,9784063522228,よんでますよ、アザゼルさん。（1）,standard,true,https://books.rakuten.co.jp/rb/5615330/,2026-08-22,"Exact normalized title, creator overlap, valid ISBN, standard edition, and Rakuten manga genre 001001003021."
rakuten-match-4e1a5779610b31ca5603,candidate-4e1a5779610b31ca5603,matched,9784091325150,俎上の鯉は二度跳ねる,standard,true,https://books.rakuten.co.jp/rb/6054611/,2026-08-22,"Exact normalized title, creator overlap, valid ISBN, standard edition, and Rakuten manga genre 001001004006/001001002008."
rakuten-match-4e58f4d7e699b0785724,candidate-4e58f4d7e699b0785724,matched,9784088465609,ヒロイン失格（1）,standard,true,https://books.rakuten.co.jp/rb/6573439/,2026-08-22,"Exact normalized title, creator overlap, valid ISBN, standard edition, and Rakuten manga genre 001001002006."
rakuten-match-4e60b9906a3188ec9209,candidate-4e60b9906a3188ec9209,matched,9784757563131,履いてください、鷹峰さん（1）,standard,true,https://books.rakuten.co.jp/rb/16012841/,2026-08-22,"Exact normalized title, creator overlap, valid ISBN, standard edition, and Rakuten manga genre 001001003050."
rakuten-match-4e8f5e4496b2118413e6,candidate-4e8f5e4496b2118413e6,matched,9784575841114,ライジングサン（1）,standard,true,https://books.rakuten.co.jp/rb/11739574/,2026-08-22,"Exact normalized title, creator overlap, valid ISBN, standard edition, and Rakuten manga genre 001001003026."
rakuten-match-4ea3eb779047209c27d8,candidate-4ea3eb779047209c27d8,matched,9784088938493,喫茶牢獄 1,standard,true,https://books.rakuten.co.jp/rb/18341531/,2026-08-22,"Exact normalized title, creator overlap, valid ISBN, standard edition, and Rakuten manga genre 001001003005."
rakuten-match-4eda8d2a9b04837b0e29,candidate-4eda8d2a9b04837b0e29,matched,9784065105863,ブルーピリオド（1）,standard,true,https://books.rakuten.co.jp/rb/15255021/,2026-08-22,"Exact normalized title, creator overlap, valid ISBN, standard edition, and Rakuten manga genre 001001003015."
rakuten-match-4f4175c6c19e963c46b4,candidate-4f4175c6c19e963c46b4,matched,9784088567433,山本善次朗と申します（第1巻）,standard,true,https://books.rakuten.co.jp/rb/4379933/,2026-08-22,"Exact normalized title, creator overlap, valid ISBN, standard edition, and Rakuten manga genre 001001002007."
rakuten-match-4f5a5e1c022ed0efcd6e,candidate-4f5a5e1c022ed0efcd6e,matched,9784757744233,デボネア・ドライブ（1）,standard,true,https://books.rakuten.co.jp/rb/5858844/,2026-08-22,"Exact normalized title, creator overlap, valid ISBN, standard edition, and Rakuten manga genre 001001003023."
rakuten-match-4f72ecfc3f99fd8a1286,candidate-4f72ecfc3f99fd8a1286,matched,9784840125246,スコペロ　1,standard,true,https://books.rakuten.co.jp/rb/5975713/,2026-08-22,"Exact normalized title, creator overlap, valid ISBN, standard edition, and Rakuten manga genre 001001012."
rakuten-match-4fbfbe587493acba3a24,candidate-4fbfbe587493acba3a24,matched,9784065352151,平成敗残兵すみれちゃん（1）,standard,true,https://books.rakuten.co.jp/rb/17767479/,2026-08-22,"Exact normalized title, creator overlap, valid ISBN, standard edition, and Rakuten manga genre 001001003003."
rakuten-match-4ff04bf87231d4574769,candidate-4ff04bf87231d4574769,matched,9784091886316,I【アイ】（3）,standard,true,https://books.rakuten.co.jp/rb/12380415/,2026-08-22,"Exact normalized title, creator overlap, valid ISBN, standard edition, and Rakuten manga genre 001001003041."
rakuten-match-500bf1972a4c3b840ded,candidate-500bf1972a4c3b840ded,matched,9784063883657,コンプレックス・エイジ（1）,standard,true,https://books.rakuten.co.jp/rb/12882093/,2026-08-22,"Exact normalized title, creator overlap, valid ISBN, standard edition, and Rakuten manga genre 001001003004."
rakuten-match-502d99ee8ad948bf6944,candidate-502d99ee8ad948bf6944,matched,9784063524772,さよならタマちゃん,standard,true,https://books.rakuten.co.jp/rb/12418810/,2026-08-22,"Exact normalized title, creator overlap, valid ISBN, standard edition, and Rakuten manga genre 001001003021."
rakuten-match-504b8583675a177bd69b,candidate-504b8583675a177bd69b,matched,9784091384010,砂時計（1）,standard,true,https://books.rakuten.co.jp/rb/1587351/,2026-08-22,"Exact normalized title, creator overlap, valid ISBN, standard edition, and Rakuten manga genre 001001004006/001001002008."
rakuten-match-50622a5e07468f8c0df9,candidate-50622a5e07468f8c0df9,matched,9784088795652,イノサン（1）,standard,true,https://books.rakuten.co.jp/rb/12326376/,2026-08-22,"Exact normalized title, creator overlap, valid ISBN, standard edition, and Rakuten manga genre 001001003005."
rakuten-match-5091a08263efab2438bd,candidate-5091a08263efab2438bd,matched,9784091212931,金剛番長（1）,standard,true,https://books.rakuten.co.jp/rb/5360922/,2026-08-22,"Exact normalized title, creator overlap, valid ISBN, standard edition, and Rakuten manga genre 001001001009."
rakuten-match-50ad1e8e5c1a9a9d7aa3,candidate-50ad1e8e5c1a9a9d7aa3,matched,9784063872262,ラティーノ（1）,standard,true,https://books.rakuten.co.jp/rb/12328340/,2026-08-22,"Exact normalized title, creator overlap, valid ISBN, standard edition, and Rakuten manga genre 001001003004."
rakuten-match-50afa45b590e1bd55fa1,candidate-50afa45b590e1bd55fa1,matched,9784098611171,東京ヒゴロ（1）,standard,true,https://books.rakuten.co.jp/rb/16795257/,2026-08-22,"Exact normalized title, creator overlap, valid ISBN, standard edition, and Rakuten manga genre 001001003009."
rakuten-match-510920fd67d322029cad,candidate-510920fd67d322029cad,matched,9784063106367,ハルシオン・ランチ（1）,standard,true,https://books.rakuten.co.jp/rb/6373949/,2026-08-22,"Exact normalized title, creator overlap, valid ISBN, standard edition, and Rakuten manga genre 001001003015."
rakuten-match-5123e49da8a50eaade9c,candidate-5123e49da8a50eaade9c,matched,9784063524895,実在ゲキウマ地酒日記（1）,standard,true,https://books.rakuten.co.jp/rb/12501529/,2026-08-22,"Exact normalized title, creator overlap, valid ISBN, standard edition, and Rakuten manga genre 001001003021."
rakuten-match-518d7ed42dd9253679c3,candidate-518d7ed42dd9253679c3,matched,9784091830418,墨攻（1）,standard,true,https://books.rakuten.co.jp/rb/555187/,2026-08-22,"Exact normalized title, creator overlap, valid ISBN, standard edition, and Rakuten manga genre 001001003009."
rakuten-match-51a42ef829c4de88c911,candidate-51a42ef829c4de88c911,matched,9784041074848,夫婦以上、恋人未満。　（1）,standard,true,https://books.rakuten.co.jp/rb/15630374/,2026-08-22,"Exact normalized title, creator overlap, valid ISBN, standard edition, and Rakuten manga genre 001001003059."
rakuten-match-51a4ae214648dbf12478,candidate-51a4ae214648dbf12478,matched,9784091825506,ももんち,standard,true,https://books.rakuten.co.jp/rb/6028101/,2026-08-22,"Exact normalized title, creator overlap, valid ISBN, standard edition, and Rakuten manga genre 001001003009."
rakuten-match-51bd6adb1e1c3afb0374,candidate-51bd6adb1e1c3afb0374,matched,9784063950502,アルスラーン戦記（1）,standard,true,https://books.rakuten.co.jp/rb/12689696/,2026-08-22,"Exact normalized title, creator overlap, valid ISBN, standard edition, and Rakuten manga genre 001001001006."
rakuten-match-521d1f38e767ab1d4af4,candidate-521d1f38e767ab1d4af4,matched,9784088461939,悪魔とラブソング（1）,standard,true,https://books.rakuten.co.jp/rb/4422709/,2026-08-22,"Exact normalized title, creator overlap, valid ISBN, standard edition, and Rakuten manga genre 001001002006."
rakuten-match-5225892c29f17471e277,candidate-5225892c29f17471e277,matched,9784088655550,P．S．アイラブユー,standard,true,https://books.rakuten.co.jp/rb/6166306/,2026-08-22,"Exact normalized title, creator overlap, valid ISBN, standard edition, and Rakuten manga genre 001001002011."
rakuten-match-52fee99827626be2d8d4,candidate-52fee99827626be2d8d4,matched,9784832295230,エイティエイトを2でわって　1,standard,true,https://books.rakuten.co.jp/rb/17693078/,2026-08-22,"Exact normalized title, creator overlap, valid ISBN, standard edition, and Rakuten manga genre 001001003053/001001003035."
rakuten-match-5340c060bb9129c1df57,candidate-5340c060bb9129c1df57,matched,9784091282088,金剛寺さんは面倒臭い（1）,standard,true,https://books.rakuten.co.jp/rb/15332278/,2026-08-22,"Exact normalized title, creator overlap, valid ISBN, standard edition, and Rakuten manga genre 001001003048."
rakuten-match-534e2816c5c98956ffe4,candidate-534e2816c5c98956ffe4,matched,9784107716736,パラダイスバード（1）,standard,true,https://books.rakuten.co.jp/rb/11771585/,2026-08-22,"Exact normalized title, creator overlap, valid ISBN, standard edition, and Rakuten manga genre 001001003022."
rakuten-match-5394728c1ca244a0567a,candidate-5394728c1ca244a0567a,matched,9784091271792,双亡亭壊すべし（1),standard,true,https://books.rakuten.co.jp/rb/14275098/,2026-08-22,"Exact normalized title, creator overlap, valid ISBN, standard edition, and Rakuten manga genre 001001001009."
rakuten-match-539a684079e86fe0ab53,candidate-539a684079e86fe0ab53,matched,9784063807271,星くずドロップ（1）,standard,true,https://books.rakuten.co.jp/rb/12961326/,2026-08-22,"Exact normalized title, creator overlap, valid ISBN, standard edition, and Rakuten manga genre 001001012."
rakuten-match-53e54c95f637b66c4fb2,candidate-53e54c95f637b66c4fb2,matched,9784091202116,がんばれ元気（1）,standard,true,https://books.rakuten.co.jp/rb/376287/,2026-08-22,"Exact normalized title, creator overlap, valid ISBN, standard edition, and Rakuten manga genre 001001001009."
rakuten-match-53eaab555f405b99ea75,candidate-53eaab555f405b99ea75,matched,9784812483787,GBパーク,standard,true,https://books.rakuten.co.jp/rb/12346253/,2026-08-22,"Exact normalized title, creator overlap, valid ISBN, standard edition, and Rakuten manga genre 001001003044."
rakuten-match-53f05f63e741cd17ee72,candidate-53f05f63e741cd17ee72,matched,9784088930862,ドッグスレッド 1,standard,true,https://books.rakuten.co.jp/rb/17708514/,2026-08-22,"Exact normalized title, creator overlap, valid ISBN, standard edition, and Rakuten manga genre 001001003005."
rakuten-match-53fb816835ab36e40a1f,candidate-53fb816835ab36e40a1f,matched,9784088823102,アンデッドアンラック 1,standard,true,https://books.rakuten.co.jp/rb/16234574/,2026-08-22,"Exact normalized title, creator overlap, valid ISBN, standard edition, and Rakuten manga genre 001001001008."
rakuten-match-5402adec0b3d726fdc43,candidate-5402adec0b3d726fdc43,matched,9784091302458,僕の初恋をキミに捧ぐ（1）,standard,true,https://books.rakuten.co.jp/rb/3679890/,2026-08-22,"Exact normalized title, creator overlap, valid ISBN, standard edition, and Rakuten manga genre 001001004006/001001002008."
rakuten-match-5408c1ad813b876ee13f,candidate-5408c1ad813b876ee13f,matched,9784063842760,進撃の巨人（1）,standard,true,https://books.rakuten.co.jp/rb/6380121/,2026-08-22,"Exact normalized title, creator overlap, valid ISBN, standard edition, and Rakuten manga genre 001001001006."
rakuten-match-540d5788c906bfcc7234,candidate-540d5788c906bfcc7234,matched,9784396767952,後ハッピーマニア（1）,standard,true,https://books.rakuten.co.jp/rb/16324676/,2026-08-22,"Exact normalized title, creator overlap, valid ISBN, standard edition, and Rakuten manga genre 001001012."
rakuten-match-544a6417f8c8f73e1a37,candidate-544a6417f8c8f73e1a37,matched,9784091855312,20世紀少年（1）,standard,true,https://books.rakuten.co.jp/rb/1127311/,2026-08-22,"Exact normalized title, creator overlap, valid ISBN, standard edition, and Rakuten manga genre 001001003009."
rakuten-match-54bf1699bfd014afa208,candidate-54bf1699bfd014afa208,matched,9784088826967,ウィッチウォッチ 1,standard,true,https://books.rakuten.co.jp/rb/16722701/,2026-08-22,"Exact normalized title, creator overlap, valid ISBN, standard edition, and Rakuten manga genre 001001001008."
rakuten-match-550261dd739b9ff83611,candidate-550261dd739b9ff83611,matched,9784812461709,よにんぐらし（1）,standard,true,https://books.rakuten.co.jp/rb/3545352/,2026-08-22,"Exact normalized title, creator overlap, valid ISBN, standard edition, and Rakuten manga genre 001001003044."
rakuten-match-550854424fc9cc94d585,candidate-550854424fc9cc94d585,matched,9784040661001,高杉さん家のおべんとう　1,standard,true,https://books.rakuten.co.jp/rb/17971343/,2026-08-22,"Exact normalized title, creator overlap, valid ISBN, standard edition, and Rakuten manga genre 001001012."
rakuten-match-5527725f0c3bf381e6d3,candidate-5527725f0c3bf381e6d3,matched,9784812481219,ブックイーター（1）,standard,true,https://books.rakuten.co.jp/rb/12200184/,2026-08-22,"Exact normalized title, creator overlap, valid ISBN, standard edition, and Rakuten manga genre 001001003044."
rakuten-match-553a5452dad416fd8800,candidate-553a5452dad416fd8800,matched,9784091824561,中春こまわり君,standard,true,https://books.rakuten.co.jp/rb/5962639/,2026-08-22,"Exact normalized title, creator overlap, valid ISBN, standard edition, and Rakuten manga genre 001001003009."
rakuten-match-5546d6a69fb258a943c2,candidate-5546d6a69fb258a943c2,matched,9784403670862,坊主DAYS,standard,true,https://books.rakuten.co.jp/rb/6243117/,2026-08-22,"Exact normalized title, creator overlap, valid ISBN, standard edition, and Rakuten manga genre 001001002012/001008004003."
rakuten-match-555bfdff9e7e5e6c8d11,candidate-555bfdff9e7e5e6c8d11,matched,9784575841480,銀のニーナ（1）,standard,true,https://books.rakuten.co.jp/rb/11913960/,2026-08-22,"Exact normalized title, creator overlap, valid ISBN, standard edition, and Rakuten manga genre 001001003026."
rakuten-match-5577e7229dee82594d6c,candidate-5577e7229dee82594d6c,matched,9784575842494,千と万（1）,standard,true,https://books.rakuten.co.jp/rb/12326460/,2026-08-22,"Exact normalized title, creator overlap, valid ISBN, standard edition, and Rakuten manga genre 001001003026."
rakuten-match-5579a3b5321f874d6c14,candidate-5579a3b5321f874d6c14,matched,9784758076692,たとえとどかぬ糸だとしても（1）,standard,true,https://books.rakuten.co.jp/rb/14895167/,2026-08-22,"Exact normalized title, creator overlap, valid ISBN, standard edition, and Rakuten manga genre 001001003043/001001002025/001001002024/001001002018."
rakuten-match-557c4ffa7e2888066c1d,candidate-557c4ffa7e2888066c1d,matched,9784063872705,あそびあい（1）,standard,true,https://books.rakuten.co.jp/rb/12549608/,2026-08-22,"Exact normalized title, creator overlap, valid ISBN, standard edition, and Rakuten manga genre 001001003004."
rakuten-match-55d2c61694878eb046d5,candidate-55d2c61694878eb046d5,matched,9784098700295,ミステリと言う勿れ 1,standard,true,https://books.rakuten.co.jp/rb/15267583/,2026-08-22,"Exact normalized title, creator overlap, valid ISBN, standard edition, and Rakuten manga genre 001001004006/001001002008."
rakuten-match-55e3193c95b2f4c2e944,candidate-55e3193c95b2f4c2e944,matched,9784063774313,紺田照の合法レシピ（1）,standard,true,https://books.rakuten.co.jp/rb/13593028/,2026-08-22,"Exact normalized title, creator overlap, valid ISBN, standard edition, and Rakuten manga genre 001001012."
rakuten-match-5625fc2de8c5a33e98b2,candidate-5625fc2de8c5a33e98b2,matched,9784065162231,可愛いだけじゃない式守さん（1）,standard,true,https://books.rakuten.co.jp/rb/15862307/,2026-08-22,"Exact normalized title, creator overlap, valid ISBN, standard edition, and Rakuten manga genre 001001012."
rakuten-match-567d2c0eeaaaa26dfe60,candidate-567d2c0eeaaaa26dfe60,matched,9784091818683,キーチVS（1）,standard,true,https://books.rakuten.co.jp/rb/5547061/,2026-08-22,"Exact normalized title, creator overlap, valid ISBN, standard edition, and Rakuten manga genre 001001003009."
rakuten-match-56cfe3f157c6da083f35,candidate-56cfe3f157c6da083f35,matched,9784063770285,人は見た目が100パーセント（1）,standard,true,https://books.rakuten.co.jp/rb/12811335/,2026-08-22,"Exact normalized title, creator overlap, valid ISBN, standard edition, and Rakuten manga genre 001001012."
rakuten-match-56e45e2dd0d00d5f24a8,candidate-56e45e2dd0d00d5f24a8,matched,9784864687775,ブランクスペース（1）,standard,true,https://books.rakuten.co.jp/rb/16544436/,2026-08-22,"Exact normalized title, creator overlap, valid ISBN, standard edition, and Rakuten manga genre 001001012."
rakuten-match-5702b6d631ece35b62ea,candidate-5702b6d631ece35b62ea,matched,9784065400357,「壇蜜」（1）,standard,true,https://books.rakuten.co.jp/rb/18243027/,2026-08-22,"Exact normalized title, creator overlap, valid ISBN, standard edition, and Rakuten manga genre 001001003004."
rakuten-match-574a0d3c5c25d8741ba5,candidate-574a0d3c5c25d8741ba5,matched,9784832295315,しゅがー・みーつ・がーる！　1,standard,true,https://books.rakuten.co.jp/rb/17750139/,2026-08-22,"Exact normalized title, creator overlap, valid ISBN, standard edition, and Rakuten manga genre 001001003053/001001003035."
rakuten-match-578a883b485b57393ea9,candidate-578a883b485b57393ea9,matched,9784049520972,ちゃんと好きって言える子無双（1）,standard,true,https://books.rakuten.co.jp/rb/18500858/,2026-08-22,"Exact normalized title, creator overlap, valid ISBN, standard edition, and Rakuten manga genre 001001003046."
rakuten-match-57a5e6cde2616095fb4b,candidate-57a5e6cde2616095fb4b,matched,9784091252012,犬夜叉（1）,standard,true,https://books.rakuten.co.jp/rb/877268/,2026-08-22,"Exact normalized title, creator overlap, valid ISBN, standard edition, and Rakuten manga genre 001001001009."
rakuten-match-57e57ac2ef9687d8c2ce,candidate-57e57ac2ef9687d8c2ce,matched,9784063872361,僕は問題ありません,standard,true,https://books.rakuten.co.jp/rb/12418813/,2026-08-22,"Exact normalized title, creator overlap, valid ISBN, standard edition, and Rakuten manga genre 001001003004."
rakuten-match-57f00e4a2130d5a0fa70,candidate-57f00e4a2130d5a0fa70,matched,9784048656535,新米姉妹のふたりごはん1,standard,true,https://books.rakuten.co.jp/rb/13457722/,2026-08-22,"Exact normalized title, creator overlap, valid ISBN, standard edition, and Rakuten manga genre 001001003046."
rakuten-match-580d12e46b72fad34332,candidate-580d12e46b72fad34332,matched,9784253130615,さくらの園（1）,standard,true,https://books.rakuten.co.jp/rb/12866404/,2026-08-22,"Exact normalized title, creator overlap, valid ISBN, standard edition, and Rakuten manga genre 001001001001."
rakuten-match-58191c032908b92d1955,candidate-58191c032908b92d1955,matched,9784883792979,ダニー・ボーイ,standard,true,https://books.rakuten.co.jp/rb/6147894/,2026-08-22,"Exact normalized title, creator overlap, valid ISBN, standard edition, and Rakuten manga genre 001001012."
rakuten-match-58516b2e576ac0229077,candidate-58516b2e576ac0229077,matched,9784803010138,魔王の秘書（1）,standard,true,https://books.rakuten.co.jp/rb/14668044/,2026-08-22,"Exact normalized title, creator overlap, valid ISBN, standard edition, and Rakuten manga genre 001001012."
rakuten-match-587a29e5d045707f9c8f,candidate-587a29e5d045707f9c8f,matched,9784575844054,小林さんちのメイドラゴン（1）,standard,true,https://books.rakuten.co.jp/rb/12724521/,2026-08-22,"Exact normalized title, creator overlap, valid ISBN, standard edition, and Rakuten manga genre 001001003026."
rakuten-match-58d26f92c06526c31c24,candidate-58d26f92c06526c31c24,matched,9784063825633,ザ・ファブル（01）,standard,true,https://books.rakuten.co.jp/rb/13115868/,2026-08-22,"Exact normalized title, creator overlap, valid ISBN, standard edition, and Rakuten manga genre 001001003003."
rakuten-match-590b60fe2d2ea5ac62cd,candidate-590b60fe2d2ea5ac62cd,matched,9784088462882,少女少年学級団（1）,standard,true,https://books.rakuten.co.jp/rb/5583847/,2026-08-22,"Exact normalized title, creator overlap, valid ISBN, standard edition, and Rakuten manga genre 001001002006."
rakuten-match-590b8ecced818130cf51,candidate-590b8ecced818130cf51,matched,9784396765637,あなたのことはそれほど（1）,standard,true,https://books.rakuten.co.jp/rb/11942053/,2026-08-22,"Exact normalized title, creator overlap, valid ISBN, standard edition, and Rakuten manga genre 001001004008."
rakuten-match-5915d6d7601377fcc75f,candidate-5915d6d7601377fcc75f,matched,9784592183730,赤髪の白雪姫（第1巻）,standard,true,https://books.rakuten.co.jp/rb/5097571/,2026-08-22,"Exact normalized title, creator overlap, valid ISBN, standard edition, and Rakuten manga genre 001001002009."
rakuten-match-5924760a1dde711fff88,candidate-5924760a1dde711fff88,matched,9784834210019,キャプテン（1）,standard,true,https://books.rakuten.co.jp/rb/1106653/,2026-08-22,"Exact normalized title, creator overlap, valid ISBN, standard edition, and Rakuten manga genre 001001001008."
rakuten-match-592efc68f5adaed3e2ff,candidate-592efc68f5adaed3e2ff,matched,9784063757040,アイゼンファウスト天保忍者伝（1）,standard,true,https://books.rakuten.co.jp/rb/6029452/,2026-08-22,"Exact normalized title, creator overlap, valid ISBN, standard edition, and Rakuten manga genre 001001012."
rakuten-match-595cf1b66258257c1daa,candidate-595cf1b66258257c1daa,matched,9784592197317,なかじまなかじま（1）,standard,true,https://books.rakuten.co.jp/rb/11903830/,2026-08-22,"Exact normalized title, creator overlap, valid ISBN, standard edition, and Rakuten manga genre 001001002009."
rakuten-match-595e4f93113111f5416a,candidate-595e4f93113111f5416a,matched,9784063729320,僕はビートルズ（1）,standard,true,https://books.rakuten.co.jp/rb/6639669/,2026-08-22,"Exact normalized title, creator overlap, valid ISBN, standard edition, and Rakuten manga genre 001001003004."
rakuten-match-598b59b6153e22e56da2,candidate-598b59b6153e22e56da2,matched,9784063726619,エンゼルバンク（1）,standard,true,https://books.rakuten.co.jp/rb/5298393/,2026-08-22,"Exact normalized title, creator overlap, valid ISBN, standard edition, and Rakuten manga genre 001001003004."
rakuten-match-59cf691b7487a62a4077,candidate-59cf691b7487a62a4077,matched,9784592196112,ぽちゃまに（1）,standard,true,https://books.rakuten.co.jp/rb/11903828/,2026-08-22,"Exact normalized title, creator overlap, valid ISBN, standard edition, and Rakuten manga genre 001001002009."
rakuten-match-5a197c8c67ae395c17be,candidate-5a197c8c67ae395c17be,matched,9784091885845,BABEL（1）,standard,true,https://books.rakuten.co.jp/rb/11604098/,2026-08-22,"Exact normalized title, creator overlap, valid ISBN, standard edition, and Rakuten manga genre 001001003041."
rakuten-match-5a5b5d57acd7c35aebb0,candidate-5a5b5d57acd7c35aebb0,matched,9784575939361,真・異種格闘大戦（1）,standard,true,https://books.rakuten.co.jp/rb/1768553/,2026-08-22,"Exact normalized title, creator overlap, valid ISBN, standard edition, and Rakuten manga genre 001001003026."
rakuten-match-5aa2f441d3b351430f31,candidate-5aa2f441d3b351430f31,matched,9784592185314,俺様ティーチャー（1）,standard,true,https://books.rakuten.co.jp/rb/5296157/,2026-08-22,"Exact normalized title, creator overlap, valid ISBN, standard edition, and Rakuten manga genre 001001002009."
rakuten-match-5ab1b890f441d79d8f2d,candidate-5ab1b890f441d79d8f2d,matched,9784048663250,苺ましまろ（1）,standard,true,https://books.rakuten.co.jp/rb/15249329/,2026-08-22,"Exact normalized title, creator overlap, valid ISBN, standard edition, and Rakuten manga genre 001001003046."
rakuten-match-5ac2e816cd96e6c5d795,candidate-5ac2e816cd96e6c5d795,matched,9784199500985,ねこむすめ道草日記（1）,standard,true,https://books.rakuten.co.jp/rb/5877736/,2026-08-22,"Exact normalized title, creator overlap, valid ISBN, standard edition, and Rakuten manga genre 001001012."
rakuten-match-5ad2d778cc989ba7fd2a,candidate-5ad2d778cc989ba7fd2a,matched,9784575842388,富士山さんは思春期（1）,standard,true,https://books.rakuten.co.jp/rb/12271070/,2026-08-22,"Exact normalized title, creator overlap, valid ISBN, standard edition, and Rakuten manga genre 001001003026."
rakuten-match-5ad62e6413f67d351f1d,candidate-5ad62e6413f67d351f1d,matched,9784785932909,天にひびき（1）,standard,true,https://books.rakuten.co.jp/rb/6243302/,2026-08-22,"Exact normalized title, creator overlap, valid ISBN, standard edition, and Rakuten manga genre 001001003049/001001003017."
rakuten-match-5b2987a5b9f05de7769a,candidate-5b2987a5b9f05de7769a,matched,9784253062053,男どアホウ甲子園（1）,standard,true,https://books.rakuten.co.jp/rb/960603/,2026-08-22,"Exact normalized title, creator overlap, valid ISBN, standard edition, and Rakuten manga genre 001001003002."
rakuten-match-5b4dc4e6e966436b2990,candidate-5b4dc4e6e966436b2990,matched,9784592177098,人形芝居 1,standard,true,https://books.rakuten.co.jp/rb/1011238/,2026-08-22,"Exact normalized title, creator overlap, valid ISBN, standard edition, and Rakuten manga genre 001001002009."
rakuten-match-5b63d3327587170a0e1e,candidate-5b63d3327587170a0e1e,matched,9784785925413,愛気（1）,standard,true,https://books.rakuten.co.jp/rb/3569139/,2026-08-22,"Exact normalized title, creator overlap, valid ISBN, standard edition, and Rakuten manga genre 001001003049/001001003017."
rakuten-match-5b7cf2105a4bc6f6b46c,candidate-5b7cf2105a4bc6f6b46c,matched,9784253261012,クジラの子らは砂上に歌う,standard,true,https://books.rakuten.co.jp/rb/12550138/,2026-08-22,"Exact normalized title, creator overlap, valid ISBN, standard edition, and Rakuten manga genre 001001012."
rakuten-match-5b9a3ec60ac5fc90f444,candidate-5b9a3ec60ac5fc90f444,matched,9784800002846,魔法使いの嫁（1）,standard,true,https://books.rakuten.co.jp/rb/12690122/,2026-08-22,"Exact normalized title, creator overlap, valid ISBN, standard edition, and Rakuten manga genre 001001003058."
rakuten-match-5baea1ce0e7e74df34b9,candidate-5baea1ce0e7e74df34b9,matched,9784063728224,刻刻（1）,standard,true,https://books.rakuten.co.jp/rb/6144821/,2026-08-22,"Exact normalized title, creator overlap, valid ISBN, standard edition, and Rakuten manga genre 001001003004."
rakuten-match-5bb381c9a795df5c1413,candidate-5bb381c9a795df5c1413,matched,9784065170076,うちの師匠はしっぽがない（1）,standard,true,https://books.rakuten.co.jp/rb/16014781/,2026-08-22,"Exact normalized title, creator overlap, valid ISBN, standard edition, and Rakuten manga genre 001001003015."
rakuten-match-5bdc75180460ced2580e,candidate-5bdc75180460ced2580e,matched,9784041166093,境界のメロディ　(1),standard,true,https://books.rakuten.co.jp/rb/18310093/,2026-08-22,"Exact normalized title, creator overlap, valid ISBN, standard edition, and Rakuten manga genre 001001003059."
rakuten-match-5c087d77d180e30fe3dd,candidate-5c087d77d180e30fe3dd,matched,9784065329986,恋せよまやかし天使ども（1）,standard,true,https://books.rakuten.co.jp/rb/17602717/,2026-08-22,"Exact normalized title, creator overlap, valid ISBN, standard edition, and Rakuten manga genre 001001002014."
rakuten-match-5c6791284752dea2d661,candidate-5c6791284752dea2d661,matched,9784088671130,吐息と稲妻,standard,true,https://books.rakuten.co.jp/rb/7000284/,2026-08-22,"Exact normalized title, creator overlap, valid ISBN, standard edition, and Rakuten manga genre 001001002007."
rakuten-match-5ca6f1a04878978f9e5c,candidate-5ca6f1a04878978f9e5c,matched,9784575940787,街角花だより,standard,true,https://books.rakuten.co.jp/rb/4293324/,2026-08-22,"Exact normalized title, creator overlap, valid ISBN, standard edition, and Rakuten manga genre 001001003026."
rakuten-match-5cafd57db6b870a71a05,candidate-5cafd57db6b870a71a05,matched,9784091247216,機動警察パトレイバー（1）,standard,true,https://books.rakuten.co.jp/rb/739903/,2026-08-22,"Exact normalized title, creator overlap, valid ISBN, standard edition, and Rakuten manga genre 001001001009."
rakuten-match-5ce35f71e0a90cb8fd95,candidate-5ce35f71e0a90cb8fd95,matched,9784091263919,焼きたて！！ジャぱん（1）,standard,true,https://books.rakuten.co.jp/rb/1426875/,2026-08-22,"Exact normalized title, creator overlap, valid ISBN, standard edition, and Rakuten manga genre 001001001009."
rakuten-match-5cf2537c41f9ca296ae4,candidate-5cf2537c41f9ca296ae4,matched,9784107716699,南国トムソーヤ 1,standard,true,https://books.rakuten.co.jp/rb/11726759/,2026-08-22,"Exact normalized title, creator overlap, valid ISBN, standard edition, and Rakuten manga genre 001001003022."
rakuten-match-5d1d25fba80d0044182d,candidate-5d1d25fba80d0044182d,matched,9784781608242,メンヘラちゃん　上,standard,true,https://books.rakuten.co.jp/rb/11914054/,2026-08-22,"Exact normalized title, creator overlap, valid ISBN, standard edition, and Rakuten manga genre 001001012."
rakuten-match-5d28fafc5980b72c39b6,candidate-5d28fafc5980b72c39b6,matched,9784063145359,からん（1）,standard,true,https://books.rakuten.co.jp/rb/5864033/,2026-08-22,"Exact normalized title, creator overlap, valid ISBN, standard edition, and Rakuten manga genre 001001003015."
rakuten-match-5d482661243e553d2716,candidate-5d482661243e553d2716,matched,9784061732797,漫画生物学,standard,true,https://books.rakuten.co.jp/rb/978871/,2026-08-22,"Exact normalized title, creator overlap, valid ISBN, standard edition, and Rakuten manga genre 001001012."
rakuten-match-5d60aac40d8bd36bb83f,candidate-5d60aac40d8bd36bb83f,matched,9784088455891,素敵な彼氏 1,standard,true,https://books.rakuten.co.jp/rb/14002010/,2026-08-22,"Exact normalized title, creator overlap, valid ISBN, standard edition, and Rakuten manga genre 001001002006."
rakuten-match-5dd63a5243d0adbf8a60,candidate-5dd63a5243d0adbf8a60,matched,9784065354971,どくだみの花咲くころ（1）,standard,true,https://books.rakuten.co.jp/rb/17858913/,2026-08-22,"Exact normalized title, creator overlap, valid ISBN, standard edition, and Rakuten manga genre 001001003015."
rakuten-match-5de9dc2933f8395ad898,candidate-5de9dc2933f8395ad898,matched,9784063522853,CAPTAINアリス（1）,standard,true,https://books.rakuten.co.jp/rb/6220067/,2026-08-22,"Exact normalized title, creator overlap, valid ISBN, standard edition, and Rakuten manga genre 001001003021."
rakuten-match-5e20323e014d6d390aaf,candidate-5e20323e014d6d390aaf,matched,9784091837981,あさひなぐ,standard,true,https://books.rakuten.co.jp/rb/11126631/,2026-08-22,"Exact normalized title, creator overlap, valid ISBN, standard edition, and Rakuten manga genre 001001003009."
rakuten-match-5e30ab3c7e3fb43e51f2,candidate-5e30ab3c7e3fb43e51f2,matched,9784091320094,女王の花（1）,standard,true,https://books.rakuten.co.jp/rb/5807326/,2026-08-22,"Exact normalized title, creator overlap, valid ISBN, standard edition, and Rakuten manga genre 001001004006/001001002008."
rakuten-match-5e604312a028cd1cd45c,candidate-5e604312a028cd1cd45c,matched,9784063408515,大正ガールズエクスプレス（1）,standard,true,https://books.rakuten.co.jp/rb/11229268/,2026-08-22,"Exact normalized title, creator overlap, valid ISBN, standard edition, and Rakuten manga genre 001001002005."
rakuten-match-5e7eef6cc23d9738e034,candidate-5e7eef6cc23d9738e034,matched,9784063886153,ゴールデンゴールド（1）,standard,true,https://books.rakuten.co.jp/rb/14262222/,2026-08-22,"Exact normalized title, creator overlap, valid ISBN, standard edition, and Rakuten manga genre 001001003004."
rakuten-match-5e8f5ad0820e97153fd9,candidate-5e8f5ad0820e97153fd9,matched,9784091830579,スプライト（1）,standard,true,https://books.rakuten.co.jp/rb/6314899/,2026-08-22,"Exact normalized title, creator overlap, valid ISBN, standard edition, and Rakuten manga genre 001001003009."
rakuten-match-5eafe74dcfdc64fbe5f0,candidate-5eafe74dcfdc64fbe5f0,matched,9784047384217,怪獣を解剖する 上,standard,true,https://books.rakuten.co.jp/rb/18147715/,2026-08-22,"Exact normalized title, creator overlap, valid ISBN, standard edition, and Rakuten manga genre 001001003023."
rakuten-match-5eb4b8f96b08d6d91e3e,candidate-5eb4b8f96b08d6d91e3e,matched,9784253205863,囚人リク（1）,standard,true,https://books.rakuten.co.jp/rb/11194536/,2026-08-22,"Exact normalized title, creator overlap, valid ISBN, standard edition, and Rakuten manga genre 001001003001/001001001001."
rakuten-match-5eb522c5a4b4f5cb052f,candidate-5eb522c5a4b4f5cb052f,matched,9784088914763,久保さんは僕を許さない 1,standard,true,https://books.rakuten.co.jp/rb/16193638/,2026-08-22,"Exact normalized title, creator overlap, valid ISBN, standard edition, and Rakuten manga genre 001001003005."
rakuten-match-5ebbc9bede841d2faf7b,candidate-5ebbc9bede841d2faf7b,matched,9784088451091,高台家の人々 1,standard,true,https://books.rakuten.co.jp/rb/12417181/,2026-08-22,"Exact normalized title, creator overlap, valid ISBN, standard edition, and Rakuten manga genre 001001002006."
rakuten-match-5efc931bb6240d9dc0ad,candidate-5efc931bb6240d9dc0ad,matched,9784253218481,名探偵マーニー（1）,standard,true,https://books.rakuten.co.jp/rb/12086151/,2026-08-22,"Exact normalized title, creator overlap, valid ISBN, standard edition, and Rakuten manga genre 001001003001/001001001001."
rakuten-match-5f23120a034be3aebbe7,candidate-5f23120a034be3aebbe7,matched,9784088798509,孤食ロボット（1）,standard,true,https://books.rakuten.co.jp/rb/12764933/,2026-08-22,"Exact normalized title, creator overlap, valid ISBN, standard edition, and Rakuten manga genre 001001003005."
rakuten-match-5f23f28d04aaeed489cc,candidate-5f23f28d04aaeed489cc,matched,9784088904658,ラジエーションハウス 1,standard,true,https://books.rakuten.co.jp/rb/14249273/,2026-08-22,"Exact normalized title, creator overlap, valid ISBN, standard edition, and Rakuten manga genre 001001003005."
rakuten-match-5f4e7613821fb55ebb37,candidate-5f4e7613821fb55ebb37,matched,9784091264213,ワイルドライフ（1）,standard,true,https://books.rakuten.co.jp/rb/1550394/,2026-08-22,"Exact normalized title, creator overlap, valid ISBN, standard edition, and Rakuten manga genre 001001001009."
rakuten-match-5f888deab71daaa322dc,candidate-5f888deab71daaa322dc,matched,9784403619052,美しいこと,standard,true,https://books.rakuten.co.jp/rb/5806748/,2026-08-22,"Exact normalized title, creator overlap, valid ISBN, standard edition, and Rakuten manga genre 001001002012."
rakuten-match-5fbe9161a398e544a4dc,candidate-5fbe9161a398e544a4dc,matched,9784063769647,たそがれたかこ（1）,standard,true,https://books.rakuten.co.jp/rb/12689727/,2026-08-22,"Exact normalized title, creator overlap, valid ISBN, standard edition, and Rakuten manga genre 001001012."
rakuten-match-5fc6b29f8e4455352ccf,candidate-5fc6b29f8e4455352ccf,matched,9784592146988,上野さんは不器用 1,standard,true,https://books.rakuten.co.jp/rb/14394290/,2026-08-22,"Exact normalized title, creator overlap, valid ISBN, standard edition, and Rakuten manga genre 001001012/001001003010."
rakuten-match-6051ddc30fbd59c21ed3,candidate-6051ddc30fbd59c21ed3,matched,9784091828903,パパがも一度恋をした（1）,standard,true,https://books.rakuten.co.jp/rb/6272721/,2026-08-22,"Exact normalized title, creator overlap, valid ISBN, standard edition, and Rakuten manga genre 001001003009."
rakuten-match-6083dc87d385741c9e90,candidate-6083dc87d385741c9e90,matched,9784800007025,ドラゴン、家を買う。（1）,standard,true,https://books.rakuten.co.jp/rb/15006015/,2026-08-22,"Exact normalized title, creator overlap, valid ISBN, standard edition, and Rakuten manga genre 001001003058."
rakuten-match-60f1c8ea2e940287be9d,candidate-60f1c8ea2e940287be9d,matched,9784575942859,薄命少女,standard,true,https://books.rakuten.co.jp/rb/6483884/,2026-08-22,"Exact normalized title, creator overlap, valid ISBN, standard edition, and Rakuten manga genre 001001003026."
rakuten-match-612b36fefaba0783ebc9,candidate-612b36fefaba0783ebc9,matched,9784088791357,デストロイアンドレボリューション（1）,standard,true,https://books.rakuten.co.jp/rb/11124018/,2026-08-22,"Exact normalized title, creator overlap, valid ISBN, standard edition, and Rakuten manga genre 001001003005."
rakuten-match-61a5fe43e48685c3fcf5,candidate-61a5fe43e48685c3fcf5,matched,9784091863577,健康で文化的な最低限度の生活 1,standard,true,https://books.rakuten.co.jp/rb/12835391/,2026-08-22,"Exact normalized title, creator overlap, valid ISBN, standard edition, and Rakuten manga genre 001001003009."
rakuten-match-61f2b70ee9f8217b3604,candidate-61f2b70ee9f8217b3604,matched,9784091231802,銀の匙 Silver Spoon（1）,standard,true,https://books.rakuten.co.jp/rb/11229407/,2026-08-22,"Exact normalized title, creator overlap, valid ISBN, standard edition, and Rakuten manga genre 001001001009."
rakuten-match-621170c75f41c495f8c0,candidate-621170c75f41c495f8c0,matched,9784063805147,昭和元禄落語心中（1）,standard,true,https://books.rakuten.co.jp/rb/11229309/,2026-08-22,"Exact normalized title, creator overlap, valid ISBN, standard edition, and Rakuten manga genre 001001012."
rakuten-match-6211b89f08ade71fa522,candidate-6211b89f08ade71fa522,matched,9784047305137,ふしぎの国のバード　1巻,standard,true,https://books.rakuten.co.jp/rb/13212427/,2026-08-22,"Exact normalized title, creator overlap, valid ISBN, standard edition, and Rakuten manga genre 001001003023."
rakuten-match-622381212123640cb5de,candidate-622381212123640cb5de,matched,9784778322137,愛を喰らえ！！,standard,true,https://books.rakuten.co.jp/rb/12504627/,2026-08-22,"Exact normalized title, creator overlap, valid ISBN, standard edition, and Rakuten manga genre 001001012."
rakuten-match-62289f61b425590d3f4e,candidate-62289f61b425590d3f4e,matched,9784047288133,殺風ガール,standard,true,https://books.rakuten.co.jp/rb/12199628/,2026-08-22,"Exact normalized title, creator overlap, valid ISBN, standard edition, and Rakuten manga genre 001001003023."
rakuten-match-62e51d8166d487f9e6e3,candidate-62e51d8166d487f9e6e3,matched,9784091858474,白暮のクロニクル（1）,standard,true,https://books.rakuten.co.jp/rb/12601995/,2026-08-22,"Exact normalized title, creator overlap, valid ISBN, standard edition, and Rakuten manga genre 001001003009."
rakuten-match-62f4b10c360ed028992b,candidate-62f4b10c360ed028992b,matched,9784396766214,グッドナイト（1）,standard,true,https://books.rakuten.co.jp/rb/12906528/,2026-08-22,"Exact normalized title, creator overlap, valid ISBN, standard edition, and Rakuten manga genre 001001004008."
rakuten-match-62f95597704a67f68f85,candidate-62f95597704a67f68f85,matched,9784766334432,東京都北区赤羽（1）,standard,true,https://books.rakuten.co.jp/rb/6075139/,2026-08-22,"Exact normalized title, creator overlap, valid ISBN, standard edition, and Rakuten manga genre 001001012."
rakuten-match-62fb5d8e9f6c6bbbeba9,candidate-62fb5d8e9f6c6bbbeba9,matched,9784048860499,血潜り林檎と金魚鉢男（1）,standard,true,https://books.rakuten.co.jp/rb/11364746/,2026-08-22,"Exact normalized title, creator overlap, valid ISBN, standard edition, and Rakuten manga genre 001001003046."
rakuten-match-62fbc6b2253b895e3a66,candidate-62fbc6b2253b895e3a66,matched,9784088467566,俺物語！！（1）,standard,true,https://books.rakuten.co.jp/rb/11536591/,2026-08-22,"Exact normalized title, creator overlap, valid ISBN, standard edition, and Rakuten manga genre 001001002006."
rakuten-match-6311314b8109a6669665,candidate-6311314b8109a6669665,matched,9784063407440,海月姫（01）,standard,true,https://books.rakuten.co.jp/rb/5996507/,2026-08-22,"Exact normalized title, creator overlap, valid ISBN, standard edition, and Rakuten manga genre 001001002005."
rakuten-match-634f34830600e07d8f17,candidate-634f34830600e07d8f17,matched,9784091211682,お茶にごす。（1）,standard,true,https://books.rakuten.co.jp/rb/4449821/,2026-08-22,"Exact normalized title, creator overlap, valid ISBN, standard edition, and Rakuten manga genre 001001001009."
rakuten-match-63a02701de53ec56aee7,candidate-63a02701de53ec56aee7,matched,9784832295162,好都合セミフレンド　1,standard,true,https://books.rakuten.co.jp/rb/17656458/,2026-08-22,"Exact normalized title, creator overlap, valid ISBN, standard edition, and Rakuten manga genre 001001003053/001001003035."
rakuten-match-63b43386b6985d608eb8,candidate-63b43386b6985d608eb8,matched,9784781609485,ひきだしにテラリウム,standard,true,https://books.rakuten.co.jp/rb/12200130/,2026-08-22,"Exact normalized title, creator overlap, valid ISBN, standard edition, and Rakuten manga genre 001001012."
rakuten-match-641e15c43d24c2481485,candidate-641e15c43d24c2481485,matched,9784063951387,真人キエッタ（1）,standard,true,https://books.rakuten.co.jp/rb/12809229/,2026-08-22,"Exact normalized title, creator overlap, valid ISBN, standard edition, and Rakuten manga genre 001001001006."
rakuten-match-6420394c30e480d4e3e0,candidate-6420394c30e480d4e3e0,matched,9784091867698,響〜小説家になる方法〜（1),standard,true,https://books.rakuten.co.jp/rb/13076096/,2026-08-22,"Exact normalized title, creator overlap, valid ISBN, standard edition, and Rakuten manga genre 001001003009."
rakuten-match-643cd4bcff411fdc670a,candidate-643cd4bcff411fdc670a,matched,9784088808727,約束のネバーランド 1,standard,true,https://books.rakuten.co.jp/rb/14537261/,2026-08-22,"Exact normalized title, creator overlap, valid ISBN, standard edition, and Rakuten manga genre 001001001008."
rakuten-match-6492acae38103c762359,candidate-6492acae38103c762359,matched,9784575334623,夜明けの図書館,standard,true,https://books.rakuten.co.jp/rb/11353798/,2026-08-22,"Exact normalized title, creator overlap, valid ISBN, standard edition, and Rakuten manga genre 001001012."
rakuten-match-64ac5761360bf17bba45,candidate-64ac5761360bf17bba45,matched,9784088848150,さむわんへるつ 1,standard,true,https://books.rakuten.co.jp/rb/18453653/,2026-08-22,"Exact normalized title, creator overlap, valid ISBN, standard edition, and Rakuten manga genre 001001001008."
rakuten-match-64cd212285dac5214c5f,candidate-64cd212285dac5214c5f,matched,9784592191216,帝の至宝（第1巻）,standard,true,https://books.rakuten.co.jp/rb/6218904/,2026-08-22,"Exact normalized title, creator overlap, valid ISBN, standard edition, and Rakuten manga genre 001001002009."
rakuten-match-655809e0d43ec6109015,candidate-655809e0d43ec6109015,matched,9784253216104,木曜日のフルット（1）,standard,true,https://books.rakuten.co.jp/rb/6718296/,2026-08-22,"Exact normalized title, creator overlap, valid ISBN, standard edition, and Rakuten manga genre 001001001001."
rakuten-match-65a0463696716c6f690c,candidate-65a0463696716c6f690c,matched,9784840236577,電撃4コマ　コレクション 家族ゲーム,standard,true,https://books.rakuten.co.jp/rb/4167393/,2026-08-22,"Exact normalized title, creator overlap, valid ISBN, standard edition, and Rakuten manga genre 001001003046."
rakuten-match-65c2c6157aa1dc8dd746,candidate-65c2c6157aa1dc8dd746,matched,9784253227544,BEASTARS　1,standard,true,https://books.rakuten.co.jp/rb/14596092/,2026-08-22,"Exact normalized title, creator overlap, valid ISBN, standard edition, and Rakuten manga genre 001001001001."
rakuten-match-65f856a6fa2078f21d2f,candidate-65f856a6fa2078f21d2f,matched,9784065400753,黒月のイェルクナハト（1）,standard,true,https://books.rakuten.co.jp/rb/18219051/,2026-08-22,"Exact normalized title, creator overlap, valid ISBN, standard edition, and Rakuten manga genre 001001012."
rakuten-match-66071f237c2e7c313a57,candidate-66071f237c2e7c313a57,matched,9784091273512,クロスゲーム（1）,standard,true,https://books.rakuten.co.jp/rb/3617339/,2026-08-22,"Exact normalized title, creator overlap, valid ISBN, standard edition, and Rakuten manga genre 001001001009."
rakuten-match-6647dd6573ec5b2f3252,candidate-6647dd6573ec5b2f3252,matched,9784832264892,リカってば！（1）,standard,true,https://books.rakuten.co.jp/rb/4106457/,2026-08-22,"Exact normalized title, creator overlap, valid ISBN, standard edition, and Rakuten manga genre 001001003035."
rakuten-match-6680ea8aa4ec87ba2364,candidate-6680ea8aa4ec87ba2364,matched,9784592147336,無邪気の楽園（1）,standard,true,https://books.rakuten.co.jp/rb/11509519/,2026-08-22,"Exact normalized title, creator overlap, valid ISBN, standard edition, and Rakuten manga genre 001001003010."
rakuten-match-6684d9f6258dfad423c9,candidate-6684d9f6258dfad423c9,matched,9784757532557,スカイブルー（1）,standard,true,https://books.rakuten.co.jp/rb/11194645/,2026-08-22,"Exact normalized title, creator overlap, valid ISBN, standard edition, and Rakuten manga genre 001001001002."
rakuten-match-66a2488ed4f6bdd480e1,candidate-66a2488ed4f6bdd480e1,matched,9784088771465,嘘喰い 1,standard,true,https://books.rakuten.co.jp/rb/4115432/,2026-08-22,"Exact normalized title, creator overlap, valid ISBN, standard edition, and Rakuten manga genre 001001003005."
rakuten-match-66d8e3f1756fcc9ce276,candidate-66d8e3f1756fcc9ce276,matched,9784088937458,やめろ好きになってしまう 1,standard,true,https://books.rakuten.co.jp/rb/18341529/,2026-08-22,"Exact normalized title, creator overlap, valid ISBN, standard edition, and Rakuten manga genre 001001003005."
rakuten-match-671e3453cf9e1df2ee87,candidate-671e3453cf9e1df2ee87,matched,9784091806017,陽だまりの樹（1）,standard,true,https://books.rakuten.co.jp/rb/377038/,2026-08-22,"Exact normalized title, creator overlap, valid ISBN, standard edition, and Rakuten manga genre 001001003009."
rakuten-match-672862529a341488245b,candidate-672862529a341488245b,matched,9784063106824,BUTTER！！！（1）,standard,true,https://books.rakuten.co.jp/rb/6508769/,2026-08-22,"Exact normalized title, creator overlap, valid ISBN, standard edition, and Rakuten manga genre 001001003015."
rakuten-match-6740092206a6dfce7ebb,candidate-6740092206a6dfce7ebb,matched,9784778320980,ピコピコ少年,standard,true,https://books.rakuten.co.jp/rb/6186715/,2026-08-22,"Exact normalized title, creator overlap, valid ISBN, standard edition, and Rakuten manga genre 001001012."
rakuten-match-676196eea071166d9ebb,candidate-676196eea071166d9ebb,matched,9784065275573,すだちの魔王城（1）,standard,true,https://books.rakuten.co.jp/rb/17095247/,2026-08-22,"Exact normalized title, creator overlap, valid ISBN, standard edition, and Rakuten manga genre 001001012."
rakuten-match-67d56a79da3d9a178ec2,candidate-67d56a79da3d9a178ec2,matched,9784870251410,忍ペンまん丸（1）,standard,true,https://books.rakuten.co.jp/rb/779535/,2026-08-22,"Exact normalized title, creator overlap, valid ISBN, standard edition, and Rakuten manga genre 001001001002."
rakuten-match-67dedbae06b6f916aa5b,candidate-67dedbae06b6f916aa5b,matched,9784063345568,バカ姉弟（1）,standard,true,https://books.rakuten.co.jp/rb/1451808/,2026-08-22,"Exact normalized title, creator overlap, valid ISBN, standard edition, and Rakuten manga genre 001001012."
rakuten-match-680837b0db4ec9d2932c,candidate-680837b0db4ec9d2932c,matched,9784091866066,トクサツガガガ（1),standard,true,https://books.rakuten.co.jp/rb/12961494/,2026-08-22,"Exact normalized title, creator overlap, valid ISBN, standard edition, and Rakuten manga genre 001001003009."
rakuten-match-688d64732ca3e8e89060,candidate-688d64732ca3e8e89060,matched,9784832273467,ばっどがーる　1,standard,true,https://books.rakuten.co.jp/rb/16951104/,2026-08-22,"Exact normalized title, creator overlap, valid ISBN, standard edition, and Rakuten manga genre 001001003053/001001003035."
rakuten-match-68d859ef39330accd090,candidate-68d859ef39330accd090,matched,9784757537897,鈴木さん（1）,standard,true,https://books.rakuten.co.jp/rb/11942068/,2026-08-22,"Exact normalized title, creator overlap, valid ISBN, standard edition, and Rakuten manga genre 001001001002."
rakuten-match-697868a39adc4b0467cb,candidate-697868a39adc4b0467cb,matched,9784098538676,BFF（1）,standard,true,https://books.rakuten.co.jp/rb/18082295/,2026-08-22,"Exact normalized title, creator overlap, valid ISBN, standard edition, and Rakuten manga genre 001001012."
rakuten-match-697d323a291ea56f732a,candidate-697d323a291ea56f732a,matched,9784091572592,BLACK　LAGOON（1）,standard,true,https://books.rakuten.co.jp/rb/6918247/,2026-08-22,"Exact normalized title, creator overlap, valid ISBN, standard edition, and Rakuten manga genre 001001003039."
rakuten-match-69956bdf9bad6ba947bc,candidate-69956bdf9bad6ba947bc,matched,9784091894496,バイオレンスアクション（1）,standard,true,https://books.rakuten.co.jp/rb/14648467/,2026-08-22,"Exact normalized title, creator overlap, valid ISBN, standard edition, and Rakuten manga genre 001001003009."
rakuten-match-69cbf6ddfccd6845e063,candidate-69cbf6ddfccd6845e063,matched,9784048545822,狂骨の夢　1,standard,true,https://books.rakuten.co.jp/rb/6840997/,2026-08-22,"Exact normalized title, creator overlap, valid ISBN, standard edition, and Rakuten manga genre 001001012."
rakuten-match-6a462d4dc8f82651c836,candidate-6a462d4dc8f82651c836,matched,9784088900643,IDOROLL（1）,standard,true,https://books.rakuten.co.jp/rb/12983452/,2026-08-22,"Exact normalized title, creator overlap, valid ISBN, standard edition, and Rakuten manga genre 001001003005."
rakuten-match-6a547c7beec7d7a73dc6,candidate-6a547c7beec7d7a73dc6,matched,9784063879063,宝石の国（1）,standard,true,https://books.rakuten.co.jp/rb/12376697/,2026-08-22,"Exact normalized title, creator overlap, valid ISBN, standard edition, and Rakuten manga genre 001001003015."
rakuten-match-6a9133c4ad0daf19f362,candidate-6a9133c4ad0daf19f362,matched,9784091293275,ポンコツちゃん検証中（1）,standard,true,https://books.rakuten.co.jp/rb/16004925/,2026-08-22,"Exact normalized title, creator overlap, valid ISBN, standard edition, and Rakuten manga genre 001001001009."
rakuten-match-6aa0a2432c4e363cb75a,candidate-6aa0a2432c4e363cb75a,matched,9784065225196,杖と剣のウィストリア（1）,standard,true,https://books.rakuten.co.jp/rb/16544210/,2026-08-22,"Exact normalized title, creator overlap, valid ISBN, standard edition, and Rakuten manga genre 001001001006."
rakuten-match-6aca73a811d5d55bae1c,candidate-6aca73a811d5d55bae1c,matched,9784098527830,タタリ（1）,standard,true,https://books.rakuten.co.jp/rb/17560247/,2026-08-22,"Exact normalized title, creator overlap, valid ISBN, standard edition, and Rakuten manga genre 001001001009."
rakuten-match-6ace1179feff7f17f357,candidate-6ace1179feff7f17f357,matched,9784107716880,うどんの国の金色毛鞠（1）,standard,true,https://books.rakuten.co.jp/rb/12086111/,2026-08-22,"Exact normalized title, creator overlap, valid ISBN, standard edition, and Rakuten manga genre 001001003022."
rakuten-match-6ae8e5141f75a8df7781,candidate-6ae8e5141f75a8df7781,matched,9784091335296,花にけだもの（1）,standard,true,https://books.rakuten.co.jp/rb/6873097/,2026-08-22,"Exact normalized title, creator overlap, valid ISBN, standard edition, and Rakuten manga genre 001001004006/001001002008."
rakuten-match-6b321bd2b9009a808456,candidate-6b321bd2b9009a808456,matched,9784047357693,てだれもんら 1,standard,true,https://books.rakuten.co.jp/rb/15999702/,2026-08-22,"Exact normalized title, creator overlap, valid ISBN, standard edition, and Rakuten manga genre 001001003023."
rakuten-match-6b8424158349822ebb55,candidate-6b8424158349822ebb55,matched,9784040695273,人外CPかたろぐ。（1）,standard,true,https://books.rakuten.co.jp/rb/15189944/,2026-08-22,"Exact normalized title, creator overlap, valid ISBN, standard edition, and Rakuten manga genre 001001012."
rakuten-match-6bbe7e275d0c00809904,candidate-6bbe7e275d0c00809904,matched,9784107716200,エリア51 1,standard,true,https://books.rakuten.co.jp/rb/11186550/,2026-08-22,"Exact normalized title, creator overlap, valid ISBN, standard edition, and Rakuten manga genre 001001003022."
rakuten-match-6c0700871e68b0a82ae3,candidate-6c0700871e68b0a82ae3,matched,9784592142713,おひっこし？,standard,true,https://books.rakuten.co.jp/rb/4328642/,2026-08-22,"Exact normalized title, creator overlap, valid ISBN, standard edition, and Rakuten manga genre 001001003010."
rakuten-match-6c274b0b6893d8ad8ef7,candidate-6c274b0b6893d8ad8ef7,matched,9784757736368,イムリ（1）,standard,true,https://books.rakuten.co.jp/rb/4475307/,2026-08-22,"Exact normalized title, creator overlap, valid ISBN, standard edition, and Rakuten manga genre 001001003023."
rakuten-match-6c4d17a533923de58e6a,candidate-6c4d17a533923de58e6a,matched,9784253158770,ちひろさん（1）,standard,true,https://books.rakuten.co.jp/rb/12662657/,2026-08-22,"Exact normalized title, creator overlap, valid ISBN, standard edition, and Rakuten manga genre 001001004001."
rakuten-match-6c4fa1811e7a536260d6,candidate-6c4fa1811e7a536260d6,matched,9784396460433,惑星9の休日,standard,true,https://books.rakuten.co.jp/rb/12430537/,2026-08-22,"Exact normalized title, creator overlap, valid ISBN, standard edition, and Rakuten manga genre 001001012."
rakuten-match-6c6341781c12b590864f,candidate-6c6341781c12b590864f,matched,9784091234452,鉄楽レトラ 1,standard,true,https://books.rakuten.co.jp/rb/11358074/,2026-08-22,"Exact normalized title, creator overlap, valid ISBN, standard edition, and Rakuten manga genre 001001003048."
rakuten-match-6cc5a5a8e78e48e6146b,candidate-6cc5a5a8e78e48e6146b,matched,9784396765651,リバーサイド・ネイキッドブレッド,standard,true,https://books.rakuten.co.jp/rb/12086174/,2026-08-22,"Exact normalized title, creator overlap, valid ISBN, standard edition, and Rakuten manga genre 001001004008."
rakuten-match-6cd2abbf72d8429fbe2e,candidate-6cd2abbf72d8429fbe2e,matched,9784065228272,ヒラエスは旅路の果て（1）,standard,true,https://books.rakuten.co.jp/rb/16682425/,2026-08-22,"Exact normalized title, creator overlap, valid ISBN, standard edition, and Rakuten manga genre 001001003004."
rakuten-match-6d01004d74b7b51a058d,candidate-6d01004d74b7b51a058d,matched,9784088778174,ダシマスター（1）,standard,true,https://books.rakuten.co.jp/rb/6359388/,2026-08-22,"Exact normalized title, creator overlap, valid ISBN, standard edition, and Rakuten manga genre 001001003005."
rakuten-match-6de564a546b8bdf411b9,candidate-6de564a546b8bdf411b9,matched,9784063655025,ひみこい（1）,standard,true,https://books.rakuten.co.jp/rb/5630787/,2026-08-22,"Exact normalized title, creator overlap, valid ISBN, standard edition, and Rakuten manga genre 001001002014."
rakuten-match-6deaf9311f0e9bb0c077,candidate-6deaf9311f0e9bb0c077,matched,9784592198703,兄さんと僕,standard,true,https://books.rakuten.co.jp/rb/11313836/,2026-08-22,"Exact normalized title, creator overlap, valid ISBN, standard edition, and Rakuten manga genre 001001002009."
rakuten-match-6e250c729c6fa1bcdc02,candidate-6e250c729c6fa1bcdc02,matched,9784091290953,疑似ハーレム（1）,standard,true,https://books.rakuten.co.jp/rb/15801865/,2026-08-22,"Exact normalized title, creator overlap, valid ISBN, standard edition, and Rakuten manga genre 001001003048."
rakuten-match-6e3dde80b35cc4836296,candidate-6e3dde80b35cc4836296,matched,9784088841229,願いのアストロ 1,standard,true,https://books.rakuten.co.jp/rb/17883560/,2026-08-22,"Exact normalized title, creator overlap, valid ISBN, standard edition, and Rakuten manga genre 001001001008."
rakuten-match-6e3e033ba6c1bdffe565,candidate-6e3e033ba6c1bdffe565,matched,9784396765552,ひばりの朝（1）,standard,true,https://books.rakuten.co.jp/rb/11771655/,2026-08-22,"Exact normalized title, creator overlap, valid ISBN, standard edition, and Rakuten manga genre 001001004008."
rakuten-match-6e6a9db48983aac5dc62,candidate-6e6a9db48983aac5dc62,matched,9784047364356,クプルムの花嫁　1,standard,true,https://books.rakuten.co.jp/rb/16546831/,2026-08-22,"Exact normalized title, creator overlap, valid ISBN, standard edition, and Rakuten manga genre 001001012."
rakuten-match-6f6aca43ab3d6d0d8bc4,candidate-6f6aca43ab3d6d0d8bc4,matched,9784592216193,ラブ・ミー・ぽんぽこ! 1,standard,true,https://books.rakuten.co.jp/rb/16024091/,2026-08-22,"Exact normalized title, creator overlap, valid ISBN, standard edition, and Rakuten manga genre 001001002009."
rakuten-match-6f7d6db34f5c70f3d2a7,candidate-6f7d6db34f5c70f3d2a7,matched,9784063805161,地上はポケットの中の庭,standard,true,https://books.rakuten.co.jp/rb/11229311/,2026-08-22,"Exact normalized title, creator overlap, valid ISBN, standard edition, and Rakuten manga genre 001001012."
rakuten-match-6f849a8e785deee3d5dc,candidate-6f849a8e785deee3d5dc,matched,9784088810966,怪物事変 1,standard,true,https://books.rakuten.co.jp/rb/14662583/,2026-08-22,"Exact normalized title, creator overlap, valid ISBN, standard edition, and Rakuten manga genre 001001001008."
rakuten-match-6fa158bf21c1a2e92b09,candidate-6fa158bf21c1a2e92b09,matched,9784091840677,青みゆく雪（1）,standard,true,https://books.rakuten.co.jp/rb/11322112/,2026-08-22,"Exact normalized title, creator overlap, valid ISBN, standard edition, and Rakuten manga genre 001001003009."
rakuten-match-6fc940c8e254550c8f98,candidate-6fc940c8e254550c8f98,matched,9784757549616,ヴァニタスの手記（1）,standard,true,https://books.rakuten.co.jp/rb/13854944/,2026-08-22,"Exact normalized title, creator overlap, valid ISBN, standard edition, and Rakuten manga genre 001001003050."
rakuten-match-6ff41232cf163c16653b,candidate-6ff41232cf163c16653b,matched,9784065402269,社長と酒と星（1）,standard,true,https://books.rakuten.co.jp/rb/18234578/,2026-08-22,"Exact normalized title, creator overlap, valid ISBN, standard edition, and Rakuten manga genre 001001003003."
rakuten-match-7086ab99dd139f0ea353,candidate-7086ab99dd139f0ea353,matched,9784063409352,東京タラレバ娘（1）,standard,true,https://books.rakuten.co.jp/rb/12866279/,2026-08-22,"Exact normalized title, creator overlap, valid ISBN, standard edition, and Rakuten manga genre 001001002005."
rakuten-match-7094c349d7bbcc40129b,candidate-7094c349d7bbcc40129b,matched,9784778322052,同人王,standard,true,https://books.rakuten.co.jp/rb/12346439/,2026-08-22,"Exact normalized title, creator overlap, valid ISBN, standard edition, and Rakuten manga genre 001001012."
rakuten-match-709876566e7697dc53e9,candidate-709876566e7697dc53e9,matched,9784041205570,僕だけがいない街（1）,standard,true,https://books.rakuten.co.jp/rb/12127489/,2026-08-22,"Exact normalized title, creator overlap, valid ISBN, standard edition, and Rakuten manga genre 001001003059."
rakuten-match-70d0fe9965dc9cb5e5c6,candidate-70d0fe9965dc9cb5e5c6,matched,9784091351470,12歳。1,standard,true,https://books.rakuten.co.jp/rb/12199858/,2026-08-22,"Exact normalized title, creator overlap, valid ISBN, standard edition, and Rakuten manga genre 001001002013."
rakuten-match-70d47c2956fa70767164,candidate-70d47c2956fa70767164,matched,9784047355316,有害無罪玩具,standard,true,https://books.rakuten.co.jp/rb/15768146/,2026-08-22,"Exact normalized title, creator overlap, valid ISBN, standard edition, and Rakuten manga genre 001001003023."
rakuten-match-70dbc5b693fc3fccbb6b,candidate-70dbc5b693fc3fccbb6b,matched,9784063618587,カイタン（1）,standard,true,https://books.rakuten.co.jp/rb/6272576/,2026-08-22,"Exact normalized title, creator overlap, valid ISBN, standard edition, and Rakuten manga genre 001001003003."
rakuten-match-71527cb7fe3f42ef36ca,candidate-71527cb7fe3f42ef36ca,matched,9784088568645,絶叫学級（1）,standard,true,https://books.rakuten.co.jp/rb/5929318/,2026-08-22,"Exact normalized title, creator overlap, valid ISBN, standard edition, and Rakuten manga genre 001001002007."
rakuten-match-715f201d0df3b3a6805e,candidate-715f201d0df3b3a6805e,matched,9784088708249,SOUL CATCHER（S）（1）,standard,true,https://books.rakuten.co.jp/rb/12404261/,2026-08-22,"Exact normalized title, creator overlap, valid ISBN, standard edition, and Rakuten manga genre 001001001008."
rakuten-match-716101e001160197c4f5,candidate-716101e001160197c4f5,matched,9784048933186,吸血鬼ちゃん×後輩ちゃん1,standard,true,https://books.rakuten.co.jp/rb/15083844/,2026-08-22,"Exact normalized title, creator overlap, valid ISBN, standard edition, and Rakuten manga genre 001001003046."
rakuten-match-719e76feacfde2877323,candidate-719e76feacfde2877323,matched,9784098544554,ふたりバス（1）,standard,true,https://books.rakuten.co.jp/rb/18493285/,2026-08-22,"Exact normalized title, creator overlap, valid ISBN, standard edition, and Rakuten manga genre 001001001009."
rakuten-match-71e824df2e6bc2125294,candidate-71e824df2e6bc2125294,matched,9784088826578,SAKAMOTO DAYS 1,standard,true,https://books.rakuten.co.jp/rb/16655172/,2026-08-22,"Exact normalized title, creator overlap, valid ISBN, standard edition, and Rakuten manga genre 001001001008."
rakuten-match-722055953f15b0130549,candidate-722055953f15b0130549,matched,9784063406351,苺田さんの話（1）,standard,true,https://books.rakuten.co.jp/rb/4267723/,2026-08-22,"Exact normalized title, creator overlap, valid ISBN, standard edition, and Rakuten manga genre 001001002005."
rakuten-match-722251ce58a03d2b6985,candidate-722251ce58a03d2b6985,matched,9784107721044,極主夫道 1,standard,true,https://books.rakuten.co.jp/rb/15544443/,2026-08-22,"Exact normalized title, creator overlap, valid ISBN, standard edition, and Rakuten manga genre 001001003022."
rakuten-match-723a9fd1a730426c54a2,candidate-723a9fd1a730426c54a2,matched,9784396764845,オハナホロホロ,standard,true,https://books.rakuten.co.jp/rb/6272800/,2026-08-22,"Exact normalized title, creator overlap, valid ISBN, standard edition, and Rakuten manga genre 001001004008."
rakuten-match-724c064d491faf4c7414,candidate-724c064d491faf4c7414,matched,9784063521061,もやしもん（1）,standard,true,https://books.rakuten.co.jp/rb/3566736/,2026-08-22,"Exact normalized title, creator overlap, valid ISBN, standard edition, and Rakuten manga genre 001001003021."
rakuten-match-7263fe749c8d032e8cf1,candidate-7263fe749c8d032e8cf1,matched,9784091824615,風の大地（1）,standard,true,https://books.rakuten.co.jp/rb/460695/,2026-08-22,"Exact normalized title, creator overlap, valid ISBN, standard edition, and Rakuten manga genre 001001003009."
rakuten-match-727144f46f24235acecb,candidate-727144f46f24235acecb,matched,9784832266049,まつのべっ！（1）,standard,true,https://books.rakuten.co.jp/rb/10580120/,2026-08-22,"Exact normalized title, creator overlap, valid ISBN, standard edition, and Rakuten manga genre 001001003035."
rakuten-match-7281d838666983756309,candidate-7281d838666983756309,matched,9784088708096,ワールドトリガー 1,standard,true,https://books.rakuten.co.jp/rb/12332420/,2026-08-22,"Exact normalized title, creator overlap, valid ISBN, standard edition, and Rakuten manga genre 001001001008."
rakuten-match-72ee6d2155cd15987b6f,candidate-72ee6d2155cd15987b6f,matched,9784088797977,恋は光（1）,standard,true,https://books.rakuten.co.jp/rb/12789987/,2026-08-22,"Exact normalized title, creator overlap, valid ISBN, standard edition, and Rakuten manga genre 001001003005."
rakuten-match-7388660960b377e34e9c,candidate-7388660960b377e34e9c,matched,9784861139215,天顕祭,standard,true,https://books.rakuten.co.jp/rb/5808134/,2026-08-22,"Exact normalized title, creator overlap, valid ISBN, standard edition, and Rakuten manga genre 001001012."
rakuten-match-741deb03d9f59e723929,candidate-741deb03d9f59e723929,matched,9784088827827,ルックバック,standard,true,https://books.rakuten.co.jp/rb/16823430/,2026-08-22,"Exact normalized title, creator overlap, valid ISBN, standard edition, and Rakuten manga genre 001001001008."
rakuten-match-7461bbfdb466b4a51c7f,candidate-7461bbfdb466b4a51c7f,matched,9784832274761,花唄メモワール　1,standard,true,https://books.rakuten.co.jp/rb/17531564/,2026-08-22,"Exact normalized title, creator overlap, valid ISBN, standard edition, and Rakuten manga genre 001001003053/001001003035."
rakuten-match-74881f1156adcc713e23,candidate-74881f1156adcc713e23,matched,9784065432273,惚れたはれたパンダ（1）,standard,true,https://books.rakuten.co.jp/rb/18539566/,2026-08-22,"Exact normalized title, creator overlap, valid ISBN, standard edition, and Rakuten manga genre 001001002014."
rakuten-match-749da01d790325d81198,candidate-749da01d790325d81198,matched,9784592710448,成程,standard,true,https://books.rakuten.co.jp/rb/11754527/,2026-08-22,"Exact normalized title, creator overlap, valid ISBN, standard edition, and Rakuten manga genre 001001012."
rakuten-match-74c058bfce839d93e3c5,candidate-74c058bfce839d93e3c5,matched,9784063406092,東京アリス（1）,standard,true,https://books.rakuten.co.jp/rb/4109715/,2026-08-22,"Exact normalized title, creator overlap, valid ISBN, standard edition, and Rakuten manga genre 001001002005."
rakuten-match-75114a2ee2082b4f4630,candidate-75114a2ee2082b4f4630,matched,9784065192191,パリピ孔明（1）,standard,true,https://books.rakuten.co.jp/rb/16224909/,2026-08-22,"Exact normalized title, creator overlap, valid ISBN, standard edition, and Rakuten manga genre 001001003003."
rakuten-match-752c8a8fb14b16459c3d,candidate-752c8a8fb14b16459c3d,matched,9784840133340,つるた部長はいつも寝不足1,standard,true,https://books.rakuten.co.jp/rb/6484068/,2026-08-22,"Exact normalized title, creator overlap, valid ISBN, standard edition, and Rakuten manga genre 001001003016."
rakuten-match-7568cab93fa9a9a409d1,candidate-7568cab93fa9a9a409d1,matched,9784832265646,ミス・ポピーシードのメルヘン横丁,standard,true,https://books.rakuten.co.jp/rb/10532757/,2026-08-22,"Exact normalized title, creator overlap, valid ISBN, standard edition, and Rakuten manga genre 001001003035."
rakuten-match-75bb4a5e2f04f1291971,candidate-75bb4a5e2f04f1291971,matched,9784592145615,ナナとカオル（1）,standard,true,https://books.rakuten.co.jp/rb/5901209/,2026-08-22,"Exact normalized title, creator overlap, valid ISBN, standard edition, and Rakuten manga genre 001001003010."
rakuten-match-75d52ca8274d4d075969,candidate-75d52ca8274d4d075969,matched,9784063546439,めしにしましょう（1）,standard,true,https://books.rakuten.co.jp/rb/14496656/,2026-08-22,"Exact normalized title, creator overlap, valid ISBN, standard edition, and Rakuten manga genre 001001003021."
rakuten-match-761965451844ecb440fb,candidate-761965451844ecb440fb,matched,9784063871661,変身のニュース,standard,true,https://books.rakuten.co.jp/rb/11941851/,2026-08-22,"Exact normalized title, creator overlap, valid ISBN, standard edition, and Rakuten manga genre 001001003004."
rakuten-match-763968e43f6661d8b5d3,candidate-763968e43f6661d8b5d3,matched,9784800008459,琥珀の夢で酔いましょう（1）,standard,true,https://books.rakuten.co.jp/rb/15838648/,2026-08-22,"Exact normalized title, creator overlap, valid ISBN, standard edition, and Rakuten manga genre 001001012."
rakuten-match-763a400656f1c7d54eea,candidate-763a400656f1c7d54eea,matched,9784098540778,レジスタ！（1）,standard,true,https://books.rakuten.co.jp/rb/18169219/,2026-08-22,"Exact normalized title, creator overlap, valid ISBN, standard edition, and Rakuten manga genre 001001003048."
rakuten-match-766eecbba2c9ed11ecd1,candidate-766eecbba2c9ed11ecd1,matched,9784091878946,モディリアーニにお願い（1）,standard,true,https://books.rakuten.co.jp/rb/14433436/,2026-08-22,"Exact normalized title, creator overlap, valid ISBN, standard edition, and Rakuten manga genre 001001003009."
rakuten-match-769cfa7c526dbfd782d5,candidate-769cfa7c526dbfd782d5,matched,9784091803191,電波の城（1）,standard,true,https://books.rakuten.co.jp/rb/3990872/,2026-08-22,"Exact normalized title, creator overlap, valid ISBN, standard edition, and Rakuten manga genre 001001003009."
rakuten-match-76bfd43f9fd555685806,candidate-76bfd43f9fd555685806,matched,9784063142976,もっけ（1）,standard,true,https://books.rakuten.co.jp/rb/1456891/,2026-08-22,"Exact normalized title, creator overlap, valid ISBN, standard edition, and Rakuten manga genre 001001003015."
rakuten-match-76c038b398f4b28b7748,candidate-76c038b398f4b28b7748,matched,9784091363541,妖しのセレス（1）,standard,true,https://books.rakuten.co.jp/rb/849645/,2026-08-22,"Exact normalized title, creator overlap, valid ISBN, standard edition, and Rakuten manga genre 001001004006/001001002008."
rakuten-match-76d784dfb643d9c9a334,candidate-76d784dfb643d9c9a334,matched,9784088933955,釣って食べたいギャル澤さん 1,standard,true,https://books.rakuten.co.jp/rb/17944347/,2026-08-22,"Exact normalized title, creator overlap, valid ISBN, standard edition, and Rakuten manga genre 001001003005."
rakuten-match-77008e04537e3fd889e2,candidate-77008e04537e3fd889e2,matched,9784088703114,ジョジョリオン 1,standard,true,https://books.rakuten.co.jp/rb/11466082/,2026-08-22,"Exact normalized title, creator overlap, valid ISBN, standard edition, and Rakuten manga genre 001001001008."
rakuten-match-7730845c9cf7ba0cccc8,candidate-7730845c9cf7ba0cccc8,matched,9784065334874,君と宇宙を歩くために（1）,standard,true,https://books.rakuten.co.jp/rb/17689711/,2026-08-22,"Exact normalized title, creator overlap, valid ISBN, standard edition, and Rakuten manga genre 001001003015."
rakuten-match-77aecd2b33b956f62334,candidate-77aecd2b33b956f62334,matched,9784063376159,ワンダフルライフ？（1）,standard,true,https://books.rakuten.co.jp/rb/4339959/,2026-08-22,"Exact normalized title, creator overlap, valid ISBN, standard edition, and Rakuten manga genre 001001002005."
rakuten-match-7819d66a9d4fe8ec5a8b,candidate-7819d66a9d4fe8ec5a8b,matched,9784065404508,おしえて執事くん（1）,standard,true,https://books.rakuten.co.jp/rb/18330194/,2026-08-22,"Exact normalized title, creator overlap, valid ISBN, standard edition, and Rakuten manga genre 001001002014."
rakuten-match-7868798a4cb2b0d155ce,candidate-7868798a4cb2b0d155ce,matched,9784065122488,ゆりあ先生の赤い糸（1）,standard,true,https://books.rakuten.co.jp/rb/15512460/,2026-08-22,"Exact normalized title, creator overlap, valid ISBN, standard edition, and Rakuten manga genre 001001002020."
rakuten-match-7883b4538b78eb87fffb,candidate-7883b4538b78eb87fffb,matched,9784063769432,独身OLのすべて（1）,standard,true,https://books.rakuten.co.jp/rb/12691365/,2026-08-22,"Exact normalized title, creator overlap, valid ISBN, standard edition, and Rakuten manga genre 001001012."
rakuten-match-78ca5a89590ad691bb34,candidate-78ca5a89590ad691bb34,matched,9784088670393,おもいで金平糖（第1巻）,standard,true,https://books.rakuten.co.jp/rb/6327292/,2026-08-22,"Exact normalized title, creator overlap, valid ISBN, standard edition, and Rakuten manga genre 001001002007."
rakuten-match-78d44d381562e37dd94a,candidate-78d44d381562e37dd94a,matched,9784088467696,きょうは会社休みます。（1）,standard,true,https://books.rakuten.co.jp/rb/11603974/,2026-08-22,"Exact normalized title, creator overlap, valid ISBN, standard edition, and Rakuten manga genre 001001002006."
rakuten-match-7926c93b4fef38dd0704,candidate-7926c93b4fef38dd0704,matched,9784091433992,運命の巻戻士（1）,standard,true,https://books.rakuten.co.jp/rb/17114798/,2026-08-22,"Exact normalized title, creator overlap, valid ISBN, standard edition, and Rakuten manga genre 001001001014."
rakuten-match-794131c03d38fa490b5d,candidate-794131c03d38fa490b5d,matched,9784778320669,夢見る古都（1）,standard,true,https://books.rakuten.co.jp/rb/5819258/,2026-08-22,"Exact normalized title, creator overlap, valid ISBN, standard edition, and Rakuten manga genre 001001012."
rakuten-match-79420552f3fa0a01ad71,candidate-79420552f3fa0a01ad71,matched,9784757506206,鋼の錬金術師（1）,standard,true,https://books.rakuten.co.jp/rb/1409884/,2026-08-22,"Exact normalized title, creator overlap, valid ISBN, standard edition, and Rakuten manga genre 001001001002."
rakuten-match-7975d62582a89492a35f,candidate-7975d62582a89492a35f,matched,9784065112434,図書館の大魔術師（1）,standard,true,https://books.rakuten.co.jp/rb/15388202/,2026-08-22,"Exact normalized title, creator overlap, valid ISBN, standard edition, and Rakuten manga genre 001001003015."
rakuten-match-797fadfff1809c298569,candidate-797fadfff1809c298569,matched,9784091305459,春行きバス（1）,standard,true,https://books.rakuten.co.jp/rb/4063324/,2026-08-22,"Exact normalized title, creator overlap, valid ISBN, standard edition, and Rakuten manga genre 001001004006/001001002008."
rakuten-match-79bbd0d83c00b2d58a79,candidate-79bbd0d83c00b2d58a79,matched,9784091884800,ちょこらん（1）,standard,true,https://books.rakuten.co.jp/rb/6225385/,2026-08-22,"Exact normalized title, creator overlap, valid ISBN, standard edition, and Rakuten manga genre 001001003041."
rakuten-match-79c18b26dfde8a532f73,candidate-79c18b26dfde8a532f73,matched,9784091573254,デストロ246（1）,standard,true,https://books.rakuten.co.jp/rb/11903717/,2026-08-22,"Exact normalized title, creator overlap, valid ISBN, standard edition, and Rakuten manga genre 001001003039."
rakuten-match-79c9e81996a79ca53187,candidate-79c9e81996a79ca53187,matched,9784757567757,六畳一間の魔女ライフ（1）,standard,true,https://books.rakuten.co.jp/rb/16405331/,2026-08-22,"Exact normalized title, creator overlap, valid ISBN, standard edition, and Rakuten manga genre 001001012."
rakuten-match-7a260e9a539643caf362,candidate-7a260e9a539643caf362,matched,9784048673150,腐女子っス！（1）,standard,true,https://books.rakuten.co.jp/rb/5853968/,2026-08-22,"Exact normalized title, creator overlap, valid ISBN, standard edition, and Rakuten manga genre 001001012."
rakuten-match-7a4e7ba45413e1b8af34,candidate-7a4e7ba45413e1b8af34,matched,9784088463667,青空エール（1）,standard,true,https://books.rakuten.co.jp/rb/5922968/,2026-08-22,"Exact normalized title, creator overlap, valid ISBN, standard edition, and Rakuten manga genre 001001002006."
rakuten-match-7a9de6fd58fbd19aed74,candidate-7a9de6fd58fbd19aed74,matched,9784088823027,AGRAVITY BOYS 1,standard,true,https://books.rakuten.co.jp/rb/16234576/,2026-08-22,"Exact normalized title, creator overlap, valid ISBN, standard edition, and Rakuten manga genre 001001001008."
rakuten-match-7aa23df2c051d68240fb,candidate-7aa23df2c051d68240fb,matched,9784592225119,人の余命で青春するな 1,standard,true,https://books.rakuten.co.jp/rb/18044307/,2026-08-22,"Exact normalized title, creator overlap, valid ISBN, standard edition, and Rakuten manga genre 001001002009."
rakuten-match-7abb6e8396c5e1252173,candidate-7abb6e8396c5e1252173,matched,9784063879179,甘々と稲妻（1）,standard,true,https://books.rakuten.co.jp/rb/12417050/,2026-08-22,"Exact normalized title, creator overlap, valid ISBN, standard edition, and Rakuten manga genre 001001003015."
rakuten-match-7ae0ebf353e9ca1d67e2,candidate-7ae0ebf353e9ca1d67e2,matched,9784840119504,殿といっしょ　1,standard,true,https://books.rakuten.co.jp/rb/4521704/,2026-08-22,"Exact normalized title, creator overlap, valid ISBN, standard edition, and Rakuten manga genre 001001012."
rakuten-match-7afe8d2121f4b37e2bee,candidate-7afe8d2121f4b37e2bee,matched,9784063760224,繕い裁つ人（1）,standard,true,https://books.rakuten.co.jp/rb/7000194/,2026-08-22,"Exact normalized title, creator overlap, valid ISBN, standard edition, and Rakuten manga genre 001001012."
rakuten-match-7b197bf350436d626b4b,candidate-7b197bf350436d626b4b,matched,9784088655604,ちくたくぼんぼん（1）,standard,true,https://books.rakuten.co.jp/rb/6199883/,2026-08-22,"Exact normalized title, creator overlap, valid ISBN, standard edition, and Rakuten manga genre 001001002011."
rakuten-match-7b1d0ad37dd2fb2a8045,candidate-7b1d0ad37dd2fb2a8045,matched,9784091856784,BLUE GIANT（1）,standard,true,https://books.rakuten.co.jp/rb/12504386/,2026-08-22,"Exact normalized title, creator overlap, valid ISBN, standard edition, and Rakuten manga genre 001001003009."
rakuten-match-7b22b7a877f8e8baa98e,candidate-7b22b7a877f8e8baa98e,matched,9784065143612,モノノケソウルフード（1）,standard,true,https://books.rakuten.co.jp/rb/15765470/,2026-08-22,"Exact normalized title, creator overlap, valid ISBN, standard edition, and Rakuten manga genre 001001003004."
rakuten-match-7b585d506d99db4d83cb,candidate-7b585d506d99db4d83cb,matched,9784840122917,70億の針　1,standard,true,https://books.rakuten.co.jp/rb/5904245/,2026-08-22,"Exact normalized title, creator overlap, valid ISBN, standard edition, and Rakuten manga genre 001001012."
rakuten-match-7b68ef4142fd6b797629,candidate-7b68ef4142fd6b797629,matched,9784088450896,ダメな私に恋してください（1）,standard,true,https://books.rakuten.co.jp/rb/12382643/,2026-08-22,"Exact normalized title, creator overlap, valid ISBN, standard edition, and Rakuten manga genre 001001002006."
rakuten-match-7b6eb2b48ac06ffa26eb,candidate-7b6eb2b48ac06ffa26eb,matched,9784091340108,夢の雫、黄金の鳥籠（1),standard,true,https://books.rakuten.co.jp/rb/11322076/,2026-08-22,"Exact normalized title, creator overlap, valid ISBN, standard edition, and Rakuten manga genre 001001004006/001001002008."
rakuten-match-7b903ecc2ff94b465cf9,candidate-7b903ecc2ff94b465cf9,matched,9784041048849,ブスに花束を。　（1）,standard,true,https://books.rakuten.co.jp/rb/14427600/,2026-08-22,"Exact normalized title, creator overlap, valid ISBN, standard edition, and Rakuten manga genre 001001003059."
rakuten-match-7bb576492f3b9329e6ee,candidate-7bb576492f3b9329e6ee,matched,9784063546842,創世のタイガ（1）,standard,true,https://books.rakuten.co.jp/rb/15065240/,2026-08-22,"Exact normalized title, creator overlap, valid ISBN, standard edition, and Rakuten manga genre 001001003021."
rakuten-match-7bc312490676870399a5,candidate-7bc312490676870399a5,matched,9784091313119,前略・ミルクハウス（1）,standard,true,https://books.rakuten.co.jp/rb/379860/,2026-08-22,"Exact normalized title, creator overlap, valid ISBN, standard edition, and Rakuten manga genre 001001004006/001001002008."
rakuten-match-7bc72d4f5ffcc9630504,candidate-7bc72d4f5ffcc9630504,matched,9784821183456,KATANA（1）,standard,true,https://books.rakuten.co.jp/rb/4125329/,2026-08-22,"Exact normalized title, creator overlap, valid ISBN, standard edition, and Rakuten manga genre 001001012."
rakuten-match-7bd1f7da470021b08956,candidate-7bd1f7da470021b08956,matched,9784088653754,パティスリーMON（1）,standard,true,https://books.rakuten.co.jp/rb/4173056/,2026-08-22,"Exact normalized title, creator overlap, valid ISBN, standard edition, and Rakuten manga genre 001001002011."
rakuten-match-7c5bcbd3edfb1772b18c,candidate-7c5bcbd3edfb1772b18c,matched,9784403671272,31歳BLマンガ家が婚活するとこうなる,standard,true,https://books.rakuten.co.jp/rb/11914160/,2026-08-22,"Exact normalized title, creator overlap, valid ISBN, standard edition, and Rakuten manga genre 001001002012."
rakuten-match-7c638f30f715d60969ae,candidate-7c638f30f715d60969ae,matched,9784758025904,ぜんぶ壊して地獄で愛して（1）,standard,true,https://books.rakuten.co.jp/rb/17544046/,2026-08-22,"Exact normalized title, creator overlap, valid ISBN, standard edition, and Rakuten manga genre 001001002025."
rakuten-match-7c72ec74e8e6d188177a,candidate-7c72ec74e8e6d188177a,matched,9784757566187,最近雇ったメイドが怪しい（1）,standard,true,https://books.rakuten.co.jp/rb/16254228/,2026-08-22,"Exact normalized title, creator overlap, valid ISBN, standard edition, and Rakuten manga genre 001001003050."
rakuten-match-7c8931bc010e2f28f7ec,candidate-7c8931bc010e2f28f7ec,matched,9784047357181,夢中さ、きみに。,standard,true,https://books.rakuten.co.jp/rb/15966863/,2026-08-22,"Exact normalized title, creator overlap, valid ISBN, standard edition, and Rakuten manga genre 001001003023."
rakuten-match-7c9fcfd8776115f6154c,candidate-7c9fcfd8776115f6154c,matched,9784063754568,となりの801ちゃん（1）,standard,true,https://books.rakuten.co.jp/rb/5440279/,2026-08-22,"Exact normalized title, creator overlap, valid ISBN, standard edition, and Rakuten manga genre 001001012."
rakuten-match-7ca6955ae7fb52cbaaae,candidate-7ca6955ae7fb52cbaaae,matched,9784047263222,SCATTER　あなたがここにいてほしい　1巻,standard,true,https://books.rakuten.co.jp/rb/6314633/,2026-08-22,"Exact normalized title, creator overlap, valid ISBN, standard edition, and Rakuten manga genre 001001003023."
rakuten-match-7cdb366e7d6858c2f244,candidate-7cdb366e7d6858c2f244,matched,9784845860616,かしこくて勇気ある子ども,standard,true,https://books.rakuten.co.jp/rb/16309152/,2026-08-22,"Exact normalized title, creator overlap, valid ISBN, standard edition, and Rakuten manga genre 001001012."
rakuten-match-7cf559b22e6d36a4c8b3,candidate-7cf559b22e6d36a4c8b3,matched,9784757519374,ムカンノテイオー（1）,standard,true,https://books.rakuten.co.jp/rb/4409182/,2026-08-22,"Exact normalized title, creator overlap, valid ISBN, standard edition, and Rakuten manga genre 001001003018."
rakuten-match-7d259c925286a9f91310,candidate-7d259c925286a9f91310,matched,9784063726626,聖☆おにいさん（1）,standard,true,https://books.rakuten.co.jp/rb/5360347/,2026-08-22,"Exact normalized title, creator overlap, valid ISBN, standard edition, and Rakuten manga genre 001001003004."
rakuten-match-7d40d89092e9e0ee4973,candidate-7d40d89092e9e0ee4973,matched,9784592194040,パレス・メイヂ 1,standard,true,https://books.rakuten.co.jp/rb/12324786/,2026-08-22,"Exact normalized title, creator overlap, valid ISBN, standard edition, and Rakuten manga genre 001001002009."
rakuten-match-7d4568dcc8e9175d35ba,candidate-7d4568dcc8e9175d35ba,matched,9784040653686,異世界おじさん　1,standard,true,https://books.rakuten.co.jp/rb/15665157/,2026-08-22,"Exact normalized title, creator overlap, valid ISBN, standard edition, and Rakuten manga genre 001001012."
rakuten-match-7d4713147b1de577d668,candidate-7d4713147b1de577d668,matched,9784065238813,出禁のモグラ（1）,standard,true,https://books.rakuten.co.jp/rb/16705225/,2026-08-22,"Exact normalized title, creator overlap, valid ISBN, standard edition, and Rakuten manga genre 001001003004."
rakuten-match-7d4917f6ae6ac8be16c0,candidate-7d4917f6ae6ac8be16c0,matched,9784832230521,特攻の島（1）,standard,true,https://books.rakuten.co.jp/rb/3999625/,2026-08-22,"Exact normalized title, creator overlap, valid ISBN, standard edition, and Rakuten manga genre 001001012."
rakuten-match-7db69a2d438752c429cc,candidate-7db69a2d438752c429cc,matched,9784091335968,真コール！（6）,standard,true,https://books.rakuten.co.jp/rb/523170/,2026-08-22,"Exact normalized title, creator overlap, valid ISBN, standard edition, and Rakuten manga genre 001001004006/001001002008."
rakuten-match-7df6bbafa7bdb01b0622,candidate-7df6bbafa7bdb01b0622,matched,9784253271820,薔薇王の葬列（2）,standard,true,https://books.rakuten.co.jp/rb/12866205/,2026-08-22,"Exact normalized title, creator overlap, valid ISBN, standard edition, and Rakuten manga genre 001001002002."
rakuten-match-7e0e632e10e28480f1d6,candidate-7e0e632e10e28480f1d6,matched,9784832246393,まちカドまぞく（1）,standard,true,https://books.rakuten.co.jp/rb/13390233/,2026-08-22,"Exact normalized title, creator overlap, valid ISBN, standard edition, and Rakuten manga genre 001001003053/001001003035."
rakuten-match-7e1f2df06bb18b2015ad,candidate-7e1f2df06bb18b2015ad,matched,9784091824578,ギャラクシー銀座 4,standard,true,https://books.rakuten.co.jp/rb/5966618/,2026-08-22,"Exact normalized title, creator overlap, valid ISBN, standard edition, and Rakuten manga genre 001001003009."
rakuten-match-7e4e16a2a053e095c90f,candidate-7e4e16a2a053e095c90f,matched,9784065403457,ドリーム☆ジャンボ☆ガール（1）,standard,true,https://books.rakuten.co.jp/rb/18250039/,2026-08-22,"Exact normalized title, creator overlap, valid ISBN, standard edition, and Rakuten manga genre 001001001006."
rakuten-match-7e667fcf9c44138386d7,candidate-7e667fcf9c44138386d7,matched,9784091350770,とりかえ・ばや（1）,standard,true,https://books.rakuten.co.jp/rb/12199847/,2026-08-22,"Exact normalized title, creator overlap, valid ISBN, standard edition, and Rakuten manga genre 001001004006/001001002008."
rakuten-match-7e72bc605eebca48aa3d,candidate-7e72bc605eebca48aa3d,matched,9784812497494,四谷区花園町,standard,true,https://books.rakuten.co.jp/rb/12580706/,2026-08-22,"Exact normalized title, creator overlap, valid ISBN, standard edition, and Rakuten manga genre 001001012."
rakuten-match-7ec5c82be5c9a60ef16d,candidate-7ec5c82be5c9a60ef16d,matched,9784088844022,魔男のイチ 1,standard,true,https://books.rakuten.co.jp/rb/18073404/,2026-08-22,"Exact normalized title, creator overlap, valid ISBN, standard edition, and Rakuten manga genre 001001001008."
rakuten-match-7f0f63c5d80083f2be7f,candidate-7f0f63c5d80083f2be7f,matched,9784088454672,思い、思われ、ふり、ふられ 1,standard,true,https://books.rakuten.co.jp/rb/13383100/,2026-08-22,"Exact normalized title, creator overlap, valid ISBN, standard edition, and Rakuten manga genre 001001002006."
rakuten-match-7f27142cfed178db5059,candidate-7f27142cfed178db5059,matched,9784063872545,アキンボー（1）,standard,true,https://books.rakuten.co.jp/rb/12439725/,2026-08-22,"Exact normalized title, creator overlap, valid ISBN, standard edition, and Rakuten manga genre 001001003004."
rakuten-match-7f4aa427ab301afccc53,candidate-7f4aa427ab301afccc53,matched,9784063145670,ぢごぷり（1）,standard,true,https://books.rakuten.co.jp/rb/6056113/,2026-08-22,"Exact normalized title, creator overlap, valid ISBN, standard edition, and Rakuten manga genre 001001003015."
rakuten-match-7f8a1d182035e7fa9b48,candidate-7f8a1d182035e7fa9b48,matched,9784098603565,ぽんこつポン子（1）,standard,true,https://books.rakuten.co.jp/rb/15940508/,2026-08-22,"Exact normalized title, creator overlap, valid ISBN, standard edition, and Rakuten manga genre 001001003009."
rakuten-match-7f8d584b383ab15f1422,candidate-7f8d584b383ab15f1422,matched,9784063144444,ナチュン（1）,standard,true,https://books.rakuten.co.jp/rb/4271890/,2026-08-22,"Exact normalized title, creator overlap, valid ISBN, standard edition, and Rakuten manga genre 001001003015."
rakuten-match-7f926a9557b6ae9f264b,candidate-7f926a9557b6ae9f264b,matched,9784063726480,きのう何食べた？（1）,standard,true,https://books.rakuten.co.jp/rb/4949561/,2026-08-22,"Exact normalized title, creator overlap, valid ISBN, standard edition, and Rakuten manga genre 001001003004."
rakuten-match-7fd1bdfb4056a9bab95a,candidate-7fd1bdfb4056a9bab95a,matched,9784065161050,それでも歩は寄せてくる（1）,standard,true,https://books.rakuten.co.jp/rb/15842478/,2026-08-22,"Exact normalized title, creator overlap, valid ISBN, standard edition, and Rakuten manga genre 001001012."
rakuten-match-7fd53aa3074613979204,candidate-7fd53aa3074613979204,matched,9784091885340,ビューティフルピープル・パーフェクトワールド,standard,true,https://books.rakuten.co.jp/rb/6797071/,2026-08-22,"Exact normalized title, creator overlap, valid ISBN, standard edition, and Rakuten manga genre 001001003041."
rakuten-match-7fe0dd636f0116c25203,candidate-7fe0dd636f0116c25203,matched,9784022140166,パート怪人悪キューレ（1）,standard,true,https://books.rakuten.co.jp/rb/6055766/,2026-08-22,"Exact normalized title, creator overlap, valid ISBN, standard edition, and Rakuten manga genre 001001012."
rakuten-match-7fe5550c8648537ac790,candidate-7fe5550c8648537ac790,matched,9784199501043,くおんの森（1）,standard,true,https://books.rakuten.co.jp/rb/5897793/,2026-08-22,"Exact normalized title, creator overlap, valid ISBN, standard edition, and Rakuten manga genre 001001012."
rakuten-match-8037856e7703fdaf4324,candidate-8037856e7703fdaf4324,matched,9784047139497,日常　（1）,standard,true,https://books.rakuten.co.jp/rb/4424337/,2026-08-22,"Exact normalized title, creator overlap, valid ISBN, standard edition, and Rakuten manga genre 001001003059."
rakuten-match-80586e266d394e376d1b,candidate-80586e266d394e376d1b,matched,9784832271821,ななどなどなど　1,standard,true,https://books.rakuten.co.jp/rb/16190469/,2026-08-22,"Exact normalized title, creator overlap, valid ISBN, standard edition, and Rakuten manga genre 001001003053/001001003035."
rakuten-match-8069c29ceb2111cac4f0,candidate-8069c29ceb2111cac4f0,matched,9784199801327,のぼさんとカノジョ？（1）,standard,true,https://books.rakuten.co.jp/rb/12127790/,2026-08-22,"Exact normalized title, creator overlap, valid ISBN, standard edition, and Rakuten manga genre 001001003052."
rakuten-match-806ff9309e80488fb804,candidate-806ff9309e80488fb804,matched,9784832233874,星の案内人（1）,standard,true,https://books.rakuten.co.jp/rb/12550441/,2026-08-22,"Exact normalized title, creator overlap, valid ISBN, standard edition, and Rakuten manga genre 001001012."
rakuten-match-80a2f62ce5073ade2ec2,candidate-80a2f62ce5073ade2ec2,matched,9784091345851,式の前日,standard,true,https://books.rakuten.co.jp/rb/11842166/,2026-08-22,"Exact normalized title, creator overlap, valid ISBN, standard edition, and Rakuten manga genre 001001004006/001001002008."
rakuten-match-80e097bc189aec3797e5,candidate-80e097bc189aec3797e5,matched,9784040694535,映画大好きポンポさん,standard,true,https://books.rakuten.co.jp/rb/15055125/,2026-08-22,"Exact normalized title, creator overlap, valid ISBN, standard edition, and Rakuten manga genre 001001012."
rakuten-match-8147aefccc365b0ecb4d,candidate-8147aefccc365b0ecb4d,matched,9784757519633,黒執事（1）,standard,true,https://books.rakuten.co.jp/rb/4272127/,2026-08-22,"Exact normalized title, creator overlap, valid ISBN, standard edition, and Rakuten manga genre 001001003029."
rakuten-match-81c561ca6bb74a301cf8,candidate-81c561ca6bb74a301cf8,matched,9784065142103,ライドンキング（1）,standard,true,https://books.rakuten.co.jp/rb/15740016/,2026-08-22,"Exact normalized title, creator overlap, valid ISBN, standard edition, and Rakuten manga genre 001001003047."
rakuten-match-81cf263857ea33845b28,candidate-81cf263857ea33845b28,matched,9784063824575,セキセイインコ（1）,standard,true,https://books.rakuten.co.jp/rb/12689678/,2026-08-22,"Exact normalized title, creator overlap, valid ISBN, standard edition, and Rakuten manga genre 001001003003."
rakuten-match-81fe28fdeda5f8e5ab35,candidate-81fe28fdeda5f8e5ab35,matched,9784047260764,乙嫁語り　1巻,standard,true,https://books.rakuten.co.jp/rb/6203193/,2026-08-22,"Exact normalized title, creator overlap, valid ISBN, standard edition, and Rakuten manga genre 001001003023."
rakuten-match-8213f6affb514f8e1bb5,candidate-8213f6affb514f8e1bb5,matched,9784091432643,ブラックチャンネル（1）,standard,true,https://books.rakuten.co.jp/rb/16544411/,2026-08-22,"Exact normalized title, creator overlap, valid ISBN, standard edition, and Rakuten manga genre 001001012/001001001014."
rakuten-match-83510afea8d961aec880,candidate-83510afea8d961aec880,matched,9784091883773,俺はまだ本気出してないだけ（1）,standard,true,https://books.rakuten.co.jp/rb/4512345/,2026-08-22,"Exact normalized title, creator overlap, valid ISBN, standard edition, and Rakuten manga genre 001001012."
rakuten-match-836070f506081517dd6f,candidate-836070f506081517dd6f,matched,9784088798394,もぐささん（1）,standard,true,https://books.rakuten.co.jp/rb/12689783/,2026-08-22,"Exact normalized title, creator overlap, valid ISBN, standard edition, and Rakuten manga genre 001001003005."
rakuten-match-8368b177b7f729f782ee,candidate-8368b177b7f729f782ee,matched,9784063192773,クーベルチュール（1）,standard,true,https://books.rakuten.co.jp/rb/6242809/,2026-08-22,"Exact normalized title, creator overlap, valid ISBN, standard edition, and Rakuten manga genre 001001004002/001001002020."
rakuten-match-838a6f0ad2d1ef487588,candidate-838a6f0ad2d1ef487588,matched,9784091221001,信長協奏曲 1,standard,true,https://books.rakuten.co.jp/rb/6232105/,2026-08-22,"Exact normalized title, creator overlap, valid ISBN, standard edition, and Rakuten manga genre 001001003048."
rakuten-match-83f2749f9ddd11dcd0b9,candidate-83f2749f9ddd11dcd0b9,matched,9784040699141,乙女怪獣キャラメリゼ　1,standard,true,https://books.rakuten.co.jp/rb/15470278/,2026-08-22,"Exact normalized title, creator overlap, valid ISBN, standard edition, and Rakuten manga genre 001001012."
rakuten-match-83fc3c4366e51b35b821,candidate-83fc3c4366e51b35b821,matched,9784091302212,風と木の詩（1）,standard,true,https://books.rakuten.co.jp/rb/379720/,2026-08-22,"Exact normalized title, creator overlap, valid ISBN, standard edition, and Rakuten manga genre 001001004006/001001002008."
rakuten-match-84070fd0173ebdabff01,candidate-84070fd0173ebdabff01,matched,9784063872514,メロポンだし！（1）,standard,true,https://books.rakuten.co.jp/rb/12443112/,2026-08-22,"Exact normalized title, creator overlap, valid ISBN, standard edition, and Rakuten manga genre 001001003004."
rakuten-match-840bbd96d501a3a8fee9,candidate-840bbd96d501a3a8fee9,matched,9784063143799,ハツカネズミの時間（1）,standard,true,https://books.rakuten.co.jp/rb/3567980/,2026-08-22,"Exact normalized title, creator overlap, valid ISBN, standard edition, and Rakuten manga genre 001001003015."
rakuten-match-840f12a844b6b1afd2f7,candidate-840f12a844b6b1afd2f7,matched,9784840122924,数学ガール　上,standard,true,https://books.rakuten.co.jp/rb/5904246/,2026-08-22,"Exact normalized title, creator overlap, valid ISBN, standard edition, and Rakuten manga genre 001001012."
rakuten-match-844804b4c1c1b08e2bb2,candidate-844804b4c1c1b08e2bb2,matched,9784091825339,花と奥たん（1）,standard,true,https://books.rakuten.co.jp/rb/6028100/,2026-08-22,"Exact normalized title, creator overlap, valid ISBN, standard edition, and Rakuten manga genre 001001003009."
rakuten-match-84617ede2e93418cd161,candidate-84617ede2e93418cd161,matched,9784396764876,夏雪ランデブー（1）,standard,true,https://books.rakuten.co.jp/rb/6314976/,2026-08-22,"Exact normalized title, creator overlap, valid ISBN, standard edition, and Rakuten manga genre 001001004008."
rakuten-match-847978afd758665173db,candidate-847978afd758665173db,matched,9784063619164,みんな！エスパーだよ！（1）,standard,true,https://books.rakuten.co.jp/rb/6508776/,2026-08-22,"Exact normalized title, creator overlap, valid ISBN, standard edition, and Rakuten manga genre 001001003003."
rakuten-match-84886f5e93fc9ecfc512,candidate-84886f5e93fc9ecfc512,matched,9784088760131,イエスタデイをうたって（2）,standard,true,https://books.rakuten.co.jp/rb/1149559/,2026-08-22,"Exact normalized title, creator overlap, valid ISBN, standard edition, and Rakuten manga genre 001001003005."
rakuten-match-84a6a139c55f2760544e,candidate-84a6a139c55f2760544e,matched,9784253226158,僕の心のヤバイやつ　1,standard,true,https://books.rakuten.co.jp/rb/15700939/,2026-08-22,"Exact normalized title, creator overlap, valid ISBN, standard edition, and Rakuten manga genre 001001001001."
rakuten-match-84b7c7d7720447075c25,candidate-84b7c7d7720447075c25,matched,9784107716262,軍靴のバルツァー 1,standard,true,https://books.rakuten.co.jp/rb/11229476/,2026-08-22,"Exact normalized title, creator overlap, valid ISBN, standard edition, and Rakuten manga genre 001001003022."
rakuten-match-84c97edfd513b78e016d,candidate-84c97edfd513b78e016d,matched,9784088841359,極東ネクロマンス 1,standard,true,https://books.rakuten.co.jp/rb/17913505/,2026-08-22,"Exact normalized title, creator overlap, valid ISBN, standard edition, and Rakuten manga genre 001001001008."
rakuten-match-84e96db05b0cced09cae,candidate-84e96db05b0cced09cae,matched,9784091827586,光速シスター（1）,standard,true,https://books.rakuten.co.jp/rb/6203129/,2026-08-22,"Exact normalized title, creator overlap, valid ISBN, standard edition, and Rakuten manga genre 001001003009."
rakuten-match-84fa0be5101ebfc384f8,candidate-84fa0be5101ebfc384f8,matched,9784091352569,胸が鳴るのは君のせい（1）,standard,true,https://books.rakuten.co.jp/rb/12235355/,2026-08-22,"Exact normalized title, creator overlap, valid ISBN, standard edition, and Rakuten manga genre 001001004006/001001002008."
rakuten-match-8529fc4bf4898210cb2b,candidate-8529fc4bf4898210cb2b,matched,9784091841803,幽麗塔（1）,standard,true,https://books.rakuten.co.jp/rb/11434286/,2026-08-22,"Exact normalized title, creator overlap, valid ISBN, standard edition, and Rakuten manga genre 001001003009."
rakuten-match-85537f2c2ef9b2234110,candidate-85537f2c2ef9b2234110,matched,9784063955262,寄宿学校のジュリエット（1）,standard,true,https://books.rakuten.co.jp/rb/13426156/,2026-08-22,"Exact normalized title, creator overlap, valid ISBN, standard edition, and Rakuten manga genre 001001001006."
rakuten-match-8560165a6f5cae8bba3d,candidate-8560165a6f5cae8bba3d,matched,9784063958850,川柳少女（1）,standard,true,https://books.rakuten.co.jp/rb/14769668/,2026-08-22,"Exact normalized title, creator overlap, valid ISBN, standard edition, and Rakuten manga genre 001001001006."
rakuten-match-859d4aeed35dd1da425c,candidate-859d4aeed35dd1da425c,matched,9784197804870,めしばな刑事タチバナ（1）,standard,true,https://books.rakuten.co.jp/rb/7000389/,2026-08-22,"Exact normalized title, creator overlap, valid ISBN, standard edition, and Rakuten manga genre 001001003024."
rakuten-match-85b317656a71eac9e542,candidate-85b317656a71eac9e542,matched,9784757736894,あしたの弱音,standard,true,https://books.rakuten.co.jp/rb/4501185/,2026-08-22,"Exact normalized title, creator overlap, valid ISBN, standard edition, and Rakuten manga genre 001001003023."
rakuten-match-8643e71c4c56213ee9d0,candidate-8643e71c4c56213ee9d0,matched,9784091214300,神のみぞ知るセカイ（1）,standard,true,https://books.rakuten.co.jp/rb/5736242/,2026-08-22,"Exact normalized title, creator overlap, valid ISBN, standard edition, and Rakuten manga genre 001001001009."
rakuten-match-866779a026c8fd05f656,candidate-866779a026c8fd05f656,matched,9784088701707,しょんぼり温泉（1）,standard,true,https://books.rakuten.co.jp/rb/6873057/,2026-08-22,"Exact normalized title, creator overlap, valid ISBN, standard edition, and Rakuten manga genre 001001001008."
rakuten-match-867422e99320c757a340,candidate-867422e99320c757a340,matched,9784757543607,かつて魔法少女と悪は敵対していた。（1）,standard,true,https://books.rakuten.co.jp/rb/12818765/,2026-08-22,"Exact normalized title, creator overlap, valid ISBN, standard edition, and Rakuten manga genre 001001003050/001001001002."
rakuten-match-86bf2f7b461aa59499e9,candidate-86bf2f7b461aa59499e9,matched,9784049144352,神さまがまちガえる（1）,standard,true,https://books.rakuten.co.jp/rb/17112315/,2026-08-22,"Exact normalized title, creator overlap, valid ISBN, standard edition, and Rakuten manga genre 001001012/001001003046."
rakuten-match-86e698f79e20d9caa95a,candidate-86e698f79e20d9caa95a,matched,9784047275317,I．C．U．（1）,standard,true,https://books.rakuten.co.jp/rb/11321867/,2026-08-22,"Exact normalized title, creator overlap, valid ISBN, standard edition, and Rakuten manga genre 001001003023."
rakuten-match-86f88e23bba7eaa71afd,candidate-86f88e23bba7eaa71afd,matched,9784088746944,黒子のバスケ 1,standard,true,https://books.rakuten.co.jp/rb/6025064/,2026-08-22,"Exact normalized title, creator overlap, valid ISBN, standard edition, and Rakuten manga genre 001001001008."
rakuten-match-8716f80d9b988bd0d055,candidate-8716f80d9b988bd0d055,matched,9784091867285,恋は雨上がりのように（1）,standard,true,https://books.rakuten.co.jp/rb/13012060/,2026-08-22,"Exact normalized title, creator overlap, valid ISBN, standard edition, and Rakuten manga genre 001001003009."
rakuten-match-8733067e6afcaeadbd8d,candidate-8733067e6afcaeadbd8d,matched,9784091334602,さんすくみ 1,standard,true,https://books.rakuten.co.jp/rb/6797023/,2026-08-22,"Exact normalized title, creator overlap, valid ISBN, standard edition, and Rakuten manga genre 001001004006/001001002008."
rakuten-match-875336d3e6c905047559,candidate-875336d3e6c905047559,matched,9784091273420,魔王城でおやすみ（1）,standard,true,https://books.rakuten.co.jp/rb/14394147/,2026-08-22,"Exact normalized title, creator overlap, valid ISBN, standard edition, and Rakuten manga genre 001001001009."
rakuten-match-87d3340aeaccad5f69a6,candidate-87d3340aeaccad5f69a6,matched,9784896373820,あじさいタウン（1）,standard,true,https://books.rakuten.co.jp/rb/11480388/,2026-08-22,"Exact normalized title, creator overlap, valid ISBN, standard edition, and Rakuten manga genre 001001012."
rakuten-match-88567a8a7b0cacf777c6,candidate-88567a8a7b0cacf777c6,matched,9784091350138,ミルモでポン！ 1,standard,true,https://books.rakuten.co.jp/rb/1420575/,2026-08-22,"Exact normalized title, creator overlap, valid ISBN, standard edition, and Rakuten manga genre 001001004006/001001002008."
rakuten-match-889bc957a60a0558af22,candidate-889bc957a60a0558af22,matched,9784063106244,夏の前日（1）,standard,true,https://books.rakuten.co.jp/rb/6314662/,2026-08-22,"Exact normalized title, creator overlap, valid ISBN, standard edition, and Rakuten manga genre 001001003015."
rakuten-match-88a18383d225bfbb8d3c,candidate-88a18383d225bfbb8d3c,matched,9784199502675,リュウコミックス　きのこいぬ,standard,true,https://books.rakuten.co.jp/rb/11353778/,2026-08-22,"Exact normalized title, creator overlap, valid ISBN, standard edition, and Rakuten manga genre 001001012."
rakuten-match-88b6ddbe403959af0452,candidate-88b6ddbe403959af0452,matched,9784091356161,きらりん☆レボリューション（1）,standard,true,https://books.rakuten.co.jp/rb/1704560/,2026-08-22,"Exact normalized title, creator overlap, valid ISBN, standard edition, and Rakuten manga genre 001001002013."
rakuten-match-88cb26a0229ad7b83263,candidate-88cb26a0229ad7b83263,matched,9784098611188,ひらやすみ（1）,standard,true,https://books.rakuten.co.jp/rb/16827733/,2026-08-22,"Exact normalized title, creator overlap, valid ISBN, standard edition, and Rakuten manga genre 001001003009."
rakuten-match-88e75622b83b794c03ac,candidate-88e75622b83b794c03ac,matched,9784063523911,山賊ダイアリー（1）,standard,true,https://books.rakuten.co.jp/rb/11467757/,2026-08-22,"Exact normalized title, creator overlap, valid ISBN, standard edition, and Rakuten manga genre 001001003021."
rakuten-match-890c2ef066c0575db3d6,candidate-890c2ef066c0575db3d6,matched,9784063414189,溺れるナイフ（1）,standard,true,https://books.rakuten.co.jp/rb/1772733/,2026-08-22,"Exact normalized title, creator overlap, valid ISBN, standard edition, and Rakuten manga genre 001001002004."
rakuten-match-896cdea5c2a2fc018926,candidate-896cdea5c2a2fc018926,matched,9784088843230,悪祓士のキヨシくん 1,standard,true,https://books.rakuten.co.jp/rb/18009946/,2026-08-22,"Exact normalized title, creator overlap, valid ISBN, standard edition, and Rakuten manga genre 001001001008."
rakuten-match-898846fd9f5d77e49ed7,candidate-898846fd9f5d77e49ed7,matched,9784088672076,愛しの可愛い子ちゃん 1,standard,true,https://books.rakuten.co.jp/rb/11742670/,2026-08-22,"Exact normalized title, creator overlap, valid ISBN, standard edition, and Rakuten manga genre 001001002007."
rakuten-match-89a635148e2b3c129e38,candidate-89a635148e2b3c129e38,matched,9784785962807,とどのつまりの有頂天（1）,standard,true,https://books.rakuten.co.jp/rb/15594892/,2026-08-22,"Exact normalized title, creator overlap, valid ISBN, standard edition, and Rakuten manga genre 001001003049/001001003017."
rakuten-match-89cec8cc100900d67d7e,candidate-89cec8cc100900d67d7e,matched,9784088850931,エイリアンヘッドバット 1,standard,true,https://books.rakuten.co.jp/rb/18642616/,2026-08-22,"Exact normalized title, creator overlap, valid ISBN, standard edition, and Rakuten manga genre 001001001008."
rakuten-match-89d795575d6787113859,candidate-89d795575d6787113859,matched,9784488024482,鞄図書館（1）,standard,true,https://books.rakuten.co.jp/rb/6228710/,2026-08-22,"Exact normalized title, creator overlap, valid ISBN, standard edition, and Rakuten manga genre 001001012."
rakuten-match-89f5e17e2f8148359e4a,candidate-89f5e17e2f8148359e4a,matched,9784107716354,寿司ガール 1,standard,true,https://books.rakuten.co.jp/rb/11351737/,2026-08-22,"Exact normalized title, creator overlap, valid ISBN, standard edition, and Rakuten manga genre 001001003022."
rakuten-match-8a0b641effa2e417d7ad,candidate-8a0b641effa2e417d7ad,matched,9784253228039,もういっぽん！（1）,standard,true,https://books.rakuten.co.jp/rb/15769467/,2026-08-22,"Exact normalized title, creator overlap, valid ISBN, standard edition, and Rakuten manga genre 001001001001."
rakuten-match-8a7846af8ead1797e6a2,candidate-8a7846af8ead1797e6a2,matched,9784757535121,ハイスコアガール（1）,standard,true,https://books.rakuten.co.jp/rb/11509569/,2026-08-22,"Exact normalized title, creator overlap, valid ISBN, standard edition, and Rakuten manga genre 001001001002."
rakuten-match-8b37f50c7ef707254e8e,candidate-8b37f50c7ef707254e8e,matched,9784785961763,やんちゃギャルの安城さん　1,standard,true,https://books.rakuten.co.jp/rb/15344693/,2026-08-22,"Exact normalized title, creator overlap, valid ISBN, standard edition, and Rakuten manga genre 001001003049."
rakuten-match-8b620746045c3e21d13f,candidate-8b620746045c3e21d13f,matched,9784088811116,ぼくたちは勉強ができない 1,standard,true,https://books.rakuten.co.jp/rb/14944361/,2026-08-22,"Exact normalized title, creator overlap, valid ISBN, standard edition, and Rakuten manga genre 001001001008."
rakuten-match-8b69986d0bbfa6abceb9,candidate-8b69986d0bbfa6abceb9,matched,9784396765774,虹の娘,standard,true,https://books.rakuten.co.jp/rb/12271029/,2026-08-22,"Exact normalized title, creator overlap, valid ISBN, standard edition, and Rakuten manga genre 001001004008."
rakuten-match-8bac9b710429e535768d,candidate-8bac9b710429e535768d,matched,9784063145687,世界に羽ばたけ轟先生！（1）,standard,true,https://books.rakuten.co.jp/rb/6056114/,2026-08-22,"Exact normalized title, creator overlap, valid ISBN, standard edition, and Rakuten manga genre 001001003015."
rakuten-match-8be993fce62c22fa3702,candidate-8be993fce62c22fa3702,matched,9784088703626,鏡の国の針栖川（1）,standard,true,https://books.rakuten.co.jp/rb/11480084/,2026-08-22,"Exact normalized title, creator overlap, valid ISBN, standard edition, and Rakuten manga genre 001001001008."
rakuten-match-8c11eaa8b5cd763930d5,candidate-8c11eaa8b5cd763930d5,matched,9784253218269,ナリキン！（01）,standard,true,https://books.rakuten.co.jp/rb/11842268/,2026-08-22,"Exact normalized title, creator overlap, valid ISBN, standard edition, and Rakuten manga genre 001001003001/001001001001."
rakuten-match-8c31125fd4a0930f559e,candidate-8c31125fd4a0930f559e,matched,9784863490734,マコちゃん絵日記（1）,standard,true,https://books.rakuten.co.jp/rb/6057865/,2026-08-22,"Exact normalized title, creator overlap, valid ISBN, standard edition, and Rakuten manga genre 001001012."
rakuten-match-8caf20d75cf6a51600f2,candidate-8caf20d75cf6a51600f2,matched,9784575940107,大阪ハムレット（1）,standard,true,https://books.rakuten.co.jp/rb/4037301/,2026-08-22,"Exact normalized title, creator overlap, valid ISBN, standard edition, and Rakuten manga genre 001001003026."
rakuten-match-8cc0a12e77a2c168029c,candidate-8cc0a12e77a2c168029c,matched,9784575839685,トモちゃんはすごいブス（1）,standard,true,https://books.rakuten.co.jp/rb/11322219/,2026-08-22,"Exact normalized title, creator overlap, valid ISBN, standard edition, and Rakuten manga genre 001001003026."
rakuten-match-8d07714ac462efd374de,candidate-8d07714ac462efd374de,matched,9784065114698,花野井くんと恋の病（1）,standard,true,https://books.rakuten.co.jp/rb/15439737/,2026-08-22,"Exact normalized title, creator overlap, valid ISBN, standard edition, and Rakuten manga genre 001001002014."
rakuten-match-8d4e0bde0ff3d4a12783,candidate-8d4e0bde0ff3d4a12783,matched,9784575836387,Odds　GP！（001）,standard,true,https://books.rakuten.co.jp/rb/6075086/,2026-08-22,"Exact normalized title, creator overlap, valid ISBN, standard edition, and Rakuten manga genre 001001003026."
rakuten-match-8d6ba69eb9d5b3583c3e,candidate-8d6ba69eb9d5b3583c3e,matched,9784063886900,とんがり帽子のアトリエ（1）,standard,true,https://books.rakuten.co.jp/rb/14605964/,2026-08-22,"Exact normalized title, creator overlap, valid ISBN, standard edition, and Rakuten manga genre 001001003004."
rakuten-match-8db2b2190a8539797474,candidate-8db2b2190a8539797474,matched,9784063872187,エイス（1）,standard,true,https://books.rakuten.co.jp/rb/12302582/,2026-08-22,"Exact normalized title, creator overlap, valid ISBN, standard edition, and Rakuten manga genre 001001003004."
rakuten-match-8ddcf8b988956bca92a4,candidate-8ddcf8b988956bca92a4,matched,9784098705795,ポーの一族 ユニコーン,standard,true,https://books.rakuten.co.jp/rb/15914879/,2026-08-22,"Exact normalized title, creator overlap, valid ISBN, standard edition, and Rakuten manga genre 001001004006/001001002008."
rakuten-match-8df64cbd79e886289030,candidate-8df64cbd79e886289030,matched,9784593856688,夕日ロマンス,standard,true,https://books.rakuten.co.jp/rb/11539086/,2026-08-22,"Exact normalized title, creator overlap, valid ISBN, standard edition, and Rakuten manga genre 001001003057."
rakuten-match-8e138477c31512a8cce3,candidate-8e138477c31512a8cce3,matched,9784832234246,かわうその自転車屋さん（1）,standard,true,https://books.rakuten.co.jp/rb/12906727/,2026-08-22,"Exact normalized title, creator overlap, valid ISBN, standard edition, and Rakuten manga genre 001001012."
rakuten-match-8e3207bdaa057924de2c,candidate-8e3207bdaa057924de2c,matched,9784091847560,オンナミチ（1）,standard,true,https://books.rakuten.co.jp/rb/11903732/,2026-08-22,"Exact normalized title, creator overlap, valid ISBN, standard edition, and Rakuten manga genre 001001003009."
rakuten-match-8ec826c0db13f6e71c64,candidate-8ec826c0db13f6e71c64,matched,9784253225168,魔入りました！入間くん（1）,standard,true,https://books.rakuten.co.jp/rb/15005556/,2026-08-22,"Exact normalized title, creator overlap, valid ISBN, standard edition, and Rakuten manga genre 001001001001."
rakuten-match-8ec916b978d347c360bd,candidate-8ec916b978d347c360bd,matched,9784832241404,prism（1）,standard,true,https://books.rakuten.co.jp/rb/11604364/,2026-08-22,"Exact normalized title, creator overlap, valid ISBN, standard edition, and Rakuten manga genre 001001003053/001001003035."
rakuten-match-8f5c877d8aea310a2d2f,candidate-8f5c877d8aea310a2d2f,matched,9784098538997,マネマネにちにち（1）,standard,true,https://books.rakuten.co.jp/rb/18133182/,2026-08-22,"Exact normalized title, creator overlap, valid ISBN, standard edition, and Rakuten manga genre 001001003048."
rakuten-match-8f7c9c4dc5e8c7adb655,candidate-8f7c9c4dc5e8c7adb655,matched,9784091308375,BLACK BIRD（1）,standard,true,https://books.rakuten.co.jp/rb/4249244/,2026-08-22,"Exact normalized title, creator overlap, valid ISBN, standard edition, and Rakuten manga genre 001001004006/001001002008."
rakuten-match-8fc60a797da33e2008de,candidate-8fc60a797da33e2008de,matched,9784091825698,明日のない空（1）,standard,true,https://books.rakuten.co.jp/rb/6111369/,2026-08-22,"Exact normalized title, creator overlap, valid ISBN, standard edition, and Rakuten manga genre 001001003009."
rakuten-match-8fc8b770bb4425310ce1,candidate-8fc8b770bb4425310ce1,matched,9784537130393,中卒労働者から始める高校生活（1）,standard,true,https://books.rakuten.co.jp/rb/12271052/,2026-08-22,"Exact normalized title, creator overlap, valid ISBN, standard edition, and Rakuten manga genre 001001003025."
rakuten-match-8fcc50271f37e026bc3f,candidate-8fcc50271f37e026bc3f,matched,9784575941609,うちの妻ってどうでしょう？（1）,standard,true,https://books.rakuten.co.jp/rb/5561990/,2026-08-22,"Exact normalized title, creator overlap, valid ISBN, standard edition, and Rakuten manga genre 001001012."
rakuten-match-8fcfd281265fcacb7e4a,candidate-8fcfd281265fcacb7e4a,matched,9784047266025,さよならもいわずに,standard,true,https://books.rakuten.co.jp/rb/6516589/,2026-08-22,"Exact normalized title, creator overlap, valid ISBN, standard edition, and Rakuten manga genre 001001003023."
rakuten-match-8fe3fc7e4a5c069b0a9f,candidate-8fe3fc7e4a5c069b0a9f,matched,9784088798295,娘の家出（1）,standard,true,https://books.rakuten.co.jp/rb/12750804/,2026-08-22,"Exact normalized title, creator overlap, valid ISBN, standard edition, and Rakuten manga genre 001001003005."
rakuten-match-8ff141505b0a27f8d630,candidate-8ff141505b0a27f8d630,matched,9784091884947,WOMBS（1）,standard,true,https://books.rakuten.co.jp/rb/6272735/,2026-08-22,"Exact normalized title, creator overlap, valid ISBN, standard edition, and Rakuten manga genre 001001003041."
rakuten-match-8ff791cd14bf2b7e9495,candidate-8ff791cd14bf2b7e9495,matched,9784063649062,すべてがちょっとずつ優しい世界,standard,true,https://books.rakuten.co.jp/rb/12090769/,2026-08-22,"Exact normalized title, creator overlap, valid ISBN, standard edition, and Rakuten manga genre 001001012."
rakuten-match-9014e740e708fed37580,candidate-9014e740e708fed37580,matched,9784041048801,であいもん　（1）,standard,true,https://books.rakuten.co.jp/rb/14508369/,2026-08-22,"Exact normalized title, creator overlap, valid ISBN, standard edition, and Rakuten manga genre 001001003059."
rakuten-match-902252f2a52ad25cd38f,candidate-902252f2a52ad25cd38f,matched,9784088777313,ぎんぎつね 1,standard,true,https://books.rakuten.co.jp/rb/6166320/,2026-08-22,"Exact normalized title, creator overlap, valid ISBN, standard edition, and Rakuten manga genre 001001003005."
rakuten-match-9036a98c069b5ef8cd54,candidate-9036a98c069b5ef8cd54,matched,9784091294920,よふかしのうた（1）,standard,true,https://books.rakuten.co.jp/rb/16090200/,2026-08-22,"Exact normalized title, creator overlap, valid ISBN, standard edition, and Rakuten manga genre 001001001009."
rakuten-match-90510bc26c9ef2851fb5,candidate-90510bc26c9ef2851fb5,matched,9784801968271,ギャル医者あやっぺ,standard,true,https://books.rakuten.co.jp/rb/16098998/,2026-08-22,"Exact normalized title, creator overlap, valid ISBN, standard edition, and Rakuten manga genre 001001003044."
rakuten-match-9072892a767332254f00,candidate-9072892a767332254f00,matched,9784861275333,flat（1）,standard,true,https://books.rakuten.co.jp/rb/5837393/,2026-08-22,"Exact normalized title, creator overlap, valid ISBN, standard edition, and Rakuten manga genre 001001003058."
rakuten-match-90a48d5d64cffbc5cfa2,candidate-90a48d5d64cffbc5cfa2,matched,9784040685847,魔王様としゅんくん　1,standard,true,https://books.rakuten.co.jp/rb/14491306/,2026-08-22,"Exact normalized title, creator overlap, valid ISBN, standard edition, and Rakuten manga genre 001001012."
rakuten-match-90dcaac35aacdc4fd682,candidate-90dcaac35aacdc4fd682,matched,9784778321895,8月のソーダ水,standard,true,https://books.rakuten.co.jp/rb/12271194/,2026-08-22,"Exact normalized title, creator overlap, valid ISBN, standard edition, and Rakuten manga genre 001001012."
rakuten-match-90e7fb3bdbfb6d3ebab2,candidate-90e7fb3bdbfb6d3ebab2,matched,9784091850409,重版出来！（1）,standard,true,https://books.rakuten.co.jp/rb/12199875/,2026-08-22,"Exact normalized title, creator overlap, valid ISBN, standard edition, and Rakuten manga genre 001001003009."
rakuten-match-9120d2a8575b5caa1a4a,candidate-9120d2a8575b5caa1a4a,matched,9784091255235,サイケまたしても 1,standard,true,https://books.rakuten.co.jp/rb/12961470/,2026-08-22,"Exact normalized title, creator overlap, valid ISBN, standard edition, and Rakuten manga genre 001001001009."
rakuten-match-918269f1052ba75e3add,candidate-918269f1052ba75e3add,matched,9784575840063,同人少女JB（1）,standard,true,https://books.rakuten.co.jp/rb/11442335/,2026-08-22,"Exact normalized title, creator overlap, valid ISBN, standard edition, and Rakuten manga genre 001001003026."
rakuten-match-91c5f2bf8e844a340b1c,candidate-91c5f2bf8e844a340b1c,matched,9784757547698,ハッピーシュガーライフ（1）,standard,true,https://books.rakuten.co.jp/rb/13383264/,2026-08-22,"Exact normalized title, creator overlap, valid ISBN, standard edition, and Rakuten manga genre 001001003050."
rakuten-match-91defad58c596cdfd766,candidate-91defad58c596cdfd766,matched,9784758070249,楽園の条件,standard,true,https://books.rakuten.co.jp/rb/5167461/,2026-08-22,"Exact normalized title, creator overlap, valid ISBN, standard edition, and Rakuten manga genre 001001003043/001001002025/001001002024/001001002018."
rakuten-match-9204df77aa0e4c6b1622,candidate-9204df77aa0e4c6b1622,matched,9784344829442,江戸モアゼル,standard,true,https://books.rakuten.co.jp/rb/12458224/,2026-08-22,"Exact normalized title, creator overlap, valid ISBN, standard edition, and Rakuten manga genre 001001003020."
rakuten-match-9215d08d23e8b0041f79,candidate-9215d08d23e8b0041f79,matched,9784757557260,お従兄さんの引っ越しの片づけが進まない（1）,standard,true,https://books.rakuten.co.jp/rb/15439933/,2026-08-22,"Exact normalized title, creator overlap, valid ISBN, standard edition, and Rakuten manga genre 001001003050."
rakuten-match-922521d4b75142332f45,candidate-922521d4b75142332f45,matched,9784063731385,論理少女（1）,standard,true,https://books.rakuten.co.jp/rb/5831705/,2026-08-22,"Exact normalized title, creator overlap, valid ISBN, standard edition, and Rakuten manga genre 001001003047."
rakuten-match-925f371723beac5227f7,candidate-925f371723beac5227f7,matched,9784065378557,邪神の弁当屋さん（1）,standard,true,https://books.rakuten.co.jp/rb/18045058/,2026-08-22,"Exact normalized title, creator overlap, valid ISBN, standard edition, and Rakuten manga genre 001001003003."
rakuten-match-928f5f27dd2e86b92046,candidate-928f5f27dd2e86b92046,matched,9784063882728,青野くんに触りたいから死にたい（1）,standard,true,https://books.rakuten.co.jp/rb/14992405/,2026-08-22,"Exact normalized title, creator overlap, valid ISBN, standard edition, and Rakuten manga genre 001001003015."
rakuten-match-929225f622a17899935c,candidate-929225f622a17899935c,matched,9784047156890,ナナマル　サンバツ　（1）,standard,true,https://books.rakuten.co.jp/rb/11139040/,2026-08-22,"Exact normalized title, creator overlap, valid ISBN, standard edition, and Rakuten manga genre 001001003059."
rakuten-match-92d498541928ccba7865,candidate-92d498541928ccba7865,matched,9784757541498,ACCA13区監察課（1）,standard,true,https://books.rakuten.co.jp/rb/12504452/,2026-08-22,"Exact normalized title, creator overlap, valid ISBN, standard edition, and Rakuten manga genre 001001001002."
rakuten-match-92de7bd198cf0cd8a3a2,candidate-92de7bd198cf0cd8a3a2,matched,9784091883278,La　quinta　camera,standard,true,https://books.rakuten.co.jp/rb/4063380/,2026-08-22,"Exact normalized title, creator overlap, valid ISBN, standard edition, and Rakuten manga genre 001001003041."
rakuten-match-933919bb207b365fef36,candidate-933919bb207b365fef36,matched,9784088852294,ロクのおかしな家 1,standard,true,https://books.rakuten.co.jp/rb/18723462/,2026-08-22,"Exact normalized title, creator overlap, valid ISBN, standard edition, and Rakuten manga genre 001001001008."
rakuten-match-933cc90d605b25f3d24a,candidate-933cc90d605b25f3d24a,matched,9784834213515,キン肉マン（1）,standard,true,https://books.rakuten.co.jp/rb/1083952/,2026-08-22,"Exact normalized title, creator overlap, valid ISBN, standard edition, and Rakuten manga genre 001001001008."
rakuten-match-93a7507ad6a0965f4491,candidate-93a7507ad6a0965f4491,matched,9784063289992,働きマン（1）,standard,true,https://books.rakuten.co.jp/rb/1733861/,2026-08-22,"Exact normalized title, creator overlap, valid ISBN, standard edition, and Rakuten manga genre 001001003004."
rakuten-match-93b6c8f8c485a4646900,candidate-93b6c8f8c485a4646900,matched,9784253225915,少年ラケット（1）,standard,true,https://books.rakuten.co.jp/rb/13346710/,2026-08-22,"Exact normalized title, creator overlap, valid ISBN, standard edition, and Rakuten manga genre 001001001001."
rakuten-match-93cc9f5cc2b12871f93c,candidate-93cc9f5cc2b12871f93c,matched,9784088818566,ダークギャザリング 1,standard,true,https://books.rakuten.co.jp/rb/15888611/,2026-08-22,"Exact normalized title, creator overlap, valid ISBN, standard edition, and Rakuten manga genre 001001001008."
rakuten-match-93e9b2f4a6553f46930e,candidate-93e9b2f4a6553f46930e,matched,9784575839814,まりかセヴン 1,standard,true,https://books.rakuten.co.jp/rb/11353808/,2026-08-22,"Exact normalized title, creator overlap, valid ISBN, standard edition, and Rakuten manga genre 001001003026."
rakuten-match-93efef7aea4cca78ca31,candidate-93efef7aea4cca78ca31,matched,9784047295919,あれよ星屑（1）,standard,true,https://books.rakuten.co.jp/rb/12690171/,2026-08-22,"Exact normalized title, creator overlap, valid ISBN, standard edition, and Rakuten manga genre 001001003023."
rakuten-match-9441c3675bf66b066cbb,candidate-9441c3675bf66b066cbb,matched,9784063870190,少年ノート（1）,standard,true,https://books.rakuten.co.jp/rb/11234807/,2026-08-22,"Exact normalized title, creator overlap, valid ISBN, standard edition, and Rakuten manga genre 001001003004."
rakuten-match-945f047caf044b612828,candidate-945f047caf044b612828,matched,9784063871159,とんがらし,standard,true,https://books.rakuten.co.jp/rb/11605737/,2026-08-22,"Exact normalized title, creator overlap, valid ISBN, standard edition, and Rakuten manga genre 001001003004."
rakuten-match-94e1e27d576ac0b355d8,candidate-94e1e27d576ac0b355d8,matched,9784088834375,一ノ瀬家の大罪 1,standard,true,https://books.rakuten.co.jp/rb/17406315/,2026-08-22,"Exact normalized title, creator overlap, valid ISBN, standard edition, and Rakuten manga genre 001001001008."
rakuten-match-94eef3a31dd787e88cf1,candidate-94eef3a31dd787e88cf1,matched,9784757736887,アベックパンチ（1）,standard,true,https://books.rakuten.co.jp/rb/4501184/,2026-08-22,"Exact normalized title, creator overlap, valid ISBN, standard edition, and Rakuten manga genre 001001003023."
rakuten-match-9516d1ec3aa424e46828,candidate-9516d1ec3aa424e46828,matched,9784047356009,恋煮込み愛つゆだく大盛り,standard,true,https://books.rakuten.co.jp/rb/15829954/,2026-08-22,"Exact normalized title, creator overlap, valid ISBN, standard edition, and Rakuten manga genre 001001003023."
rakuten-match-954b6f2a132cd6cdf07b,candidate-954b6f2a132cd6cdf07b,matched,9784091840905,七月の骨,standard,true,https://books.rakuten.co.jp/rb/11238147/,2026-08-22,"Exact normalized title, creator overlap, valid ISBN, standard edition, and Rakuten manga genre 001001003009."
rakuten-match-957cfe06e87cb83853c3,candidate-957cfe06e87cb83853c3,matched,9784757723023,コーヒーもう一杯（1）,standard,true,https://books.rakuten.co.jp/rb/3608203/,2026-08-22,"Exact normalized title, creator overlap, valid ISBN, standard edition, and Rakuten manga genre 001001003023."
rakuten-match-95880a6b2ca8a072e5b5,candidate-95880a6b2ca8a072e5b5,matched,9784063760217,つなぐと星座になるように（1）,standard,true,https://books.rakuten.co.jp/rb/6946941/,2026-08-22,"Exact normalized title, creator overlap, valid ISBN, standard edition, and Rakuten manga genre 001001012."
rakuten-match-95dae802c37593fcc9ab,candidate-95dae802c37593fcc9ab,matched,9784091221513,うっちゃれ五所瓦 1,standard,true,https://books.rakuten.co.jp/rb/379699/,2026-08-22,"Exact normalized title, creator overlap, valid ISBN, standard edition, and Rakuten manga genre 001001001009."
rakuten-match-95e2ec757f3c1f3743d5,candidate-95e2ec757f3c1f3743d5,matched,9784812454497,せんせいになれません（1）,standard,true,https://books.rakuten.co.jp/rb/1206098/,2026-08-22,"Exact normalized title, creator overlap, valid ISBN, standard edition, and Rakuten manga genre 001001003044."
rakuten-match-95fd611e0a1d2fd733c9,candidate-95fd611e0a1d2fd733c9,matched,9784592230311,ウチの万李がお世話になります 1,standard,true,https://books.rakuten.co.jp/rb/17890425/,2026-08-22,"Exact normalized title, creator overlap, valid ISBN, standard edition, and Rakuten manga genre 001001002009."
rakuten-match-961a49798df191311f42,candidate-961a49798df191311f42,matched,9784107717443,働かないふたり（1）,standard,true,https://books.rakuten.co.jp/rb/12724392/,2026-08-22,"Exact normalized title, creator overlap, valid ISBN, standard edition, and Rakuten manga genre 001001003022."
rakuten-match-968a22513a12496eee61,candidate-968a22513a12496eee61,matched,9784088745602,放課後ウインド・オーケストラ（1）,standard,true,https://books.rakuten.co.jp/rb/5750113/,2026-08-22,"Exact normalized title, creator overlap, valid ISBN, standard edition, and Rakuten manga genre 001001001008."
rakuten-match-968c71abbaaa0b6801eb,candidate-968c71abbaaa0b6801eb,matched,9784047292246,鴨の水かき　1巻,standard,true,https://books.rakuten.co.jp/rb/12458691/,2026-08-22,"Exact normalized title, creator overlap, valid ISBN, standard edition, and Rakuten manga genre 001001012."
rakuten-match-969bcc1f8f1adbdcdbc9,candidate-969bcc1f8f1adbdcdbc9,matched,9784575440263,月出づる街の人々（1）,standard,true,https://books.rakuten.co.jp/rb/17194191/,2026-08-22,"Exact normalized title, creator overlap, valid ISBN, standard edition, and Rakuten manga genre 001001012."
rakuten-match-96aef57fdc450e67d57a,candidate-96aef57fdc450e67d57a,matched,9784063731125,将国のアルタイル（1）,standard,true,https://books.rakuten.co.jp/rb/5546997/,2026-08-22,"Exact normalized title, creator overlap, valid ISBN, standard edition, and Rakuten manga genre 001001003047."
rakuten-match-96bba3c4328642674c32,candidate-96bba3c4328642674c32,matched,9784396783389,年々彩々,standard,true,https://books.rakuten.co.jp/rb/12458454/,2026-08-22,"Exact normalized title, creator overlap, valid ISBN, standard edition, and Rakuten manga genre 001021002027/001001012."
rakuten-match-96fc9ffa3f2892697285,candidate-96fc9ffa3f2892697285,matched,9784088928623,のあ先輩はともだち。 1,standard,true,https://books.rakuten.co.jp/rb/17608233/,2026-08-22,"Exact normalized title, creator overlap, valid ISBN, standard edition, and Rakuten manga genre 001001003005."
rakuten-match-970bcce27f74166b6758,candidate-970bcce27f74166b6758,matched,9784047266285,ジゼル・アラン　1,standard,true,https://books.rakuten.co.jp/rb/6516590/,2026-08-22,"Exact normalized title, creator overlap, valid ISBN, standard edition, and Rakuten manga genre 001001003023."
rakuten-match-9711cfc35c4941e50948,candidate-9711cfc35c4941e50948,matched,9784199505164,頂き！成り上がり飯（1）,standard,true,https://books.rakuten.co.jp/rb/14161210/,2026-08-22,"Exact normalized title, creator overlap, valid ISBN, standard edition, and Rakuten manga genre 001001012."
rakuten-match-9723a4d0d9f4a17839d1,candidate-9723a4d0d9f4a17839d1,matched,9784091278647,シノビノ 1,standard,true,https://books.rakuten.co.jp/rb/15116367/,2026-08-22,"Exact normalized title, creator overlap, valid ISBN, standard edition, and Rakuten manga genre 001001001009."
rakuten-match-974a42056e7a969be948,candidate-974a42056e7a969be948,matched,9784088777474,誰も知らない〜子不語（1）,standard,true,https://books.rakuten.co.jp/rb/6199897/,2026-08-22,"Exact normalized title, creator overlap, valid ISBN, standard edition, and Rakuten manga genre 001001003005."
rakuten-match-9791d80d12670e9b87c5,candidate-9791d80d12670e9b87c5,matched,9784757535756,ディメンションW（1）,standard,true,https://books.rakuten.co.jp/rb/11604248/,2026-08-22,"Exact normalized title, creator overlap, valid ISBN, standard edition, and Rakuten manga genre 001001003018."
rakuten-match-979c21cf10bbe09a70b9,candidate-979c21cf10bbe09a70b9,matched,9784091316806,雨無村役場産業課兼観光係（1）,standard,true,https://books.rakuten.co.jp/rb/5787836/,2026-08-22,"Exact normalized title, creator overlap, valid ISBN, standard edition, and Rakuten manga genre 001001004006/001001002008."
rakuten-match-97d088086128a66d692d,candidate-97d088086128a66d692d,matched,9784592140016,ギガントマキア,standard,true,https://books.rakuten.co.jp/rb/12811346/,2026-08-22,"Exact normalized title, creator overlap, valid ISBN, standard edition, and Rakuten manga genre 001001003010."
rakuten-match-9819dc57951f1adb8729,candidate-9819dc57951f1adb8729,matched,9784344831681,わたしは真夜中（1）,standard,true,https://books.rakuten.co.jp/rb/12818720/,2026-08-22,"Exact normalized title, creator overlap, valid ISBN, standard edition, and Rakuten manga genre 001001003020."
rakuten-match-982bb79e03193ebbafcd,candidate-982bb79e03193ebbafcd,matched,9784087821888,ママはテンパリスト（1）,standard,true,https://books.rakuten.co.jp/rb/5878736/,2026-08-22,"Exact normalized title, creator overlap, valid ISBN, standard edition, and Rakuten manga genre 001001012/001010002001."
rakuten-match-98496629236d52367540,candidate-98496629236d52367540,matched,9784253155502,どぶがわ,standard,true,https://books.rakuten.co.jp/rb/12504127/,2026-08-22,"Exact normalized title, creator overlap, valid ISBN, standard edition, and Rakuten manga genre 001001004001."
rakuten-match-98626de1d3e25186d1bb,candidate-98626de1d3e25186d1bb,matched,9784091273437,古見さんは、コミュ症です。 1,standard,true,https://books.rakuten.co.jp/rb/14355404/,2026-08-22,"Exact normalized title, creator overlap, valid ISBN, standard edition, and Rakuten manga genre 001001001009."
rakuten-match-98637340992f2f50107d,candidate-98637340992f2f50107d,matched,9784107716774,いつかティファニーで朝食を（1）,standard,true,https://books.rakuten.co.jp/rb/11842218/,2026-08-22,"Exact normalized title, creator overlap, valid ISBN, standard edition, and Rakuten manga genre 001001003022."
rakuten-match-986fd04811a0b3d816f1,candidate-986fd04811a0b3d816f1,matched,9784091214201,月光条例（1）,standard,true,https://books.rakuten.co.jp/rb/5717249/,2026-08-22,"Exact normalized title, creator overlap, valid ISBN, standard edition, and Rakuten manga genre 001001001009."
rakuten-match-9894bab2657809d62a14,candidate-9894bab2657809d62a14,matched,9784040665764,くまみこ　1,standard,true,https://books.rakuten.co.jp/rb/12742549/,2026-08-22,"Exact normalized title, creator overlap, valid ISBN, standard edition, and Rakuten manga genre 001001012."
rakuten-match-989ea31af1af92fb78b4,candidate-989ea31af1af92fb78b4,matched,9784592188995,片恋の日記少女,standard,true,https://books.rakuten.co.jp/rb/5296160/,2026-08-22,"Exact normalized title, creator overlap, valid ISBN, standard edition, and Rakuten manga genre 001001002009."
rakuten-match-98b7d2ef065bde405972,candidate-98b7d2ef065bde405972,matched,9784757580947,スーパーの裏でヤニ吸うふたり（1）,standard,true,https://books.rakuten.co.jp/rb/17198290/,2026-08-22,"Exact normalized title, creator overlap, valid ISBN, standard edition, and Rakuten manga genre 001001012."
rakuten-match-98d513b70560f2f96a38,candidate-98d513b70560f2f96a38,matched,9784091200013,漂流教室（1）,standard,true,https://books.rakuten.co.jp/rb/376209/,2026-08-22,"Exact normalized title, creator overlap, valid ISBN, standard edition, and Rakuten manga genre 001001001009."
rakuten-match-99046601b40a492141c1,candidate-99046601b40a492141c1,matched,9784757515086,天体戦士サンレッド（1）,standard,true,https://books.rakuten.co.jp/rb/3611478/,2026-08-22,"Exact normalized title, creator overlap, valid ISBN, standard edition, and Rakuten manga genre 001001003018."
rakuten-match-9919ce0368e7e46897b5,candidate-9919ce0368e7e46897b5,matched,9784107713254,マイガール（1）,standard,true,https://books.rakuten.co.jp/rb/4349782/,2026-08-22,"Exact normalized title, creator overlap, valid ISBN, standard edition, and Rakuten manga genre 001001003022."
rakuten-match-994f45d756b4055ece27,candidate-994f45d756b4055ece27,matched,9784785959142,はやめブラストギア　1巻,standard,true,https://books.rakuten.co.jp/rb/14496832/,2026-08-22,"Exact normalized title, creator overlap, valid ISBN, standard edition, and Rakuten manga genre 001001003049."
rakuten-match-99d81456c341e239d7af,candidate-99d81456c341e239d7af,matched,9784063619423,レッツ☆ラグーン（1）,standard,true,https://books.rakuten.co.jp/rb/6652933/,2026-08-22,"Exact normalized title, creator overlap, valid ISBN, standard edition, and Rakuten manga genre 001001003003."
rakuten-match-99feb5a88e39c429b8c2,candidate-99feb5a88e39c429b8c2,matched,9784758055307,カッパときのこ,standard,true,https://books.rakuten.co.jp/rb/6514453/,2026-08-22,"Exact normalized title, creator overlap, valid ISBN, standard edition, and Rakuten manga genre 001001002024/001001002018."
rakuten-match-9a006f9a47769dfc2c3a,candidate-9a006f9a47769dfc2c3a,matched,9784091292773,殺し屋Sのゆらぎ（1）,standard,true,https://books.rakuten.co.jp/rb/15906380/,2026-08-22,"Exact normalized title, creator overlap, valid ISBN, standard edition, and Rakuten manga genre 001001003048."
rakuten-match-9a0dc26c6ae8f8e675c4,candidate-9a0dc26c6ae8f8e675c4,matched,9784063871142,彼女とカメラと彼女の季節（1）,standard,true,https://books.rakuten.co.jp/rb/11682618/,2026-08-22,"Exact normalized title, creator overlap, valid ISBN, standard edition, and Rakuten manga genre 001001003004."
rakuten-match-9a1d727d87f46ac407d1,candidate-9a1d727d87f46ac407d1,matched,9784088653952,Real　Clothes（1）,standard,true,https://books.rakuten.co.jp/rb/4375194/,2026-08-22,"Exact normalized title, creator overlap, valid ISBN, standard edition, and Rakuten manga genre 001001002011."
rakuten-match-9a375ef7844b5d6e69af,candidate-9a375ef7844b5d6e69af,matched,9784091326423,ショコラの魔法,standard,true,https://books.rakuten.co.jp/rb/6092830/,2026-08-22,"Exact normalized title, creator overlap, valid ISBN, standard edition, and Rakuten manga genre 001001002013."
rakuten-match-9ad564d206d2c1a6c4ef,candidate-9ad564d206d2c1a6c4ef,matched,9784088817804,チェンソーマン 1,standard,true,https://books.rakuten.co.jp/rb/15793617/,2026-08-22,"Exact normalized title, creator overlap, valid ISBN, standard edition, and Rakuten manga genre 001001001008."
rakuten-match-9b1c428d3210fa2b70bf,candidate-9b1c428d3210fa2b70bf,matched,9784046854179,魔法少女ノ魔女裁判　1,standard,true,https://books.rakuten.co.jp/rb/18420275/,2026-08-22,"Exact normalized title, creator overlap, valid ISBN, standard edition, and Rakuten manga genre 001001012."
rakuten-match-9b42e9cda7743bba0f9b,candidate-9b42e9cda7743bba0f9b,matched,9784063404456,回転銀河（1）,standard,true,https://books.rakuten.co.jp/rb/1583916/,2026-08-22,"Exact normalized title, creator overlap, valid ISBN, standard edition, and Rakuten manga genre 001001002005."
rakuten-match-9b486df34cdf8853a038,candidate-9b486df34cdf8853a038,matched,9784091802811,釣りバカ日誌（1）,standard,true,https://books.rakuten.co.jp/rb/994893/,2026-08-22,"Exact normalized title, creator overlap, valid ISBN, standard edition, and Rakuten manga genre 001001003009."
rakuten-match-9bad151827d73f15815a,candidate-9bad151827d73f15815a,matched,9784091834904,オーミ先生の微熱（1）,standard,true,https://books.rakuten.co.jp/rb/6737187/,2026-08-22,"Exact normalized title, creator overlap, valid ISBN, standard edition, and Rakuten manga genre 001001003009."
rakuten-match-9bb7bc1f5f40a377ed68,candidate-9bb7bc1f5f40a377ed68,matched,9784091370518,エンジェルリップ（1）,standard,true,https://books.rakuten.co.jp/rb/831896/,2026-08-22,"Exact normalized title, creator overlap, valid ISBN, standard edition, and Rakuten manga genre 001001004006/001001002013/001001002008."
rakuten-match-9bc48e7f5208ca6bd0eb,candidate-9bc48e7f5208ca6bd0eb,matched,9784088851587,オダロク 1,standard,true,https://books.rakuten.co.jp/rb/18723466/,2026-08-22,"Exact normalized title, creator overlap, valid ISBN, standard edition, and Rakuten manga genre 001001001008."
rakuten-match-9bd00739b995d84e2494,candidate-9bd00739b995d84e2494,matched,9784778323011,あした死ぬには、1,standard,true,https://books.rakuten.co.jp/rb/15898729/,2026-08-22,"Exact normalized title, creator overlap, valid ISBN, standard edition, and Rakuten manga genre 001001012."
rakuten-match-9c412903936a15ec703f,candidate-9c412903936a15ec703f,matched,9784592166566,描くなるうえは 1,standard,true,https://books.rakuten.co.jp/rb/17554560/,2026-08-22,"Exact normalized title, creator overlap, valid ISBN, standard edition, and Rakuten manga genre 001001012/001001003010."
rakuten-match-9c61ec68f9fc25c13b3e,candidate-9c61ec68f9fc25c13b3e,matched,9784091837240,亭主元気で犬がいい（1）,standard,true,https://books.rakuten.co.jp/rb/7000376/,2026-08-22,"Exact normalized title, creator overlap, valid ISBN, standard edition, and Rakuten manga genre 001001003009."
rakuten-match-9c99d5d65e8e6a4a8465,candidate-9c99d5d65e8e6a4a8465,matched,9784047340015,少年メイド1,standard,true,https://books.rakuten.co.jp/rb/13604799/,2026-08-22,"Exact normalized title, creator overlap, valid ISBN, standard edition, and Rakuten manga genre 001001012."
rakuten-match-9ce9f67dfe1aef833c70,candidate-9ce9f67dfe1aef833c70,matched,9784091892966,映像研には手を出すな！ 1,standard,true,https://books.rakuten.co.jp/rb/14576390/,2026-08-22,"Exact normalized title, creator overlap, valid ISBN, standard edition, and Rakuten manga genre 001001003009."
rakuten-match-9cfccaa87d8dc193f422,candidate-9cfccaa87d8dc193f422,matched,9784088747231,血界戦線 1 -魔封街結社ー,standard,true,https://books.rakuten.co.jp/rb/6272648/,2026-08-22,"Exact normalized title, creator overlap, valid ISBN, standard edition, and Rakuten manga genre 001001001008."
rakuten-match-9cfdc50b51526aad52a4,candidate-9cfdc50b51526aad52a4,matched,9784575942804,おんさのひびき（1）,standard,true,https://books.rakuten.co.jp/rb/6454302/,2026-08-22,"Exact normalized title, creator overlap, valid ISBN, standard edition, and Rakuten manga genre 001001003026."
rakuten-match-9d04c47e7efbbbd8aca6,candidate-9d04c47e7efbbbd8aca6,matched,9784592217268,かげきしょうじょ!! 1,standard,true,https://books.rakuten.co.jp/rb/13426223/,2026-08-22,"Exact normalized title, creator overlap, valid ISBN, standard edition, and Rakuten manga genre 001001002009."
rakuten-match-9d2b58c5a982b7ddcbc6,candidate-9d2b58c5a982b7ddcbc6,matched,9784091873057,ボーイズ・オン・ザ・ラン（1）,standard,true,https://books.rakuten.co.jp/rb/3660647/,2026-08-22,"Exact normalized title, creator overlap, valid ISBN, standard edition, and Rakuten manga genre 001001003009."
rakuten-match-9d437b1a9711aeb3471d,candidate-9d437b1a9711aeb3471d,matched,9784091367013,花音（1）,standard,true,https://books.rakuten.co.jp/rb/760918/,2026-08-22,"Exact normalized title, creator overlap, valid ISBN, standard edition, and Rakuten manga genre 001001004006/001001002008."
rakuten-match-9d521b89712c948b76ce,candidate-9d521b89712c948b76ce,matched,9784091291394,水女神は今日も恋をするか？（1）,standard,true,https://books.rakuten.co.jp/rb/15831743/,2026-08-22,"Exact normalized title, creator overlap, valid ISBN, standard edition, and Rakuten manga genre 001001001009."
rakuten-match-9d5d64262dbc2893acd4,candidate-9d5d64262dbc2893acd4,matched,9784091300010,ポーの一族（1）,standard,true,https://books.rakuten.co.jp/rb/741513/,2026-08-22,"Exact normalized title, creator overlap, valid ISBN, standard edition, and Rakuten manga genre 001001004006/001001002008."
rakuten-match-9de2b62d9ed781881670,candidate-9de2b62d9ed781881670,matched,9784832241466,箱入りドロップス（1）,standard,true,https://books.rakuten.co.jp/rb/11604370/,2026-08-22,"Exact normalized title, creator overlap, valid ISBN, standard edition, and Rakuten manga genre 001001003053/001001003035."
rakuten-match-9e12ab5a319cfbf36307,candidate-9e12ab5a319cfbf36307,matched,9784785934965,セカイのミカタ（1）,standard,true,https://books.rakuten.co.jp/rb/6718495/,2026-08-22,"Exact normalized title, creator overlap, valid ISBN, standard edition, and Rakuten manga genre 001001003049/001001003017."
rakuten-match-9e98119539f60465ce66,candidate-9e98119539f60465ce66,matched,9784785936310,僕らはみんな河合荘（1）,standard,true,https://books.rakuten.co.jp/rb/11141971/,2026-08-22,"Exact normalized title, creator overlap, valid ISBN, standard edition, and Rakuten manga genre 001001003049/001001003017."
rakuten-match-9ea21464345e9489a6c2,candidate-9ea21464345e9489a6c2,matched,9784785972783,魔法少女♡三十路　1,standard,true,https://books.rakuten.co.jp/rb/17287310/,2026-08-22,"Exact normalized title, creator overlap, valid ISBN, standard edition, and Rakuten manga genre 001001003049."
rakuten-match-9ea5b539398abf33389c,candidate-9ea5b539398abf33389c,matched,9784757565432,不器用な先輩。（1）,standard,true,https://books.rakuten.co.jp/rb/16218275/,2026-08-22,"Exact normalized title, creator overlap, valid ISBN, standard edition, and Rakuten manga genre 001001003018."
rakuten-match-9ea915886fe936b47d61,candidate-9ea915886fe936b47d61,matched,9784592171584,夏目友人帳 1,standard,true,https://books.rakuten.co.jp/rb/3634138/,2026-08-22,"Exact normalized title, creator overlap, valid ISBN, standard edition, and Rakuten manga genre 001001002009."
rakuten-match-9ed6fa395060b8ee9851,candidate-9ed6fa395060b8ee9851,matched,9784107717627,ミトコンペレストロイカ（1）,standard,true,https://books.rakuten.co.jp/rb/12838966/,2026-08-22,"Exact normalized title, creator overlap, valid ISBN, standard edition, and Rakuten manga genre 001001003022."
rakuten-match-9eddcb2b8337e0a27537,candidate-9eddcb2b8337e0a27537,matched,9784091331366,花宵道中（1）,standard,true,https://books.rakuten.co.jp/rb/6327312/,2026-08-22,"Exact normalized title, creator overlap, valid ISBN, standard edition, and Rakuten manga genre 001001004006/001001002008."
rakuten-match-9ee686214ab1d0d4c8fc,candidate-9ee686214ab1d0d4c8fc,matched,9784048922531,まったく最近の探偵ときたら1,standard,true,https://books.rakuten.co.jp/rb/14283070/,2026-08-22,"Exact normalized title, creator overlap, valid ISBN, standard edition, and Rakuten manga genre 001001003046."
rakuten-match-9f01ddaef8d3525c771f,candidate-9f01ddaef8d3525c771f,matched,9784758021821,ふたりエスケープ(1),standard,true,https://books.rakuten.co.jp/rb/16461133/,2026-08-22,"Exact normalized title, creator overlap, valid ISBN, standard edition, and Rakuten manga genre 001001002025."
rakuten-match-9f2db6ebe083f66c893a,candidate-9f2db6ebe083f66c893a,matched,9784063759976,秘身譚（1）,standard,true,https://books.rakuten.co.jp/rb/6796917/,2026-08-22,"Exact normalized title, creator overlap, valid ISBN, standard edition, and Rakuten manga genre 001001012."
rakuten-match-9f3cb76fbf3b626f101a,candidate-9f3cb76fbf3b626f101a,matched,9784832276932,けいおん！（1）,standard,true,https://books.rakuten.co.jp/rb/5566980/,2026-08-22,"Exact normalized title, creator overlap, valid ISBN, standard edition, and Rakuten manga genre 001001003053/001001003035."
rakuten-match-9f6e65be23de6688e45b,candidate-9f6e65be23de6688e45b,matched,9784063287721,不思議な少年（1）,standard,true,https://books.rakuten.co.jp/rb/1385765/,2026-08-22,"Exact normalized title, creator overlap, valid ISBN, standard edition, and Rakuten manga genre 001001003004."
rakuten-match-9fb32a2b0f954de5f4a3,candidate-9fb32a2b0f954de5f4a3,matched,9784047260450,ファイトじじいクラブ,standard,true,https://books.rakuten.co.jp/rb/6188343/,2026-08-22,"Exact normalized title, creator overlap, valid ISBN, standard edition, and Rakuten manga genre 001001003023."
rakuten-match-9fc590948fe2b54fdcf3,candidate-9fc590948fe2b54fdcf3,matched,9784903491738,年刊中年チャンプ,standard,true,https://books.rakuten.co.jp/rb/5780032/,2026-08-22,"Exact normalized title, creator overlap, valid ISBN, standard edition, and Rakuten manga genre 001001012."
rakuten-match-9ffbdff3e9db3f9826e9,candidate-9ffbdff3e9db3f9826e9,matched,9784592164913,数学ゴールデン 1,standard,true,https://books.rakuten.co.jp/rb/16316627/,2026-08-22,"Exact normalized title, creator overlap, valid ISBN, standard edition, and Rakuten manga genre 001001012/001001003010."
rakuten-match-a05b0d00f7d8d7592c7e,candidate-a05b0d00f7d8d7592c7e,matched,9784785926847,サンケンロック（1）,standard,true,https://books.rakuten.co.jp/rb/4114492/,2026-08-22,"Exact normalized title, creator overlap, valid ISBN, standard edition, and Rakuten manga genre 001001003049/001001003017."
rakuten-match-a089c0eef91d1213da38,candidate-a089c0eef91d1213da38,matched,9784091204417,うる星やつら（1）,standard,true,https://books.rakuten.co.jp/rb/376349/,2026-08-22,"Exact normalized title, creator overlap, valid ISBN, standard edition, and Rakuten manga genre 001001001009."
rakuten-match-a0cf232c6e526adba12f,candidate-a0cf232c6e526adba12f,matched,9784065142097,スキップとローファー（1）,standard,true,https://books.rakuten.co.jp/rb/15751027/,2026-08-22,"Exact normalized title, creator overlap, valid ISBN, standard edition, and Rakuten manga genre 001001003015."
rakuten-match-a0ef16551acd379eb984,candidate-a0ef16551acd379eb984,matched,9784091230058,BE BLUES！〜青になれ〜（1）,standard,true,https://books.rakuten.co.jp/rb/11194435/,2026-08-22,"Exact normalized title, creator overlap, valid ISBN, standard edition, and Rakuten manga genre 001001001009."
rakuten-match-a0fdd0c31f6b45d32172,candidate-a0fdd0c31f6b45d32172,matched,9784063846966,山田くんと7人の魔女（1）,standard,true,https://books.rakuten.co.jp/rb/11684410/,2026-08-22,"Exact normalized title, creator overlap, valid ISBN, standard edition, and Rakuten manga genre 001001001006."
rakuten-match-a111c5b5eb985dbc9c50,candidate-a111c5b5eb985dbc9c50,matched,9784861279188,VIVO！（1）,standard,true,https://books.rakuten.co.jp/rb/11421939/,2026-08-22,"Exact normalized title, creator overlap, valid ISBN, standard edition, and Rakuten manga genre 001001012."
rakuten-match-a14cf4446d589444177f,candidate-a14cf4446d589444177f,matched,9784088464374,もうかえってくれないかっ（1）,standard,true,https://books.rakuten.co.jp/rb/6137353/,2026-08-22,"Exact normalized title, creator overlap, valid ISBN, standard edition, and Rakuten manga genre 001001002006."
rakuten-match-a15b3e6abad9affdea74,candidate-a15b3e6abad9affdea74,matched,9784091258182,天使とアクト！！ 1,standard,true,https://books.rakuten.co.jp/rb/13160116/,2026-08-22,"Exact normalized title, creator overlap, valid ISBN, standard edition, and Rakuten manga genre 001001001009."
rakuten-match-a1798a9542d578b3137d,candidate-a1798a9542d578b3137d,matched,9784063106046,珈琲時間,standard,true,https://books.rakuten.co.jp/rb/6242802/,2026-08-22,"Exact normalized title, creator overlap, valid ISBN, standard edition, and Rakuten manga genre 001001003015."
rakuten-match-a19dbc25b52fe100ed66,candidate-a19dbc25b52fe100ed66,matched,9784065391334,僕だけが知ってるんだぜ（1）,standard,true,https://books.rakuten.co.jp/rb/18152939/,2026-08-22,"Exact normalized title, creator overlap, valid ISBN, standard edition, and Rakuten manga genre 001001003015."
rakuten-match-a249a1a5c8938ef5ab9e,candidate-a249a1a5c8938ef5ab9e,matched,9784785950071,魔女と猫の話,standard,true,https://books.rakuten.co.jp/rb/12197046/,2026-08-22,"Exact normalized title, creator overlap, valid ISBN, standard edition, and Rakuten manga genre 001001003049."
rakuten-match-a24e0d721bd03f8dfc41,candidate-a24e0d721bd03f8dfc41,matched,9784091842183,たべるダケ（1）,standard,true,https://books.rakuten.co.jp/rb/11461666/,2026-08-22,"Exact normalized title, creator overlap, valid ISBN, standard edition, and Rakuten manga genre 001001003009."
rakuten-match-a25bac53b4757f13f21a,candidate-a25bac53b4757f13f21a,matched,9784063870176,鬼灯の冷徹（1）,standard,true,https://books.rakuten.co.jp/rb/11169419/,2026-08-22,"Exact normalized title, creator overlap, valid ISBN, standard edition, and Rakuten manga genre 001001003004."
rakuten-match-a268fb6b187e6a7ffd72,candidate-a268fb6b187e6a7ffd72,matched,9784088834399,暗号学園のいろは 1,standard,true,https://books.rakuten.co.jp/rb/17406317/,2026-08-22,"Exact normalized title, creator overlap, valid ISBN, standard edition, and Rakuten manga genre 001001001008."
rakuten-match-a27bbfd85487a68b974a,candidate-a27bbfd85487a68b974a,matched,9784091403230,ペンギンの問題（1）,standard,true,https://books.rakuten.co.jp/rb/4296876/,2026-08-22,"Exact normalized title, creator overlap, valid ISBN, standard edition, and Rakuten manga genre 001001001014."
rakuten-match-a280377d41783aab421d,candidate-a280377d41783aab421d,matched,9784832244146,NEW　GAME！（1）,standard,true,https://books.rakuten.co.jp/rb/12637100/,2026-08-22,"Exact normalized title, creator overlap, valid ISBN, standard edition, and Rakuten manga genre 001001003053/001001003035."
rakuten-match-a2dbffa203dc2a27aa25,candidate-a2dbffa203dc2a27aa25,matched,9784088795225,レイチェル・ダイアル（1）,standard,true,https://books.rakuten.co.jp/rb/12166207/,2026-08-22,"Exact normalized title, creator overlap, valid ISBN, standard edition, and Rakuten manga genre 001001003005."
rakuten-match-a2f0a0e6114c3b669689,candidate-a2f0a0e6114c3b669689,matched,9784088825120,破壊神マグちゃん 1,standard,true,https://books.rakuten.co.jp/rb/16463138/,2026-08-22,"Exact normalized title, creator overlap, valid ISBN, standard edition, and Rakuten manga genre 001001001008."
rakuten-match-a30c0fbb0769daac98cc,candidate-a30c0fbb0769daac98cc,matched,9784801950412,ゴーゴーダイナマイツ（1）,standard,true,https://books.rakuten.co.jp/rb/12961615/,2026-08-22,"Exact normalized title, creator overlap, valid ISBN, standard edition, and Rakuten manga genre 001001003044."
rakuten-match-a3182a646697c06c2526,candidate-a3182a646697c06c2526,matched,9784049141917,忍者と殺し屋のふたりぐらし（1）,standard,true,https://books.rakuten.co.jp/rb/16982151/,2026-08-22,"Exact normalized title, creator overlap, valid ISBN, standard edition, and Rakuten manga genre 001001003046."
rakuten-match-a31925593fef2aaca2e2,candidate-a31925593fef2aaca2e2,matched,9784091373427,深夜のダメ恋図鑑,standard,true,https://books.rakuten.co.jp/rb/13158772/,2026-08-22,"Exact normalized title, creator overlap, valid ISBN, standard edition, and Rakuten manga genre 001001004006/001001002008."
rakuten-match-a33cda6fe7a6aedc1ef2,candidate-a33cda6fe7a6aedc1ef2,matched,9784098541171,パラショッパーズ（1）,standard,true,https://books.rakuten.co.jp/rb/18189983/,2026-08-22,"Exact normalized title, creator overlap, valid ISBN, standard edition, and Rakuten manga genre 001001001009."
rakuten-match-a35a61b852c16a061059,candidate-a35a61b852c16a061059,matched,9784575859287,放課後帰宅びより（1）,standard,true,https://books.rakuten.co.jp/rb/17684936/,2026-08-22,"Exact normalized title, creator overlap, valid ISBN, standard edition, and Rakuten manga genre 001001003026."
rakuten-match-a38a0adc31f0622bf206,candidate-a38a0adc31f0622bf206,matched,9784088653655,Pong・pong（1）,standard,true,https://books.rakuten.co.jp/rb/4156512/,2026-08-22,"Exact normalized title, creator overlap, valid ISBN, standard edition, and Rakuten manga genre 001001003005."
rakuten-match-a3a198078e3623f56c86,candidate-a3a198078e3623f56c86,matched,9784107717412,死役所 1,standard,true,https://books.rakuten.co.jp/rb/12689899/,2026-08-22,"Exact normalized title, creator overlap, valid ISBN, standard edition, and Rakuten manga genre 001001003022."
rakuten-match-a3b7c5c6810710ed3721,candidate-a3b7c5c6810710ed3721,matched,9784041063125,夢で見たあの子のために　（1）,standard,true,https://books.rakuten.co.jp/rb/15189949/,2026-08-22,"Exact normalized title, creator overlap, valid ISBN, standard edition, and Rakuten manga genre 001001003059."
rakuten-match-a3d922576a1a1ecc8e3e,candidate-a3d922576a1a1ecc8e3e,matched,9784592160311,ドカ食いダイスキ！ もちづきさん 1,standard,true,https://books.rakuten.co.jp/rb/17983412/,2026-08-22,"Exact normalized title, creator overlap, valid ISBN, standard edition, and Rakuten manga genre 001001012/001001003010."
rakuten-match-a3ed52406fbf51370b41,candidate-a3ed52406fbf51370b41,matched,9784832250765,センセイあのね？（1）,standard,true,https://books.rakuten.co.jp/rb/11658854/,2026-08-22,"Exact normalized title, creator overlap, valid ISBN, standard edition, and Rakuten manga genre 001001003035."
rakuten-match-a3f82c226e2ef72b9805,candidate-a3f82c226e2ef72b9805,matched,9784088702391,DOIS　SOL（1）,standard,true,https://books.rakuten.co.jp/rb/11194398/,2026-08-22,"Exact normalized title, creator overlap, valid ISBN, standard edition, and Rakuten manga genre 001001001008."
rakuten-match-a42530eb1460613ddb66,candidate-a42530eb1460613ddb66,matched,9784087824018,こちら葛飾区亀有公園前派出所,standard,true,https://books.rakuten.co.jp/rb/333144/,2026-08-22,"Exact normalized title, creator overlap, valid ISBN, standard edition, and Rakuten manga genre 001001012."
rakuten-match-a4382c451f4eb3bf3995,candidate-a4382c451f4eb3bf3995,matched,9784396784751,ワンルームエンジェル,standard,true,https://books.rakuten.co.jp/rb/15803643/,2026-08-22,"Exact normalized title, creator overlap, valid ISBN, standard edition, and Rakuten manga genre 001001012."
rakuten-match-a445f8af874d3f959800,candidate-a445f8af874d3f959800,matched,9784049136517,作りたい女と食べたい女　1,standard,true,https://books.rakuten.co.jp/rb/16692398/,2026-08-22,"Exact normalized title, creator overlap, valid ISBN, standard edition, and Rakuten manga genre 001001012."
rakuten-match-a44dc3d83aa629edb8d6,candidate-a44dc3d83aa629edb8d6,matched,9784088574455,彼女のカレラ（1）,standard,true,https://books.rakuten.co.jp/rb/1787082/,2026-08-22,"Exact normalized title, creator overlap, valid ISBN, standard edition, and Rakuten manga genre 001001003007."
rakuten-match-a46aa6b40c164ff18925,candidate-a46aa6b40c164ff18925,matched,9784063409048,銀盤騎士（1）,standard,true,https://books.rakuten.co.jp/rb/12199671/,2026-08-22,"Exact normalized title, creator overlap, valid ISBN, standard edition, and Rakuten manga genre 001001002005."
rakuten-match-a47ba80532ff25bd84c0,candidate-a47ba80532ff25bd84c0,matched,9784063872279,コウノドリ（1）,standard,true,https://books.rakuten.co.jp/rb/12326433/,2026-08-22,"Exact normalized title, creator overlap, valid ISBN, standard edition, and Rakuten manga genre 001001003004."
rakuten-match-a4a4d06aa88c7e6c4f00,candidate-a4a4d06aa88c7e6c4f00,matched,9784904101056,恋の心に黒い羽,standard,true,https://books.rakuten.co.jp/rb/5356677/,2026-08-22,"Exact normalized title, creator overlap, valid ISBN, standard edition, and Rakuten manga genre 001021002031/001001012."
rakuten-match-a4ca6e21e97927928e1a,candidate-a4ca6e21e97927928e1a,matched,9784199801198,喰う寝るふたり住むふたり（1）,standard,true,https://books.rakuten.co.jp/rb/11939449/,2026-08-22,"Exact normalized title, creator overlap, valid ISBN, standard edition, and Rakuten manga genre 001001003052."
rakuten-match-a5485a456a0896a0431b,candidate-a5485a456a0896a0431b,matched,9784098510610,白山と三田さん（1）,standard,true,https://books.rakuten.co.jp/rb/17073338/,2026-08-22,"Exact normalized title, creator overlap, valid ISBN, standard edition, and Rakuten manga genre 001001001009."
rakuten-match-a59481c00155de21d75f,candidate-a59481c00155de21d75f,matched,9784047133075,ケロロ軍曹　（1）,standard,true,https://books.rakuten.co.jp/rb/1112815/,2026-08-22,"Exact normalized title, creator overlap, valid ISBN, standard edition, and Rakuten manga genre 001001003059."
rakuten-match-a5a6e4383b0ae45add35,candidate-a5a6e4383b0ae45add35,matched,9784022143563,落ちぶれゼウスと奴隷の子1巻,standard,true,https://books.rakuten.co.jp/rb/17391653/,2026-08-22,"Exact normalized title, creator overlap, valid ISBN, standard edition, and Rakuten manga genre 001001012."
rakuten-match-a5ea58e7f117809f190c,candidate-a5ea58e7f117809f190c,matched,9784091847904,ケンガイ（1）,standard,true,https://books.rakuten.co.jp/rb/12086092/,2026-08-22,"Exact normalized title, creator overlap, valid ISBN, standard edition, and Rakuten manga genre 001001003009."
rakuten-match-a62a4e661d1b32d913de,candidate-a62a4e661d1b32d913de,matched,9784040665153,34歳無職さん　1,standard,true,https://books.rakuten.co.jp/rb/12664096/,2026-08-22,"Exact normalized title, creator overlap, valid ISBN, standard edition, and Rakuten manga genre 001001003016."
rakuten-match-a63ff955e6bc8227e843,candidate-a63ff955e6bc8227e843,matched,9784832268326,ヒツジの執事,standard,true,https://books.rakuten.co.jp/rb/6385036/,2026-08-22,"Exact normalized title, creator overlap, valid ISBN, standard edition, and Rakuten manga genre 001001003035."
rakuten-match-a6493670a1de599ac6c1,candidate-a6493670a1de599ac6c1,matched,9784049169829,きみは終末（1）,standard,true,https://books.rakuten.co.jp/rb/18500846/,2026-08-22,"Exact normalized title, creator overlap, valid ISBN, standard edition, and Rakuten manga genre 001001003046."
rakuten-match-a68955f5898263495c4d,candidate-a68955f5898263495c4d,matched,9784098731114,魔法少女ダンデライオン（1）,standard,true,https://books.rakuten.co.jp/rb/18148665/,2026-08-22,"Exact normalized title, creator overlap, valid ISBN, standard edition, and Rakuten manga genre 001001004006/001001002008."
rakuten-match-a724b1e9c5ce4de26fa5,candidate-a724b1e9c5ce4de26fa5,matched,9784091370792,ないしょのつぼみ（1）,standard,true,https://books.rakuten.co.jp/rb/1790382/,2026-08-22,"Exact normalized title, creator overlap, valid ISBN, standard edition, and Rakuten manga genre 001001002013."
rakuten-match-a7413b6e35e0d316a538,candidate-a7413b6e35e0d316a538,matched,9784063655407,となりの怪物くん（1）,standard,true,https://books.rakuten.co.jp/rb/5929284/,2026-08-22,"Exact normalized title, creator overlap, valid ISBN, standard edition, and Rakuten manga genre 001001002019/001001002014."
rakuten-match-a77cc716088d067bec08,candidate-a77cc716088d067bec08,matched,9784063418200,こんちわハム子（1）,standard,true,https://books.rakuten.co.jp/rb/11842026/,2026-08-22,"Exact normalized title, creator overlap, valid ISBN, standard edition, and Rakuten manga genre 001001002004."
rakuten-match-a7a1e0666169f1b2e8c0,candidate-a7a1e0666169f1b2e8c0,matched,9784091670250,海街diary（1),standard,true,https://books.rakuten.co.jp/rb/4331329/,2026-08-22,"Exact normalized title, creator overlap, valid ISBN, standard edition, and Rakuten manga genre 001001012."
rakuten-match-a7c0f3d7b865ce623311,candidate-a7c0f3d7b865ce623311,matched,9784832242586,幸腹グラフィティ（1）,standard,true,https://books.rakuten.co.jp/rb/12128100/,2026-08-22,"Exact normalized title, creator overlap, valid ISBN, standard edition, and Rakuten manga genre 001001003053/001001003035."
rakuten-match-a7e0062c7153978fc6fe,candidate-a7e0062c7153978fc6fe,matched,9784091322609,失恋ショコラティエ（1）,standard,true,https://books.rakuten.co.jp/rb/5945029/,2026-08-22,"Exact normalized title, creator overlap, valid ISBN, standard edition, and Rakuten manga genre 001001004006/001001002008."
rakuten-match-a80cf875bfcd0d31e579,candidate-a80cf875bfcd0d31e579,matched,9784344819979,彼女のひとりぐらし（1）,standard,true,https://books.rakuten.co.jp/rb/6516678/,2026-08-22,"Exact normalized title, creator overlap, valid ISBN, standard edition, and Rakuten manga genre 001001003020."
rakuten-match-a81bc17e65a038de3181,candidate-a81bc17e65a038de3181,matched,9784575853285,青に、ふれる。（1）,standard,true,https://books.rakuten.co.jp/rb/15917449/,2026-08-22,"Exact normalized title, creator overlap, valid ISBN, standard edition, and Rakuten manga genre 001001003026."
rakuten-match-a82a20ac5a887ca519e4,candidate-a82a20ac5a887ca519e4,matched,9784253130363,ヤコとポコ（1）,standard,true,https://books.rakuten.co.jp/rb/12724745/,2026-08-22,"Exact normalized title, creator overlap, valid ISBN, standard edition, and Rakuten manga genre 001001001001."
rakuten-match-a82ab0cc2c3fb340283e,candidate-a82ab0cc2c3fb340283e,matched,9784592195863,かわいいひと（1）,standard,true,https://books.rakuten.co.jp/rb/13202275/,2026-08-22,"Exact normalized title, creator overlap, valid ISBN, standard edition, and Rakuten manga genre 001001002009."
rakuten-match-a8349445836546a82934,candidate-a8349445836546a82934,matched,9784403670855,百姓貴族　1,standard,true,https://books.rakuten.co.jp/rb/6243116/,2026-08-22,"Exact normalized title, creator overlap, valid ISBN, standard edition, and Rakuten manga genre 001001002012."
rakuten-match-a83fea90f846cb4acd9d,candidate-a83fea90f846cb4acd9d,matched,9784088716688,みどりのマキバオー（1）,standard,true,https://books.rakuten.co.jp/rb/1554793/,2026-08-22,"Exact normalized title, creator overlap, valid ISBN, standard edition, and Rakuten manga genre 001001001008."
rakuten-match-a85b2872b13e76305087,candidate-a85b2872b13e76305087,matched,9784091801913,土佐の一本釣り（1）,standard,true,https://books.rakuten.co.jp/rb/376883/,2026-08-22,"Exact normalized title, creator overlap, valid ISBN, standard edition, and Rakuten manga genre 001001003009."
rakuten-match-a86074a0fe7023187fa0,candidate-a86074a0fe7023187fa0,matched,9784091331816,はじめちゃんが一番！（1）,standard,true,https://books.rakuten.co.jp/rb/569259/,2026-08-22,"Exact normalized title, creator overlap, valid ISBN, standard edition, and Rakuten manga genre 001001004006/001001002008."
rakuten-match-a873bcfd6bb2d1a5a693,candidate-a873bcfd6bb2d1a5a693,matched,9784344811874,おとめ妖怪ざくろ（1）,standard,true,https://books.rakuten.co.jp/rb/5246298/,2026-08-22,"Exact normalized title, creator overlap, valid ISBN, standard edition, and Rakuten manga genre 001001003020."
rakuten-match-a88b0770799bfa9159c8,candidate-a88b0770799bfa9159c8,matched,9784063145137,Flip-flap,standard,true,https://books.rakuten.co.jp/rb/5719581/,2026-08-22,"Exact normalized title, creator overlap, valid ISBN, standard edition, and Rakuten manga genre 001001003015."
rakuten-match-a8a810cf55a64514d666,candidate-a8a810cf55a64514d666,matched,9784592710332,14歳の恋（1）,standard,true,https://books.rakuten.co.jp/rb/11194618/,2026-08-22,"Exact normalized title, creator overlap, valid ISBN, standard edition, and Rakuten manga genre 001001012."
rakuten-match-a8aaeb4f15aad02d9e79,candidate-a8aaeb4f15aad02d9e79,matched,9784088768557,LIAR GAME（1）,standard,true,https://books.rakuten.co.jp/rb/3617322/,2026-08-22,"Exact normalized title, creator overlap, valid ISBN, standard edition, and Rakuten manga genre 001001003005."
rakuten-match-a8d81d3c3d25b6b4a8c9,candidate-a8d81d3c3d25b6b4a8c9,matched,9784063765786,転生したらスライムだった件（1）,standard,true,https://books.rakuten.co.jp/rb/13383093/,2026-08-22,"Exact normalized title, creator overlap, valid ISBN, standard edition, and Rakuten manga genre 001001003047."
rakuten-match-a8e7fda40fe4cfd357cf,candidate-a8e7fda40fe4cfd357cf,matched,9784758022026,君と綴るうたかた（1）,standard,true,https://books.rakuten.co.jp/rb/16532034/,2026-08-22,"Exact normalized title, creator overlap, valid ISBN, standard edition, and Rakuten manga genre 001001002025."
rakuten-match-a8e87996ef571a3bad4d,candidate-a8e87996ef571a3bad4d,matched,9784821185757,ミスミソウ（1）,standard,true,https://books.rakuten.co.jp/rb/5478096/,2026-08-22,"Exact normalized title, creator overlap, valid ISBN, standard edition, and Rakuten manga genre 001001003011."
rakuten-match-a960372ed5efa4031896,candidate-a960372ed5efa4031896,matched,9784098542420,シルバーマウンテン（1）,standard,true,https://books.rakuten.co.jp/rb/18321508/,2026-08-22,"Exact normalized title, creator overlap, valid ISBN, standard edition, and Rakuten manga genre 001001001009."
rakuten-match-a96d64f7be96aacf16b3,candidate-a96d64f7be96aacf16b3,matched,9784800003768,リィンカーネーションの花弁（1）,standard,true,https://books.rakuten.co.jp/rb/12961764/,2026-08-22,"Exact normalized title, creator overlap, valid ISBN, standard edition, and Rakuten manga genre 001001003058."
rakuten-match-a988c9cf85bf7ea7a957,candidate-a988c9cf85bf7ea7a957,matched,9784199502736,KEYMAN（1）,standard,true,https://books.rakuten.co.jp/rb/11421840/,2026-08-22,"Exact normalized title, creator overlap, valid ISBN, standard edition, and Rakuten manga genre 001001012."
rakuten-match-a9a854e6a05c6f444428,candidate-a9a854e6a05c6f444428,matched,9784091365712,こっちむいて！みい子 1,standard,true,https://books.rakuten.co.jp/rb/742615/,2026-08-22,"Exact normalized title, creator overlap, valid ISBN, standard edition, and Rakuten manga genre 001001002013."
rakuten-match-aa1653001088732a33e0,candidate-aa1653001088732a33e0,matched,9784091841940,るみちゃんの事象（1）,standard,true,https://books.rakuten.co.jp/rb/11442199/,2026-08-22,"Exact normalized title, creator overlap, valid ISBN, standard edition, and Rakuten manga genre 001001003009."
rakuten-match-aa4bc2aeff6c6d0369f4,candidate-aa4bc2aeff6c6d0369f4,matched,9784091215093,トラウマイスタ 1,standard,true,https://books.rakuten.co.jp/rb/5894827/,2026-08-22,"Exact normalized title, creator overlap, valid ISBN, standard edition, and Rakuten manga genre 001001001009."
rakuten-match-aa6018249b7fe7e92d95,candidate-aa6018249b7fe7e92d95,matched,9784812465752,かよちゃんの荷物（1）,standard,true,https://books.rakuten.co.jp/rb/4358809/,2026-08-22,"Exact normalized title, creator overlap, valid ISBN, standard edition, and Rakuten manga genre 001001003044."
rakuten-match-aa6d796e2e04a55b94b1,candidate-aa6d796e2e04a55b94b1,matched,9784785926052,惑星のさみだれ（1）,standard,true,https://books.rakuten.co.jp/rb/3701296/,2026-08-22,"Exact normalized title, creator overlap, valid ISBN, standard edition, and Rakuten manga genre 001001003049/001001003017."
rakuten-match-aa85b65d02f367e76a07,candidate-aa85b65d02f367e76a07,matched,9784065398043,ディグイット（1）,standard,true,https://books.rakuten.co.jp/rb/18217869/,2026-08-22,"Exact normalized title, creator overlap, valid ISBN, standard edition, and Rakuten manga genre 001001003015."
rakuten-match-aaff4781a48734c79cdb,candidate-aaff4781a48734c79cdb,matched,9784812468739,おのぼり物語,standard,true,https://books.rakuten.co.jp/rb/5834647/,2026-08-22,"Exact normalized title, creator overlap, valid ISBN, standard edition, and Rakuten manga genre 001001012."
rakuten-match-ab1258948eec0e70b1ca,candidate-ab1258948eec0e70b1ca,matched,9784832272743,またぞろ。　1,standard,true,https://books.rakuten.co.jp/rb/16630808/,2026-08-22,"Exact normalized title, creator overlap, valid ISBN, standard edition, and Rakuten manga genre 001001003053/001001003035."
rakuten-match-ab3d5b23fb97624a6aa4,candidate-ab3d5b23fb97624a6aa4,matched,9784091532817,イキガミ（1）,standard,true,https://books.rakuten.co.jp/rb/3598040/,2026-08-22,"Exact normalized title, creator overlap, valid ISBN, standard edition, and Rakuten manga genre 001001003008."
rakuten-match-ab44ee168274f2a74ed1,candidate-ab44ee168274f2a74ed1,matched,9784063872507,しばたベーカリー（1）,standard,true,https://books.rakuten.co.jp/rb/12443111/,2026-08-22,"Exact normalized title, creator overlap, valid ISBN, standard edition, and Rakuten manga genre 001001003004."
rakuten-match-ab51f5d655622c574dce,candidate-ab51f5d655622c574dce,matched,9784048934701,熱帯魚は雪に焦がれる1,standard,true,https://books.rakuten.co.jp/rb/15214584/,2026-08-22,"Exact normalized title, creator overlap, valid ISBN, standard edition, and Rakuten manga genre 001001003046."
rakuten-match-ab586cc8c5de02fad336,candidate-ab586cc8c5de02fad336,matched,9784098501809,葬送のフリーレン（1）,standard,true,https://books.rakuten.co.jp/rb/16369629/,2026-08-22,"Exact normalized title, creator overlap, valid ISBN, standard edition, and Rakuten manga genre 001001001009."
rakuten-match-ab9331f7fed1990f7dc6,candidate-ab9331f7fed1990f7dc6,matched,9784088656267,脳内ポイズンベリー（1）,standard,true,https://books.rakuten.co.jp/rb/11155006/,2026-08-22,"Exact normalized title, creator overlap, valid ISBN, standard edition, and Rakuten manga genre 001001002011."
rakuten-match-ab95f4d4997113e0687a,candidate-ab95f4d4997113e0687a,matched,9784757535664,月刊少女野崎くん（1）,standard,true,https://books.rakuten.co.jp/rb/11604240/,2026-08-22,"Exact normalized title, creator overlap, valid ISBN, standard edition, and Rakuten manga genre 001001003050/001001001002."
rakuten-match-abec8267e69f1b6e819e,candidate-abec8267e69f1b6e819e,matched,9784592185475,はじまりのにいな,standard,true,https://books.rakuten.co.jp/rb/11229587/,2026-08-22,"Exact normalized title, creator overlap, valid ISBN, standard edition, and Rakuten manga genre 001001002009."
rakuten-match-ac251a545ef997db9598,candidate-ac251a545ef997db9598,matched,9784091427731,コロッケ！（1）,standard,true,https://books.rakuten.co.jp/rb/1369334/,2026-08-22,"Exact normalized title, creator overlap, valid ISBN, standard edition, and Rakuten manga genre 001001001014."
rakuten-match-ac3ab83f61ea39ac15da,candidate-ac3ab83f61ea39ac15da,matched,9784800000798,梅酒,standard,true,https://books.rakuten.co.jp/rb/12086443/,2026-08-22,"Exact normalized title, creator overlap, valid ISBN, standard edition, and Rakuten manga genre 001001012."
rakuten-match-ac4059b89f3366ca7a17,candidate-ac4059b89f3366ca7a17,matched,9784065300800,平和の国の島崎へ（1）,standard,true,https://books.rakuten.co.jp/rb/17332315/,2026-08-22,"Exact normalized title, creator overlap, valid ISBN, standard edition, and Rakuten manga genre 001001003004."
rakuten-match-acaaea5cc496f6c6124a,candidate-acaaea5cc496f6c6124a,matched,9784063949735,聲の形（1）,standard,true,https://books.rakuten.co.jp/rb/12504285/,2026-08-22,"Exact normalized title, creator overlap, valid ISBN, standard edition, and Rakuten manga genre 001001001006."
rakuten-match-acd21b368e5f8056c433,candidate-acd21b368e5f8056c433,matched,9784063952841,恋と嘘（1）,standard,true,https://books.rakuten.co.jp/rb/13042887/,2026-08-22,"Exact normalized title, creator overlap, valid ISBN, standard edition, and Rakuten manga genre 001001001006."
rakuten-match-acf8f385f6db7ee0548f,candidate-acf8f385f6db7ee0548f,matched,9784088932132,魔法少女201 1,standard,true,https://books.rakuten.co.jp/rb/17793475/,2026-08-22,"Exact normalized title, creator overlap, valid ISBN, standard edition, and Rakuten manga genre 001001003005."
rakuten-match-ad2b80b81b7bc9b602a3,candidate-ad2b80b81b7bc9b602a3,matched,9784088640136,Papa　told　me（1）,standard,true,https://books.rakuten.co.jp/rb/1001867/,2026-08-22,"Exact normalized title, creator overlap, valid ISBN, standard edition, and Rakuten manga genre 001001004004."
rakuten-match-ad32c71b07fd13c65a79,candidate-ad32c71b07fd13c65a79,matched,9784758021937,私の推しは悪役令嬢。(1),standard,true,https://books.rakuten.co.jp/rb/16495318/,2026-08-22,"Exact normalized title, creator overlap, valid ISBN, standard edition, and Rakuten manga genre 001001002025."
rakuten-match-ad38d82ea223f178fc45,candidate-ad38d82ea223f178fc45,matched,9784344809536,いとしのニーナ（1）,standard,true,https://books.rakuten.co.jp/rb/4290654/,2026-08-22,"Exact normalized title, creator overlap, valid ISBN, standard edition, and Rakuten manga genre 001001003020."
rakuten-match-ad594a078835b140605a,candidate-ad594a078835b140605a,matched,9784088815169,呪術廻戦 1,standard,true,https://books.rakuten.co.jp/rb/15510301/,2026-08-22,"Exact normalized title, creator overlap, valid ISBN, standard edition, and Rakuten manga genre 001001001008."
rakuten-match-ad5f86af594b6869b3c4,candidate-ad5f86af594b6869b3c4,matched,9784537104714,今日からヒットマン（1）,standard,true,https://books.rakuten.co.jp/rb/3716364/,2026-08-22,"Exact normalized title, creator overlap, valid ISBN, standard edition, and Rakuten manga genre 001001003025."
rakuten-match-ad6f59e1673b2aecf05d,candidate-ad6f59e1673b2aecf05d,matched,9784047266292,玲瓏館健在なりや　1巻,standard,true,https://books.rakuten.co.jp/rb/6516591/,2026-08-22,"Exact normalized title, creator overlap, valid ISBN, standard edition, and Rakuten manga genre 001001003023."
rakuten-match-ad79d2d5274424ff238a,candidate-ad79d2d5274424ff238a,matched,9784575844245,生まれる価値のなかった自分がアンナのためにできるいくつかのこと（1）,standard,true,https://books.rakuten.co.jp/rb/12765176/,2026-08-22,"Exact normalized title, creator overlap, valid ISBN, standard edition, and Rakuten manga genre 001001003026."
rakuten-match-ada7dc2c1ce53daf775f,candidate-ada7dc2c1ce53daf775f,matched,9784063143584,ヒストリエ（1）,standard,true,https://books.rakuten.co.jp/rb/1723322/,2026-08-22,"Exact normalized title, creator overlap, valid ISBN, standard edition, and Rakuten manga genre 001001003015."
rakuten-match-add0fc783fd6e097741a,candidate-add0fc783fd6e097741a,matched,9784091854155,さよーならみなさん,standard,true,https://books.rakuten.co.jp/rb/12458399/,2026-08-22,"Exact normalized title, creator overlap, valid ISBN, standard edition, and Rakuten manga genre 001001003009."
rakuten-match-add65891576ac41cfa2e,candidate-add65891576ac41cfa2e,matched,9784758034791,災禍の神は願わない　1巻,standard,true,https://books.rakuten.co.jp/rb/16098650/,2026-08-22,"Exact normalized title, creator overlap, valid ISBN, standard edition, and Rakuten manga genre 001001012."
rakuten-match-ae029e2e5a24c1b73ead,candidate-ae029e2e5a24c1b73ead,matched,9784253214018,侵略！イカ娘（1）,standard,true,https://books.rakuten.co.jp/rb/5402173/,2026-08-22,"Exact normalized title, creator overlap, valid ISBN, standard edition, and Rakuten manga genre 001001001001."
rakuten-match-ae0ac8a5acfc5fbb7dd6,candidate-ae0ac8a5acfc5fbb7dd6,matched,9784199804953,終末のワルキューレ　1,standard,true,https://books.rakuten.co.jp/rb/15439988/,2026-08-22,"Exact normalized title, creator overlap, valid ISBN, standard edition, and Rakuten manga genre 001001003052."
rakuten-match-ae5b065450bddde322db,candidate-ae5b065450bddde322db,matched,9784253157360,へんしんものがたり,standard,true,https://books.rakuten.co.jp/rb/5613531/,2026-08-22,"Exact normalized title, creator overlap, valid ISBN, standard edition, and Rakuten manga genre 001001004001."
rakuten-match-ae64a3beb094a9a39208,candidate-ae64a3beb094a9a39208,matched,9784088821788,夜桜さんちの大作戦 1,standard,true,https://books.rakuten.co.jp/rb/16171894/,2026-08-22,"Exact normalized title, creator overlap, valid ISBN, standard edition, and Rakuten manga genre 001001001008."
rakuten-match-ae9ec8e0da7f3c8fa3c9,candidate-ae9ec8e0da7f3c8fa3c9,matched,9784065213988,ダーウィン事変（1）,standard,true,https://books.rakuten.co.jp/rb/16495136/,2026-08-22,"Exact normalized title, creator overlap, valid ISBN, standard edition, and Rakuten manga genre 001001003015."
rakuten-match-aea730e4f15b395ca222,candidate-aea730e4f15b395ca222,matched,9784088900827,ゴールデンカムイ 1,standard,true,https://books.rakuten.co.jp/rb/13062647/,2026-08-22,"Exact normalized title, creator overlap, valid ISBN, standard edition, and Rakuten manga genre 001001003005."
rakuten-match-aea8c87edc086fa7ea0e,candidate-aea8c87edc086fa7ea0e,matched,9784065105405,HUMINT（1）,standard,true,https://books.rakuten.co.jp/rb/15222370/,2026-08-22,"Exact normalized title, creator overlap, valid ISBN, standard edition, and Rakuten manga genre 001001003003."
rakuten-match-aefa7ad21c5edcb200f2,candidate-aefa7ad21c5edcb200f2,matched,9784267906039,プルターク英雄伝（1）,standard,true,https://books.rakuten.co.jp/rb/12764748/,2026-08-22,"Exact normalized title, creator overlap, valid ISBN, standard edition, and Rakuten manga genre 001001003037/001008005004."
rakuten-match-af3443bab1c30d470a76,candidate-af3443bab1c30d470a76,matched,9784047286337,坂本ですが？　1,standard,true,https://books.rakuten.co.jp/rb/12127522/,2026-08-22,"Exact normalized title, creator overlap, valid ISBN, standard edition, and Rakuten manga genre 001001003023."
rakuten-match-af747063a237abf9dfc6,candidate-af747063a237abf9dfc6,matched,9784047268470,ききみみ図鑑,standard,true,https://books.rakuten.co.jp/rb/6737004/,2026-08-22,"Exact normalized title, creator overlap, valid ISBN, standard edition, and Rakuten manga genre 001001003023."
rakuten-match-af98ab87f1e846c26e1a,candidate-af98ab87f1e846c26e1a,matched,9784199503184,夜の須田課長,standard,true,https://books.rakuten.co.jp/rb/12086117/,2026-08-22,"Exact normalized title, creator overlap, valid ISBN, standard edition, and Rakuten manga genre 001001012."
rakuten-match-afae32577b86c1197811,candidate-afae32577b86c1197811,matched,9784800006837,迷宮ブラックカンパニー（Volume　1）,standard,true,https://books.rakuten.co.jp/rb/14895556/,2026-08-22,"Exact normalized title, creator overlap, valid ISBN, standard edition, and Rakuten manga genre 001001003058."
rakuten-match-afe85672c12153071644,candidate-afe85672c12153071644,matched,9784575848472,桐谷さん　ちょっそれ食うんすか！？（1）,standard,true,https://books.rakuten.co.jp/rb/14394297/,2026-08-22,"Exact normalized title, creator overlap, valid ISBN, standard edition, and Rakuten manga genre 001001012."
rakuten-match-b016fb45e3491836d5ce,candidate-b016fb45e3491836d5ce,matched,9784091510013,冬物語 1,standard,true,https://books.rakuten.co.jp/rb/365922/,2026-08-22,"Exact normalized title, creator overlap, valid ISBN, standard edition, and Rakuten manga genre 001001003008."
rakuten-match-b030f64d25c6108129bb,candidate-b030f64d25c6108129bb,matched,9784065102497,五等分の花嫁（1）,standard,true,https://books.rakuten.co.jp/rb/15116283/,2026-08-22,"Exact normalized title, creator overlap, valid ISBN, standard edition, and Rakuten manga genre 001001001006."
rakuten-match-b0393a3f0573bf223d68,candidate-b0393a3f0573bf223d68,matched,9784063619492,モンタージュ（1）,standard,true,https://books.rakuten.co.jp/rb/6737046/,2026-08-22,"Exact normalized title, creator overlap, valid ISBN, standard edition, and Rakuten manga genre 001001003003."
rakuten-match-b03c7f59e96d7019f84b,candidate-b03c7f59e96d7019f84b,matched,9784088771854,ハチワンダイバー（1）,standard,true,https://books.rakuten.co.jp/rb/4173076/,2026-08-22,"Exact normalized title, creator overlap, valid ISBN, standard edition, and Rakuten manga genre 001001003005."
rakuten-match-b0baba6c795643b1db91,candidate-b0baba6c795643b1db91,matched,9784088454214,町田くんの世界（1）,standard,true,https://books.rakuten.co.jp/rb/13265553/,2026-08-22,"Exact normalized title, creator overlap, valid ISBN, standard edition, and Rakuten manga genre 001001002006."
rakuten-match-b0d9262b5faec57443d3,candidate-b0d9262b5faec57443d3,matched,9784832241190,ご注文はうさぎですか？（1）,standard,true,https://books.rakuten.co.jp/rb/11509674/,2026-08-22,"Exact normalized title, creator overlap, valid ISBN, standard edition, and Rakuten manga genre 001001003053/001001003035."
rakuten-match-b10c683e9192b2713267,candidate-b10c683e9192b2713267,matched,9784047261471,ブラステッド　1,standard,true,https://books.rakuten.co.jp/rb/6219403/,2026-08-22,"Exact normalized title, creator overlap, valid ISBN, standard edition, and Rakuten manga genre 001001003023."
rakuten-match-b1517b435e9cba65ed3a,candidate-b1517b435e9cba65ed3a,matched,9784757579941,雅血の陰陽師（1）,standard,true,https://books.rakuten.co.jp/rb/17122288/,2026-08-22,"Exact normalized title, creator overlap, valid ISBN, standard edition, and Rakuten manga genre 001001003029."
rakuten-match-b2b928add359bc4daf20,candidate-b2b928add359bc4daf20,matched,9784575843880,女子かう生（1）,standard,true,https://books.rakuten.co.jp/rb/12690053/,2026-08-22,"Exact normalized title, creator overlap, valid ISBN, standard edition, and Rakuten manga genre 001001003026."
rakuten-match-b2bde60c1336c7827528,candidate-b2bde60c1336c7827528,matched,9784785924607,アニメがお仕事！（1）,standard,true,https://books.rakuten.co.jp/rb/1704177/,2026-08-22,"Exact normalized title, creator overlap, valid ISBN, standard edition, and Rakuten manga genre 001001003049/001001003017."
rakuten-match-b2be97620643b3342637,candidate-b2be97620643b3342637,matched,9784091512680,アオイホノオ（1）,standard,true,https://books.rakuten.co.jp/rb/5247037/,2026-08-22,"Exact normalized title, creator overlap, valid ISBN, standard edition, and Rakuten manga genre 001001003008."
rakuten-match-b2c37bdb52e2a78dfd41,candidate-b2c37bdb52e2a78dfd41,matched,9784253264464,天幕のジャードゥーガル 1,standard,true,https://books.rakuten.co.jp/rb/17177295/,2026-08-22,"Exact normalized title, creator overlap, valid ISBN, standard edition, and Rakuten manga genre 001001012."
rakuten-match-b2e1ad54e15dd95a1f6e,candidate-b2e1ad54e15dd95a1f6e,matched,9784757734319,架カル空ノ音（1）,standard,true,https://books.rakuten.co.jp/rb/4348855/,2026-08-22,"Exact normalized title, creator overlap, valid ISBN, standard edition, and Rakuten manga genre 001001012."
rakuten-match-b3038bdbf0c923d2df63,candidate-b3038bdbf0c923d2df63,matched,9784199504914,推しが武道館いってくれたら死ぬ（1）,standard,true,https://books.rakuten.co.jp/rb/13593250/,2026-08-22,"Exact normalized title, creator overlap, valid ISBN, standard edition, and Rakuten manga genre 001001012."
rakuten-match-b30deb01be407f4874d5,candidate-b30deb01be407f4874d5,matched,9784107717818,少女終末旅行 1,standard,true,https://books.rakuten.co.jp/rb/12961540/,2026-08-22,"Exact normalized title, creator overlap, valid ISBN, standard edition, and Rakuten manga genre 001001003022."
rakuten-match-b34f17cb8b7a2c8347ae,candidate-b34f17cb8b7a2c8347ae,matched,9784063871920,草子ブックガイド（2）,standard,true,https://books.rakuten.co.jp/rb/12166147/,2026-08-22,"Exact normalized title, creator overlap, valid ISBN, standard edition, and Rakuten manga genre 001001003004."
rakuten-match-b36492e3489351868c3a,candidate-b36492e3489351868c3a,matched,9784778321758,さきくさの咲く頃,standard,true,https://books.rakuten.co.jp/rb/11914060/,2026-08-22,"Exact normalized title, creator overlap, valid ISBN, standard edition, and Rakuten manga genre 001001012."
rakuten-match-b3ea582f72fd539f881c,candidate-b3ea582f72fd539f881c,matched,9784098630158,ありす、宇宙までも（1）,standard,true,https://books.rakuten.co.jp/rb/17926261/,2026-08-22,"Exact normalized title, creator overlap, valid ISBN, standard edition, and Rakuten manga genre 001001003009."
rakuten-match-b403d2f9699b4f8dd110,candidate-b403d2f9699b4f8dd110,matched,9784063729986,おはようおかえり（1）,standard,true,https://books.rakuten.co.jp/rb/11128696/,2026-08-22,"Exact normalized title, creator overlap, valid ISBN, standard edition, and Rakuten manga genre 001001003004."
rakuten-match-b4284a6ef960f906d31e,candidate-b4284a6ef960f906d31e,matched,9784063145786,友達100人できるかな（1）,standard,true,https://books.rakuten.co.jp/rb/6136095/,2026-08-22,"Exact normalized title, creator overlap, valid ISBN, standard edition, and Rakuten manga genre 001001003015."
rakuten-match-b42c82a6d81e74f36393,candidate-b42c82a6d81e74f36393,matched,9784812467558,ママさん（1）,standard,true,https://books.rakuten.co.jp/rb/5033771/,2026-08-22,"Exact normalized title, creator overlap, valid ISBN, standard edition, and Rakuten manga genre 001001003044."
rakuten-match-b43179510f04ed7ad247,candidate-b43179510f04ed7ad247,matched,9784091883629,ワイルドマウンテン（1）,standard,true,https://books.rakuten.co.jp/rb/1686961/,2026-08-22,"Exact normalized title, creator overlap, valid ISBN, standard edition, and Rakuten manga genre 001001003041."
rakuten-match-b4959f8ba3d80eab7fdc,candidate-b4959f8ba3d80eab7fdc,matched,9784088834559,人造人間100 1,standard,true,https://books.rakuten.co.jp/rb/17435896/,2026-08-22,"Exact normalized title, creator overlap, valid ISBN, standard edition, and Rakuten manga genre 001001001008."
rakuten-match-b4b21d2ebe5b8efc84ea,candidate-b4b21d2ebe5b8efc84ea,matched,9784091525017,Dr.コトー診療所（1）,standard,true,https://books.rakuten.co.jp/rb/1202503/,2026-08-22,"Exact normalized title, creator overlap, valid ISBN, standard edition, and Rakuten manga genre 001001003008."
rakuten-match-b4ba31a2137661c5d9b7,candidate-b4ba31a2137661c5d9b7,matched,9784046814364,ダンジョンの幼なじみ　1,standard,true,https://books.rakuten.co.jp/rb/17158540/,2026-08-22,"Exact normalized title, creator overlap, valid ISBN, standard edition, and Rakuten manga genre 001001012."
rakuten-match-b50b131e3e2bd7448d96,candidate-b50b131e3e2bd7448d96,matched,9784091286291,あそこではたらくムスブさん（1）,standard,true,https://books.rakuten.co.jp/rb/15620872/,2026-08-22,"Exact normalized title, creator overlap, valid ISBN, standard edition, and Rakuten manga genre 001001003048."
rakuten-match-b5a9398b10375ab5e34a,candidate-b5a9398b10375ab5e34a,matched,9784832240629,麻宮さんの妹（1）,standard,true,https://books.rakuten.co.jp/rb/11322386/,2026-08-22,"Exact normalized title, creator overlap, valid ISBN, standard edition, and Rakuten manga genre 001001003053/001001003035."
rakuten-match-b5c4007fad3d7bbd88e6,candidate-b5c4007fad3d7bbd88e6,matched,9784088797069,干物妹！うまるちゃん（1）,standard,true,https://books.rakuten.co.jp/rb/12432317/,2026-08-22,"Exact normalized title, creator overlap, valid ISBN, standard edition, and Rakuten manga genre 001001003005."
rakuten-match-b61c060ab91f78b31b2b,candidate-b61c060ab91f78b31b2b,matched,9784048690669,よつばと！（1）,standard,true,https://books.rakuten.co.jp/rb/12910305/,2026-08-22,"Exact normalized title, creator overlap, valid ISBN, standard edition, and Rakuten manga genre 001001003046."
rakuten-match-b65fc340da602aa6a002,candidate-b65fc340da602aa6a002,matched,9784575843651,ちちゃこい日記（1）,standard,true,https://books.rakuten.co.jp/rb/12663115/,2026-08-22,"Exact normalized title, creator overlap, valid ISBN, standard edition, and Rakuten manga genre 001001003026."
rakuten-match-b6650814d94e1cfd8df0,candidate-b6650814d94e1cfd8df0,matched,9784832269477,でり研（1）,standard,true,https://books.rakuten.co.jp/rb/7000662/,2026-08-22,"Exact normalized title, creator overlap, valid ISBN, standard edition, and Rakuten manga genre 001001003035."
rakuten-match-b6b8409e88b672767bf5,candidate-b6b8409e88b672767bf5,matched,9784091405814,パンク・ポンク（1）,standard,true,https://books.rakuten.co.jp/rb/365836/,2026-08-22,"Exact normalized title, creator overlap, valid ISBN, standard edition, and Rakuten manga genre 001001001014."
rakuten-match-b6e5ab291c28e2a29076,candidate-b6e5ab291c28e2a29076,matched,9784063727227,変ゼミ（1）,standard,true,https://books.rakuten.co.jp/rb/5790478/,2026-08-22,"Exact normalized title, creator overlap, valid ISBN, standard edition, and Rakuten manga genre 001001003004."
rakuten-match-b708734262fb9b67f948,candidate-b708734262fb9b67f948,matched,9784063728262,ねこだらけ,standard,true,https://books.rakuten.co.jp/rb/6136115/,2026-08-22,"Exact normalized title, creator overlap, valid ISBN, standard edition, and Rakuten manga genre 001001003004."
rakuten-match-b73dec44c4920042dcae,candidate-b73dec44c4920042dcae,matched,9784091213716,B・B（1）,standard,true,https://books.rakuten.co.jp/rb/741486/,2026-08-22,"Exact normalized title, creator overlap, valid ISBN, standard edition, and Rakuten manga genre 001001001009."
rakuten-match-b7a1b40d29931c830f36,candidate-b7a1b40d29931c830f36,matched,9784832267848,ベツ×バラ（1）,standard,true,https://books.rakuten.co.jp/rb/6207411/,2026-08-22,"Exact normalized title, creator overlap, valid ISBN, standard edition, and Rakuten manga genre 001001003035."
rakuten-match-b7a7f8c204d15a5c0543,candidate-b7a7f8c204d15a5c0543,matched,9784091610324,人間交差点（1）,standard,true,https://books.rakuten.co.jp/rb/1544658/,2026-08-22,"Exact normalized title, creator overlap, valid ISBN, standard edition, and Rakuten manga genre 001001012."
rakuten-match-b8092c99183fc1709aa5,candidate-b8092c99183fc1709aa5,matched,9784063806380,初恋モンスター（1）,standard,true,https://books.rakuten.co.jp/rb/12345992/,2026-08-22,"Exact normalized title, creator overlap, valid ISBN, standard edition, and Rakuten manga genre 001001012."
rakuten-match-b82f0f93fdd068ab5ade,candidate-b82f0f93fdd068ab5ade,matched,9784253142946,オンノジ,standard,true,https://books.rakuten.co.jp/rb/12235414/,2026-08-22,"Exact normalized title, creator overlap, valid ISBN, standard edition, and Rakuten manga genre 001001003001."
rakuten-match-b837e5e17b849ba1f16c,candidate-b837e5e17b849ba1f16c,matched,9784575943467,霧の中のラプンツェル,standard,true,https://books.rakuten.co.jp/rb/11604182/,2026-08-22,"Exact normalized title, creator overlap, valid ISBN, standard edition, and Rakuten manga genre 001001003026."
rakuten-match-b870bc0a8766298e959d,candidate-b870bc0a8766298e959d,matched,9784832231412,チーズの時間（1）,standard,true,https://books.rakuten.co.jp/rb/5955359/,2026-08-22,"Exact normalized title, creator overlap, valid ISBN, standard edition, and Rakuten manga genre 001001012."
rakuten-match-b878ac041b9c56fdedee,candidate-b878ac041b9c56fdedee,matched,9784863492929,空と原,standard,true,https://books.rakuten.co.jp/rb/11658896/,2026-08-22,"Exact normalized title, creator overlap, valid ISBN, standard edition, and Rakuten manga genre 001001012."
rakuten-match-b8e8677c1cf0600ba9ae,candidate-b8e8677c1cf0600ba9ae,matched,9784088451046,ハル×キヨ（1）,standard,true,https://books.rakuten.co.jp/rb/12417176/,2026-08-22,"Exact normalized title, creator overlap, valid ISBN, standard edition, and Rakuten manga genre 001001002006."
rakuten-match-b8f6b96bf69d3054f73d,candidate-b8f6b96bf69d3054f73d,matched,9784091417619,スーパーマリオくん（1),standard,true,https://books.rakuten.co.jp/rb/480813/,2026-08-22,"Exact normalized title, creator overlap, valid ISBN, standard edition, and Rakuten manga genre 001001001014."
rakuten-match-b96bf77bd21ed120dbb9,candidate-b96bf77bd21ed120dbb9,matched,9784063655179,好きっていいなよ。（1）,standard,true,https://books.rakuten.co.jp/rb/5797601/,2026-08-22,"Exact normalized title, creator overlap, valid ISBN, standard edition, and Rakuten manga genre 001001002014."
rakuten-match-b96dd032786014446952,candidate-b96dd032786014446952,matched,9784065101308,ランウェイで笑って（1）,standard,true,https://books.rakuten.co.jp/rb/15039694/,2026-08-22,"Exact normalized title, creator overlap, valid ISBN, standard edition, and Rakuten manga genre 001001001006."
rakuten-match-b96ddda6b8c1e557a1aa,candidate-b96ddda6b8c1e557a1aa,matched,9784253220965,AIの遺電子（01）,standard,true,https://books.rakuten.co.jp/rb/13854710/,2026-08-22,"Exact normalized title, creator overlap, valid ISBN, standard edition, and Rakuten manga genre 001001001001."
rakuten-match-b986b14ce64ba5081a4c,candidate-b986b14ce64ba5081a4c,matched,9784063887334,1122（1）,standard,true,https://books.rakuten.co.jp/rb/14895307/,2026-08-22,"Exact normalized title, creator overlap, valid ISBN, standard edition, and Rakuten manga genre 001001003004."
rakuten-match-b9b5c17e13ccb24f624c,candidate-b9b5c17e13ccb24f624c,matched,9784065403440,K-9　警視庁公安部公安第9課異能対策係（1）,standard,true,https://books.rakuten.co.jp/rb/18275119/,2026-08-22,"Exact normalized title, creator overlap, valid ISBN, standard edition, and Rakuten manga genre 001001001006."
rakuten-match-b9d10a19087fe9608c87,candidate-b9d10a19087fe9608c87,matched,9784091826510,おかみさん（1）,standard,true,https://books.rakuten.co.jp/rb/485366/,2026-08-22,"Exact normalized title, creator overlap, valid ISBN, standard edition, and Rakuten manga genre 001001003009."
rakuten-match-ba0f61184218109003a3,candidate-ba0f61184218109003a3,matched,9784592161516,この愛は、異端。 1,standard,true,https://books.rakuten.co.jp/rb/14892562/,2026-08-22,"Exact normalized title, creator overlap, valid ISBN, standard edition, and Rakuten manga genre 001001012/001001003010."
rakuten-match-ba25b1e7c446ec3c01b7,candidate-ba25b1e7c446ec3c01b7,matched,9784088942438,やがて絵筆を映ろし君は 1,standard,true,https://books.rakuten.co.jp/rb/18543439/,2026-08-22,"Exact normalized title, creator overlap, valid ISBN, standard edition, and Rakuten manga genre 001001003005."
rakuten-match-ba268cddc64ed3a4cf32,candidate-ba268cddc64ed3a4cf32,matched,9784065152034,ギャルと恐竜（1）,standard,true,https://books.rakuten.co.jp/rb/15856367/,2026-08-22,"Exact normalized title, creator overlap, valid ISBN, standard edition, and Rakuten manga genre 001001003003."
rakuten-match-ba9a377f97f53eb2a746,candidate-ba9a377f97f53eb2a746,matched,9784592188476,はちみつの花,standard,true,https://books.rakuten.co.jp/rb/4084471/,2026-08-22,"Exact normalized title, creator overlap, valid ISBN, standard edition, and Rakuten manga genre 001001002009."
rakuten-match-bab766aa49cd922c0b11,candidate-bab766aa49cd922c0b11,matched,9784758056410,千歳ヲチコチ（1）,standard,true,https://books.rakuten.co.jp/rb/11322283/,2026-08-22,"Exact normalized title, creator overlap, valid ISBN, standard edition, and Rakuten manga genre 001001002024."
rakuten-match-babec3af85aa4c567660,candidate-babec3af85aa4c567660,matched,9784063949926,ふらいんぐうぃっち（1）,standard,true,https://books.rakuten.co.jp/rb/12549922/,2026-08-22,"Exact normalized title, creator overlap, valid ISBN, standard edition, and Rakuten manga genre 001001001006."
rakuten-match-bad930ace10caa55d7e2,candidate-bad930ace10caa55d7e2,matched,9784088705453,この音とまれ！ 1,standard,true,https://books.rakuten.co.jp/rb/11941877/,2026-08-22,"Exact normalized title, creator overlap, valid ISBN, standard edition, and Rakuten manga genre 001001001008."
rakuten-match-baf3c9c7f657242aa194,candidate-baf3c9c7f657242aa194,matched,9784088810089,青春兵器ナンバーワン 1,standard,true,https://books.rakuten.co.jp/rb/14637793/,2026-08-22,"Exact normalized title, creator overlap, valid ISBN, standard edition, and Rakuten manga genre 001001001008."
rakuten-match-bb654a8f2166bed49f9a,candidate-bb654a8f2166bed49f9a,matched,9784403619281,みどりのまきば（1）,standard,true,https://books.rakuten.co.jp/rb/6018190/,2026-08-22,"Exact normalized title, creator overlap, valid ISBN, standard edition, and Rakuten manga genre 001001002012."
rakuten-match-bb69c71a844a88a47969,candidate-bb69c71a844a88a47969,matched,9784088454290,椿町ロンリープラネット（1）,standard,true,https://books.rakuten.co.jp/rb/13308354/,2026-08-22,"Exact normalized title, creator overlap, valid ISBN, standard edition, and Rakuten manga genre 001001002006."
rakuten-match-bb7c2a4f63ef8e781606,candidate-bb7c2a4f63ef8e781606,matched,9784049129748,一度だけでも、後悔してます。（1）,standard,true,https://books.rakuten.co.jp/rb/16152184/,2026-08-22,"Exact normalized title, creator overlap, valid ISBN, standard edition, and Rakuten manga genre 001001003046."
rakuten-match-bb7f73d695b719a6adbf,candidate-bb7f73d695b719a6adbf,matched,9784537125269,ぷるるんワンダーランド,standard,true,https://books.rakuten.co.jp/rb/6219249/,2026-08-22,"Exact normalized title, creator overlap, valid ISBN, standard edition, and Rakuten manga genre 001001003025."
rakuten-match-bb8ed9d87c9da1591e4c,candidate-bb8ed9d87c9da1591e4c,matched,9784592144946,信長の忍び 1,standard,true,https://books.rakuten.co.jp/rb/6083494/,2026-08-22,"Exact normalized title, creator overlap, valid ISBN, standard edition, and Rakuten manga genre 001001003010."
rakuten-match-bb9ee891b6fcd3ddf2db,candidate-bb9ee891b6fcd3ddf2db,matched,9784785935863,しょぼにゃん（1）,standard,true,https://books.rakuten.co.jp/rb/6990558/,2026-08-22,"Exact normalized title, creator overlap, valid ISBN, standard edition, and Rakuten manga genre 001001003049."
rakuten-match-bbac2743f6c44efda949,candidate-bbac2743f6c44efda949,matched,9784091221063,アサギロ（1）,standard,true,https://books.rakuten.co.jp/rb/6242965/,2026-08-22,"Exact normalized title, creator overlap, valid ISBN, standard edition, and Rakuten manga genre 001001003048/001001001009."
rakuten-match-bbeeaad9e37ab267dc29,candidate-bbeeaad9e37ab267dc29,matched,9784088825090,僕とロボコ 1,standard,true,https://books.rakuten.co.jp/rb/16463144/,2026-08-22,"Exact normalized title, creator overlap, valid ISBN, standard edition, and Rakuten manga genre 001001001008."
rakuten-match-bc030e8a35e7adf54ca6,candidate-bc030e8a35e7adf54ca6,matched,9784088802640,僕のヒーローアカデミア 1,standard,true,https://books.rakuten.co.jp/rb/12953319/,2026-08-22,"Exact normalized title, creator overlap, valid ISBN, standard edition, and Rakuten manga genre 001001001008."
rakuten-match-bc213d5c418d27ebcf2a,candidate-bc213d5c418d27ebcf2a,matched,9784065387887,妹は知っている（1）,standard,true,https://books.rakuten.co.jp/rb/18083269/,2026-08-22,"Exact normalized title, creator overlap, valid ISBN, standard edition, and Rakuten manga genre 001001003003."
rakuten-match-bc2998e79453ac2113e7,candidate-bc2998e79453ac2113e7,matched,9784088826271,総理倶楽部 1,standard,true,https://books.rakuten.co.jp/rb/16655115/,2026-08-22,"Exact normalized title, creator overlap, valid ISBN, standard edition, and Rakuten manga genre 001001001008."
rakuten-match-bc3adc5541bc8e96c5fd,candidate-bc3adc5541bc8e96c5fd,matched,9784063656220,たいようのいえ（1）,standard,true,https://books.rakuten.co.jp/rb/6652941/,2026-08-22,"Exact normalized title, creator overlap, valid ISBN, standard edition, and Rakuten manga genre 001001002014."
rakuten-match-bc50d9b0573bc07a986d,candidate-bc50d9b0573bc07a986d,matched,9784047296589,魔街の坂（1）,standard,true,https://books.rakuten.co.jp/rb/12724630/,2026-08-22,"Exact normalized title, creator overlap, valid ISBN, standard edition, and Rakuten manga genre 001001003023."
rakuten-match-bc7561b3680492d55be9,candidate-bc7561b3680492d55be9,matched,9784592141792,あそびあそばせ,standard,true,https://books.rakuten.co.jp/rb/13593297/,2026-08-22,"Exact normalized title, creator overlap, valid ISBN, standard edition, and Rakuten manga genre 001001003010."
rakuten-match-bc8093205bdb1ae22eb2,candidate-bc8093205bdb1ae22eb2,matched,9784575840346,焔の眼（1）,standard,true,https://books.rakuten.co.jp/rb/11509512/,2026-08-22,"Exact normalized title, creator overlap, valid ISBN, standard edition, and Rakuten manga genre 001001003026."
rakuten-match-bcd43d3188c2533e1068,candidate-bcd43d3188c2533e1068,matched,9784776794967,イルミナシオン,standard,true,https://books.rakuten.co.jp/rb/5832898/,2026-08-22,"Exact normalized title, creator overlap, valid ISBN, standard edition, and Rakuten manga genre 001001012."
rakuten-match-bcf6814e2f138e3d4b6e,candidate-bcf6814e2f138e3d4b6e,matched,9784575843736,モトカノ☆食堂（1）,standard,true,https://books.rakuten.co.jp/rb/12663130/,2026-08-22,"Exact normalized title, creator overlap, valid ISBN, standard edition, and Rakuten manga genre 001001003026."
rakuten-match-bd42208a660912d9d95d,candidate-bd42208a660912d9d95d,matched,9784063106282,路地恋花（1）,standard,true,https://books.rakuten.co.jp/rb/6314666/,2026-08-22,"Exact normalized title, creator overlap, valid ISBN, standard edition, and Rakuten manga genre 001001003015."
rakuten-match-bd5bdc4150f30a07971b,candidate-bd5bdc4150f30a07971b,matched,9784575942460,センセイの鞄（1）,standard,true,https://books.rakuten.co.jp/rb/6154318/,2026-08-22,"Exact normalized title, creator overlap, valid ISBN, standard edition, and Rakuten manga genre 001001003026."
rakuten-match-bd5c323a3dbc9f3a04d4,candidate-bd5c323a3dbc9f3a04d4,matched,9784065103760,来世は他人がいい（1）,standard,true,https://books.rakuten.co.jp/rb/15182068/,2026-08-22,"Exact normalized title, creator overlap, valid ISBN, standard edition, and Rakuten manga genre 001001003015."
rakuten-match-bd651877af1038890ba4,candidate-bd651877af1038890ba4,matched,9784065207833,メダリスト（1）,standard,true,https://books.rakuten.co.jp/rb/16431212/,2026-08-22,"Exact normalized title, creator overlap, valid ISBN, standard edition, and Rakuten manga genre 001001003015."
rakuten-match-bdcf8de5aebcef0e1ed5,candidate-bdcf8de5aebcef0e1ed5,matched,9784088746081,トリコ（1）,standard,true,https://books.rakuten.co.jp/rb/5890615/,2026-08-22,"Exact normalized title, creator overlap, valid ISBN, standard edition, and Rakuten manga genre 001001001008."
rakuten-match-bdd1eac9ae8471a4dbbc,candidate-bdd1eac9ae8471a4dbbc,matched,9784785951566,モテるマンガ（1）,standard,true,https://books.rakuten.co.jp/rb/12504398/,2026-08-22,"Exact normalized title, creator overlap, valid ISBN, standard edition, and Rakuten manga genre 001001003049/001001003017."
rakuten-match-be1ed2eccb1bdce989bd,candidate-be1ed2eccb1bdce989bd,matched,9784063907063,人形の国（1）,standard,true,https://books.rakuten.co.jp/rb/14895266/,2026-08-22,"Exact normalized title, creator overlap, valid ISBN, standard edition, and Rakuten manga genre 001001003047."
rakuten-match-be54044322b24ee62dba,candidate-be54044322b24ee62dba,matched,9784253217736,ドカベン　ドリームトーナメント編（1）,standard,true,https://books.rakuten.co.jp/rb/11842265/,2026-08-22,"Exact normalized title, creator overlap, valid ISBN, standard edition, and Rakuten manga genre 001001003001/001001001001."
rakuten-match-be6fdcb10451af4f7569,candidate-be6fdcb10451af4f7569,matched,9784778320935,DROPS,standard,true,https://books.rakuten.co.jp/rb/6124417/,2026-08-22,"Exact normalized title, creator overlap, valid ISBN, standard edition, and Rakuten manga genre 001001012."
rakuten-match-be718dc826c927adf274,candidate-be718dc826c927adf274,matched,9784088792705,テラフォーマーズ 1,standard,true,https://books.rakuten.co.jp/rb/11604004/,2026-08-22,"Exact normalized title, creator overlap, valid ISBN, standard edition, and Rakuten manga genre 001001003005."
rakuten-match-be770c8b3ea29cdbf874,candidate-be770c8b3ea29cdbf874,matched,9784091872104,空母いぶき（1),standard,true,https://books.rakuten.co.jp/rb/13347046/,2026-08-22,"Exact normalized title, creator overlap, valid ISBN, standard edition, and Rakuten manga genre 001001003009."
rakuten-match-be8ce654b5d7e7b3fdfb,candidate-be8ce654b5d7e7b3fdfb,matched,9784091386687,金の国 水の国,standard,true,https://books.rakuten.co.jp/rb/14275097/,2026-08-22,"Exact normalized title, creator overlap, valid ISBN, standard edition, and Rakuten manga genre 001001004006/001001002008."
rakuten-match-be8d528fa1e3ae0e6d31,candidate-be8d528fa1e3ae0e6d31,matched,9784098606344,往生際の意味を知れ！（1）,standard,true,https://books.rakuten.co.jp/rb/16324706/,2026-08-22,"Exact normalized title, creator overlap, valid ISBN, standard edition, and Rakuten manga genre 001001003009."
rakuten-match-be90023564b36a3b0eac,candidate-be90023564b36a3b0eac,matched,9784063656299,ライアー×ライアー（1）,standard,true,https://books.rakuten.co.jp/rb/6796896/,2026-08-22,"Exact normalized title, creator overlap, valid ISBN, standard edition, and Rakuten manga genre 001001002014."
rakuten-match-bf1cc824209498660888,candidate-bf1cc824209498660888,matched,9784088768243,Evil　heart（1）,standard,true,https://books.rakuten.co.jp/rb/3574871/,2026-08-22,"Exact normalized title, creator overlap, valid ISBN, standard edition, and Rakuten manga genre 001001003005."
rakuten-match-bf93a2347af2a15a05d8,candidate-bf93a2347af2a15a05d8,matched,9784041122730,光が死んだ夏　1,standard,true,https://books.rakuten.co.jp/rb/17024601/,2026-08-22,"Exact normalized title, creator overlap, valid ISBN, standard edition, and Rakuten manga genre 001001003059."
rakuten-match-c04f65770fcfd22abb9f,candidate-c04f65770fcfd22abb9f,matched,9784065180624,ゆびさきと恋々（1）,standard,true,https://books.rakuten.co.jp/rb/16128417/,2026-08-22,"Exact normalized title, creator overlap, valid ISBN, standard edition, and Rakuten manga genre 001001002014."
rakuten-match-c0a4903a040d0f704d18,candidate-c0a4903a040d0f704d18,matched,9784088798387,レストー夫人,standard,true,https://books.rakuten.co.jp/rb/12750812/,2026-08-22,"Exact normalized title, creator overlap, valid ISBN, standard edition, and Rakuten manga genre 001001003005."
rakuten-match-c0c630ff4d186daf762d,candidate-c0c630ff4d186daf762d,matched,9784757585317,龍とカメレオン（1）,standard,true,https://books.rakuten.co.jp/rb/17428162/,2026-08-22,"Exact normalized title, creator overlap, valid ISBN, standard edition, and Rakuten manga genre 001001003050."
rakuten-match-c0e989c7b8bb7447840b,candidate-c0e989c7b8bb7447840b,matched,9784091237347,タケヲちゃん物怪録（1）,standard,true,https://books.rakuten.co.jp/rb/11658553/,2026-08-22,"Exact normalized title, creator overlap, valid ISBN, standard edition, and Rakuten manga genre 001001003048/001001001009."
rakuten-match-c1304bfa319ba318368e,candidate-c1304bfa319ba318368e,matched,9784757542860,田中くんはいつもけだるげ（1）,standard,true,https://books.rakuten.co.jp/rb/12689951/,2026-08-22,"Exact normalized title, creator overlap, valid ISBN, standard edition, and Rakuten manga genre 001001001002."
rakuten-match-c133f39d62dde2fa3e1d,candidate-c133f39d62dde2fa3e1d,matched,9784088827315,アオのハコ 1,standard,true,https://books.rakuten.co.jp/rb/16783513/,2026-08-22,"Exact normalized title, creator overlap, valid ISBN, standard edition, and Rakuten manga genre 001001001008."
rakuten-match-c13afa217a833f90bc3c,candidate-c13afa217a833f90bc3c,matched,9784396766238,手紙物語,standard,true,https://books.rakuten.co.jp/rb/12961555/,2026-08-22,"Exact normalized title, creator overlap, valid ISBN, standard edition, and Rakuten manga genre 001001012."
rakuten-match-c14e82937201df34495d,candidate-c14e82937201df34495d,matched,9784088707013,ワンパンマン 1,standard,true,https://books.rakuten.co.jp/rb/12100271/,2026-08-22,"Exact normalized title, creator overlap, valid ISBN, standard edition, and Rakuten manga genre 001001001008."
rakuten-match-c221a17d6b962b17c9f4,candidate-c221a17d6b962b17c9f4,matched,9784088745497,屍鬼（1）,standard,true,https://books.rakuten.co.jp/rb/5750110/,2026-08-22,"Exact normalized title, creator overlap, valid ISBN, standard edition, and Rakuten manga genre 001001001008."
rakuten-match-c24c7f023810516a931c,candidate-c24c7f023810516a931c,matched,9784871829687,同級生,standard,true,https://books.rakuten.co.jp/rb/5415443/,2026-08-22,"Exact normalized title, creator overlap, valid ISBN, standard edition, and Rakuten manga genre 001021002022/001017004/001001012."
rakuten-match-c2564ae48ae5e689ea66,candidate-c2564ae48ae5e689ea66,matched,9784088746227,バクマン。（1）,standard,true,https://books.rakuten.co.jp/rb/5929336/,2026-08-22,"Exact normalized title, creator overlap, valid ISBN, standard edition, and Rakuten manga genre 001001001008."
rakuten-match-c2a0771485686391ac82,candidate-c2a0771485686391ac82,matched,9784091380135,7SEEDS（1）,standard,true,https://books.rakuten.co.jp/rb/1430082/,2026-08-22,"Exact normalized title, creator overlap, valid ISBN, standard edition, and Rakuten manga genre 001001004006/001001002008."
rakuten-match-c2d28d298730bdf6ee33,candidate-c2d28d298730bdf6ee33,matched,9784063826630,僕たちがやりました（1）,standard,true,https://books.rakuten.co.jp/rb/13346815/,2026-08-22,"Exact normalized title, creator overlap, valid ISBN, standard edition, and Rakuten manga genre 001001003003."
rakuten-match-c2df32661c0b925ff74f,candidate-c2df32661c0b925ff74f,matched,9784047361515,カラオケ行こ！,standard,true,https://books.rakuten.co.jp/rb/16353169/,2026-08-22,"Exact normalized title, creator overlap, valid ISBN, standard edition, and Rakuten manga genre 001001003023."
rakuten-match-c2e1a97976346530a420,candidate-c2e1a97976346530a420,matched,9784065430132,魔力枯れのダークエルフ（1）,standard,true,https://books.rakuten.co.jp/rb/18479739/,2026-08-22,"Exact normalized title, creator overlap, valid ISBN, standard edition, and Rakuten manga genre 001001003003."
rakuten-match-c2f3864045578cebb590,candidate-c2f3864045578cebb590,matched,9784757591264,となりの猫と恋知らず（1）,standard,true,https://books.rakuten.co.jp/rb/17788427/,2026-08-22,"Exact normalized title, creator overlap, valid ISBN, standard edition, and Rakuten manga genre 001001012."
rakuten-match-c318fd52f1da01533910,candidate-c318fd52f1da01533910,matched,9784107719744,間違った子を魔法少女にしてしまった 1,standard,true,https://books.rakuten.co.jp/rb/14895421/,2026-08-22,"Exact normalized title, creator overlap, valid ISBN, standard edition, and Rakuten manga genre 001001003022."
rakuten-match-c327594a74d5eb536b5a,candidate-c327594a74d5eb536b5a,matched,9784065302729,赤羽骨子のボディガード（1）,standard,true,https://books.rakuten.co.jp/rb/17331298/,2026-08-22,"Exact normalized title, creator overlap, valid ISBN, standard edition, and Rakuten manga genre 001001001006."
rakuten-match-c3396a2a9fa22ab73971,candidate-c3396a2a9fa22ab73971,matched,9784575335194,ぼくらの17-ON！（1）,standard,true,https://books.rakuten.co.jp/rb/12326570/,2026-08-22,"Exact normalized title, creator overlap, valid ISBN, standard edition, and Rakuten manga genre 001001012."
rakuten-match-c3a1b26e0fc059b351ca,candidate-c3a1b26e0fc059b351ca,matched,9784781602714,キミと話がしたいのだ。（1）,standard,true,https://books.rakuten.co.jp/rb/11605081/,2026-08-22,"Exact normalized title, creator overlap, valid ISBN, standard edition, and Rakuten manga genre 001001012."
rakuten-match-c3b522b077189878e8ab,candidate-c3b522b077189878e8ab,matched,9784065104903,あまちんは自称♂（1）,standard,true,https://books.rakuten.co.jp/rb/15182023/,2026-08-22,"Exact normalized title, creator overlap, valid ISBN, standard edition, and Rakuten manga genre 001001012."
rakuten-match-c3d4d2e43bf3ecaf7f9a,candidate-c3d4d2e43bf3ecaf7f9a,matched,9784063879223,神様がうそをつく。,standard,true,https://books.rakuten.co.jp/rb/12439730/,2026-08-22,"Exact normalized title, creator overlap, valid ISBN, standard edition, and Rakuten manga genre 001001003015."
rakuten-match-c3fd0f24e8e29bf2f93a,candidate-c3fd0f24e8e29bf2f93a,matched,9784065332979,だんドーン（1）,standard,true,https://books.rakuten.co.jp/rb/17637681/,2026-08-22,"Exact normalized title, creator overlap, valid ISBN, standard edition, and Rakuten manga genre 001001003004."
rakuten-match-c480fbff0341ffcc2d17,candidate-c480fbff0341ffcc2d17,matched,9784088844015,しのびごと 1,standard,true,https://books.rakuten.co.jp/rb/18073405/,2026-08-22,"Exact normalized title, creator overlap, valid ISBN, standard edition, and Rakuten manga genre 001001001008."
rakuten-match-c49988385e99e0ae7089,candidate-c49988385e99e0ae7089,matched,9784396768058,ブランチライン（1）,standard,true,https://books.rakuten.co.jp/rb/16425440/,2026-08-22,"Exact normalized title, creator overlap, valid ISBN, standard edition, and Rakuten manga genre 001001012."
rakuten-match-c4abbc1b44fa5706bce3,candidate-c4abbc1b44fa5706bce3,matched,9784091373519,風光る（1）,standard,true,https://books.rakuten.co.jp/rb/926545/,2026-08-22,"Exact normalized title, creator overlap, valid ISBN, standard edition, and Rakuten manga genre 001001004006/001001002008."
rakuten-match-c50ea94bb66f72c679a2,candidate-c50ea94bb66f72c679a2,matched,9784091846440,機械仕掛けの愛（1）,standard,true,https://books.rakuten.co.jp/rb/11754443/,2026-08-22,"Exact normalized title, creator overlap, valid ISBN, standard edition, and Rakuten manga genre 001001003009."
rakuten-match-c55467873ec70e670484,candidate-c55467873ec70e670484,matched,9784091294869,大ダーク（1）,standard,true,https://books.rakuten.co.jp/rb/16075898/,2026-08-22,"Exact normalized title, creator overlap, valid ISBN, standard edition, and Rakuten manga genre 001001003048."
rakuten-match-c55cfa2eba7b2880ab10,candidate-c55cfa2eba7b2880ab10,matched,9784063145533,ベントラーベントラー（1）,standard,true,https://books.rakuten.co.jp/rb/5965402/,2026-08-22,"Exact normalized title, creator overlap, valid ISBN, standard edition, and Rakuten manga genre 001001003015."
rakuten-match-c578b9f1ab6212044971,candidate-c578b9f1ab6212044971,matched,9784253149815,もずく、ウォーキング！（1）,standard,true,https://books.rakuten.co.jp/rb/4010197/,2026-08-22,"Exact normalized title, creator overlap, valid ISBN, standard edition, and Rakuten manga genre 001001003001."
rakuten-match-c5b0930ce00dcf865406,candidate-c5b0930ce00dcf865406,matched,9784088743141,ONE PIECE 45,standard,true,https://books.rakuten.co.jp/rb/4288210/,2026-08-22,"Exact normalized title, creator overlap, valid ISBN, standard edition, and Rakuten manga genre 001001001008."
rakuten-match-c5bfedbb9ee87b8dea2b,candidate-c5bfedbb9ee87b8dea2b,matched,9784091785619,ファンシィダンス（1）,standard,true,https://books.rakuten.co.jp/rb/9296869/,2026-08-22,"Exact normalized title, creator overlap, valid ISBN, standard edition, and Rakuten manga genre 001001004006/001001002008."
rakuten-match-c5c2695ad33fd05af945,candidate-c5c2695ad33fd05af945,matched,9784065193808,カッコウの許嫁（1）,standard,true,https://books.rakuten.co.jp/rb/16208859/,2026-08-22,"Exact normalized title, creator overlap, valid ISBN, standard edition, and Rakuten manga genre 001001001006."
rakuten-match-c5e8c957903bf1832dc5,candidate-c5e8c957903bf1832dc5,matched,9784088790343,日々ロック（1）,standard,true,https://books.rakuten.co.jp/rb/6737129/,2026-08-22,"Exact normalized title, creator overlap, valid ISBN, standard edition, and Rakuten manga genre 001001003005."
rakuten-match-c61aa83d0482e2863eb3,candidate-c61aa83d0482e2863eb3,matched,9784088914886,九龍ジェネリックロマンス 1,standard,true,https://books.rakuten.co.jp/rb/16193626/,2026-08-22,"Exact normalized title, creator overlap, valid ISBN, standard edition, and Rakuten manga genre 001001003005."
rakuten-match-c62cd8a81b67b2feb839,candidate-c62cd8a81b67b2feb839,matched,9784065236796,バウンスバック（1）,standard,true,https://books.rakuten.co.jp/rb/16700272/,2026-08-22,"Exact normalized title, creator overlap, valid ISBN, standard edition, and Rakuten manga genre 001001012."
rakuten-match-c6418f7b70cff810199c,candidate-c6418f7b70cff810199c,matched,9784063145342,カブのイサキ（1）,standard,true,https://books.rakuten.co.jp/rb/5864032/,2026-08-22,"Exact normalized title, creator overlap, valid ISBN, standard edition, and Rakuten manga genre 001001003015."
rakuten-match-c642eab6cae97c9cd9a3,candidate-c642eab6cae97c9cd9a3,matched,9784832270725,ぼっち・ざ・ろっく！　1,standard,true,https://books.rakuten.co.jp/rb/15737629/,2026-08-22,"Exact normalized title, creator overlap, valid ISBN, standard edition, and Rakuten manga genre 001001003053/001001003035."
rakuten-match-c65ce967e028013d13dd,candidate-c65ce967e028013d13dd,matched,9784091837998,一匹と九十九匹と（1）,standard,true,https://books.rakuten.co.jp/rb/11126632/,2026-08-22,"Exact normalized title, creator overlap, valid ISBN, standard edition, and Rakuten manga genre 001001003009."
rakuten-match-c688b00ba5b432f77bf8,candidate-c688b00ba5b432f77bf8,matched,9784253205160,ケルベロス（1）,standard,true,https://books.rakuten.co.jp/rb/6454233/,2026-08-22,"Exact normalized title, creator overlap, valid ISBN, standard edition, and Rakuten manga genre 001001003001/001001001001."
rakuten-match-c6b3f1cb34d8b4a922dc,candidate-c6b3f1cb34d8b4a922dc,matched,9784575843316,カリュクス（01）,standard,true,https://books.rakuten.co.jp/rb/12602612/,2026-08-22,"Exact normalized title, creator overlap, valid ISBN, standard edition, and Rakuten manga genre 001001003026."
rakuten-match-c6c0a2cca6e4cd0b1290,candidate-c6c0a2cca6e4cd0b1290,matched,9784063723441,Kiss×sis（1）,standard,true,https://books.rakuten.co.jp/rb/4489749/,2026-08-22,"Exact normalized title, creator overlap, valid ISBN, standard edition, and Rakuten manga genre 001001003003."
rakuten-match-c6f4ede212b6475ffb81,candidate-c6f4ede212b6475ffb81,matched,9784065229828,黙示録の四騎士（1）,standard,true,https://books.rakuten.co.jp/rb/16677606/,2026-08-22,"Exact normalized title, creator overlap, valid ISBN, standard edition, and Rakuten manga genre 001001001006."
rakuten-match-c70511031405e0fb5c11,candidate-c70511031405e0fb5c11,matched,9784091252364,Helck 1,standard,true,https://books.rakuten.co.jp/rb/12838865/,2026-08-22,"Exact normalized title, creator overlap, valid ISBN, standard edition, and Rakuten manga genre 001001012."
rakuten-match-c7280f9dcc2754d3f864,candidate-c7280f9dcc2754d3f864,matched,9784088836874,鵺の陰陽師 1,standard,true,https://books.rakuten.co.jp/rb/17608268/,2026-08-22,"Exact normalized title, creator overlap, valid ISBN, standard edition, and Rakuten manga genre 001001001008."
rakuten-match-c76c68896af3ef46e620,candidate-c76c68896af3ef46e620,matched,9784757521803,Doubt（1）,standard,true,https://books.rakuten.co.jp/rb/5218352/,2026-08-22,"Exact normalized title, creator overlap, valid ISBN, standard edition, and Rakuten manga genre 001001001002."
rakuten-match-c78d636e59db94289c27,candidate-c78d636e59db94289c27,matched,9784091414397,ウソツキ！ゴクオーくん（1),standard,true,https://books.rakuten.co.jp/rb/11604072/,2026-08-22,"Exact normalized title, creator overlap, valid ISBN, standard edition, and Rakuten manga genre 001001012/001001001014."
rakuten-match-c7d52715d5210ef9abc6,candidate-c7d52715d5210ef9abc6,matched,9784403621291,さよならさよなら、またあした,standard,true,https://books.rakuten.co.jp/rb/11457050/,2026-08-22,"Exact normalized title, creator overlap, valid ISBN, standard edition, and Rakuten manga genre 001001012."
rakuten-match-c7e065f61bb7a176ee56,candidate-c7e065f61bb7a176ee56,matched,9784063144130,臨死！！江古田ちゃん（1）,standard,true,https://books.rakuten.co.jp/rb/4016940/,2026-08-22,"Exact normalized title, creator overlap, valid ISBN, standard edition, and Rakuten manga genre 001001003015."
rakuten-match-c805c5b70111f75d6fb5,candidate-c805c5b70111f75d6fb5,matched,9784091883681,海獣の子供（1）,standard,true,https://books.rakuten.co.jp/rb/4427362/,2026-08-22,"Exact normalized title, creator overlap, valid ISBN, standard edition, and Rakuten manga genre 001001003041."
rakuten-match-c8243866b7c8a6d9a2f8,candidate-c8243866b7c8a6d9a2f8,matched,9784091313935,町でうわさの天狗の子（1）,standard,true,https://books.rakuten.co.jp/rb/5237198/,2026-08-22,"Exact normalized title, creator overlap, valid ISBN, standard edition, and Rakuten manga genre 001001004006/001001002008."
rakuten-match-c8483ec374a763860621,candidate-c8483ec374a763860621,matched,9784049149524,雪解けとアガパンサス（1）,standard,true,https://books.rakuten.co.jp/rb/17419664/,2026-08-22,"Exact normalized title, creator overlap, valid ISBN, standard edition, and Rakuten manga genre 001001012/001001003046."
rakuten-match-c88171b2210a4dc37f79,candidate-c88171b2210a4dc37f79,matched,9784107716842,向ヒ兎堂日記（1）,standard,true,https://books.rakuten.co.jp/rb/11939439/,2026-08-22,"Exact normalized title, creator overlap, valid ISBN, standard edition, and Rakuten manga genre 001001003022."
rakuten-match-c8a0ff9f73cf58a0286d,candidate-c8a0ff9f73cf58a0286d,matched,9784199805325,アンサングシンデレラ 病院薬剤師 葵みどり　1,standard,true,https://books.rakuten.co.jp/rb/15657432/,2026-08-22,"Exact normalized title, creator overlap, valid ISBN, standard edition, and Rakuten manga genre 001001003052."
rakuten-match-c8aef6141e1d61baa960,candidate-c8aef6141e1d61baa960,matched,9784063106374,鉄風（1）,standard,true,https://books.rakuten.co.jp/rb/6373950/,2026-08-22,"Exact normalized title, creator overlap, valid ISBN, standard edition, and Rakuten manga genre 001001003015."
rakuten-match-c8e86b62755ca0f07faf,candidate-c8e86b62755ca0f07faf,matched,9784091861351,東伍郎とまろすけ（1）,standard,true,https://books.rakuten.co.jp/rb/12662981/,2026-08-22,"Exact normalized title, creator overlap, valid ISBN, standard edition, and Rakuten manga genre 001001003009."
rakuten-match-c93dbd250009ef690967,candidate-c93dbd250009ef690967,matched,9784091892751,早乙女選手、ひたかくす 1,standard,true,https://books.rakuten.co.jp/rb/14507185/,2026-08-22,"Exact normalized title, creator overlap, valid ISBN, standard edition, and Rakuten manga genre 001001003009."
rakuten-match-c9dfbc3276f178d51de6,candidate-c9dfbc3276f178d51de6,matched,9784803002898,pupa（1）,standard,true,https://books.rakuten.co.jp/rb/11439723/,2026-08-22,"Exact normalized title, creator overlap, valid ISBN, standard edition, and Rakuten manga genre 001001012."
rakuten-match-c9e32218e26c6c6292f9,candidate-c9e32218e26c6c6292f9,matched,9784088837246,ファントムバスターズ 1,standard,true,https://books.rakuten.co.jp/rb/17678007/,2026-08-22,"Exact normalized title, creator overlap, valid ISBN, standard edition, and Rakuten manga genre 001001001008."
rakuten-match-ca1f317f8da177453f1e,candidate-ca1f317f8da177453f1e,matched,9784063637281,ダイヤのA（1）,standard,true,https://books.rakuten.co.jp/rb/4109748/,2026-08-22,"Exact normalized title, creator overlap, valid ISBN, standard edition, and Rakuten manga genre 001001001006."
rakuten-match-ca2c6203e55caa0969f6,candidate-ca2c6203e55caa0969f6,matched,9784088807232,鬼滅の刃 1,standard,true,https://books.rakuten.co.jp/rb/14141502/,2026-08-22,"Exact normalized title, creator overlap, valid ISBN, standard edition, and Rakuten manga genre 001001001008."
rakuten-match-ca3996e94bd30fa71078,candidate-ca3996e94bd30fa71078,matched,9784047263185,狼の口　ヴォルフスムント　1巻,standard,true,https://books.rakuten.co.jp/rb/6314629/,2026-08-22,"Exact normalized title, creator overlap, valid ISBN, standard edition, and Rakuten manga genre 001001003023."
rakuten-match-ca3b272242f844b81d5d,candidate-ca3b272242f844b81d5d,matched,9784396782054,ハウアーユー？,standard,true,https://books.rakuten.co.jp/rb/12866548/,2026-08-22,"Exact normalized title, creator overlap, valid ISBN, standard edition, and Rakuten manga genre 001001004008."
rakuten-match-ca9e45ed0028858c0126,candidate-ca9e45ed0028858c0126,matched,9784592710684,蟹に誘われて,standard,true,https://books.rakuten.co.jp/rb/12690248/,2026-08-22,"Exact normalized title, creator overlap, valid ISBN, standard edition, and Rakuten manga genre 001001012."
rakuten-match-cb207e7c8d5d028e4e7e,candidate-cb207e7c8d5d028e4e7e,matched,9784063145977,シドニアの騎士（1）,standard,true,https://books.rakuten.co.jp/rb/6166242/,2026-08-22,"Exact normalized title, creator overlap, valid ISBN, standard edition, and Rakuten manga genre 001001003015."
rakuten-match-cb61c70a466a77afa0ea,candidate-cb61c70a466a77afa0ea,matched,9784091203182,ダメおやじ（8）,standard,true,https://books.rakuten.co.jp/rb/170297/,2026-08-22,"Exact normalized title, creator overlap, valid ISBN, standard edition, and Rakuten manga genre 001001001009."
rakuten-match-cb8cbf442782052b23a3,candidate-cb8cbf442782052b23a3,matched,9784091433114,ケシカスくん（1）,standard,true,https://books.rakuten.co.jp/rb/1789798/,2026-08-22,"Exact normalized title, creator overlap, valid ISBN, standard edition, and Rakuten manga genre 001001001014."
rakuten-match-cc2d5952736da056de67,candidate-cc2d5952736da056de67,matched,9784047274730,ママゴト（1）,standard,true,https://books.rakuten.co.jp/rb/11259034/,2026-08-22,"Exact normalized title, creator overlap, valid ISBN, standard edition, and Rakuten manga genre 001001003023."
rakuten-match-cc4b609492878251813a,candidate-cc4b609492878251813a,matched,9784088767567,B型H系（1）,standard,true,https://books.rakuten.co.jp/rb/1765018/,2026-08-22,"Exact normalized title, creator overlap, valid ISBN, standard edition, and Rakuten manga genre 001001003005."
rakuten-match-cc64c0784ed6b3bae423,candidate-cc64c0784ed6b3bae423,matched,9784063418798,私がモテてどうすんだ（1）,standard,true,https://books.rakuten.co.jp/rb/12458273/,2026-08-22,"Exact normalized title, creator overlap, valid ISBN, standard edition, and Rakuten manga genre 001001002004."
rakuten-match-cc6eb4f6a20f26a720fe,candidate-cc6eb4f6a20f26a720fe,matched,9784088706450,激辛！カレー王子（1）,standard,true,https://books.rakuten.co.jp/rb/12199791/,2026-08-22,"Exact normalized title, creator overlap, valid ISBN, standard edition, and Rakuten manga genre 001001001008."
rakuten-match-ccbb3649a83639ac4da6,candidate-ccbb3649a83639ac4da6,matched,9784098604845,夏目アラタの結婚（1）,standard,true,https://books.rakuten.co.jp/rb/16083174/,2026-08-22,"Exact normalized title, creator overlap, valid ISBN, standard edition, and Rakuten manga genre 001001003009."
rakuten-match-ccd2699707d53f99e8c5,candidate-ccd2699707d53f99e8c5,matched,9784063769999,あとかたの街（1）,standard,true,https://books.rakuten.co.jp/rb/12764879/,2026-08-22,"Exact normalized title, creator overlap, valid ISBN, standard edition, and Rakuten manga genre 001001012."
rakuten-match-ccf0ddff9c6410c4de14,candidate-ccf0ddff9c6410c4de14,matched,9784088843056,サンキューピッチ 1,standard,true,https://books.rakuten.co.jp/rb/18073414/,2026-08-22,"Exact normalized title, creator overlap, valid ISBN, standard edition, and Rakuten manga genre 001001001008."
rakuten-match-cd3cb029fa0bf74fbafb,candidate-cd3cb029fa0bf74fbafb,matched,9784088568607,夢色パティシエール（1）,standard,true,https://books.rakuten.co.jp/rb/5921391/,2026-08-22,"Exact normalized title, creator overlap, valid ISBN, standard edition, and Rakuten manga genre 001001002007."
rakuten-match-cd774412c9f29141af14,candidate-cd774412c9f29141af14,matched,9784063729337,主に泣いてます（1）,standard,true,https://books.rakuten.co.jp/rb/6639670/,2026-08-22,"Exact normalized title, creator overlap, valid ISBN, standard edition, and Rakuten manga genre 001001003004."
rakuten-match-cdea0de31a3f18475c62,candidate-cdea0de31a3f18475c62,matched,9784088794945,IPPO（1）,standard,true,https://books.rakuten.co.jp/rb/12133028/,2026-08-22,"Exact normalized title, creator overlap, valid ISBN, standard edition, and Rakuten manga genre 001001003005."
rakuten-match-cdef8cfd678998a51447,candidate-cdef8cfd678998a51447,matched,9784396763800,うさぎドロップ（1）,standard,true,https://books.rakuten.co.jp/rb/4018566/,2026-08-22,"Exact normalized title, creator overlap, valid ISBN, standard edition, and Rakuten manga genre 001001004008."
rakuten-match-cdf549d4b1888153e146,candidate-cdf549d4b1888153e146,matched,9784088825991,ダンダダン 1,standard,true,https://books.rakuten.co.jp/rb/16783601/,2026-08-22,"Exact normalized title, creator overlap, valid ISBN, standard edition, and Rakuten manga genre 001001001008."
rakuten-match-ce00dfcc098d1bebdcd7,candidate-ce00dfcc098d1bebdcd7,matched,9784088568362,ノーバディクライ,standard,true,https://books.rakuten.co.jp/rb/5790489/,2026-08-22,"Exact normalized title, creator overlap, valid ISBN, standard edition, and Rakuten manga genre 001001002007."
rakuten-match-ce15a744022a34a1c02e,candidate-ce15a744022a34a1c02e,matched,9784088773902,PEACE MAKER（1）,standard,true,https://books.rakuten.co.jp/rb/5246300/,2026-08-22,"Exact normalized title, creator overlap, valid ISBN, standard edition, and Rakuten manga genre 001001003005."
rakuten-match-ce5919ff30d9ef01e3e1,candidate-ce5919ff30d9ef01e3e1,matched,9784063870725,大砲とスタンプ（1）,standard,true,https://books.rakuten.co.jp/rb/11467803/,2026-08-22,"Exact normalized title, creator overlap, valid ISBN, standard edition, and Rakuten manga genre 001001003004."
rakuten-match-ce62d62940841d6bb152,candidate-ce62d62940841d6bb152,matched,9784022131508,星が原あおまんじゅうの森（1）,standard,true,https://books.rakuten.co.jp/rb/6242736/,2026-08-22,"Exact normalized title, creator overlap, valid ISBN, standard edition, and Rakuten manga genre 001001002016."
rakuten-match-ce6a8fb8a086bcaa5737,candidate-ce6a8fb8a086bcaa5737,matched,9784063405293,ホタル　ノ　ヒカリ（1）,standard,true,https://books.rakuten.co.jp/rb/1762687/,2026-08-22,"Exact normalized title, creator overlap, valid ISBN, standard edition, and Rakuten manga genre 001001002005."
rakuten-match-ced7a8e6d9c3b8147702,candidate-ced7a8e6d9c3b8147702,matched,9784065144510,水は海に向かって流れる（1）,standard,true,https://books.rakuten.co.jp/rb/15811038/,2026-08-22,"Exact normalized title, creator overlap, valid ISBN, standard edition, and Rakuten manga genre 001001012."
rakuten-match-cf86722f9ad7a28a7433,candidate-cf86722f9ad7a28a7433,matched,9784098603954,君は放課後インソムニア（1）,standard,true,https://books.rakuten.co.jp/rb/15990445/,2026-08-22,"Exact normalized title, creator overlap, valid ISBN, standard edition, and Rakuten manga genre 001001003009."
rakuten-match-cfe65b2baf6eb1c27b42,candidate-cfe65b2baf6eb1c27b42,matched,9784088701844,帝一の國（1）,standard,true,https://books.rakuten.co.jp/rb/7000286/,2026-08-22,"Exact normalized title, creator overlap, valid ISBN, standard edition, and Rakuten manga genre 001001001008."
rakuten-match-d004b9c38f07ed80aebf,candidate-d004b9c38f07ed80aebf,matched,9784833018883,恋と成（1）,standard,true,https://books.rakuten.co.jp/rb/11807130/,2026-08-22,"Exact normalized title, creator overlap, valid ISBN, standard edition, and Rakuten manga genre 001001012."
rakuten-match-d00935b9f2ba0897925d,candidate-d00935b9f2ba0897925d,matched,9784088653440,サムライカアサン,standard,true,https://books.rakuten.co.jp/rb/4021782/,2026-08-22,"Exact normalized title, creator overlap, valid ISBN, standard edition, and Rakuten manga genre 001001002011."
rakuten-match-d02d7530d9eabb88ed8a,candidate-d02d7530d9eabb88ed8a,matched,9784592223313,野良猫と狼 1,standard,true,https://books.rakuten.co.jp/rb/16338478/,2026-08-22,"Exact normalized title, creator overlap, valid ISBN, standard edition, and Rakuten manga genre 001001002009."
rakuten-match-d09b50b5ea9bc881b613,candidate-d09b50b5ea9bc881b613,matched,9784063635591,ヴィンランド・サガ（1）,standard,true,https://books.rakuten.co.jp/rb/3576947/,2026-08-22,"Exact normalized title, creator overlap, valid ISBN, standard edition, and Rakuten manga genre 001001001006."
rakuten-match-d0a927fd10c26eb77059,candidate-d0a927fd10c26eb77059,matched,9784041068304,メタモルフォーゼの縁側（1）,standard,true,https://books.rakuten.co.jp/rb/15392174/,2026-08-22,"Exact normalized title, creator overlap, valid ISBN, standard edition, and Rakuten manga genre 001001012."
rakuten-match-d0e53d83ca10cd995f28,candidate-d0e53d83ca10cd995f28,matched,9784063144246,謎の彼女X（1）,standard,true,https://books.rakuten.co.jp/rb/4093836/,2026-08-22,"Exact normalized title, creator overlap, valid ISBN, standard edition, and Rakuten manga genre 001001003015."
rakuten-match-d0f8540d071099c25b8e,candidate-d0f8540d071099c25b8e,matched,9784063728736,にこたま（1）,standard,true,https://books.rakuten.co.jp/rb/6288196/,2026-08-22,"Exact normalized title, creator overlap, valid ISBN, standard edition, and Rakuten manga genre 001001003004."
rakuten-match-d130ae58f0d7c0b64d36,candidate-d130ae58f0d7c0b64d36,matched,9784088465128,うそつきリリィ（1）,standard,true,https://books.rakuten.co.jp/rb/6418378/,2026-08-22,"Exact normalized title, creator overlap, valid ISBN, standard edition, and Rakuten manga genre 001001002006."
rakuten-match-d174ef75d64341d695bd,candidate-d174ef75d64341d695bd,matched,9784832273351,死神ドットコム　1,standard,true,https://books.rakuten.co.jp/rb/16910337/,2026-08-22,"Exact normalized title, creator overlap, valid ISBN, standard edition, and Rakuten manga genre 001001003053/001001003035."
rakuten-match-d17ed75dcf05f7d96507,candidate-d17ed75dcf05f7d96507,matched,9784088793061,お慕い申し上げます（1）,standard,true,https://books.rakuten.co.jp/rb/11604007/,2026-08-22,"Exact normalized title, creator overlap, valid ISBN, standard edition, and Rakuten manga genre 001001003005."
rakuten-match-d185fc02c4d16dffb0c3,candidate-d185fc02c4d16dffb0c3,matched,9784063144253,カラスヤサトシ,standard,true,https://books.rakuten.co.jp/rb/4093837/,2026-08-22,"Exact normalized title, creator overlap, valid ISBN, standard edition, and Rakuten manga genre 001001003015."
rakuten-match-d208dd6060ad71a6703c,candidate-d208dd6060ad71a6703c,matched,9784091885029,ぼくらの（1）,standard,true,https://books.rakuten.co.jp/rb/1686964/,2026-08-22,"Exact normalized title, creator overlap, valid ISBN, standard edition, and Rakuten manga genre 001001003041."
rakuten-match-d21df491ed79185bacc3,candidate-d21df491ed79185bacc3,matched,9784757560260,好きな子がめがねを忘れた（1）,standard,true,https://books.rakuten.co.jp/rb/15775798/,2026-08-22,"Exact normalized title, creator overlap, valid ISBN, standard edition, and Rakuten manga genre 001001003050."
rakuten-match-d22b1c7ee9c7d5fb92f5,candidate-d22b1c7ee9c7d5fb92f5,matched,9784757518001,勤しめ！仁岡先生（1）,standard,true,https://books.rakuten.co.jp/rb/4152529/,2026-08-22,"Exact normalized title, creator overlap, valid ISBN, standard edition, and Rakuten manga genre 001001001002."
rakuten-match-d231960b92daceff7d39,candidate-d231960b92daceff7d39,matched,9784088566481,女の子の食卓（1）,standard,true,https://books.rakuten.co.jp/rb/3633379/,2026-08-22,"Exact normalized title, creator overlap, valid ISBN, standard edition, and Rakuten manga genre 001001002007."
rakuten-match-d241d5bdc4fc56af2c5a,candidate-d241d5bdc4fc56af2c5a,matched,9784757519602,夏のあらし！（1）,standard,true,https://books.rakuten.co.jp/rb/4272124/,2026-08-22,"Exact normalized title, creator overlap, valid ISBN, standard edition, and Rakuten manga genre 001001003019."
rakuten-match-d246a7b49390578b201e,candidate-d246a7b49390578b201e,matched,9784592211914,偽りのフレイヤ 1,standard,true,https://books.rakuten.co.jp/rb/15370974/,2026-08-22,"Exact normalized title, creator overlap, valid ISBN, standard edition, and Rakuten manga genre 001001002009."
rakuten-match-d268f50a5223d98d65ac,candidate-d268f50a5223d98d65ac,matched,9784063761467,冒険エレキテ島（1）,standard,true,https://books.rakuten.co.jp/rb/11396997/,2026-08-22,"Exact normalized title, creator overlap, valid ISBN, standard edition, and Rakuten manga genre 001001012."
rakuten-match-d27a048a45e8d7b0e980,candidate-d27a048a45e8d7b0e980,matched,9784091886323,薄花少女（1）,standard,true,https://books.rakuten.co.jp/rb/12417259/,2026-08-22,"Exact normalized title, creator overlap, valid ISBN, standard edition, and Rakuten manga genre 001001003041/001001003039."
rakuten-match-d291f3c96fa7be8e3b35,candidate-d291f3c96fa7be8e3b35,matched,9784063762785,誘爆発作（1）,standard,true,https://books.rakuten.co.jp/rb/11229301/,2026-08-22,"Exact normalized title, creator overlap, valid ISBN, standard edition, and Rakuten manga genre 001001003047."
rakuten-match-d2f3c4dc5c7d4eb77b3b,candidate-d2f3c4dc5c7d4eb77b3b,matched,9784063954470,彼女はろくろ首（1）,standard,true,https://books.rakuten.co.jp/rb/13308212/,2026-08-22,"Exact normalized title, creator overlap, valid ISBN, standard edition, and Rakuten manga genre 001001001006."
rakuten-match-d3306b3514f52c61afff,candidate-d3306b3514f52c61afff,matched,9784107716385,女子攻兵（01）,standard,true,https://books.rakuten.co.jp/rb/11391137/,2026-08-22,"Exact normalized title, creator overlap, valid ISBN, standard edition, and Rakuten manga genre 001001003022."
rakuten-match-d3d93ac98ea6965963a0,candidate-d3d93ac98ea6965963a0,matched,9784757537071,どーにゃつ（1）,standard,true,https://books.rakuten.co.jp/rb/11771761/,2026-08-22,"Exact normalized title, creator overlap, valid ISBN, standard edition, and Rakuten manga genre 001001003018."
rakuten-match-d3d9940725172ca3edce,candidate-d3d9940725172ca3edce,matched,9784091831453,淀川ベルトコンベア・ガール（1）,standard,true,https://books.rakuten.co.jp/rb/6418495/,2026-08-22,"Exact normalized title, creator overlap, valid ISBN, standard edition, and Rakuten manga genre 001001003009."
rakuten-match-d3ed845af15b5ca9731c,candidate-d3ed845af15b5ca9731c,matched,9784063726534,かぶく者（1）,standard,true,https://books.rakuten.co.jp/rb/5136395/,2026-08-22,"Exact normalized title, creator overlap, valid ISBN, standard edition, and Rakuten manga genre 001001003004."
rakuten-match-d429fe417d732ca14f10,candidate-d429fe417d732ca14f10,matched,9784091321626,ボーイフレンド（2）,standard,true,https://books.rakuten.co.jp/rb/365766/,2026-08-22,"Exact normalized title, creator overlap, valid ISBN, standard edition, and Rakuten manga genre 001001004006/001001002008."
rakuten-match-d4335ee2ac7f16316e59,candidate-d4335ee2ac7f16316e59,matched,9784199503061,モンスター娘のいる日常（1）,standard,true,https://books.rakuten.co.jp/rb/11842230/,2026-08-22,"Exact normalized title, creator overlap, valid ISBN, standard edition, and Rakuten manga genre 001001012."
rakuten-match-d45a18f5de58c4f635da,candidate-d45a18f5de58c4f635da,matched,9784063725933,GIANT KILLING（01）,standard,true,https://books.rakuten.co.jp/rb/4334987/,2026-08-22,"Exact normalized title, creator overlap, valid ISBN, standard edition, and Rakuten manga genre 001001003004."
rakuten-match-d47c7eccefdeccb2b323,candidate-d47c7eccefdeccb2b323,matched,9784592145110,3月のライオン 1,standard,true,https://books.rakuten.co.jp/rb/5393393/,2026-08-22,"Exact normalized title, creator overlap, valid ISBN, standard edition, and Rakuten manga genre 001001003010."
rakuten-match-d489f5a2229689aa5115,candidate-d489f5a2229689aa5115,matched,9784396767976,女の園の星 1,standard,true,https://books.rakuten.co.jp/rb/16354818/,2026-08-22,"Exact normalized title, creator overlap, valid ISBN, standard edition, and Rakuten manga genre 001001004008."
rakuten-match-d5190eab71dd7e16f800,candidate-d5190eab71dd7e16f800,matched,9784832240483,チェリーブロッサム！（1）,standard,true,https://books.rakuten.co.jp/rb/11229815/,2026-08-22,"Exact normalized title, creator overlap, valid ISBN, standard edition, and Rakuten manga genre 001001003053/001001003035."
rakuten-match-d532eab2aba5cb4a898f,candidate-d532eab2aba5cb4a898f,matched,9784758063715,バーナード嬢曰く。,standard,true,https://books.rakuten.co.jp/rb/12235590/,2026-08-22,"Exact normalized title, creator overlap, valid ISBN, standard edition, and Rakuten manga genre 001001003043/001001002024/001001002018."
rakuten-match-d57fec7e1e61ff8809f2,candidate-d57fec7e1e61ff8809f2,matched,9784778320058,青い花（1）,standard,true,https://books.rakuten.co.jp/rb/3706387/,2026-08-22,"Exact normalized title, creator overlap, valid ISBN, standard edition, and Rakuten manga genre 001001012."
rakuten-match-d5b5f321d1aebdfc3117,candidate-d5b5f321d1aebdfc3117,matched,9784088845852,おかえり水平線 1,standard,true,https://books.rakuten.co.jp/rb/18246156/,2026-08-22,"Exact normalized title, creator overlap, valid ISBN, standard edition, and Rakuten manga genre 001001001008."
rakuten-match-d5e2053fa233e36a431c,candidate-d5e2053fa233e36a431c,matched,9784757737280,盆堀さん,standard,true,https://books.rakuten.co.jp/rb/4640901/,2026-08-22,"Exact normalized title, creator overlap, valid ISBN, standard edition, and Rakuten manga genre 001001003023."
rakuten-match-d6055c4ac46022025318,candidate-d6055c4ac46022025318,matched,9784832248205,どうして私が美術科に！？（1）,standard,true,https://books.rakuten.co.jp/rb/14638194/,2026-08-22,"Exact normalized title, creator overlap, valid ISBN, standard edition, and Rakuten manga genre 001001003053/001001003035."
rakuten-match-d61e626249f63ad3c7b9,candidate-d61e626249f63ad3c7b9,matched,9784063871678,犬神もっこす（2）,standard,true,https://books.rakuten.co.jp/rb/11941852/,2026-08-22,"Exact normalized title, creator overlap, valid ISBN, standard edition, and Rakuten manga genre 001001003004."
rakuten-match-d62b0b048a1c15384504,candidate-d62b0b048a1c15384504,matched,9784088798400,ボクガール（1）,standard,true,https://books.rakuten.co.jp/rb/12724269/,2026-08-22,"Exact normalized title, creator overlap, valid ISBN, standard edition, and Rakuten manga genre 001001003005."
rakuten-match-d62c3a8421c03e2f37c4,candidate-d62c3a8421c03e2f37c4,matched,9784832236714,妻、小学生になる。　1,standard,true,https://books.rakuten.co.jp/rb/15812309/,2026-08-22,"Exact normalized title, creator overlap, valid ISBN, standard edition, and Rakuten manga genre 001001012."
rakuten-match-d632d9b81e434f450529,candidate-d632d9b81e434f450529,matched,9784832247550,なでしこドレミソラ（1）,standard,true,https://books.rakuten.co.jp/rb/14382154/,2026-08-22,"Exact normalized title, creator overlap, valid ISBN, standard edition, and Rakuten manga genre 001001003053/001001003035."
rakuten-match-d63a83030a8819ff553c,candidate-d63a83030a8819ff553c,matched,9784063522594,モテキ（1）,standard,true,https://books.rakuten.co.jp/rb/5996532/,2026-08-22,"Exact normalized title, creator overlap, valid ISBN, standard edition, and Rakuten manga genre 001001003021."
rakuten-match-d655ea1cfb913f33cc9a,candidate-d655ea1cfb913f33cc9a,matched,9784091240200,湯神くんには友達がいない（1）,standard,true,https://books.rakuten.co.jp/rb/11941957/,2026-08-22,"Exact normalized title, creator overlap, valid ISBN, standard edition, and Rakuten manga genre 001001001009."
rakuten-match-d66ce37fe86fba8214a2,candidate-d66ce37fe86fba8214a2,matched,9784063406054,キス＆ネバークライ（1）,standard,true,https://books.rakuten.co.jp/rb/4092439/,2026-08-22,"Exact normalized title, creator overlap, valid ISBN, standard edition, and Rakuten manga genre 001001002005."
rakuten-match-d6ab24ba01654d4e6e53,candidate-d6ab24ba01654d4e6e53,matched,9784091885531,金魚屋古書店（1）,standard,true,https://books.rakuten.co.jp/rb/1749083/,2026-08-22,"Exact normalized title, creator overlap, valid ISBN, standard edition, and Rakuten manga genre 001001003041."
rakuten-match-d6b8b5d480169a6794ca,candidate-d6b8b5d480169a6794ca,matched,9784063728125,BILLY　BAT（1）,standard,true,https://books.rakuten.co.jp/rb/6086445/,2026-08-22,"Exact normalized title, creator overlap, valid ISBN, standard edition, and Rakuten manga genre 001001003004."
rakuten-match-d6da5a4e9ff3bb07783e,candidate-d6da5a4e9ff3bb07783e,matched,9784063144789,巨娘（1）,standard,true,https://books.rakuten.co.jp/rb/5000046/,2026-08-22,"Exact normalized title, creator overlap, valid ISBN, standard edition, and Rakuten manga genre 001001003015."
rakuten-match-d735187a8421d0d33399,candidate-d735187a8421d0d33399,matched,9784091338099,姉の結婚（1）,standard,true,https://books.rakuten.co.jp/rb/11144446/,2026-08-22,"Exact normalized title, creator overlap, valid ISBN, standard edition, and Rakuten manga genre 001001004006/001001002008."
rakuten-match-d73553672898846c9ec0,candidate-d73553672898846c9ec0,matched,9784065240410,甘神さんちの縁結び（1）,standard,true,https://books.rakuten.co.jp/rb/16720336/,2026-08-22,"Exact normalized title, creator overlap, valid ISBN, standard edition, and Rakuten manga genre 001001001006."
rakuten-match-d75e23cbf7c6238975e1,candidate-d75e23cbf7c6238975e1,matched,9784396763503,パリパリ伝説（1）,standard,true,https://books.rakuten.co.jp/rb/1740472/,2026-08-22,"Exact normalized title, creator overlap, valid ISBN, standard edition, and Rakuten manga genre 001001004008."
rakuten-match-d761683b3f1f71c8f6cd,candidate-d761683b3f1f71c8f6cd,matched,9784834261806,盗賊の水さし,standard,true,https://books.rakuten.co.jp/rb/4326306/,2026-08-22,"Exact normalized title, creator overlap, valid ISBN, standard edition, and Rakuten manga genre 001001012."
rakuten-match-d768ebe57013e12e6e6e,candidate-d768ebe57013e12e6e6e,matched,9784537127072,食の軍師,standard,true,https://books.rakuten.co.jp/rb/6907648/,2026-08-22,"Exact normalized title, creator overlap, valid ISBN, standard edition, and Rakuten manga genre 001001003025."
rakuten-match-d79c4cf78238d9131063,candidate-d79c4cf78238d9131063,matched,9784785930813,プリティ・マニア,standard,true,https://books.rakuten.co.jp/rb/5925640/,2026-08-22,"Exact normalized title, creator overlap, valid ISBN, standard edition, and Rakuten manga genre 001001003049/001001003017."
rakuten-match-d7c59e42d9feee1e28ba,candidate-d7c59e42d9feee1e28ba,matched,9784758076937,私の百合はお仕事です！（1）,standard,true,https://books.rakuten.co.jp/rb/14944216/,2026-08-22,"Exact normalized title, creator overlap, valid ISBN, standard edition, and Rakuten manga genre 001001002025."
rakuten-match-d7dad5b0bc4de926cc16,candidate-d7dad5b0bc4de926cc16,matched,9784046836274,ラブ・バレット 1,standard,true,https://books.rakuten.co.jp/rb/17896443/,2026-08-22,"Exact normalized title, creator overlap, valid ISBN, standard edition, and Rakuten manga genre 001001012."
rakuten-match-d7e64b0b5479ca943edd,candidate-d7e64b0b5479ca943edd,matched,9784091817075,深夜食堂 1,standard,true,https://books.rakuten.co.jp/rb/5270695/,2026-08-22,"Exact normalized title, creator overlap, valid ISBN, standard edition, and Rakuten manga genre 001001003009."
rakuten-match-d810f69bbd8b1cf60c63,candidate-d810f69bbd8b1cf60c63,matched,9784063375428,誰も寝てはならぬ（1）,standard,true,https://books.rakuten.co.jp/rb/1667049/,2026-08-22,"Exact normalized title, creator overlap, valid ISBN, standard edition, and Rakuten manga genre 001001012."
rakuten-match-d818cf2deb73c04c7ef6,candidate-d818cf2deb73c04c7ef6,matched,9784832232204,茶柱倶楽部（1）,standard,true,https://books.rakuten.co.jp/rb/6737367/,2026-08-22,"Exact normalized title, creator overlap, valid ISBN, standard edition, and Rakuten manga genre 001001012."
rakuten-match-d8a87d01c1f35d58e791,candidate-d8a87d01c1f35d58e791,matched,9784757551107,八雲さんは餌づけがしたい。（1）,standard,true,https://books.rakuten.co.jp/rb/14394232/,2026-08-22,"Exact normalized title, creator overlap, valid ISBN, standard edition, and Rakuten manga genre 001001003018."
rakuten-match-d8bc7dc769d8e77adc27,candidate-d8bc7dc769d8e77adc27,matched,9784253130431,ちーちゃんはちょっと足りない,standard,true,https://books.rakuten.co.jp/rb/12724747/,2026-08-22,"Exact normalized title, creator overlap, valid ISBN, standard edition, and Rakuten manga genre 001001001001."
rakuten-match-d8c9332f72cbd7ef328f,candidate-d8c9332f72cbd7ef328f,matched,9784800005458,とつくにの少女（1）,standard,true,https://books.rakuten.co.jp/rb/13770379/,2026-08-22,"Exact normalized title, creator overlap, valid ISBN, standard edition, and Rakuten manga genre 001001003058."
rakuten-match-d8f17d7482c8640c1acf,candidate-d8f17d7482c8640c1acf,matched,9784040665771,デンキ街の本屋さん　1,standard,true,https://books.rakuten.co.jp/rb/12764481/,2026-08-22,"Exact normalized title, creator overlap, valid ISBN, standard edition, and Rakuten manga genre 001001012."
rakuten-match-d91387c34bf6bc97481f,candidate-d91387c34bf6bc97481f,matched,9784063106893,菱川さんと猫,standard,true,https://books.rakuten.co.jp/rb/6707504/,2026-08-22,"Exact normalized title, creator overlap, valid ISBN, standard edition, and Rakuten manga genre 001001003015."
rakuten-match-d97ef7c1bc4fd286d55a,candidate-d97ef7c1bc4fd286d55a,matched,9784063848717,アホガール（1）,standard,true,https://books.rakuten.co.jp/rb/12270806/,2026-08-22,"Exact normalized title, creator overlap, valid ISBN, standard edition, and Rakuten manga genre 001001001006."
rakuten-match-d9a098f6f282e841faf9,candidate-d9a098f6f282e841faf9,matched,9784065389461,THE　BAND（1）,standard,true,https://books.rakuten.co.jp/rb/18133969/,2026-08-22,"Exact normalized title, creator overlap, valid ISBN, standard edition, and Rakuten manga genre 001001012."
rakuten-match-da1db472744ee5e5b9a8,candidate-da1db472744ee5e5b9a8,matched,9784091404978,怪盗ジョーカー（1）,standard,true,https://books.rakuten.co.jp/rb/5435346/,2026-08-22,"Exact normalized title, creator overlap, valid ISBN, standard edition, and Rakuten manga genre 001001001014."
rakuten-match-da9747a68dbee0670b08,candidate-da9747a68dbee0670b08,matched,9784091862365,ムシヌユン（1）,standard,true,https://books.rakuten.co.jp/rb/12818583/,2026-08-22,"Exact normalized title, creator overlap, valid ISBN, standard edition, and Rakuten manga genre 001001003009."
rakuten-match-da98a01b4d345bd9c415,candidate-da98a01b4d345bd9c415,matched,9784091884664,放課後のカリスマ（1）,standard,true,https://books.rakuten.co.jp/rb/6057566/,2026-08-22,"Exact normalized title, creator overlap, valid ISBN, standard edition, and Rakuten manga genre 001001003041."
rakuten-match-daf29296d526d675c31d,candidate-daf29296d526d675c31d,matched,9784862639783,ハッピーエンドアパートメント,standard,true,https://books.rakuten.co.jp/rb/11259670/,2026-08-22,"Exact normalized title, creator overlap, valid ISBN, standard edition, and Rakuten manga genre 001021002036/001001012."
rakuten-match-daf65c6f2cce3e076dfa,candidate-daf65c6f2cce3e076dfa,matched,9784253156370,凪のお暇（1）,standard,true,https://books.rakuten.co.jp/rb/14944186/,2026-08-22,"Exact normalized title, creator overlap, valid ISBN, standard edition, and Rakuten manga genre 001001004001."
rakuten-match-db2d11a7fb2b7cf2841f,candidate-db2d11a7fb2b7cf2841f,matched,9784063803570,春夏秋冬Days（1）,standard,true,https://books.rakuten.co.jp/rb/11771400/,2026-08-22,"Exact normalized title, creator overlap, valid ISBN, standard edition, and Rakuten manga genre 001001002020."
rakuten-match-db2dcc1ea0999bd3c12b,candidate-db2dcc1ea0999bd3c12b,matched,9784091404015,あさりちゃん（1）,standard,true,https://books.rakuten.co.jp/rb/624662/,2026-08-22,"Exact normalized title, creator overlap, valid ISBN, standard edition, and Rakuten manga genre 001001001014."
rakuten-match-db2e3e16c8568d6ff928,candidate-db2e3e16c8568d6ff928,matched,9784065157107,幸せカナコの殺し屋生活　1,standard,true,https://books.rakuten.co.jp/rb/15835063/,2026-08-22,"Exact normalized title, creator overlap, valid ISBN, standard edition, and Rakuten manga genre 001001012."
rakuten-match-db48ea2327eb5a3ddc09,candidate-db48ea2327eb5a3ddc09,matched,9784063349436,チーズスイートホーム（volume1）,standard,true,https://books.rakuten.co.jp/rb/1733863/,2026-08-22,"Exact normalized title, creator overlap, valid ISBN, standard edition, and Rakuten manga genre 001001003004."
rakuten-match-db4a0ec451d7f4ffd8b8,candidate-db4a0ec451d7f4ffd8b8,matched,9784088653457,万福児,standard,true,https://books.rakuten.co.jp/rb/4043309/,2026-08-22,"Exact normalized title, creator overlap, valid ISBN, standard edition, and Rakuten manga genre 001001002009."
rakuten-match-db7e875b1436e5ec7d93,candidate-db7e875b1436e5ec7d93,matched,9784041092071,HGに恋するふたり(1),standard,true,https://books.rakuten.co.jp/rb/16224434/,2026-08-22,"Exact normalized title, creator overlap, valid ISBN, standard edition, and Rakuten manga genre 001001003059."
rakuten-match-db80d94709b62aa8823f,candidate-db80d94709b62aa8823f,matched,9784088827100,逃げ上手の若君 1,standard,true,https://books.rakuten.co.jp/rb/16744821/,2026-08-22,"Exact normalized title, creator overlap, valid ISBN, standard edition, and Rakuten manga genre 001001001008."
rakuten-match-db9f621c30b6732888a7,candidate-db9f621c30b6732888a7,matched,9784803003086,ノブナガン（1）,standard,true,https://books.rakuten.co.jp/rb/11509646/,2026-08-22,"Exact normalized title, creator overlap, valid ISBN, standard edition, and Rakuten manga genre 001001012."
rakuten-match-dc075e48dceaa2d69f2f,candidate-dc075e48dceaa2d69f2f,matched,9784047266254,たまりば　1巻,standard,true,https://books.rakuten.co.jp/rb/6527035/,2026-08-22,"Exact normalized title, creator overlap, valid ISBN, standard edition, and Rakuten manga genre 001001012."
rakuten-match-dc3936af9eee0359e470,candidate-dc3936af9eee0359e470,matched,9784091854179,チェイサー（1）,standard,true,https://books.rakuten.co.jp/rb/12417236/,2026-08-22,"Exact normalized title, creator overlap, valid ISBN, standard edition, and Rakuten manga genre 001001003009."
rakuten-match-dc3b5656bc4d5e565193,candidate-dc3b5656bc4d5e565193,matched,9784758079501,ささやくように恋を唄う（1）,standard,true,https://books.rakuten.co.jp/rb/15887945/,2026-08-22,"Exact normalized title, creator overlap, valid ISBN, standard edition, and Rakuten manga genre 001001002025."
rakuten-match-dc6da46b90e2badecec5,candidate-dc6da46b90e2badecec5,matched,9784091511973,とめはねっ！ 鈴里高校書道部（1）,standard,true,https://books.rakuten.co.jp/rb/4373141/,2026-08-22,"Exact normalized title, creator overlap, valid ISBN, standard edition, and Rakuten manga genre 001001003008."
rakuten-match-dcecba11b11a017b0769,candidate-dcecba11b11a017b0769,matched,9784088913032,片喰と黄金,standard,true,https://books.rakuten.co.jp/rb/15924124/,2026-08-22,"Exact normalized title, creator overlap, valid ISBN, standard edition, and Rakuten manga genre 001001003005."
rakuten-match-dd6de46fd1faf1d80fe9,candidate-dd6de46fd1faf1d80fe9,matched,9784091334961,ぷくぷく天然かいらんばん（1）,standard,true,https://books.rakuten.co.jp/rb/1126683/,2026-08-22,"Exact normalized title, creator overlap, valid ISBN, standard edition, and Rakuten manga genre 001001004006/001001002013/001001002008."
rakuten-match-dd82b7e95c3acd11d5b9,candidate-dd82b7e95c3acd11d5b9,matched,9784781618968,ダンピアのおいしい冒険（1）,standard,true,https://books.rakuten.co.jp/rb/16344574/,2026-08-22,"Exact normalized title, creator overlap, valid ISBN, standard edition, and Rakuten manga genre 001001012."
rakuten-match-dda3640b3c37d954ea10,candidate-dda3640b3c37d954ea10,matched,9784063760057,斬り介とジョニー四百九十九人斬り,standard,true,https://books.rakuten.co.jp/rb/6905894/,2026-08-22,"Exact normalized title, creator overlap, valid ISBN, standard edition, and Rakuten manga genre 001001012."
rakuten-match-ddbbd4d4c1e6703df56d,candidate-ddbbd4d4c1e6703df56d,matched,9784575841701,ぼくは麻理のなか（1）,standard,true,https://books.rakuten.co.jp/rb/12086219/,2026-08-22,"Exact normalized title, creator overlap, valid ISBN, standard edition, and Rakuten manga genre 001001003026."
rakuten-match-de0d02d31acb2fc61560,candidate-de0d02d31acb2fc61560,matched,9784048924771,姉なるもの1,standard,true,https://books.rakuten.co.jp/rb/14544418/,2026-08-22,"Exact normalized title, creator overlap, valid ISBN, standard edition, and Rakuten manga genre 001001003046."
rakuten-match-de2421dc705135180f4e,candidate-de2421dc705135180f4e,matched,9784088852287,2年B組 勇者デストロイヤーず 1,standard,true,https://books.rakuten.co.jp/rb/18723463/,2026-08-22,"Exact normalized title, creator overlap, valid ISBN, standard edition, and Rakuten manga genre 001001001008."
rakuten-match-de3110c6c63ae56f9119,candidate-de3110c6c63ae56f9119,matched,9784253233316,ミカるんX（1）,standard,true,https://books.rakuten.co.jp/rb/5605198/,2026-08-22,"Exact normalized title, creator overlap, valid ISBN, standard edition, and Rakuten manga genre 001001003014."
rakuten-match-de512cc0e7e15ded52d3,candidate-de512cc0e7e15ded52d3,matched,9784065163528,あらくれお嬢様はもんもんしている（1）,standard,true,https://books.rakuten.co.jp/rb/15966103/,2026-08-22,"Exact normalized title, creator overlap, valid ISBN, standard edition, and Rakuten manga genre 001001003003."
rakuten-match-de73c9ac1ab85512a559,candidate-de73c9ac1ab85512a559,matched,9784047267145,誰が為に鋼は鳴る,standard,true,https://books.rakuten.co.jp/rb/6573334/,2026-08-22,"Exact normalized title, creator overlap, valid ISBN, standard edition, and Rakuten manga genre 001001003023."
rakuten-match-de79a9b387d5d292ed87,candidate-de79a9b387d5d292ed87,matched,9784593880775,思春期ビターチェンジ（1）,standard,true,https://books.rakuten.co.jp/rb/12458808/,2026-08-22,"Exact normalized title, creator overlap, valid ISBN, standard edition, and Rakuten manga genre 001001012."
rakuten-match-de95d79779aa86260278,candidate-de95d79779aa86260278,matched,9784088550930,花より男子,standard,true,https://books.rakuten.co.jp/rb/716668/,2026-08-22,"Exact normalized title, creator overlap, valid ISBN, standard edition, and Rakuten manga genre 001001012/001009009007."
rakuten-match-df0b741309f3b8cce8fc,candidate-df0b741309f3b8cce8fc,matched,9784088656052,僕らはみんな死んでいる♪（1）,standard,true,https://books.rakuten.co.jp/rb/6723663/,2026-08-22,"Exact normalized title, creator overlap, valid ISBN, standard edition, and Rakuten manga genre 001001002011."
rakuten-match-df0d01575efd72712b2d,candidate-df0d01575efd72712b2d,matched,9784087822755,日曜日はマルシェでボンボン（1）,standard,true,https://books.rakuten.co.jp/rb/6491302/,2026-08-22,"Exact normalized title, creator overlap, valid ISBN, standard edition, and Rakuten manga genre 001001012."
rakuten-match-df29832c2155775e0e7c,candidate-df29832c2155775e0e7c,matched,9784040665177,となりの関くん　1,standard,true,https://books.rakuten.co.jp/rb/12666671/,2026-08-22,"Exact normalized title, creator overlap, valid ISBN, standard edition, and Rakuten manga genre 001001003016."
rakuten-match-dfc440048e0d9c38e18f,candidate-dfc440048e0d9c38e18f,matched,9784088911106,ボクらは魔法少年 1,standard,true,https://books.rakuten.co.jp/rb/15604008/,2026-08-22,"Exact normalized title, creator overlap, valid ISBN, standard edition, and Rakuten manga genre 001001003005."
rakuten-match-dfcc697136737c439fe5,candidate-dfcc697136737c439fe5,matched,9784098530014,雷雷雷（1）,standard,true,https://books.rakuten.co.jp/rb/17656006/,2026-08-22,"Exact normalized title, creator overlap, valid ISBN, standard edition, and Rakuten manga genre 001001012."
rakuten-match-dfd10b4274f7ad62c6df,candidate-dfd10b4274f7ad62c6df,matched,9784253211970,りびんぐでっど！（1）,standard,true,https://books.rakuten.co.jp/rb/11364847/,2026-08-22,"Exact normalized title, creator overlap, valid ISBN, standard edition, and Rakuten manga genre 001001003001/001001001001."
rakuten-match-dff12ff0939f3b0cd7b6,candidate-dff12ff0939f3b0cd7b6,matched,9784063727579,COPPERS（1）,standard,true,https://books.rakuten.co.jp/rb/5897716/,2026-08-22,"Exact normalized title, creator overlap, valid ISBN, standard edition, and Rakuten manga genre 001001003004."
rakuten-match-dff3fc1e758a5b8b6ecd,candidate-dff3fc1e758a5b8b6ecd,matched,9784088445397,太陽よりも眩しい星 1,standard,true,https://books.rakuten.co.jp/rb/16895033/,2026-08-22,"Exact normalized title, creator overlap, valid ISBN, standard edition, and Rakuten manga genre 001001002006."
rakuten-match-e033a5e4e862fad93f4a,candidate-e033a5e4e862fad93f4a,matched,9784840238168,百合星人ナオコサン（1）,standard,true,https://books.rakuten.co.jp/rb/4296045/,2026-08-22,"Exact normalized title, creator overlap, valid ISBN, standard edition, and Rakuten manga genre 001001003046."
rakuten-match-e040638cf171d85d3f57,candidate-e040638cf171d85d3f57,matched,9784832233065,ガズリング（1）,standard,true,https://books.rakuten.co.jp/rb/11754709/,2026-08-22,"Exact normalized title, creator overlap, valid ISBN, standard edition, and Rakuten manga genre 001001012."
rakuten-match-e049c9aaf92ba31da8b0,candidate-e049c9aaf92ba31da8b0,matched,9784098511433,これ描いて死ね（1）,standard,true,https://books.rakuten.co.jp/rb/17114770/,2026-08-22,"Exact normalized title, creator overlap, valid ISBN, standard edition, and Rakuten manga genre 001001003048."
rakuten-match-e06f360662b30911db76,candidate-e06f360662b30911db76,matched,9784091237415,タッチ（1）,standard,true,https://books.rakuten.co.jp/rb/531570/,2026-08-22,"Exact normalized title, creator overlap, valid ISBN, standard edition, and Rakuten manga genre 001001001009."
rakuten-match-e08ef57c7a3e923418b0,candidate-e08ef57c7a3e923418b0,matched,9784091311948,羽衣ミシン,standard,true,https://books.rakuten.co.jp/rb/4453740/,2026-08-22,"Exact normalized title, creator overlap, valid ISBN, standard edition, and Rakuten manga genre 001001004006/001001002008."
rakuten-match-e0975e7ae2e7a87b16c4,candidate-e0975e7ae2e7a87b16c4,matched,9784575481266,博多っ子純情（16）,standard,true,https://books.rakuten.co.jp/rb/8911381/,2026-08-22,"Exact normalized title, creator overlap, valid ISBN, standard edition, and Rakuten manga genre 001001003026."
rakuten-match-e0afed347e46e8725d01,candidate-e0afed347e46e8725d01,matched,9784063727715,ポテン生活（1）,standard,true,https://books.rakuten.co.jp/rb/5943688/,2026-08-22,"Exact normalized title, creator overlap, valid ISBN, standard edition, and Rakuten manga genre 001001003004."
rakuten-match-e0f7aea6f7815787b48f,candidate-e0f7aea6f7815787b48f,matched,9784063957068,星野、目をつぶって。（1）,standard,true,https://books.rakuten.co.jp/rb/14274994/,2026-08-22,"Exact normalized title, creator overlap, valid ISBN, standard edition, and Rakuten manga genre 001001001006."
rakuten-match-e126cf6be53bb5ea3f1b,candidate-e126cf6be53bb5ea3f1b,matched,9784785968274,悪役令嬢転生おじさん　1,standard,true,https://books.rakuten.co.jp/rb/16494306/,2026-08-22,"Exact normalized title, creator overlap, valid ISBN, standard edition, and Rakuten manga genre 001001003049."
rakuten-match-e1434379b867335a6916,candidate-e1434379b867335a6916,matched,9784091883735,ディエンビエンフー（1）,standard,true,https://books.rakuten.co.jp/rb/4453770/,2026-08-22,"Exact normalized title, creator overlap, valid ISBN, standard edition, and Rakuten manga genre 001001003041."
rakuten-match-e1447f60f1b4ee41a3a4,candidate-e1447f60f1b4ee41a3a4,matched,9784408173245,旅する缶コーヒー,standard,true,https://books.rakuten.co.jp/rb/11229548/,2026-08-22,"Exact normalized title, creator overlap, valid ISBN, standard edition, and Rakuten manga genre 001001003032."
rakuten-match-e16a1c7a8841a4c19515,candidate-e16a1c7a8841a4c19515,matched,9784063418545,PとJK（1）,standard,true,https://books.rakuten.co.jp/rb/12235167/,2026-08-22,"Exact normalized title, creator overlap, valid ISBN, standard edition, and Rakuten manga genre 001001002004."
rakuten-match-e1b5ab2dd9de583305b6,candidate-e1b5ab2dd9de583305b6,matched,9784088814711,地獄楽 1,standard,true,https://books.rakuten.co.jp/rb/15376680/,2026-08-22,"Exact normalized title, creator overlap, valid ISBN, standard edition, and Rakuten manga genre 001001001008."
rakuten-match-e1c30fef81f7ecae62de,candidate-e1c30fef81f7ecae62de,matched,9784403617492,フラワー・オブ・ライフ（1）,standard,true,https://books.rakuten.co.jp/rb/1745076/,2026-08-22,"Exact normalized title, creator overlap, valid ISBN, standard edition, and Rakuten manga genre 001001002012."
rakuten-match-e2baae997e409dd21d77,candidate-e2baae997e409dd21d77,matched,9784098536849,百瀬アキラの初恋破綻中。（1）,standard,true,https://books.rakuten.co.jp/rb/18058611/,2026-08-22,"Exact normalized title, creator overlap, valid ISBN, standard edition, and Rakuten manga genre 001001001009."
rakuten-match-e2d431f732c0714c090b,candidate-e2d431f732c0714c090b,matched,9784088442723,消えた初恋 1,standard,true,https://books.rakuten.co.jp/rb/16101040/,2026-08-22,"Exact normalized title, creator overlap, valid ISBN, standard edition, and Rakuten manga genre 001001002006."
rakuten-match-e2f095e08fc5e08d5a2b,candidate-e2f095e08fc5e08d5a2b,matched,9784592213512,高嶺と花（01）,standard,true,https://books.rakuten.co.jp/rb/13116201/,2026-08-22,"Exact normalized title, creator overlap, valid ISBN, standard edition, and Rakuten manga genre 001001002009."
rakuten-match-e3b284d0d5dbc4382472,candidate-e3b284d0d5dbc4382472,matched,9784575843323,乙女戦争ディーヴチー・ヴァールカ（1）,standard,true,https://books.rakuten.co.jp/rb/12602613/,2026-08-22,"Exact normalized title, creator overlap, valid ISBN, standard edition, and Rakuten manga genre 001001003026."
rakuten-match-e3e3b06b24e96ca6c417,candidate-e3e3b06b24e96ca6c417,matched,9784098512263,GOLDEN SPIRAL（1）,standard,true,https://books.rakuten.co.jp/rb/17199067/,2026-08-22,"Exact normalized title, creator overlap, valid ISBN, standard edition, and Rakuten manga genre 001001001009."
rakuten-match-e3eacb6c3f326331e50d,candidate-e3eacb6c3f326331e50d,matched,9784088706351,クロス・マネジ（1）,standard,true,https://books.rakuten.co.jp/rb/12199785/,2026-08-22,"Exact normalized title, creator overlap, valid ISBN, standard edition, and Rakuten manga genre 001001001008."
rakuten-match-e430a7451b1b1317c043,candidate-e430a7451b1b1317c043,matched,9784063757897,いばら・ら・ららばい,standard,true,https://books.rakuten.co.jp/rb/6151037/,2026-08-22,"Exact normalized title, creator overlap, valid ISBN, standard edition, and Rakuten manga genre 001001012."
rakuten-match-e48de2a8b3d678ceb47d,candidate-e48de2a8b3d678ceb47d,matched,9784757515772,WORKING！！（1）,standard,true,https://books.rakuten.co.jp/rb/3690695/,2026-08-22,"Exact normalized title, creator overlap, valid ISBN, standard edition, and Rakuten manga genre 001001003018."
rakuten-match-e4c4435d459ab5ae1aa4,candidate-e4c4435d459ab5ae1aa4,matched,9784088467917,もう卵は殺さない,standard,true,https://books.rakuten.co.jp/rb/11684434/,2026-08-22,"Exact normalized title, creator overlap, valid ISBN, standard edition, and Rakuten manga genre 001001002006."
rakuten-match-e4ef6ec32d4d111a15ce,candidate-e4ef6ec32d4d111a15ce,matched,9784832267343,おかあさんがいっしょ（1）,standard,true,https://books.rakuten.co.jp/rb/6025368/,2026-08-22,"Exact normalized title, creator overlap, valid ISBN, standard edition, and Rakuten manga genre 001001003035."
rakuten-match-e4f24751c13de2b9b8d5,candidate-e4f24751c13de2b9b8d5,matched,9784812471715,中央モノローグ線,standard,true,https://books.rakuten.co.jp/rb/6217670/,2026-08-22,"Exact normalized title, creator overlap, valid ISBN, standard edition, and Rakuten manga genre 001001003044."
rakuten-match-e54b7f8315b3ef48677d,candidate-e54b7f8315b3ef48677d,matched,9784063406535,本屋の森のあかり（1）,standard,true,https://books.rakuten.co.jp/rb/4390095/,2026-08-22,"Exact normalized title, creator overlap, valid ISBN, standard edition, and Rakuten manga genre 001001002005."
rakuten-match-e5508319d945331219b1,candidate-e5508319d945331219b1,matched,9784091812056,アレルヤ（1）,standard,true,https://books.rakuten.co.jp/rb/4332860/,2026-08-22,"Exact normalized title, creator overlap, valid ISBN, standard edition, and Rakuten manga genre 001001003009."
rakuten-match-e5998ca4f3e0f450bb74,candidate-e5998ca4f3e0f450bb74,matched,9784063724875,へうげもの（1）,standard,true,https://books.rakuten.co.jp/rb/3682797/,2026-08-22,"Exact normalized title, creator overlap, valid ISBN, standard edition, and Rakuten manga genre 001001003004."
rakuten-match-e5a246728eaa431e66aa,candidate-e5a246728eaa431e66aa,matched,9784776795650,マチキネマ,standard,true,https://books.rakuten.co.jp/rb/6482236/,2026-08-22,"Exact normalized title, creator overlap, valid ISBN, standard edition, and Rakuten manga genre 001001012."
rakuten-match-e5ab5136280cf59da6bb,candidate-e5ab5136280cf59da6bb,matched,9784063727869,前夜祭,standard,true,https://books.rakuten.co.jp/rb/6003702/,2026-08-22,"Exact normalized title, creator overlap, valid ISBN, standard edition, and Rakuten manga genre 001001003004."
rakuten-match-e5d006a0e329882e64a5,candidate-e5d006a0e329882e64a5,matched,9784065337547,真夜中ハートチューン（1）,standard,true,https://books.rakuten.co.jp/rb/17643635/,2026-08-22,"Exact normalized title, creator overlap, valid ISBN, standard edition, and Rakuten manga genre 001001001006."
rakuten-match-e658d3aee2e33c17aa38,candidate-e658d3aee2e33c17aa38,matched,9784785939830,スピリットサークル（01）,standard,true,https://books.rakuten.co.jp/rb/12086390/,2026-08-22,"Exact normalized title, creator overlap, valid ISBN, standard edition, and Rakuten manga genre 001001003049/001001003017."
rakuten-match-e6bc028ff1dede64e0b1,candidate-e6bc028ff1dede64e0b1,matched,9784797354461,瞳のフォトグラフ（1）,standard,true,https://books.rakuten.co.jp/rb/6058379/,2026-08-22,"Exact normalized title, creator overlap, valid ISBN, standard edition, and Rakuten manga genre 001001003057."
rakuten-match-e6e744db481766c463b3,candidate-e6e744db481766c463b3,matched,9784088932767,女装男子はスカートを脱ぎたい！ 1,standard,true,https://books.rakuten.co.jp/rb/17883662/,2026-08-22,"Exact normalized title, creator overlap, valid ISBN, standard edition, and Rakuten manga genre 001001003005."
rakuten-match-e6ee3d38e7e43da54028,candidate-e6ee3d38e7e43da54028,matched,9784253210119,サナギさん（1）,standard,true,https://books.rakuten.co.jp/rb/3580897/,2026-08-22,"Exact normalized title, creator overlap, valid ISBN, standard edition, and Rakuten manga genre 001001001001."
rakuten-match-e74460a914133493e11e,candidate-e74460a914133493e11e,matched,9784781610832,ことりサラリーマン　鳥川さん,standard,true,https://books.rakuten.co.jp/rb/12504622/,2026-08-22,"Exact normalized title, creator overlap, valid ISBN, standard edition, and Rakuten manga genre 001001012."
rakuten-match-e7654f6737cf01051e67,candidate-e7654f6737cf01051e67,matched,9784091344816,薔薇のために（1）,standard,true,https://books.rakuten.co.jp/rb/554210/,2026-08-22,"Exact normalized title, creator overlap, valid ISBN, standard edition, and Rakuten manga genre 001001004006/001001002008."
rakuten-match-e76e62a846260dc04914,candidate-e76e62a846260dc04914,matched,9784063886788,別式（1）,standard,true,https://books.rakuten.co.jp/rb/14545255/,2026-08-22,"Exact normalized title, creator overlap, valid ISBN, standard edition, and Rakuten manga genre 001001003004."
rakuten-match-e77bba43057fae9a479b,candidate-e77bba43057fae9a479b,matched,9784088562612,アニマル横町（1）,standard,true,https://books.rakuten.co.jp/rb/1316204/,2026-08-22,"Exact normalized title, creator overlap, valid ISBN, standard edition, and Rakuten manga genre 001001002007."
rakuten-match-e7adc74b361fe17f18c2,candidate-e7adc74b361fe17f18c2,matched,9784403617263,魔法使いの娘（1）,standard,true,https://books.rakuten.co.jp/rb/1591944/,2026-08-22,"Exact normalized title, creator overlap, valid ISBN, standard edition, and Rakuten manga genre 001001002012."
rakuten-match-e7c99b3b140c24e6d723,candidate-e7c99b3b140c24e6d723,matched,9784091855275,おしゃべりは、朝ごはんのあとで。,standard,true,https://books.rakuten.co.jp/rb/12417256/,2026-08-22,"Exact normalized title, creator overlap, valid ISBN, standard edition, and Rakuten manga genre 001001003009."
rakuten-match-e7ef16104220e2ab2e6b,candidate-e7ef16104220e2ab2e6b,matched,9784757524163,アホリズム（1）,standard,true,https://books.rakuten.co.jp/rb/5850207/,2026-08-22,"Exact normalized title, creator overlap, valid ISBN, standard edition, and Rakuten manga genre 001001003019."
rakuten-match-e7f930a01c7c9fa5d9e9,candidate-e7f930a01c7c9fa5d9e9,matched,9784199502613,かわいそうな真弓さん,standard,true,https://books.rakuten.co.jp/rb/11309110/,2026-08-22,"Exact normalized title, creator overlap, valid ISBN, standard edition, and Rakuten manga genre 001001012."
rakuten-match-e81955a9fc5c4d84580f,candidate-e81955a9fc5c4d84580f,matched,9784088907918,ここは今から倫理です。 1,standard,true,https://books.rakuten.co.jp/rb/15209083/,2026-08-22,"Exact normalized title, creator overlap, valid ISBN, standard edition, and Rakuten manga genre 001001003005."
rakuten-match-e83b8d9f87953ddd20fd,candidate-e83b8d9f87953ddd20fd,matched,9784757551534,無能なナナ（1）,standard,true,https://books.rakuten.co.jp/rb/14637945/,2026-08-22,"Exact normalized title, creator overlap, valid ISBN, standard edition, and Rakuten manga genre 001001001002."
rakuten-match-e846148224265dc2cd39,candidate-e846148224265dc2cd39,matched,9784048665490,にゃん天堂（1）,standard,true,https://books.rakuten.co.jp/rb/12724643/,2026-08-22,"Exact normalized title, creator overlap, valid ISBN, standard edition, and Rakuten manga genre 001001003046."
rakuten-match-e86a34fbbb38ce4293a7,candidate-e86a34fbbb38ce4293a7,matched,9784063805291,テンペスト（1）,standard,true,https://books.rakuten.co.jp/rb/11259126/,2026-08-22,"Exact normalized title, creator overlap, valid ISBN, standard edition, and Rakuten manga genre 001001012."
rakuten-match-e8d29ca977ebb296d54b,candidate-e8d29ca977ebb296d54b,matched,9784592184140,オトメン（乙男）（第1巻）,standard,true,https://books.rakuten.co.jp/rb/4256366/,2026-08-22,"Exact normalized title, creator overlap, valid ISBN, standard edition, and Rakuten manga genre 001001002009."
rakuten-match-e906b3eaa9ef9eafe23c,candidate-e906b3eaa9ef9eafe23c,matched,9784098610105,トリリオンゲーム（1）,standard,true,https://books.rakuten.co.jp/rb/16623822/,2026-08-22,"Exact normalized title, creator overlap, valid ISBN, standard edition, and Rakuten manga genre 001001003009."
rakuten-match-e90794db2fd0302e0eec,candidate-e90794db2fd0302e0eec,matched,9784065117750,犬と猫どっちも飼ってると毎日たのしい（1）,standard,true,https://books.rakuten.co.jp/rb/15472196/,2026-08-22,"Exact normalized title, creator overlap, valid ISBN, standard edition, and Rakuten manga genre 001001012."
rakuten-match-e90bfb1f7f9855d05d00,candidate-e90bfb1f7f9855d05d00,matched,9784098535774,廻天のアルバス（1）,standard,true,https://books.rakuten.co.jp/rb/17931318/,2026-08-22,"Exact normalized title, creator overlap, valid ISBN, standard edition, and Rakuten manga genre 001001001009."
rakuten-match-e918f08288c77864d185,candidate-e918f08288c77864d185,matched,9784396763329,ピースオブケイク（1）,standard,true,https://books.rakuten.co.jp/rb/1670535/,2026-08-22,"Exact normalized title, creator overlap, valid ISBN, standard edition, and Rakuten manga genre 001001004008."
rakuten-match-e93a47139404139c0f8b,candidate-e93a47139404139c0f8b,matched,9784048938952,魔法使いの印刷所 （1）,standard,true,https://books.rakuten.co.jp/rb/15447537/,2026-08-22,"Exact normalized title, creator overlap, valid ISBN, standard edition, and Rakuten manga genre 001001003046."
rakuten-match-e9460bc576bee1f982f5,candidate-e9460bc576bee1f982f5,matched,9784785933753,蒼き鋼のアルペジオ（01）,standard,true,https://books.rakuten.co.jp/rb/6403452/,2026-08-22,"Exact normalized title, creator overlap, valid ISBN, standard edition, and Rakuten manga genre 001001003049/001001003017."
rakuten-match-e99f152e90e3c541c48e,candidate-e99f152e90e3c541c48e,matched,9784088901244,ノー・ガンズ・ライフ（1）,standard,true,https://books.rakuten.co.jp/rb/13102185/,2026-08-22,"Exact normalized title, creator overlap, valid ISBN, standard edition, and Rakuten manga genre 001001003005."
rakuten-match-e99f79fc2d28a5b74951,candidate-e99f79fc2d28a5b74951,matched,9784758022620,踊り場にスカートが鳴る(1),standard,true,https://books.rakuten.co.jp/rb/16714316/,2026-08-22,"Exact normalized title, creator overlap, valid ISBN, standard edition, and Rakuten manga genre 001001002025."
rakuten-match-e9e3a50943030f45254f,candidate-e9e3a50943030f45254f,matched,9784065316023,サツドウ（1）,standard,true,https://books.rakuten.co.jp/rb/17411343/,2026-08-22,"Exact normalized title, creator overlap, valid ISBN, standard edition, and Rakuten manga genre 001001003003."
rakuten-match-ea19faa21a38167db8c4,candidate-ea19faa21a38167db8c4,matched,9784840125338,ディーふらぐ！　1,standard,true,https://books.rakuten.co.jp/rb/5975720/,2026-08-22,"Exact normalized title, creator overlap, valid ISBN, standard edition, and Rakuten manga genre 001001012."
rakuten-match-ea293776a1e463f030de,candidate-ea293776a1e463f030de,matched,9784091308290,メンズ校（1）,standard,true,https://books.rakuten.co.jp/rb/4249242/,2026-08-22,"Exact normalized title, creator overlap, valid ISBN, standard edition, and Rakuten manga genre 001001004006/001001002008."
rakuten-match-ea41ee65245a0dbdc4a8,candidate-ea41ee65245a0dbdc4a8,matched,9784757528062,男子高校生の日常（1）,standard,true,https://books.rakuten.co.jp/rb/6315051/,2026-08-22,"Exact normalized title, creator overlap, valid ISBN, standard edition, and Rakuten manga genre 001001001002."
rakuten-match-ea43de2c72ebf3a1f7a2,candidate-ea43de2c72ebf3a1f7a2,matched,9784088901169,ヤスミーン（1）,standard,true,https://books.rakuten.co.jp/rb/13075956/,2026-08-22,"Exact normalized title, creator overlap, valid ISBN, standard edition, and Rakuten manga genre 001001003005."
rakuten-match-eb24b7d129086e28f8d8,candidate-eb24b7d129086e28f8d8,matched,9784107715074,さよなら群青（1）,standard,true,https://books.rakuten.co.jp/rb/6148472/,2026-08-22,"Exact normalized title, creator overlap, valid ISBN, standard edition, and Rakuten manga genre 001001003022."
rakuten-match-eba3361953777aea44a9,candidate-eba3361953777aea44a9,matched,9784091510990,Odds（1）,standard,true,https://books.rakuten.co.jp/rb/4063350/,2026-08-22,"Exact normalized title, creator overlap, valid ISBN, standard edition, and Rakuten manga genre 001001003008."
rakuten-match-ebb9ccbb6b21dff22f36,candidate-ebb9ccbb6b21dff22f36,matched,9784091832191,幇間探偵しゃろく（1）,standard,true,https://books.rakuten.co.jp/rb/6483769/,2026-08-22,"Exact normalized title, creator overlap, valid ISBN, standard edition, and Rakuten manga genre 001001003009."
rakuten-match-ebe399258f28460b8f9b,candidate-ebe399258f28460b8f9b,matched,9784575940237,鈴木先生（1）,standard,true,https://books.rakuten.co.jp/rb/4107954/,2026-08-22,"Exact normalized title, creator overlap, valid ISBN, standard edition, and Rakuten manga genre 001001012."
rakuten-match-ec07b1d455a27bb18aca,candidate-ec07b1d455a27bb18aca,matched,9784253214513,弱虫ペダル（1）,standard,true,https://books.rakuten.co.jp/rb/5742511/,2026-08-22,"Exact normalized title, creator overlap, valid ISBN, standard edition, and Rakuten manga genre 001001001001."
rakuten-match-ec0ac27e8c084278c495,candidate-ec0ac27e8c084278c495,matched,9784063826494,Back Street Girls（1）,standard,true,https://books.rakuten.co.jp/rb/13308186/,2026-08-22,"Exact normalized title, creator overlap, valid ISBN, standard edition, and Rakuten manga genre 001001003003."
rakuten-match-ec452fee9d555a052aeb,candidate-ec452fee9d555a052aeb,matched,9784778322236,彼女のカーブ,standard,true,https://books.rakuten.co.jp/rb/12637042/,2026-08-22,"Exact normalized title, creator overlap, valid ISBN, standard edition, and Rakuten manga genre 001001012."
rakuten-match-ec57ca4782916aea3f87,candidate-ec57ca4782916aea3f87,matched,9784098540280,シテの花ー能楽師・葉賀琥太朗の咲き方ー（1）,standard,true,https://books.rakuten.co.jp/rb/18142305/,2026-08-22,"Exact normalized title, creator overlap, valid ISBN, standard edition, and Rakuten manga genre 001001001009."
rakuten-match-ec63c8160558bfd70d68,candidate-ec63c8160558bfd70d68,matched,9784592184713,キスよりも早く（1）,standard,true,https://books.rakuten.co.jp/rb/4423754/,2026-08-22,"Exact normalized title, creator overlap, valid ISBN, standard edition, and Rakuten manga genre 001001002009."
rakuten-match-ec7cdc3a358aff954a42,candidate-ec7cdc3a358aff954a42,matched,9784063885477,アニメタ！（1）,standard,true,https://books.rakuten.co.jp/rb/13486824/,2026-08-22,"Exact normalized title, creator overlap, valid ISBN, standard edition, and Rakuten manga genre 001001003004/001011009."
rakuten-match-ec7d4acc56def479b441,candidate-ec7d4acc56def479b441,matched,9784091870315,太陽の黙示録（1）,standard,true,https://books.rakuten.co.jp/rb/1562627/,2026-08-22,"Exact normalized title, creator overlap, valid ISBN, standard edition, and Rakuten manga genre 001001003009."
rakuten-match-ed0eae57affd8e19670d,candidate-ed0eae57affd8e19670d,matched,9784757554894,薬屋のひとりごと（1）,standard,true,https://books.rakuten.co.jp/rb/15074655/,2026-08-22,"Exact normalized title, creator overlap, valid ISBN, standard edition, and Rakuten manga genre 001001001002."
rakuten-match-ed105eacfbbb8d4d6da3,candidate-ed105eacfbbb8d4d6da3,matched,9784575835380,未満れんあい（1）,standard,true,https://books.rakuten.co.jp/rb/5842798/,2026-08-22,"Exact normalized title, creator overlap, valid ISBN, standard edition, and Rakuten manga genre 001001003026."
rakuten-match-ed80f839bc14276b6ac8,candidate-ed80f839bc14276b6ac8,matched,9784904101322,恋の話がしたい,standard,true,https://books.rakuten.co.jp/rb/5907363/,2026-08-22,"Exact normalized title, creator overlap, valid ISBN, standard edition, and Rakuten manga genre 001021002031/001001012."
rakuten-match-edc3e1cd9b365568bf18,candidate-edc3e1cd9b365568bf18,matched,9784592148098,私は君を泣かせたい 1,standard,true,https://books.rakuten.co.jp/rb/14892569/,2026-08-22,"Exact normalized title, creator overlap, valid ISBN, standard edition, and Rakuten manga genre 001001012/001001003010."
rakuten-match-edcbb989a168e5a4d0a3,candidate-edcbb989a168e5a4d0a3,matched,9784778320942,魔法なんて信じない。でも君は信じる。,standard,true,https://books.rakuten.co.jp/rb/6228648/,2026-08-22,"Exact normalized title, creator overlap, valid ISBN, standard edition, and Rakuten manga genre 001001012."
rakuten-match-edd5a737d6ae4a09bb55,candidate-edd5a737d6ae4a09bb55,matched,9784801950009,大きい女の子は好きですか？　1,standard,true,https://books.rakuten.co.jp/rb/12906516/,2026-08-22,"Exact normalized title, creator overlap, valid ISBN, standard edition, and Rakuten manga genre 001001003044."
rakuten-match-ee018730dbae5692a351,candidate-ee018730dbae5692a351,matched,9784757525849,ブラッディ・クロス（1）,standard,true,https://books.rakuten.co.jp/rb/6075103/,2026-08-22,"Exact normalized title, creator overlap, valid ISBN, standard edition, and Rakuten manga genre 001001001002."
rakuten-match-ee4e60a297cec0bf66ce,candidate-ee4e60a297cec0bf66ce,matched,9784047260771,蝋燭姫（1）,standard,true,https://books.rakuten.co.jp/rb/6203194/,2026-08-22,"Exact normalized title, creator overlap, valid ISBN, standard edition, and Rakuten manga genre 001001003023."
rakuten-match-ee80fc6c6aa7d1271ace,candidate-ee80fc6c6aa7d1271ace,matched,9784048703369,ふーふ,standard,true,https://books.rakuten.co.jp/rb/7000137/,2026-08-22,"Exact normalized title, creator overlap, valid ISBN, standard edition, and Rakuten manga genre 001001012."
rakuten-match-ee9548f201e9e0790e9d,candidate-ee9548f201e9e0790e9d,matched,9784091244895,BIRDMEN（1）,standard,true,https://books.rakuten.co.jp/rb/12455809/,2026-08-22,"Exact normalized title, creator overlap, valid ISBN, standard edition, and Rakuten manga genre 001001001009."
rakuten-match-eed309ede383686af0bd,candidate-eed309ede383686af0bd,matched,9784048862820,NOT LIVES（01）,standard,true,https://books.rakuten.co.jp/rb/11480049/,2026-08-22,"Exact normalized title, creator overlap, valid ISBN, standard edition, and Rakuten manga genre 001001003046."
rakuten-match-eeead0338f5f55c4120c,candidate-eeead0338f5f55c4120c,matched,9784091800510,浮浪雲（1）,standard,true,https://books.rakuten.co.jp/rb/806620/,2026-08-22,"Exact normalized title, creator overlap, valid ISBN, standard edition, and Rakuten manga genre 001001003009."
rakuten-match-eef84d07d90ba2b040cf,candidate-eef84d07d90ba2b040cf,matched,9784088831671,さよなら絵梨,standard,true,https://books.rakuten.co.jp/rb/17165188/,2026-08-22,"Exact normalized title, creator overlap, valid ISBN, standard edition, and Rakuten manga genre 001001001008."
rakuten-match-ef1bdac46a0956a87f7f,candidate-ef1bdac46a0956a87f7f,matched,9784088830490,タコピーの原罪 上,standard,true,https://books.rakuten.co.jp/rb/17029413/,2026-08-22,"Exact normalized title, creator overlap, valid ISBN, standard edition, and Rakuten manga genre 001001001008."
rakuten-match-ef29e3038497d59e3c0c,candidate-ef29e3038497d59e3c0c,matched,9784063955675,炎炎ノ消防隊（1）,standard,true,https://books.rakuten.co.jp/rb/13521446/,2026-08-22,"Exact normalized title, creator overlap, valid ISBN, standard edition, and Rakuten manga genre 001001001006."
rakuten-match-ef7106f6a387c9860877,candidate-ef7106f6a387c9860877,matched,9784091850249,その女、ジルバ（1）,standard,true,https://books.rakuten.co.jp/rb/12166286/,2026-08-22,"Exact normalized title, creator overlap, valid ISBN, standard edition, and Rakuten manga genre 001001003009."
rakuten-match-efbed1783d3de246e757,candidate-efbed1783d3de246e757,matched,9784063950434,30センチスター（＃1）,standard,true,https://books.rakuten.co.jp/rb/12662872/,2026-08-22,"Exact normalized title, creator overlap, valid ISBN, standard edition, and Rakuten manga genre 001001001006."
rakuten-match-efd65d585d5af4191482,candidate-efd65d585d5af4191482,matched,9784775506226,百日の薔薇,standard,true,https://books.rakuten.co.jp/rb/3637626/,2026-08-22,"Exact normalized title, creator overlap, valid ISBN, standard edition, and Rakuten manga genre 001001012."
rakuten-match-efe3b9b2fc6373ae767a,candidate-efe3b9b2fc6373ae767a,matched,9784063883381,夢から覚めたあの子とはきっと上手く喋れない,standard,true,https://books.rakuten.co.jp/rb/12748529/,2026-08-22,"Exact normalized title, creator overlap, valid ISBN, standard edition, and Rakuten manga genre 001001003004."
rakuten-match-f026e913432b49d70ef0,candidate-f026e913432b49d70ef0,matched,9784063880137,白馬のお嫁さん（1）,standard,true,https://books.rakuten.co.jp/rb/12984872/,2026-08-22,"Exact normalized title, creator overlap, valid ISBN, standard edition, and Rakuten manga genre 001001003015."
rakuten-match-f09840faaea9207deb5b,candidate-f09840faaea9207deb5b,matched,9784778320751,宮本から君へ（1）,standard,true,https://books.rakuten.co.jp/rb/5955871/,2026-08-22,"Exact normalized title, creator overlap, valid ISBN, standard edition, and Rakuten manga genre 001001012."
rakuten-match-f0f53d813f709aedec1d,candidate-f0f53d813f709aedec1d,matched,9784040665689,ホークウッド,standard,true,https://books.rakuten.co.jp/rb/12727239/,2026-08-22,"Exact normalized title, creator overlap, valid ISBN, standard edition, and Rakuten manga genre 001001003016."
rakuten-match-f117d1a9a377b05fa84d,candidate-f117d1a9a377b05fa84d,matched,9784063882971,我らコンタクティ,standard,true,https://books.rakuten.co.jp/rb/15207929/,2026-08-22,"Exact normalized title, creator overlap, valid ISBN, standard edition, and Rakuten manga genre 001001003015."
rakuten-match-f133bdd6bef70b7542de,candidate-f133bdd6bef70b7542de,matched,9784063883046,先生の白い嘘（1）,standard,true,https://books.rakuten.co.jp/rb/12653103/,2026-08-22,"Exact normalized title, creator overlap, valid ISBN, standard edition, and Rakuten manga genre 001001003004."
rakuten-match-f148f0c5d7cf61a97c73,candidate-f148f0c5d7cf61a97c73,matched,9784098702381,柚木さんちの四兄弟。（1),standard,true,https://books.rakuten.co.jp/rb/15700616/,2026-08-22,"Exact normalized title, creator overlap, valid ISBN, standard edition, and Rakuten manga genre 001001004006/001001002008."
rakuten-match-f15ae7745759a254a587,candidate-f15ae7745759a254a587,matched,9784592710288,鉄道少女漫画,standard,true,https://books.rakuten.co.jp/rb/6925862/,2026-08-22,"Exact normalized title, creator overlap, valid ISBN, standard edition, and Rakuten manga genre 001001012."
rakuten-match-f1a075d36aa7783f1f64,candidate-f1a075d36aa7783f1f64,matched,9784047286351,補助隊モズクス　1,standard,true,https://books.rakuten.co.jp/rb/12127524/,2026-08-22,"Exact normalized title, creator overlap, valid ISBN, standard edition, and Rakuten manga genre 001001003023."
rakuten-match-f1a4b39804a85f91fc1e,candidate-f1a4b39804a85f91fc1e,matched,9784592141112,マイぼーる！（1）,standard,true,https://books.rakuten.co.jp/rb/12127877/,2026-08-22,"Exact normalized title, creator overlap, valid ISBN, standard edition, and Rakuten manga genre 001001003010."
rakuten-match-f1c85d1691e352350511,candidate-f1c85d1691e352350511,matched,9784098625352,この世は戦う価値がある（1）,standard,true,https://books.rakuten.co.jp/rb/17625842/,2026-08-22,"Exact normalized title, creator overlap, valid ISBN, standard edition, and Rakuten manga genre 001001003009."
rakuten-match-f1d22b68efa7fbd501ee,candidate-f1d22b68efa7fbd501ee,matched,9784063754179,僕の小規模な生活（1）,standard,true,https://books.rakuten.co.jp/rb/5215326/,2026-08-22,"Exact normalized title, creator overlap, valid ISBN, standard edition, and Rakuten manga genre 001001003004."
rakuten-match-f2352e76ccf92709ca6e,candidate-f2352e76ccf92709ca6e,matched,9784832274600,魔法使いロゼの佐渡ライフ　1,standard,true,https://books.rakuten.co.jp/rb/17446674/,2026-08-22,"Exact normalized title, creator overlap, valid ISBN, standard edition, and Rakuten manga genre 001001003053/001001003035."
rakuten-match-f24f4ffab61f77de3ae3,candidate-f24f4ffab61f77de3ae3,matched,9784091277442,青のオーケストラ（1),standard,true,https://books.rakuten.co.jp/rb/15005797/,2026-08-22,"Exact normalized title, creator overlap, valid ISBN, standard edition, and Rakuten manga genre 001001012."
rakuten-match-f314b1776534e2f35462,candidate-f314b1776534e2f35462,matched,9784047274747,あの日からのマンガ,standard,true,https://books.rakuten.co.jp/rb/11281798/,2026-08-22,"Exact normalized title, creator overlap, valid ISBN, standard edition, and Rakuten manga genre 001001003023."
rakuten-match-f31a42ea4ad724acefa5,candidate-f31a42ea4ad724acefa5,matched,9784091865007,デッドデッドデーモンズデデデデデストラクション（1）,standard,true,https://books.rakuten.co.jp/rb/12865834/,2026-08-22,"Exact normalized title, creator overlap, valid ISBN, standard edition, and Rakuten manga genre 001001003009."
rakuten-match-f31e6caa07e2253b3443,candidate-f31e6caa07e2253b3443,matched,9784091237545,ひとりぼっちの地球侵略（1）,standard,true,https://books.rakuten.co.jp/rb/11730468/,2026-08-22,"Exact normalized title, creator overlap, valid ISBN, standard edition, and Rakuten manga genre 001001003048."
rakuten-match-f340564af4573659dbfd,candidate-f340564af4573659dbfd,matched,9784063726084,ファンタジウム（1）,standard,true,https://books.rakuten.co.jp/rb/4391491/,2026-08-22,"Exact normalized title, creator overlap, valid ISBN, standard edition, and Rakuten manga genre 001001003004."
rakuten-match-f3410d49b9b10b35b42d,candidate-f3410d49b9b10b35b42d,matched,9784065229842,戦隊大失格（1）,standard,true,https://books.rakuten.co.jp/rb/16630892/,2026-08-22,"Exact normalized title, creator overlap, valid ISBN, standard edition, and Rakuten manga genre 001001001006."
rakuten-match-f38c9ef2f1a0e3ec66fa,candidate-f38c9ef2f1a0e3ec66fa,matched,9784063192391,ちはやふる（1）,standard,true,https://books.rakuten.co.jp/rb/5630770/,2026-08-22,"Exact normalized title, creator overlap, valid ISBN, standard edition, and Rakuten manga genre 001001004002/001001002020."
rakuten-match-f391e591282e435a3c1d,candidate-f391e591282e435a3c1d,matched,9784091825803,アイアムアヒーロー（1）,standard,true,https://books.rakuten.co.jp/rb/6138909/,2026-08-22,"Exact normalized title, creator overlap, valid ISBN, standard edition, and Rakuten manga genre 001001003009."
rakuten-match-f3ec9e796f983f6c5b17,candidate-f3ec9e796f983f6c5b17,matched,9784893678973,パチスロバカップル（第1巻）,standard,true,https://books.rakuten.co.jp/rb/1603123/,2026-08-22,"Exact normalized title, creator overlap, valid ISBN, standard edition, and Rakuten manga genre 001001012."
rakuten-match-f3f2a5f99ad7e2c9d829,candidate-f3f2a5f99ad7e2c9d829,matched,9784785932893,清々と（1）,standard,true,https://books.rakuten.co.jp/rb/6243301/,2026-08-22,"Exact normalized title, creator overlap, valid ISBN, standard edition, and Rakuten manga genre 001001003040/001001003017."
rakuten-match-f4085acccd1c37fc1783,candidate-f4085acccd1c37fc1783,matched,9784063879117,海月と私（1）,standard,true,https://books.rakuten.co.jp/rb/12382537/,2026-08-22,"Exact normalized title, creator overlap, valid ISBN, standard edition, and Rakuten manga genre 001001003015."
rakuten-match-f4520aa01b9f5d1b357a,candidate-f4520aa01b9f5d1b357a,matched,9784049123012,不完全で不衛生でふしだら　1,standard,true,https://books.rakuten.co.jp/rb/15737604/,2026-08-22,"Exact normalized title, creator overlap, valid ISBN, standard edition, and Rakuten manga genre 001001003046."
rakuten-match-f46cb127cfc8553644ba,candidate-f46cb127cfc8553644ba,matched,9784199805141,魍魎少女　1,standard,true,https://books.rakuten.co.jp/rb/15548346/,2026-08-22,"Exact normalized title, creator overlap, valid ISBN, standard edition, and Rakuten manga genre 001001003052."
rakuten-match-f46d92f042fd61982ea3,candidate-f46d92f042fd61982ea3,matched,9784091875907,あげくの果てのカノン（1）,standard,true,https://books.rakuten.co.jp/rb/14093024/,2026-08-22,"Exact normalized title, creator overlap, valid ISBN, standard edition, and Rakuten manga genre 001001003009."
rakuten-match-f4bfc29a5e0a9b5148d0,candidate-f4bfc29a5e0a9b5148d0,matched,9784063879704,月に吠えらんねえ（1）,standard,true,https://books.rakuten.co.jp/rb/12722302/,2026-08-22,"Exact normalized title, creator overlap, valid ISBN, standard edition, and Rakuten manga genre 001001003015."
rakuten-match-f50fa290eb4116a7078e,candidate-f50fa290eb4116a7078e,matched,9784091788115,11人いる！,standard,true,https://books.rakuten.co.jp/rb/9324324/,2026-08-22,"Exact normalized title, creator overlap, valid ISBN, standard edition, and Rakuten manga genre 001001004006/001001002008."
rakuten-match-f541db4a39d7d757c0b4,candidate-f541db4a39d7d757c0b4,matched,9784065230305,テンカイチ　日本最強武芸者決定戦（1）,standard,true,https://books.rakuten.co.jp/rb/16604953/,2026-08-22,"Exact normalized title, creator overlap, valid ISBN, standard edition, and Rakuten manga genre 001001003003."
rakuten-match-f564a856e052f345ea54,candidate-f564a856e052f345ea54,matched,9784047297722,はなうた散歩道,standard,true,https://books.rakuten.co.jp/rb/12818712/,2026-08-22,"Exact normalized title, creator overlap, valid ISBN, standard edition, and Rakuten manga genre 001001003023."
rakuten-match-f5847c45d30753150364,candidate-f5847c45d30753150364,matched,9784091316516,闇のパープル・アイ（1）,standard,true,https://books.rakuten.co.jp/rb/811250/,2026-08-22,"Exact normalized title, creator overlap, valid ISBN, standard edition, and Rakuten manga genre 001001004006/001001002008."
rakuten-match-f59be454d59478f33914,candidate-f59be454d59478f33914,matched,9784047286344,ハクメイとミコチ（1）,standard,true,https://books.rakuten.co.jp/rb/12127523/,2026-08-22,"Exact normalized title, creator overlap, valid ISBN, standard edition, and Rakuten manga genre 001001003023."
rakuten-match-f5e145476399c2145323,candidate-f5e145476399c2145323,matched,9784088793047,87CLOCKERS（1）,standard,true,https://books.rakuten.co.jp/rb/11604005/,2026-08-22,"Exact normalized title, creator overlap, valid ISBN, standard edition, and Rakuten manga genre 001001003005."
rakuten-match-f5f0ee0b0ff16bc146e0,candidate-f5f0ee0b0ff16bc146e0,matched,9784757526167,ばらかもん（1）,standard,true,https://books.rakuten.co.jp/rb/6101957/,2026-08-22,"Exact normalized title, creator overlap, valid ISBN, standard edition, and Rakuten manga genre 001001001002."
rakuten-match-f67b1bdb544a914684ce,candidate-f67b1bdb544a914684ce,matched,9784063828351,手品先輩（1）,standard,true,https://books.rakuten.co.jp/rb/14341957/,2026-08-22,"Exact normalized title, creator overlap, valid ISBN, standard edition, and Rakuten manga genre 001001003003."
rakuten-match-f6bd6e031ac086266cd8,candidate-f6bd6e031ac086266cd8,matched,9784091284396,くノ一ツバキの胸の内 1,standard,true,https://books.rakuten.co.jp/rb/15512579/,2026-08-22,"Exact normalized title, creator overlap, valid ISBN, standard edition, and Rakuten manga genre 001001003048."
rakuten-match-f6cddc6b36f20bd0cc74,candidate-f6cddc6b36f20bd0cc74,matched,9784063882049,空挺ドラゴンズ（1）,standard,true,https://books.rakuten.co.jp/rb/14496587/,2026-08-22,"Exact normalized title, creator overlap, valid ISBN, standard edition, and Rakuten manga genre 001001003015."
rakuten-match-f6e3d44392f62cce9b80,candidate-f6e3d44392f62cce9b80,matched,9784091838544,まんが親（1）,standard,true,https://books.rakuten.co.jp/rb/11456298/,2026-08-22,"Exact normalized title, creator overlap, valid ISBN, standard edition, and Rakuten manga genre 001001003009."
rakuten-match-f6fa4c2d3a7e1dc5257b,candidate-f6fa4c2d3a7e1dc5257b,matched,9784199801457,ワカコ酒（1）,standard,true,https://books.rakuten.co.jp/rb/12270968/,2026-08-22,"Exact normalized title, creator overlap, valid ISBN, standard edition, and Rakuten manga genre 001001003052."
rakuten-match-f710745756d55f2d1e07,candidate-f710745756d55f2d1e07,matched,9784088452838,圏外プリンセス（1）,standard,true,https://books.rakuten.co.jp/rb/12906955/,2026-08-22,"Exact normalized title, creator overlap, valid ISBN, standard edition, and Rakuten manga genre 001001002006."
rakuten-match-f72d1201aed72c0ad05e,candidate-f72d1201aed72c0ad05e,matched,9784063729955,デラシネマ（1）,standard,true,https://books.rakuten.co.jp/rb/11123978/,2026-08-22,"Exact normalized title, creator overlap, valid ISBN, standard edition, and Rakuten manga genre 001001003004."
rakuten-match-f78989e37b02423445e7,candidate-f78989e37b02423445e7,matched,9784063144796,吉田家のちすじ（1）,standard,true,https://books.rakuten.co.jp/rb/5020137/,2026-08-22,"Exact normalized title, creator overlap, valid ISBN, standard edition, and Rakuten manga genre 001001003015."
rakuten-match-f790f97e451eb4a1a893,candidate-f790f97e451eb4a1a893,matched,9784091884916,period（1）,standard,true,https://books.rakuten.co.jp/rb/1676793/,2026-08-22,"Exact normalized title, creator overlap, valid ISBN, standard edition, and Rakuten manga genre 001001003041."
rakuten-match-f7a54aee2a05deb32185,candidate-f7a54aee2a05deb32185,matched,9784091860880,ストレッチ（1）,standard,true,https://books.rakuten.co.jp/rb/12637168/,2026-08-22,"Exact normalized title, creator overlap, valid ISBN, standard edition, and Rakuten manga genre 001001003009."
rakuten-match-f80595341b9dba6368a9,candidate-f80595341b9dba6368a9,matched,9784088461861,潔く柔く 5,standard,true,https://books.rakuten.co.jp/rb/4392766/,2026-08-22,"Exact normalized title, creator overlap, valid ISBN, standard edition, and Rakuten manga genre 001001002006."
rakuten-match-f8ba46fc19e6fbdda110,candidate-f8ba46fc19e6fbdda110,matched,9784845861439,うみべのストーブ　大白小蟹短編集,standard,true,https://books.rakuten.co.jp/rb/17279507/,2026-08-22,"Exact normalized title, creator overlap, valid ISBN, standard edition, and Rakuten manga genre 001001012."
rakuten-match-f8cb26831612e0c6ece5,candidate-f8cb26831612e0c6ece5,matched,9784088827407,極楽街 1,standard,true,https://books.rakuten.co.jp/rb/17291328/,2026-08-22,"Exact normalized title, creator overlap, valid ISBN, standard edition, and Rakuten manga genre 001001001008."
rakuten-match-f8e6e860c6374d222d99,candidate-f8e6e860c6374d222d99,matched,9784098515301,君と悪いことがしたい（1）,standard,true,https://books.rakuten.co.jp/rb/17368077/,2026-08-22,"Exact normalized title, creator overlap, valid ISBN, standard edition, and Rakuten manga genre 001001001009."
rakuten-match-f8f501d3402016f5d7ba,candidate-f8f501d3402016f5d7ba,matched,9784091836519,MONSTER（1）,standard,true,https://books.rakuten.co.jp/rb/736637/,2026-08-22,"Exact normalized title, creator overlap, valid ISBN, standard edition, and Rakuten manga genre 001001003009."
rakuten-match-f95d6610fc2fbda8e8cb,candidate-f95d6610fc2fbda8e8cb,matched,9784098510924,クジマ歌えば家ほろろ（1）,standard,true,https://books.rakuten.co.jp/rb/17087622/,2026-08-22,"Exact normalized title, creator overlap, valid ISBN, standard edition, and Rakuten manga genre 001001003048."
rakuten-match-f98c044c5e5e97027806,candidate-f98c044c5e5e97027806,matched,9784091212313,ジャストミート 1,standard,true,https://books.rakuten.co.jp/rb/376512/,2026-08-22,"Exact normalized title, creator overlap, valid ISBN, standard edition, and Rakuten manga genre 001001001009."
rakuten-match-f9b25a35dc3a8e6c9657,candidate-f9b25a35dc3a8e6c9657,matched,9784098640058,999号室（1）,standard,true,https://books.rakuten.co.jp/rb/18595068/,2026-08-22,"Exact normalized title, creator overlap, valid ISBN, standard edition, and Rakuten manga genre 001001003009."
rakuten-match-f9ca3386d3e12d4a5045,candidate-f9ca3386d3e12d4a5045,matched,9784832267763,ペンとチョコレート（1）,standard,true,https://books.rakuten.co.jp/rb/6170215/,2026-08-22,"Exact normalized title, creator overlap, valid ISBN, standard edition, and Rakuten manga genre 001001003035."
rakuten-match-fa3d033d13d68a06537d,candidate-fa3d033d13d68a06537d,matched,9784063612578,赤灯えれじい（1）,standard,true,https://books.rakuten.co.jp/rb/1698958/,2026-08-22,"Exact normalized title, creator overlap, valid ISBN, standard edition, and Rakuten manga genre 001001003003."
rakuten-match-fa4b7e822d57992e2342,candidate-fa4b7e822d57992e2342,matched,9784091883582,チナミの風景,standard,true,https://books.rakuten.co.jp/rb/4298132/,2026-08-22,"Exact normalized title, creator overlap, valid ISBN, standard edition, and Rakuten manga genre 001001003041."
rakuten-match-fa5f7e6238a0d3247a8c,candidate-fa5f7e6238a0d3247a8c,matched,9784091886446,レビウス（1）,standard,true,https://books.rakuten.co.jp/rb/12602004/,2026-08-22,"Exact normalized title, creator overlap, valid ISBN, standard edition, and Rakuten manga genre 001001003041."
rakuten-match-fa738018edf898e49958,candidate-fa738018edf898e49958,matched,9784091330499,ぴんとこな（1）,standard,true,https://books.rakuten.co.jp/rb/6314854/,2026-08-22,"Exact normalized title, creator overlap, valid ISBN, standard edition, and Rakuten manga genre 001001004006/001001002008."
rakuten-match-fa77bfdba2ca19a57d9a,candidate-fa77bfdba2ca19a57d9a,matched,9784091413475,イナズマイレブン 10,standard,true,https://books.rakuten.co.jp/rb/11360684/,2026-08-22,"Exact normalized title, creator overlap, valid ISBN, standard edition, and Rakuten manga genre 001001001014."
rakuten-match-fabc7f5d853e361acaf3,candidate-fabc7f5d853e361acaf3,matched,9784091222718,YAIBA（1）,standard,true,https://books.rakuten.co.jp/rb/569233/,2026-08-22,"Exact normalized title, creator overlap, valid ISBN, standard edition, and Rakuten manga genre 001001001009."
rakuten-match-fb33d4d688782332c203,candidate-fb33d4d688782332c203,matched,9784091845993,ぼくらのフンカ祭,standard,true,https://books.rakuten.co.jp/rb/11754426/,2026-08-22,"Exact normalized title, creator overlap, valid ISBN, standard edition, and Rakuten manga genre 001001003009."
rakuten-match-fb4fde98bbcda04c21eb,candidate-fb4fde98bbcda04c21eb,matched,9784091851093,ちいさこべえ（1）,standard,true,https://books.rakuten.co.jp/rb/12166291/,2026-08-22,"Exact normalized title, creator overlap, valid ISBN, standard edition, and Rakuten manga genre 001001003009."
rakuten-match-fb53bae7bc355ba77b94,candidate-fb53bae7bc355ba77b94,matched,9784757550612,兄の嫁と暮らしています。（1）,standard,true,https://books.rakuten.co.jp/rb/14275183/,2026-08-22,"Exact normalized title, creator overlap, valid ISBN, standard edition, and Rakuten manga genre 001001003018."
rakuten-match-fb53fcb2b3746d0cd03d,candidate-fb53fcb2b3746d0cd03d,matched,9784063405927,30婚（1）,standard,true,https://books.rakuten.co.jp/rb/4021756/,2026-08-22,"Exact normalized title, creator overlap, valid ISBN, standard edition, and Rakuten manga genre 001001002005."
rakuten-match-fb5e29014d45e0ee12cf,candidate-fb5e29014d45e0ee12cf,matched,9784758063241,あやかし古書庫と少女の魅宝（1）,standard,true,https://books.rakuten.co.jp/rb/11754594/,2026-08-22,"Exact normalized title, creator overlap, valid ISBN, standard edition, and Rakuten manga genre 001001003043/001001002024/001001002018."
rakuten-match-fb6339198a6a55033843,candidate-fb6339198a6a55033843,matched,9784592710530,お前は俺を殺す気か（1）,standard,true,https://books.rakuten.co.jp/rb/12235533/,2026-08-22,"Exact normalized title, creator overlap, valid ISBN, standard edition, and Rakuten manga genre 001001012."
rakuten-match-fb7a0ed6a88db7d7bc71,candidate-fb7a0ed6a88db7d7bc71,matched,9784091785015,夢の碑（1）,standard,true,https://books.rakuten.co.jp/rb/377347/,2026-08-22,"Exact normalized title, creator overlap, valid ISBN, standard edition, and Rakuten manga genre 001001004006/001001002008."
rakuten-match-fb80625ae19a58485d35,candidate-fb80625ae19a58485d35,matched,9784592710370,未必の恋,standard,true,https://books.rakuten.co.jp/rb/11480172/,2026-08-22,"Exact normalized title, creator overlap, valid ISBN, standard edition, and Rakuten manga genre 001001012."
rakuten-match-fb89f119251610cf1648,candidate-fb89f119251610cf1648,matched,9784088701615,1／11じゅういちぶんのいち（1）,standard,true,https://books.rakuten.co.jp/rb/6863210/,2026-08-22,"Exact normalized title, creator overlap, valid ISBN, standard edition, and Rakuten manga genre 001001001008."
rakuten-match-fbc2ca1b58e5ac9be00a,candidate-fbc2ca1b58e5ac9be00a,matched,9784091221056,リンドバーグ（1）,standard,true,https://books.rakuten.co.jp/rb/6242964/,2026-08-22,"Exact normalized title, creator overlap, valid ISBN, standard edition, and Rakuten manga genre 001001003048/001001001009."
rakuten-match-fc53cb5669aa4099ee4a,candidate-fc53cb5669aa4099ee4a,matched,9784088466477,アオハライド 1,standard,true,https://books.rakuten.co.jp/rb/11121485/,2026-08-22,"Exact normalized title, creator overlap, valid ISBN, standard edition, and Rakuten manga genre 001001002006."
rakuten-match-fc544c9e011fe4f04ec6,candidate-fc544c9e011fe4f04ec6,matched,9784088747323,べるぜバブ（1）,standard,true,https://books.rakuten.co.jp/rb/6097684/,2026-08-22,"Exact normalized title, creator overlap, valid ISBN, standard edition, and Rakuten manga genre 001001001008."
rakuten-match-fca82c83835eeacce10c,candidate-fca82c83835eeacce10c,matched,9784592148913,KAPPEI（1）,standard,true,https://books.rakuten.co.jp/rb/11604188/,2026-08-22,"Exact normalized title, creator overlap, valid ISBN, standard edition, and Rakuten manga genre 001001003010."
rakuten-match-fcf4a94b4002d5d88acb,candidate-fcf4a94b4002d5d88acb,matched,9784253220491,セトウツミ（1）,standard,true,https://books.rakuten.co.jp/rb/12550117/,2026-08-22,"Exact normalized title, creator overlap, valid ISBN, standard edition, and Rakuten manga genre 001001001001."
rakuten-match-fd190ce315fa4370c231,candidate-fd190ce315fa4370c231,matched,9784063376746,野田ともうします。（1）,standard,true,https://books.rakuten.co.jp/rb/6106826/,2026-08-22,"Exact normalized title, creator overlap, valid ISBN, standard edition, and Rakuten manga genre 001001012."
rakuten-match-fd2a957c501c36047ed0,candidate-fd2a957c501c36047ed0,matched,9784088747095,青の祓魔師 1,standard,true,https://books.rakuten.co.jp/rb/6133112/,2026-08-22,"Exact normalized title, creator overlap, valid ISBN, standard edition, and Rakuten manga genre 001001001008."
rakuten-match-fd370d007a92cf6dd555,candidate-fd370d007a92cf6dd555,matched,9784088832494,すごいスマホ 1,standard,true,https://books.rakuten.co.jp/rb/17232468/,2026-08-22,"Exact normalized title, creator overlap, valid ISBN, standard edition, and Rakuten manga genre 001001001008."
rakuten-match-fd37656c6eb89e1b49aa,candidate-fd37656c6eb89e1b49aa,matched,9784396768447,ジーンブライド（1）,standard,true,https://books.rakuten.co.jp/rb/16878001/,2026-08-22,"Exact normalized title, creator overlap, valid ISBN, standard edition, and Rakuten manga genre 001001012."
rakuten-match-fd47a8534bdee3a0181e,candidate-fd47a8534bdee3a0181e,matched,9784091435378,ぷにるはかわいいスライム（1）,standard,true,https://books.rakuten.co.jp/rb/17156950/,2026-08-22,"Exact normalized title, creator overlap, valid ISBN, standard edition, and Rakuten manga genre 001001001014."
rakuten-match-fd5df88c9820bb00bb1f,candidate-fd5df88c9820bb00bb1f,matched,9784088792835,ヒトヒトリフタリ（1）,standard,true,https://books.rakuten.co.jp/rb/11509366/,2026-08-22,"Exact normalized title, creator overlap, valid ISBN, standard edition, and Rakuten manga genre 001001003005."
rakuten-match-fd6e70a72344e8a3ef3b,candidate-fd6e70a72344e8a3ef3b,matched,9784047269682,星屑ニーナ　1巻,standard,true,https://books.rakuten.co.jp/rb/6872954/,2026-08-22,"Exact normalized title, creator overlap, valid ISBN, standard edition, and Rakuten manga genre 001001003023."
rakuten-match-fd88144bf7334c4aae39,candidate-fd88144bf7334c4aae39,matched,9784061005099,おそ松くん（1）,standard,true,https://books.rakuten.co.jp/rb/380863/,2026-08-22,"Exact normalized title, creator overlap, valid ISBN, standard edition, and Rakuten manga genre 001001012."
rakuten-match-fda8a407b9b08e667df1,candidate-fda8a407b9b08e667df1,matched,9784091220127,はじめてのあく（1）,standard,true,https://books.rakuten.co.jp/rb/6057520/,2026-08-22,"Exact normalized title, creator overlap, valid ISBN, standard edition, and Rakuten manga genre 001001001009."
rakuten-match-fe35a5f01946f5153eb4,candidate-fe35a5f01946f5153eb4,matched,9784091825292,シュトヘル（1）,standard,true,https://books.rakuten.co.jp/rb/5998188/,2026-08-22,"Exact normalized title, creator overlap, valid ISBN, standard edition, and Rakuten manga genre 001001003009."
rakuten-match-fe36cd3eb836d1655a94,candidate-fe36cd3eb836d1655a94,matched,9784088810454,青のフラッグ 1,standard,true,https://books.rakuten.co.jp/rb/14710395/,2026-08-22,"Exact normalized title, creator overlap, valid ISBN, standard edition, and Rakuten manga genre 001001001008."
rakuten-match-fed2192d8e8359ba3ed4,candidate-fed2192d8e8359ba3ed4,matched,9784781605456,竜の学校は山の上,standard,true,https://books.rakuten.co.jp/rb/7000593/,2026-08-22,"Exact normalized title, creator overlap, valid ISBN, standard edition, and Rakuten manga genre 001001012."
rakuten-match-ff54aae19d03bc065747,candidate-ff54aae19d03bc065747,matched,9784199502651,女の穴,standard,true,https://books.rakuten.co.jp/rb/11322129/,2026-08-22,"Exact normalized title, creator overlap, valid ISBN, standard edition, and Rakuten manga genre 001001012."
rakuten-match-ff5c00e958b24a1f3f5f,candidate-ff5c00e958b24a1f3f5f,matched,9784098510382,帝乃三姉妹は案外、チョロい。（1）,standard,true,https://books.rakuten.co.jp/rb/17040062/,2026-08-22,"Exact normalized title, creator overlap, valid ISBN, standard edition, and Rakuten manga genre 001001001009."
rakuten-match-ff78e8da2e8c6cf5a2c1,candidate-ff78e8da2e8c6cf5a2c1,matched,9784797342246,ヒャッコ（1）,standard,true,https://books.rakuten.co.jp/rb/4392175/,2026-08-22,"Exact normalized title, creator overlap, valid ISBN, standard edition, and Rakuten manga genre 001001003057."
rakuten-match-ff9b025f58d7e12f3cb1,candidate-ff9b025f58d7e12f3cb1,matched,9784592187349,LOVE　SO　LIFE（1）,standard,true,https://books.rakuten.co.jp/rb/6056365/,2026-08-22,"Exact normalized title, creator overlap, valid ISBN, standard edition, and Rakuten manga genre 001001002009."
rakuten-match-ffb27b6611e39f1e117c,candidate-ffb27b6611e39f1e117c,matched,9784098533176,みずぽろ（1）,standard,true,https://books.rakuten.co.jp/rb/17802705/,2026-08-22,"Exact normalized title, creator overlap, valid ISBN, standard edition, and Rakuten manga genre 001001001009."
rakuten-match-ffb453ad9c40789b5d94,candidate-ffb453ad9c40789b5d94,matched,9784088804163,ブラッククローバー 1,standard,true,https://books.rakuten.co.jp/rb/13231599/,2026-08-22,"Exact normalized title, creator overlap, valid ISBN, standard edition, and Rakuten manga genre 001001001008."
rakuten-match-ffc5b05df16409addd48,candidate-ffc5b05df16409addd48,matched,9784063713299,ボールルームへようこそ（1）,standard,true,https://books.rakuten.co.jp/rb/11682617/,2026-08-22,"Exact normalized title, creator overlap, valid ISBN, standard edition, and Rakuten manga genre 001001001006."
