candidateId,safetyStatus,evidenceName,evidenceUrl,evidencePublishedAt,retrievedAt,reviewedAt,notes
candidate-002459e5f390e41d63a2,safe,マンガ大賞実行委員会 mainstream selection + Rakuten Books manga category,https://www.mangataisho.com/archives/2014.html,2014,2026-08-22,2026-08-22,No explicit adult/TL marker in matched source or product; Rakuten booksGenreId=001001003023; rakutenProductUrl=https://books.rakuten.co.jp/rb/12270709/.
candidate-0029e59a039dce3f6e74,safe,宝島社「このマンガがすごい！」編集部 mainstream selection + Rakuten Books manga category,https://sugoiweb.jp/column/4815/,2021-12-07,2026-08-22,2026-08-22,No explicit adult/TL marker in matched source or product; Rakuten booksGenreId=001001003005; rakutenProductUrl=https://books.rakuten.co.jp/rb/16373626/.
candidate-003f3f37d4def277a23b,safe,マンガ大賞実行委員会 mainstream selection + Rakuten Books manga category,https://www.mangataisho.com/archives/2015.html,2015,2026-08-22,2026-08-22,No explicit adult/TL marker in matched source or product; Rakuten booksGenreId=001001012; rakutenProductUrl=https://books.rakuten.co.jp/rb/12718261/.
candidate-009db86ba32a4a5f3afe,safe,日本出版販売「全国書店員が選んだおすすめコミック」 mainstream selection + Rakuten Books manga category,https://hon-hikidashi.jp/event/28229/,2024,2026-08-22,2026-08-22,No explicit adult/TL marker in matched source or product; Rakuten booksGenreId=001001012; rakutenProductUrl=https://books.rakuten.co.jp/rb/17502344/.
candidate-011efc564d47a7ec9cab,safe,マンガ大賞実行委員会 mainstream selection + Rakuten Books manga category,https://www.mangataisho.com/archives/2012.html,2012,2026-08-22,2026-08-22,No explicit adult/TL marker in matched source or product; Rakuten booksGenreId=001001004008; rakutenProductUrl=https://books.rakuten.co.jp/rb/11322188/.
candidate-01521fffc812e9b304e1,safe,KADOKAWA「次にくるマンガ大賞」 mainstream selection + Rakuten Books manga category,https://tsugimanga.jp/winner/2018/comics,2018-08-23,2026-08-22,2026-08-22,No explicit adult/TL marker in matched source or product; Rakuten booksGenreId=001001003048; rakutenProductUrl=https://books.rakuten.co.jp/rb/13187563/.
candidate-0153a125c5a56225b06c,safe,宝島社「このマンガがすごい！」編集部 mainstream selection + Rakuten Books manga category,https://sugoiweb.jp/column/4894/,2019-12-20,2026-08-22,2026-08-22,No explicit adult/TL marker in matched source or product; Rakuten booksGenreId=001001012; rakutenProductUrl=https://books.rakuten.co.jp/rb/15182203/.
candidate-017446dd1a9039d9839b,safe,KADOKAWA「次にくるマンガ大賞」 mainstream selection + Rakuten Books manga category,https://tsugimanga.jp/winner/2022/comics,2022-08-31,2026-08-22,2026-08-22,No explicit adult/TL marker in matched source or product; Rakuten booksGenreId=001001012; rakutenProductUrl=https://books.rakuten.co.jp/rb/17149743/.
candidate-019b6c97e23e7cd48e92,safe,マンガ大賞実行委員会 mainstream selection + Rakuten Books manga category,https://www.mangataisho.com/archives/2012.html,2012,2026-08-22,2026-08-22,No explicit adult/TL marker in matched source or product; Rakuten booksGenreId=001001002006; rakutenProductUrl=https://books.rakuten.co.jp/rb/6078475/.
candidate-019c4c86fb259730e7d0,safe,KADOKAWA「次にくるマンガ大賞」 mainstream selection + Rakuten Books manga category,https://tsugimanga.jp/winner/2022/comics,2022-08-31,2026-08-22,2026-08-22,No explicit adult/TL marker in matched source or product; Rakuten booksGenreId=001001003009; rakutenProductUrl=https://books.rakuten.co.jp/rb/16623808/.
candidate-01b06bd4f3e359d221dc,safe,マンガ大賞実行委員会 mainstream selection + Rakuten Books manga category,https://www.mangataisho.com/archives/2015.html,2015,2026-08-22,2026-08-22,No explicit adult/TL marker in matched source or product; Rakuten booksGenreId=001001003023; rakutenProductUrl=https://books.rakuten.co.jp/rb/12818840/.
candidate-01f5afe5dcc86cc7b664,safe,マンガ大賞実行委員会 mainstream selection + Rakuten Books manga category,https://www.mangataisho.com/archives/2015.html,2015,2026-08-22,2026-08-22,No explicit adult/TL marker in matched source or product; Rakuten booksGenreId=001001003005; rakutenProductUrl=https://books.rakuten.co.jp/rb/12750811/.
candidate-01f973f0b71593c23a68,safe,マンガ大賞実行委員会 mainstream selection + Rakuten Books manga category,https://www.mangataisho.com/archives/2009.html,2009,2026-08-22,2026-08-22,No explicit adult/TL marker in matched source or product; Rakuten booksGenreId=001001003003; rakutenProductUrl=https://books.rakuten.co.jp/rb/5848470/.
candidate-0208a4a29709fc3b0636,safe,KADOKAWA「次にくるマンガ大賞」 mainstream selection + Rakuten Books manga category,https://tsugimanga.jp/nominate/comics,2026-06-26,2026-08-22,2026-08-22,No explicit adult/TL marker in matched source or product; Rakuten booksGenreId=001001003005; rakutenProductUrl=https://books.rakuten.co.jp/rb/18381369/.
candidate-02410e1ffbf31c2cffc0,safe,マンガ大賞実行委員会 mainstream selection + Rakuten Books manga category,https://www.mangataisho.com/archives/2013.html,2013,2026-08-22,2026-08-22,No explicit adult/TL marker in matched source or product; Rakuten booksGenreId=001001003023; rakutenProductUrl=https://books.rakuten.co.jp/rb/11914076/.
candidate-024310b5ca50739aa0e5,safe,マンガ大賞実行委員会 mainstream selection + Rakuten Books manga category,https://www.mangataisho.com/archives/2010.html,2010,2026-08-22,2026-08-22,No explicit adult/TL marker in matched source or product; Rakuten booksGenreId=001001012; rakutenProductUrl=https://books.rakuten.co.jp/rb/6063209/.
candidate-025c8ab93483a39c9330,safe,KADOKAWA「次にくるマンガ大賞」 mainstream selection + Rakuten Books manga category,https://tsugimanga.jp/winner/2025/comics,2025-09-18,2026-08-22,2026-08-22,No explicit adult/TL marker in matched source or product; Rakuten booksGenreId=001001003026; rakutenProductUrl=https://books.rakuten.co.jp/rb/17888858/.
candidate-0262dcaa820443c3185d,safe,小学館「小学館漫画賞」 mainstream selection + Rakuten Books manga category,https://shogakukan-comic.jp/shogakukan-mangasho-archives,1975,2026-08-22,2026-08-22,No explicit adult/TL marker in matched source or product; Rakuten booksGenreId=001001012; rakutenProductUrl=https://books.rakuten.co.jp/rb/869925/.
candidate-027ed39e9d921537ad67,safe,KADOKAWA「次にくるマンガ大賞」 mainstream selection + Rakuten Books manga category,https://tsugimanga.jp/winner/2025/comics,2025-09-18,2026-08-22,2026-08-22,No explicit adult/TL marker in matched source or product; Rakuten booksGenreId=001001003053/001001003035; rakutenProductUrl=https://books.rakuten.co.jp/rb/17720278/.
candidate-02821fe0321a4a15a9e3,safe,マンガ大賞実行委員会 mainstream selection + Rakuten Books manga category,https://www.mangataisho.com/archives/2012.html,2012,2026-08-22,2026-08-22,No explicit adult/TL marker in matched source or product; Rakuten booksGenreId=001001003035; rakutenProductUrl=https://books.rakuten.co.jp/rb/4512625/.
candidate-02d5d329c9ef85e481cb,safe,小学館「小学館漫画賞」 mainstream selection + Rakuten Books manga category,https://shogakukan-comic.jp/shogakukan-mangasho-archives,1977,2026-08-22,2026-08-22,No explicit adult/TL marker in matched source or product; Rakuten booksGenreId=001001003009; rakutenProductUrl=https://books.rakuten.co.jp/rb/925978/.
candidate-037650a8271f1e898e0f,safe,KADOKAWA「次にくるマンガ大賞」 mainstream selection + Rakuten Books manga category,https://tsugimanga.jp/winner/2023/comics,2023-08-31,2026-08-22,2026-08-22,No explicit adult/TL marker in matched source or product; Rakuten booksGenreId=001001003022; rakutenProductUrl=https://books.rakuten.co.jp/rb/16827782/.
candidate-03d7687838b304cde377,safe,小学館「小学館漫画賞」 mainstream selection + Rakuten Books manga category,https://shogakukan-comic.jp/shogakukan-mangasho-archives,1987,2026-08-22,2026-08-22,No explicit adult/TL marker in matched source or product; Rakuten booksGenreId=001001001014; rakutenProductUrl=https://books.rakuten.co.jp/rb/9319835/.
candidate-03dd121b48927ce75496,safe,マンガ大賞実行委員会 mainstream selection + Rakuten Books manga category,https://www.mangataisho.com/archives/2009.html,2009,2026-08-22,2026-08-22,No explicit adult/TL marker in matched source or product; Rakuten booksGenreId=001001003016; rakutenProductUrl=https://books.rakuten.co.jp/rb/5212290/.
candidate-03f8af97a21564c3601e,safe,マンガ大賞実行委員会 mainstream selection + Rakuten Books manga category,https://www.mangataisho.com/archives/2015.html,2015,2026-08-22,2026-08-22,No explicit adult/TL marker in matched source or product; Rakuten booksGenreId=001001003015; rakutenProductUrl=https://books.rakuten.co.jp/rb/11842092/.
candidate-041184453ad3e16aeb1a,safe,マンガ大賞実行委員会 mainstream selection + Rakuten Books manga category,https://www.mangataisho.com/archives/2008.html,2008,2026-08-22,2026-08-22,No explicit adult/TL marker in matched source or product; Rakuten booksGenreId=001001003011; rakutenProductUrl=https://books.rakuten.co.jp/rb/10175498/.
candidate-0461079c050fca066c4f,safe,マンガ大賞実行委員会 mainstream selection + Rakuten Books manga category,https://www.mangataisho.com/archives/2012.html,2012,2026-08-22,2026-08-22,No explicit adult/TL marker in matched source or product; Rakuten booksGenreId=001001003031; rakutenProductUrl=https://books.rakuten.co.jp/rb/5619532/.
candidate-048a39f42bd18cb0823e,safe,マンガ大賞実行委員会 mainstream selection + Rakuten Books manga category,https://www.mangataisho.com/archives/2008.html,2008,2026-08-22,2026-08-22,No explicit adult/TL marker in matched source or product; Rakuten booksGenreId=001001003020; rakutenProductUrl=https://books.rakuten.co.jp/rb/4290644/.
candidate-0493a35083abd57f5a77,safe,KADOKAWA「次にくるマンガ大賞」 mainstream selection + Rakuten Books manga category,https://tsugimanga.jp/winner/2020/comics,2020-08-19,2026-08-22,2026-08-22,No explicit adult/TL marker in matched source or product; Rakuten booksGenreId=001001003059; rakutenProductUrl=https://books.rakuten.co.jp/rb/15881067/.
candidate-04ac6ddcf1c292ee38f9,safe,KADOKAWA「次にくるマンガ大賞」 mainstream selection + Rakuten Books manga category,https://tsugimanga.jp/winner/2018/comics,2018-08-23,2026-08-22,2026-08-22,No explicit adult/TL marker in matched source or product; Rakuten booksGenreId=001001012; rakutenProductUrl=https://books.rakuten.co.jp/rb/14596002/.
candidate-04d912698ec64a30c2d7,safe,KADOKAWA「次にくるマンガ大賞」 mainstream selection + Rakuten Books manga category,https://tsugimanga.jp/winner/2017/comics,2017-08-23,2026-08-22,2026-08-22,No explicit adult/TL marker in matched source or product; Rakuten booksGenreId=001001003022; rakutenProductUrl=https://books.rakuten.co.jp/rb/14895420/.
candidate-04f35b4c99514d50231d,safe,マンガ大賞実行委員会 mainstream selection + Rakuten Books manga category,https://www.mangataisho.com/archives/2008.html,2008,2026-08-22,2026-08-22,No explicit adult/TL marker in matched source or product; Rakuten booksGenreId=001001003010; rakutenProductUrl=https://books.rakuten.co.jp/rb/4021813/.
candidate-051ce38c242e92ec83d8,safe,マンガ大賞実行委員会 mainstream selection + Rakuten Books manga category,https://www.mangataisho.com/archives/2013.html,2013,2026-08-22,2026-08-22,No explicit adult/TL marker in matched source or product; Rakuten booksGenreId=001001012; rakutenProductUrl=https://books.rakuten.co.jp/rb/11684923/.
candidate-053e1e86adbd269cc07a,safe,マンガ大賞実行委員会 mainstream selection + Rakuten Books manga category,https://www.mangataisho.com/archives/2013.html,2013,2026-08-22,2026-08-22,No explicit adult/TL marker in matched source or product; Rakuten booksGenreId=001001012; rakutenProductUrl=https://books.rakuten.co.jp/rb/11658443/.
candidate-057321eada0f5983975e,safe,小学館「小学館漫画賞」 mainstream selection + Rakuten Books manga category,https://shogakukan-comic.jp/shogakukan-mangasho-archives,2002,2026-08-22,2026-08-22,No explicit adult/TL marker in matched source or product; Rakuten booksGenreId=001001001009; rakutenProductUrl=https://books.rakuten.co.jp/rb/1342543/.
candidate-057e1cf849bf49fc1465,safe,マンガ大賞実行委員会 mainstream selection + Rakuten Books manga category,https://www.mangataisho.com/archives/2010.html,2010,2026-08-22,2026-08-22,No explicit adult/TL marker in matched source or product; Rakuten booksGenreId=001001003015; rakutenProductUrl=https://books.rakuten.co.jp/rb/6219321/.
candidate-05a1239f0ad4637650cd,safe,KADOKAWA「次にくるマンガ大賞」 mainstream selection + Rakuten Books manga category,https://tsugimanga.jp/winner/2024/comics,2024-08-28,2026-08-22,2026-08-22,No explicit adult/TL marker in matched source or product; Rakuten booksGenreId=001001003047; rakutenProductUrl=https://books.rakuten.co.jp/rb/17696457/.
candidate-05fd7a8974ddb2e3cbf0,safe,小学館「小学館漫画賞」 mainstream selection + Rakuten Books manga category,https://shogakukan-comic.jp/shogakukan-mangasho-archives,1999,2026-08-22,2026-08-22,No explicit adult/TL marker in matched source or product; Rakuten booksGenreId=001001001008; rakutenProductUrl=https://books.rakuten.co.jp/rb/5969724/.
candidate-060a72fe10cf6ba9cbfc,safe,マンガ大賞実行委員会 mainstream selection + Rakuten Books manga category,https://www.mangataisho.com/archives/2008.html,2008,2026-08-22,2026-08-22,No explicit adult/TL marker in matched source or product; Rakuten booksGenreId=001001012; rakutenProductUrl=https://books.rakuten.co.jp/rb/4141702/.
candidate-064c0062e7a8e29cfbed,safe,KADOKAWA「次にくるマンガ大賞」 mainstream selection + Rakuten Books manga category,https://tsugimanga.jp/winner/2024/comics,2024-08-28,2026-08-22,2026-08-22,No explicit adult/TL marker in matched source or product; Rakuten booksGenreId=001001003039; rakutenProductUrl=https://books.rakuten.co.jp/rb/17655999/.
candidate-06f744cc857f52984b2d,safe,マンガ大賞実行委員会 mainstream selection + Rakuten Books manga category,https://www.mangataisho.com/archives/2011.html,2011,2026-08-22,2026-08-22,No explicit adult/TL marker in matched source or product; Rakuten booksGenreId=001001003009; rakutenProductUrl=https://books.rakuten.co.jp/rb/5933968/.
candidate-073f7f9dd8f3b5e07d29,safe,マンガ大賞実行委員会 mainstream selection + Rakuten Books manga category,https://www.mangataisho.com/archives/2010.html,2010,2026-08-22,2026-08-22,No explicit adult/TL marker in matched source or product; Rakuten booksGenreId=001001003013; rakutenProductUrl=https://books.rakuten.co.jp/rb/4236174/.
candidate-074fc9c731ab475eaebe,safe,KADOKAWA「次にくるマンガ大賞」 mainstream selection + Rakuten Books manga category,https://tsugimanga.jp/winner/2016/comics,2016-02-04,2026-08-22,2026-08-22,No explicit adult/TL marker in matched source or product; Rakuten booksGenreId=001001003046; rakutenProductUrl=https://books.rakuten.co.jp/rb/12270728/.
candidate-07586346a94407eb03c8,safe,KADOKAWA「次にくるマンガ大賞」 mainstream selection + Rakuten Books manga category,https://tsugimanga.jp/winner/2020/comics,2020-08-19,2026-08-22,2026-08-22,No explicit adult/TL marker in matched source or product; Rakuten booksGenreId=001001003005; rakutenProductUrl=https://books.rakuten.co.jp/rb/16274029/.
candidate-076beb86f844b642beef,safe,マンガ大賞実行委員会 mainstream selection + Rakuten Books manga category,https://www.mangataisho.com/archives/2014.html,2014,2026-08-22,2026-08-22,No explicit adult/TL marker in matched source or product; Rakuten booksGenreId=001001003009; rakutenProductUrl=https://books.rakuten.co.jp/rb/12127748/.
candidate-07b11ec79f10c7eb7e05,safe,マンガ大賞実行委員会 mainstream selection + Rakuten Books manga category,https://www.mangataisho.com/archives/2013.html,2013,2026-08-22,2026-08-22,No explicit adult/TL marker in matched source or product; Rakuten booksGenreId=001001012; rakutenProductUrl=https://books.rakuten.co.jp/rb/11789644/.
candidate-07dc759bd91e1cffb2df,safe,宝島社「このマンガがすごい！」編集部 mainstream selection + Rakuten Books manga category,https://sugoiweb.jp/column/4815/,2021-12-07,2026-08-22,2026-08-22,No explicit adult/TL marker in matched source or product; Rakuten booksGenreId=001001012; rakutenProductUrl=https://books.rakuten.co.jp/rb/16630845/.
candidate-07e413fd6de80f21469d,safe,マンガ大賞実行委員会 mainstream selection + Rakuten Books manga category,https://www.mangataisho.com/archives/2010.html,2010,2026-08-22,2026-08-22,No explicit adult/TL marker in matched source or product; Rakuten booksGenreId=001001003058; rakutenProductUrl=https://books.rakuten.co.jp/rb/5815201/.
candidate-07faf4019b12de5e877d,safe,KADOKAWA「次にくるマンガ大賞」 mainstream selection + Rakuten Books manga category,https://tsugimanga.jp/winner/2017/comics,2017-08-23,2026-08-22,2026-08-22,No explicit adult/TL marker in matched source or product; Rakuten booksGenreId=001001012; rakutenProductUrl=https://books.rakuten.co.jp/rb/14161248/.
candidate-07ff2a01ef593ce2f809,safe,宝島社「このマンガがすごい！」編集部 mainstream selection + Rakuten Books manga category,https://sugoiweb.jp/column/4894/,2019-12-20,2026-08-22,2026-08-22,No explicit adult/TL marker in matched source or product; Rakuten booksGenreId=001001002007; rakutenProductUrl=https://books.rakuten.co.jp/rb/15681764/.
candidate-081e75d8bbc53ac64713,safe,宝島社「このマンガがすごい！」編集部 mainstream selection + Rakuten Books manga category,https://sugoiweb.jp/column/4756/,2023-12-11,2026-08-22,2026-08-22,No explicit adult/TL marker in matched source or product; Rakuten booksGenreId=001001003005; rakutenProductUrl=https://books.rakuten.co.jp/rb/17493969/.
candidate-088bd94cfdd1dd6e192d,safe,宝島社「このマンガがすごい！」編集部 mainstream selection + Rakuten Books manga category,https://sugoiweb.jp/column/4894/,2019-12-20,2026-08-22,2026-08-22,No explicit adult/TL marker in matched source or product; Rakuten booksGenreId=001001001008; rakutenProductUrl=https://books.rakuten.co.jp/rb/15924058/.
candidate-08911847b618c8255b41,safe,KADOKAWA「次にくるマンガ大賞」 mainstream selection + Rakuten Books manga category,https://tsugimanga.jp/nominate/comics,2026-06-26,2026-08-22,2026-08-22,No explicit adult/TL marker in matched source or product; Rakuten booksGenreId=001001003003; rakutenProductUrl=https://books.rakuten.co.jp/rb/18510604/.
candidate-089947c5303024841fef,safe,マンガ大賞実行委員会 mainstream selection + Rakuten Books manga category,https://www.mangataisho.com/archives/2010.html,2010,2026-08-22,2026-08-22,No explicit adult/TL marker in matched source or product; Rakuten booksGenreId=001001002011; rakutenProductUrl=https://books.rakuten.co.jp/rb/5848504/.
candidate-08b79a6106a40f70e790,safe,マンガ大賞実行委員会 mainstream selection + Rakuten Books manga category,https://www.mangataisho.com/archives/2023.html,2023,2026-08-22,2026-08-22,No explicit adult/TL marker in matched source or product; Rakuten booksGenreId=001001012; rakutenProductUrl=https://books.rakuten.co.jp/rb/17037374/.
candidate-090c010b942b581825db,safe,日本出版販売「全国書店員が選んだおすすめコミック」 mainstream selection + Rakuten Books manga category,https://hon-hikidashi.jp/event/105418/,2020,2026-08-22,2026-08-22,No explicit adult/TL marker in matched source or product; Rakuten booksGenreId=001001012; rakutenProductUrl=https://books.rakuten.co.jp/rb/15836995/.
candidate-091d231d37f037fb07e8,safe,マンガ大賞実行委員会 mainstream selection + Rakuten Books manga category,https://www.mangataisho.com/archives/2014.html,2014,2026-08-22,2026-08-22,No explicit adult/TL marker in matched source or product; Rakuten booksGenreId=001001003004; rakutenProductUrl=https://books.rakuten.co.jp/rb/12443114/.
candidate-094fec9e7639ddcbbc07,safe,KADOKAWA「次にくるマンガ大賞」 mainstream selection + Rakuten Books manga category,https://tsugimanga.jp/winner/2016/comics,2016-02-04,2026-08-22,2026-08-22,No explicit adult/TL marker in matched source or product; Rakuten booksGenreId=001001003015; rakutenProductUrl=https://books.rakuten.co.jp/rb/13204755/.
candidate-095c933ce9c1f7810f73,safe,KADOKAWA「次にくるマンガ大賞」 mainstream selection + Rakuten Books manga category,https://tsugimanga.jp/winner/2016/comics,2016-02-04,2026-08-22,2026-08-22,No explicit adult/TL marker in matched source or product; Rakuten booksGenreId=001001003015; rakutenProductUrl=https://books.rakuten.co.jp/rb/12961335/.
candidate-096425144a79c2716b3e,safe,マンガ大賞実行委員会 mainstream selection + Rakuten Books manga category,https://www.mangataisho.com/archives/2011.html,2011,2026-08-22,2026-08-22,No explicit adult/TL marker in matched source or product; Rakuten booksGenreId=001001012; rakutenProductUrl=https://books.rakuten.co.jp/rb/6380119/.
candidate-098b1781e14365eea667,safe,宝島社「このマンガがすごい！」編集部 mainstream selection + Rakuten Books manga category,https://sugoiweb.jp/column/4815/,2021-12-07,2026-08-22,2026-08-22,No explicit adult/TL marker in matched source or product; Rakuten booksGenreId=001001002014; rakutenProductUrl=https://books.rakuten.co.jp/rb/16517534/.
candidate-09ae4c1cbc4bff98eb1a,safe,マンガ大賞実行委員会 mainstream selection + Rakuten Books manga category,https://www.mangataisho.com/archives/2014.html,2014,2026-08-22,2026-08-22,No explicit adult/TL marker in matched source or product; Rakuten booksGenreId=001001003041; rakutenProductUrl=https://books.rakuten.co.jp/rb/12504394/.
candidate-09c2784da3afe6ab62ce,safe,マンガ大賞実行委員会 mainstream selection + Rakuten Books manga category,https://www.mangataisho.com/archives/2011.html,2011,2026-08-22,2026-08-22,No explicit adult/TL marker in matched source or product; Rakuten booksGenreId=001001003022; rakutenProductUrl=https://books.rakuten.co.jp/rb/6305943/.
candidate-0a72f4e304b688a6d9f0,safe,マンガ大賞実行委員会 mainstream selection + Rakuten Books manga category,https://www.mangataisho.com/archives/2019.html,2019,2026-08-22,2026-08-22,No explicit adult/TL marker in matched source or product; Rakuten booksGenreId=001001001008; rakutenProductUrl=https://books.rakuten.co.jp/rb/14251336/.
candidate-0b358ab2fada71bc3c0f,safe,マンガ大賞実行委員会 mainstream selection + Rakuten Books manga category,https://www.mangataisho.com/archives/2013.html,2013,2026-08-22,2026-08-22,No explicit adult/TL marker in matched source or product; Rakuten booksGenreId=001001002006; rakutenProductUrl=https://books.rakuten.co.jp/rb/11913848/.
candidate-0b6d8b3f1349e5048b8b,safe,マンガ大賞実行委員会 mainstream selection + Rakuten Books manga category,https://www.mangataisho.com/archives/2008.html,2008,2026-08-22,2026-08-22,No explicit adult/TL marker in matched source or product; Rakuten booksGenreId=001001002014; rakutenProductUrl=https://books.rakuten.co.jp/rb/4347819/.
candidate-0b8f0f3bfc30d6da8ad0,safe,マンガ大賞実行委員会 mainstream selection + Rakuten Books manga category,https://www.mangataisho.com/archives/2013.html,2013,2026-08-22,2026-08-22,No explicit adult/TL marker in matched source or product; Rakuten booksGenreId=001001012; rakutenProductUrl=https://books.rakuten.co.jp/rb/6483996/.
candidate-0b92afe0c01f8d4aae42,safe,宝島社「このマンガがすごい！」編集部 mainstream selection + Rakuten Books manga category,https://sugoiweb.jp/column/4772/,2022-12-12,2026-08-22,2026-08-22,No explicit adult/TL marker in matched source or product; Rakuten booksGenreId=001001012; rakutenProductUrl=https://books.rakuten.co.jp/rb/17105344/.
candidate-0ba3547258320bf33dc3,safe,マンガ大賞実行委員会 mainstream selection + Rakuten Books manga category,https://www.mangataisho.com/archives/2010.html,2010,2026-08-22,2026-08-22,No explicit adult/TL marker in matched source or product; Rakuten booksGenreId=001001003004; rakutenProductUrl=https://books.rakuten.co.jp/rb/6117000/.
candidate-0bbd8ef182853cb7845f,safe,宝島社「このマンガがすごい！」編集部 mainstream selection + Rakuten Books manga category,https://sugoiweb.jp/column/4894/,2019-12-20,2026-08-22,2026-08-22,No explicit adult/TL marker in matched source or product; Rakuten booksGenreId=001001001002; rakutenProductUrl=https://books.rakuten.co.jp/rb/15793507/.
candidate-0bd2d3b52ffff3a7ded4,safe,マンガ大賞実行委員会 mainstream selection + Rakuten Books manga category,https://www.mangataisho.com/archives/2012.html,2012,2026-08-22,2026-08-22,No explicit adult/TL marker in matched source or product; Rakuten booksGenreId=001001003009; rakutenProductUrl=https://books.rakuten.co.jp/rb/11126624/.
candidate-0bec5d8d9474a2197312,safe,マンガ大賞実行委員会 mainstream selection + Rakuten Books manga category,https://www.mangataisho.com/archives/2008.html,2008,2026-08-22,2026-08-22,No explicit adult/TL marker in matched source or product; Rakuten booksGenreId=001001003023; rakutenProductUrl=https://books.rakuten.co.jp/rb/1579024/.
candidate-0c0301626306f5624d27,safe,マンガ大賞実行委員会 mainstream selection + Rakuten Books manga category,https://www.mangataisho.com/archives/2013.html,2013,2026-08-22,2026-08-22,No explicit adult/TL marker in matched source or product; Rakuten booksGenreId=001001012; rakutenProductUrl=https://books.rakuten.co.jp/rb/11789720/.
candidate-0cf463005cc77eeded8e,safe,KADOKAWA「次にくるマンガ大賞」 mainstream selection + Rakuten Books manga category,https://tsugimanga.jp/winner/2023/comics,2023-08-31,2026-08-22,2026-08-22,No explicit adult/TL marker in matched source or product; Rakuten booksGenreId=001001001002; rakutenProductUrl=https://books.rakuten.co.jp/rb/17124585/.
candidate-0cf5c4d5df5b040deeba,safe,マンガ大賞実行委員会 mainstream selection + Rakuten Books manga category,https://www.mangataisho.com/archives/2011.html,2011,2026-08-22,2026-08-22,No explicit adult/TL marker in matched source or product; Rakuten booksGenreId=001001003001; rakutenProductUrl=https://books.rakuten.co.jp/rb/6797119/.
candidate-0d10ae56716a82f0ae4e,safe,マンガ大賞実行委員会 mainstream selection + Rakuten Books manga category,https://www.mangataisho.com/archives/2013.html,2013,2026-08-22,2026-08-22,No explicit adult/TL marker in matched source or product; Rakuten booksGenreId=001001003058; rakutenProductUrl=https://books.rakuten.co.jp/rb/11509725/.
candidate-0d1ad77728a44df56508,safe,KADOKAWA「次にくるマンガ大賞」 mainstream selection + Rakuten Books manga category,https://tsugimanga.jp/winner/2015/comics,2015-02-06,2026-08-22,2026-08-22,No explicit adult/TL marker in matched source or product; Rakuten booksGenreId=001001003044; rakutenProductUrl=https://books.rakuten.co.jp/rb/12906514/.
candidate-0d6c496878e276979e3c,safe,小学館「小学館漫画賞」 mainstream selection + Rakuten Books manga category,https://shogakukan-comic.jp/shogakukan-mangasho-archives,1984,2026-08-22,2026-08-22,No explicit adult/TL marker in matched source or product; Rakuten booksGenreId=001001001009; rakutenProductUrl=https://books.rakuten.co.jp/rb/376404/.
candidate-0d894a02becb714986db,safe,小学館「小学館漫画賞」 mainstream selection + Rakuten Books manga category,https://shogakukan-comic.jp/shogakukan-mangasho-archives,2010,2026-08-22,2026-08-22,No explicit adult/TL marker in matched source or product; Rakuten booksGenreId=001001003009; rakutenProductUrl=https://books.rakuten.co.jp/rb/1696747/.
candidate-0dabd1d17e5fcf2992b9,safe,KADOKAWA「次にくるマンガ大賞」 mainstream selection + Rakuten Books manga category,https://tsugimanga.jp/winner/2016/comics,2016-02-04,2026-08-22,2026-08-22,No explicit adult/TL marker in matched source or product; Rakuten booksGenreId=001001003009; rakutenProductUrl=https://books.rakuten.co.jp/rb/12992475/.
candidate-0dd1ceee981780c10491,safe,マンガ大賞実行委員会 mainstream selection + Rakuten Books manga category,https://www.mangataisho.com/archives/2008.html,2008,2026-08-22,2026-08-22,No explicit adult/TL marker in matched source or product; Rakuten booksGenreId=001001003039; rakutenProductUrl=https://books.rakuten.co.jp/rb/4390191/.
candidate-0e036724913c69bb937a,safe,マンガ大賞実行委員会 mainstream selection + Rakuten Books manga category,https://www.mangataisho.com/archives/2017.html,2017,2026-08-22,2026-08-22,No explicit adult/TL marker in matched source or product; Rakuten booksGenreId=001001001008; rakutenProductUrl=https://books.rakuten.co.jp/rb/14249293/.
candidate-0e29e324e16f7d5cda41,safe,マンガ大賞実行委員会 mainstream selection + Rakuten Books manga category,https://www.mangataisho.com/archives/2008.html,2008,2026-08-22,2026-08-22,No explicit adult/TL marker in matched source or product; Rakuten booksGenreId=001001002006; rakutenProductUrl=https://books.rakuten.co.jp/rb/1667074/.
candidate-0ebf010ac12b9b60d80e,safe,マンガ大賞実行委員会 mainstream selection + Rakuten Books manga category,https://www.mangataisho.com/archives/2008.html,2008,2026-08-22,2026-08-22,No explicit adult/TL marker in matched source or product; Rakuten booksGenreId=001001012; rakutenProductUrl=https://books.rakuten.co.jp/rb/5977527/.
candidate-0ede6921b81169dc2dda,safe,KADOKAWA「次にくるマンガ大賞」 mainstream selection + Rakuten Books manga category,https://tsugimanga.jp/winner/2017/comics,2017-08-23,2026-08-22,2026-08-22,No explicit adult/TL marker in matched source or product; Rakuten booksGenreId=001001001006; rakutenProductUrl=https://books.rakuten.co.jp/rb/14596035/.
candidate-0efbd1c37e95f5845317,safe,小学館「小学館漫画賞」 mainstream selection + Rakuten Books manga category,https://shogakukan-comic.jp/shogakukan-mangasho-archives,1968,2026-08-22,2026-08-22,No explicit adult/TL marker in matched source or product; Rakuten booksGenreId=001001012; rakutenProductUrl=https://books.rakuten.co.jp/rb/4036815/.
candidate-0eff8190c0c6ff604527,safe,マンガ大賞実行委員会 mainstream selection + Rakuten Books manga category,https://www.mangataisho.com/archives/2013.html,2013,2026-08-22,2026-08-22,No explicit adult/TL marker in matched source or product; Rakuten booksGenreId=001001003041; rakutenProductUrl=https://books.rakuten.co.jp/rb/6918263/.
candidate-0f3a44f5dcab9623d1be,safe,KADOKAWA「次にくるマンガ大賞」 mainstream selection + Rakuten Books manga category,https://tsugimanga.jp/winner/2015/comics,2015-02-06,2026-08-22,2026-08-22,No explicit adult/TL marker in matched source or product; Rakuten booksGenreId=001001003022; rakutenProductUrl=https://books.rakuten.co.jp/rb/12689900/.
candidate-0f50eef4773267a0c1fa,safe,マンガ大賞実行委員会 mainstream selection + Rakuten Books manga category,https://www.mangataisho.com/archives/2013.html,2013,2026-08-22,2026-08-22,No explicit adult/TL marker in matched source or product; Rakuten booksGenreId=001001003023; rakutenProductUrl=https://books.rakuten.co.jp/rb/11754357/.
candidate-0f6261e1019b8a8021b7,safe,KADOKAWA「次にくるマンガ大賞」 mainstream selection + Rakuten Books manga category,https://tsugimanga.jp/winner/2017/comics,2017-08-23,2026-08-22,2026-08-22,No explicit adult/TL marker in matched source or product; Rakuten booksGenreId=001001002006; rakutenProductUrl=https://books.rakuten.co.jp/rb/13450120/.
candidate-0f790fe4cb2b3d2a8f34,safe,日本出版販売「全国書店員が選んだおすすめコミック」 mainstream selection + Rakuten Books manga category,https://hon-hikidashi.jp/news/107527/,2026,2026-08-22,2026-08-22,No explicit adult/TL marker in matched source or product; Rakuten booksGenreId=001001003004; rakutenProductUrl=https://books.rakuten.co.jp/rb/18009731/.
candidate-0fca8d7b1cfbd8102c01,safe,KADOKAWA「次にくるマンガ大賞」 mainstream selection + Rakuten Books manga category,https://tsugimanga.jp/winner/2021/comics,2021-08-24,2026-08-22,2026-08-22,No explicit adult/TL marker in matched source or product; Rakuten booksGenreId=001001001001; rakutenProductUrl=https://books.rakuten.co.jp/rb/16411605/.
candidate-0fe64d3cc470022fd3b9,safe,日本出版販売「全国書店員が選んだおすすめコミック」 mainstream selection + Rakuten Books manga category,https://hon-hikidashi.jp/event/104760/,2009,2026-08-22,2026-08-22,No explicit adult/TL marker in matched source or product; Rakuten booksGenreId=001001002006; rakutenProductUrl=https://books.rakuten.co.jp/rb/4986566/.
candidate-1012948f5de799831da4,safe,マンガ大賞実行委員会 mainstream selection + Rakuten Books manga category,https://www.mangataisho.com/archives/2008.html,2008,2026-08-22,2026-08-22,No explicit adult/TL marker in matched source or product; Rakuten booksGenreId=001001012; rakutenProductUrl=https://books.rakuten.co.jp/rb/1045091/.
candidate-10417d42e6e36614454b,safe,小学館「小学館漫画賞」 mainstream selection + Rakuten Books manga category,https://shogakukan-comic.jp/shogakukan-mangasho-archives,1986,2026-08-22,2026-08-22,No explicit adult/TL marker in matched source or product; Rakuten booksGenreId=001001001014; rakutenProductUrl=https://books.rakuten.co.jp/rb/9319788/.
candidate-1088a1dc00a3b0d22201,safe,マンガ大賞実行委員会 mainstream selection + Rakuten Books manga category,https://www.mangataisho.com/archives/2008.html,2008,2026-08-22,2026-08-22,No explicit adult/TL marker in matched source or product; Rakuten booksGenreId=001001003009; rakutenProductUrl=https://books.rakuten.co.jp/rb/4326313/.
candidate-10ea8aa950d8d59958a8,safe,マンガ大賞実行委員会 mainstream selection + Rakuten Books manga category,https://www.mangataisho.com/archives/2009.html,2009,2026-08-22,2026-08-22,No explicit adult/TL marker in matched source or product; Rakuten booksGenreId=001001003009; rakutenProductUrl=https://books.rakuten.co.jp/rb/5894888/.
candidate-10f4cbd157b818a1f3ce,safe,マンガ大賞実行委員会 mainstream selection + Rakuten Books manga category,https://www.mangataisho.com/archives/2024.html,2024,2026-08-22,2026-08-22,No explicit adult/TL marker in matched source or product; Rakuten booksGenreId=001001003023; rakutenProductUrl=https://books.rakuten.co.jp/rb/17625528/.
candidate-1111080969feddae8a64,safe,マンガ大賞実行委員会 mainstream selection + Rakuten Books manga category,https://www.mangataisho.com/archives/2011.html,2011,2026-08-22,2026-08-22,No explicit adult/TL marker in matched source or product; Rakuten booksGenreId=001001002009; rakutenProductUrl=https://books.rakuten.co.jp/rb/6243180/.
candidate-112589a161d1596ec97f,safe,KADOKAWA「次にくるマンガ大賞」 mainstream selection + Rakuten Books manga category,https://tsugimanga.jp/winner/2025/comics,2025-09-18,2026-08-22,2026-08-22,No explicit adult/TL marker in matched source or product; Rakuten booksGenreId=001001001009; rakutenProductUrl=https://books.rakuten.co.jp/rb/17926225/.
candidate-11296a590b885cb73b66,safe,日本出版販売「全国書店員が選んだおすすめコミック」 mainstream selection + Rakuten Books manga category,https://www.honyaclub.com/shop/pages/osusumecomic2017.aspx?affiliate=osusumec17,2017,2026-08-22,2026-08-22,No explicit adult/TL marker in matched source or product; Rakuten booksGenreId=001001002005; rakutenProductUrl=https://books.rakuten.co.jp/rb/13204718/.
candidate-118ebbabadf214274ac6,safe,マンガ大賞実行委員会 mainstream selection + Rakuten Books manga category,https://www.mangataisho.com/archives/2014.html,2014,2026-08-22,2026-08-22,No explicit adult/TL marker in matched source or product; Rakuten booksGenreId=001001012; rakutenProductUrl=https://books.rakuten.co.jp/rb/12235197/.
candidate-119459d8de20ac5f45bd,safe,KADOKAWA「次にくるマンガ大賞」 mainstream selection + Rakuten Books manga category,https://tsugimanga.jp/winner/2018/comics,2018-08-23,2026-08-22,2026-08-22,No explicit adult/TL marker in matched source or product; Rakuten booksGenreId=001001001008; rakutenProductUrl=https://books.rakuten.co.jp/rb/15409255/.
candidate-1194dc9f1d6f72a56dbd,safe,日本出版販売「全国書店員が選んだおすすめコミック」 mainstream selection + Rakuten Books manga category,https://www.honyaclub.com/shop/pages/osusume_comic2015.aspx?affiliate=osusumec,2015,2026-08-22,2026-08-22,No explicit adult/TL marker in matched source or product; Rakuten booksGenreId=001001001002; rakutenProductUrl=https://books.rakuten.co.jp/rb/12765084/.
candidate-11d23966f22f777e95d0,safe,マンガ大賞実行委員会 mainstream selection + Rakuten Books manga category,https://www.mangataisho.com/archives/2008.html,2008,2026-08-22,2026-08-22,No explicit adult/TL marker in matched source or product; Rakuten booksGenreId=001001003041; rakutenProductUrl=https://books.rakuten.co.jp/rb/1619953/.
candidate-11f13ef455c9bc9d68b4,safe,マンガ大賞実行委員会 mainstream selection + Rakuten Books manga category,https://www.mangataisho.com/archives/2020.html,2020,2026-08-22,2026-08-22,No explicit adult/TL marker in matched source or product; Rakuten booksGenreId=001001003005; rakutenProductUrl=https://books.rakuten.co.jp/rb/15957294/.
candidate-11f7290fc68cdf9635aa,safe,マンガ大賞実行委員会 mainstream selection + Rakuten Books manga category,https://www.mangataisho.com/archives/2015.html,2015,2026-08-22,2026-08-22,No explicit adult/TL marker in matched source or product; Rakuten booksGenreId=001001012; rakutenProductUrl=https://books.rakuten.co.jp/rb/12654318/.
candidate-1237a0e89a427c736fac,safe,小学館「小学館漫画賞」 mainstream selection + Rakuten Books manga category,https://shogakukan-comic.jp/shogakukan-mangasho-archives,2016,2026-08-22,2026-08-22,No explicit adult/TL marker in matched source or product; Rakuten booksGenreId=001001004006/001001002008; rakutenProductUrl=https://books.rakuten.co.jp/rb/12662963/.
candidate-12a5eb9618886a507a6f,safe,マンガ大賞実行委員会 mainstream selection + Rakuten Books manga category,https://www.mangataisho.com/archives/2015.html,2015,2026-08-22,2026-08-22,No explicit adult/TL marker in matched source or product; Rakuten booksGenreId=001001003044; rakutenProductUrl=https://books.rakuten.co.jp/rb/11684891/.
candidate-12addce786ee4fbb6a2c,safe,日本出版販売「全国書店員が選んだおすすめコミック」 mainstream selection + Rakuten Books manga category,https://www.honyaclub.com/shop/pages/osusumecomic2019.aspx,2019,2026-08-22,2026-08-22,No explicit adult/TL marker in matched source or product; Rakuten booksGenreId=001001001002; rakutenProductUrl=https://books.rakuten.co.jp/rb/15288322/.
candidate-12b484cd79bfe6852ea1,safe,マンガ大賞実行委員会 mainstream selection + Rakuten Books manga category,https://www.mangataisho.com/archives/2010.html,2010,2026-08-22,2026-08-22,No explicit adult/TL marker in matched source or product; Rakuten booksGenreId=001001003009; rakutenProductUrl=https://books.rakuten.co.jp/rb/6043463/.
candidate-12bb1c06ffe94f18421c,safe,マンガ大賞実行委員会 mainstream selection + Rakuten Books manga category,https://www.mangataisho.com/archives/2011.html,2011,2026-08-22,2026-08-22,No explicit adult/TL marker in matched source or product; Rakuten booksGenreId=001001003009; rakutenProductUrl=https://books.rakuten.co.jp/rb/6644764/.
candidate-12ced27e58dc3c8c1509,safe,マンガ大賞実行委員会 mainstream selection + Rakuten Books manga category,https://www.mangataisho.com/archives/2011.html,2011,2026-08-22,2026-08-22,No explicit adult/TL marker in matched source or product; Rakuten booksGenreId=001001003017/001010010001; rakutenProductUrl=https://books.rakuten.co.jp/rb/6454422/.
candidate-131ba7a362fa9e38a10a,safe,KADOKAWA「次にくるマンガ大賞」 mainstream selection + Rakuten Books manga category,https://tsugimanga.jp/winner/2024/comics,2024-08-28,2026-08-22,2026-08-22,No explicit adult/TL marker in matched source or product; Rakuten booksGenreId=001001001008; rakutenProductUrl=https://books.rakuten.co.jp/rb/17856922/.
candidate-132ce7172750a3b1fa53,safe,マンガ大賞実行委員会 mainstream selection + Rakuten Books manga category,https://www.mangataisho.com/archives/2012.html,2012,2026-08-22,2026-08-22,No explicit adult/TL marker in matched source or product; Rakuten booksGenreId=001001003023; rakutenProductUrl=https://books.rakuten.co.jp/rb/11229227/.
candidate-136162000044f90dda04,safe,KADOKAWA「次にくるマンガ大賞」 mainstream selection + Rakuten Books manga category,https://tsugimanga.jp/winner/2022/comics,2022-08-31,2026-08-22,2026-08-22,No explicit adult/TL marker in matched source or product; Rakuten booksGenreId=001001003049; rakutenProductUrl=https://books.rakuten.co.jp/rb/16815453/.
candidate-13ad51c176349c82367c,safe,マンガ大賞実行委員会 mainstream selection + Rakuten Books manga category,https://www.mangataisho.com/archives/2010.html,2010,2026-08-22,2026-08-22,No explicit adult/TL marker in matched source or product; Rakuten booksGenreId=001001001006; rakutenProductUrl=https://books.rakuten.co.jp/rb/6136140/.
candidate-13ed15a0d70ac2b2d0ef,safe,マンガ大賞実行委員会 mainstream selection + Rakuten Books manga category,https://www.mangataisho.com/archives/2014.html,2014,2026-08-22,2026-08-22,No explicit adult/TL marker in matched source or product; Rakuten booksGenreId=001001001006; rakutenProductUrl=https://books.rakuten.co.jp/rb/12166124/.
candidate-1416d5a9fd062e979aef,safe,KADOKAWA「次にくるマンガ大賞」 mainstream selection + Rakuten Books manga category,https://tsugimanga.jp/winner/2016/comics,2016-02-04,2026-08-22,2026-08-22,No explicit adult/TL marker in matched source or product; Rakuten booksGenreId=001001003047; rakutenProductUrl=https://books.rakuten.co.jp/rb/13265459/.
candidate-14b8108ece1a01311da8,safe,マンガ大賞実行委員会 mainstream selection + Rakuten Books manga category,https://www.mangataisho.com/archives/2012.html,2012,2026-08-22,2026-08-22,No explicit adult/TL marker in matched source or product; Rakuten booksGenreId=001001001009; rakutenProductUrl=https://books.rakuten.co.jp/rb/7000321/.
candidate-14e489bf1afd1587c44a,safe,小学館「小学館漫画賞」 mainstream selection + Rakuten Books manga category,https://shogakukan-comic.jp/shogakukan-mangasho-archives,1989,2026-08-22,2026-08-22,No explicit adult/TL marker in matched source or product; Rakuten booksGenreId=001001003009; rakutenProductUrl=https://books.rakuten.co.jp/rb/366092/.
candidate-14fcdce57f7824813075,safe,マンガ大賞実行委員会 mainstream selection + Rakuten Books manga category,https://www.mangataisho.com/archives/2012.html,2012,2026-08-22,2026-08-22,No explicit adult/TL marker in matched source or product; Rakuten booksGenreId=001001003001/001001001001; rakutenProductUrl=https://books.rakuten.co.jp/rb/11194537/.
candidate-151b456508f78852b002,safe,マンガ大賞実行委員会 mainstream selection + Rakuten Books manga category,https://www.mangataisho.com/archives/2008.html,2008,2026-08-22,2026-08-22,No explicit adult/TL marker in matched source or product; Rakuten booksGenreId=001001003039; rakutenProductUrl=https://books.rakuten.co.jp/rb/4148972/.
candidate-1550d4a52c3fe6d9f94c,safe,マンガ大賞実行委員会 mainstream selection + Rakuten Books manga category,https://www.mangataisho.com/archives/2010.html,2010,2026-08-22,2026-08-22,No explicit adult/TL marker in matched source or product; Rakuten booksGenreId=001001002024; rakutenProductUrl=https://books.rakuten.co.jp/rb/5952822/.
candidate-1563438b7ccf15a48ffe,safe,マンガ大賞実行委員会 mainstream selection + Rakuten Books manga category,https://www.mangataisho.com/archives/2013.html,2013,2026-08-22,2026-08-22,No explicit adult/TL marker in matched source or product; Rakuten booksGenreId=001001012; rakutenProductUrl=https://books.rakuten.co.jp/rb/11941965/.
candidate-159ec8fd998859ffac85,safe,マンガ大賞実行委員会 mainstream selection + Rakuten Books manga category,https://www.mangataisho.com/archives/2013.html,2013,2026-08-22,2026-08-22,No explicit adult/TL marker in matched source or product; Rakuten booksGenreId=001001012; rakutenProductUrl=https://books.rakuten.co.jp/rb/11536735/.
candidate-15a7b190d6da8a26652a,safe,マンガ大賞実行委員会 mainstream selection + Rakuten Books manga category,https://www.mangataisho.com/archives/2011.html,2011,2026-08-22,2026-08-22,No explicit adult/TL marker in matched source or product; Rakuten booksGenreId=001001003004; rakutenProductUrl=https://books.rakuten.co.jp/rb/6203042/.
candidate-15a975302e37cf28dc95,safe,KADOKAWA「次にくるマンガ大賞」 mainstream selection + Rakuten Books manga category,https://tsugimanga.jp/winner/2022/comics,2022-08-31,2026-08-22,2026-08-22,No explicit adult/TL marker in matched source or product; Rakuten booksGenreId=001001012; rakutenProductUrl=https://books.rakuten.co.jp/rb/16595724/.
candidate-15cd524191c3fb7ce45f,safe,マンガ大賞実行委員会 mainstream selection + Rakuten Books manga category,https://www.mangataisho.com/archives/2014.html,2014,2026-08-22,2026-08-22,No explicit adult/TL marker in matched source or product; Rakuten booksGenreId=001001003015; rakutenProductUrl=https://books.rakuten.co.jp/rb/12302585/.
candidate-15d6508605fbd4a266fc,safe,マンガ大賞実行委員会 mainstream selection + Rakuten Books manga category,https://www.mangataisho.com/archives/2008.html,2008,2026-08-22,2026-08-22,No explicit adult/TL marker in matched source or product; Rakuten booksGenreId=001001012; rakutenProductUrl=https://books.rakuten.co.jp/rb/4262048/.
candidate-15dba4fdb46308ab45d7,safe,マンガ大賞実行委員会 mainstream selection + Rakuten Books manga category,https://www.mangataisho.com/archives/2008.html,2008,2026-08-22,2026-08-22,No explicit adult/TL marker in matched source or product; Rakuten booksGenreId=001001002011; rakutenProductUrl=https://books.rakuten.co.jp/rb/4969576/.
candidate-15e295e52c5c6be6a649,safe,KADOKAWA「次にくるマンガ大賞」 mainstream selection + Rakuten Books manga category,https://tsugimanga.jp/winner/2017/comics,2017-08-23,2026-08-22,2026-08-22,No explicit adult/TL marker in matched source or product; Rakuten booksGenreId=001001003005; rakutenProductUrl=https://books.rakuten.co.jp/rb/13308337/.
candidate-15f3aa6d47edb5852ea6,safe,マンガ大賞実行委員会 mainstream selection + Rakuten Books manga category,https://www.mangataisho.com/archives/2013.html,2013,2026-08-22,2026-08-22,No explicit adult/TL marker in matched source or product; Rakuten booksGenreId=001001001008; rakutenProductUrl=https://books.rakuten.co.jp/rb/11684455/.
candidate-163100a10134c48d2473,safe,マンガ大賞実行委員会 mainstream selection + Rakuten Books manga category,https://www.mangataisho.com/archives/2012.html,2012,2026-08-22,2026-08-22,No explicit adult/TL marker in matched source or product; Rakuten booksGenreId=001001012; rakutenProductUrl=https://books.rakuten.co.jp/rb/11365037/.
candidate-164ee5ddc6b7fd9b35c0,safe,KADOKAWA「次にくるマンガ大賞」 mainstream selection + Rakuten Books manga category,https://tsugimanga.jp/nominate/comics,2026-06-26,2026-08-22,2026-08-22,No explicit adult/TL marker in matched source or product; Rakuten booksGenreId=001001012; rakutenProductUrl=https://books.rakuten.co.jp/rb/18063739/.
candidate-165669641177ffa78e22,safe,マンガ大賞実行委員会 mainstream selection + Rakuten Books manga category,https://www.mangataisho.com/archives/2008.html,2008,2026-08-22,2026-08-22,No explicit adult/TL marker in matched source or product; Rakuten booksGenreId=001001003059; rakutenProductUrl=https://books.rakuten.co.jp/rb/4091540/.
candidate-166485add3d7262afb00,safe,マンガ大賞実行委員会 mainstream selection + Rakuten Books manga category,https://www.mangataisho.com/archives/2015.html,2015,2026-08-22,2026-08-22,No explicit adult/TL marker in matched source or product; Rakuten booksGenreId=001001003009; rakutenProductUrl=https://books.rakuten.co.jp/rb/12689856/.
candidate-1681d7aeefde0c5c9e5a,safe,マンガ大賞実行委員会 mainstream selection + Rakuten Books manga category,https://www.mangataisho.com/archives/2014.html,2014,2026-08-22,2026-08-22,No explicit adult/TL marker in matched source or product; Rakuten booksGenreId=001001003003; rakutenProductUrl=https://books.rakuten.co.jp/rb/12504022/.
candidate-16b5e5f6698c291257f6,safe,KADOKAWA「次にくるマンガ大賞」 mainstream selection + Rakuten Books manga category,https://tsugimanga.jp/winner/2020/comics,2020-08-19,2026-08-22,2026-08-22,No explicit adult/TL marker in matched source or product; Rakuten booksGenreId=001001003005; rakutenProductUrl=https://books.rakuten.co.jp/rb/16168535/.
candidate-171b262b7ad72871f795,safe,マンガ大賞実行委員会 mainstream selection + Rakuten Books manga category,https://www.mangataisho.com/archives/2011.html,2011,2026-08-22,2026-08-22,No explicit adult/TL marker in matched source or product; Rakuten booksGenreId=001001003049/001001003040/001001003017; rakutenProductUrl=https://books.rakuten.co.jp/rb/6484005/.
candidate-174e7603bb0e71bb62ab,safe,KADOKAWA「次にくるマンガ大賞」 mainstream selection + Rakuten Books manga category,https://tsugimanga.jp/winner/2015/comics,2015-02-06,2026-08-22,2026-08-22,No explicit adult/TL marker in matched source or product; Rakuten booksGenreId=001001003048/001001001009; rakutenProductUrl=https://books.rakuten.co.jp/rb/12753325/.
candidate-17515acc6e90eec79270,safe,マンガ大賞実行委員会 mainstream selection + Rakuten Books manga category,https://www.mangataisho.com/archives/2011.html,2011,2026-08-22,2026-08-22,No explicit adult/TL marker in matched source or product; Rakuten booksGenreId=001001003050/001001001002; rakutenProductUrl=https://books.rakuten.co.jp/rb/5925589/.
candidate-17dd9b35c9688784b5ba,safe,マンガ大賞実行委員会 mainstream selection + Rakuten Books manga category,https://www.mangataisho.com/archives/2012.html,2012,2026-08-22,2026-08-22,No explicit adult/TL marker in matched source or product; Rakuten booksGenreId=001001003016; rakutenProductUrl=https://books.rakuten.co.jp/rb/11130415/.
candidate-1806163b95ab496ab1fb,safe,マンガ大賞実行委員会 mainstream selection + Rakuten Books manga category,https://www.mangataisho.com/archives/2008.html,2008,2026-08-22,2026-08-22,No explicit adult/TL marker in matched source or product; Rakuten booksGenreId=001001002006; rakutenProductUrl=https://books.rakuten.co.jp/rb/4256159/.
candidate-188ba092c6195603bb3f,safe,マンガ大賞実行委員会 mainstream selection + Rakuten Books manga category,https://www.mangataisho.com/archives/2011.html,2011,2026-08-22,2026-08-22,No explicit adult/TL marker in matched source or product; Rakuten booksGenreId=001001003004; rakutenProductUrl=https://books.rakuten.co.jp/rb/6707522/.
candidate-1894215d024b500e5392,safe,マンガ大賞実行委員会 mainstream selection + Rakuten Books manga category,https://www.mangataisho.com/archives/2013.html,2013,2026-08-22,2026-08-22,No explicit adult/TL marker in matched source or product; Rakuten booksGenreId=001001003010; rakutenProductUrl=https://books.rakuten.co.jp/rb/5923131/.
candidate-18e08fe95968a6537773,safe,KADOKAWA「次にくるマンガ大賞」 mainstream selection + Rakuten Books manga category,https://tsugimanga.jp/winner/2023/comics,2023-08-31,2026-08-22,2026-08-22,No explicit adult/TL marker in matched source or product; Rakuten booksGenreId=001001012/001001003010; rakutenProductUrl=https://books.rakuten.co.jp/rb/16722608/.
candidate-1924e6c313fe8817ad37,safe,マンガ大賞実行委員会 mainstream selection + Rakuten Books manga category,https://www.mangataisho.com/archives/2012.html,2012,2026-08-22,2026-08-22,No explicit adult/TL marker in matched source or product; Rakuten booksGenreId=001001002006; rakutenProductUrl=https://books.rakuten.co.jp/rb/11154999/.
candidate-192cbecc59e9c028142b,safe,宝島社「このマンガがすごい！」編集部 mainstream selection + Rakuten Books manga category,https://sugoiweb.jp/column/3590/,2025-12-10,2026-08-22,2026-08-22,No explicit adult/TL marker in matched source or product; Rakuten booksGenreId=001001012; rakutenProductUrl=https://books.rakuten.co.jp/rb/18076203/.
candidate-196f917715fbb17d4d0f,safe,マンガ大賞実行委員会 mainstream selection + Rakuten Books manga category,https://www.mangataisho.com/archives/2009.html,2009,2026-08-22,2026-08-22,No explicit adult/TL marker in matched source or product; Rakuten booksGenreId=001001001008; rakutenProductUrl=https://books.rakuten.co.jp/rb/5890604/.
candidate-197089286d30de82f9e9,safe,宝島社「このマンガがすごい！」編集部 mainstream selection + Rakuten Books manga category,https://sugoiweb.jp/column/4772/,2022-12-12,2026-08-22,2026-08-22,No explicit adult/TL marker in matched source or product; Rakuten booksGenreId=001001002009; rakutenProductUrl=https://books.rakuten.co.jp/rb/16995781/.
candidate-19914389b95a96a94e2b,safe,KADOKAWA「次にくるマンガ大賞」 mainstream selection + Rakuten Books manga category,https://tsugimanga.jp/winner/2024/comics,2024-08-28,2026-08-22,2026-08-22,No explicit adult/TL marker in matched source or product; Rakuten booksGenreId=001001001008; rakutenProductUrl=https://books.rakuten.co.jp/rb/17828933/.
candidate-1998a3621df8e8cb4b95,safe,マンガ大賞実行委員会 mainstream selection + Rakuten Books manga category,https://www.mangataisho.com/archives/2012.html,2012,2026-08-22,2026-08-22,No explicit adult/TL marker in matched source or product; Rakuten booksGenreId=001001002009; rakutenProductUrl=https://books.rakuten.co.jp/rb/6272839/.
candidate-19a26f01512166856a6a,safe,小学館「小学館漫画賞」 mainstream selection + Rakuten Books manga category,https://shogakukan-comic.jp/shogakukan-mangasho-archives,1977,2026-08-22,2026-08-22,No explicit adult/TL marker in matched source or product; Rakuten booksGenreId=001001003009; rakutenProductUrl=https://books.rakuten.co.jp/rb/880883/.
candidate-19b578d0e828242f14f3,safe,マンガ大賞実行委員会 mainstream selection + Rakuten Books manga category,https://www.mangataisho.com/archives/2009.html,2009,2026-08-22,2026-08-22,No explicit adult/TL marker in matched source or product; Rakuten booksGenreId=001001003035; rakutenProductUrl=https://books.rakuten.co.jp/rb/5402451/.
candidate-19bf120239dd0661fdc0,safe,小学館「小学館漫画賞」 mainstream selection + Rakuten Books manga category,https://shogakukan-comic.jp/shogakukan-mangasho-archives,2009,2026-08-22,2026-08-22,No explicit adult/TL marker in matched source or product; Rakuten booksGenreId=001001001008; rakutenProductUrl=https://books.rakuten.co.jp/rb/4969587/.
candidate-19c2017b33c07f48634e,safe,マンガ大賞実行委員会 mainstream selection + Rakuten Books manga category,https://www.mangataisho.com/archives/2011.html,2011,2026-08-22,2026-08-22,No explicit adult/TL marker in matched source or product; Rakuten booksGenreId=001001003023; rakutenProductUrl=https://books.rakuten.co.jp/rb/6796833/.
candidate-19c3e776eecdbd1e2d8f,safe,マンガ大賞実行委員会 mainstream selection + Rakuten Books manga category,https://www.mangataisho.com/archives/2013.html,2013,2026-08-22,2026-08-22,No explicit adult/TL marker in matched source or product; Rakuten booksGenreId=001001012; rakutenProductUrl=https://books.rakuten.co.jp/rb/12134676/.
candidate-19f7ccc2693b36d742e4,safe,日本出版販売「全国書店員が選んだおすすめコミック」 mainstream selection + Rakuten Books manga category,https://hon-hikidashi.jp/event/105008/,2012,2026-08-22,2026-08-22,No explicit adult/TL marker in matched source or product; Rakuten booksGenreId=001001003004; rakutenProductUrl=https://books.rakuten.co.jp/rb/11169418/.
candidate-1a084f8d1e59ba8ed260,safe,マンガ大賞実行委員会 mainstream selection + Rakuten Books manga category,https://www.mangataisho.com/archives/2013.html,2013,2026-08-22,2026-08-22,No explicit adult/TL marker in matched source or product; Rakuten booksGenreId=001001012; rakutenProductUrl=https://books.rakuten.co.jp/rb/11658804/.
candidate-1a3c3749e3db82bec0a4,safe,マンガ大賞実行委員会 mainstream selection + Rakuten Books manga category,https://www.mangataisho.com/archives/2012.html,2012,2026-08-22,2026-08-22,No explicit adult/TL marker in matched source or product; Rakuten booksGenreId=001001003009; rakutenProductUrl=https://books.rakuten.co.jp/rb/6644746/.
candidate-1a4f3079592a2bf3e9ab,safe,マンガ大賞実行委員会 mainstream selection + Rakuten Books manga category,https://www.mangataisho.com/archives/2011.html,2011,2026-08-22,2026-08-22,No explicit adult/TL marker in matched source or product; Rakuten booksGenreId=001001003015; rakutenProductUrl=https://books.rakuten.co.jp/rb/5996495/.
candidate-1a6ad6771865b43c8516,safe,マンガ大賞実行委員会 mainstream selection + Rakuten Books manga category,https://www.mangataisho.com/archives/2008.html,2008,2026-08-22,2026-08-22,No explicit adult/TL marker in matched source or product; Rakuten booksGenreId=001001003049; rakutenProductUrl=https://books.rakuten.co.jp/rb/3701295/.
candidate-1a70124a59d668a19ee9,safe,KADOKAWA「次にくるマンガ大賞」 mainstream selection + Rakuten Books manga category,https://tsugimanga.jp/winner/2015/comics,2015-02-06,2026-08-22,2026-08-22,No explicit adult/TL marker in matched source or product; Rakuten booksGenreId=001001003021; rakutenProductUrl=https://books.rakuten.co.jp/rb/12762091/.
candidate-1aaf3b559f7d9c7f85e3,safe,KADOKAWA「次にくるマンガ大賞」 mainstream selection + Rakuten Books manga category,https://tsugimanga.jp/winner/2024/comics,2024-08-28,2026-08-22,2026-08-22,No explicit adult/TL marker in matched source or product; Rakuten booksGenreId=001001003049; rakutenProductUrl=https://books.rakuten.co.jp/rb/17517038/.
candidate-1b3afe12c434a9cf7603,safe,マンガ大賞実行委員会 mainstream selection + Rakuten Books manga category,https://www.mangataisho.com/archives/2013.html,2013,2026-08-22,2026-08-22,No explicit adult/TL marker in matched source or product; Rakuten booksGenreId=001001012; rakutenProductUrl=https://books.rakuten.co.jp/rb/6946942/.
candidate-1b7812afe1c1ec2f6d03,safe,KADOKAWA「次にくるマンガ大賞」 mainstream selection + Rakuten Books manga category,https://tsugimanga.jp/winner/2023/comics,2023-08-31,2026-08-22,2026-08-22,No explicit adult/TL marker in matched source or product; Rakuten booksGenreId=001001003053/001001003035; rakutenProductUrl=https://books.rakuten.co.jp/rb/17307528/.
candidate-1b7c4ed54d7761cd242b,safe,マンガ大賞実行委員会 mainstream selection + Rakuten Books manga category,https://www.mangataisho.com/archives/2009.html,2009,2026-08-22,2026-08-22,No explicit adult/TL marker in matched source or product; Rakuten booksGenreId=001001012; rakutenProductUrl=https://books.rakuten.co.jp/rb/4347827/.
candidate-1b839a7f7034e313c8d1,safe,小学館「小学館漫画賞」 mainstream selection + Rakuten Books manga category,https://shogakukan-comic.jp/shogakukan-mangasho-archives,1979,2026-08-22,2026-08-22,No explicit adult/TL marker in matched source or product; Rakuten booksGenreId=001001003029; rakutenProductUrl=https://books.rakuten.co.jp/rb/4334421/.
candidate-1b94cd8bacb92576eb36,safe,マンガ大賞実行委員会 mainstream selection + Rakuten Books manga category,https://www.mangataisho.com/archives/2009.html,2009,2026-08-22,2026-08-22,No explicit adult/TL marker in matched source or product; Rakuten booksGenreId=001001002006; rakutenProductUrl=https://books.rakuten.co.jp/rb/5830246/.
candidate-1b9fc6e13c87db1a08c4,safe,KADOKAWA「次にくるマンガ大賞」 mainstream selection + Rakuten Books manga category,https://tsugimanga.jp/winner/2015/comics,2015-02-06,2026-08-22,2026-08-22,No explicit adult/TL marker in matched source or product; Rakuten booksGenreId=001001003050; rakutenProductUrl=https://books.rakuten.co.jp/rb/12504442/.
candidate-1bce95b6c02673e59bcf,safe,マンガ大賞実行委員会 mainstream selection + Rakuten Books manga category,https://www.mangataisho.com/archives/2014.html,2014,2026-08-22,2026-08-22,No explicit adult/TL marker in matched source or product; Rakuten booksGenreId=001001003009; rakutenProductUrl=https://books.rakuten.co.jp/rb/12504388/.
candidate-1bdd89da60157e62d8ae,safe,マンガ大賞実行委員会 mainstream selection + Rakuten Books manga category,https://www.mangataisho.com/archives/2011.html,2011,2026-08-22,2026-08-22,No explicit adult/TL marker in matched source or product; Rakuten booksGenreId=001001003001/001001001001; rakutenProductUrl=https://books.rakuten.co.jp/rb/6454232/.
candidate-1c08e020ca3edbdb268c,safe,日本出版販売「全国書店員が選んだおすすめコミック」 mainstream selection + Rakuten Books manga category,https://hon-hikidashi.jp/news/107527/,2026,2026-08-22,2026-08-22,No explicit adult/TL marker in matched source or product; Rakuten booksGenreId=001001003005; rakutenProductUrl=https://books.rakuten.co.jp/rb/18158520/.
candidate-1c11c52424ffad601818,safe,宝島社「このマンガがすごい！」編集部 mainstream selection + Rakuten Books manga category,https://sugoiweb.jp/column/4868/,2020-12-10,2026-08-22,2026-08-22,No explicit adult/TL marker in matched source or product; Rakuten booksGenreId=001001012; rakutenProductUrl=https://books.rakuten.co.jp/rb/16280777/.
candidate-1c1cf67a3118c01ffaad,safe,小学館「小学館漫画賞」 mainstream selection + Rakuten Books manga category,https://shogakukan-comic.jp/shogakukan-mangasho-archives,2007,2026-08-22,2026-08-22,No explicit adult/TL marker in matched source or product; Rakuten booksGenreId=001001003008; rakutenProductUrl=https://books.rakuten.co.jp/rb/1660684/.
candidate-1c3e79210ad2ec6fe4ff,safe,KADOKAWA「次にくるマンガ大賞」 mainstream selection + Rakuten Books manga category,https://tsugimanga.jp/winner/2018/comics,2018-08-23,2026-08-22,2026-08-22,No explicit adult/TL marker in matched source or product; Rakuten booksGenreId=001001003052; rakutenProductUrl=https://books.rakuten.co.jp/rb/15116529/.
candidate-1c65e693efaeeca02c67,safe,マンガ大賞実行委員会 mainstream selection + Rakuten Books manga category,https://www.mangataisho.com/archives/2015.html,2015,2026-08-22,2026-08-22,No explicit adult/TL marker in matched source or product; Rakuten booksGenreId=001001003005; rakutenProductUrl=https://books.rakuten.co.jp/rb/12789988/.
candidate-1c78f22da99c77aca86d,safe,KADOKAWA「次にくるマンガ大賞」 mainstream selection + Rakuten Books manga category,https://tsugimanga.jp/winner/2016/comics,2016-02-04,2026-08-22,2026-08-22,No explicit adult/TL marker in matched source or product; Rakuten booksGenreId=001001003005; rakutenProductUrl=https://books.rakuten.co.jp/rb/13346976/.
candidate-1ccf4922ae88d4a273af,safe,日本出版販売「全国書店員が選んだおすすめコミック」 mainstream selection + Rakuten Books manga category,https://hon-hikidashi.jp/event/10708/,2022,2026-08-22,2026-08-22,No explicit adult/TL marker in matched source or product; Rakuten booksGenreId=001001003003; rakutenProductUrl=https://books.rakuten.co.jp/rb/16728009/.
candidate-1cdc6c5cca7c33fafe51,safe,マンガ大賞実行委員会 mainstream selection + Rakuten Books manga category,https://www.mangataisho.com/archives/2011.html,2011,2026-08-22,2026-08-22,No explicit adult/TL marker in matched source or product; Rakuten booksGenreId=001001012; rakutenProductUrl=https://books.rakuten.co.jp/rb/6414362/.
candidate-1ce4c2c1010c1442593d,safe,日本出版販売「全国書店員が選んだおすすめコミック」 mainstream selection + Rakuten Books manga category,https://www.honyaclub.com/shop/pages/osusume.aspx,2013,2026-08-22,2026-08-22,No explicit adult/TL marker in matched source or product; Rakuten booksGenreId=001001012; rakutenProductUrl=https://books.rakuten.co.jp/rb/11259597/.
candidate-1cecf966898e6d18439d,safe,マンガ大賞実行委員会 mainstream selection + Rakuten Books manga category,https://www.mangataisho.com/archives/2014.html,2014,2026-08-22,2026-08-22,No explicit adult/TL marker in matched source or product; Rakuten booksGenreId=001001001001; rakutenProductUrl=https://books.rakuten.co.jp/rb/12458112/.
candidate-1cf7a0bb5f55e0d69b27,safe,小学館「小学館漫画賞」 mainstream selection + Rakuten Books manga category,https://shogakukan-comic.jp/shogakukan-mangasho-archives,1999,2026-08-22,2026-08-22,No explicit adult/TL marker in matched source or product; Rakuten booksGenreId=001001001009; rakutenProductUrl=https://books.rakuten.co.jp/rb/862327/.
candidate-1d00f523bae2dfe510eb,safe,小学館「小学館漫画賞」 mainstream selection + Rakuten Books manga category,https://shogakukan-comic.jp/shogakukan-mangasho-archives,1988,2026-08-22,2026-08-22,No explicit adult/TL marker in matched source or product; Rakuten booksGenreId=001001001014; rakutenProductUrl=https://books.rakuten.co.jp/rb/717414/.
candidate-1d191998612dec7bb5ba,safe,マンガ大賞実行委員会 mainstream selection + Rakuten Books manga category,https://www.mangataisho.com/archives/2008.html,2008,2026-08-22,2026-08-22,No explicit adult/TL marker in matched source or product; Rakuten booksGenreId=001001003015; rakutenProductUrl=https://books.rakuten.co.jp/rb/4491113/.
candidate-1d447cc9026b530fb53d,safe,KADOKAWA「次にくるマンガ大賞」 mainstream selection + Rakuten Books manga category,https://tsugimanga.jp/winner/2015/comics,2015-02-06,2026-08-22,2026-08-22,No explicit adult/TL marker in matched source or product; Rakuten booksGenreId=001001001009; rakutenProductUrl=https://books.rakuten.co.jp/rb/12866156/.
candidate-1d5a3158e78e639f1973,safe,マンガ大賞実行委員会 mainstream selection + Rakuten Books manga category,https://www.mangataisho.com/archives/2012.html,2012,2026-08-22,2026-08-22,No explicit adult/TL marker in matched source or product; Rakuten booksGenreId=001001003004; rakutenProductUrl=https://books.rakuten.co.jp/rb/6264606/.
candidate-1d65bce561a9770057a6,safe,マンガ大賞実行委員会 mainstream selection + Rakuten Books manga category,https://www.mangataisho.com/archives/2013.html,2013,2026-08-22,2026-08-22,No explicit adult/TL marker in matched source or product; Rakuten booksGenreId=001001003015; rakutenProductUrl=https://books.rakuten.co.jp/rb/6925850/.
candidate-1d7ca9dc1b4e67d8a6bc,safe,マンガ大賞実行委員会 mainstream selection + Rakuten Books manga category,https://www.mangataisho.com/archives/2014.html,2014,2026-08-22,2026-08-22,No explicit adult/TL marker in matched source or product; Rakuten booksGenreId=001001003015; rakutenProductUrl=https://books.rakuten.co.jp/rb/12249220/.
candidate-1d9c4fcacb0b35e9fa5a,safe,小学館「小学館漫画賞」 mainstream selection + Rakuten Books manga category,https://shogakukan-comic.jp/shogakukan-mangasho-archives,1982,2026-08-22,2026-08-22,No explicit adult/TL marker in matched source or product; Rakuten booksGenreId=001001012; rakutenProductUrl=https://books.rakuten.co.jp/rb/9296290/.
candidate-1dc5eed44438268f78cd,safe,小学館「小学館漫画賞」 mainstream selection + Rakuten Books manga category,https://shogakukan-comic.jp/shogakukan-mangasho-archives,1991,2026-08-22,2026-08-22,No explicit adult/TL marker in matched source or product; Rakuten booksGenreId=001001003009; rakutenProductUrl=https://books.rakuten.co.jp/rb/529489/.
candidate-1e247ae03a8ffdd85abf,safe,KADOKAWA「次にくるマンガ大賞」 mainstream selection + Rakuten Books manga category,https://tsugimanga.jp/winner/2017/comics,2017-08-23,2026-08-22,2026-08-22,No explicit adult/TL marker in matched source or product; Rakuten booksGenreId=001001003043/001001002025/001001002024/001001002018; rakutenProductUrl=https://books.rakuten.co.jp/rb/13239219/.
candidate-1e27731b880d0d9012f8,safe,小学館「小学館漫画賞」 mainstream selection + Rakuten Books manga category,https://shogakukan-comic.jp/shogakukan-mangasho-archives,1983,2026-08-22,2026-08-22,No explicit adult/TL marker in matched source or product; Rakuten booksGenreId=001001004006/001001002008; rakutenProductUrl=https://books.rakuten.co.jp/rb/741521/.
candidate-1e508cb5384fdea51776,safe,マンガ大賞実行委員会 mainstream selection + Rakuten Books manga category,https://www.mangataisho.com/archives/2012.html,2012,2026-08-22,2026-08-22,No explicit adult/TL marker in matched source or product; Rakuten booksGenreId=001001012; rakutenProductUrl=https://books.rakuten.co.jp/rb/6946870/.
candidate-1e9c4852863a22bba058,safe,KADOKAWA「次にくるマンガ大賞」 mainstream selection + Rakuten Books manga category,https://tsugimanga.jp/winner/2015/comics,2015-02-06,2026-08-22,2026-08-22,No explicit adult/TL marker in matched source or product; Rakuten booksGenreId=001001001006; rakutenProductUrl=https://books.rakuten.co.jp/rb/12724192/.
candidate-1ea5908e746ba04ba71b,safe,マンガ大賞実行委員会 mainstream selection + Rakuten Books manga category,https://www.mangataisho.com/archives/2011.html,2011,2026-08-22,2026-08-22,No explicit adult/TL marker in matched source or product; Rakuten booksGenreId=001001003009; rakutenProductUrl=https://books.rakuten.co.jp/rb/6272716/.
candidate-1ec3d48e64b228bb8a92,safe,マンガ大賞実行委員会 mainstream selection + Rakuten Books manga category,https://www.mangataisho.com/archives/2010.html,2010,2026-08-22,2026-08-22,No explicit adult/TL marker in matched source or product; Rakuten booksGenreId=001001004006/001001002008; rakutenProductUrl=https://books.rakuten.co.jp/rb/5979544/.
candidate-1eea4768a5da9d66bba0,safe,日本出版販売「全国書店員が選んだおすすめコミック」 mainstream selection + Rakuten Books manga category,https://hon-hikidashi.jp/event/51345/,2025,2026-08-22,2026-08-22,No explicit adult/TL marker in matched source or product; Rakuten booksGenreId=001001001008; rakutenProductUrl=https://books.rakuten.co.jp/rb/17944378/.
candidate-1ef69d214afe688be73e,safe,KADOKAWA「次にくるマンガ大賞」 mainstream selection + Rakuten Books manga category,https://tsugimanga.jp/winner/2019/comics,2019-08-22,2026-08-22,2026-08-22,No explicit adult/TL marker in matched source or product; Rakuten booksGenreId=001001001006; rakutenProductUrl=https://books.rakuten.co.jp/rb/15771515/.
candidate-1efafafe54ce39bcb83e,safe,マンガ大賞実行委員会 mainstream selection + Rakuten Books manga category,https://www.mangataisho.com/archives/2009.html,2009,2026-08-22,2026-08-22,No explicit adult/TL marker in matched source or product; Rakuten booksGenreId=001001012; rakutenProductUrl=https://books.rakuten.co.jp/rb/5821300/.
candidate-1f2ba6ab6be1c8af18ad,safe,マンガ大賞実行委員会 mainstream selection + Rakuten Books manga category,https://www.mangataisho.com/archives/2010.html,2010,2026-08-22,2026-08-22,No explicit adult/TL marker in matched source or product; Rakuten booksGenreId=001001002011; rakutenProductUrl=https://books.rakuten.co.jp/rb/6199884/.
candidate-1f853c16f6cebca63ffc,safe,日本出版販売「全国書店員が選んだおすすめコミック」 mainstream selection + Rakuten Books manga category,https://hon-hikidashi.jp/event/105000/,2011,2026-08-22,2026-08-22,No explicit adult/TL marker in matched source or product; Rakuten booksGenreId=001001002009; rakutenProductUrl=https://books.rakuten.co.jp/rb/6418589/.
candidate-1f9cbf84ad0fd7f3897e,safe,マンガ大賞実行委員会 mainstream selection + Rakuten Books manga category,https://www.mangataisho.com/archives/2015.html,2015,2026-08-22,2026-08-22,No explicit adult/TL marker in matched source or product; Rakuten booksGenreId=001001003026; rakutenProductUrl=https://books.rakuten.co.jp/rb/12813259/.
candidate-1f9db2fd8a4963e67e18,safe,KADOKAWA「次にくるマンガ大賞」 mainstream selection + Rakuten Books manga category,https://tsugimanga.jp/winner/2019/comics,2019-08-22,2026-08-22,2026-08-22,No explicit adult/TL marker in matched source or product; Rakuten booksGenreId=001001001006; rakutenProductUrl=https://books.rakuten.co.jp/rb/15584172/.
candidate-1fa5f2e567aa75de030a,safe,マンガ大賞実行委員会 mainstream selection + Rakuten Books manga category,https://www.mangataisho.com/archives/2011.html,2011,2026-08-22,2026-08-22,No explicit adult/TL marker in matched source or product; Rakuten booksGenreId=001001003009; rakutenProductUrl=https://books.rakuten.co.jp/rb/6138907/.
candidate-1fc2f51ba7317524f8ab,safe,KADOKAWA「次にくるマンガ大賞」 mainstream selection + Rakuten Books manga category,https://tsugimanga.jp/winner/2016/comics,2016-02-04,2026-08-22,2026-08-22,No explicit adult/TL marker in matched source or product; Rakuten booksGenreId=001001002009; rakutenProductUrl=https://books.rakuten.co.jp/rb/12961665/.
candidate-1fc61ddbeb429b4a2c15,safe,マンガ大賞実行委員会 mainstream selection + Rakuten Books manga category,https://www.mangataisho.com/archives/2008.html,2008,2026-08-22,2026-08-22,No explicit adult/TL marker in matched source or product; Rakuten booksGenreId=001001012; rakutenProductUrl=https://books.rakuten.co.jp/rb/12869076/.
candidate-1fd6cc14c3fd93aa26c0,safe,KADOKAWA「次にくるマンガ大賞」 mainstream selection + Rakuten Books manga category,https://tsugimanga.jp/winner/2020/comics,2020-08-19,2026-08-22,2026-08-22,No explicit adult/TL marker in matched source or product; Rakuten booksGenreId=001001003053/001001003035; rakutenProductUrl=https://books.rakuten.co.jp/rb/15781483/.
candidate-1ff116a3c975bfb50a03,safe,小学館「小学館漫画賞」 mainstream selection + Rakuten Books manga category,https://shogakukan-comic.jp/shogakukan-mangasho-archives,1991,2026-08-22,2026-08-22,No explicit adult/TL marker in matched source or product; Rakuten booksGenreId=001001003009; rakutenProductUrl=https://books.rakuten.co.jp/rb/468636/.
candidate-200fa8832525f3437678,safe,マンガ大賞実行委員会 mainstream selection + Rakuten Books manga category,https://www.mangataisho.com/archives/2014.html,2014,2026-08-22,2026-08-22,No explicit adult/TL marker in matched source or product; Rakuten booksGenreId=001001003044; rakutenProductUrl=https://books.rakuten.co.jp/rb/12346224/.
candidate-202aaafe7b597ec4e0dd,safe,KADOKAWA「次にくるマンガ大賞」 mainstream selection + Rakuten Books manga category,https://tsugimanga.jp/winner/2016/comics,2016-02-04,2026-08-22,2026-08-22,No explicit adult/TL marker in matched source or product; Rakuten booksGenreId=001001003005; rakutenProductUrl=https://books.rakuten.co.jp/rb/12866121/.
candidate-203805efecbbb35375c7,safe,マンガ大賞実行委員会 mainstream selection + Rakuten Books manga category,https://www.mangataisho.com/archives/2008.html,2008,2026-08-22,2026-08-22,No explicit adult/TL marker in matched source or product; Rakuten booksGenreId=001001003009; rakutenProductUrl=https://books.rakuten.co.jp/rb/4125084/.
candidate-205e576ef057e3aed1ab,safe,マンガ大賞実行委員会 mainstream selection + Rakuten Books manga category,https://www.mangataisho.com/archives/2009.html,2009,2026-08-22,2026-08-22,No explicit adult/TL marker in matched source or product; Rakuten booksGenreId=001001004006/001001002008; rakutenProductUrl=https://books.rakuten.co.jp/rb/5547038/.
candidate-207bb1ca28b7472fbe1d,safe,小学館「小学館漫画賞」 mainstream selection + Rakuten Books manga category,https://shogakukan-comic.jp/shogakukan-mangasho-archives,1983,2026-08-22,2026-08-22,No explicit adult/TL marker in matched source or product; Rakuten booksGenreId=001001001009; rakutenProductUrl=https://books.rakuten.co.jp/rb/376378/.
candidate-209ff48c0b011c1f2ce1,safe,マンガ大賞実行委員会 mainstream selection + Rakuten Books manga category,https://www.mangataisho.com/archives/2014.html,2014,2026-08-22,2026-08-22,No explicit adult/TL marker in matched source or product; Rakuten booksGenreId=001001003004; rakutenProductUrl=https://books.rakuten.co.jp/rb/12562430/.
candidate-20a897f43b8dc9ecab2a,safe,KADOKAWA「次にくるマンガ大賞」 mainstream selection + Rakuten Books manga category,https://tsugimanga.jp/winner/2022/comics,2022-08-31,2026-08-22,2026-08-22,No explicit adult/TL marker in matched source or product; Rakuten booksGenreId=001001001008; rakutenProductUrl=https://books.rakuten.co.jp/rb/16587615/.
candidate-20cc795ddb729a1e2b53,safe,マンガ大賞実行委員会 mainstream selection + Rakuten Books manga category,https://www.mangataisho.com/archives/2015.html,2015,2026-08-22,2026-08-22,No explicit adult/TL marker in matched source or product; Rakuten booksGenreId=001001003023; rakutenProductUrl=https://books.rakuten.co.jp/rb/12663246/.
candidate-213e1ded93227144f197,safe,マンガ大賞実行委員会 mainstream selection + Rakuten Books manga category,https://www.mangataisho.com/archives/2015.html,2015,2026-08-22,2026-08-22,No explicit adult/TL marker in matched source or product; Rakuten booksGenreId=001001012; rakutenProductUrl=https://books.rakuten.co.jp/rb/12818880/.
candidate-2141b420eca4795b6772,safe,マンガ大賞実行委員会 mainstream selection + Rakuten Books manga category,https://www.mangataisho.com/archives/2014.html,2014,2026-08-22,2026-08-22,No explicit adult/TL marker in matched source or product; Rakuten booksGenreId=001001003004; rakutenProductUrl=https://books.rakuten.co.jp/rb/12439726/.
candidate-215b6936b93e452bb61e,safe,マンガ大賞実行委員会 mainstream selection + Rakuten Books manga category,https://www.mangataisho.com/archives/2012.html,2012,2026-08-22,2026-08-22,No explicit adult/TL marker in matched source or product; Rakuten booksGenreId=001001003026; rakutenProductUrl=https://books.rakuten.co.jp/rb/11229571/.
candidate-21e8dd86e844f3e1b82d,safe,KADOKAWA「次にくるマンガ大賞」 mainstream selection + Rakuten Books manga category,https://tsugimanga.jp/winner/2018/comics,2018-08-23,2026-08-22,2026-08-22,No explicit adult/TL marker in matched source or product; Rakuten booksGenreId=001001003050; rakutenProductUrl=https://books.rakuten.co.jp/rb/15299372/.
candidate-21ef61123c16dfe94c5e,safe,マンガ大賞実行委員会 mainstream selection + Rakuten Books manga category,https://www.mangataisho.com/archives/2008.html,2008,2026-08-22,2026-08-22,No explicit adult/TL marker in matched source or product; Rakuten booksGenreId=001001003026; rakutenProductUrl=https://books.rakuten.co.jp/rb/1739602/.
candidate-220bc5323243498f36eb,safe,マンガ大賞実行委員会 mainstream selection + Rakuten Books manga category,https://www.mangataisho.com/archives/2008.html,2008,2026-08-22,2026-08-22,No explicit adult/TL marker in matched source or product; Rakuten booksGenreId=001001003035; rakutenProductUrl=https://books.rakuten.co.jp/rb/1769701/.
candidate-222504590507d3ab8093,safe,宝島社「このマンガがすごい！」編集部 mainstream selection + Rakuten Books manga category,https://sugoiweb.jp/column/4894/,2019-12-20,2026-08-22,2026-08-22,No explicit adult/TL marker in matched source or product; Rakuten booksGenreId=001001003023; rakutenProductUrl=https://books.rakuten.co.jp/rb/15721579/.
candidate-22265a6ee16f051d542e,safe,マンガ大賞実行委員会 mainstream selection + Rakuten Books manga category,https://www.mangataisho.com/archives/2013.html,2013,2026-08-22,2026-08-22,No explicit adult/TL marker in matched source or product; Rakuten booksGenreId=001001001008; rakutenProductUrl=https://books.rakuten.co.jp/rb/11658519/.
candidate-224f24e5f46be902b73b,safe,マンガ大賞実行委員会 mainstream selection + Rakuten Books manga category,https://www.mangataisho.com/archives/2009.html,2009,2026-08-22,2026-08-22,No explicit adult/TL marker in matched source or product; Rakuten booksGenreId=001001012; rakutenProductUrl=https://books.rakuten.co.jp/rb/5497888/.
candidate-22742bf90f4b1ec39114,safe,KADOKAWA「次にくるマンガ大賞」 mainstream selection + Rakuten Books manga category,https://tsugimanga.jp/winner/2020/comics,2020-08-19,2026-08-22,2026-08-22,No explicit adult/TL marker in matched source or product; Rakuten booksGenreId=001001001001; rakutenProductUrl=https://books.rakuten.co.jp/rb/16324733/.
candidate-227d0d4cca68de57b124,safe,マンガ大賞実行委員会 mainstream selection + Rakuten Books manga category,https://www.mangataisho.com/archives/2011.html,2011,2026-08-22,2026-08-22,No explicit adult/TL marker in matched source or product; Rakuten booksGenreId=001001012; rakutenProductUrl=https://books.rakuten.co.jp/rb/6098922/.
candidate-22863722e753645cf08e,safe,マンガ大賞実行委員会 mainstream selection + Rakuten Books manga category,https://www.mangataisho.com/archives/2014.html,2014,2026-08-22,2026-08-22,No explicit adult/TL marker in matched source or product; Rakuten booksGenreId=001001004006/001001002008; rakutenProductUrl=https://books.rakuten.co.jp/rb/12270906/.
candidate-22997668db5d66d5034c,safe,KADOKAWA「次にくるマンガ大賞」 mainstream selection + Rakuten Books manga category,https://tsugimanga.jp/winner/2019/comics,2019-08-22,2026-08-22,2026-08-22,No explicit adult/TL marker in matched source or product; Rakuten booksGenreId=001001003026; rakutenProductUrl=https://books.rakuten.co.jp/rb/15829413/.
candidate-22baa3338ea7eb109eb0,safe,KADOKAWA「次にくるマンガ大賞」 mainstream selection + Rakuten Books manga category,https://tsugimanga.jp/winner/2021/comics,2021-08-24,2026-08-22,2026-08-22,No explicit adult/TL marker in matched source or product; Rakuten booksGenreId=001001003053/001001003035; rakutenProductUrl=https://books.rakuten.co.jp/rb/16387537/.
candidate-23077ad33a2066bef5a6,safe,マンガ大賞実行委員会 mainstream selection + Rakuten Books manga category,https://www.mangataisho.com/archives/2013.html,2013,2026-08-22,2026-08-22,No explicit adult/TL marker in matched source or product; Rakuten booksGenreId=001001003041; rakutenProductUrl=https://books.rakuten.co.jp/rb/11338500/.
candidate-230c01be9d63e7621b25,safe,KADOKAWA「次にくるマンガ大賞」 mainstream selection + Rakuten Books manga category,https://tsugimanga.jp/winner/2019/comics,2019-08-22,2026-08-22,2026-08-22,No explicit adult/TL marker in matched source or product; Rakuten booksGenreId=001001003004; rakutenProductUrl=https://books.rakuten.co.jp/rb/15499391/.
candidate-2356050c72240569e1c5,safe,マンガ大賞実行委員会 mainstream selection + Rakuten Books manga category,https://www.mangataisho.com/archives/2013.html,2013,2026-08-22,2026-08-22,No explicit adult/TL marker in matched source or product; Rakuten booksGenreId=001001003041; rakutenProductUrl=https://books.rakuten.co.jp/rb/11536708/.
candidate-23851cd7ccf1d0c676cc,safe,宝島社「このマンガがすごい！」編集部 mainstream selection + Rakuten Books manga category,https://sugoiweb.jp/column/4815/,2021-12-07,2026-08-22,2026-08-22,No explicit adult/TL marker in matched source or product; Rakuten booksGenreId=001001001008; rakutenProductUrl=https://books.rakuten.co.jp/rb/16503594/.
candidate-238c04ae3a3a61451078,safe,マンガ大賞実行委員会 mainstream selection + Rakuten Books manga category,https://www.mangataisho.com/archives/2011.html,2011,2026-08-22,2026-08-22,No explicit adult/TL marker in matched source or product; Rakuten booksGenreId=001001001002; rakutenProductUrl=https://books.rakuten.co.jp/rb/6483933/.
candidate-23950c7ba1f06f7c7d79,safe,日本出版販売「全国書店員が選んだおすすめコミック」 mainstream selection + Rakuten Books manga category,https://hon-hikidashi.jp/event/105418/,2020,2026-08-22,2026-08-22,No explicit adult/TL marker in matched source or product; Rakuten booksGenreId=001001012; rakutenProductUrl=https://books.rakuten.co.jp/rb/15851479/.
candidate-239ae23df7c9bf5bcb8d,safe,マンガ大賞実行委員会 mainstream selection + Rakuten Books manga category,https://www.mangataisho.com/archives/2010.html,2010,2026-08-22,2026-08-22,No explicit adult/TL marker in matched source or product; Rakuten booksGenreId=001001003053; rakutenProductUrl=https://books.rakuten.co.jp/rb/6025371/.
candidate-23a842306a70ec170a97,safe,KADOKAWA「次にくるマンガ大賞」 mainstream selection + Rakuten Books manga category,https://tsugimanga.jp/winner/2022/comics,2022-08-31,2026-08-22,2026-08-22,No explicit adult/TL marker in matched source or product; Rakuten booksGenreId=001001012/001001003058; rakutenProductUrl=https://books.rakuten.co.jp/rb/17180684/.
candidate-23c38bf18af4e16b42be,safe,KADOKAWA「次にくるマンガ大賞」 mainstream selection + Rakuten Books manga category,https://tsugimanga.jp/winner/2019/comics,2019-08-22,2026-08-22,2026-08-22,No explicit adult/TL marker in matched source or product; Rakuten booksGenreId=001001002024; rakutenProductUrl=https://books.rakuten.co.jp/rb/15483964/.
candidate-23fd39ffc819ea11b8a7,safe,マンガ大賞実行委員会 mainstream selection + Rakuten Books manga category,https://www.mangataisho.com/archives/2013.html,2013,2026-08-22,2026-08-22,No explicit adult/TL marker in matched source or product; Rakuten booksGenreId=001001003005; rakutenProductUrl=https://books.rakuten.co.jp/rb/11604011/.
candidate-2406b2ca910adb6c1d73,safe,宝島社「このマンガがすごい！」編集部 mainstream selection + Rakuten Books manga category,https://sugoiweb.jp/column/4894/,2019-12-20,2026-08-22,2026-08-22,No explicit adult/TL marker in matched source or product; Rakuten booksGenreId=001001003005; rakutenProductUrl=https://books.rakuten.co.jp/rb/15957288/.
candidate-24bb011dccc8c1dd20ce,safe,マンガ大賞実行委員会 mainstream selection + Rakuten Books manga category,https://www.mangataisho.com/archives/2010.html,2010,2026-08-22,2026-08-22,No explicit adult/TL marker in matched source or product; Rakuten booksGenreId=001001003058; rakutenProductUrl=https://books.rakuten.co.jp/rb/6133494/.
candidate-24d8a688476d333c7300,safe,マンガ大賞実行委員会 mainstream selection + Rakuten Books manga category,https://www.mangataisho.com/archives/2011.html,2011,2026-08-22,2026-08-22,No explicit adult/TL marker in matched source or product; Rakuten booksGenreId=001001003021; rakutenProductUrl=https://books.rakuten.co.jp/rb/6030788/.
candidate-24de0c652b25b9f56125,safe,マンガ大賞実行委員会 mainstream selection + Rakuten Books manga category,https://www.mangataisho.com/archives/2011.html,2011,2026-08-22,2026-08-22,No explicit adult/TL marker in matched source or product; Rakuten booksGenreId=001001003053/001001003035; rakutenProductUrl=https://books.rakuten.co.jp/rb/4298395/.
candidate-24e49de317a49e2761f1,safe,KADOKAWA「次にくるマンガ大賞」 mainstream selection + Rakuten Books manga category,https://tsugimanga.jp/winner/2016/comics,2016-02-04,2026-08-22,2026-08-22,No explicit adult/TL marker in matched source or product; Rakuten booksGenreId=001001003005; rakutenProductUrl=https://books.rakuten.co.jp/rb/11936304/.
candidate-253f5626d3ce094fb544,safe,KADOKAWA「次にくるマンガ大賞」 mainstream selection + Rakuten Books manga category,https://tsugimanga.jp/nominate/comics,2026-06-26,2026-08-22,2026-08-22,No explicit adult/TL marker in matched source or product; Rakuten booksGenreId=001001003005; rakutenProductUrl=https://books.rakuten.co.jp/rb/18420497/.
candidate-256eeb839e052e0b24c4,safe,KADOKAWA「次にくるマンガ大賞」 mainstream selection + Rakuten Books manga category,https://tsugimanga.jp/winner/2023/comics,2023-08-31,2026-08-22,2026-08-22,No explicit adult/TL marker in matched source or product; Rakuten booksGenreId=001001012; rakutenProductUrl=https://books.rakuten.co.jp/rb/17183499/.
candidate-2582309550646b0b4f82,safe,マンガ大賞実行委員会 mainstream selection + Rakuten Books manga category,https://www.mangataisho.com/archives/2011.html,2011,2026-08-22,2026-08-22,No explicit adult/TL marker in matched source or product; Rakuten booksGenreId=001001003009; rakutenProductUrl=https://books.rakuten.co.jp/rb/6454196/.
candidate-25c44bf9036baf7168e3,safe,マンガ大賞実行委員会 mainstream selection + Rakuten Books manga category,https://www.mangataisho.com/archives/2014.html,2014,2026-08-22,2026-08-22,No explicit adult/TL marker in matched source or product; Rakuten booksGenreId=001001003047; rakutenProductUrl=https://books.rakuten.co.jp/rb/12166095/.
candidate-25f4d6c9c2735279f479,safe,KADOKAWA「次にくるマンガ大賞」 mainstream selection + Rakuten Books manga category,https://tsugimanga.jp/winner/2025/comics,2025-09-18,2026-08-22,2026-08-22,No explicit adult/TL marker in matched source or product; Rakuten booksGenreId=001001001009; rakutenProductUrl=https://books.rakuten.co.jp/rb/18114334/.
candidate-2622d7788c42f875f7eb,safe,マンガ大賞実行委員会 mainstream selection + Rakuten Books manga category,https://www.mangataisho.com/archives/2009.html,2009,2026-08-22,2026-08-22,No explicit adult/TL marker in matched source or product; Rakuten booksGenreId=001001003026; rakutenProductUrl=https://books.rakuten.co.jp/rb/5561991/.
candidate-268121469703c73b00d7,safe,マンガ大賞実行委員会 mainstream selection + Rakuten Books manga category,https://www.mangataisho.com/archives/2014.html,2014,2026-08-22,2026-08-22,No explicit adult/TL marker in matched source or product; Rakuten booksGenreId=001001012; rakutenProductUrl=https://books.rakuten.co.jp/rb/11771403/.
candidate-268e1fa3599955359969,safe,マンガ大賞実行委員会 mainstream selection + Rakuten Books manga category,https://www.mangataisho.com/archives/index.html,2025,2026-08-22,2026-08-22,No explicit adult/TL marker in matched source or product; Rakuten booksGenreId=001001001008; rakutenProductUrl=https://books.rakuten.co.jp/rb/17793418/.
candidate-26e7c545d71636545e18,safe,マンガ大賞実行委員会 mainstream selection + Rakuten Books manga category,https://www.mangataisho.com/archives/2014.html,2014,2026-08-22,2026-08-22,No explicit adult/TL marker in matched source or product; Rakuten booksGenreId=001001003004; rakutenProductUrl=https://books.rakuten.co.jp/rb/12418816/.
candidate-27d993f99ff7042b5338,safe,宝島社「このマンガがすごい！」編集部 mainstream selection + Rakuten Books manga category,https://sugoiweb.jp/column/4894/,2019-12-20,2026-08-22,2026-08-22,No explicit adult/TL marker in matched source or product; Rakuten booksGenreId=001001003004; rakutenProductUrl=https://books.rakuten.co.jp/rb/15620757/.
candidate-28102756d9fe31e97bf9,safe,KADOKAWA「次にくるマンガ大賞」 mainstream selection + Rakuten Books manga category,https://tsugimanga.jp/winner/2025/comics,2025-09-18,2026-08-22,2026-08-22,No explicit adult/TL marker in matched source or product; Rakuten booksGenreId=001001002025; rakutenProductUrl=https://books.rakuten.co.jp/rb/17514398/.
candidate-28663a81f12fb90640d8,safe,マンガ大賞実行委員会 mainstream selection + Rakuten Books manga category,https://www.mangataisho.com/archives/2014.html,2014,2026-08-22,2026-08-22,No explicit adult/TL marker in matched source or product; Rakuten booksGenreId=001001012; rakutenProductUrl=https://books.rakuten.co.jp/rb/11684884/.
candidate-288350bffa05c3bc10da,safe,KADOKAWA「次にくるマンガ大賞」 mainstream selection + Rakuten Books manga category,https://tsugimanga.jp/winner/2017/comics,2017-08-23,2026-08-22,2026-08-22,No explicit adult/TL marker in matched source or product; Rakuten booksGenreId=001001012; rakutenProductUrl=https://books.rakuten.co.jp/rb/14264735/.
candidate-2886a7f0a3e225ea8c9d,safe,KADOKAWA「次にくるマンガ大賞」 mainstream selection + Rakuten Books manga category,https://tsugimanga.jp/nominate/comics,2026-06-26,2026-08-22,2026-08-22,No explicit adult/TL marker in matched source or product; Rakuten booksGenreId=001001001001; rakutenProductUrl=https://books.rakuten.co.jp/rb/17928938/.
candidate-28defed571261aa35b6d,safe,KADOKAWA「次にくるマンガ大賞」 mainstream selection + Rakuten Books manga category,https://tsugimanga.jp/winner/2015/comics,2015-02-06,2026-08-22,2026-08-22,No explicit adult/TL marker in matched source or product; Rakuten booksGenreId=001001001002; rakutenProductUrl=https://books.rakuten.co.jp/rb/12166449/.
candidate-28ef0b4d0776d2168158,safe,KADOKAWA「次にくるマンガ大賞」 mainstream selection + Rakuten Books manga category,https://tsugimanga.jp/winner/2019/comics,2019-08-22,2026-08-22,2026-08-22,No explicit adult/TL marker in matched source or product; Rakuten booksGenreId=001001001008; rakutenProductUrl=https://books.rakuten.co.jp/rb/15681713/.
candidate-28ffbc90daf057b04687,safe,KADOKAWA「次にくるマンガ大賞」 mainstream selection + Rakuten Books manga category,https://tsugimanga.jp/winner/2020/comics,2020-08-19,2026-08-22,2026-08-22,No explicit adult/TL marker in matched source or product; Rakuten booksGenreId=001001012; rakutenProductUrl=https://books.rakuten.co.jp/rb/16179042/.
candidate-2922260bc2a45296514e,safe,KADOKAWA「次にくるマンガ大賞」 mainstream selection + Rakuten Books manga category,https://tsugimanga.jp/winner/2019/comics,2019-08-22,2026-08-22,2026-08-22,No explicit adult/TL marker in matched source or product; Rakuten booksGenreId=001001003015; rakutenProductUrl=https://books.rakuten.co.jp/rb/15889076/.
candidate-296978e57b2f8f5810b3,safe,マンガ大賞実行委員会 mainstream selection + Rakuten Books manga category,https://www.mangataisho.com/archives/2010.html,2010,2026-08-22,2026-08-22,No explicit adult/TL marker in matched source or product; Rakuten booksGenreId=001001012; rakutenProductUrl=https://books.rakuten.co.jp/rb/6052309/.
candidate-29806fe5f9633b940747,safe,マンガ大賞実行委員会 mainstream selection + Rakuten Books manga category,https://www.mangataisho.com/archives/2013.html,2013,2026-08-22,2026-08-22,No explicit adult/TL marker in matched source or product; Rakuten booksGenreId=001001001008; rakutenProductUrl=https://books.rakuten.co.jp/rb/11941886/.
candidate-2992c74ee206f4464282,safe,宝島社「このマンガがすごい！」編集部 mainstream selection + Rakuten Books manga category,https://sugoiweb.jp/column/4772/,2022-12-12,2026-08-22,2026-08-22,No explicit adult/TL marker in matched source or product; Rakuten booksGenreId=001001003004; rakutenProductUrl=https://books.rakuten.co.jp/rb/16953956/.
candidate-29d4300ad9d3358fb67a,safe,マンガ大賞実行委員会 mainstream selection + Rakuten Books manga category,https://www.mangataisho.com/archives/2012.html,2012,2026-08-22,2026-08-22,No explicit adult/TL marker in matched source or product; Rakuten booksGenreId=001001012; rakutenProductUrl=https://books.rakuten.co.jp/rb/11378102/.
candidate-2a73da617f89ddbe502d,safe,マンガ大賞実行委員会 mainstream selection + Rakuten Books manga category,https://www.mangataisho.com/archives/2012.html,2012,2026-08-22,2026-08-22,No explicit adult/TL marker in matched source or product; Rakuten booksGenreId=001001003018; rakutenProductUrl=https://books.rakuten.co.jp/rb/11155191/.
candidate-2aa625102f57ef93a165,safe,マンガ大賞実行委員会 mainstream selection + Rakuten Books manga category,https://www.mangataisho.com/archives/2013.html,2013,2026-08-22,2026-08-22,No explicit adult/TL marker in matched source or product; Rakuten booksGenreId=001001002006; rakutenProductUrl=https://books.rakuten.co.jp/rb/11742615/.
candidate-2aded24fd8a309ef5d2f,safe,小学館「小学館漫画賞」 mainstream selection + Rakuten Books manga category,https://shogakukan-comic.jp/shogakukan-mangasho-archives,1994,2026-08-22,2026-08-22,No explicit adult/TL marker in matched source or product; Rakuten booksGenreId=001001001014; rakutenProductUrl=https://books.rakuten.co.jp/rb/591518/.
candidate-2ae7ce31d011e7b3a810,safe,マンガ大賞実行委員会 mainstream selection + Rakuten Books manga category,https://www.mangataisho.com/archives/2012.html,2012,2026-08-22,2026-08-22,No explicit adult/TL marker in matched source or product; Rakuten booksGenreId=001001012; rakutenProductUrl=https://books.rakuten.co.jp/rb/11124030/.
candidate-2af687c49ad9b5758f0f,safe,KADOKAWA「次にくるマンガ大賞」 mainstream selection + Rakuten Books manga category,https://tsugimanga.jp/winner/2022/comics,2022-08-31,2026-08-22,2026-08-22,No explicit adult/TL marker in matched source or product; Rakuten booksGenreId=001001012/001001003010; rakutenProductUrl=https://books.rakuten.co.jp/rb/16779702/.
candidate-2b3823cbc20430e066f6,safe,マンガ大賞実行委員会 mainstream selection + Rakuten Books manga category,https://www.mangataisho.com/archives/2010.html,2010,2026-08-22,2026-08-22,No explicit adult/TL marker in matched source or product; Rakuten booksGenreId=001001003008; rakutenProductUrl=https://books.rakuten.co.jp/rb/4449827/.
candidate-2b94b6742ee16e29f5d3,safe,マンガ大賞実行委員会 mainstream selection + Rakuten Books manga category,https://www.mangataisho.com/archives/2015.html,2015,2026-08-22,2026-08-22,No explicit adult/TL marker in matched source or product; Rakuten booksGenreId=001001003004; rakutenProductUrl=https://books.rakuten.co.jp/rb/12831614/.
candidate-2be107f48f7bea02034e,safe,マンガ大賞実行委員会 mainstream selection + Rakuten Books manga category,https://www.mangataisho.com/archives/2008.html,2008,2026-08-22,2026-08-22,No explicit adult/TL marker in matched source or product; Rakuten booksGenreId=001001003044; rakutenProductUrl=https://books.rakuten.co.jp/rb/4444420/.
candidate-2be5ce3ac89139bd4cdb,safe,KADOKAWA「次にくるマンガ大賞」 mainstream selection + Rakuten Books manga category,https://tsugimanga.jp/winner/2024/comics,2024-08-28,2026-08-22,2026-08-22,No explicit adult/TL marker in matched source or product; Rakuten booksGenreId=001001001008; rakutenProductUrl=https://books.rakuten.co.jp/rb/17739137/.
candidate-2bf90cde47b156d1acb6,safe,KADOKAWA「次にくるマンガ大賞」 mainstream selection + Rakuten Books manga category,https://tsugimanga.jp/winner/2015/comics,2015-02-06,2026-08-22,2026-08-22,No explicit adult/TL marker in matched source or product; Rakuten booksGenreId=001001003044; rakutenProductUrl=https://books.rakuten.co.jp/rb/12346255/.
candidate-2c46bb51f0e0acb08032,safe,KADOKAWA「次にくるマンガ大賞」 mainstream selection + Rakuten Books manga category,https://tsugimanga.jp/winner/2018/comics,2018-08-23,2026-08-22,2026-08-22,No explicit adult/TL marker in matched source or product; Rakuten booksGenreId=001001012; rakutenProductUrl=https://books.rakuten.co.jp/rb/13783093/.
candidate-2c4fe00df5255fc082f9,safe,マンガ大賞実行委員会 mainstream selection + Rakuten Books manga category,https://www.mangataisho.com/archives/2013.html,2013,2026-08-22,2026-08-22,No explicit adult/TL marker in matched source or product; Rakuten booksGenreId=001001012; rakutenProductUrl=https://books.rakuten.co.jp/rb/11842652/.
candidate-2ca9296a0a38d5df250a,safe,KADOKAWA「次にくるマンガ大賞」 mainstream selection + Rakuten Books manga category,https://tsugimanga.jp/winner/2017/comics,2017-08-23,2026-08-22,2026-08-22,No explicit adult/TL marker in matched source or product; Rakuten booksGenreId=001001003046; rakutenProductUrl=https://books.rakuten.co.jp/rb/13417044/.
candidate-2ce2dc417dca4bc939fa,safe,KADOKAWA「次にくるマンガ大賞」 mainstream selection + Rakuten Books manga category,https://tsugimanga.jp/winner/2017/comics,2017-08-23,2026-08-22,2026-08-22,No explicit adult/TL marker in matched source or product; Rakuten booksGenreId=001001003050; rakutenProductUrl=https://books.rakuten.co.jp/rb/14895442/.
candidate-2d1408ff9b83acc27724,safe,マンガ大賞実行委員会 mainstream selection + Rakuten Books manga category,https://www.mangataisho.com/archives/2009.html,2009,2026-08-22,2026-08-22,No explicit adult/TL marker in matched source or product; Rakuten booksGenreId=001001003026; rakutenProductUrl=https://books.rakuten.co.jp/rb/4287339/.
candidate-2d385ad0525742330e70,safe,KADOKAWA「次にくるマンガ大賞」 mainstream selection + Rakuten Books manga category,https://tsugimanga.jp/winner/2024/comics,2024-08-28,2026-08-22,2026-08-22,No explicit adult/TL marker in matched source or product; Rakuten booksGenreId=001001003003; rakutenProductUrl=https://books.rakuten.co.jp/rb/17695666/.
candidate-2d87d6ab4eb3b879e39e,safe,KADOKAWA「次にくるマンガ大賞」 mainstream selection + Rakuten Books manga category,https://tsugimanga.jp/winner/2016/comics,2016-02-04,2026-08-22,2026-08-22,No explicit adult/TL marker in matched source or product; Rakuten booksGenreId=001001003015; rakutenProductUrl=https://books.rakuten.co.jp/rb/12961330/.
candidate-2d99fb3c7efc4377b312,safe,KADOKAWA「次にくるマンガ大賞」 mainstream selection + Rakuten Books manga category,https://tsugimanga.jp/winner/2017/comics,2017-08-23,2026-08-22,2026-08-22,No explicit adult/TL marker in matched source or product; Rakuten booksGenreId=001001001006; rakutenProductUrl=https://books.rakuten.co.jp/rb/14769640/.
candidate-2dbe24f60dff41c46619,safe,マンガ大賞実行委員会 mainstream selection + Rakuten Books manga category,https://www.mangataisho.com/archives/2009.html,2009,2026-08-22,2026-08-22,No explicit adult/TL marker in matched source or product; Rakuten booksGenreId=001001003047; rakutenProductUrl=https://books.rakuten.co.jp/rb/4424351/.
candidate-2df743e085adef5e9bd3,safe,KADOKAWA「次にくるマンガ大賞」 mainstream selection + Rakuten Books manga category,https://tsugimanga.jp/winner/2024/comics,2024-08-28,2026-08-22,2026-08-22,No explicit adult/TL marker in matched source or product; Rakuten booksGenreId=001001001008; rakutenProductUrl=https://books.rakuten.co.jp/rb/17577205/.
candidate-2e2e54a255eda38f89c2,safe,マンガ大賞実行委員会 mainstream selection + Rakuten Books manga category,https://www.mangataisho.com/archives/2019.html,2019,2026-08-22,2026-08-22,No explicit adult/TL marker in matched source or product; Rakuten booksGenreId=001001012; rakutenProductUrl=https://books.rakuten.co.jp/rb/15371844/.
candidate-2ed2c94fe3de948be954,safe,KADOKAWA「次にくるマンガ大賞」 mainstream selection + Rakuten Books manga category,https://tsugimanga.jp/winner/2020/comics,2020-08-19,2026-08-22,2026-08-22,No explicit adult/TL marker in matched source or product; Rakuten booksGenreId=001001001008; rakutenProductUrl=https://books.rakuten.co.jp/rb/16234549/.
candidate-2f1caacde7e8573146ef,safe,マンガ大賞実行委員会 mainstream selection + Rakuten Books manga category,https://www.mangataisho.com/archives/2013.html,2013,2026-08-22,2026-08-22,No explicit adult/TL marker in matched source or product; Rakuten booksGenreId=001001003026; rakutenProductUrl=https://books.rakuten.co.jp/rb/11259394/.
candidate-2f1d1c3ad0f943f1562f,safe,KADOKAWA「次にくるマンガ大賞」 mainstream selection + Rakuten Books manga category,https://tsugimanga.jp/winner/2024/comics,2024-08-28,2026-08-22,2026-08-22,No explicit adult/TL marker in matched source or product; Rakuten booksGenreId=001001001009; rakutenProductUrl=https://books.rakuten.co.jp/rb/17770015/.
candidate-2f39795212f5ad8db155,safe,小学館「小学館漫画賞」 mainstream selection + Rakuten Books manga category,https://shogakukan-comic.jp/shogakukan-mangasho-archives,1997,2026-08-22,2026-08-22,No explicit adult/TL marker in matched source or product; Rakuten booksGenreId=001001003009; rakutenProductUrl=https://books.rakuten.co.jp/rb/705871/.
candidate-2f3c0cad1abdcbf5de00,safe,KADOKAWA「次にくるマンガ大賞」 mainstream selection + Rakuten Books manga category,https://tsugimanga.jp/winner/2015/comics,2015-02-06,2026-08-22,2026-08-22,No explicit adult/TL marker in matched source or product; Rakuten booksGenreId=001001002005; rakutenProductUrl=https://books.rakuten.co.jp/rb/12323150/.
candidate-2f6ab113628039681849,safe,日本出版販売「全国書店員が選んだおすすめコミック」 mainstream selection + Rakuten Books manga category,https://hon-hikidashi.jp/event/105008/,2012,2026-08-22,2026-08-22,No explicit adult/TL marker in matched source or product; Rakuten booksGenreId=001001003022; rakutenProductUrl=https://books.rakuten.co.jp/rb/11229475/.
candidate-2f799932ece28aa8c553,safe,マンガ大賞実行委員会 mainstream selection + Rakuten Books manga category,https://www.mangataisho.com/archives/2010.html,2010,2026-08-22,2026-08-22,No explicit adult/TL marker in matched source or product; Rakuten booksGenreId=001001003053/001001003035; rakutenProductUrl=https://books.rakuten.co.jp/rb/5996868/.
candidate-2f8f8ff0e042ac2e2f02,safe,KADOKAWA「次にくるマンガ大賞」 mainstream selection + Rakuten Books manga category,https://tsugimanga.jp/winner/2016/comics,2016-02-04,2026-08-22,2026-08-22,No explicit adult/TL marker in matched source or product; Rakuten booksGenreId=001001012; rakutenProductUrl=https://books.rakuten.co.jp/rb/13086375/.
candidate-2f96453b568685326a51,safe,小学館「小学館漫画賞」 mainstream selection + Rakuten Books manga category,https://shogakukan-comic.jp/shogakukan-mangasho-archives,2022,2026-08-22,2026-08-22,No explicit adult/TL marker in matched source or product; Rakuten booksGenreId=001001002007; rakutenProductUrl=https://books.rakuten.co.jp/rb/16023455/.
candidate-2fb1efb7a8cb7dfd9530,safe,マンガ大賞実行委員会 mainstream selection + Rakuten Books manga category,https://www.mangataisho.com/archives/2008.html,2008,2026-08-22,2026-08-22,No explicit adult/TL marker in matched source or product; Rakuten booksGenreId=001001002011; rakutenProductUrl=https://books.rakuten.co.jp/rb/4514397/.
candidate-2fd3c6ab4b6d12491068,safe,KADOKAWA「次にくるマンガ大賞」 mainstream selection + Rakuten Books manga category,https://tsugimanga.jp/winner/2019/comics,2019-08-22,2026-08-22,2026-08-22,No explicit adult/TL marker in matched source or product; Rakuten booksGenreId=001001002009; rakutenProductUrl=https://books.rakuten.co.jp/rb/15540156/.
candidate-303d0a9d67a606a817af,safe,小学館「小学館漫画賞」 mainstream selection + Rakuten Books manga category,https://shogakukan-comic.jp/shogakukan-mangasho-archives,1995,2026-08-22,2026-08-22,No explicit adult/TL marker in matched source or product; Rakuten booksGenreId=001001003009; rakutenProductUrl=https://books.rakuten.co.jp/rb/549696/.
candidate-3080de07cac432363d5b,safe,マンガ大賞実行委員会 mainstream selection + Rakuten Books manga category,https://www.mangataisho.com/archives/2011.html,2011,2026-08-22,2026-08-22,No explicit adult/TL marker in matched source or product; Rakuten booksGenreId=001001012; rakutenProductUrl=https://books.rakuten.co.jp/rb/6385014/.
candidate-3124e8cb1757063cd11f,safe,マンガ大賞実行委員会 mainstream selection + Rakuten Books manga category,https://www.mangataisho.com/archives/2008.html,2008,2026-08-22,2026-08-22,No explicit adult/TL marker in matched source or product; Rakuten booksGenreId=001001003005; rakutenProductUrl=https://books.rakuten.co.jp/rb/1774970/.
candidate-312aa7f134372423fce0,safe,小学館「小学館漫画賞」 mainstream selection + Rakuten Books manga category,https://shogakukan-comic.jp/shogakukan-mangasho-archives,1996,2026-08-22,2026-08-22,No explicit adult/TL marker in matched source or product; Rakuten booksGenreId=001001001009; rakutenProductUrl=https://books.rakuten.co.jp/rb/778731/.
candidate-3136f2b463675644310f,safe,マンガ大賞実行委員会 mainstream selection + Rakuten Books manga category,https://www.mangataisho.com/archives/2011.html,2011,2026-08-22,2026-08-22,No explicit adult/TL marker in matched source or product; Rakuten booksGenreId=001001003023; rakutenProductUrl=https://books.rakuten.co.jp/rb/6573332/.
candidate-314b2da5452f41cfcca9,safe,KADOKAWA「次にくるマンガ大賞」 mainstream selection + Rakuten Books manga category,https://tsugimanga.jp/nominate/comics,2026-06-26,2026-08-22,2026-08-22,No explicit adult/TL marker in matched source or product; Rakuten booksGenreId=001001001002; rakutenProductUrl=https://books.rakuten.co.jp/rb/18500750/.
candidate-314e0a0e05d65c4bcf92,safe,KADOKAWA「次にくるマンガ大賞」 mainstream selection + Rakuten Books manga category,https://tsugimanga.jp/winner/2019/comics,2019-08-22,2026-08-22,2026-08-22,No explicit adult/TL marker in matched source or product; Rakuten booksGenreId=001001003043/001001002025/001001002024/001001002018; rakutenProductUrl=https://books.rakuten.co.jp/rb/15729843/.
candidate-31585766568765ca238d,safe,KADOKAWA「次にくるマンガ大賞」 mainstream selection + Rakuten Books manga category,https://tsugimanga.jp/winner/2017/comics,2017-08-23,2026-08-22,2026-08-22,No explicit adult/TL marker in matched source or product; Rakuten booksGenreId=001001003009; rakutenProductUrl=https://books.rakuten.co.jp/rb/14318688/.
candidate-3179334d0e99db4a1af7,safe,マンガ大賞実行委員会 mainstream selection + Rakuten Books manga category,https://www.mangataisho.com/archives/2009.html,2009,2026-08-22,2026-08-22,No explicit adult/TL marker in matched source or product; Rakuten booksGenreId=001001003020/001001002017; rakutenProductUrl=https://books.rakuten.co.jp/rb/5496051/.
candidate-319e39a597d16251efc9,safe,マンガ大賞実行委員会 mainstream selection + Rakuten Books manga category,https://www.mangataisho.com/archives/2010.html,2010,2026-08-22,2026-08-22,No explicit adult/TL marker in matched source or product; Rakuten booksGenreId=001001003023; rakutenProductUrl=https://books.rakuten.co.jp/rb/6219401/.
candidate-31b62d69a0227477db04,safe,マンガ大賞実行委員会 mainstream selection + Rakuten Books manga category,https://www.mangataisho.com/archives/2013.html,2013,2026-08-22,2026-08-22,No explicit adult/TL marker in matched source or product; Rakuten booksGenreId=001001003004; rakutenProductUrl=https://books.rakuten.co.jp/rb/11364805/.
candidate-31e7e4b93d21620f1717,safe,マンガ大賞実行委員会 mainstream selection + Rakuten Books manga category,https://www.mangataisho.com/archives/2010.html,2010,2026-08-22,2026-08-22,No explicit adult/TL marker in matched source or product; Rakuten booksGenreId=001001004001; rakutenProductUrl=https://books.rakuten.co.jp/rb/6002233/.
candidate-323baa7e8d1071236816,safe,マンガ大賞実行委員会 mainstream selection + Rakuten Books manga category,https://www.mangataisho.com/archives/2015.html,2015,2026-08-22,2026-08-22,No explicit adult/TL marker in matched source or product; Rakuten booksGenreId=001001003009; rakutenProductUrl=https://books.rakuten.co.jp/rb/12818591/.
candidate-32488d82859f2f0b6fba,safe,マンガ大賞実行委員会 mainstream selection + Rakuten Books manga category,https://www.mangataisho.com/archives/2011.html,2011,2026-08-22,2026-08-22,No explicit adult/TL marker in matched source or product; Rakuten booksGenreId=001001001008; rakutenProductUrl=https://books.rakuten.co.jp/rb/6314788/.
candidate-3278e6baf1b041f07a47,safe,小学館「小学館漫画賞」 mainstream selection + Rakuten Books manga category,https://shogakukan-comic.jp/shogakukan-mangasho-archives,2017,2026-08-22,2026-08-22,No explicit adult/TL marker in matched source or product; Rakuten booksGenreId=001001002013; rakutenProductUrl=https://books.rakuten.co.jp/rb/13457321/.
candidate-32a296894fa823b70e71,safe,マンガ大賞実行委員会 mainstream selection + Rakuten Books manga category,https://www.mangataisho.com/archives/2012.html,2012,2026-08-22,2026-08-22,No explicit adult/TL marker in matched source or product; Rakuten booksGenreId=001001012; rakutenProductUrl=https://books.rakuten.co.jp/rb/11233098/.
candidate-32f3406fd7c8f2043c70,safe,マンガ大賞実行委員会 mainstream selection + Rakuten Books manga category,https://www.mangataisho.com/archives/2013.html,2013,2026-08-22,2026-08-22,No explicit adult/TL marker in matched source or product; Rakuten booksGenreId=001001002006; rakutenProductUrl=https://books.rakuten.co.jp/rb/11658493/.
candidate-335e47351a159b8445a3,safe,小学館「小学館漫画賞」 mainstream selection + Rakuten Books manga category,https://shogakukan-comic.jp/shogakukan-mangasho-archives,2004,2026-08-22,2026-08-22,No explicit adult/TL marker in matched source or product; Rakuten booksGenreId=001001001008; rakutenProductUrl=https://books.rakuten.co.jp/rb/4271934/.
candidate-33a859f6f205410851ee,safe,KADOKAWA「次にくるマンガ大賞」 mainstream selection + Rakuten Books manga category,https://tsugimanga.jp/winner/2023/comics,2023-08-31,2026-08-22,2026-08-22,No explicit adult/TL marker in matched source or product; Rakuten booksGenreId=001001003053/001001003035; rakutenProductUrl=https://books.rakuten.co.jp/rb/16700266/.
candidate-33d51b4d87937d96d74e,safe,マンガ大賞実行委員会 mainstream selection + Rakuten Books manga category,https://www.mangataisho.com/archives/2012.html,2012,2026-08-22,2026-08-22,No explicit adult/TL marker in matched source or product; Rakuten booksGenreId=001001012; rakutenProductUrl=https://books.rakuten.co.jp/rb/11421841/.
candidate-33e6270fa16cb43e8efb,safe,マンガ大賞実行委員会 mainstream selection + Rakuten Books manga category,https://www.mangataisho.com/archives/2014.html,2014,2026-08-22,2026-08-22,No explicit adult/TL marker in matched source or product; Rakuten booksGenreId=001001003044; rakutenProductUrl=https://books.rakuten.co.jp/rb/12417316/.
candidate-3419e3c5c5983389c6cf,safe,マンガ大賞実行委員会 mainstream selection + Rakuten Books manga category,https://www.mangataisho.com/archives/2013.html,2013,2026-08-22,2026-08-22,No explicit adult/TL marker in matched source or product; Rakuten booksGenreId=001001002020; rakutenProductUrl=https://books.rakuten.co.jp/rb/11321964/.
candidate-34401c80177ff546bb51,safe,マンガ大賞実行委員会 mainstream selection + Rakuten Books manga category,https://www.mangataisho.com/archives/2010.html,2010,2026-08-22,2026-08-22,No explicit adult/TL marker in matched source or product; Rakuten booksGenreId=001001003018; rakutenProductUrl=https://books.rakuten.co.jp/rb/5360990/.
candidate-34bba03e2a127ef29cd7,safe,マンガ大賞実行委員会 mainstream selection + Rakuten Books manga category,https://www.mangataisho.com/archives/2019.html,2019,2026-08-22,2026-08-22,No explicit adult/TL marker in matched source or product; Rakuten booksGenreId=001001012; rakutenProductUrl=https://books.rakuten.co.jp/rb/15120519/.
candidate-34be6790e38e455a3f49,safe,マンガ大賞実行委員会 mainstream selection + Rakuten Books manga category,https://www.mangataisho.com/archives/2012.html,2012,2026-08-22,2026-08-22,No explicit adult/TL marker in matched source or product; Rakuten booksGenreId=001001012; rakutenProductUrl=https://books.rakuten.co.jp/rb/11238117/.
candidate-353df9f584c34ab01b56,safe,宝島社「このマンガがすごい！」編集部 mainstream selection + Rakuten Books manga category,https://sugoiweb.jp/column/4894/,2019-12-20,2026-08-22,2026-08-22,No explicit adult/TL marker in matched source or product; Rakuten booksGenreId=001001012; rakutenProductUrl=https://books.rakuten.co.jp/rb/16005355/.
candidate-354c8e69d8a281712b7d,safe,マンガ大賞実行委員会 mainstream selection + Rakuten Books manga category,https://www.mangataisho.com/archives/2015.html,2015,2026-08-22,2026-08-22,No explicit adult/TL marker in matched source or product; Rakuten booksGenreId=001001012/001012001; rakutenProductUrl=https://books.rakuten.co.jp/rb/12873014/.
candidate-3554ea574c5df1360e59,safe,KADOKAWA「次にくるマンガ大賞」 mainstream selection + Rakuten Books manga category,https://tsugimanga.jp/winner/2018/comics,2018-08-23,2026-08-22,2026-08-22,No explicit adult/TL marker in matched source or product; Rakuten booksGenreId=001001003015; rakutenProductUrl=https://books.rakuten.co.jp/rb/14992419/.
candidate-355a6d64ff8f5b8cf438,safe,マンガ大賞実行委員会 mainstream selection + Rakuten Books manga category,https://www.mangataisho.com/archives/2013.html,2013,2026-08-22,2026-08-22,No explicit adult/TL marker in matched source or product; Rakuten booksGenreId=001001003005; rakutenProductUrl=https://books.rakuten.co.jp/rb/11480097/.
candidate-3588928ab8f6a2520923,safe,宝島社「このマンガがすごい！」編集部 mainstream selection + Rakuten Books manga category,https://sugoiweb.jp/column/4815/,2021-12-07,2026-08-22,2026-08-22,No explicit adult/TL marker in matched source or product; Rakuten booksGenreId=001001012; rakutenProductUrl=https://books.rakuten.co.jp/rb/16762995/.
candidate-3588c08df5ba12b26cab,safe,KADOKAWA「次にくるマンガ大賞」 mainstream selection + Rakuten Books manga category,https://tsugimanga.jp/winner/2021/comics,2021-08-24,2026-08-22,2026-08-22,No explicit adult/TL marker in matched source or product; Rakuten booksGenreId=001001003058; rakutenProductUrl=https://books.rakuten.co.jp/rb/16686435/.
candidate-35eb1a0fb864dd734f9a,safe,KADOKAWA「次にくるマンガ大賞」 mainstream selection + Rakuten Books manga category,https://tsugimanga.jp/winner/2021/comics,2021-08-24,2026-08-22,2026-08-22,No explicit adult/TL marker in matched source or product; Rakuten booksGenreId=001001003004; rakutenProductUrl=https://books.rakuten.co.jp/rb/16494355/.
candidate-364e62bd7dfd73149d14,safe,日本出版販売「全国書店員が選んだおすすめコミック」 mainstream selection + Rakuten Books manga category,https://hon-hikidashi.jp/event/28229/,2024,2026-08-22,2026-08-22,No explicit adult/TL marker in matched source or product; Rakuten booksGenreId=001001012; rakutenProductUrl=https://books.rakuten.co.jp/rb/16977567/.
candidate-365fa509b829e420807e,safe,KADOKAWA「次にくるマンガ大賞」 mainstream selection + Rakuten Books manga category,https://tsugimanga.jp/winner/2018/comics,2018-08-23,2026-08-22,2026-08-22,No explicit adult/TL marker in matched source or product; Rakuten booksGenreId=001001001009; rakutenProductUrl=https://books.rakuten.co.jp/rb/15064563/.
candidate-366a0d9d6ccc876b7c04,safe,KADOKAWA「次にくるマンガ大賞」 mainstream selection + Rakuten Books manga category,https://tsugimanga.jp/winner/2023/comics,2023-08-31,2026-08-22,2026-08-22,No explicit adult/TL marker in matched source or product; Rakuten booksGenreId=001001003046; rakutenProductUrl=https://books.rakuten.co.jp/rb/16543821/.
candidate-366b0db13fa737e823aa,safe,マンガ大賞実行委員会 mainstream selection + Rakuten Books manga category,https://www.mangataisho.com/archives/2015.html,2015,2026-08-22,2026-08-22,No explicit adult/TL marker in matched source or product; Rakuten booksGenreId=001001003035; rakutenProductUrl=https://books.rakuten.co.jp/rb/11684938/.
candidate-367954fd612f8bf56d06,safe,マンガ大賞実行委員会 mainstream selection + Rakuten Books manga category,https://www.mangataisho.com/archives/2012.html,2012,2026-08-22,2026-08-22,No explicit adult/TL marker in matched source or product; Rakuten booksGenreId=001001003015; rakutenProductUrl=https://books.rakuten.co.jp/rb/11234812/.
candidate-369c7c1517af225b19be,safe,KADOKAWA「次にくるマンガ大賞」 mainstream selection + Rakuten Books manga category,https://tsugimanga.jp/winner/2016/comics,2016-02-04,2026-08-22,2026-08-22,No explicit adult/TL marker in matched source or product; Rakuten booksGenreId=001001012; rakutenProductUrl=https://books.rakuten.co.jp/rb/12663071/.
candidate-36ac9ec97c1b862d89be,safe,KADOKAWA「次にくるマンガ大賞」 mainstream selection + Rakuten Books manga category,https://tsugimanga.jp/winner/2019/comics,2019-08-22,2026-08-22,2026-08-22,No explicit adult/TL marker in matched source or product; Rakuten booksGenreId=001001003018; rakutenProductUrl=https://books.rakuten.co.jp/rb/15380753/.
candidate-36ad929401ae720a2c8c,safe,宝島社「このマンガがすごい！」編集部 mainstream selection + Rakuten Books manga category,https://sugoiweb.jp/column/4894/,2019-12-20,2026-08-22,2026-08-22,No explicit adult/TL marker in matched source or product; Rakuten booksGenreId=001001003050; rakutenProductUrl=https://books.rakuten.co.jp/rb/15620971/.
candidate-3713ab561de583d709bc,safe,KADOKAWA「次にくるマンガ大賞」 mainstream selection + Rakuten Books manga category,https://tsugimanga.jp/winner/2015/comics,2015-02-06,2026-08-22,2026-08-22,No explicit adult/TL marker in matched source or product; Rakuten booksGenreId=001001012; rakutenProductUrl=https://books.rakuten.co.jp/rb/12199896/.
candidate-3733d571416e5d643905,safe,マンガ大賞実行委員会 mainstream selection + Rakuten Books manga category,https://www.mangataisho.com/archives/2011.html,2011,2026-08-22,2026-08-22,No explicit adult/TL marker in matched source or product; Rakuten booksGenreId=001001003004; rakutenProductUrl=https://books.rakuten.co.jp/rb/6502681/.
candidate-3756452c858147418fe2,safe,マンガ大賞実行委員会 mainstream selection + Rakuten Books manga category,https://www.mangataisho.com/archives/2015.html,2015,2026-08-22,2026-08-22,No explicit adult/TL marker in matched source or product; Rakuten booksGenreId=001001003015; rakutenProductUrl=https://books.rakuten.co.jp/rb/12458254/.
candidate-3756cbfd509f5240c688,safe,日本出版販売「全国書店員が選んだおすすめコミック」 mainstream selection + Rakuten Books manga category,https://www.honyaclub.com/shop/pages/osusumecomic2018.aspx?affiliate=osusumec18,2018,2026-08-22,2026-08-22,No explicit adult/TL marker in matched source or product; Rakuten booksGenreId=001001012; rakutenProductUrl=https://books.rakuten.co.jp/rb/13836500/.
candidate-3779f1e546391e61c158,safe,小学館「小学館漫画賞」 mainstream selection + Rakuten Books manga category,https://shogakukan-comic.jp/shogakukan-mangasho-archives,1994,2026-08-22,2026-08-22,No explicit adult/TL marker in matched source or product; Rakuten booksGenreId=001001002009; rakutenProductUrl=https://books.rakuten.co.jp/rb/6418592/.
candidate-37967ba285bff1dd6c6d,safe,日本出版販売「全国書店員が選んだおすすめコミック」 mainstream selection + Rakuten Books manga category,https://www.honyaclub.com/shop/pages/osusumecomic2018.aspx?affiliate=osusumec18,2018,2026-08-22,2026-08-22,No explicit adult/TL marker in matched source or product; Rakuten booksGenreId=001001004006/001001002008; rakutenProductUrl=https://books.rakuten.co.jp/rb/14496777/.
candidate-37b34339f11884a58c4f,safe,マンガ大賞実行委員会 mainstream selection + Rakuten Books manga category,https://www.mangataisho.com/archives/2010.html,2010,2026-08-22,2026-08-22,No explicit adult/TL marker in matched source or product; Rakuten booksGenreId=001001003001; rakutenProductUrl=https://books.rakuten.co.jp/rb/4173152/.
candidate-37cb4c3cf0896c761d3a,safe,KADOKAWA「次にくるマンガ大賞」 mainstream selection + Rakuten Books manga category,https://tsugimanga.jp/winner/2023/comics,2023-08-31,2026-08-22,2026-08-22,No explicit adult/TL marker in matched source or product; Rakuten booksGenreId=001001003053/001001003035; rakutenProductUrl=https://books.rakuten.co.jp/rb/17307527/.
candidate-37ecced0b2392d7af9b2,safe,KADOKAWA「次にくるマンガ大賞」 mainstream selection + Rakuten Books manga category,https://tsugimanga.jp/winner/2024/comics,2024-08-28,2026-08-22,2026-08-22,No explicit adult/TL marker in matched source or product; Rakuten booksGenreId=001001003009; rakutenProductUrl=https://books.rakuten.co.jp/rb/17625877/.
candidate-3823ff0766f67c015c53,safe,マンガ大賞実行委員会 mainstream selection + Rakuten Books manga category,https://www.mangataisho.com/archives/2011.html,2011,2026-08-22,2026-08-22,No explicit adult/TL marker in matched source or product; Rakuten booksGenreId=001001001006; rakutenProductUrl=https://books.rakuten.co.jp/rb/6737067/.
candidate-382f938971c6642ef163,safe,マンガ大賞実行委員会 mainstream selection + Rakuten Books manga category,https://www.mangataisho.com/archives/2008.html,2008,2026-08-22,2026-08-22,No explicit adult/TL marker in matched source or product; Rakuten booksGenreId=001001003053/001001003035; rakutenProductUrl=https://books.rakuten.co.jp/rb/4512633/.
candidate-3835b0468655f100816e,safe,マンガ大賞実行委員会 mainstream selection + Rakuten Books manga category,https://www.mangataisho.com/archives/2008.html,2008,2026-08-22,2026-08-22,No explicit adult/TL marker in matched source or product; Rakuten booksGenreId=001001003049/001001003017; rakutenProductUrl=https://books.rakuten.co.jp/rb/4058066/.
candidate-38a8f3ebc17bb7f4db44,safe,日本出版販売「全国書店員が選んだおすすめコミック」 mainstream selection + Rakuten Books manga category,https://www.honyaclub.com/shop/pages/osusumecomic2016.aspx?affiliate=osusumec16,2016,2026-08-22,2026-08-22,No explicit adult/TL marker in matched source or product; Rakuten booksGenreId=001001003009; rakutenProductUrl=https://books.rakuten.co.jp/rb/13338632/.
candidate-38d0a8cfc133863a1ee0,safe,小学館「小学館漫画賞」 mainstream selection + Rakuten Books manga category,https://shogakukan-comic.jp/shogakukan-mangasho-archives,2024,2026-08-22,2026-08-22,No explicit adult/TL marker in matched source or product; Rakuten booksGenreId=001001012; rakutenProductUrl=https://books.rakuten.co.jp/rb/13593101/.
candidate-38dcff6f4e81728e8ec9,safe,KADOKAWA「次にくるマンガ大賞」 mainstream selection + Rakuten Books manga category,https://tsugimanga.jp/winner/2025/comics,2025-09-18,2026-08-22,2026-08-22,No explicit adult/TL marker in matched source or product; Rakuten booksGenreId=001001001008; rakutenProductUrl=https://books.rakuten.co.jp/rb/18009945/.
candidate-38fddd5900b221014a7f,safe,マンガ大賞実行委員会 mainstream selection + Rakuten Books manga category,https://www.mangataisho.com/archives/2008.html,2008,2026-08-22,2026-08-22,No explicit adult/TL marker in matched source or product; Rakuten booksGenreId=001001003044; rakutenProductUrl=https://books.rakuten.co.jp/rb/4444433/.
candidate-3924d7e0b397ffaccb7f,safe,マンガ大賞実行委員会 mainstream selection + Rakuten Books manga category,https://www.mangataisho.com/archives/2008.html,2008,2026-08-22,2026-08-22,No explicit adult/TL marker in matched source or product; Rakuten booksGenreId=001001004006/001001002008; rakutenProductUrl=https://books.rakuten.co.jp/rb/4148958/.
candidate-39555fe7402dada0d79f,safe,小学館「小学館漫画賞」 mainstream selection + Rakuten Books manga category,https://shogakukan-comic.jp/shogakukan-mangasho-archives,2000,2026-08-22,2026-08-22,No explicit adult/TL marker in matched source or product; Rakuten booksGenreId=001001001009; rakutenProductUrl=https://books.rakuten.co.jp/rb/664215/.
candidate-39c1a2b6791238827ed5,safe,マンガ大賞実行委員会 mainstream selection + Rakuten Books manga category,https://www.mangataisho.com/archives/2010.html,2010,2026-08-22,2026-08-22,No explicit adult/TL marker in matched source or product; Rakuten booksGenreId=001001003021; rakutenProductUrl=https://books.rakuten.co.jp/rb/5897708/.
candidate-39d82f0787d47d6a646d,safe,KADOKAWA「次にくるマンガ大賞」 mainstream selection + Rakuten Books manga category,https://tsugimanga.jp/winner/2022/comics,2022-08-31,2026-08-22,2026-08-22,No explicit adult/TL marker in matched source or product; Rakuten booksGenreId=001001003053/001001003035; rakutenProductUrl=https://books.rakuten.co.jp/rb/16290242/.
candidate-3a4997017286df8424e0,safe,マンガ大賞実行委員会 mainstream selection + Rakuten Books manga category,https://www.mangataisho.com/archives/2012.html,2012,2026-08-22,2026-08-22,No explicit adult/TL marker in matched source or product; Rakuten booksGenreId=001001003040/001001003017; rakutenProductUrl=https://books.rakuten.co.jp/rb/6573676/.
candidate-3a5840cbcd674ef84e3e,safe,マンガ大賞実行委員会 mainstream selection + Rakuten Books manga category,https://www.mangataisho.com/archives/2011.html,2011,2026-08-22,2026-08-22,No explicit adult/TL marker in matched source or product; Rakuten booksGenreId=001001003058; rakutenProductUrl=https://books.rakuten.co.jp/rb/6573781/.
candidate-3a590adf9cfe0d725db3,safe,マンガ大賞実行委員会 mainstream selection + Rakuten Books manga category,https://www.mangataisho.com/archives/2013.html,2013,2026-08-22,2026-08-22,No explicit adult/TL marker in matched source or product; Rakuten booksGenreId=001001012; rakutenProductUrl=https://books.rakuten.co.jp/rb/11907931/.
candidate-3a5be382f1399b15f4fb,safe,マンガ大賞実行委員会 mainstream selection + Rakuten Books manga category,https://www.mangataisho.com/archives/2008.html,2008,2026-08-22,2026-08-22,No explicit adult/TL marker in matched source or product; Rakuten booksGenreId=001001003009; rakutenProductUrl=https://books.rakuten.co.jp/rb/1696749/.
candidate-3a5c2d4efe50fc0e21cb,safe,KADOKAWA「次にくるマンガ大賞」 mainstream selection + Rakuten Books manga category,https://tsugimanga.jp/winner/2022/comics,2022-08-31,2026-08-22,2026-08-22,No explicit adult/TL marker in matched source or product; Rakuten booksGenreId=001001001008; rakutenProductUrl=https://books.rakuten.co.jp/rb/17131926/.
candidate-3a8fad3ee287d9f72281,safe,マンガ大賞実行委員会 mainstream selection + Rakuten Books manga category,https://www.mangataisho.com/,2026,2026-08-22,2026-08-22,No explicit adult/TL marker in matched source or product; Rakuten booksGenreId=001001001008; rakutenProductUrl=https://books.rakuten.co.jp/rb/18246144/.
candidate-3ab36dd110361fdc700d,safe,マンガ大賞実行委員会 mainstream selection + Rakuten Books manga category,https://www.mangataisho.com/archives/2015.html,2015,2026-08-22,2026-08-22,No explicit adult/TL marker in matched source or product; Rakuten booksGenreId=001001003023; rakutenProductUrl=https://books.rakuten.co.jp/rb/12907039/.
candidate-3ac00c6a4944cc1f39f6,safe,KADOKAWA「次にくるマンガ大賞」 mainstream selection + Rakuten Books manga category,https://tsugimanga.jp/winner/2021/comics,2021-08-24,2026-08-22,2026-08-22,No explicit adult/TL marker in matched source or product; Rakuten booksGenreId=001001001008; rakutenProductUrl=https://books.rakuten.co.jp/rb/16373605/.
candidate-3ac01b0c3cd659f655bb,safe,マンガ大賞実行委員会 mainstream selection + Rakuten Books manga category,https://www.mangataisho.com/archives/2013.html,2013,2026-08-22,2026-08-22,No explicit adult/TL marker in matched source or product; Rakuten booksGenreId=001001002016/001006019003; rakutenProductUrl=https://books.rakuten.co.jp/rb/11809357/.
candidate-3ac612ebf1b0ddf361dc,safe,KADOKAWA「次にくるマンガ大賞」 mainstream selection + Rakuten Books manga category,https://tsugimanga.jp/winner/2016/comics,2016-02-04,2026-08-22,2026-08-22,No explicit adult/TL marker in matched source or product; Rakuten booksGenreId=001001003026; rakutenProductUrl=https://books.rakuten.co.jp/rb/13204987/.
candidate-3ad539c619f206ebf6e9,safe,KADOKAWA「次にくるマンガ大賞」 mainstream selection + Rakuten Books manga category,https://tsugimanga.jp/winner/2020/comics,2020-08-19,2026-08-22,2026-08-22,No explicit adult/TL marker in matched source or product; Rakuten booksGenreId=001001001008; rakutenProductUrl=https://books.rakuten.co.jp/rb/16171892/.
candidate-3ad85a2ffdc026007d61,safe,宝島社「このマンガがすごい！」編集部 mainstream selection + Rakuten Books manga category,https://sugoiweb.jp/column/4894/,2019-12-20,2026-08-22,2026-08-22,No explicit adult/TL marker in matched source or product; Rakuten booksGenreId=001001003001; rakutenProductUrl=https://books.rakuten.co.jp/rb/15940866/.
candidate-3ae9ae3591a9b2df62f2,safe,KADOKAWA「次にくるマンガ大賞」 mainstream selection + Rakuten Books manga category,https://tsugimanga.jp/winner/2020/comics,2020-08-19,2026-08-22,2026-08-22,No explicit adult/TL marker in matched source or product; Rakuten booksGenreId=001001001001; rakutenProductUrl=https://books.rakuten.co.jp/rb/16099322/.
candidate-3b7277cd82fd727a7a58,safe,KADOKAWA「次にくるマンガ大賞」 mainstream selection + Rakuten Books manga category,https://tsugimanga.jp/winner/2021/comics,2021-08-24,2026-08-22,2026-08-22,No explicit adult/TL marker in matched source or product; Rakuten booksGenreId=001001003053/001001003035; rakutenProductUrl=https://books.rakuten.co.jp/rb/16324698/.
candidate-3ba6e8e3cfdec674eae3,safe,宝島社「このマンガがすごい！」編集部 mainstream selection + Rakuten Books manga category,https://sugoiweb.jp/column/4772/,2022-12-12,2026-08-22,2026-08-22,No explicit adult/TL marker in matched source or product; Rakuten booksGenreId=001001003009; rakutenProductUrl=https://books.rakuten.co.jp/rb/17114814/.
candidate-3bc0fb41890597b33b40,safe,マンガ大賞実行委員会 mainstream selection + Rakuten Books manga category,https://www.mangataisho.com/archives/2008.html,2008,2026-08-22,2026-08-22,No explicit adult/TL marker in matched source or product; Rakuten booksGenreId=001001012; rakutenProductUrl=https://books.rakuten.co.jp/rb/4382281/.
candidate-3c318d785a9edb674c82,safe,小学館「小学館漫画賞」 mainstream selection + Rakuten Books manga category,https://shogakukan-comic.jp/shogakukan-mangasho-archives,2005,2026-08-22,2026-08-22,No explicit adult/TL marker in matched source or product; Rakuten booksGenreId=001001004006/001001002008; rakutenProductUrl=https://books.rakuten.co.jp/rb/1542178/.
candidate-3c53e98cd338a3dd4681,safe,KADOKAWA「次にくるマンガ大賞」 mainstream selection + Rakuten Books manga category,https://tsugimanga.jp/winner/2024/comics,2024-08-28,2026-08-22,2026-08-22,No explicit adult/TL marker in matched source or product; Rakuten booksGenreId=001001001001; rakutenProductUrl=https://books.rakuten.co.jp/rb/17658676/.
candidate-3c836bbd37acf921ed12,safe,小学館「小学館漫画賞」 mainstream selection + Rakuten Books manga category,https://shogakukan-comic.jp/shogakukan-mangasho-archives,2019,2026-08-22,2026-08-22,No explicit adult/TL marker in matched source or product; Rakuten booksGenreId=001001002013; rakutenProductUrl=https://books.rakuten.co.jp/rb/14275123/.
candidate-3cea8a1539dae6f10b92,safe,KADOKAWA「次にくるマンガ大賞」 mainstream selection + Rakuten Books manga category,https://tsugimanga.jp/winner/2018/comics,2018-08-23,2026-08-22,2026-08-22,No explicit adult/TL marker in matched source or product; Rakuten booksGenreId=001001003022; rakutenProductUrl=https://books.rakuten.co.jp/rb/14769813/.
candidate-3d0b058e9dd53c35b8df,safe,KADOKAWA「次にくるマンガ大賞」 mainstream selection + Rakuten Books manga category,https://tsugimanga.jp/winner/2025/comics,2025-09-18,2026-08-22,2026-08-22,No explicit adult/TL marker in matched source or product; Rakuten booksGenreId=001001003005; rakutenProductUrl=https://books.rakuten.co.jp/rb/18100823/.
candidate-3d9161d57fe3c9f659a9,safe,KADOKAWA「次にくるマンガ大賞」 mainstream selection + Rakuten Books manga category,https://tsugimanga.jp/winner/2022/comics,2022-08-31,2026-08-22,2026-08-22,No explicit adult/TL marker in matched source or product; Rakuten booksGenreId=001001003053/001001003035; rakutenProductUrl=https://books.rakuten.co.jp/rb/16834733/.
candidate-3da15233e47a65b15f14,safe,KADOKAWA「次にくるマンガ大賞」 mainstream selection + Rakuten Books manga category,https://tsugimanga.jp/winner/2022/comics,2022-08-31,2026-08-22,2026-08-22,No explicit adult/TL marker in matched source or product; Rakuten booksGenreId=001001001006; rakutenProductUrl=https://books.rakuten.co.jp/rb/17119822/.
candidate-3dcc27ff0937f7d2b9b0,safe,マンガ大賞実行委員会 mainstream selection + Rakuten Books manga category,https://www.mangataisho.com/archives/2013.html,2013,2026-08-22,2026-08-22,No explicit adult/TL marker in matched source or product; Rakuten booksGenreId=001001012; rakutenProductUrl=https://books.rakuten.co.jp/rb/11604358/.
candidate-3dddaeba8c4caecd74cb,safe,KADOKAWA「次にくるマンガ大賞」 mainstream selection + Rakuten Books manga category,https://tsugimanga.jp/winner/2017/comics,2017-08-23,2026-08-22,2026-08-22,No explicit adult/TL marker in matched source or product; Rakuten booksGenreId=001001001008; rakutenProductUrl=https://books.rakuten.co.jp/rb/13575140/.
candidate-3de7c6b6b60da1aaf20a,safe,マンガ大賞実行委員会 mainstream selection + Rakuten Books manga category,https://www.mangataisho.com/archives/2012.html,2012,2026-08-22,2026-08-22,No explicit adult/TL marker in matched source or product; Rakuten booksGenreId=001001003020; rakutenProductUrl=https://books.rakuten.co.jp/rb/1757109/.
candidate-3dfaf6231e21133620c6,safe,宝島社「このマンガがすごい！」編集部 mainstream selection + Rakuten Books manga category,https://sugoiweb.jp/column/4868/,2020-12-10,2026-08-22,2026-08-22,No explicit adult/TL marker in matched source or product; Rakuten booksGenreId=001001003004; rakutenProductUrl=https://books.rakuten.co.jp/rb/16264636/.
candidate-3e2b612b4b6960ead08a,safe,マンガ大賞実行委員会 mainstream selection + Rakuten Books manga category,https://www.mangataisho.com/archives/2009.html,2009,2026-08-22,2026-08-22,No explicit adult/TL marker in matched source or product; Rakuten booksGenreId=001001003049/001001003017; rakutenProductUrl=https://books.rakuten.co.jp/rb/5298595/.
candidate-3e53b1ceec0685dea35f,safe,宝島社「このマンガがすごい！」編集部 mainstream selection + Rakuten Books manga category,https://sugoiweb.jp/column/4772/,2022-12-12,2026-08-22,2026-08-22,No explicit adult/TL marker in matched source or product; Rakuten booksGenreId=001001003023; rakutenProductUrl=https://books.rakuten.co.jp/rb/17131608/.
candidate-3e725951eb9c49771087,safe,マンガ大賞実行委員会 mainstream selection + Rakuten Books manga category,https://www.mangataisho.com/archives/2014.html,2014,2026-08-22,2026-08-22,No explicit adult/TL marker in matched source or product; Rakuten booksGenreId=001001002009; rakutenProductUrl=https://books.rakuten.co.jp/rb/12324789/.
candidate-3e7b404d33100c796578,safe,マンガ大賞実行委員会 mainstream selection + Rakuten Books manga category,https://www.mangataisho.com/archives/2011.html,2011,2026-08-22,2026-08-22,No explicit adult/TL marker in matched source or product; Rakuten booksGenreId=001001004008; rakutenProductUrl=https://books.rakuten.co.jp/rb/6454264/.
candidate-3ea1531485fc3c8563ac,safe,マンガ大賞実行委員会 mainstream selection + Rakuten Books manga category,https://www.mangataisho.com/archives/2009.html,2009,2026-08-22,2026-08-22,No explicit adult/TL marker in matched source or product; Rakuten booksGenreId=001001012; rakutenProductUrl=https://books.rakuten.co.jp/rb/4442314/.
candidate-3ef22ee69f47872ee65a,safe,KADOKAWA「次にくるマンガ大賞」 mainstream selection + Rakuten Books manga category,https://tsugimanga.jp/winner/2020/comics,2020-08-19,2026-08-22,2026-08-22,No explicit adult/TL marker in matched source or product; Rakuten booksGenreId=001001012/001001003050; rakutenProductUrl=https://books.rakuten.co.jp/rb/16184558/.
candidate-3f96705b3f33a3cd2667,safe,KADOKAWA「次にくるマンガ大賞」 mainstream selection + Rakuten Books manga category,https://tsugimanga.jp/winner/2023/comics,2023-08-31,2026-08-22,2026-08-22,No explicit adult/TL marker in matched source or product; Rakuten booksGenreId=001001012; rakutenProductUrl=https://books.rakuten.co.jp/rb/17198319/.
candidate-3fc9f063116166ca75a2,safe,KADOKAWA「次にくるマンガ大賞」 mainstream selection + Rakuten Books manga category,https://tsugimanga.jp/winner/2022/comics,2022-08-31,2026-08-22,2026-08-22,No explicit adult/TL marker in matched source or product; Rakuten booksGenreId=001001003053/001001003035; rakutenProductUrl=https://books.rakuten.co.jp/rb/16517381/.
candidate-3ffe7b3ef96c694fe9d6,safe,マンガ大賞実行委員会 mainstream selection + Rakuten Books manga category,https://www.mangataisho.com/archives/2012.html,2012,2026-08-22,2026-08-22,No explicit adult/TL marker in matched source or product; Rakuten booksGenreId=001001003022; rakutenProductUrl=https://books.rakuten.co.jp/rb/11391136/.
candidate-4041eac49a3884db9248,safe,小学館「小学館漫画賞」 mainstream selection + Rakuten Books manga category,https://shogakukan-comic.jp/shogakukan-mangasho-archives,2000,2026-08-22,2026-08-22,No explicit adult/TL marker in matched source or product; Rakuten booksGenreId=001001001009; rakutenProductUrl=https://books.rakuten.co.jp/rb/1093030/.
candidate-40b8c35b1d8c9a90144c,safe,KADOKAWA「次にくるマンガ大賞」 mainstream selection + Rakuten Books manga category,https://tsugimanga.jp/winner/2015/comics,2015-02-06,2026-08-22,2026-08-22,No explicit adult/TL marker in matched source or product; Rakuten booksGenreId=001001002006; rakutenProductUrl=https://books.rakuten.co.jp/rb/11742628/.
candidate-40ce339f7ba7a6e08167,safe,小学館「小学館漫画賞」 mainstream selection + Rakuten Books manga category,https://shogakukan-comic.jp/shogakukan-mangasho-archives,2013,2026-08-22,2026-08-22,No explicit adult/TL marker in matched source or product; Rakuten booksGenreId=001001004006/001001002008; rakutenProductUrl=https://books.rakuten.co.jp/rb/6149196/.
candidate-40de71c8144aa7fbcdc2,safe,KADOKAWA「次にくるマンガ大賞」 mainstream selection + Rakuten Books manga category,https://tsugimanga.jp/winner/2018/comics,2018-08-23,2026-08-22,2026-08-22,No explicit adult/TL marker in matched source or product; Rakuten booksGenreId=001001001006; rakutenProductUrl=https://books.rakuten.co.jp/rb/14769641/.
candidate-40df2a4b29e97c9c5059,safe,マンガ大賞実行委員会 mainstream selection + Rakuten Books manga category,https://www.mangataisho.com/archives/2014.html,2014,2026-08-22,2026-08-22,No explicit adult/TL marker in matched source or product; Rakuten booksGenreId=001001003058; rakutenProductUrl=https://books.rakuten.co.jp/rb/12346390/.
candidate-40e18fd954b5dff1eb7d,safe,小学館「小学館漫画賞」 mainstream selection + Rakuten Books manga category,https://shogakukan-comic.jp/shogakukan-mangasho-archives,1993,2026-08-22,2026-08-22,No explicit adult/TL marker in matched source or product; Rakuten booksGenreId=001001004006/001001002008; rakutenProductUrl=https://books.rakuten.co.jp/rb/585354/.
candidate-40e3fe023da8766aeedb,safe,KADOKAWA「次にくるマンガ大賞」 mainstream selection + Rakuten Books manga category,https://tsugimanga.jp/winner/2023/comics,2023-08-31,2026-08-22,2026-08-22,No explicit adult/TL marker in matched source or product; Rakuten booksGenreId=001001003003; rakutenProductUrl=https://books.rakuten.co.jp/rb/17479822/.
candidate-40ea287aae6305289cf6,safe,宝島社「このマンガがすごい！」編集部 mainstream selection + Rakuten Books manga category,https://sugoiweb.jp/column/4894/,2019-12-20,2026-08-22,2026-08-22,No explicit adult/TL marker in matched source or product; Rakuten booksGenreId=001001003018; rakutenProductUrl=https://books.rakuten.co.jp/rb/15658806/.
candidate-410ddd17b05e2f0f85d5,safe,KADOKAWA「次にくるマンガ大賞」 mainstream selection + Rakuten Books manga category,https://tsugimanga.jp/winner/2015/comics,2015-02-06,2026-08-22,2026-08-22,No explicit adult/TL marker in matched source or product; Rakuten booksGenreId=001001002006; rakutenProductUrl=https://books.rakuten.co.jp/rb/12689791/.
candidate-415f7ad1c5032c58d554,safe,KADOKAWA「次にくるマンガ大賞」 mainstream selection + Rakuten Books manga category,https://tsugimanga.jp/winner/2021/comics,2021-08-24,2026-08-22,2026-08-22,No explicit adult/TL marker in matched source or product; Rakuten booksGenreId=001001003005; rakutenProductUrl=https://books.rakuten.co.jp/rb/16373610/.
candidate-418af771ae574eb15a99,safe,マンガ大賞実行委員会 mainstream selection + Rakuten Books manga category,https://www.mangataisho.com/archives/2014.html,2014,2026-08-22,2026-08-22,No explicit adult/TL marker in matched source or product; Rakuten booksGenreId=001001001008; rakutenProductUrl=https://books.rakuten.co.jp/rb/12520535/.
candidate-41c84778af2d8cd376f2,safe,KADOKAWA「次にくるマンガ大賞」 mainstream selection + Rakuten Books manga category,https://tsugimanga.jp/winner/2017/comics,2017-08-23,2026-08-22,2026-08-22,No explicit adult/TL marker in matched source or product; Rakuten booksGenreId=001001001008; rakutenProductUrl=https://books.rakuten.co.jp/rb/14979890/.
candidate-41c8f07c2ed444461a1b,safe,マンガ大賞実行委員会 mainstream selection + Rakuten Books manga category,https://www.mangataisho.com/archives/2013.html,2013,2026-08-22,2026-08-22,No explicit adult/TL marker in matched source or product; Rakuten booksGenreId=001001002006; rakutenProductUrl=https://books.rakuten.co.jp/rb/11742621/.
candidate-42738b05ed35f25c491f,safe,小学館「小学館漫画賞」 mainstream selection + Rakuten Books manga category,https://shogakukan-comic.jp/shogakukan-mangasho-archives,2022,2026-08-22,2026-08-22,No explicit adult/TL marker in matched source or product; Rakuten booksGenreId=001001012; rakutenProductUrl=https://books.rakuten.co.jp/rb/16102784/.
candidate-42a19ee92cd5b07758d5,safe,マンガ大賞実行委員会 mainstream selection + Rakuten Books manga category,https://www.mangataisho.com/archives/2013.html,2013,2026-08-22,2026-08-22,No explicit adult/TL marker in matched source or product; Rakuten booksGenreId=001001012; rakutenProductUrl=https://books.rakuten.co.jp/rb/11771594/.
candidate-42a672642cff9f7cfb59,safe,マンガ大賞実行委員会 mainstream selection + Rakuten Books manga category,https://www.mangataisho.com/archives/2015.html,2015,2026-08-22,2026-08-22,No explicit adult/TL marker in matched source or product; Rakuten booksGenreId=001001003001/001001001001; rakutenProductUrl=https://books.rakuten.co.jp/rb/12235428/.
candidate-42a7c7ad0497eb458d0f,safe,マンガ大賞実行委員会 mainstream selection + Rakuten Books manga category,https://www.mangataisho.com/archives/2014.html,2014,2026-08-22,2026-08-22,No explicit adult/TL marker in matched source or product; Rakuten booksGenreId=001001003004; rakutenProductUrl=https://books.rakuten.co.jp/rb/12270812/.
candidate-42c7dd9e36b53939869a,safe,マンガ大賞実行委員会 mainstream selection + Rakuten Books manga category,https://www.mangataisho.com/archives/2013.html,2013,2026-08-22,2026-08-22,No explicit adult/TL marker in matched source or product; Rakuten booksGenreId=001001002006; rakutenProductUrl=https://books.rakuten.co.jp/rb/11842100/.
candidate-42f14f92911ef04a1ed1,safe,マンガ大賞実行委員会 mainstream selection + Rakuten Books manga category,https://www.mangataisho.com/archives/2009.html,2009,2026-08-22,2026-08-22,No explicit adult/TL marker in matched source or product; Rakuten booksGenreId=001001012; rakutenProductUrl=https://books.rakuten.co.jp/rb/1596982/.
candidate-42fff49d373ef1177f39,safe,マンガ大賞実行委員会 mainstream selection + Rakuten Books manga category,https://www.mangataisho.com/archives/2011.html,2011,2026-08-22,2026-08-22,No explicit adult/TL marker in matched source or product; Rakuten booksGenreId=001001003016; rakutenProductUrl=https://books.rakuten.co.jp/rb/6797395/.
candidate-432af718ea660fe01699,safe,マンガ大賞実行委員会 mainstream selection + Rakuten Books manga category,https://www.mangataisho.com/archives/2015.html,2015,2026-08-22,2026-08-22,No explicit adult/TL marker in matched source or product; Rakuten booksGenreId=001001003022; rakutenProductUrl=https://books.rakuten.co.jp/rb/12661575/.
candidate-434a5822bd4435e02b05,safe,小学館「小学館漫画賞」 mainstream selection + Rakuten Books manga category,https://shogakukan-comic.jp/shogakukan-mangasho-archives,2006,2026-08-22,2026-08-22,No explicit adult/TL marker in matched source or product; Rakuten booksGenreId=001001001009; rakutenProductUrl=https://books.rakuten.co.jp/rb/1643204/.
candidate-438912a368ba4100e7ab,safe,マンガ大賞実行委員会 mainstream selection + Rakuten Books manga category,https://www.mangataisho.com/archives/2014.html,2014,2026-08-22,2026-08-22,No explicit adult/TL marker in matched source or product; Rakuten booksGenreId=001001003021; rakutenProductUrl=https://books.rakuten.co.jp/rb/12178133/.
candidate-43ebf010a490cfd4bb50,safe,マンガ大賞実行委員会 mainstream selection + Rakuten Books manga category,https://www.mangataisho.com/archives/2013.html,2013,2026-08-22,2026-08-22,No explicit adult/TL marker in matched source or product; Rakuten booksGenreId=001001012; rakutenProductUrl=https://books.rakuten.co.jp/rb/11734344/.
candidate-4402b3de64e66a9a0139,safe,マンガ大賞実行委員会 mainstream selection + Rakuten Books manga category,https://www.mangataisho.com/archives/2013.html,2013,2026-08-22,2026-08-22,No explicit adult/TL marker in matched source or product; Rakuten booksGenreId=001001003009; rakutenProductUrl=https://books.rakuten.co.jp/rb/12127758/.
candidate-440f93a4e60ef906685b,safe,小学館「小学館漫画賞」 mainstream selection + Rakuten Books manga category,https://shogakukan-comic.jp/shogakukan-mangasho-archives,1999,2026-08-22,2026-08-22,No explicit adult/TL marker in matched source or product; Rakuten booksGenreId=001001002006; rakutenProductUrl=https://books.rakuten.co.jp/rb/917801/.
candidate-442996147b9d4e2aa02a,safe,マンガ大賞実行委員会 mainstream selection + Rakuten Books manga category,https://www.mangataisho.com/archives/2015.html,2015,2026-08-22,2026-08-22,No explicit adult/TL marker in matched source or product; Rakuten booksGenreId=001001012; rakutenProductUrl=https://books.rakuten.co.jp/rb/12637086/.
candidate-443783f31b5ba378f934,safe,宝島社「このマンガがすごい！」編集部 mainstream selection + Rakuten Books manga category,https://sugoiweb.jp/column/4868/,2020-12-10,2026-08-22,2026-08-22,No explicit adult/TL marker in matched source or product; Rakuten booksGenreId=001001012/001008008; rakutenProductUrl=https://books.rakuten.co.jp/rb/16154113/.
candidate-44d0000353478596369e,safe,宝島社「このマンガがすごい！」編集部 mainstream selection + Rakuten Books manga category,https://sugoiweb.jp/column/4251/,2024-12-13,2026-08-22,2026-08-22,No explicit adult/TL marker in matched source or product; Rakuten booksGenreId=001001002006; rakutenProductUrl=https://books.rakuten.co.jp/rb/17608162/.
candidate-44ff18e161ee0c10497e,safe,マンガ大賞実行委員会 mainstream selection + Rakuten Books manga category,https://www.mangataisho.com/archives/2015.html,2015,2026-08-22,2026-08-22,No explicit adult/TL marker in matched source or product; Rakuten booksGenreId=001001012; rakutenProductUrl=https://books.rakuten.co.jp/rb/12961877/.
candidate-450870a60f915390316f,safe,マンガ大賞実行委員会 mainstream selection + Rakuten Books manga category,https://www.mangataisho.com/archives/2013.html,2013,2026-08-22,2026-08-22,No explicit adult/TL marker in matched source or product; Rakuten booksGenreId=001001003001/001001001001; rakutenProductUrl=https://books.rakuten.co.jp/rb/11536756/.
candidate-455287a82f4ea63ec542,safe,KADOKAWA「次にくるマンガ大賞」 mainstream selection + Rakuten Books manga category,https://tsugimanga.jp/winner/2018/comics,2018-08-23,2026-08-22,2026-08-22,No explicit adult/TL marker in matched source or product; Rakuten booksGenreId=001001003013; rakutenProductUrl=https://books.rakuten.co.jp/rb/15198603/.
candidate-457a3683fa1159ab439a,safe,マンガ大賞実行委員会 mainstream selection + Rakuten Books manga category,https://www.mangataisho.com/archives/2009.html,2009,2026-08-22,2026-08-22,No explicit adult/TL marker in matched source or product; Rakuten booksGenreId=001001003051; rakutenProductUrl=https://books.rakuten.co.jp/rb/15299577/.
candidate-45a6a913d4ee5881afb6,safe,小学館「小学館漫画賞」 mainstream selection + Rakuten Books manga category,https://shogakukan-comic.jp/shogakukan-mangasho-archives,1976,2026-08-22,2026-08-22,No explicit adult/TL marker in matched source or product; Rakuten booksGenreId=001001003009; rakutenProductUrl=https://books.rakuten.co.jp/rb/376813/.
candidate-45fe9ae0e868fc9a30a1,safe,マンガ大賞実行委員会 mainstream selection + Rakuten Books manga category,https://www.mangataisho.com/archives/2009.html,2009,2026-08-22,2026-08-22,No explicit adult/TL marker in matched source or product; Rakuten booksGenreId=001001012; rakutenProductUrl=https://books.rakuten.co.jp/rb/5671761/.
candidate-46388f0ed8f7a3b54289,safe,マンガ大賞実行委員会 mainstream selection + Rakuten Books manga category,https://www.mangataisho.com/archives/2012.html,2012,2026-08-22,2026-08-22,No explicit adult/TL marker in matched source or product; Rakuten booksGenreId=001001003001; rakutenProductUrl=https://books.rakuten.co.jp/rb/6219332/.
candidate-464322afcd10013437b9,safe,宝島社「このマンガがすごい！」編集部 mainstream selection + Rakuten Books manga category,https://sugoiweb.jp/column/4815/,2021-12-07,2026-08-22,2026-08-22,No explicit adult/TL marker in matched source or product; Rakuten booksGenreId=001001003010; rakutenProductUrl=https://books.rakuten.co.jp/rb/3617377/.
candidate-46c7a21a3bd83feda160,safe,宝島社「このマンガがすごい！」編集部 mainstream selection + Rakuten Books manga category,https://sugoiweb.jp/column/4772/,2022-12-12,2026-08-22,2026-08-22,No explicit adult/TL marker in matched source or product; Rakuten booksGenreId=001001003015; rakutenProductUrl=https://books.rakuten.co.jp/rb/17132010/.
candidate-477a6d9e4194575e5a94,safe,KADOKAWA「次にくるマンガ大賞」 mainstream selection + Rakuten Books manga category,https://tsugimanga.jp/winner/2016/comics,2016-02-04,2026-08-22,2026-08-22,No explicit adult/TL marker in matched source or product; Rakuten booksGenreId=001001012; rakutenProductUrl=https://books.rakuten.co.jp/rb/12724179/.
candidate-47f92d487ef1805e4c07,safe,マンガ大賞実行委員会 mainstream selection + Rakuten Books manga category,https://www.mangataisho.com/archives/2008.html,2008,2026-08-22,2026-08-22,No explicit adult/TL marker in matched source or product; Rakuten booksGenreId=001001003018; rakutenProductUrl=https://books.rakuten.co.jp/rb/4346217/.
candidate-480da6364966b47be4be,safe,マンガ大賞実行委員会 mainstream selection + Rakuten Books manga category,https://www.mangataisho.com/archives/2015.html,2015,2026-08-22,2026-08-22,No explicit adult/TL marker in matched source or product; Rakuten booksGenreId=001001012; rakutenProductUrl=https://books.rakuten.co.jp/rb/12866360/.
candidate-482db909fdba0c38b2ee,safe,日本出版販売「全国書店員が選んだおすすめコミック」 mainstream selection + Rakuten Books manga category,https://hon-hikidashi.jp/news/107527/,2026,2026-08-22,2026-08-22,No explicit adult/TL marker in matched source or product; Rakuten booksGenreId=001001002006; rakutenProductUrl=https://books.rakuten.co.jp/rb/18100802/.
candidate-48a8cbb717b0f34ec6cd,safe,KADOKAWA「次にくるマンガ大賞」 mainstream selection + Rakuten Books manga category,https://tsugimanga.jp/winner/2016/comics,2016-02-04,2026-08-22,2026-08-22,No explicit adult/TL marker in matched source or product; Rakuten booksGenreId=001001003052; rakutenProductUrl=https://books.rakuten.co.jp/rb/13308547/.
candidate-49646c522ce70a4bb8f0,safe,マンガ大賞実行委員会 mainstream selection + Rakuten Books manga category,https://www.mangataisho.com/archives/2010.html,2010,2026-08-22,2026-08-22,No explicit adult/TL marker in matched source or product; Rakuten booksGenreId=001001012; rakutenProductUrl=https://books.rakuten.co.jp/rb/15658942/.
candidate-497efdbff53f145b429b,safe,マンガ大賞実行委員会 mainstream selection + Rakuten Books manga category,https://www.mangataisho.com/archives/2012.html,2012,2026-08-22,2026-08-22,No explicit adult/TL marker in matched source or product; Rakuten booksGenreId=001001003020; rakutenProductUrl=https://books.rakuten.co.jp/rb/5904011/.
candidate-498772ec1afff132af28,safe,KADOKAWA「次にくるマンガ大賞」 mainstream selection + Rakuten Books manga category,https://tsugimanga.jp/winner/2023/comics,2023-08-31,2026-08-22,2026-08-22,No explicit adult/TL marker in matched source or product; Rakuten booksGenreId=001001002009; rakutenProductUrl=https://books.rakuten.co.jp/rb/17287812/.
candidate-49af41f47417b01de20e,safe,マンガ大賞実行委員会 mainstream selection + Rakuten Books manga category,https://www.mangataisho.com/archives/2008.html,2008,2026-08-22,2026-08-22,No explicit adult/TL marker in matched source or product; Rakuten booksGenreId=001001001008; rakutenProductUrl=https://books.rakuten.co.jp/rb/4256198/.
candidate-49be48c972a16985bd57,safe,マンガ大賞実行委員会 mainstream selection + Rakuten Books manga category,https://www.mangataisho.com/archives/2012.html,2012,2026-08-22,2026-08-22,No explicit adult/TL marker in matched source or product; Rakuten booksGenreId=001001003015; rakutenProductUrl=https://books.rakuten.co.jp/rb/6817609/.
candidate-49c0073fd735f54ab8e2,safe,KADOKAWA「次にくるマンガ大賞」 mainstream selection + Rakuten Books manga category,https://tsugimanga.jp/winner/2015/comics,2015-02-06,2026-08-22,2026-08-22,No explicit adult/TL marker in matched source or product; Rakuten booksGenreId=001001012; rakutenProductUrl=https://books.rakuten.co.jp/rb/12831895/.
candidate-49e9ca0e255356cbf861,safe,宝島社「このマンガがすごい！」編集部 mainstream selection + Rakuten Books manga category,https://sugoiweb.jp/column/4868/,2020-12-10,2026-08-22,2026-08-22,No explicit adult/TL marker in matched source or product; Rakuten booksGenreId=001001012; rakutenProductUrl=https://books.rakuten.co.jp/rb/16089743/.
candidate-49f89814d519971761f9,safe,マンガ大賞実行委員会 mainstream selection + Rakuten Books manga category,https://www.mangataisho.com/archives/2012.html,2012,2026-08-22,2026-08-22,No explicit adult/TL marker in matched source or product; Rakuten booksGenreId=001001001006; rakutenProductUrl=https://books.rakuten.co.jp/rb/11334463/.
candidate-4a6ea4bff716a540febb,safe,KADOKAWA「次にくるマンガ大賞」 mainstream selection + Rakuten Books manga category,https://tsugimanga.jp/winner/2025/comics,2025-09-18,2026-08-22,2026-08-22,No explicit adult/TL marker in matched source or product; Rakuten booksGenreId=001001001001; rakutenProductUrl=https://books.rakuten.co.jp/rb/18027083/.
candidate-4a74999f17e4ae7fe724,safe,マンガ大賞実行委員会 mainstream selection + Rakuten Books manga category,https://www.mangataisho.com/archives/2014.html,2014,2026-08-22,2026-08-22,No explicit adult/TL marker in matched source or product; Rakuten booksGenreId=001001001001; rakutenProductUrl=https://books.rakuten.co.jp/rb/12326302/.
candidate-4a8a22fc766bf9bc4c59,safe,小学館「小学館漫画賞」 mainstream selection + Rakuten Books manga category,https://shogakukan-comic.jp/shogakukan-mangasho-archives,2000,2026-08-22,2026-08-22,No explicit adult/TL marker in matched source or product; Rakuten booksGenreId=001001004006/001001002008; rakutenProductUrl=https://books.rakuten.co.jp/rb/729367/.
candidate-4aa6564d790e9013b90f,safe,KADOKAWA「次にくるマンガ大賞」 mainstream selection + Rakuten Books manga category,https://tsugimanga.jp/winner/2016/comics,2016-02-04,2026-08-22,2026-08-22,No explicit adult/TL marker in matched source or product; Rakuten booksGenreId=001001012; rakutenProductUrl=https://books.rakuten.co.jp/rb/12866056/.
candidate-4ab9720731a7bf98632e,safe,マンガ大賞実行委員会 mainstream selection + Rakuten Books manga category,https://www.mangataisho.com/archives/2012.html,2012,2026-08-22,2026-08-22,No explicit adult/TL marker in matched source or product; Rakuten booksGenreId=001001001006; rakutenProductUrl=https://books.rakuten.co.jp/rb/11111460/.
candidate-4ac3883d7724c8c0a25a,safe,マンガ大賞実行委員会 mainstream selection + Rakuten Books manga category,https://www.mangataisho.com/archives/2014.html,2014,2026-08-22,2026-08-22,No explicit adult/TL marker in matched source or product; Rakuten booksGenreId=001001002009; rakutenProductUrl=https://books.rakuten.co.jp/rb/11476462/.
candidate-4ad0055c4138e1db1a50,safe,KADOKAWA「次にくるマンガ大賞」 mainstream selection + Rakuten Books manga category,https://tsugimanga.jp/winner/2024/comics,2024-08-28,2026-08-22,2026-08-22,No explicit adult/TL marker in matched source or product; Rakuten booksGenreId=001001002025; rakutenProductUrl=https://books.rakuten.co.jp/rb/16924679/.
candidate-4b1aee71ea9834cd0439,safe,マンガ大賞実行委員会 mainstream selection + Rakuten Books manga category,https://www.mangataisho.com/archives/2014.html,2014,2026-08-22,2026-08-22,No explicit adult/TL marker in matched source or product; Rakuten booksGenreId=001001003009; rakutenProductUrl=https://books.rakuten.co.jp/rb/12326256/.
candidate-4b4bbe8c10859c46e726,safe,マンガ大賞実行委員会 mainstream selection + Rakuten Books manga category,https://www.mangataisho.com/archives/2009.html,2009,2026-08-22,2026-08-22,No explicit adult/TL marker in matched source or product; Rakuten booksGenreId=001001003015; rakutenProductUrl=https://books.rakuten.co.jp/rb/5719580/.
candidate-4b4e6afc71e786d97bac,safe,マンガ大賞実行委員会 mainstream selection + Rakuten Books manga category,https://www.mangataisho.com/archives/2011.html,2011,2026-08-22,2026-08-22,No explicit adult/TL marker in matched source or product; Rakuten booksGenreId=001001003010; rakutenProductUrl=https://books.rakuten.co.jp/rb/6140652/.
candidate-4b58e9c429e2c2849e76,safe,マンガ大賞実行委員会 mainstream selection + Rakuten Books manga category,https://www.mangataisho.com/archives/2015.html,2015,2026-08-22,2026-08-22,No explicit adult/TL marker in matched source or product; Rakuten booksGenreId=001001003009; rakutenProductUrl=https://books.rakuten.co.jp/rb/12961500/.
candidate-4b775e0182b5b758c0eb,safe,KADOKAWA「次にくるマンガ大賞」 mainstream selection + Rakuten Books manga category,https://tsugimanga.jp/winner/2021/comics,2021-08-24,2026-08-22,2026-08-22,No explicit adult/TL marker in matched source or product; Rakuten booksGenreId=001001002009; rakutenProductUrl=https://books.rakuten.co.jp/rb/16167169/.
candidate-4bc49c50851479b6725f,safe,マンガ大賞実行委員会 mainstream selection + Rakuten Books manga category,https://www.mangataisho.com/archives/2008.html,2008,2026-08-22,2026-08-22,No explicit adult/TL marker in matched source or product; Rakuten booksGenreId=001001003003; rakutenProductUrl=https://books.rakuten.co.jp/rb/4109734/.
candidate-4bf5f17cb5da0a706064,safe,マンガ大賞実行委員会 mainstream selection + Rakuten Books manga category,https://www.mangataisho.com/archives/2015.html,2015,2026-08-22,2026-08-22,No explicit adult/TL marker in matched source or product; Rakuten booksGenreId=001001012; rakutenProductUrl=https://books.rakuten.co.jp/rb/12992799/.
candidate-4c519b1e8a421d123fef,safe,マンガ大賞実行委員会 mainstream selection + Rakuten Books manga category,https://www.mangataisho.com/archives/2014.html,2014,2026-08-22,2026-08-22,No explicit adult/TL marker in matched source or product; Rakuten booksGenreId=001001004006/001001002008; rakutenProductUrl=https://books.rakuten.co.jp/rb/12323261/.
candidate-4c5e29ca09aa2086be37,safe,マンガ大賞実行委員会 mainstream selection + Rakuten Books manga category,https://www.mangataisho.com/archives/2015.html,2015,2026-08-22,2026-08-22,No explicit adult/TL marker in matched source or product; Rakuten booksGenreId=001001001008; rakutenProductUrl=https://books.rakuten.co.jp/rb/12617271/.
candidate-4c784fc78dfd9b139c3f,safe,宝島社「このマンガがすごい！」編集部 mainstream selection + Rakuten Books manga category,https://sugoiweb.jp/column/4772/,2022-12-12,2026-08-22,2026-08-22,No explicit adult/TL marker in matched source or product; Rakuten booksGenreId=001001001008; rakutenProductUrl=https://books.rakuten.co.jp/rb/17163482/.
candidate-4c90a79f23cc8849ca9b,safe,マンガ大賞実行委員会 mainstream selection + Rakuten Books manga category,https://www.mangataisho.com/archives/2013.html,2013,2026-08-22,2026-08-22,No explicit adult/TL marker in matched source or product; Rakuten booksGenreId=001001003047; rakutenProductUrl=https://books.rakuten.co.jp/rb/11536526/.
candidate-4ccde2fa2f805de60def,safe,小学館「小学館漫画賞」 mainstream selection + Rakuten Books manga category,https://shogakukan-comic.jp/shogakukan-mangasho-archives,2023,2026-08-22,2026-08-22,No explicit adult/TL marker in matched source or product; Rakuten booksGenreId=001001004006/001001002008; rakutenProductUrl=https://books.rakuten.co.jp/rb/15701180/.
candidate-4d9f1108aabbace31126,safe,マンガ大賞実行委員会 mainstream selection + Rakuten Books manga category,https://www.mangataisho.com/archives/2015.html,2015,2026-08-22,2026-08-22,No explicit adult/TL marker in matched source or product; Rakuten booksGenreId=001001001001; rakutenProductUrl=https://books.rakuten.co.jp/rb/12662647/.
candidate-4da37cd884e6077f2072,safe,KADOKAWA「次にくるマンガ大賞」 mainstream selection + Rakuten Books manga category,https://tsugimanga.jp/winner/2018/comics,2018-08-23,2026-08-22,2026-08-22,No explicit adult/TL marker in matched source or product; Rakuten booksGenreId=001001001009; rakutenProductUrl=https://books.rakuten.co.jp/rb/14706683/.
candidate-4dd5c4a6686680557ff6,safe,KADOKAWA「次にくるマンガ大賞」 mainstream selection + Rakuten Books manga category,https://tsugimanga.jp/winner/2019/comics,2019-08-22,2026-08-22,2026-08-22,No explicit adult/TL marker in matched source or product; Rakuten booksGenreId=001001003005; rakutenProductUrl=https://books.rakuten.co.jp/rb/15749200/.
candidate-4dfd5bd5dd132cbde414,safe,マンガ大賞実行委員会 mainstream selection + Rakuten Books manga category,https://www.mangataisho.com/archives/2008.html,2008,2026-08-22,2026-08-22,No explicit adult/TL marker in matched source or product; Rakuten booksGenreId=001001012; rakutenProductUrl=https://books.rakuten.co.jp/rb/4051282/.
candidate-4e0e476ec9dcb9cf818c,safe,マンガ大賞実行委員会 mainstream selection + Rakuten Books manga category,https://www.mangataisho.com/archives/2013.html,2013,2026-08-22,2026-08-22,No explicit adult/TL marker in matched source or product; Rakuten booksGenreId=001001003021; rakutenProductUrl=https://books.rakuten.co.jp/rb/11605736/.
candidate-4e0f63e18e219a3dfe32,safe,KADOKAWA「次にくるマンガ大賞」 mainstream selection + Rakuten Books manga category,https://tsugimanga.jp/winner/2018/comics,2018-08-23,2026-08-22,2026-08-22,No explicit adult/TL marker in matched source or product; Rakuten booksGenreId=001001001009; rakutenProductUrl=https://books.rakuten.co.jp/rb/15360870/.
candidate-4e1489bc0a69b7c21e8b,safe,マンガ大賞実行委員会 mainstream selection + Rakuten Books manga category,https://www.mangataisho.com/archives/2009.html,2009,2026-08-22,2026-08-22,No explicit adult/TL marker in matched source or product; Rakuten booksGenreId=001001003021; rakutenProductUrl=https://books.rakuten.co.jp/rb/5615330/.
candidate-4e1a5779610b31ca5603,safe,マンガ大賞実行委員会 mainstream selection + Rakuten Books manga category,https://www.mangataisho.com/archives/2010.html,2010,2026-08-22,2026-08-22,No explicit adult/TL marker in matched source or product; Rakuten booksGenreId=001001004006/001001002008; rakutenProductUrl=https://books.rakuten.co.jp/rb/6054611/.
candidate-4e58f4d7e699b0785724,safe,マンガ大賞実行委員会 mainstream selection + Rakuten Books manga category,https://www.mangataisho.com/archives/2011.html,2011,2026-08-22,2026-08-22,No explicit adult/TL marker in matched source or product; Rakuten booksGenreId=001001002006; rakutenProductUrl=https://books.rakuten.co.jp/rb/6573439/.
candidate-4e60b9906a3188ec9209,safe,KADOKAWA「次にくるマンガ大賞」 mainstream selection + Rakuten Books manga category,https://tsugimanga.jp/winner/2020/comics,2020-08-19,2026-08-22,2026-08-22,No explicit adult/TL marker in matched source or product; Rakuten booksGenreId=001001003050; rakutenProductUrl=https://books.rakuten.co.jp/rb/16012841/.
candidate-4e8f5e4496b2118413e6,safe,マンガ大賞実行委員会 mainstream selection + Rakuten Books manga category,https://www.mangataisho.com/archives/2013.html,2013,2026-08-22,2026-08-22,No explicit adult/TL marker in matched source or product; Rakuten booksGenreId=001001003026; rakutenProductUrl=https://books.rakuten.co.jp/rb/11739574/.
candidate-4ea3eb779047209c27d8,safe,KADOKAWA「次にくるマンガ大賞」 mainstream selection + Rakuten Books manga category,https://tsugimanga.jp/nominate/comics,2026-06-26,2026-08-22,2026-08-22,No explicit adult/TL marker in matched source or product; Rakuten booksGenreId=001001003005; rakutenProductUrl=https://books.rakuten.co.jp/rb/18341531/.
candidate-4eda8d2a9b04837b0e29,safe,宝島社「このマンガがすごい！」編集部 mainstream selection + Rakuten Books manga category,https://sugoiweb.jp/column/4894/,2019-12-20,2026-08-22,2026-08-22,No explicit adult/TL marker in matched source or product; Rakuten booksGenreId=001001003015; rakutenProductUrl=https://books.rakuten.co.jp/rb/15255021/.
candidate-4f4175c6c19e963c46b4,safe,マンガ大賞実行委員会 mainstream selection + Rakuten Books manga category,https://www.mangataisho.com/archives/2009.html,2009,2026-08-22,2026-08-22,No explicit adult/TL marker in matched source or product; Rakuten booksGenreId=001001002007; rakutenProductUrl=https://books.rakuten.co.jp/rb/4379933/.
candidate-4f5a5e1c022ed0efcd6e,safe,マンガ大賞実行委員会 mainstream selection + Rakuten Books manga category,https://www.mangataisho.com/archives/2009.html,2009,2026-08-22,2026-08-22,No explicit adult/TL marker in matched source or product; Rakuten booksGenreId=001001003023; rakutenProductUrl=https://books.rakuten.co.jp/rb/5858844/.
candidate-4f72ecfc3f99fd8a1286,safe,マンガ大賞実行委員会 mainstream selection + Rakuten Books manga category,https://www.mangataisho.com/archives/2010.html,2010,2026-08-22,2026-08-22,No explicit adult/TL marker in matched source or product; Rakuten booksGenreId=001001012; rakutenProductUrl=https://books.rakuten.co.jp/rb/5975713/.
candidate-4fbfbe587493acba3a24,safe,KADOKAWA「次にくるマンガ大賞」 mainstream selection + Rakuten Books manga category,https://tsugimanga.jp/winner/2025/comics,2025-09-18,2026-08-22,2026-08-22,No explicit adult/TL marker in matched source or product; Rakuten booksGenreId=001001003003; rakutenProductUrl=https://books.rakuten.co.jp/rb/17767479/.
candidate-4ff04bf87231d4574769,safe,マンガ大賞実行委員会 mainstream selection + Rakuten Books manga category,https://www.mangataisho.com/archives/2012.html,2012,2026-08-22,2026-08-22,No explicit adult/TL marker in matched source or product; Rakuten booksGenreId=001001003041; rakutenProductUrl=https://books.rakuten.co.jp/rb/12380415/.
candidate-500bf1972a4c3b840ded,safe,マンガ大賞実行委員会 mainstream selection + Rakuten Books manga category,https://www.mangataisho.com/archives/2015.html,2015,2026-08-22,2026-08-22,No explicit adult/TL marker in matched source or product; Rakuten booksGenreId=001001003004; rakutenProductUrl=https://books.rakuten.co.jp/rb/12882093/.
candidate-502d99ee8ad948bf6944,safe,マンガ大賞実行委員会 mainstream selection + Rakuten Books manga category,https://www.mangataisho.com/archives/2014.html,2014,2026-08-22,2026-08-22,No explicit adult/TL marker in matched source or product; Rakuten booksGenreId=001001003021; rakutenProductUrl=https://books.rakuten.co.jp/rb/12418810/.
candidate-504b8583675a177bd69b,safe,小学館「小学館漫画賞」 mainstream selection + Rakuten Books manga category,https://shogakukan-comic.jp/shogakukan-mangasho-archives,2004,2026-08-22,2026-08-22,No explicit adult/TL marker in matched source or product; Rakuten booksGenreId=001001004006/001001002008; rakutenProductUrl=https://books.rakuten.co.jp/rb/1587351/.
candidate-50622a5e07468f8c0df9,safe,マンガ大賞実行委員会 mainstream selection + Rakuten Books manga category,https://www.mangataisho.com/archives/2014.html,2014,2026-08-22,2026-08-22,No explicit adult/TL marker in matched source or product; Rakuten booksGenreId=001001003005; rakutenProductUrl=https://books.rakuten.co.jp/rb/12326376/.
candidate-5091a08263efab2438bd,safe,マンガ大賞実行委員会 mainstream selection + Rakuten Books manga category,https://www.mangataisho.com/archives/2009.html,2009,2026-08-22,2026-08-22,No explicit adult/TL marker in matched source or product; Rakuten booksGenreId=001001001009; rakutenProductUrl=https://books.rakuten.co.jp/rb/5360922/.
candidate-50ad1e8e5c1a9a9d7aa3,safe,マンガ大賞実行委員会 mainstream selection + Rakuten Books manga category,https://www.mangataisho.com/archives/2014.html,2014,2026-08-22,2026-08-22,No explicit adult/TL marker in matched source or product; Rakuten booksGenreId=001001003004; rakutenProductUrl=https://books.rakuten.co.jp/rb/12328340/.
candidate-50afa45b590e1bd55fa1,safe,宝島社「このマンガがすごい！」編集部 mainstream selection + Rakuten Books manga category,https://sugoiweb.jp/column/4815/,2021-12-07,2026-08-22,2026-08-22,No explicit adult/TL marker in matched source or product; Rakuten booksGenreId=001001003009; rakutenProductUrl=https://books.rakuten.co.jp/rb/16795257/.
candidate-510920fd67d322029cad,safe,マンガ大賞実行委員会 mainstream selection + Rakuten Books manga category,https://www.mangataisho.com/archives/2012.html,2012,2026-08-22,2026-08-22,No explicit adult/TL marker in matched source or product; Rakuten booksGenreId=001001003015; rakutenProductUrl=https://books.rakuten.co.jp/rb/6373949/.
candidate-5123e49da8a50eaade9c,safe,マンガ大賞実行委員会 mainstream selection + Rakuten Books manga category,https://www.mangataisho.com/archives/2014.html,2014,2026-08-22,2026-08-22,No explicit adult/TL marker in matched source or product; Rakuten booksGenreId=001001003021; rakutenProductUrl=https://books.rakuten.co.jp/rb/12501529/.
candidate-518d7ed42dd9253679c3,safe,小学館「小学館漫画賞」 mainstream selection + Rakuten Books manga category,https://shogakukan-comic.jp/shogakukan-mangasho-archives,1994,2026-08-22,2026-08-22,No explicit adult/TL marker in matched source or product; Rakuten booksGenreId=001001003009; rakutenProductUrl=https://books.rakuten.co.jp/rb/555187/.
candidate-51a42ef829c4de88c911,safe,KADOKAWA「次にくるマンガ大賞」 mainstream selection + Rakuten Books manga category,https://tsugimanga.jp/winner/2020/comics,2020-08-19,2026-08-22,2026-08-22,No explicit adult/TL marker in matched source or product; Rakuten booksGenreId=001001003059; rakutenProductUrl=https://books.rakuten.co.jp/rb/15630374/.
candidate-51a4ae214648dbf12478,safe,マンガ大賞実行委員会 mainstream selection + Rakuten Books manga category,https://www.mangataisho.com/archives/2010.html,2010,2026-08-22,2026-08-22,No explicit adult/TL marker in matched source or product; Rakuten booksGenreId=001001003009; rakutenProductUrl=https://books.rakuten.co.jp/rb/6028101/.
candidate-51bd6adb1e1c3afb0374,safe,日本出版販売「全国書店員が選んだおすすめコミック」 mainstream selection + Rakuten Books manga category,https://www.honyaclub.com/shop/pages/osusume_comic2015.aspx?affiliate=osusumec,2015,2026-08-22,2026-08-22,No explicit adult/TL marker in matched source or product; Rakuten booksGenreId=001001001006; rakutenProductUrl=https://books.rakuten.co.jp/rb/12689696/.
candidate-521d1f38e767ab1d4af4,safe,マンガ大賞実行委員会 mainstream selection + Rakuten Books manga category,https://www.mangataisho.com/archives/2008.html,2008,2026-08-22,2026-08-22,No explicit adult/TL marker in matched source or product; Rakuten booksGenreId=001001002006; rakutenProductUrl=https://books.rakuten.co.jp/rb/4422709/.
candidate-5225892c29f17471e277,safe,マンガ大賞実行委員会 mainstream selection + Rakuten Books manga category,https://www.mangataisho.com/archives/2010.html,2010,2026-08-22,2026-08-22,No explicit adult/TL marker in matched source or product; Rakuten booksGenreId=001001002011; rakutenProductUrl=https://books.rakuten.co.jp/rb/6166306/.
candidate-52fee99827626be2d8d4,safe,KADOKAWA「次にくるマンガ大賞」 mainstream selection + Rakuten Books manga category,https://tsugimanga.jp/winner/2024/comics,2024-08-28,2026-08-22,2026-08-22,No explicit adult/TL marker in matched source or product; Rakuten booksGenreId=001001003053/001001003035; rakutenProductUrl=https://books.rakuten.co.jp/rb/17693078/.
candidate-5340c060bb9129c1df57,safe,KADOKAWA「次にくるマンガ大賞」 mainstream selection + Rakuten Books manga category,https://tsugimanga.jp/winner/2018/comics,2018-08-23,2026-08-22,2026-08-22,No explicit adult/TL marker in matched source or product; Rakuten booksGenreId=001001003048; rakutenProductUrl=https://books.rakuten.co.jp/rb/15332278/.
candidate-534e2816c5c98956ffe4,safe,マンガ大賞実行委員会 mainstream selection + Rakuten Books manga category,https://www.mangataisho.com/archives/2013.html,2013,2026-08-22,2026-08-22,No explicit adult/TL marker in matched source or product; Rakuten booksGenreId=001001003022; rakutenProductUrl=https://books.rakuten.co.jp/rb/11771585/.
candidate-5394728c1ca244a0567a,safe,KADOKAWA「次にくるマンガ大賞」 mainstream selection + Rakuten Books manga category,https://tsugimanga.jp/winner/2017/comics,2017-08-23,2026-08-22,2026-08-22,No explicit adult/TL marker in matched source or product; Rakuten booksGenreId=001001001009; rakutenProductUrl=https://books.rakuten.co.jp/rb/14275098/.
candidate-539a684079e86fe0ab53,safe,マンガ大賞実行委員会 mainstream selection + Rakuten Books manga category,https://www.mangataisho.com/archives/2015.html,2015,2026-08-22,2026-08-22,No explicit adult/TL marker in matched source or product; Rakuten booksGenreId=001001012; rakutenProductUrl=https://books.rakuten.co.jp/rb/12961326/.
candidate-53e54c95f637b66c4fb2,safe,小学館「小学館漫画賞」 mainstream selection + Rakuten Books manga category,https://shogakukan-comic.jp/shogakukan-mangasho-archives,1976,2026-08-22,2026-08-22,No explicit adult/TL marker in matched source or product; Rakuten booksGenreId=001001001009; rakutenProductUrl=https://books.rakuten.co.jp/rb/376287/.
candidate-53eaab555f405b99ea75,safe,マンガ大賞実行委員会 mainstream selection + Rakuten Books manga category,https://www.mangataisho.com/archives/2014.html,2014,2026-08-22,2026-08-22,No explicit adult/TL marker in matched source or product; Rakuten booksGenreId=001001003044; rakutenProductUrl=https://books.rakuten.co.jp/rb/12346253/.
candidate-53f05f63e741cd17ee72,safe,KADOKAWA「次にくるマンガ大賞」 mainstream selection + Rakuten Books manga category,https://tsugimanga.jp/winner/2024/comics,2024-08-28,2026-08-22,2026-08-22,No explicit adult/TL marker in matched source or product; Rakuten booksGenreId=001001003005; rakutenProductUrl=https://books.rakuten.co.jp/rb/17708514/.
candidate-53fb816835ab36e40a1f,safe,KADOKAWA「次にくるマンガ大賞」 mainstream selection + Rakuten Books manga category,https://tsugimanga.jp/winner/2020/comics,2020-08-19,2026-08-22,2026-08-22,No explicit adult/TL marker in matched source or product; Rakuten booksGenreId=001001001008; rakutenProductUrl=https://books.rakuten.co.jp/rb/16234574/.
candidate-5402adec0b3d726fdc43,safe,小学館「小学館漫画賞」 mainstream selection + Rakuten Books manga category,https://shogakukan-comic.jp/shogakukan-mangasho-archives,2007,2026-08-22,2026-08-22,No explicit adult/TL marker in matched source or product; Rakuten booksGenreId=001001004006/001001002008; rakutenProductUrl=https://books.rakuten.co.jp/rb/3679890/.
candidate-5408c1ad813b876ee13f,safe,マンガ大賞実行委員会 mainstream selection + Rakuten Books manga category,https://www.mangataisho.com/archives/2012.html,2012,2026-08-22,2026-08-22,No explicit adult/TL marker in matched source or product; Rakuten booksGenreId=001001001006; rakutenProductUrl=https://books.rakuten.co.jp/rb/6380121/.
candidate-540d5788c906bfcc7234,safe,宝島社「このマンガがすごい！」編集部 mainstream selection + Rakuten Books manga category,https://sugoiweb.jp/column/4868/,2020-12-10,2026-08-22,2026-08-22,No explicit adult/TL marker in matched source or product; Rakuten booksGenreId=001001012; rakutenProductUrl=https://books.rakuten.co.jp/rb/16324676/.
candidate-544a6417f8c8f73e1a37,safe,小学館「小学館漫画賞」 mainstream selection + Rakuten Books manga category,https://shogakukan-comic.jp/shogakukan-mangasho-archives,2002,2026-08-22,2026-08-22,No explicit adult/TL marker in matched source or product; Rakuten booksGenreId=001001003009; rakutenProductUrl=https://books.rakuten.co.jp/rb/1127311/.
candidate-54bf1699bfd014afa208,safe,KADOKAWA「次にくるマンガ大賞」 mainstream selection + Rakuten Books manga category,https://tsugimanga.jp/winner/2021/comics,2021-08-24,2026-08-22,2026-08-22,No explicit adult/TL marker in matched source or product; Rakuten booksGenreId=001001001008; rakutenProductUrl=https://books.rakuten.co.jp/rb/16722701/.
candidate-550261dd739b9ff83611,safe,マンガ大賞実行委員会 mainstream selection + Rakuten Books manga category,https://www.mangataisho.com/archives/2009.html,2009,2026-08-22,2026-08-22,No explicit adult/TL marker in matched source or product; Rakuten booksGenreId=001001003044; rakutenProductUrl=https://books.rakuten.co.jp/rb/3545352/.
candidate-550854424fc9cc94d585,safe,マンガ大賞実行委員会 mainstream selection + Rakuten Books manga category,https://www.mangataisho.com/archives/2011.html,2011,2026-08-22,2026-08-22,No explicit adult/TL marker in matched source or product; Rakuten booksGenreId=001001012; rakutenProductUrl=https://books.rakuten.co.jp/rb/17971343/.
candidate-5527725f0c3bf381e6d3,safe,マンガ大賞実行委員会 mainstream selection + Rakuten Books manga category,https://www.mangataisho.com/archives/2014.html,2014,2026-08-22,2026-08-22,No explicit adult/TL marker in matched source or product; Rakuten booksGenreId=001001003044; rakutenProductUrl=https://books.rakuten.co.jp/rb/12200184/.
candidate-553a5452dad416fd8800,safe,マンガ大賞実行委員会 mainstream selection + Rakuten Books manga category,https://www.mangataisho.com/archives/2010.html,2010,2026-08-22,2026-08-22,No explicit adult/TL marker in matched source or product; Rakuten booksGenreId=001001003009; rakutenProductUrl=https://books.rakuten.co.jp/rb/5962639/.
candidate-5546d6a69fb258a943c2,safe,マンガ大賞実行委員会 mainstream selection + Rakuten Books manga category,https://www.mangataisho.com/archives/2010.html,2010,2026-08-22,2026-08-22,No explicit adult/TL marker in matched source or product; Rakuten booksGenreId=001001002012/001008004003; rakutenProductUrl=https://books.rakuten.co.jp/rb/6243117/.
candidate-555bfdff9e7e5e6c8d11,safe,マンガ大賞実行委員会 mainstream selection + Rakuten Books manga category,https://www.mangataisho.com/archives/2014.html,2014,2026-08-22,2026-08-22,No explicit adult/TL marker in matched source or product; Rakuten booksGenreId=001001003026; rakutenProductUrl=https://books.rakuten.co.jp/rb/11913960/.
candidate-5577e7229dee82594d6c,safe,マンガ大賞実行委員会 mainstream selection + Rakuten Books manga category,https://www.mangataisho.com/archives/2014.html,2014,2026-08-22,2026-08-22,No explicit adult/TL marker in matched source or product; Rakuten booksGenreId=001001003026; rakutenProductUrl=https://books.rakuten.co.jp/rb/12326460/.
candidate-5579a3b5321f874d6c14,safe,KADOKAWA「次にくるマンガ大賞」 mainstream selection + Rakuten Books manga category,https://tsugimanga.jp/winner/2017/comics,2017-08-23,2026-08-22,2026-08-22,No explicit adult/TL marker in matched source or product; Rakuten booksGenreId=001001003043/001001002025/001001002024/001001002018; rakutenProductUrl=https://books.rakuten.co.jp/rb/14895167/.
candidate-557c4ffa7e2888066c1d,safe,マンガ大賞実行委員会 mainstream selection + Rakuten Books manga category,https://www.mangataisho.com/archives/2014.html,2014,2026-08-22,2026-08-22,No explicit adult/TL marker in matched source or product; Rakuten booksGenreId=001001003004; rakutenProductUrl=https://books.rakuten.co.jp/rb/12549608/.
candidate-55d2c61694878eb046d5,safe,宝島社「このマンガがすごい！」編集部 mainstream selection + Rakuten Books manga category,https://sugoiweb.jp/column/4894/,2019-12-20,2026-08-22,2026-08-22,No explicit adult/TL marker in matched source or product; Rakuten booksGenreId=001001004006/001001002008; rakutenProductUrl=https://books.rakuten.co.jp/rb/15267583/.
candidate-55e3193c95b2f4c2e944,safe,KADOKAWA「次にくるマンガ大賞」 mainstream selection + Rakuten Books manga category,https://tsugimanga.jp/winner/2017/comics,2017-08-23,2026-08-22,2026-08-22,No explicit adult/TL marker in matched source or product; Rakuten booksGenreId=001001012; rakutenProductUrl=https://books.rakuten.co.jp/rb/13593028/.
candidate-5625fc2de8c5a33e98b2,safe,日本出版販売「全国書店員が選んだおすすめコミック」 mainstream selection + Rakuten Books manga category,https://hon-hikidashi.jp/event/105418/,2020,2026-08-22,2026-08-22,No explicit adult/TL marker in matched source or product; Rakuten booksGenreId=001001012; rakutenProductUrl=https://books.rakuten.co.jp/rb/15862307/.
candidate-567d2c0eeaaaa26dfe60,safe,マンガ大賞実行委員会 mainstream selection + Rakuten Books manga category,https://www.mangataisho.com/archives/2011.html,2011,2026-08-22,2026-08-22,No explicit adult/TL marker in matched source or product; Rakuten booksGenreId=001001003009; rakutenProductUrl=https://books.rakuten.co.jp/rb/5547061/.
candidate-56cfe3f157c6da083f35,safe,マンガ大賞実行委員会 mainstream selection + Rakuten Books manga category,https://www.mangataisho.com/archives/2015.html,2015,2026-08-22,2026-08-22,No explicit adult/TL marker in matched source or product; Rakuten booksGenreId=001001012; rakutenProductUrl=https://books.rakuten.co.jp/rb/12811335/.
candidate-56e45e2dd0d00d5f24a8,safe,宝島社「このマンガがすごい！」編集部 mainstream selection + Rakuten Books manga category,https://sugoiweb.jp/column/4815/,2021-12-07,2026-08-22,2026-08-22,No explicit adult/TL marker in matched source or product; Rakuten booksGenreId=001001012; rakutenProductUrl=https://books.rakuten.co.jp/rb/16544436/.
candidate-5702b6d631ece35b62ea,safe,マンガ大賞実行委員会 mainstream selection + Rakuten Books manga category,https://www.mangataisho.com/,2026,2026-08-22,2026-08-22,No explicit adult/TL marker in matched source or product; Rakuten booksGenreId=001001003004; rakutenProductUrl=https://books.rakuten.co.jp/rb/18243027/.
candidate-574a0d3c5c25d8741ba5,safe,KADOKAWA「次にくるマンガ大賞」 mainstream selection + Rakuten Books manga category,https://tsugimanga.jp/winner/2025/comics,2025-09-18,2026-08-22,2026-08-22,No explicit adult/TL marker in matched source or product; Rakuten booksGenreId=001001003053/001001003035; rakutenProductUrl=https://books.rakuten.co.jp/rb/17750139/.
candidate-578a883b485b57393ea9,safe,KADOKAWA「次にくるマンガ大賞」 mainstream selection + Rakuten Books manga category,https://tsugimanga.jp/nominate/comics,2026-06-26,2026-08-22,2026-08-22,No explicit adult/TL marker in matched source or product; Rakuten booksGenreId=001001003046; rakutenProductUrl=https://books.rakuten.co.jp/rb/18500858/.
candidate-57a5e6cde2616095fb4b,safe,小学館「小学館漫画賞」 mainstream selection + Rakuten Books manga category,https://shogakukan-comic.jp/shogakukan-mangasho-archives,2001,2026-08-22,2026-08-22,No explicit adult/TL marker in matched source or product; Rakuten booksGenreId=001001001009; rakutenProductUrl=https://books.rakuten.co.jp/rb/877268/.
candidate-57e57ac2ef9687d8c2ce,safe,マンガ大賞実行委員会 mainstream selection + Rakuten Books manga category,https://www.mangataisho.com/archives/2014.html,2014,2026-08-22,2026-08-22,No explicit adult/TL marker in matched source or product; Rakuten booksGenreId=001001003004; rakutenProductUrl=https://books.rakuten.co.jp/rb/12418813/.
candidate-57f00e4a2130d5a0fa70,safe,KADOKAWA「次にくるマンガ大賞」 mainstream selection + Rakuten Books manga category,https://tsugimanga.jp/winner/2017/comics,2017-08-23,2026-08-22,2026-08-22,No explicit adult/TL marker in matched source or product; Rakuten booksGenreId=001001003046; rakutenProductUrl=https://books.rakuten.co.jp/rb/13457722/.
candidate-580d12e46b72fad34332,safe,マンガ大賞実行委員会 mainstream selection + Rakuten Books manga category,https://www.mangataisho.com/archives/2015.html,2015,2026-08-22,2026-08-22,No explicit adult/TL marker in matched source or product; Rakuten booksGenreId=001001001001; rakutenProductUrl=https://books.rakuten.co.jp/rb/12866404/.
candidate-58191c032908b92d1955,safe,マンガ大賞実行委員会 mainstream selection + Rakuten Books manga category,https://www.mangataisho.com/archives/2010.html,2010,2026-08-22,2026-08-22,No explicit adult/TL marker in matched source or product; Rakuten booksGenreId=001001012; rakutenProductUrl=https://books.rakuten.co.jp/rb/6147894/.
candidate-58516b2e576ac0229077,safe,日本出版販売「全国書店員が選んだおすすめコミック」 mainstream selection + Rakuten Books manga category,https://www.honyaclub.com/shop/pages/osusumecomic2018.aspx?affiliate=osusumec18,2018,2026-08-22,2026-08-22,No explicit adult/TL marker in matched source or product; Rakuten booksGenreId=001001012; rakutenProductUrl=https://books.rakuten.co.jp/rb/14668044/.
candidate-587a29e5d045707f9c8f,safe,KADOKAWA「次にくるマンガ大賞」 mainstream selection + Rakuten Books manga category,https://tsugimanga.jp/winner/2016/comics,2016-02-04,2026-08-22,2026-08-22,No explicit adult/TL marker in matched source or product; Rakuten booksGenreId=001001003026; rakutenProductUrl=https://books.rakuten.co.jp/rb/12724521/.
candidate-58d26f92c06526c31c24,safe,宝島社「このマンガがすごい！」編集部 mainstream selection + Rakuten Books manga category,https://sugoiweb.jp/column/4894/,2019-12-20,2026-08-22,2026-08-22,No explicit adult/TL marker in matched source or product; Rakuten booksGenreId=001001003003; rakutenProductUrl=https://books.rakuten.co.jp/rb/13115868/.
candidate-590b60fe2d2ea5ac62cd,safe,マンガ大賞実行委員会 mainstream selection + Rakuten Books manga category,https://www.mangataisho.com/archives/2010.html,2010,2026-08-22,2026-08-22,No explicit adult/TL marker in matched source or product; Rakuten booksGenreId=001001002006; rakutenProductUrl=https://books.rakuten.co.jp/rb/5583847/.
candidate-590b8ecced818130cf51,safe,マンガ大賞実行委員会 mainstream selection + Rakuten Books manga category,https://www.mangataisho.com/archives/2015.html,2015,2026-08-22,2026-08-22,No explicit adult/TL marker in matched source or product; Rakuten booksGenreId=001001004008; rakutenProductUrl=https://books.rakuten.co.jp/rb/11942053/.
candidate-5915d6d7601377fcc75f,safe,マンガ大賞実行委員会 mainstream selection + Rakuten Books manga category,https://www.mangataisho.com/archives/2008.html,2008,2026-08-22,2026-08-22,No explicit adult/TL marker in matched source or product; Rakuten booksGenreId=001001002009; rakutenProductUrl=https://books.rakuten.co.jp/rb/5097571/.
candidate-5924760a1dde711fff88,safe,小学館「小学館漫画賞」 mainstream selection + Rakuten Books manga category,https://shogakukan-comic.jp/shogakukan-mangasho-archives,1976,2026-08-22,2026-08-22,No explicit adult/TL marker in matched source or product; Rakuten booksGenreId=001001001008; rakutenProductUrl=https://books.rakuten.co.jp/rb/1106653/.
candidate-592efc68f5adaed3e2ff,safe,マンガ大賞実行委員会 mainstream selection + Rakuten Books manga category,https://www.mangataisho.com/archives/2010.html,2010,2026-08-22,2026-08-22,No explicit adult/TL marker in matched source or product; Rakuten booksGenreId=001001012; rakutenProductUrl=https://books.rakuten.co.jp/rb/6029452/.
candidate-595cf1b66258257c1daa,safe,マンガ大賞実行委員会 mainstream selection + Rakuten Books manga category,https://www.mangataisho.com/archives/2013.html,2013,2026-08-22,2026-08-22,No explicit adult/TL marker in matched source or product; Rakuten booksGenreId=001001002009; rakutenProductUrl=https://books.rakuten.co.jp/rb/11903830/.
candidate-595e4f93113111f5416a,safe,マンガ大賞実行委員会 mainstream selection + Rakuten Books manga category,https://www.mangataisho.com/archives/2012.html,2012,2026-08-22,2026-08-22,No explicit adult/TL marker in matched source or product; Rakuten booksGenreId=001001003004; rakutenProductUrl=https://books.rakuten.co.jp/rb/6639669/.
candidate-598b59b6153e22e56da2,safe,マンガ大賞実行委員会 mainstream selection + Rakuten Books manga category,https://www.mangataisho.com/archives/2009.html,2009,2026-08-22,2026-08-22,No explicit adult/TL marker in matched source or product; Rakuten booksGenreId=001001003004; rakutenProductUrl=https://books.rakuten.co.jp/rb/5298393/.
candidate-59cf691b7487a62a4077,safe,日本出版販売「全国書店員が選んだおすすめコミック」 mainstream selection + Rakuten Books manga category,https://www.honyaclub.com/shop/pages/osusume.aspx,2013,2026-08-22,2026-08-22,No explicit adult/TL marker in matched source or product; Rakuten booksGenreId=001001002009; rakutenProductUrl=https://books.rakuten.co.jp/rb/11903828/.
candidate-5a197c8c67ae395c17be,safe,マンガ大賞実行委員会 mainstream selection + Rakuten Books manga category,https://www.mangataisho.com/archives/2013.html,2013,2026-08-22,2026-08-22,No explicit adult/TL marker in matched source or product; Rakuten booksGenreId=001001003041; rakutenProductUrl=https://books.rakuten.co.jp/rb/11604098/.
candidate-5a5b5d57acd7c35aebb0,safe,マンガ大賞実行委員会 mainstream selection + Rakuten Books manga category,https://www.mangataisho.com/archives/2008.html,2008,2026-08-22,2026-08-22,No explicit adult/TL marker in matched source or product; Rakuten booksGenreId=001001003026; rakutenProductUrl=https://books.rakuten.co.jp/rb/1768553/.
candidate-5aa2f441d3b351430f31,safe,マンガ大賞実行委員会 mainstream selection + Rakuten Books manga category,https://www.mangataisho.com/archives/2009.html,2009,2026-08-22,2026-08-22,No explicit adult/TL marker in matched source or product; Rakuten booksGenreId=001001002009; rakutenProductUrl=https://books.rakuten.co.jp/rb/5296157/.
candidate-5ab1b890f441d79d8f2d,safe,マンガ大賞実行委員会 mainstream selection + Rakuten Books manga category,https://www.mangataisho.com/archives/2014.html,2014,2026-08-22,2026-08-22,No explicit adult/TL marker in matched source or product; Rakuten booksGenreId=001001003046; rakutenProductUrl=https://books.rakuten.co.jp/rb/15249329/.
candidate-5ac2e816cd96e6c5d795,safe,マンガ大賞実行委員会 mainstream selection + Rakuten Books manga category,https://www.mangataisho.com/archives/2011.html,2011,2026-08-22,2026-08-22,No explicit adult/TL marker in matched source or product; Rakuten booksGenreId=001001012; rakutenProductUrl=https://books.rakuten.co.jp/rb/5877736/.
candidate-5ad2d778cc989ba7fd2a,safe,マンガ大賞実行委員会 mainstream selection + Rakuten Books manga category,https://www.mangataisho.com/archives/2014.html,2014,2026-08-22,2026-08-22,No explicit adult/TL marker in matched source or product; Rakuten booksGenreId=001001003026; rakutenProductUrl=https://books.rakuten.co.jp/rb/12271070/.
candidate-5ad62e6413f67d351f1d,safe,マンガ大賞実行委員会 mainstream selection + Rakuten Books manga category,https://www.mangataisho.com/archives/2011.html,2011,2026-08-22,2026-08-22,No explicit adult/TL marker in matched source or product; Rakuten booksGenreId=001001003049/001001003017; rakutenProductUrl=https://books.rakuten.co.jp/rb/6243302/.
candidate-5b2987a5b9f05de7769a,safe,小学館「小学館漫画賞」 mainstream selection + Rakuten Books manga category,https://shogakukan-comic.jp/shogakukan-mangasho-archives,1973,2026-08-22,2026-08-22,No explicit adult/TL marker in matched source or product; Rakuten booksGenreId=001001003002; rakutenProductUrl=https://books.rakuten.co.jp/rb/960603/.
candidate-5b4dc4e6e966436b2990,safe,マンガ大賞実行委員会 mainstream selection + Rakuten Books manga category,https://www.mangataisho.com/archives/2009.html,2009,2026-08-22,2026-08-22,No explicit adult/TL marker in matched source or product; Rakuten booksGenreId=001001002009; rakutenProductUrl=https://books.rakuten.co.jp/rb/1011238/.
candidate-5b63d3327587170a0e1e,safe,マンガ大賞実行委員会 mainstream selection + Rakuten Books manga category,https://www.mangataisho.com/archives/2009.html,2009,2026-08-22,2026-08-22,No explicit adult/TL marker in matched source or product; Rakuten booksGenreId=001001003049/001001003017; rakutenProductUrl=https://books.rakuten.co.jp/rb/3569139/.
candidate-5b7cf2105a4bc6f6b46c,safe,KADOKAWA「次にくるマンガ大賞」 mainstream selection + Rakuten Books manga category,https://tsugimanga.jp/winner/2015/comics,2015-02-06,2026-08-22,2026-08-22,No explicit adult/TL marker in matched source or product; Rakuten booksGenreId=001001012; rakutenProductUrl=https://books.rakuten.co.jp/rb/12550138/.
candidate-5b9a3ec60ac5fc90f444,safe,KADOKAWA「次にくるマンガ大賞」 mainstream selection + Rakuten Books manga category,https://tsugimanga.jp/winner/2015/comics,2015-02-06,2026-08-22,2026-08-22,No explicit adult/TL marker in matched source or product; Rakuten booksGenreId=001001003058; rakutenProductUrl=https://books.rakuten.co.jp/rb/12690122/.
candidate-5baea1ce0e7e74df34b9,safe,マンガ大賞実行委員会 mainstream selection + Rakuten Books manga category,https://www.mangataisho.com/archives/2010.html,2010,2026-08-22,2026-08-22,No explicit adult/TL marker in matched source or product; Rakuten booksGenreId=001001003004; rakutenProductUrl=https://books.rakuten.co.jp/rb/6144821/.
candidate-5bb381c9a795df5c1413,safe,KADOKAWA「次にくるマンガ大賞」 mainstream selection + Rakuten Books manga category,https://tsugimanga.jp/winner/2020/comics,2020-08-19,2026-08-22,2026-08-22,No explicit adult/TL marker in matched source or product; Rakuten booksGenreId=001001003015; rakutenProductUrl=https://books.rakuten.co.jp/rb/16014781/.
candidate-5bdc75180460ced2580e,safe,KADOKAWA「次にくるマンガ大賞」 mainstream selection + Rakuten Books manga category,https://tsugimanga.jp/nominate/comics,2026-06-26,2026-08-22,2026-08-22,No explicit adult/TL marker in matched source or product; Rakuten booksGenreId=001001003059; rakutenProductUrl=https://books.rakuten.co.jp/rb/18310093/.
candidate-5c087d77d180e30fe3dd,safe,KADOKAWA「次にくるマンガ大賞」 mainstream selection + Rakuten Books manga category,https://tsugimanga.jp/winner/2024/comics,2024-08-28,2026-08-22,2026-08-22,No explicit adult/TL marker in matched source or product; Rakuten booksGenreId=001001002014; rakutenProductUrl=https://books.rakuten.co.jp/rb/17602717/.
candidate-5c6791284752dea2d661,safe,マンガ大賞実行委員会 mainstream selection + Rakuten Books manga category,https://www.mangataisho.com/archives/2012.html,2012,2026-08-22,2026-08-22,No explicit adult/TL marker in matched source or product; Rakuten booksGenreId=001001002007; rakutenProductUrl=https://books.rakuten.co.jp/rb/7000284/.
candidate-5ca6f1a04878978f9e5c,safe,マンガ大賞実行委員会 mainstream selection + Rakuten Books manga category,https://www.mangataisho.com/archives/2008.html,2008,2026-08-22,2026-08-22,No explicit adult/TL marker in matched source or product; Rakuten booksGenreId=001001003026; rakutenProductUrl=https://books.rakuten.co.jp/rb/4293324/.
candidate-5cafd57db6b870a71a05,safe,小学館「小学館漫画賞」 mainstream selection + Rakuten Books manga category,https://shogakukan-comic.jp/shogakukan-mangasho-archives,1990,2026-08-22,2026-08-22,No explicit adult/TL marker in matched source or product; Rakuten booksGenreId=001001001009; rakutenProductUrl=https://books.rakuten.co.jp/rb/739903/.
candidate-5ce35f71e0a90cb8fd95,safe,小学館「小学館漫画賞」 mainstream selection + Rakuten Books manga category,https://shogakukan-comic.jp/shogakukan-mangasho-archives,2003,2026-08-22,2026-08-22,No explicit adult/TL marker in matched source or product; Rakuten booksGenreId=001001001009; rakutenProductUrl=https://books.rakuten.co.jp/rb/1426875/.
candidate-5cf2537c41f9ca296ae4,safe,マンガ大賞実行委員会 mainstream selection + Rakuten Books manga category,https://www.mangataisho.com/archives/2013.html,2013,2026-08-22,2026-08-22,No explicit adult/TL marker in matched source or product; Rakuten booksGenreId=001001003022; rakutenProductUrl=https://books.rakuten.co.jp/rb/11726759/.
candidate-5d1d25fba80d0044182d,safe,マンガ大賞実行委員会 mainstream selection + Rakuten Books manga category,https://www.mangataisho.com/archives/2013.html,2013,2026-08-22,2026-08-22,No explicit adult/TL marker in matched source or product; Rakuten booksGenreId=001001012; rakutenProductUrl=https://books.rakuten.co.jp/rb/11914054/.
candidate-5d28fafc5980b72c39b6,safe,マンガ大賞実行委員会 mainstream selection + Rakuten Books manga category,https://www.mangataisho.com/archives/2009.html,2009,2026-08-22,2026-08-22,No explicit adult/TL marker in matched source or product; Rakuten booksGenreId=001001003015; rakutenProductUrl=https://books.rakuten.co.jp/rb/5864033/.
candidate-5d482661243e553d2716,safe,小学館「小学館漫画賞」 mainstream selection + Rakuten Books manga category,https://shogakukan-comic.jp/shogakukan-mangasho-archives,1957,2026-08-22,2026-08-22,No explicit adult/TL marker in matched source or product; Rakuten booksGenreId=001001012; rakutenProductUrl=https://books.rakuten.co.jp/rb/978871/.
candidate-5d60aac40d8bd36bb83f,safe,小学館「小学館漫画賞」 mainstream selection + Rakuten Books manga category,https://shogakukan-comic.jp/shogakukan-mangasho-archives,2018,2026-08-22,2026-08-22,No explicit adult/TL marker in matched source or product; Rakuten booksGenreId=001001002006; rakutenProductUrl=https://books.rakuten.co.jp/rb/14002010/.
candidate-5dd63a5243d0adbf8a60,safe,マンガ大賞実行委員会 mainstream selection + Rakuten Books manga category,https://www.mangataisho.com/archives/index.html,2025,2026-08-22,2026-08-22,No explicit adult/TL marker in matched source or product; Rakuten booksGenreId=001001003015; rakutenProductUrl=https://books.rakuten.co.jp/rb/17858913/.
candidate-5de9dc2933f8395ad898,safe,マンガ大賞実行委員会 mainstream selection + Rakuten Books manga category,https://www.mangataisho.com/archives/2011.html,2011,2026-08-22,2026-08-22,No explicit adult/TL marker in matched source or product; Rakuten booksGenreId=001001003021; rakutenProductUrl=https://books.rakuten.co.jp/rb/6220067/.
candidate-5e20323e014d6d390aaf,safe,マンガ大賞実行委員会 mainstream selection + Rakuten Books manga category,https://www.mangataisho.com/archives/2012.html,2012,2026-08-22,2026-08-22,No explicit adult/TL marker in matched source or product; Rakuten booksGenreId=001001003009; rakutenProductUrl=https://books.rakuten.co.jp/rb/11126631/.
candidate-5e30ab3c7e3fb43e51f2,safe,マンガ大賞実行委員会 mainstream selection + Rakuten Books manga category,https://www.mangataisho.com/archives/2011.html,2011,2026-08-22,2026-08-22,No explicit adult/TL marker in matched source or product; Rakuten booksGenreId=001001004006/001001002008; rakutenProductUrl=https://books.rakuten.co.jp/rb/5807326/.
candidate-5e604312a028cd1cd45c,safe,マンガ大賞実行委員会 mainstream selection + Rakuten Books manga category,https://www.mangataisho.com/archives/2012.html,2012,2026-08-22,2026-08-22,No explicit adult/TL marker in matched source or product; Rakuten booksGenreId=001001002005; rakutenProductUrl=https://books.rakuten.co.jp/rb/11229268/.
candidate-5e7eef6cc23d9738e034,safe,マンガ大賞実行委員会 mainstream selection + Rakuten Books manga category,https://www.mangataisho.com/archives/2017.html,2017,2026-08-22,2026-08-22,No explicit adult/TL marker in matched source or product; Rakuten booksGenreId=001001003004; rakutenProductUrl=https://books.rakuten.co.jp/rb/14262222/.
candidate-5e8f5ad0820e97153fd9,safe,マンガ大賞実行委員会 mainstream selection + Rakuten Books manga category,https://www.mangataisho.com/archives/2011.html,2011,2026-08-22,2026-08-22,No explicit adult/TL marker in matched source or product; Rakuten booksGenreId=001001003009; rakutenProductUrl=https://books.rakuten.co.jp/rb/6314899/.
candidate-5eafe74dcfdc64fbe5f0,safe,マンガ大賞実行委員会 mainstream selection + Rakuten Books manga category,https://www.mangataisho.com/,2026,2026-08-22,2026-08-22,No explicit adult/TL marker in matched source or product; Rakuten booksGenreId=001001003023; rakutenProductUrl=https://books.rakuten.co.jp/rb/18147715/.
candidate-5eb4b8f96b08d6d91e3e,safe,マンガ大賞実行委員会 mainstream selection + Rakuten Books manga category,https://www.mangataisho.com/archives/2012.html,2012,2026-08-22,2026-08-22,No explicit adult/TL marker in matched source or product; Rakuten booksGenreId=001001003001/001001001001; rakutenProductUrl=https://books.rakuten.co.jp/rb/11194536/.
candidate-5eb522c5a4b4f5cb052f,safe,KADOKAWA「次にくるマンガ大賞」 mainstream selection + Rakuten Books manga category,https://tsugimanga.jp/winner/2020/comics,2020-08-19,2026-08-22,2026-08-22,No explicit adult/TL marker in matched source or product; Rakuten booksGenreId=001001003005; rakutenProductUrl=https://books.rakuten.co.jp/rb/16193638/.
candidate-5ebbc9bede841d2faf7b,safe,KADOKAWA「次にくるマンガ大賞」 mainstream selection + Rakuten Books manga category,https://tsugimanga.jp/winner/2015/comics,2015-02-06,2026-08-22,2026-08-22,No explicit adult/TL marker in matched source or product; Rakuten booksGenreId=001001002006; rakutenProductUrl=https://books.rakuten.co.jp/rb/12417181/.
candidate-5efc931bb6240d9dc0ad,safe,マンガ大賞実行委員会 mainstream selection + Rakuten Books manga category,https://www.mangataisho.com/archives/2014.html,2014,2026-08-22,2026-08-22,No explicit adult/TL marker in matched source or product; Rakuten booksGenreId=001001003001/001001001001; rakutenProductUrl=https://books.rakuten.co.jp/rb/12086151/.
candidate-5f23120a034be3aebbe7,safe,マンガ大賞実行委員会 mainstream selection + Rakuten Books manga category,https://www.mangataisho.com/archives/2015.html,2015,2026-08-22,2026-08-22,No explicit adult/TL marker in matched source or product; Rakuten booksGenreId=001001003005; rakutenProductUrl=https://books.rakuten.co.jp/rb/12764933/.
candidate-5f23f28d04aaeed489cc,safe,KADOKAWA「次にくるマンガ大賞」 mainstream selection + Rakuten Books manga category,https://tsugimanga.jp/winner/2017/comics,2017-08-23,2026-08-22,2026-08-22,No explicit adult/TL marker in matched source or product; Rakuten booksGenreId=001001003005; rakutenProductUrl=https://books.rakuten.co.jp/rb/14249273/.
candidate-5f4e7613821fb55ebb37,safe,小学館「小学館漫画賞」 mainstream selection + Rakuten Books manga category,https://shogakukan-comic.jp/shogakukan-mangasho-archives,2005,2026-08-22,2026-08-22,No explicit adult/TL marker in matched source or product; Rakuten booksGenreId=001001001009; rakutenProductUrl=https://books.rakuten.co.jp/rb/1550394/.
candidate-5f888deab71daaa322dc,safe,マンガ大賞実行委員会 mainstream selection + Rakuten Books manga category,https://www.mangataisho.com/archives/2009.html,2009,2026-08-22,2026-08-22,No explicit adult/TL marker in matched source or product; Rakuten booksGenreId=001001002012; rakutenProductUrl=https://books.rakuten.co.jp/rb/5806748/.
candidate-5fbe9161a398e544a4dc,safe,マンガ大賞実行委員会 mainstream selection + Rakuten Books manga category,https://www.mangataisho.com/archives/2015.html,2015,2026-08-22,2026-08-22,No explicit adult/TL marker in matched source or product; Rakuten booksGenreId=001001012; rakutenProductUrl=https://books.rakuten.co.jp/rb/12689727/.
candidate-5fc6b29f8e4455352ccf,safe,KADOKAWA「次にくるマンガ大賞」 mainstream selection + Rakuten Books manga category,https://tsugimanga.jp/winner/2017/comics,2017-08-23,2026-08-22,2026-08-22,No explicit adult/TL marker in matched source or product; Rakuten booksGenreId=001001012/001001003010; rakutenProductUrl=https://books.rakuten.co.jp/rb/14394290/.
candidate-6051ddc30fbd59c21ed3,safe,マンガ大賞実行委員会 mainstream selection + Rakuten Books manga category,https://www.mangataisho.com/archives/2011.html,2011,2026-08-22,2026-08-22,No explicit adult/TL marker in matched source or product; Rakuten booksGenreId=001001003009; rakutenProductUrl=https://books.rakuten.co.jp/rb/6272721/.
candidate-6083dc87d385741c9e90,safe,日本出版販売「全国書店員が選んだおすすめコミック」 mainstream selection + Rakuten Books manga category,https://www.honyaclub.com/shop/pages/osusumecomic2018.aspx?affiliate=osusumec18,2018,2026-08-22,2026-08-22,No explicit adult/TL marker in matched source or product; Rakuten booksGenreId=001001003058; rakutenProductUrl=https://books.rakuten.co.jp/rb/15006015/.
candidate-60f1c8ea2e940287be9d,safe,マンガ大賞実行委員会 mainstream selection + Rakuten Books manga category,https://www.mangataisho.com/archives/2011.html,2011,2026-08-22,2026-08-22,No explicit adult/TL marker in matched source or product; Rakuten booksGenreId=001001003026; rakutenProductUrl=https://books.rakuten.co.jp/rb/6483884/.
candidate-612b36fefaba0783ebc9,safe,マンガ大賞実行委員会 mainstream selection + Rakuten Books manga category,https://www.mangataisho.com/archives/2012.html,2012,2026-08-22,2026-08-22,No explicit adult/TL marker in matched source or product; Rakuten booksGenreId=001001003005; rakutenProductUrl=https://books.rakuten.co.jp/rb/11124018/.
candidate-61a5fe43e48685c3fcf5,safe,マンガ大賞実行委員会 mainstream selection + Rakuten Books manga category,https://www.mangataisho.com/archives/2015.html,2015,2026-08-22,2026-08-22,No explicit adult/TL marker in matched source or product; Rakuten booksGenreId=001001003009; rakutenProductUrl=https://books.rakuten.co.jp/rb/12835391/.
candidate-61f2b70ee9f8217b3604,safe,マンガ大賞実行委員会 mainstream selection + Rakuten Books manga category,https://www.mangataisho.com/archives/2012.html,2012,2026-08-22,2026-08-22,No explicit adult/TL marker in matched source or product; Rakuten booksGenreId=001001001009; rakutenProductUrl=https://books.rakuten.co.jp/rb/11229407/.
candidate-621170c75f41c495f8c0,safe,マンガ大賞実行委員会 mainstream selection + Rakuten Books manga category,https://www.mangataisho.com/archives/2012.html,2012,2026-08-22,2026-08-22,No explicit adult/TL marker in matched source or product; Rakuten booksGenreId=001001012; rakutenProductUrl=https://books.rakuten.co.jp/rb/11229309/.
candidate-6211b89f08ade71fa522,safe,KADOKAWA「次にくるマンガ大賞」 mainstream selection + Rakuten Books manga category,https://tsugimanga.jp/winner/2016/comics,2016-02-04,2026-08-22,2026-08-22,No explicit adult/TL marker in matched source or product; Rakuten booksGenreId=001001003023; rakutenProductUrl=https://books.rakuten.co.jp/rb/13212427/.
candidate-622381212123640cb5de,safe,マンガ大賞実行委員会 mainstream selection + Rakuten Books manga category,https://www.mangataisho.com/archives/2014.html,2014,2026-08-22,2026-08-22,No explicit adult/TL marker in matched source or product; Rakuten booksGenreId=001001012; rakutenProductUrl=https://books.rakuten.co.jp/rb/12504627/.
candidate-62289f61b425590d3f4e,safe,マンガ大賞実行委員会 mainstream selection + Rakuten Books manga category,https://www.mangataisho.com/archives/2014.html,2014,2026-08-22,2026-08-22,No explicit adult/TL marker in matched source or product; Rakuten booksGenreId=001001003023; rakutenProductUrl=https://books.rakuten.co.jp/rb/12199628/.
candidate-62e51d8166d487f9e6e3,safe,KADOKAWA「次にくるマンガ大賞」 mainstream selection + Rakuten Books manga category,https://tsugimanga.jp/winner/2015/comics,2015-02-06,2026-08-22,2026-08-22,No explicit adult/TL marker in matched source or product; Rakuten booksGenreId=001001003009; rakutenProductUrl=https://books.rakuten.co.jp/rb/12601995/.
candidate-62f4b10c360ed028992b,safe,マンガ大賞実行委員会 mainstream selection + Rakuten Books manga category,https://www.mangataisho.com/archives/2015.html,2015,2026-08-22,2026-08-22,No explicit adult/TL marker in matched source or product; Rakuten booksGenreId=001001004008; rakutenProductUrl=https://books.rakuten.co.jp/rb/12906528/.
candidate-62f95597704a67f68f85,safe,マンガ大賞実行委員会 mainstream selection + Rakuten Books manga category,https://www.mangataisho.com/archives/2010.html,2010,2026-08-22,2026-08-22,No explicit adult/TL marker in matched source or product; Rakuten booksGenreId=001001012; rakutenProductUrl=https://books.rakuten.co.jp/rb/6075139/.
candidate-62fb5d8e9f6c6bbbeba9,safe,マンガ大賞実行委員会 mainstream selection + Rakuten Books manga category,https://www.mangataisho.com/archives/2012.html,2012,2026-08-22,2026-08-22,No explicit adult/TL marker in matched source or product; Rakuten booksGenreId=001001003046; rakutenProductUrl=https://books.rakuten.co.jp/rb/11364746/.
candidate-62fbc6b2253b895e3a66,safe,日本出版販売「全国書店員が選んだおすすめコミック」 mainstream selection + Rakuten Books manga category,https://www.honyaclub.com/shop/pages/osusume.aspx,2013,2026-08-22,2026-08-22,No explicit adult/TL marker in matched source or product; Rakuten booksGenreId=001001002006; rakutenProductUrl=https://books.rakuten.co.jp/rb/11536591/.
candidate-6311314b8109a6669665,safe,マンガ大賞実行委員会 mainstream selection + Rakuten Books manga category,https://www.mangataisho.com/archives/2010.html,2010,2026-08-22,2026-08-22,No explicit adult/TL marker in matched source or product; Rakuten booksGenreId=001001002005; rakutenProductUrl=https://books.rakuten.co.jp/rb/5996507/.
candidate-634f34830600e07d8f17,safe,マンガ大賞実行委員会 mainstream selection + Rakuten Books manga category,https://www.mangataisho.com/archives/2008.html,2008,2026-08-22,2026-08-22,No explicit adult/TL marker in matched source or product; Rakuten booksGenreId=001001001009; rakutenProductUrl=https://books.rakuten.co.jp/rb/4449821/.
candidate-63a02701de53ec56aee7,safe,KADOKAWA「次にくるマンガ大賞」 mainstream selection + Rakuten Books manga category,https://tsugimanga.jp/winner/2024/comics,2024-08-28,2026-08-22,2026-08-22,No explicit adult/TL marker in matched source or product; Rakuten booksGenreId=001001003053/001001003035; rakutenProductUrl=https://books.rakuten.co.jp/rb/17656458/.
candidate-63b43386b6985d608eb8,safe,マンガ大賞実行委員会 mainstream selection + Rakuten Books manga category,https://www.mangataisho.com/archives/2014.html,2014,2026-08-22,2026-08-22,No explicit adult/TL marker in matched source or product; Rakuten booksGenreId=001001012; rakutenProductUrl=https://books.rakuten.co.jp/rb/12200130/.
candidate-641e15c43d24c2481485,safe,マンガ大賞実行委員会 mainstream selection + Rakuten Books manga category,https://www.mangataisho.com/archives/2015.html,2015,2026-08-22,2026-08-22,No explicit adult/TL marker in matched source or product; Rakuten booksGenreId=001001001006; rakutenProductUrl=https://books.rakuten.co.jp/rb/12809229/.
candidate-6420394c30e480d4e3e0,safe,小学館「小学館漫画賞」 mainstream selection + Rakuten Books manga category,https://shogakukan-comic.jp/shogakukan-mangasho-archives,2018,2026-08-22,2026-08-22,No explicit adult/TL marker in matched source or product; Rakuten booksGenreId=001001003009; rakutenProductUrl=https://books.rakuten.co.jp/rb/13076096/.
candidate-643cd4bcff411fdc670a,safe,KADOKAWA「次にくるマンガ大賞」 mainstream selection + Rakuten Books manga category,https://tsugimanga.jp/winner/2017/comics,2017-08-23,2026-08-22,2026-08-22,No explicit adult/TL marker in matched source or product; Rakuten booksGenreId=001001001008; rakutenProductUrl=https://books.rakuten.co.jp/rb/14537261/.
candidate-6492acae38103c762359,safe,マンガ大賞実行委員会 mainstream selection + Rakuten Books manga category,https://www.mangataisho.com/archives/2012.html,2012,2026-08-22,2026-08-22,No explicit adult/TL marker in matched source or product; Rakuten booksGenreId=001001012; rakutenProductUrl=https://books.rakuten.co.jp/rb/11353798/.
candidate-64ac5761360bf17bba45,safe,KADOKAWA「次にくるマンガ大賞」 mainstream selection + Rakuten Books manga category,https://tsugimanga.jp/nominate/comics,2026-06-26,2026-08-22,2026-08-22,No explicit adult/TL marker in matched source or product; Rakuten booksGenreId=001001001008; rakutenProductUrl=https://books.rakuten.co.jp/rb/18453653/.
candidate-64cd212285dac5214c5f,safe,マンガ大賞実行委員会 mainstream selection + Rakuten Books manga category,https://www.mangataisho.com/archives/2013.html,2013,2026-08-22,2026-08-22,No explicit adult/TL marker in matched source or product; Rakuten booksGenreId=001001002009; rakutenProductUrl=https://books.rakuten.co.jp/rb/6218904/.
candidate-655809e0d43ec6109015,safe,マンガ大賞実行委員会 mainstream selection + Rakuten Books manga category,https://www.mangataisho.com/archives/2011.html,2011,2026-08-22,2026-08-22,No explicit adult/TL marker in matched source or product; Rakuten booksGenreId=001001001001; rakutenProductUrl=https://books.rakuten.co.jp/rb/6718296/.
candidate-65a0463696716c6f690c,safe,マンガ大賞実行委員会 mainstream selection + Rakuten Books manga category,https://www.mangataisho.com/archives/2011.html,2011,2026-08-22,2026-08-22,No explicit adult/TL marker in matched source or product; Rakuten booksGenreId=001001003046; rakutenProductUrl=https://books.rakuten.co.jp/rb/4167393/.
candidate-65c2c6157aa1dc8dd746,safe,KADOKAWA「次にくるマンガ大賞」 mainstream selection + Rakuten Books manga category,https://tsugimanga.jp/winner/2017/comics,2017-08-23,2026-08-22,2026-08-22,No explicit adult/TL marker in matched source or product; Rakuten booksGenreId=001001001001; rakutenProductUrl=https://books.rakuten.co.jp/rb/14596092/.
candidate-65f856a6fa2078f21d2f,safe,KADOKAWA「次にくるマンガ大賞」 mainstream selection + Rakuten Books manga category,https://tsugimanga.jp/nominate/comics,2026-06-26,2026-08-22,2026-08-22,No explicit adult/TL marker in matched source or product; Rakuten booksGenreId=001001012; rakutenProductUrl=https://books.rakuten.co.jp/rb/18219051/.
candidate-66071f237c2e7c313a57,safe,小学館「小学館漫画賞」 mainstream selection + Rakuten Books manga category,https://shogakukan-comic.jp/shogakukan-mangasho-archives,2008,2026-08-22,2026-08-22,No explicit adult/TL marker in matched source or product; Rakuten booksGenreId=001001001009; rakutenProductUrl=https://books.rakuten.co.jp/rb/3617339/.
candidate-6647dd6573ec5b2f3252,safe,マンガ大賞実行委員会 mainstream selection + Rakuten Books manga category,https://www.mangataisho.com/archives/2008.html,2008,2026-08-22,2026-08-22,No explicit adult/TL marker in matched source or product; Rakuten booksGenreId=001001003035; rakutenProductUrl=https://books.rakuten.co.jp/rb/4106457/.
candidate-6680ea8aa4ec87ba2364,safe,マンガ大賞実行委員会 mainstream selection + Rakuten Books manga category,https://www.mangataisho.com/archives/2013.html,2013,2026-08-22,2026-08-22,No explicit adult/TL marker in matched source or product; Rakuten booksGenreId=001001003010; rakutenProductUrl=https://books.rakuten.co.jp/rb/11509519/.
candidate-6684d9f6258dfad423c9,safe,マンガ大賞実行委員会 mainstream selection + Rakuten Books manga category,https://www.mangataisho.com/archives/2012.html,2012,2026-08-22,2026-08-22,No explicit adult/TL marker in matched source or product; Rakuten booksGenreId=001001001002; rakutenProductUrl=https://books.rakuten.co.jp/rb/11194645/.
candidate-66a2488ed4f6bdd480e1,safe,マンガ大賞実行委員会 mainstream selection + Rakuten Books manga category,https://www.mangataisho.com/archives/2008.html,2008,2026-08-22,2026-08-22,No explicit adult/TL marker in matched source or product; Rakuten booksGenreId=001001003005; rakutenProductUrl=https://books.rakuten.co.jp/rb/4115432/.
candidate-66d8e3f1756fcc9ce276,safe,KADOKAWA「次にくるマンガ大賞」 mainstream selection + Rakuten Books manga category,https://tsugimanga.jp/nominate/comics,2026-06-26,2026-08-22,2026-08-22,No explicit adult/TL marker in matched source or product; Rakuten booksGenreId=001001003005; rakutenProductUrl=https://books.rakuten.co.jp/rb/18341529/.
candidate-671e3453cf9e1df2ee87,safe,小学館「小学館漫画賞」 mainstream selection + Rakuten Books manga category,https://shogakukan-comic.jp/shogakukan-mangasho-archives,1983,2026-08-22,2026-08-22,No explicit adult/TL marker in matched source or product; Rakuten booksGenreId=001001003009; rakutenProductUrl=https://books.rakuten.co.jp/rb/377038/.
candidate-672862529a341488245b,safe,マンガ大賞実行委員会 mainstream selection + Rakuten Books manga category,https://www.mangataisho.com/archives/2011.html,2011,2026-08-22,2026-08-22,No explicit adult/TL marker in matched source or product; Rakuten booksGenreId=001001003015; rakutenProductUrl=https://books.rakuten.co.jp/rb/6508769/.
candidate-6740092206a6dfce7ebb,safe,マンガ大賞実行委員会 mainstream selection + Rakuten Books manga category,https://www.mangataisho.com/archives/2012.html,2012,2026-08-22,2026-08-22,No explicit adult/TL marker in matched source or product; Rakuten booksGenreId=001001012; rakutenProductUrl=https://books.rakuten.co.jp/rb/6186715/.
candidate-676196eea071166d9ebb,safe,KADOKAWA「次にくるマンガ大賞」 mainstream selection + Rakuten Books manga category,https://tsugimanga.jp/winner/2022/comics,2022-08-31,2026-08-22,2026-08-22,No explicit adult/TL marker in matched source or product; Rakuten booksGenreId=001001012; rakutenProductUrl=https://books.rakuten.co.jp/rb/17095247/.
candidate-67d56a79da3d9a178ec2,safe,小学館「小学館漫画賞」 mainstream selection + Rakuten Books manga category,https://shogakukan-comic.jp/shogakukan-mangasho-archives,1997,2026-08-22,2026-08-22,No explicit adult/TL marker in matched source or product; Rakuten booksGenreId=001001001002; rakutenProductUrl=https://books.rakuten.co.jp/rb/779535/.
candidate-67dedbae06b6f916aa5b,safe,マンガ大賞実行委員会 mainstream selection + Rakuten Books manga category,https://www.mangataisho.com/archives/2008.html,2008,2026-08-22,2026-08-22,No explicit adult/TL marker in matched source or product; Rakuten booksGenreId=001001012; rakutenProductUrl=https://books.rakuten.co.jp/rb/1451808/.
candidate-680837b0db4ec9d2932c,safe,KADOKAWA「次にくるマンガ大賞」 mainstream selection + Rakuten Books manga category,https://tsugimanga.jp/winner/2016/comics,2016-02-04,2026-08-22,2026-08-22,No explicit adult/TL marker in matched source or product; Rakuten booksGenreId=001001003009; rakutenProductUrl=https://books.rakuten.co.jp/rb/12961494/.
candidate-688d64732ca3e8e89060,safe,KADOKAWA「次にくるマンガ大賞」 mainstream selection + Rakuten Books manga category,https://tsugimanga.jp/winner/2022/comics,2022-08-31,2026-08-22,2026-08-22,No explicit adult/TL marker in matched source or product; Rakuten booksGenreId=001001003053/001001003035; rakutenProductUrl=https://books.rakuten.co.jp/rb/16951104/.
candidate-68d859ef39330accd090,safe,マンガ大賞実行委員会 mainstream selection + Rakuten Books manga category,https://www.mangataisho.com/archives/2014.html,2014,2026-08-22,2026-08-22,No explicit adult/TL marker in matched source or product; Rakuten booksGenreId=001001001002; rakutenProductUrl=https://books.rakuten.co.jp/rb/11942068/.
candidate-697868a39adc4b0467cb,safe,日本出版販売「全国書店員が選んだおすすめコミック」 mainstream selection + Rakuten Books manga category,https://hon-hikidashi.jp/news/107527/,2026,2026-08-22,2026-08-22,No explicit adult/TL marker in matched source or product; Rakuten booksGenreId=001001012; rakutenProductUrl=https://books.rakuten.co.jp/rb/18082295/.
candidate-697d323a291ea56f732a,safe,マンガ大賞実行委員会 mainstream selection + Rakuten Books manga category,https://www.mangataisho.com/archives/2009.html,2009,2026-08-22,2026-08-22,No explicit adult/TL marker in matched source or product; Rakuten booksGenreId=001001003039; rakutenProductUrl=https://books.rakuten.co.jp/rb/6918247/.
candidate-69956bdf9bad6ba947bc,safe,日本出版販売「全国書店員が選んだおすすめコミック」 mainstream selection + Rakuten Books manga category,https://www.honyaclub.com/shop/pages/osusumecomic2018.aspx?affiliate=osusumec18,2018,2026-08-22,2026-08-22,No explicit adult/TL marker in matched source or product; Rakuten booksGenreId=001001003009; rakutenProductUrl=https://books.rakuten.co.jp/rb/14648467/.
candidate-69cbf6ddfccd6845e063,safe,マンガ大賞実行委員会 mainstream selection + Rakuten Books manga category,https://www.mangataisho.com/archives/2012.html,2012,2026-08-22,2026-08-22,No explicit adult/TL marker in matched source or product; Rakuten booksGenreId=001001012; rakutenProductUrl=https://books.rakuten.co.jp/rb/6840997/.
candidate-6a462d4dc8f82651c836,safe,マンガ大賞実行委員会 mainstream selection + Rakuten Books manga category,https://www.mangataisho.com/archives/2015.html,2015,2026-08-22,2026-08-22,No explicit adult/TL marker in matched source or product; Rakuten booksGenreId=001001003005; rakutenProductUrl=https://books.rakuten.co.jp/rb/12983452/.
candidate-6a547c7beec7d7a73dc6,safe,KADOKAWA「次にくるマンガ大賞」 mainstream selection + Rakuten Books manga category,https://tsugimanga.jp/winner/2015/comics,2015-02-06,2026-08-22,2026-08-22,No explicit adult/TL marker in matched source or product; Rakuten booksGenreId=001001003015; rakutenProductUrl=https://books.rakuten.co.jp/rb/12376697/.
candidate-6a9133c4ad0daf19f362,safe,KADOKAWA「次にくるマンガ大賞」 mainstream selection + Rakuten Books manga category,https://tsugimanga.jp/winner/2020/comics,2020-08-19,2026-08-22,2026-08-22,No explicit adult/TL marker in matched source or product; Rakuten booksGenreId=001001001009; rakutenProductUrl=https://books.rakuten.co.jp/rb/16004925/.
candidate-6aa0a2432c4e363cb75a,safe,KADOKAWA「次にくるマンガ大賞」 mainstream selection + Rakuten Books manga category,https://tsugimanga.jp/winner/2021/comics,2021-08-24,2026-08-22,2026-08-22,No explicit adult/TL marker in matched source or product; Rakuten booksGenreId=001001001006; rakutenProductUrl=https://books.rakuten.co.jp/rb/16544210/.
candidate-6aca73a811d5d55bae1c,safe,KADOKAWA「次にくるマンガ大賞」 mainstream selection + Rakuten Books manga category,https://tsugimanga.jp/winner/2024/comics,2024-08-28,2026-08-22,2026-08-22,No explicit adult/TL marker in matched source or product; Rakuten booksGenreId=001001001009; rakutenProductUrl=https://books.rakuten.co.jp/rb/17560247/.
candidate-6ace1179feff7f17f357,safe,マンガ大賞実行委員会 mainstream selection + Rakuten Books manga category,https://www.mangataisho.com/archives/2014.html,2014,2026-08-22,2026-08-22,No explicit adult/TL marker in matched source or product; Rakuten booksGenreId=001001003022; rakutenProductUrl=https://books.rakuten.co.jp/rb/12086111/.
candidate-6ae8e5141f75a8df7781,safe,日本出版販売「全国書店員が選んだおすすめコミック」 mainstream selection + Rakuten Books manga category,https://hon-hikidashi.jp/event/105008/,2012,2026-08-22,2026-08-22,No explicit adult/TL marker in matched source or product; Rakuten booksGenreId=001001004006/001001002008; rakutenProductUrl=https://books.rakuten.co.jp/rb/6873097/.
candidate-6b321bd2b9009a808456,safe,宝島社「このマンガがすごい！」編集部 mainstream selection + Rakuten Books manga category,https://sugoiweb.jp/column/4894/,2019-12-20,2026-08-22,2026-08-22,No explicit adult/TL marker in matched source or product; Rakuten booksGenreId=001001003023; rakutenProductUrl=https://books.rakuten.co.jp/rb/15999702/.
candidate-6b8424158349822ebb55,safe,KADOKAWA「次にくるマンガ大賞」 mainstream selection + Rakuten Books manga category,https://tsugimanga.jp/winner/2018/comics,2018-08-23,2026-08-22,2026-08-22,No explicit adult/TL marker in matched source or product; Rakuten booksGenreId=001001012; rakutenProductUrl=https://books.rakuten.co.jp/rb/15189944/.
candidate-6bbe7e275d0c00809904,safe,マンガ大賞実行委員会 mainstream selection + Rakuten Books manga category,https://www.mangataisho.com/archives/2012.html,2012,2026-08-22,2026-08-22,No explicit adult/TL marker in matched source or product; Rakuten booksGenreId=001001003022; rakutenProductUrl=https://books.rakuten.co.jp/rb/11186550/.
candidate-6c0700871e68b0a82ae3,safe,マンガ大賞実行委員会 mainstream selection + Rakuten Books manga category,https://www.mangataisho.com/archives/2008.html,2008,2026-08-22,2026-08-22,No explicit adult/TL marker in matched source or product; Rakuten booksGenreId=001001003010; rakutenProductUrl=https://books.rakuten.co.jp/rb/4328642/.
candidate-6c274b0b6893d8ad8ef7,safe,マンガ大賞実行委員会 mainstream selection + Rakuten Books manga category,https://www.mangataisho.com/archives/2010.html,2010,2026-08-22,2026-08-22,No explicit adult/TL marker in matched source or product; Rakuten booksGenreId=001001003023; rakutenProductUrl=https://books.rakuten.co.jp/rb/4475307/.
candidate-6c4d17a533923de58e6a,safe,マンガ大賞実行委員会 mainstream selection + Rakuten Books manga category,https://www.mangataisho.com/archives/2015.html,2015,2026-08-22,2026-08-22,No explicit adult/TL marker in matched source or product; Rakuten booksGenreId=001001004001; rakutenProductUrl=https://books.rakuten.co.jp/rb/12662657/.
candidate-6c4fa1811e7a536260d6,safe,マンガ大賞実行委員会 mainstream selection + Rakuten Books manga category,https://www.mangataisho.com/archives/2014.html,2014,2026-08-22,2026-08-22,No explicit adult/TL marker in matched source or product; Rakuten booksGenreId=001001012; rakutenProductUrl=https://books.rakuten.co.jp/rb/12430537/.
candidate-6c6341781c12b590864f,safe,マンガ大賞実行委員会 mainstream selection + Rakuten Books manga category,https://www.mangataisho.com/archives/2012.html,2012,2026-08-22,2026-08-22,No explicit adult/TL marker in matched source or product; Rakuten booksGenreId=001001003048; rakutenProductUrl=https://books.rakuten.co.jp/rb/11358074/.
candidate-6cc5a5a8e78e48e6146b,safe,マンガ大賞実行委員会 mainstream selection + Rakuten Books manga category,https://www.mangataisho.com/archives/2013.html,2013,2026-08-22,2026-08-22,No explicit adult/TL marker in matched source or product; Rakuten booksGenreId=001001004008; rakutenProductUrl=https://books.rakuten.co.jp/rb/12086174/.
candidate-6cd2abbf72d8429fbe2e,safe,KADOKAWA「次にくるマンガ大賞」 mainstream selection + Rakuten Books manga category,https://tsugimanga.jp/winner/2021/comics,2021-08-24,2026-08-22,2026-08-22,No explicit adult/TL marker in matched source or product; Rakuten booksGenreId=001001003004; rakutenProductUrl=https://books.rakuten.co.jp/rb/16682425/.
candidate-6d01004d74b7b51a058d,safe,マンガ大賞実行委員会 mainstream selection + Rakuten Books manga category,https://www.mangataisho.com/archives/2011.html,2011,2026-08-22,2026-08-22,No explicit adult/TL marker in matched source or product; Rakuten booksGenreId=001001003005; rakutenProductUrl=https://books.rakuten.co.jp/rb/6359388/.
candidate-6de564a546b8bdf411b9,safe,マンガ大賞実行委員会 mainstream selection + Rakuten Books manga category,https://www.mangataisho.com/archives/2009.html,2009,2026-08-22,2026-08-22,No explicit adult/TL marker in matched source or product; Rakuten booksGenreId=001001002014; rakutenProductUrl=https://books.rakuten.co.jp/rb/5630787/.
candidate-6deaf9311f0e9bb0c077,safe,マンガ大賞実行委員会 mainstream selection + Rakuten Books manga category,https://www.mangataisho.com/archives/2012.html,2012,2026-08-22,2026-08-22,No explicit adult/TL marker in matched source or product; Rakuten booksGenreId=001001002009; rakutenProductUrl=https://books.rakuten.co.jp/rb/11313836/.
candidate-6e250c729c6fa1bcdc02,safe,KADOKAWA「次にくるマンガ大賞」 mainstream selection + Rakuten Books manga category,https://tsugimanga.jp/winner/2019/comics,2019-08-22,2026-08-22,2026-08-22,No explicit adult/TL marker in matched source or product; Rakuten booksGenreId=001001003048; rakutenProductUrl=https://books.rakuten.co.jp/rb/15801865/.
candidate-6e3dde80b35cc4836296,safe,KADOKAWA「次にくるマンガ大賞」 mainstream selection + Rakuten Books manga category,https://tsugimanga.jp/winner/2024/comics,2024-08-28,2026-08-22,2026-08-22,No explicit adult/TL marker in matched source or product; Rakuten booksGenreId=001001001008; rakutenProductUrl=https://books.rakuten.co.jp/rb/17883560/.
candidate-6e3e033ba6c1bdffe565,safe,マンガ大賞実行委員会 mainstream selection + Rakuten Books manga category,https://www.mangataisho.com/archives/2013.html,2013,2026-08-22,2026-08-22,No explicit adult/TL marker in matched source or product; Rakuten booksGenreId=001001004008; rakutenProductUrl=https://books.rakuten.co.jp/rb/11771655/.
candidate-6e6a9db48983aac5dc62,safe,KADOKAWA「次にくるマンガ大賞」 mainstream selection + Rakuten Books manga category,https://tsugimanga.jp/winner/2022/comics,2022-08-31,2026-08-22,2026-08-22,No explicit adult/TL marker in matched source or product; Rakuten booksGenreId=001001012; rakutenProductUrl=https://books.rakuten.co.jp/rb/16546831/.
candidate-6f6aca43ab3d6d0d8bc4,safe,KADOKAWA「次にくるマンガ大賞」 mainstream selection + Rakuten Books manga category,https://tsugimanga.jp/winner/2020/comics,2020-08-19,2026-08-22,2026-08-22,No explicit adult/TL marker in matched source or product; Rakuten booksGenreId=001001002009; rakutenProductUrl=https://books.rakuten.co.jp/rb/16024091/.
candidate-6f7d6db34f5c70f3d2a7,safe,マンガ大賞実行委員会 mainstream selection + Rakuten Books manga category,https://www.mangataisho.com/archives/2012.html,2012,2026-08-22,2026-08-22,No explicit adult/TL marker in matched source or product; Rakuten booksGenreId=001001012; rakutenProductUrl=https://books.rakuten.co.jp/rb/11229311/.
candidate-6f849a8e785deee3d5dc,safe,KADOKAWA「次にくるマンガ大賞」 mainstream selection + Rakuten Books manga category,https://tsugimanga.jp/winner/2018/comics,2018-08-23,2026-08-22,2026-08-22,No explicit adult/TL marker in matched source or product; Rakuten booksGenreId=001001001008; rakutenProductUrl=https://books.rakuten.co.jp/rb/14662583/.
candidate-6fa158bf21c1a2e92b09,safe,マンガ大賞実行委員会 mainstream selection + Rakuten Books manga category,https://www.mangataisho.com/archives/2012.html,2012,2026-08-22,2026-08-22,No explicit adult/TL marker in matched source or product; Rakuten booksGenreId=001001003009; rakutenProductUrl=https://books.rakuten.co.jp/rb/11322112/.
candidate-6fc940c8e254550c8f98,safe,日本出版販売「全国書店員が選んだおすすめコミック」 mainstream selection + Rakuten Books manga category,https://www.honyaclub.com/shop/pages/osusumecomic2017.aspx?affiliate=osusumec17,2017,2026-08-22,2026-08-22,No explicit adult/TL marker in matched source or product; Rakuten booksGenreId=001001003050; rakutenProductUrl=https://books.rakuten.co.jp/rb/13854944/.
candidate-6ff41232cf163c16653b,safe,KADOKAWA「次にくるマンガ大賞」 mainstream selection + Rakuten Books manga category,https://tsugimanga.jp/nominate/comics,2026-06-26,2026-08-22,2026-08-22,No explicit adult/TL marker in matched source or product; Rakuten booksGenreId=001001003003; rakutenProductUrl=https://books.rakuten.co.jp/rb/18234578/.
candidate-7086ab99dd139f0ea353,safe,マンガ大賞実行委員会 mainstream selection + Rakuten Books manga category,https://www.mangataisho.com/archives/2015.html,2015,2026-08-22,2026-08-22,No explicit adult/TL marker in matched source or product; Rakuten booksGenreId=001001002005; rakutenProductUrl=https://books.rakuten.co.jp/rb/12866279/.
candidate-7094c349d7bbcc40129b,safe,マンガ大賞実行委員会 mainstream selection + Rakuten Books manga category,https://www.mangataisho.com/archives/2014.html,2014,2026-08-22,2026-08-22,No explicit adult/TL marker in matched source or product; Rakuten booksGenreId=001001012; rakutenProductUrl=https://books.rakuten.co.jp/rb/12346439/.
candidate-709876566e7697dc53e9,safe,マンガ大賞実行委員会 mainstream selection + Rakuten Books manga category,https://www.mangataisho.com/archives/2014.html,2014,2026-08-22,2026-08-22,No explicit adult/TL marker in matched source or product; Rakuten booksGenreId=001001003059; rakutenProductUrl=https://books.rakuten.co.jp/rb/12127489/.
candidate-70d0fe9965dc9cb5e5c6,safe,小学館「小学館漫画賞」 mainstream selection + Rakuten Books manga category,https://shogakukan-comic.jp/shogakukan-mangasho-archives,2018,2026-08-22,2026-08-22,No explicit adult/TL marker in matched source or product; Rakuten booksGenreId=001001002013; rakutenProductUrl=https://books.rakuten.co.jp/rb/12199858/.
candidate-70d47c2956fa70767164,safe,宝島社「このマンガがすごい！」編集部 mainstream selection + Rakuten Books manga category,https://sugoiweb.jp/column/4894/,2019-12-20,2026-08-22,2026-08-22,No explicit adult/TL marker in matched source or product; Rakuten booksGenreId=001001003023; rakutenProductUrl=https://books.rakuten.co.jp/rb/15768146/.
candidate-70dbc5b693fc3fccbb6b,safe,マンガ大賞実行委員会 mainstream selection + Rakuten Books manga category,https://www.mangataisho.com/archives/2011.html,2011,2026-08-22,2026-08-22,No explicit adult/TL marker in matched source or product; Rakuten booksGenreId=001001003003; rakutenProductUrl=https://books.rakuten.co.jp/rb/6272576/.
candidate-71527cb7fe3f42ef36ca,safe,小学館「小学館漫画賞」 mainstream selection + Rakuten Books manga category,https://shogakukan-comic.jp/shogakukan-mangasho-archives,2013,2026-08-22,2026-08-22,No explicit adult/TL marker in matched source or product; Rakuten booksGenreId=001001002007; rakutenProductUrl=https://books.rakuten.co.jp/rb/5929318/.
candidate-715f201d0df3b3a6805e,safe,マンガ大賞実行委員会 mainstream selection + Rakuten Books manga category,https://www.mangataisho.com/archives/2015.html,2015,2026-08-22,2026-08-22,No explicit adult/TL marker in matched source or product; Rakuten booksGenreId=001001001008; rakutenProductUrl=https://books.rakuten.co.jp/rb/12404261/.
candidate-716101e001160197c4f5,safe,KADOKAWA「次にくるマンガ大賞」 mainstream selection + Rakuten Books manga category,https://tsugimanga.jp/winner/2018/comics,2018-08-23,2026-08-22,2026-08-22,No explicit adult/TL marker in matched source or product; Rakuten booksGenreId=001001003046; rakutenProductUrl=https://books.rakuten.co.jp/rb/15083844/.
candidate-719e76feacfde2877323,safe,KADOKAWA「次にくるマンガ大賞」 mainstream selection + Rakuten Books manga category,https://tsugimanga.jp/nominate/comics,2026-06-26,2026-08-22,2026-08-22,No explicit adult/TL marker in matched source or product; Rakuten booksGenreId=001001001009; rakutenProductUrl=https://books.rakuten.co.jp/rb/18493285/.
candidate-71e824df2e6bc2125294,safe,KADOKAWA「次にくるマンガ大賞」 mainstream selection + Rakuten Books manga category,https://tsugimanga.jp/winner/2021/comics,2021-08-24,2026-08-22,2026-08-22,No explicit adult/TL marker in matched source or product; Rakuten booksGenreId=001001001008; rakutenProductUrl=https://books.rakuten.co.jp/rb/16655172/.
candidate-722055953f15b0130549,safe,マンガ大賞実行委員会 mainstream selection + Rakuten Books manga category,https://www.mangataisho.com/archives/2008.html,2008,2026-08-22,2026-08-22,No explicit adult/TL marker in matched source or product; Rakuten booksGenreId=001001002005; rakutenProductUrl=https://books.rakuten.co.jp/rb/4267723/.
candidate-722251ce58a03d2b6985,safe,日本出版販売「全国書店員が選んだおすすめコミック」 mainstream selection + Rakuten Books manga category,https://www.honyaclub.com/shop/pages/osusumecomic2019.aspx,2019,2026-08-22,2026-08-22,No explicit adult/TL marker in matched source or product; Rakuten booksGenreId=001001003022; rakutenProductUrl=https://books.rakuten.co.jp/rb/15544443/.
candidate-723a9fd1a730426c54a2,safe,マンガ大賞実行委員会 mainstream selection + Rakuten Books manga category,https://www.mangataisho.com/archives/2011.html,2011,2026-08-22,2026-08-22,No explicit adult/TL marker in matched source or product; Rakuten booksGenreId=001001004008; rakutenProductUrl=https://books.rakuten.co.jp/rb/6272800/.
candidate-724c064d491faf4c7414,safe,マンガ大賞実行委員会 mainstream selection + Rakuten Books manga category,https://www.mangataisho.com/archives/2008.html,2008,2026-08-22,2026-08-22,No explicit adult/TL marker in matched source or product; Rakuten booksGenreId=001001003021; rakutenProductUrl=https://books.rakuten.co.jp/rb/3566736/.
candidate-7263fe749c8d032e8cf1,safe,小学館「小学館漫画賞」 mainstream selection + Rakuten Books manga category,https://shogakukan-comic.jp/shogakukan-mangasho-archives,1993,2026-08-22,2026-08-22,No explicit adult/TL marker in matched source or product; Rakuten booksGenreId=001001003009; rakutenProductUrl=https://books.rakuten.co.jp/rb/460695/.
candidate-727144f46f24235acecb,safe,マンガ大賞実行委員会 mainstream selection + Rakuten Books manga category,https://www.mangataisho.com/archives/2009.html,2009,2026-08-22,2026-08-22,No explicit adult/TL marker in matched source or product; Rakuten booksGenreId=001001003035; rakutenProductUrl=https://books.rakuten.co.jp/rb/10580120/.
candidate-7281d838666983756309,safe,マンガ大賞実行委員会 mainstream selection + Rakuten Books manga category,https://www.mangataisho.com/archives/2014.html,2014,2026-08-22,2026-08-22,No explicit adult/TL marker in matched source or product; Rakuten booksGenreId=001001001008; rakutenProductUrl=https://books.rakuten.co.jp/rb/12332420/.
candidate-72ee6d2155cd15987b6f,safe,KADOKAWA「次にくるマンガ大賞」 mainstream selection + Rakuten Books manga category,https://tsugimanga.jp/winner/2016/comics,2016-02-04,2026-08-22,2026-08-22,No explicit adult/TL marker in matched source or product; Rakuten booksGenreId=001001003005; rakutenProductUrl=https://books.rakuten.co.jp/rb/12789987/.
candidate-7388660960b377e34e9c,safe,マンガ大賞実行委員会 mainstream selection + Rakuten Books manga category,https://www.mangataisho.com/archives/2009.html,2009,2026-08-22,2026-08-22,No explicit adult/TL marker in matched source or product; Rakuten booksGenreId=001001012; rakutenProductUrl=https://books.rakuten.co.jp/rb/5808134/.
candidate-741deb03d9f59e723929,safe,宝島社「このマンガがすごい！」編集部 mainstream selection + Rakuten Books manga category,https://sugoiweb.jp/column/4815/,2021-12-07,2026-08-22,2026-08-22,No explicit adult/TL marker in matched source or product; Rakuten booksGenreId=001001001008; rakutenProductUrl=https://books.rakuten.co.jp/rb/16823430/.
candidate-7461bbfdb466b4a51c7f,safe,KADOKAWA「次にくるマンガ大賞」 mainstream selection + Rakuten Books manga category,https://tsugimanga.jp/winner/2024/comics,2024-08-28,2026-08-22,2026-08-22,No explicit adult/TL marker in matched source or product; Rakuten booksGenreId=001001003053/001001003035; rakutenProductUrl=https://books.rakuten.co.jp/rb/17531564/.
candidate-74881f1156adcc713e23,safe,KADOKAWA「次にくるマンガ大賞」 mainstream selection + Rakuten Books manga category,https://tsugimanga.jp/nominate/comics,2026-06-26,2026-08-22,2026-08-22,No explicit adult/TL marker in matched source or product; Rakuten booksGenreId=001001002014; rakutenProductUrl=https://books.rakuten.co.jp/rb/18539566/.
candidate-749da01d790325d81198,safe,マンガ大賞実行委員会 mainstream selection + Rakuten Books manga category,https://www.mangataisho.com/archives/2013.html,2013,2026-08-22,2026-08-22,No explicit adult/TL marker in matched source or product; Rakuten booksGenreId=001001012; rakutenProductUrl=https://books.rakuten.co.jp/rb/11754527/.
candidate-74c058bfce839d93e3c5,safe,マンガ大賞実行委員会 mainstream selection + Rakuten Books manga category,https://www.mangataisho.com/archives/2008.html,2008,2026-08-22,2026-08-22,No explicit adult/TL marker in matched source or product; Rakuten booksGenreId=001001002005; rakutenProductUrl=https://books.rakuten.co.jp/rb/4109715/.
candidate-75114a2ee2082b4f4630,safe,日本出版販売「全国書店員が選んだおすすめコミック」 mainstream selection + Rakuten Books manga category,https://hon-hikidashi.jp/event/105449/,2021,2026-08-22,2026-08-22,No explicit adult/TL marker in matched source or product; Rakuten booksGenreId=001001003003; rakutenProductUrl=https://books.rakuten.co.jp/rb/16224909/.
candidate-752c8a8fb14b16459c3d,safe,マンガ大賞実行委員会 mainstream selection + Rakuten Books manga category,https://www.mangataisho.com/archives/2011.html,2011,2026-08-22,2026-08-22,No explicit adult/TL marker in matched source or product; Rakuten booksGenreId=001001003016; rakutenProductUrl=https://books.rakuten.co.jp/rb/6484068/.
candidate-7568cab93fa9a9a409d1,safe,マンガ大賞実行委員会 mainstream selection + Rakuten Books manga category,https://www.mangataisho.com/archives/2008.html,2008,2026-08-22,2026-08-22,No explicit adult/TL marker in matched source or product; Rakuten booksGenreId=001001003035; rakutenProductUrl=https://books.rakuten.co.jp/rb/10532757/.
candidate-75bb4a5e2f04f1291971,safe,マンガ大賞実行委員会 mainstream selection + Rakuten Books manga category,https://www.mangataisho.com/archives/2011.html,2011,2026-08-22,2026-08-22,No explicit adult/TL marker in matched source or product; Rakuten booksGenreId=001001003010; rakutenProductUrl=https://books.rakuten.co.jp/rb/5901209/.
candidate-75d52ca8274d4d075969,safe,KADOKAWA「次にくるマンガ大賞」 mainstream selection + Rakuten Books manga category,https://tsugimanga.jp/winner/2017/comics,2017-08-23,2026-08-22,2026-08-22,No explicit adult/TL marker in matched source or product; Rakuten booksGenreId=001001003021; rakutenProductUrl=https://books.rakuten.co.jp/rb/14496656/.
candidate-761965451844ecb440fb,safe,マンガ大賞実行委員会 mainstream selection + Rakuten Books manga category,https://www.mangataisho.com/archives/2013.html,2013,2026-08-22,2026-08-22,No explicit adult/TL marker in matched source or product; Rakuten booksGenreId=001001003004; rakutenProductUrl=https://books.rakuten.co.jp/rb/11941851/.
candidate-763968e43f6661d8b5d3,safe,KADOKAWA「次にくるマンガ大賞」 mainstream selection + Rakuten Books manga category,https://tsugimanga.jp/winner/2021/comics,2021-08-24,2026-08-22,2026-08-22,No explicit adult/TL marker in matched source or product; Rakuten booksGenreId=001001012; rakutenProductUrl=https://books.rakuten.co.jp/rb/15838648/.
candidate-763a400656f1c7d54eea,safe,KADOKAWA「次にくるマンガ大賞」 mainstream selection + Rakuten Books manga category,https://tsugimanga.jp/nominate/comics,2026-06-26,2026-08-22,2026-08-22,No explicit adult/TL marker in matched source or product; Rakuten booksGenreId=001001003048; rakutenProductUrl=https://books.rakuten.co.jp/rb/18169219/.
candidate-766eecbba2c9ed11ecd1,safe,KADOKAWA「次にくるマンガ大賞」 mainstream selection + Rakuten Books manga category,https://tsugimanga.jp/winner/2019/comics,2019-08-22,2026-08-22,2026-08-22,No explicit adult/TL marker in matched source or product; Rakuten booksGenreId=001001003009; rakutenProductUrl=https://books.rakuten.co.jp/rb/14433436/.
candidate-769cfa7c526dbfd782d5,safe,マンガ大賞実行委員会 mainstream selection + Rakuten Books manga category,https://www.mangataisho.com/archives/2009.html,2009,2026-08-22,2026-08-22,No explicit adult/TL marker in matched source or product; Rakuten booksGenreId=001001003009; rakutenProductUrl=https://books.rakuten.co.jp/rb/3990872/.
candidate-76bfd43f9fd555685806,safe,マンガ大賞実行委員会 mainstream selection + Rakuten Books manga category,https://www.mangataisho.com/archives/2009.html,2009,2026-08-22,2026-08-22,No explicit adult/TL marker in matched source or product; Rakuten booksGenreId=001001003015; rakutenProductUrl=https://books.rakuten.co.jp/rb/1456891/.
candidate-76c038b398f4b28b7748,safe,小学館「小学館漫画賞」 mainstream selection + Rakuten Books manga category,https://shogakukan-comic.jp/shogakukan-mangasho-archives,1997,2026-08-22,2026-08-22,No explicit adult/TL marker in matched source or product; Rakuten booksGenreId=001001004006/001001002008; rakutenProductUrl=https://books.rakuten.co.jp/rb/849645/.
candidate-76d784dfb643d9c9a334,safe,KADOKAWA「次にくるマンガ大賞」 mainstream selection + Rakuten Books manga category,https://tsugimanga.jp/nominate/comics,2026-06-26,2026-08-22,2026-08-22,No explicit adult/TL marker in matched source or product; Rakuten booksGenreId=001001003005; rakutenProductUrl=https://books.rakuten.co.jp/rb/17944347/.
candidate-77008e04537e3fd889e2,safe,マンガ大賞実行委員会 mainstream selection + Rakuten Books manga category,https://www.mangataisho.com/archives/2012.html,2012,2026-08-22,2026-08-22,No explicit adult/TL marker in matched source or product; Rakuten booksGenreId=001001001008; rakutenProductUrl=https://books.rakuten.co.jp/rb/11466082/.
candidate-7730845c9cf7ba0cccc8,safe,宝島社「このマンガがすごい！」編集部 mainstream selection + Rakuten Books manga category,https://sugoiweb.jp/column/4251/,2024-12-13,2026-08-22,2026-08-22,No explicit adult/TL marker in matched source or product; Rakuten booksGenreId=001001003015; rakutenProductUrl=https://books.rakuten.co.jp/rb/17689711/.
candidate-77aecd2b33b956f62334,safe,マンガ大賞実行委員会 mainstream selection + Rakuten Books manga category,https://www.mangataisho.com/archives/2010.html,2010,2026-08-22,2026-08-22,No explicit adult/TL marker in matched source or product; Rakuten booksGenreId=001001002005; rakutenProductUrl=https://books.rakuten.co.jp/rb/4339959/.
candidate-7819d66a9d4fe8ec5a8b,safe,KADOKAWA「次にくるマンガ大賞」 mainstream selection + Rakuten Books manga category,https://tsugimanga.jp/nominate/comics,2026-06-26,2026-08-22,2026-08-22,No explicit adult/TL marker in matched source or product; Rakuten booksGenreId=001001002014; rakutenProductUrl=https://books.rakuten.co.jp/rb/18330194/.
candidate-7868798a4cb2b0d155ce,safe,宝島社「このマンガがすごい！」編集部 mainstream selection + Rakuten Books manga category,https://sugoiweb.jp/column/4894/,2019-12-20,2026-08-22,2026-08-22,No explicit adult/TL marker in matched source or product; Rakuten booksGenreId=001001002020; rakutenProductUrl=https://books.rakuten.co.jp/rb/15512460/.
candidate-7883b4538b78eb87fffb,safe,マンガ大賞実行委員会 mainstream selection + Rakuten Books manga category,https://www.mangataisho.com/archives/2015.html,2015,2026-08-22,2026-08-22,No explicit adult/TL marker in matched source or product; Rakuten booksGenreId=001001012; rakutenProductUrl=https://books.rakuten.co.jp/rb/12691365/.
candidate-78ca5a89590ad691bb34,safe,マンガ大賞実行委員会 mainstream selection + Rakuten Books manga category,https://www.mangataisho.com/archives/2015.html,2015,2026-08-22,2026-08-22,No explicit adult/TL marker in matched source or product; Rakuten booksGenreId=001001002007; rakutenProductUrl=https://books.rakuten.co.jp/rb/6327292/.
candidate-78d44d381562e37dd94a,safe,マンガ大賞実行委員会 mainstream selection + Rakuten Books manga category,https://www.mangataisho.com/archives/2013.html,2013,2026-08-22,2026-08-22,No explicit adult/TL marker in matched source or product; Rakuten booksGenreId=001001002006; rakutenProductUrl=https://books.rakuten.co.jp/rb/11603974/.
candidate-7926c93b4fef38dd0704,safe,KADOKAWA「次にくるマンガ大賞」 mainstream selection + Rakuten Books manga category,https://tsugimanga.jp/winner/2023/comics,2023-08-31,2026-08-22,2026-08-22,No explicit adult/TL marker in matched source or product; Rakuten booksGenreId=001001001014; rakutenProductUrl=https://books.rakuten.co.jp/rb/17114798/.
candidate-794131c03d38fa490b5d,safe,マンガ大賞実行委員会 mainstream selection + Rakuten Books manga category,https://www.mangataisho.com/archives/2009.html,2009,2026-08-22,2026-08-22,No explicit adult/TL marker in matched source or product; Rakuten booksGenreId=001001012; rakutenProductUrl=https://books.rakuten.co.jp/rb/5819258/.
candidate-79420552f3fa0a01ad71,safe,小学館「小学館漫画賞」 mainstream selection + Rakuten Books manga category,https://shogakukan-comic.jp/shogakukan-mangasho-archives,2003,2026-08-22,2026-08-22,No explicit adult/TL marker in matched source or product; Rakuten booksGenreId=001001001002; rakutenProductUrl=https://books.rakuten.co.jp/rb/1409884/.
candidate-7975d62582a89492a35f,safe,KADOKAWA「次にくるマンガ大賞」 mainstream selection + Rakuten Books manga category,https://tsugimanga.jp/winner/2018/comics,2018-08-23,2026-08-22,2026-08-22,No explicit adult/TL marker in matched source or product; Rakuten booksGenreId=001001003015; rakutenProductUrl=https://books.rakuten.co.jp/rb/15388202/.
candidate-797fadfff1809c298569,safe,マンガ大賞実行委員会 mainstream selection + Rakuten Books manga category,https://www.mangataisho.com/archives/2008.html,2008,2026-08-22,2026-08-22,No explicit adult/TL marker in matched source or product; Rakuten booksGenreId=001001004006/001001002008; rakutenProductUrl=https://books.rakuten.co.jp/rb/4063324/.
candidate-79bbd0d83c00b2d58a79,safe,マンガ大賞実行委員会 mainstream selection + Rakuten Books manga category,https://www.mangataisho.com/archives/2010.html,2010,2026-08-22,2026-08-22,No explicit adult/TL marker in matched source or product; Rakuten booksGenreId=001001003041; rakutenProductUrl=https://books.rakuten.co.jp/rb/6225385/.
candidate-79c18b26dfde8a532f73,safe,マンガ大賞実行委員会 mainstream selection + Rakuten Books manga category,https://www.mangataisho.com/archives/2013.html,2013,2026-08-22,2026-08-22,No explicit adult/TL marker in matched source or product; Rakuten booksGenreId=001001003039; rakutenProductUrl=https://books.rakuten.co.jp/rb/11903717/.
candidate-79c9e81996a79ca53187,safe,KADOKAWA「次にくるマンガ大賞」 mainstream selection + Rakuten Books manga category,https://tsugimanga.jp/winner/2022/comics,2022-08-31,2026-08-22,2026-08-22,No explicit adult/TL marker in matched source or product; Rakuten booksGenreId=001001012; rakutenProductUrl=https://books.rakuten.co.jp/rb/16405331/.
candidate-7a260e9a539643caf362,safe,マンガ大賞実行委員会 mainstream selection + Rakuten Books manga category,https://www.mangataisho.com/archives/2010.html,2010,2026-08-22,2026-08-22,No explicit adult/TL marker in matched source or product; Rakuten booksGenreId=001001012; rakutenProductUrl=https://books.rakuten.co.jp/rb/5853968/.
candidate-7a4e7ba45413e1b8af34,safe,マンガ大賞実行委員会 mainstream selection + Rakuten Books manga category,https://www.mangataisho.com/archives/2009.html,2009,2026-08-22,2026-08-22,No explicit adult/TL marker in matched source or product; Rakuten booksGenreId=001001002006; rakutenProductUrl=https://books.rakuten.co.jp/rb/5922968/.
candidate-7a9de6fd58fbd19aed74,safe,KADOKAWA「次にくるマンガ大賞」 mainstream selection + Rakuten Books manga category,https://tsugimanga.jp/winner/2020/comics,2020-08-19,2026-08-22,2026-08-22,No explicit adult/TL marker in matched source or product; Rakuten booksGenreId=001001001008; rakutenProductUrl=https://books.rakuten.co.jp/rb/16234576/.
candidate-7aa23df2c051d68240fb,safe,KADOKAWA「次にくるマンガ大賞」 mainstream selection + Rakuten Books manga category,https://tsugimanga.jp/winner/2025/comics,2025-09-18,2026-08-22,2026-08-22,No explicit adult/TL marker in matched source or product; Rakuten booksGenreId=001001002009; rakutenProductUrl=https://books.rakuten.co.jp/rb/18044307/.
candidate-7abb6e8396c5e1252173,safe,KADOKAWA「次にくるマンガ大賞」 mainstream selection + Rakuten Books manga category,https://tsugimanga.jp/winner/2015/comics,2015-02-06,2026-08-22,2026-08-22,No explicit adult/TL marker in matched source or product; Rakuten booksGenreId=001001003015; rakutenProductUrl=https://books.rakuten.co.jp/rb/12417050/.
candidate-7ae0ebf353e9ca1d67e2,safe,日本出版販売「全国書店員が選んだおすすめコミック」 mainstream selection + Rakuten Books manga category,https://hon-hikidashi.jp/event/104773/,2010,2026-08-22,2026-08-22,No explicit adult/TL marker in matched source or product; Rakuten booksGenreId=001001012; rakutenProductUrl=https://books.rakuten.co.jp/rb/4521704/.
candidate-7afe8d2121f4b37e2bee,safe,マンガ大賞実行委員会 mainstream selection + Rakuten Books manga category,https://www.mangataisho.com/archives/2012.html,2012,2026-08-22,2026-08-22,No explicit adult/TL marker in matched source or product; Rakuten booksGenreId=001001012; rakutenProductUrl=https://books.rakuten.co.jp/rb/7000194/.
candidate-7b197bf350436d626b4b,safe,マンガ大賞実行委員会 mainstream selection + Rakuten Books manga category,https://www.mangataisho.com/archives/2011.html,2011,2026-08-22,2026-08-22,No explicit adult/TL marker in matched source or product; Rakuten booksGenreId=001001002011; rakutenProductUrl=https://books.rakuten.co.jp/rb/6199883/.
candidate-7b1d0ad37dd2fb2a8045,safe,KADOKAWA「次にくるマンガ大賞」 mainstream selection + Rakuten Books manga category,https://tsugimanga.jp/winner/2015/comics,2015-02-06,2026-08-22,2026-08-22,No explicit adult/TL marker in matched source or product; Rakuten booksGenreId=001001003009; rakutenProductUrl=https://books.rakuten.co.jp/rb/12504386/.
candidate-7b22b7a877f8e8baa98e,safe,KADOKAWA「次にくるマンガ大賞」 mainstream selection + Rakuten Books manga category,https://tsugimanga.jp/winner/2019/comics,2019-08-22,2026-08-22,2026-08-22,No explicit adult/TL marker in matched source or product; Rakuten booksGenreId=001001003004; rakutenProductUrl=https://books.rakuten.co.jp/rb/15765470/.
candidate-7b585d506d99db4d83cb,safe,マンガ大賞実行委員会 mainstream selection + Rakuten Books manga category,https://www.mangataisho.com/archives/2010.html,2010,2026-08-22,2026-08-22,No explicit adult/TL marker in matched source or product; Rakuten booksGenreId=001001012; rakutenProductUrl=https://books.rakuten.co.jp/rb/5904245/.
candidate-7b68ef4142fd6b797629,safe,マンガ大賞実行委員会 mainstream selection + Rakuten Books manga category,https://www.mangataisho.com/archives/2014.html,2014,2026-08-22,2026-08-22,No explicit adult/TL marker in matched source or product; Rakuten booksGenreId=001001002006; rakutenProductUrl=https://books.rakuten.co.jp/rb/12382643/.
candidate-7b6eb2b48ac06ffa26eb,safe,マンガ大賞実行委員会 mainstream selection + Rakuten Books manga category,https://www.mangataisho.com/archives/2012.html,2012,2026-08-22,2026-08-22,No explicit adult/TL marker in matched source or product; Rakuten booksGenreId=001001004006/001001002008; rakutenProductUrl=https://books.rakuten.co.jp/rb/11322076/.
candidate-7b903ecc2ff94b465cf9,safe,KADOKAWA「次にくるマンガ大賞」 mainstream selection + Rakuten Books manga category,https://tsugimanga.jp/winner/2019/comics,2019-08-22,2026-08-22,2026-08-22,No explicit adult/TL marker in matched source or product; Rakuten booksGenreId=001001003059; rakutenProductUrl=https://books.rakuten.co.jp/rb/14427600/.
candidate-7bb576492f3b9329e6ee,safe,KADOKAWA「次にくるマンガ大賞」 mainstream selection + Rakuten Books manga category,https://tsugimanga.jp/winner/2019/comics,2019-08-22,2026-08-22,2026-08-22,No explicit adult/TL marker in matched source or product; Rakuten booksGenreId=001001003021; rakutenProductUrl=https://books.rakuten.co.jp/rb/15065240/.
candidate-7bc312490676870399a5,safe,小学館「小学館漫画賞」 mainstream selection + Rakuten Books manga category,https://shogakukan-comic.jp/shogakukan-mangasho-archives,1985,2026-08-22,2026-08-22,No explicit adult/TL marker in matched source or product; Rakuten booksGenreId=001001004006/001001002008; rakutenProductUrl=https://books.rakuten.co.jp/rb/379860/.
candidate-7bc72d4f5ffcc9630504,safe,マンガ大賞実行委員会 mainstream selection + Rakuten Books manga category,https://www.mangataisho.com/archives/2010.html,2010,2026-08-22,2026-08-22,No explicit adult/TL marker in matched source or product; Rakuten booksGenreId=001001012; rakutenProductUrl=https://books.rakuten.co.jp/rb/4125329/.
candidate-7bd1f7da470021b08956,safe,マンガ大賞実行委員会 mainstream selection + Rakuten Books manga category,https://www.mangataisho.com/archives/2008.html,2008,2026-08-22,2026-08-22,No explicit adult/TL marker in matched source or product; Rakuten booksGenreId=001001002011; rakutenProductUrl=https://books.rakuten.co.jp/rb/4173056/.
candidate-7c5bcbd3edfb1772b18c,safe,マンガ大賞実行委員会 mainstream selection + Rakuten Books manga category,https://www.mangataisho.com/archives/2013.html,2013,2026-08-22,2026-08-22,No explicit adult/TL marker in matched source or product; Rakuten booksGenreId=001001002012; rakutenProductUrl=https://books.rakuten.co.jp/rb/11914160/.
candidate-7c638f30f715d60969ae,safe,KADOKAWA「次にくるマンガ大賞」 mainstream selection + Rakuten Books manga category,https://tsugimanga.jp/winner/2025/comics,2025-09-18,2026-08-22,2026-08-22,No explicit adult/TL marker in matched source or product; Rakuten booksGenreId=001001002025; rakutenProductUrl=https://books.rakuten.co.jp/rb/17544046/.
candidate-7c72ec74e8e6d188177a,safe,KADOKAWA「次にくるマンガ大賞」 mainstream selection + Rakuten Books manga category,https://tsugimanga.jp/winner/2020/comics,2020-08-19,2026-08-22,2026-08-22,No explicit adult/TL marker in matched source or product; Rakuten booksGenreId=001001003050; rakutenProductUrl=https://books.rakuten.co.jp/rb/16254228/.
candidate-7c8931bc010e2f28f7ec,safe,宝島社「このマンガがすごい！」編集部 mainstream selection + Rakuten Books manga category,https://sugoiweb.jp/column/4894/,2019-12-20,2026-08-22,2026-08-22,No explicit adult/TL marker in matched source or product; Rakuten booksGenreId=001001003023; rakutenProductUrl=https://books.rakuten.co.jp/rb/15966863/.
candidate-7c9fcfd8776115f6154c,safe,マンガ大賞実行委員会 mainstream selection + Rakuten Books manga category,https://www.mangataisho.com/archives/2011.html,2011,2026-08-22,2026-08-22,No explicit adult/TL marker in matched source or product; Rakuten booksGenreId=001001012; rakutenProductUrl=https://books.rakuten.co.jp/rb/5440279/.
candidate-7ca6955ae7fb52cbaaae,safe,マンガ大賞実行委員会 mainstream selection + Rakuten Books manga category,https://www.mangataisho.com/archives/2012.html,2012,2026-08-22,2026-08-22,No explicit adult/TL marker in matched source or product; Rakuten booksGenreId=001001003023; rakutenProductUrl=https://books.rakuten.co.jp/rb/6314633/.
candidate-7cdb366e7d6858c2f244,safe,宝島社「このマンガがすごい！」編集部 mainstream selection + Rakuten Books manga category,https://sugoiweb.jp/column/4868/,2020-12-10,2026-08-22,2026-08-22,No explicit adult/TL marker in matched source or product; Rakuten booksGenreId=001001012; rakutenProductUrl=https://books.rakuten.co.jp/rb/16309152/.
candidate-7cf559b22e6d36a4c8b3,safe,マンガ大賞実行委員会 mainstream selection + Rakuten Books manga category,https://www.mangataisho.com/archives/2008.html,2008,2026-08-22,2026-08-22,No explicit adult/TL marker in matched source or product; Rakuten booksGenreId=001001003018; rakutenProductUrl=https://books.rakuten.co.jp/rb/4409182/.
candidate-7d259c925286a9f91310,safe,マンガ大賞実行委員会 mainstream selection + Rakuten Books manga category,https://www.mangataisho.com/archives/2009.html,2009,2026-08-22,2026-08-22,No explicit adult/TL marker in matched source or product; Rakuten booksGenreId=001001003004; rakutenProductUrl=https://books.rakuten.co.jp/rb/5360347/.
candidate-7d40d89092e9e0ee4973,safe,KADOKAWA「次にくるマンガ大賞」 mainstream selection + Rakuten Books manga category,https://tsugimanga.jp/winner/2015/comics,2015-02-06,2026-08-22,2026-08-22,No explicit adult/TL marker in matched source or product; Rakuten booksGenreId=001001002009; rakutenProductUrl=https://books.rakuten.co.jp/rb/12324786/.
candidate-7d4568dcc8e9175d35ba,safe,宝島社「このマンガがすごい！」編集部 mainstream selection + Rakuten Books manga category,https://sugoiweb.jp/column/4894/,2019-12-20,2026-08-22,2026-08-22,No explicit adult/TL marker in matched source or product; Rakuten booksGenreId=001001012; rakutenProductUrl=https://books.rakuten.co.jp/rb/15665157/.
candidate-7d4713147b1de577d668,safe,小学館「小学館漫画賞」 mainstream selection + Rakuten Books manga category,https://shogakukan-comic.jp/news/65082,2026-01-14,2026-08-22,2026-08-22,No explicit adult/TL marker in matched source or product; Rakuten booksGenreId=001001003004; rakutenProductUrl=https://books.rakuten.co.jp/rb/16705225/.
candidate-7d4917f6ae6ac8be16c0,safe,マンガ大賞実行委員会 mainstream selection + Rakuten Books manga category,https://www.mangataisho.com/archives/2012.html,2012,2026-08-22,2026-08-22,No explicit adult/TL marker in matched source or product; Rakuten booksGenreId=001001012; rakutenProductUrl=https://books.rakuten.co.jp/rb/3999625/.
candidate-7db69a2d438752c429cc,safe,小学館「小学館漫画賞」 mainstream selection + Rakuten Books manga category,https://shogakukan-comic.jp/shogakukan-mangasho-archives,1991,2026-08-22,2026-08-22,No explicit adult/TL marker in matched source or product; Rakuten booksGenreId=001001004006/001001002008; rakutenProductUrl=https://books.rakuten.co.jp/rb/523170/.
candidate-7df6bbafa7bdb01b0622,safe,マンガ大賞実行委員会 mainstream selection + Rakuten Books manga category,https://www.mangataisho.com/archives/2015.html,2015,2026-08-22,2026-08-22,No explicit adult/TL marker in matched source or product; Rakuten booksGenreId=001001002002; rakutenProductUrl=https://books.rakuten.co.jp/rb/12866205/.
candidate-7e0e632e10e28480f1d6,safe,KADOKAWA「次にくるマンガ大賞」 mainstream selection + Rakuten Books manga category,https://tsugimanga.jp/winner/2017/comics,2017-08-23,2026-08-22,2026-08-22,No explicit adult/TL marker in matched source or product; Rakuten booksGenreId=001001003053/001001003035; rakutenProductUrl=https://books.rakuten.co.jp/rb/13390233/.
candidate-7e1f2df06bb18b2015ad,safe,マンガ大賞実行委員会 mainstream selection + Rakuten Books manga category,https://www.mangataisho.com/archives/2009.html,2009,2026-08-22,2026-08-22,No explicit adult/TL marker in matched source or product; Rakuten booksGenreId=001001003009; rakutenProductUrl=https://books.rakuten.co.jp/rb/5966618/.
candidate-7e4e16a2a053e095c90f,safe,KADOKAWA「次にくるマンガ大賞」 mainstream selection + Rakuten Books manga category,https://tsugimanga.jp/nominate/comics,2026-06-26,2026-08-22,2026-08-22,No explicit adult/TL marker in matched source or product; Rakuten booksGenreId=001001001006; rakutenProductUrl=https://books.rakuten.co.jp/rb/18250039/.
candidate-7e667fcf9c44138386d7,safe,マンガ大賞実行委員会 mainstream selection + Rakuten Books manga category,https://www.mangataisho.com/archives/2014.html,2014,2026-08-22,2026-08-22,No explicit adult/TL marker in matched source or product; Rakuten booksGenreId=001001004006/001001002008; rakutenProductUrl=https://books.rakuten.co.jp/rb/12199847/.
candidate-7e72bc605eebca48aa3d,safe,マンガ大賞実行委員会 mainstream selection + Rakuten Books manga category,https://www.mangataisho.com/archives/2014.html,2014,2026-08-22,2026-08-22,No explicit adult/TL marker in matched source or product; Rakuten booksGenreId=001001012; rakutenProductUrl=https://books.rakuten.co.jp/rb/12580706/.
candidate-7ec5c82be5c9a60ef16d,safe,KADOKAWA「次にくるマンガ大賞」 mainstream selection + Rakuten Books manga category,https://tsugimanga.jp/winner/2025/comics,2025-09-18,2026-08-22,2026-08-22,No explicit adult/TL marker in matched source or product; Rakuten booksGenreId=001001001008; rakutenProductUrl=https://books.rakuten.co.jp/rb/18073404/.
candidate-7f0f63c5d80083f2be7f,safe,日本出版販売「全国書店員が選んだおすすめコミック」 mainstream selection + Rakuten Books manga category,https://www.honyaclub.com/shop/pages/osusumecomic2017.aspx?affiliate=osusumec17,2017,2026-08-22,2026-08-22,No explicit adult/TL marker in matched source or product; Rakuten booksGenreId=001001002006; rakutenProductUrl=https://books.rakuten.co.jp/rb/13383100/.
candidate-7f27142cfed178db5059,safe,マンガ大賞実行委員会 mainstream selection + Rakuten Books manga category,https://www.mangataisho.com/archives/2014.html,2014,2026-08-22,2026-08-22,No explicit adult/TL marker in matched source or product; Rakuten booksGenreId=001001003004; rakutenProductUrl=https://books.rakuten.co.jp/rb/12439725/.
candidate-7f4aa427ab301afccc53,safe,マンガ大賞実行委員会 mainstream selection + Rakuten Books manga category,https://www.mangataisho.com/archives/2011.html,2011,2026-08-22,2026-08-22,No explicit adult/TL marker in matched source or product; Rakuten booksGenreId=001001003015; rakutenProductUrl=https://books.rakuten.co.jp/rb/6056113/.
candidate-7f8a1d182035e7fa9b48,safe,KADOKAWA「次にくるマンガ大賞」 mainstream selection + Rakuten Books manga category,https://tsugimanga.jp/winner/2020/comics,2020-08-19,2026-08-22,2026-08-22,No explicit adult/TL marker in matched source or product; Rakuten booksGenreId=001001003009; rakutenProductUrl=https://books.rakuten.co.jp/rb/15940508/.
candidate-7f8d584b383ab15f1422,safe,マンガ大賞実行委員会 mainstream selection + Rakuten Books manga category,https://www.mangataisho.com/archives/2009.html,2009,2026-08-22,2026-08-22,No explicit adult/TL marker in matched source or product; Rakuten booksGenreId=001001003015; rakutenProductUrl=https://books.rakuten.co.jp/rb/4271890/.
candidate-7f926a9557b6ae9f264b,safe,マンガ大賞実行委員会 mainstream selection + Rakuten Books manga category,https://www.mangataisho.com/archives/2008.html,2008,2026-08-22,2026-08-22,No explicit adult/TL marker in matched source or product; Rakuten booksGenreId=001001003004; rakutenProductUrl=https://books.rakuten.co.jp/rb/4949561/.
candidate-7fd1bdfb4056a9bab95a,safe,KADOKAWA「次にくるマンガ大賞」 mainstream selection + Rakuten Books manga category,https://tsugimanga.jp/winner/2020/comics,2020-08-19,2026-08-22,2026-08-22,No explicit adult/TL marker in matched source or product; Rakuten booksGenreId=001001012; rakutenProductUrl=https://books.rakuten.co.jp/rb/15842478/.
candidate-7fd53aa3074613979204,safe,マンガ大賞実行委員会 mainstream selection + Rakuten Books manga category,https://www.mangataisho.com/archives/2013.html,2013,2026-08-22,2026-08-22,No explicit adult/TL marker in matched source or product; Rakuten booksGenreId=001001003041; rakutenProductUrl=https://books.rakuten.co.jp/rb/6797071/.
candidate-7fe0dd636f0116c25203,safe,マンガ大賞実行委員会 mainstream selection + Rakuten Books manga category,https://www.mangataisho.com/archives/2008.html,2008,2026-08-22,2026-08-22,No explicit adult/TL marker in matched source or product; Rakuten booksGenreId=001001012; rakutenProductUrl=https://books.rakuten.co.jp/rb/6055766/.
candidate-7fe5550c8648537ac790,safe,マンガ大賞実行委員会 mainstream selection + Rakuten Books manga category,https://www.mangataisho.com/archives/2009.html,2009,2026-08-22,2026-08-22,No explicit adult/TL marker in matched source or product; Rakuten booksGenreId=001001012; rakutenProductUrl=https://books.rakuten.co.jp/rb/5897793/.
candidate-8037856e7703fdaf4324,safe,マンガ大賞実行委員会 mainstream selection + Rakuten Books manga category,https://www.mangataisho.com/archives/2008.html,2008,2026-08-22,2026-08-22,No explicit adult/TL marker in matched source or product; Rakuten booksGenreId=001001003059; rakutenProductUrl=https://books.rakuten.co.jp/rb/4424337/.
candidate-80586e266d394e376d1b,safe,KADOKAWA「次にくるマンガ大賞」 mainstream selection + Rakuten Books manga category,https://tsugimanga.jp/winner/2020/comics,2020-08-19,2026-08-22,2026-08-22,No explicit adult/TL marker in matched source or product; Rakuten booksGenreId=001001003053/001001003035; rakutenProductUrl=https://books.rakuten.co.jp/rb/16190469/.
candidate-8069c29ceb2111cac4f0,safe,マンガ大賞実行委員会 mainstream selection + Rakuten Books manga category,https://www.mangataisho.com/archives/2014.html,2014,2026-08-22,2026-08-22,No explicit adult/TL marker in matched source or product; Rakuten booksGenreId=001001003052; rakutenProductUrl=https://books.rakuten.co.jp/rb/12127790/.
candidate-806ff9309e80488fb804,safe,マンガ大賞実行委員会 mainstream selection + Rakuten Books manga category,https://www.mangataisho.com/archives/2014.html,2014,2026-08-22,2026-08-22,No explicit adult/TL marker in matched source or product; Rakuten booksGenreId=001001012; rakutenProductUrl=https://books.rakuten.co.jp/rb/12550441/.
candidate-80a2f62ce5073ade2ec2,safe,マンガ大賞実行委員会 mainstream selection + Rakuten Books manga category,https://www.mangataisho.com/archives/2013.html,2013,2026-08-22,2026-08-22,No explicit adult/TL marker in matched source or product; Rakuten booksGenreId=001001004006/001001002008; rakutenProductUrl=https://books.rakuten.co.jp/rb/11842166/.
candidate-80e097bc189aec3797e5,safe,マンガ大賞実行委員会 mainstream selection + Rakuten Books manga category,https://www.mangataisho.com/archives/2018.html,2018,2026-08-22,2026-08-22,No explicit adult/TL marker in matched source or product; Rakuten booksGenreId=001001012; rakutenProductUrl=https://books.rakuten.co.jp/rb/15055125/.
candidate-8147aefccc365b0ecb4d,safe,マンガ大賞実行委員会 mainstream selection + Rakuten Books manga category,https://www.mangataisho.com/archives/2008.html,2008,2026-08-22,2026-08-22,No explicit adult/TL marker in matched source or product; Rakuten booksGenreId=001001003029; rakutenProductUrl=https://books.rakuten.co.jp/rb/4272127/.
candidate-81c561ca6bb74a301cf8,safe,宝島社「このマンガがすごい！」編集部 mainstream selection + Rakuten Books manga category,https://sugoiweb.jp/column/4894/,2019-12-20,2026-08-22,2026-08-22,No explicit adult/TL marker in matched source or product; Rakuten booksGenreId=001001003047; rakutenProductUrl=https://books.rakuten.co.jp/rb/15740016/.
candidate-81cf263857ea33845b28,safe,マンガ大賞実行委員会 mainstream selection + Rakuten Books manga category,https://www.mangataisho.com/archives/2015.html,2015,2026-08-22,2026-08-22,No explicit adult/TL marker in matched source or product; Rakuten booksGenreId=001001003003; rakutenProductUrl=https://books.rakuten.co.jp/rb/12689678/.
candidate-81fe28fdeda5f8e5ab35,safe,マンガ大賞実行委員会 mainstream selection + Rakuten Books manga category,https://www.mangataisho.com/archives/2010.html,2010,2026-08-22,2026-08-22,No explicit adult/TL marker in matched source or product; Rakuten booksGenreId=001001003023; rakutenProductUrl=https://books.rakuten.co.jp/rb/6203193/.
candidate-8213f6affb514f8e1bb5,safe,KADOKAWA「次にくるマンガ大賞」 mainstream selection + Rakuten Books manga category,https://tsugimanga.jp/winner/2022/comics,2022-08-31,2026-08-22,2026-08-22,No explicit adult/TL marker in matched source or product; Rakuten booksGenreId=001001012/001001001014; rakutenProductUrl=https://books.rakuten.co.jp/rb/16544411/.
candidate-83510afea8d961aec880,safe,マンガ大賞実行委員会 mainstream selection + Rakuten Books manga category,https://www.mangataisho.com/archives/2008.html,2008,2026-08-22,2026-08-22,No explicit adult/TL marker in matched source or product; Rakuten booksGenreId=001001012; rakutenProductUrl=https://books.rakuten.co.jp/rb/4512345/.
candidate-836070f506081517dd6f,safe,KADOKAWA「次にくるマンガ大賞」 mainstream selection + Rakuten Books manga category,https://tsugimanga.jp/winner/2015/comics,2015-02-06,2026-08-22,2026-08-22,No explicit adult/TL marker in matched source or product; Rakuten booksGenreId=001001003005; rakutenProductUrl=https://books.rakuten.co.jp/rb/12689783/.
candidate-8368b177b7f729f782ee,safe,マンガ大賞実行委員会 mainstream selection + Rakuten Books manga category,https://www.mangataisho.com/archives/2015.html,2015,2026-08-22,2026-08-22,No explicit adult/TL marker in matched source or product; Rakuten booksGenreId=001001004002/001001002020; rakutenProductUrl=https://books.rakuten.co.jp/rb/6242809/.
candidate-838a6f0ad2d1ef487588,safe,マンガ大賞実行委員会 mainstream selection + Rakuten Books manga category,https://www.mangataisho.com/archives/2011.html,2011,2026-08-22,2026-08-22,No explicit adult/TL marker in matched source or product; Rakuten booksGenreId=001001003048; rakutenProductUrl=https://books.rakuten.co.jp/rb/6232105/.
candidate-83f2749f9ddd11dcd0b9,safe,KADOKAWA「次にくるマンガ大賞」 mainstream selection + Rakuten Books manga category,https://tsugimanga.jp/winner/2019/comics,2019-08-22,2026-08-22,2026-08-22,No explicit adult/TL marker in matched source or product; Rakuten booksGenreId=001001012; rakutenProductUrl=https://books.rakuten.co.jp/rb/15470278/.
candidate-83fc3c4366e51b35b821,safe,小学館「小学館漫画賞」 mainstream selection + Rakuten Books manga category,https://shogakukan-comic.jp/shogakukan-mangasho-archives,1979,2026-08-22,2026-08-22,No explicit adult/TL marker in matched source or product; Rakuten booksGenreId=001001004006/001001002008; rakutenProductUrl=https://books.rakuten.co.jp/rb/379720/.
candidate-84070fd0173ebdabff01,safe,マンガ大賞実行委員会 mainstream selection + Rakuten Books manga category,https://www.mangataisho.com/archives/2014.html,2014,2026-08-22,2026-08-22,No explicit adult/TL marker in matched source or product; Rakuten booksGenreId=001001003004; rakutenProductUrl=https://books.rakuten.co.jp/rb/12443112/.
candidate-840bbd96d501a3a8fee9,safe,マンガ大賞実行委員会 mainstream selection + Rakuten Books manga category,https://www.mangataisho.com/archives/2008.html,2008,2026-08-22,2026-08-22,No explicit adult/TL marker in matched source or product; Rakuten booksGenreId=001001003015; rakutenProductUrl=https://books.rakuten.co.jp/rb/3567980/.
candidate-840f12a844b6b1afd2f7,safe,マンガ大賞実行委員会 mainstream selection + Rakuten Books manga category,https://www.mangataisho.com/archives/2010.html,2010,2026-08-22,2026-08-22,No explicit adult/TL marker in matched source or product; Rakuten booksGenreId=001001012; rakutenProductUrl=https://books.rakuten.co.jp/rb/5904246/.
candidate-844804b4c1c1b08e2bb2,safe,マンガ大賞実行委員会 mainstream selection + Rakuten Books manga category,https://www.mangataisho.com/archives/2010.html,2010,2026-08-22,2026-08-22,No explicit adult/TL marker in matched source or product; Rakuten booksGenreId=001001003009; rakutenProductUrl=https://books.rakuten.co.jp/rb/6028100/.
candidate-84617ede2e93418cd161,safe,マンガ大賞実行委員会 mainstream selection + Rakuten Books manga category,https://www.mangataisho.com/archives/2012.html,2012,2026-08-22,2026-08-22,No explicit adult/TL marker in matched source or product; Rakuten booksGenreId=001001004008; rakutenProductUrl=https://books.rakuten.co.jp/rb/6314976/.
candidate-847978afd758665173db,safe,マンガ大賞実行委員会 mainstream selection + Rakuten Books manga category,https://www.mangataisho.com/archives/2014.html,2014,2026-08-22,2026-08-22,No explicit adult/TL marker in matched source or product; Rakuten booksGenreId=001001003003; rakutenProductUrl=https://books.rakuten.co.jp/rb/6508776/.
candidate-84886f5e93fc9ecfc512,safe,マンガ大賞実行委員会 mainstream selection + Rakuten Books manga category,https://www.mangataisho.com/archives/2011.html,2011,2026-08-22,2026-08-22,No explicit adult/TL marker in matched source or product; Rakuten booksGenreId=001001003005; rakutenProductUrl=https://books.rakuten.co.jp/rb/1149559/.
candidate-84a6a139c55f2760544e,safe,宝島社「このマンガがすごい！」編集部 mainstream selection + Rakuten Books manga category,https://sugoiweb.jp/column/4894/,2019-12-20,2026-08-22,2026-08-22,No explicit adult/TL marker in matched source or product; Rakuten booksGenreId=001001001001; rakutenProductUrl=https://books.rakuten.co.jp/rb/15700939/.
candidate-84b7c7d7720447075c25,safe,マンガ大賞実行委員会 mainstream selection + Rakuten Books manga category,https://www.mangataisho.com/archives/2012.html,2012,2026-08-22,2026-08-22,No explicit adult/TL marker in matched source or product; Rakuten booksGenreId=001001003022; rakutenProductUrl=https://books.rakuten.co.jp/rb/11229476/.
candidate-84c97edfd513b78e016d,safe,KADOKAWA「次にくるマンガ大賞」 mainstream selection + Rakuten Books manga category,https://tsugimanga.jp/winner/2024/comics,2024-08-28,2026-08-22,2026-08-22,No explicit adult/TL marker in matched source or product; Rakuten booksGenreId=001001001008; rakutenProductUrl=https://books.rakuten.co.jp/rb/17913505/.
candidate-84e96db05b0cced09cae,safe,マンガ大賞実行委員会 mainstream selection + Rakuten Books manga category,https://www.mangataisho.com/archives/2011.html,2011,2026-08-22,2026-08-22,No explicit adult/TL marker in matched source or product; Rakuten booksGenreId=001001003009; rakutenProductUrl=https://books.rakuten.co.jp/rb/6203129/.
candidate-84fa0be5101ebfc384f8,safe,マンガ大賞実行委員会 mainstream selection + Rakuten Books manga category,https://www.mangataisho.com/archives/2014.html,2014,2026-08-22,2026-08-22,No explicit adult/TL marker in matched source or product; Rakuten booksGenreId=001001004006/001001002008; rakutenProductUrl=https://books.rakuten.co.jp/rb/12235355/.
candidate-8529fc4bf4898210cb2b,safe,マンガ大賞実行委員会 mainstream selection + Rakuten Books manga category,https://www.mangataisho.com/archives/2012.html,2012,2026-08-22,2026-08-22,No explicit adult/TL marker in matched source or product; Rakuten booksGenreId=001001003009; rakutenProductUrl=https://books.rakuten.co.jp/rb/11434286/.
candidate-85537f2c2ef9b2234110,safe,KADOKAWA「次にくるマンガ大賞」 mainstream selection + Rakuten Books manga category,https://tsugimanga.jp/winner/2017/comics,2017-08-23,2026-08-22,2026-08-22,No explicit adult/TL marker in matched source or product; Rakuten booksGenreId=001001001006; rakutenProductUrl=https://books.rakuten.co.jp/rb/13426156/.
candidate-8560165a6f5cae8bba3d,safe,KADOKAWA「次にくるマンガ大賞」 mainstream selection + Rakuten Books manga category,https://tsugimanga.jp/winner/2018/comics,2018-08-23,2026-08-22,2026-08-22,No explicit adult/TL marker in matched source or product; Rakuten booksGenreId=001001001006; rakutenProductUrl=https://books.rakuten.co.jp/rb/14769668/.
candidate-859d4aeed35dd1da425c,safe,マンガ大賞実行委員会 mainstream selection + Rakuten Books manga category,https://www.mangataisho.com/archives/2013.html,2013,2026-08-22,2026-08-22,No explicit adult/TL marker in matched source or product; Rakuten booksGenreId=001001003024; rakutenProductUrl=https://books.rakuten.co.jp/rb/7000389/.
candidate-85b317656a71eac9e542,safe,マンガ大賞実行委員会 mainstream selection + Rakuten Books manga category,https://www.mangataisho.com/archives/2008.html,2008,2026-08-22,2026-08-22,No explicit adult/TL marker in matched source or product; Rakuten booksGenreId=001001003023; rakutenProductUrl=https://books.rakuten.co.jp/rb/4501185/.
candidate-8643e71c4c56213ee9d0,safe,マンガ大賞実行委員会 mainstream selection + Rakuten Books manga category,https://www.mangataisho.com/archives/2009.html,2009,2026-08-22,2026-08-22,No explicit adult/TL marker in matched source or product; Rakuten booksGenreId=001001001009; rakutenProductUrl=https://books.rakuten.co.jp/rb/5736242/.
candidate-866779a026c8fd05f656,safe,マンガ大賞実行委員会 mainstream selection + Rakuten Books manga category,https://www.mangataisho.com/archives/2011.html,2011,2026-08-22,2026-08-22,No explicit adult/TL marker in matched source or product; Rakuten booksGenreId=001001001008; rakutenProductUrl=https://books.rakuten.co.jp/rb/6873057/.
candidate-867422e99320c757a340,safe,マンガ大賞実行委員会 mainstream selection + Rakuten Books manga category,https://www.mangataisho.com/archives/2015.html,2015,2026-08-22,2026-08-22,No explicit adult/TL marker in matched source or product; Rakuten booksGenreId=001001003050/001001001002; rakutenProductUrl=https://books.rakuten.co.jp/rb/12818765/.
candidate-86bf2f7b461aa59499e9,safe,KADOKAWA「次にくるマンガ大賞」 mainstream selection + Rakuten Books manga category,https://tsugimanga.jp/winner/2023/comics,2023-08-31,2026-08-22,2026-08-22,No explicit adult/TL marker in matched source or product; Rakuten booksGenreId=001001012/001001003046; rakutenProductUrl=https://books.rakuten.co.jp/rb/17112315/.
candidate-86e698f79e20d9caa95a,safe,マンガ大賞実行委員会 mainstream selection + Rakuten Books manga category,https://www.mangataisho.com/archives/2012.html,2012,2026-08-22,2026-08-22,No explicit adult/TL marker in matched source or product; Rakuten booksGenreId=001001003023; rakutenProductUrl=https://books.rakuten.co.jp/rb/11321867/.
candidate-86f88e23bba7eaa71afd,safe,日本出版販売「全国書店員が選んだおすすめコミック」 mainstream selection + Rakuten Books manga category,https://hon-hikidashi.jp/event/104773/,2010,2026-08-22,2026-08-22,No explicit adult/TL marker in matched source or product; Rakuten booksGenreId=001001001008; rakutenProductUrl=https://books.rakuten.co.jp/rb/6025064/.
candidate-8716f80d9b988bd0d055,safe,KADOKAWA「次にくるマンガ大賞」 mainstream selection + Rakuten Books manga category,https://tsugimanga.jp/winner/2016/comics,2016-02-04,2026-08-22,2026-08-22,No explicit adult/TL marker in matched source or product; Rakuten booksGenreId=001001003009; rakutenProductUrl=https://books.rakuten.co.jp/rb/13012060/.
candidate-8733067e6afcaeadbd8d,safe,マンガ大賞実行委員会 mainstream selection + Rakuten Books manga category,https://www.mangataisho.com/archives/2012.html,2012,2026-08-22,2026-08-22,No explicit adult/TL marker in matched source or product; Rakuten booksGenreId=001001004006/001001002008; rakutenProductUrl=https://books.rakuten.co.jp/rb/6797023/.
candidate-875336d3e6c905047559,safe,KADOKAWA「次にくるマンガ大賞」 mainstream selection + Rakuten Books manga category,https://tsugimanga.jp/winner/2017/comics,2017-08-23,2026-08-22,2026-08-22,No explicit adult/TL marker in matched source or product; Rakuten booksGenreId=001001001009; rakutenProductUrl=https://books.rakuten.co.jp/rb/14394147/.
candidate-87d3340aeaccad5f69a6,safe,マンガ大賞実行委員会 mainstream selection + Rakuten Books manga category,https://www.mangataisho.com/archives/2013.html,2013,2026-08-22,2026-08-22,No explicit adult/TL marker in matched source or product; Rakuten booksGenreId=001001012; rakutenProductUrl=https://books.rakuten.co.jp/rb/11480388/.
candidate-88567a8a7b0cacf777c6,safe,小学館「小学館漫画賞」 mainstream selection + Rakuten Books manga category,https://shogakukan-comic.jp/shogakukan-mangasho-archives,2003,2026-08-22,2026-08-22,No explicit adult/TL marker in matched source or product; Rakuten booksGenreId=001001004006/001001002008; rakutenProductUrl=https://books.rakuten.co.jp/rb/1420575/.
candidate-889bc957a60a0558af22,safe,マンガ大賞実行委員会 mainstream selection + Rakuten Books manga category,https://www.mangataisho.com/archives/2015.html,2015,2026-08-22,2026-08-22,No explicit adult/TL marker in matched source or product; Rakuten booksGenreId=001001003015; rakutenProductUrl=https://books.rakuten.co.jp/rb/6314662/.
candidate-88a18383d225bfbb8d3c,safe,マンガ大賞実行委員会 mainstream selection + Rakuten Books manga category,https://www.mangataisho.com/archives/2013.html,2013,2026-08-22,2026-08-22,No explicit adult/TL marker in matched source or product; Rakuten booksGenreId=001001012; rakutenProductUrl=https://books.rakuten.co.jp/rb/11353778/.
candidate-88b6ddbe403959af0452,safe,小学館「小学館漫画賞」 mainstream selection + Rakuten Books manga category,https://shogakukan-comic.jp/shogakukan-mangasho-archives,2006,2026-08-22,2026-08-22,No explicit adult/TL marker in matched source or product; Rakuten booksGenreId=001001002013; rakutenProductUrl=https://books.rakuten.co.jp/rb/1704560/.
candidate-88cb26a0229ad7b83263,safe,マンガ大賞実行委員会 mainstream selection + Rakuten Books manga category,https://www.mangataisho.com/archives/2022.html,2022,2026-08-22,2026-08-22,No explicit adult/TL marker in matched source or product; Rakuten booksGenreId=001001003009; rakutenProductUrl=https://books.rakuten.co.jp/rb/16827733/.
candidate-88e75622b83b794c03ac,safe,マンガ大賞実行委員会 mainstream selection + Rakuten Books manga category,https://www.mangataisho.com/archives/2012.html,2012,2026-08-22,2026-08-22,No explicit adult/TL marker in matched source or product; Rakuten booksGenreId=001001003021; rakutenProductUrl=https://books.rakuten.co.jp/rb/11467757/.
candidate-890c2ef066c0575db3d6,safe,マンガ大賞実行委員会 mainstream selection + Rakuten Books manga category,https://www.mangataisho.com/archives/2010.html,2010,2026-08-22,2026-08-22,No explicit adult/TL marker in matched source or product; Rakuten booksGenreId=001001002004; rakutenProductUrl=https://books.rakuten.co.jp/rb/1772733/.
candidate-896cdea5c2a2fc018926,safe,KADOKAWA「次にくるマンガ大賞」 mainstream selection + Rakuten Books manga category,https://tsugimanga.jp/winner/2025/comics,2025-09-18,2026-08-22,2026-08-22,No explicit adult/TL marker in matched source or product; Rakuten booksGenreId=001001001008; rakutenProductUrl=https://books.rakuten.co.jp/rb/18009946/.
candidate-898846fd9f5d77e49ed7,safe,マンガ大賞実行委員会 mainstream selection + Rakuten Books manga category,https://www.mangataisho.com/archives/2013.html,2013,2026-08-22,2026-08-22,No explicit adult/TL marker in matched source or product; Rakuten booksGenreId=001001002007; rakutenProductUrl=https://books.rakuten.co.jp/rb/11742670/.
candidate-89a635148e2b3c129e38,safe,KADOKAWA「次にくるマンガ大賞」 mainstream selection + Rakuten Books manga category,https://tsugimanga.jp/winner/2019/comics,2019-08-22,2026-08-22,2026-08-22,No explicit adult/TL marker in matched source or product; Rakuten booksGenreId=001001003049/001001003017; rakutenProductUrl=https://books.rakuten.co.jp/rb/15594892/.
candidate-89cec8cc100900d67d7e,safe,KADOKAWA「次にくるマンガ大賞」 mainstream selection + Rakuten Books manga category,https://tsugimanga.jp/nominate/comics,2026-06-26,2026-08-22,2026-08-22,No explicit adult/TL marker in matched source or product; Rakuten booksGenreId=001001001008; rakutenProductUrl=https://books.rakuten.co.jp/rb/18642616/.
candidate-89d795575d6787113859,safe,マンガ大賞実行委員会 mainstream selection + Rakuten Books manga category,https://www.mangataisho.com/archives/2010.html,2010,2026-08-22,2026-08-22,No explicit adult/TL marker in matched source or product; Rakuten booksGenreId=001001012; rakutenProductUrl=https://books.rakuten.co.jp/rb/6228710/.
candidate-89f5e17e2f8148359e4a,safe,マンガ大賞実行委員会 mainstream selection + Rakuten Books manga category,https://www.mangataisho.com/archives/2012.html,2012,2026-08-22,2026-08-22,No explicit adult/TL marker in matched source or product; Rakuten booksGenreId=001001003022; rakutenProductUrl=https://books.rakuten.co.jp/rb/11351737/.
candidate-8a0b641effa2e417d7ad,safe,KADOKAWA「次にくるマンガ大賞」 mainstream selection + Rakuten Books manga category,https://tsugimanga.jp/winner/2019/comics,2019-08-22,2026-08-22,2026-08-22,No explicit adult/TL marker in matched source or product; Rakuten booksGenreId=001001001001; rakutenProductUrl=https://books.rakuten.co.jp/rb/15769467/.
candidate-8a7846af8ead1797e6a2,safe,マンガ大賞実行委員会 mainstream selection + Rakuten Books manga category,https://www.mangataisho.com/archives/2013.html,2013,2026-08-22,2026-08-22,No explicit adult/TL marker in matched source or product; Rakuten booksGenreId=001001001002; rakutenProductUrl=https://books.rakuten.co.jp/rb/11509569/.
candidate-8b37f50c7ef707254e8e,safe,KADOKAWA「次にくるマンガ大賞」 mainstream selection + Rakuten Books manga category,https://tsugimanga.jp/winner/2019/comics,2019-08-22,2026-08-22,2026-08-22,No explicit adult/TL marker in matched source or product; Rakuten booksGenreId=001001003049; rakutenProductUrl=https://books.rakuten.co.jp/rb/15344693/.
candidate-8b620746045c3e21d13f,safe,KADOKAWA「次にくるマンガ大賞」 mainstream selection + Rakuten Books manga category,https://tsugimanga.jp/winner/2017/comics,2017-08-23,2026-08-22,2026-08-22,No explicit adult/TL marker in matched source or product; Rakuten booksGenreId=001001001008; rakutenProductUrl=https://books.rakuten.co.jp/rb/14944361/.
candidate-8b69986d0bbfa6abceb9,safe,マンガ大賞実行委員会 mainstream selection + Rakuten Books manga category,https://www.mangataisho.com/archives/2014.html,2014,2026-08-22,2026-08-22,No explicit adult/TL marker in matched source or product; Rakuten booksGenreId=001001004008; rakutenProductUrl=https://books.rakuten.co.jp/rb/12271029/.
candidate-8bac9b710429e535768d,safe,マンガ大賞実行委員会 mainstream selection + Rakuten Books manga category,https://www.mangataisho.com/archives/2010.html,2010,2026-08-22,2026-08-22,No explicit adult/TL marker in matched source or product; Rakuten booksGenreId=001001003015; rakutenProductUrl=https://books.rakuten.co.jp/rb/6056114/.
candidate-8be993fce62c22fa3702,safe,マンガ大賞実行委員会 mainstream selection + Rakuten Books manga category,https://www.mangataisho.com/archives/2013.html,2013,2026-08-22,2026-08-22,No explicit adult/TL marker in matched source or product; Rakuten booksGenreId=001001001008; rakutenProductUrl=https://books.rakuten.co.jp/rb/11480084/.
candidate-8c11eaa8b5cd763930d5,safe,マンガ大賞実行委員会 mainstream selection + Rakuten Books manga category,https://www.mangataisho.com/archives/2013.html,2013,2026-08-22,2026-08-22,No explicit adult/TL marker in matched source or product; Rakuten booksGenreId=001001003001/001001001001; rakutenProductUrl=https://books.rakuten.co.jp/rb/11842268/.
candidate-8c31125fd4a0930f559e,safe,マンガ大賞実行委員会 mainstream selection + Rakuten Books manga category,https://www.mangataisho.com/archives/2010.html,2010,2026-08-22,2026-08-22,No explicit adult/TL marker in matched source or product; Rakuten booksGenreId=001001012; rakutenProductUrl=https://books.rakuten.co.jp/rb/6057865/.
candidate-8caf20d75cf6a51600f2,safe,マンガ大賞実行委員会 mainstream selection + Rakuten Books manga category,https://www.mangataisho.com/archives/2008.html,2008,2026-08-22,2026-08-22,No explicit adult/TL marker in matched source or product; Rakuten booksGenreId=001001003026; rakutenProductUrl=https://books.rakuten.co.jp/rb/4037301/.
candidate-8cc0a12e77a2c168029c,safe,マンガ大賞実行委員会 mainstream selection + Rakuten Books manga category,https://www.mangataisho.com/archives/2013.html,2013,2026-08-22,2026-08-22,No explicit adult/TL marker in matched source or product; Rakuten booksGenreId=001001003026; rakutenProductUrl=https://books.rakuten.co.jp/rb/11322219/.
candidate-8d07714ac462efd374de,safe,宝島社「このマンガがすごい！」編集部 mainstream selection + Rakuten Books manga category,https://sugoiweb.jp/column/4894/,2019-12-20,2026-08-22,2026-08-22,No explicit adult/TL marker in matched source or product; Rakuten booksGenreId=001001002014; rakutenProductUrl=https://books.rakuten.co.jp/rb/15439737/.
candidate-8d4e0bde0ff3d4a12783,safe,マンガ大賞実行委員会 mainstream selection + Rakuten Books manga category,https://www.mangataisho.com/archives/2010.html,2010,2026-08-22,2026-08-22,No explicit adult/TL marker in matched source or product; Rakuten booksGenreId=001001003026; rakutenProductUrl=https://books.rakuten.co.jp/rb/6075086/.
candidate-8d6ba69eb9d5b3583c3e,safe,KADOKAWA「次にくるマンガ大賞」 mainstream selection + Rakuten Books manga category,https://tsugimanga.jp/winner/2017/comics,2017-08-23,2026-08-22,2026-08-22,No explicit adult/TL marker in matched source or product; Rakuten booksGenreId=001001003004; rakutenProductUrl=https://books.rakuten.co.jp/rb/14605964/.
candidate-8db2b2190a8539797474,safe,マンガ大賞実行委員会 mainstream selection + Rakuten Books manga category,https://www.mangataisho.com/archives/2014.html,2014,2026-08-22,2026-08-22,No explicit adult/TL marker in matched source or product; Rakuten booksGenreId=001001003004; rakutenProductUrl=https://books.rakuten.co.jp/rb/12302582/.
candidate-8ddcf8b988956bca92a4,safe,宝島社「このマンガがすごい！」編集部 mainstream selection + Rakuten Books manga category,https://sugoiweb.jp/column/4894/,2019-12-20,2026-08-22,2026-08-22,No explicit adult/TL marker in matched source or product; Rakuten booksGenreId=001001004006/001001002008; rakutenProductUrl=https://books.rakuten.co.jp/rb/15914879/.
candidate-8df64cbd79e886289030,safe,マンガ大賞実行委員会 mainstream selection + Rakuten Books manga category,https://www.mangataisho.com/archives/2008.html,2008,2026-08-22,2026-08-22,No explicit adult/TL marker in matched source or product; Rakuten booksGenreId=001001003057; rakutenProductUrl=https://books.rakuten.co.jp/rb/11539086/.
candidate-8e138477c31512a8cce3,safe,マンガ大賞実行委員会 mainstream selection + Rakuten Books manga category,https://www.mangataisho.com/archives/2015.html,2015,2026-08-22,2026-08-22,No explicit adult/TL marker in matched source or product; Rakuten booksGenreId=001001012; rakutenProductUrl=https://books.rakuten.co.jp/rb/12906727/.
candidate-8e3207bdaa057924de2c,safe,マンガ大賞実行委員会 mainstream selection + Rakuten Books manga category,https://www.mangataisho.com/archives/2014.html,2014,2026-08-22,2026-08-22,No explicit adult/TL marker in matched source or product; Rakuten booksGenreId=001001003009; rakutenProductUrl=https://books.rakuten.co.jp/rb/11903732/.
candidate-8ec826c0db13f6e71c64,safe,KADOKAWA「次にくるマンガ大賞」 mainstream selection + Rakuten Books manga category,https://tsugimanga.jp/winner/2018/comics,2018-08-23,2026-08-22,2026-08-22,No explicit adult/TL marker in matched source or product; Rakuten booksGenreId=001001001001; rakutenProductUrl=https://books.rakuten.co.jp/rb/15005556/.
candidate-8ec916b978d347c360bd,safe,マンガ大賞実行委員会 mainstream selection + Rakuten Books manga category,https://www.mangataisho.com/archives/2013.html,2013,2026-08-22,2026-08-22,No explicit adult/TL marker in matched source or product; Rakuten booksGenreId=001001003053/001001003035; rakutenProductUrl=https://books.rakuten.co.jp/rb/11604364/.
candidate-8f5c877d8aea310a2d2f,safe,KADOKAWA「次にくるマンガ大賞」 mainstream selection + Rakuten Books manga category,https://tsugimanga.jp/winner/2025/comics,2025-09-18,2026-08-22,2026-08-22,No explicit adult/TL marker in matched source or product; Rakuten booksGenreId=001001003048; rakutenProductUrl=https://books.rakuten.co.jp/rb/18133182/.
candidate-8f7c9c4dc5e8c7adb655,safe,小学館「小学館漫画賞」 mainstream selection + Rakuten Books manga category,https://shogakukan-comic.jp/shogakukan-mangasho-archives,2008,2026-08-22,2026-08-22,No explicit adult/TL marker in matched source or product; Rakuten booksGenreId=001001004006/001001002008; rakutenProductUrl=https://books.rakuten.co.jp/rb/4249244/.
candidate-8fc60a797da33e2008de,safe,マンガ大賞実行委員会 mainstream selection + Rakuten Books manga category,https://www.mangataisho.com/archives/2011.html,2011,2026-08-22,2026-08-22,No explicit adult/TL marker in matched source or product; Rakuten booksGenreId=001001003009; rakutenProductUrl=https://books.rakuten.co.jp/rb/6111369/.
candidate-8fc8b770bb4425310ce1,safe,KADOKAWA「次にくるマンガ大賞」 mainstream selection + Rakuten Books manga category,https://tsugimanga.jp/winner/2015/comics,2015-02-06,2026-08-22,2026-08-22,No explicit adult/TL marker in matched source or product; Rakuten booksGenreId=001001003025; rakutenProductUrl=https://books.rakuten.co.jp/rb/12271052/.
candidate-8fcc50271f37e026bc3f,safe,マンガ大賞実行委員会 mainstream selection + Rakuten Books manga category,https://www.mangataisho.com/archives/2011.html,2011,2026-08-22,2026-08-22,No explicit adult/TL marker in matched source or product; Rakuten booksGenreId=001001012; rakutenProductUrl=https://books.rakuten.co.jp/rb/5561990/.
candidate-8fcfd281265fcacb7e4a,safe,マンガ大賞実行委員会 mainstream selection + Rakuten Books manga category,https://www.mangataisho.com/archives/2011.html,2011,2026-08-22,2026-08-22,No explicit adult/TL marker in matched source or product; Rakuten booksGenreId=001001003023; rakutenProductUrl=https://books.rakuten.co.jp/rb/6516589/.
candidate-8fe3fc7e4a5c069b0a9f,safe,マンガ大賞実行委員会 mainstream selection + Rakuten Books manga category,https://www.mangataisho.com/archives/2015.html,2015,2026-08-22,2026-08-22,No explicit adult/TL marker in matched source or product; Rakuten booksGenreId=001001003005; rakutenProductUrl=https://books.rakuten.co.jp/rb/12750804/.
candidate-8ff141505b0a27f8d630,safe,マンガ大賞実行委員会 mainstream selection + Rakuten Books manga category,https://www.mangataisho.com/archives/2011.html,2011,2026-08-22,2026-08-22,No explicit adult/TL marker in matched source or product; Rakuten booksGenreId=001001003041; rakutenProductUrl=https://books.rakuten.co.jp/rb/6272735/.
candidate-8ff791cd14bf2b7e9495,safe,マンガ大賞実行委員会 mainstream selection + Rakuten Books manga category,https://www.mangataisho.com/archives/2013.html,2013,2026-08-22,2026-08-22,No explicit adult/TL marker in matched source or product; Rakuten booksGenreId=001001012; rakutenProductUrl=https://books.rakuten.co.jp/rb/12090769/.
candidate-9014e740e708fed37580,safe,KADOKAWA「次にくるマンガ大賞」 mainstream selection + Rakuten Books manga category,https://tsugimanga.jp/winner/2018/comics,2018-08-23,2026-08-22,2026-08-22,No explicit adult/TL marker in matched source or product; Rakuten booksGenreId=001001003059; rakutenProductUrl=https://books.rakuten.co.jp/rb/14508369/.
candidate-902252f2a52ad25cd38f,safe,マンガ大賞実行委員会 mainstream selection + Rakuten Books manga category,https://www.mangataisho.com/archives/2010.html,2010,2026-08-22,2026-08-22,No explicit adult/TL marker in matched source or product; Rakuten booksGenreId=001001003005; rakutenProductUrl=https://books.rakuten.co.jp/rb/6166320/.
candidate-9036a98c069b5ef8cd54,safe,KADOKAWA「次にくるマンガ大賞」 mainstream selection + Rakuten Books manga category,https://tsugimanga.jp/winner/2020/comics,2020-08-19,2026-08-22,2026-08-22,No explicit adult/TL marker in matched source or product; Rakuten booksGenreId=001001001009; rakutenProductUrl=https://books.rakuten.co.jp/rb/16090200/.
candidate-90510bc26c9ef2851fb5,safe,KADOKAWA「次にくるマンガ大賞」 mainstream selection + Rakuten Books manga category,https://tsugimanga.jp/winner/2020/comics,2020-08-19,2026-08-22,2026-08-22,No explicit adult/TL marker in matched source or product; Rakuten booksGenreId=001001003044; rakutenProductUrl=https://books.rakuten.co.jp/rb/16098998/.
candidate-9072892a767332254f00,safe,マンガ大賞実行委員会 mainstream selection + Rakuten Books manga category,https://www.mangataisho.com/archives/2009.html,2009,2026-08-22,2026-08-22,No explicit adult/TL marker in matched source or product; Rakuten booksGenreId=001001003058; rakutenProductUrl=https://books.rakuten.co.jp/rb/5837393/.
candidate-90a48d5d64cffbc5cfa2,safe,KADOKAWA「次にくるマンガ大賞」 mainstream selection + Rakuten Books manga category,https://tsugimanga.jp/winner/2018/comics,2018-08-23,2026-08-22,2026-08-22,No explicit adult/TL marker in matched source or product; Rakuten booksGenreId=001001012; rakutenProductUrl=https://books.rakuten.co.jp/rb/14491306/.
candidate-90dcaac35aacdc4fd682,safe,マンガ大賞実行委員会 mainstream selection + Rakuten Books manga category,https://www.mangataisho.com/archives/2014.html,2014,2026-08-22,2026-08-22,No explicit adult/TL marker in matched source or product; Rakuten booksGenreId=001001012; rakutenProductUrl=https://books.rakuten.co.jp/rb/12271194/.
candidate-90e7fb3bdbfb6d3ebab2,safe,マンガ大賞実行委員会 mainstream selection + Rakuten Books manga category,https://www.mangataisho.com/archives/2015.html,2015,2026-08-22,2026-08-22,No explicit adult/TL marker in matched source or product; Rakuten booksGenreId=001001003009; rakutenProductUrl=https://books.rakuten.co.jp/rb/12199875/.
candidate-9120d2a8575b5caa1a4a,safe,KADOKAWA「次にくるマンガ大賞」 mainstream selection + Rakuten Books manga category,https://tsugimanga.jp/winner/2016/comics,2016-02-04,2026-08-22,2026-08-22,No explicit adult/TL marker in matched source or product; Rakuten booksGenreId=001001001009; rakutenProductUrl=https://books.rakuten.co.jp/rb/12961470/.
candidate-918269f1052ba75e3add,safe,マンガ大賞実行委員会 mainstream selection + Rakuten Books manga category,https://www.mangataisho.com/archives/2012.html,2012,2026-08-22,2026-08-22,No explicit adult/TL marker in matched source or product; Rakuten booksGenreId=001001003026; rakutenProductUrl=https://books.rakuten.co.jp/rb/11442335/.
candidate-91c5f2bf8e844a340b1c,safe,KADOKAWA「次にくるマンガ大賞」 mainstream selection + Rakuten Books manga category,https://tsugimanga.jp/winner/2017/comics,2017-08-23,2026-08-22,2026-08-22,No explicit adult/TL marker in matched source or product; Rakuten booksGenreId=001001003050; rakutenProductUrl=https://books.rakuten.co.jp/rb/13383264/.
candidate-91defad58c596cdfd766,safe,マンガ大賞実行委員会 mainstream selection + Rakuten Books manga category,https://www.mangataisho.com/archives/2008.html,2008,2026-08-22,2026-08-22,No explicit adult/TL marker in matched source or product; Rakuten booksGenreId=001001003043/001001002025/001001002024/001001002018; rakutenProductUrl=https://books.rakuten.co.jp/rb/5167461/.
candidate-9204df77aa0e4c6b1622,safe,マンガ大賞実行委員会 mainstream selection + Rakuten Books manga category,https://www.mangataisho.com/archives/2014.html,2014,2026-08-22,2026-08-22,No explicit adult/TL marker in matched source or product; Rakuten booksGenreId=001001003020; rakutenProductUrl=https://books.rakuten.co.jp/rb/12458224/.
candidate-9215d08d23e8b0041f79,safe,KADOKAWA「次にくるマンガ大賞」 mainstream selection + Rakuten Books manga category,https://tsugimanga.jp/winner/2019/comics,2019-08-22,2026-08-22,2026-08-22,No explicit adult/TL marker in matched source or product; Rakuten booksGenreId=001001003050; rakutenProductUrl=https://books.rakuten.co.jp/rb/15439933/.
candidate-922521d4b75142332f45,safe,マンガ大賞実行委員会 mainstream selection + Rakuten Books manga category,https://www.mangataisho.com/archives/2009.html,2009,2026-08-22,2026-08-22,No explicit adult/TL marker in matched source or product; Rakuten booksGenreId=001001003047; rakutenProductUrl=https://books.rakuten.co.jp/rb/5831705/.
candidate-925f371723beac5227f7,safe,マンガ大賞実行委員会 mainstream selection + Rakuten Books manga category,https://www.mangataisho.com/,2026,2026-08-22,2026-08-22,No explicit adult/TL marker in matched source or product; Rakuten booksGenreId=001001003003; rakutenProductUrl=https://books.rakuten.co.jp/rb/18045058/.
candidate-928f5f27dd2e86b92046,safe,KADOKAWA「次にくるマンガ大賞」 mainstream selection + Rakuten Books manga category,https://tsugimanga.jp/winner/2018/comics,2018-08-23,2026-08-22,2026-08-22,No explicit adult/TL marker in matched source or product; Rakuten booksGenreId=001001003015; rakutenProductUrl=https://books.rakuten.co.jp/rb/14992405/.
candidate-929225f622a17899935c,safe,マンガ大賞実行委員会 mainstream selection + Rakuten Books manga category,https://www.mangataisho.com/archives/2013.html,2013,2026-08-22,2026-08-22,No explicit adult/TL marker in matched source or product; Rakuten booksGenreId=001001003059; rakutenProductUrl=https://books.rakuten.co.jp/rb/11139040/.
candidate-92d498541928ccba7865,safe,マンガ大賞実行委員会 mainstream selection + Rakuten Books manga category,https://www.mangataisho.com/archives/2015.html,2015,2026-08-22,2026-08-22,No explicit adult/TL marker in matched source or product; Rakuten booksGenreId=001001001002; rakutenProductUrl=https://books.rakuten.co.jp/rb/12504452/.
candidate-92de7bd198cf0cd8a3a2,safe,日本出版販売「全国書店員が選んだおすすめコミック」 mainstream selection + Rakuten Books manga category,https://hon-hikidashi.jp/event/104741/,2007,2026-08-22,2026-08-22,No explicit adult/TL marker in matched source or product; Rakuten booksGenreId=001001003041; rakutenProductUrl=https://books.rakuten.co.jp/rb/4063380/.
candidate-933919bb207b365fef36,safe,KADOKAWA「次にくるマンガ大賞」 mainstream selection + Rakuten Books manga category,https://tsugimanga.jp/nominate/comics,2026-06-26,2026-08-22,2026-08-22,No explicit adult/TL marker in matched source or product; Rakuten booksGenreId=001001001008; rakutenProductUrl=https://books.rakuten.co.jp/rb/18723462/.
candidate-933cc90d605b25f3d24a,safe,小学館「小学館漫画賞」 mainstream selection + Rakuten Books manga category,https://shogakukan-comic.jp/shogakukan-mangasho-archives,1984,2026-08-22,2026-08-22,No explicit adult/TL marker in matched source or product; Rakuten booksGenreId=001001001008; rakutenProductUrl=https://books.rakuten.co.jp/rb/1083952/.
candidate-93a7507ad6a0965f4491,safe,日本出版販売「全国書店員が選んだおすすめコミック」 mainstream selection + Rakuten Books manga category,https://hon-hikidashi.jp/event/104714/,2006,2026-08-22,2026-08-22,No explicit adult/TL marker in matched source or product; Rakuten booksGenreId=001001003004; rakutenProductUrl=https://books.rakuten.co.jp/rb/1733861/.
candidate-93b6c8f8c485a4646900,safe,KADOKAWA「次にくるマンガ大賞」 mainstream selection + Rakuten Books manga category,https://tsugimanga.jp/winner/2016/comics,2016-02-04,2026-08-22,2026-08-22,No explicit adult/TL marker in matched source or product; Rakuten booksGenreId=001001001001; rakutenProductUrl=https://books.rakuten.co.jp/rb/13346710/.
candidate-93cc9f5cc2b12871f93c,safe,KADOKAWA「次にくるマンガ大賞」 mainstream selection + Rakuten Books manga category,https://tsugimanga.jp/winner/2020/comics,2020-08-19,2026-08-22,2026-08-22,No explicit adult/TL marker in matched source or product; Rakuten booksGenreId=001001001008; rakutenProductUrl=https://books.rakuten.co.jp/rb/15888611/.
candidate-93e9b2f4a6553f46930e,safe,マンガ大賞実行委員会 mainstream selection + Rakuten Books manga category,https://www.mangataisho.com/archives/2013.html,2013,2026-08-22,2026-08-22,No explicit adult/TL marker in matched source or product; Rakuten booksGenreId=001001003026; rakutenProductUrl=https://books.rakuten.co.jp/rb/11353808/.
candidate-93efef7aea4cca78ca31,safe,マンガ大賞実行委員会 mainstream selection + Rakuten Books manga category,https://www.mangataisho.com/archives/2015.html,2015,2026-08-22,2026-08-22,No explicit adult/TL marker in matched source or product; Rakuten booksGenreId=001001003023; rakutenProductUrl=https://books.rakuten.co.jp/rb/12690171/.
candidate-9441c3675bf66b066cbb,safe,マンガ大賞実行委員会 mainstream selection + Rakuten Books manga category,https://www.mangataisho.com/archives/2012.html,2012,2026-08-22,2026-08-22,No explicit adult/TL marker in matched source or product; Rakuten booksGenreId=001001003004; rakutenProductUrl=https://books.rakuten.co.jp/rb/11234807/.
candidate-945f047caf044b612828,safe,マンガ大賞実行委員会 mainstream selection + Rakuten Books manga category,https://www.mangataisho.com/archives/2013.html,2013,2026-08-22,2026-08-22,No explicit adult/TL marker in matched source or product; Rakuten booksGenreId=001001003004; rakutenProductUrl=https://books.rakuten.co.jp/rb/11605737/.
candidate-94e1e27d576ac0b355d8,safe,KADOKAWA「次にくるマンガ大賞」 mainstream selection + Rakuten Books manga category,https://tsugimanga.jp/winner/2023/comics,2023-08-31,2026-08-22,2026-08-22,No explicit adult/TL marker in matched source or product; Rakuten booksGenreId=001001001008; rakutenProductUrl=https://books.rakuten.co.jp/rb/17406315/.
candidate-94eef3a31dd787e88cf1,safe,マンガ大賞実行委員会 mainstream selection + Rakuten Books manga category,https://www.mangataisho.com/archives/2009.html,2009,2026-08-22,2026-08-22,No explicit adult/TL marker in matched source or product; Rakuten booksGenreId=001001003023; rakutenProductUrl=https://books.rakuten.co.jp/rb/4501184/.
candidate-9516d1ec3aa424e46828,safe,宝島社「このマンガがすごい！」編集部 mainstream selection + Rakuten Books manga category,https://sugoiweb.jp/column/4894/,2019-12-20,2026-08-22,2026-08-22,No explicit adult/TL marker in matched source or product; Rakuten booksGenreId=001001003023; rakutenProductUrl=https://books.rakuten.co.jp/rb/15829954/.
candidate-954b6f2a132cd6cdf07b,safe,マンガ大賞実行委員会 mainstream selection + Rakuten Books manga category,https://www.mangataisho.com/archives/2013.html,2013,2026-08-22,2026-08-22,No explicit adult/TL marker in matched source or product; Rakuten booksGenreId=001001003009; rakutenProductUrl=https://books.rakuten.co.jp/rb/11238147/.
candidate-957cfe06e87cb83853c3,safe,マンガ大賞実行委員会 mainstream selection + Rakuten Books manga category,https://www.mangataisho.com/archives/2010.html,2010,2026-08-22,2026-08-22,No explicit adult/TL marker in matched source or product; Rakuten booksGenreId=001001003023; rakutenProductUrl=https://books.rakuten.co.jp/rb/3608203/.
candidate-95880a6b2ca8a072e5b5,safe,マンガ大賞実行委員会 mainstream selection + Rakuten Books manga category,https://www.mangataisho.com/archives/2013.html,2013,2026-08-22,2026-08-22,No explicit adult/TL marker in matched source or product; Rakuten booksGenreId=001001012; rakutenProductUrl=https://books.rakuten.co.jp/rb/6946941/.
candidate-95dae802c37593fcc9ab,safe,小学館「小学館漫画賞」 mainstream selection + Rakuten Books manga category,https://shogakukan-comic.jp/shogakukan-mangasho-archives,1989,2026-08-22,2026-08-22,No explicit adult/TL marker in matched source or product; Rakuten booksGenreId=001001001009; rakutenProductUrl=https://books.rakuten.co.jp/rb/379699/.
candidate-95e2ec757f3c1f3743d5,safe,マンガ大賞実行委員会 mainstream selection + Rakuten Books manga category,https://www.mangataisho.com/archives/2013.html,2013,2026-08-22,2026-08-22,No explicit adult/TL marker in matched source or product; Rakuten booksGenreId=001001003044; rakutenProductUrl=https://books.rakuten.co.jp/rb/1206098/.
candidate-95fd611e0a1d2fd733c9,safe,KADOKAWA「次にくるマンガ大賞」 mainstream selection + Rakuten Books manga category,https://tsugimanga.jp/nominate/comics,2026-06-26,2026-08-22,2026-08-22,No explicit adult/TL marker in matched source or product; Rakuten booksGenreId=001001002009; rakutenProductUrl=https://books.rakuten.co.jp/rb/17890425/.
candidate-961a49798df191311f42,safe,マンガ大賞実行委員会 mainstream selection + Rakuten Books manga category,https://www.mangataisho.com/archives/2015.html,2015,2026-08-22,2026-08-22,No explicit adult/TL marker in matched source or product; Rakuten booksGenreId=001001003022; rakutenProductUrl=https://books.rakuten.co.jp/rb/12724392/.
candidate-968a22513a12496eee61,safe,マンガ大賞実行委員会 mainstream selection + Rakuten Books manga category,https://www.mangataisho.com/archives/2009.html,2009,2026-08-22,2026-08-22,No explicit adult/TL marker in matched source or product; Rakuten booksGenreId=001001001008; rakutenProductUrl=https://books.rakuten.co.jp/rb/5750113/.
candidate-968c71abbaaa0b6801eb,safe,マンガ大賞実行委員会 mainstream selection + Rakuten Books manga category,https://www.mangataisho.com/archives/2014.html,2014,2026-08-22,2026-08-22,No explicit adult/TL marker in matched source or product; Rakuten booksGenreId=001001012; rakutenProductUrl=https://books.rakuten.co.jp/rb/12458691/.
candidate-969bcc1f8f1adbdcdbc9,safe,KADOKAWA「次にくるマンガ大賞」 mainstream selection + Rakuten Books manga category,https://tsugimanga.jp/winner/2023/comics,2023-08-31,2026-08-22,2026-08-22,No explicit adult/TL marker in matched source or product; Rakuten booksGenreId=001001012; rakutenProductUrl=https://books.rakuten.co.jp/rb/17194191/.
candidate-96aef57fdc450e67d57a,safe,マンガ大賞実行委員会 mainstream selection + Rakuten Books manga category,https://www.mangataisho.com/archives/2010.html,2010,2026-08-22,2026-08-22,No explicit adult/TL marker in matched source or product; Rakuten booksGenreId=001001003047; rakutenProductUrl=https://books.rakuten.co.jp/rb/5546997/.
candidate-96bba3c4328642674c32,safe,マンガ大賞実行委員会 mainstream selection + Rakuten Books manga category,https://www.mangataisho.com/archives/2014.html,2014,2026-08-22,2026-08-22,No explicit adult/TL marker in matched source or product; Rakuten booksGenreId=001021002027/001001012; rakutenProductUrl=https://books.rakuten.co.jp/rb/12458454/.
candidate-96fc9ffa3f2892697285,safe,KADOKAWA「次にくるマンガ大賞」 mainstream selection + Rakuten Books manga category,https://tsugimanga.jp/winner/2024/comics,2024-08-28,2026-08-22,2026-08-22,No explicit adult/TL marker in matched source or product; Rakuten booksGenreId=001001003005; rakutenProductUrl=https://books.rakuten.co.jp/rb/17608233/.
candidate-970bcce27f74166b6758,safe,マンガ大賞実行委員会 mainstream selection + Rakuten Books manga category,https://www.mangataisho.com/archives/2012.html,2012,2026-08-22,2026-08-22,No explicit adult/TL marker in matched source or product; Rakuten booksGenreId=001001003023; rakutenProductUrl=https://books.rakuten.co.jp/rb/6516590/.
candidate-9711cfc35c4941e50948,safe,KADOKAWA「次にくるマンガ大賞」 mainstream selection + Rakuten Books manga category,https://tsugimanga.jp/winner/2018/comics,2018-08-23,2026-08-22,2026-08-22,No explicit adult/TL marker in matched source or product; Rakuten booksGenreId=001001012; rakutenProductUrl=https://books.rakuten.co.jp/rb/14161210/.
candidate-9723a4d0d9f4a17839d1,safe,KADOKAWA「次にくるマンガ大賞」 mainstream selection + Rakuten Books manga category,https://tsugimanga.jp/winner/2018/comics,2018-08-23,2026-08-22,2026-08-22,No explicit adult/TL marker in matched source or product; Rakuten booksGenreId=001001001009; rakutenProductUrl=https://books.rakuten.co.jp/rb/15116367/.
candidate-974a42056e7a969be948,safe,マンガ大賞実行委員会 mainstream selection + Rakuten Books manga category,https://www.mangataisho.com/archives/2011.html,2011,2026-08-22,2026-08-22,No explicit adult/TL marker in matched source or product; Rakuten booksGenreId=001001003005; rakutenProductUrl=https://books.rakuten.co.jp/rb/6199897/.
candidate-9791d80d12670e9b87c5,safe,マンガ大賞実行委員会 mainstream selection + Rakuten Books manga category,https://www.mangataisho.com/archives/2013.html,2013,2026-08-22,2026-08-22,No explicit adult/TL marker in matched source or product; Rakuten booksGenreId=001001003018; rakutenProductUrl=https://books.rakuten.co.jp/rb/11604248/.
candidate-979c21cf10bbe09a70b9,safe,マンガ大賞実行委員会 mainstream selection + Rakuten Books manga category,https://www.mangataisho.com/archives/2009.html,2009,2026-08-22,2026-08-22,No explicit adult/TL marker in matched source or product; Rakuten booksGenreId=001001004006/001001002008; rakutenProductUrl=https://books.rakuten.co.jp/rb/5787836/.
candidate-97d088086128a66d692d,safe,マンガ大賞実行委員会 mainstream selection + Rakuten Books manga category,https://www.mangataisho.com/archives/2015.html,2015,2026-08-22,2026-08-22,No explicit adult/TL marker in matched source or product; Rakuten booksGenreId=001001003010; rakutenProductUrl=https://books.rakuten.co.jp/rb/12811346/.
candidate-9819dc57951f1adb8729,safe,マンガ大賞実行委員会 mainstream selection + Rakuten Books manga category,https://www.mangataisho.com/archives/2015.html,2015,2026-08-22,2026-08-22,No explicit adult/TL marker in matched source or product; Rakuten booksGenreId=001001003020; rakutenProductUrl=https://books.rakuten.co.jp/rb/12818720/.
candidate-982bb79e03193ebbafcd,safe,マンガ大賞実行委員会 mainstream selection + Rakuten Books manga category,https://www.mangataisho.com/archives/2009.html,2009,2026-08-22,2026-08-22,No explicit adult/TL marker in matched source or product; Rakuten booksGenreId=001001012/001010002001; rakutenProductUrl=https://books.rakuten.co.jp/rb/5878736/.
candidate-98496629236d52367540,safe,マンガ大賞実行委員会 mainstream selection + Rakuten Books manga category,https://www.mangataisho.com/archives/2014.html,2014,2026-08-22,2026-08-22,No explicit adult/TL marker in matched source or product; Rakuten booksGenreId=001001004001; rakutenProductUrl=https://books.rakuten.co.jp/rb/12504127/.
candidate-98626de1d3e25186d1bb,safe,KADOKAWA「次にくるマンガ大賞」 mainstream selection + Rakuten Books manga category,https://tsugimanga.jp/winner/2017/comics,2017-08-23,2026-08-22,2026-08-22,No explicit adult/TL marker in matched source or product; Rakuten booksGenreId=001001001009; rakutenProductUrl=https://books.rakuten.co.jp/rb/14355404/.
candidate-98637340992f2f50107d,safe,マンガ大賞実行委員会 mainstream selection + Rakuten Books manga category,https://www.mangataisho.com/archives/2013.html,2013,2026-08-22,2026-08-22,No explicit adult/TL marker in matched source or product; Rakuten booksGenreId=001001003022; rakutenProductUrl=https://books.rakuten.co.jp/rb/11842218/.
candidate-986fd04811a0b3d816f1,safe,マンガ大賞実行委員会 mainstream selection + Rakuten Books manga category,https://www.mangataisho.com/archives/2009.html,2009,2026-08-22,2026-08-22,No explicit adult/TL marker in matched source or product; Rakuten booksGenreId=001001001009; rakutenProductUrl=https://books.rakuten.co.jp/rb/5717249/.
candidate-9894bab2657809d62a14,safe,KADOKAWA「次にくるマンガ大賞」 mainstream selection + Rakuten Books manga category,https://tsugimanga.jp/winner/2015/comics,2015-02-06,2026-08-22,2026-08-22,No explicit adult/TL marker in matched source or product; Rakuten booksGenreId=001001012; rakutenProductUrl=https://books.rakuten.co.jp/rb/12742549/.
candidate-989ea31af1af92fb78b4,safe,マンガ大賞実行委員会 mainstream selection + Rakuten Books manga category,https://www.mangataisho.com/archives/2008.html,2008,2026-08-22,2026-08-22,No explicit adult/TL marker in matched source or product; Rakuten booksGenreId=001001002009; rakutenProductUrl=https://books.rakuten.co.jp/rb/5296160/.
candidate-98b7d2ef065bde405972,safe,宝島社「このマンガがすごい！」編集部 mainstream selection + Rakuten Books manga category,https://sugoiweb.jp/column/4772/,2022-12-12,2026-08-22,2026-08-22,No explicit adult/TL marker in matched source or product; Rakuten booksGenreId=001001012; rakutenProductUrl=https://books.rakuten.co.jp/rb/17198290/.
candidate-98d513b70560f2f96a38,safe,小学館「小学館漫画賞」 mainstream selection + Rakuten Books manga category,https://shogakukan-comic.jp/shogakukan-mangasho-archives,1974,2026-08-22,2026-08-22,No explicit adult/TL marker in matched source or product; Rakuten booksGenreId=001001001009; rakutenProductUrl=https://books.rakuten.co.jp/rb/376209/.
candidate-99046601b40a492141c1,safe,マンガ大賞実行委員会 mainstream selection + Rakuten Books manga category,https://www.mangataisho.com/archives/2009.html,2009,2026-08-22,2026-08-22,No explicit adult/TL marker in matched source or product; Rakuten booksGenreId=001001003018; rakutenProductUrl=https://books.rakuten.co.jp/rb/3611478/.
candidate-9919ce0368e7e46897b5,safe,マンガ大賞実行委員会 mainstream selection + Rakuten Books manga category,https://www.mangataisho.com/archives/2009.html,2009,2026-08-22,2026-08-22,No explicit adult/TL marker in matched source or product; Rakuten booksGenreId=001001003022; rakutenProductUrl=https://books.rakuten.co.jp/rb/4349782/.
candidate-994f45d756b4055ece27,safe,KADOKAWA「次にくるマンガ大賞」 mainstream selection + Rakuten Books manga category,https://tsugimanga.jp/winner/2018/comics,2018-08-23,2026-08-22,2026-08-22,No explicit adult/TL marker in matched source or product; Rakuten booksGenreId=001001003049; rakutenProductUrl=https://books.rakuten.co.jp/rb/14496832/.
candidate-99d81456c341e239d7af,safe,マンガ大賞実行委員会 mainstream selection + Rakuten Books manga category,https://www.mangataisho.com/archives/2011.html,2011,2026-08-22,2026-08-22,No explicit adult/TL marker in matched source or product; Rakuten booksGenreId=001001003003; rakutenProductUrl=https://books.rakuten.co.jp/rb/6652933/.
candidate-99feb5a88e39c429b8c2,safe,マンガ大賞実行委員会 mainstream selection + Rakuten Books manga category,https://www.mangataisho.com/archives/2011.html,2011,2026-08-22,2026-08-22,No explicit adult/TL marker in matched source or product; Rakuten booksGenreId=001001002024/001001002018; rakutenProductUrl=https://books.rakuten.co.jp/rb/6514453/.
candidate-9a006f9a47769dfc2c3a,safe,KADOKAWA「次にくるマンガ大賞」 mainstream selection + Rakuten Books manga category,https://tsugimanga.jp/winner/2020/comics,2020-08-19,2026-08-22,2026-08-22,No explicit adult/TL marker in matched source or product; Rakuten booksGenreId=001001003048; rakutenProductUrl=https://books.rakuten.co.jp/rb/15906380/.
candidate-9a0dc26c6ae8f8e675c4,safe,マンガ大賞実行委員会 mainstream selection + Rakuten Books manga category,https://www.mangataisho.com/archives/2013.html,2013,2026-08-22,2026-08-22,No explicit adult/TL marker in matched source or product; Rakuten booksGenreId=001001003004; rakutenProductUrl=https://books.rakuten.co.jp/rb/11682618/.
candidate-9a1d727d87f46ac407d1,safe,マンガ大賞実行委員会 mainstream selection + Rakuten Books manga category,https://www.mangataisho.com/archives/2008.html,2008,2026-08-22,2026-08-22,No explicit adult/TL marker in matched source or product; Rakuten booksGenreId=001001002011; rakutenProductUrl=https://books.rakuten.co.jp/rb/4375194/.
candidate-9a375ef7844b5d6e69af,safe,小学館「小学館漫画賞」 mainstream selection + Rakuten Books manga category,https://shogakukan-comic.jp/shogakukan-mangasho-archives,2020,2026-08-22,2026-08-22,No explicit adult/TL marker in matched source or product; Rakuten booksGenreId=001001002013; rakutenProductUrl=https://books.rakuten.co.jp/rb/6092830/.
candidate-9ad564d206d2c1a6c4ef,safe,宝島社「このマンガがすごい！」編集部 mainstream selection + Rakuten Books manga category,https://sugoiweb.jp/column/4894/,2019-12-20,2026-08-22,2026-08-22,No explicit adult/TL marker in matched source or product; Rakuten booksGenreId=001001001008; rakutenProductUrl=https://books.rakuten.co.jp/rb/15793617/.
candidate-9b1c428d3210fa2b70bf,safe,KADOKAWA「次にくるマンガ大賞」 mainstream selection + Rakuten Books manga category,https://tsugimanga.jp/nominate/comics,2026-06-26,2026-08-22,2026-08-22,No explicit adult/TL marker in matched source or product; Rakuten booksGenreId=001001012; rakutenProductUrl=https://books.rakuten.co.jp/rb/18420275/.
candidate-9b42e9cda7743bba0f9b,safe,マンガ大賞実行委員会 mainstream selection + Rakuten Books manga category,https://www.mangataisho.com/archives/2010.html,2010,2026-08-22,2026-08-22,No explicit adult/TL marker in matched source or product; Rakuten booksGenreId=001001002005; rakutenProductUrl=https://books.rakuten.co.jp/rb/1583916/.
candidate-9b486df34cdf8853a038,safe,小学館「小学館漫画賞」 mainstream selection + Rakuten Books manga category,https://shogakukan-comic.jp/shogakukan-mangasho-archives,1982,2026-08-22,2026-08-22,No explicit adult/TL marker in matched source or product; Rakuten booksGenreId=001001003009; rakutenProductUrl=https://books.rakuten.co.jp/rb/994893/.
candidate-9bad151827d73f15815a,safe,マンガ大賞実行委員会 mainstream selection + Rakuten Books manga category,https://www.mangataisho.com/archives/2011.html,2011,2026-08-22,2026-08-22,No explicit adult/TL marker in matched source or product; Rakuten booksGenreId=001001003009; rakutenProductUrl=https://books.rakuten.co.jp/rb/6737187/.
candidate-9bb7bc1f5f40a377ed68,safe,小学館「小学館漫画賞」 mainstream selection + Rakuten Books manga category,https://shogakukan-comic.jp/shogakukan-mangasho-archives,1998,2026-08-22,2026-08-22,No explicit adult/TL marker in matched source or product; Rakuten booksGenreId=001001004006/001001002013/001001002008; rakutenProductUrl=https://books.rakuten.co.jp/rb/831896/.
candidate-9bc48e7f5208ca6bd0eb,safe,KADOKAWA「次にくるマンガ大賞」 mainstream selection + Rakuten Books manga category,https://tsugimanga.jp/nominate/comics,2026-06-26,2026-08-22,2026-08-22,No explicit adult/TL marker in matched source or product; Rakuten booksGenreId=001001001008; rakutenProductUrl=https://books.rakuten.co.jp/rb/18723466/.
candidate-9bd00739b995d84e2494,safe,宝島社「このマンガがすごい！」編集部 mainstream selection + Rakuten Books manga category,https://sugoiweb.jp/column/4894/,2019-12-20,2026-08-22,2026-08-22,No explicit adult/TL marker in matched source or product; Rakuten booksGenreId=001001012; rakutenProductUrl=https://books.rakuten.co.jp/rb/15898729/.
candidate-9c412903936a15ec703f,safe,KADOKAWA「次にくるマンガ大賞」 mainstream selection + Rakuten Books manga category,https://tsugimanga.jp/winner/2024/comics,2024-08-28,2026-08-22,2026-08-22,No explicit adult/TL marker in matched source or product; Rakuten booksGenreId=001001012/001001003010; rakutenProductUrl=https://books.rakuten.co.jp/rb/17554560/.
candidate-9c61ec68f9fc25c13b3e,safe,マンガ大賞実行委員会 mainstream selection + Rakuten Books manga category,https://www.mangataisho.com/archives/2012.html,2012,2026-08-22,2026-08-22,No explicit adult/TL marker in matched source or product; Rakuten booksGenreId=001001003009; rakutenProductUrl=https://books.rakuten.co.jp/rb/7000376/.
candidate-9c99d5d65e8e6a4a8465,safe,マンガ大賞実行委員会 mainstream selection + Rakuten Books manga category,https://www.mangataisho.com/archives/2012.html,2012,2026-08-22,2026-08-22,No explicit adult/TL marker in matched source or product; Rakuten booksGenreId=001001012; rakutenProductUrl=https://books.rakuten.co.jp/rb/13604799/.
candidate-9ce9f67dfe1aef833c70,safe,KADOKAWA「次にくるマンガ大賞」 mainstream selection + Rakuten Books manga category,https://tsugimanga.jp/winner/2017/comics,2017-08-23,2026-08-22,2026-08-22,No explicit adult/TL marker in matched source or product; Rakuten booksGenreId=001001003009; rakutenProductUrl=https://books.rakuten.co.jp/rb/14576390/.
candidate-9cfccaa87d8dc193f422,safe,マンガ大賞実行委員会 mainstream selection + Rakuten Books manga category,https://www.mangataisho.com/archives/2011.html,2011,2026-08-22,2026-08-22,No explicit adult/TL marker in matched source or product; Rakuten booksGenreId=001001001008; rakutenProductUrl=https://books.rakuten.co.jp/rb/6272648/.
candidate-9cfdc50b51526aad52a4,safe,マンガ大賞実行委員会 mainstream selection + Rakuten Books manga category,https://www.mangataisho.com/archives/2011.html,2011,2026-08-22,2026-08-22,No explicit adult/TL marker in matched source or product; Rakuten booksGenreId=001001003026; rakutenProductUrl=https://books.rakuten.co.jp/rb/6454302/.
candidate-9d04c47e7efbbbd8aca6,safe,宝島社「このマンガがすごい！」編集部 mainstream selection + Rakuten Books manga category,https://sugoiweb.jp/column/4815/,2021-12-07,2026-08-22,2026-08-22,No explicit adult/TL marker in matched source or product; Rakuten booksGenreId=001001002009; rakutenProductUrl=https://books.rakuten.co.jp/rb/13426223/.
candidate-9d2b58c5a982b7ddcbc6,safe,マンガ大賞実行委員会 mainstream selection + Rakuten Books manga category,https://www.mangataisho.com/archives/2008.html,2008,2026-08-22,2026-08-22,No explicit adult/TL marker in matched source or product; Rakuten booksGenreId=001001003009; rakutenProductUrl=https://books.rakuten.co.jp/rb/3660647/.
candidate-9d437b1a9711aeb3471d,safe,小学館「小学館漫画賞」 mainstream selection + Rakuten Books manga category,https://shogakukan-comic.jp/shogakukan-mangasho-archives,1996,2026-08-22,2026-08-22,No explicit adult/TL marker in matched source or product; Rakuten booksGenreId=001001004006/001001002008; rakutenProductUrl=https://books.rakuten.co.jp/rb/760918/.
candidate-9d521b89712c948b76ce,safe,KADOKAWA「次にくるマンガ大賞」 mainstream selection + Rakuten Books manga category,https://tsugimanga.jp/winner/2019/comics,2019-08-22,2026-08-22,2026-08-22,No explicit adult/TL marker in matched source or product; Rakuten booksGenreId=001001001009; rakutenProductUrl=https://books.rakuten.co.jp/rb/15831743/.
candidate-9d5d64262dbc2893acd4,safe,小学館「小学館漫画賞」 mainstream selection + Rakuten Books manga category,https://shogakukan-comic.jp/shogakukan-mangasho-archives,1975,2026-08-22,2026-08-22,No explicit adult/TL marker in matched source or product; Rakuten booksGenreId=001001004006/001001002008; rakutenProductUrl=https://books.rakuten.co.jp/rb/741513/.
candidate-9de2b62d9ed781881670,safe,マンガ大賞実行委員会 mainstream selection + Rakuten Books manga category,https://www.mangataisho.com/archives/2013.html,2013,2026-08-22,2026-08-22,No explicit adult/TL marker in matched source or product; Rakuten booksGenreId=001001003053/001001003035; rakutenProductUrl=https://books.rakuten.co.jp/rb/11604370/.
candidate-9e12ab5a319cfbf36307,safe,マンガ大賞実行委員会 mainstream selection + Rakuten Books manga category,https://www.mangataisho.com/archives/2011.html,2011,2026-08-22,2026-08-22,No explicit adult/TL marker in matched source or product; Rakuten booksGenreId=001001003049/001001003017; rakutenProductUrl=https://books.rakuten.co.jp/rb/6718495/.
candidate-9e98119539f60465ce66,safe,マンガ大賞実行委員会 mainstream selection + Rakuten Books manga category,https://www.mangataisho.com/archives/2012.html,2012,2026-08-22,2026-08-22,No explicit adult/TL marker in matched source or product; Rakuten booksGenreId=001001003049/001001003017; rakutenProductUrl=https://books.rakuten.co.jp/rb/11141971/.
candidate-9ea21464345e9489a6c2,safe,KADOKAWA「次にくるマンガ大賞」 mainstream selection + Rakuten Books manga category,https://tsugimanga.jp/winner/2023/comics,2023-08-31,2026-08-22,2026-08-22,No explicit adult/TL marker in matched source or product; Rakuten booksGenreId=001001003049; rakutenProductUrl=https://books.rakuten.co.jp/rb/17287310/.
candidate-9ea5b539398abf33389c,safe,KADOKAWA「次にくるマンガ大賞」 mainstream selection + Rakuten Books manga category,https://tsugimanga.jp/winner/2020/comics,2020-08-19,2026-08-22,2026-08-22,No explicit adult/TL marker in matched source or product; Rakuten booksGenreId=001001003018; rakutenProductUrl=https://books.rakuten.co.jp/rb/16218275/.
candidate-9ea915886fe936b47d61,safe,マンガ大賞実行委員会 mainstream selection + Rakuten Books manga category,https://www.mangataisho.com/archives/2008.html,2008,2026-08-22,2026-08-22,No explicit adult/TL marker in matched source or product; Rakuten booksGenreId=001001002009; rakutenProductUrl=https://books.rakuten.co.jp/rb/3634138/.
candidate-9ed6fa395060b8ee9851,safe,マンガ大賞実行委員会 mainstream selection + Rakuten Books manga category,https://www.mangataisho.com/archives/2015.html,2015,2026-08-22,2026-08-22,No explicit adult/TL marker in matched source or product; Rakuten booksGenreId=001001003022; rakutenProductUrl=https://books.rakuten.co.jp/rb/12838966/.
candidate-9eddcb2b8337e0a27537,safe,マンガ大賞実行委員会 mainstream selection + Rakuten Books manga category,https://www.mangataisho.com/archives/2011.html,2011,2026-08-22,2026-08-22,No explicit adult/TL marker in matched source or product; Rakuten booksGenreId=001001004006/001001002008; rakutenProductUrl=https://books.rakuten.co.jp/rb/6327312/.
candidate-9ee686214ab1d0d4c8fc,safe,KADOKAWA「次にくるマンガ大賞」 mainstream selection + Rakuten Books manga category,https://tsugimanga.jp/winner/2018/comics,2018-08-23,2026-08-22,2026-08-22,No explicit adult/TL marker in matched source or product; Rakuten booksGenreId=001001003046; rakutenProductUrl=https://books.rakuten.co.jp/rb/14283070/.
candidate-9f01ddaef8d3525c771f,safe,KADOKAWA「次にくるマンガ大賞」 mainstream selection + Rakuten Books manga category,https://tsugimanga.jp/winner/2021/comics,2021-08-24,2026-08-22,2026-08-22,No explicit adult/TL marker in matched source or product; Rakuten booksGenreId=001001002025; rakutenProductUrl=https://books.rakuten.co.jp/rb/16461133/.
candidate-9f2db6ebe083f66c893a,safe,マンガ大賞実行委員会 mainstream selection + Rakuten Books manga category,https://www.mangataisho.com/archives/2011.html,2011,2026-08-22,2026-08-22,No explicit adult/TL marker in matched source or product; Rakuten booksGenreId=001001012; rakutenProductUrl=https://books.rakuten.co.jp/rb/6796917/.
candidate-9f3cb76fbf3b626f101a,safe,マンガ大賞実行委員会 mainstream selection + Rakuten Books manga category,https://www.mangataisho.com/archives/2011.html,2011,2026-08-22,2026-08-22,No explicit adult/TL marker in matched source or product; Rakuten booksGenreId=001001003053/001001003035; rakutenProductUrl=https://books.rakuten.co.jp/rb/5566980/.
candidate-9f6e65be23de6688e45b,safe,マンガ大賞実行委員会 mainstream selection + Rakuten Books manga category,https://www.mangataisho.com/archives/2009.html,2009,2026-08-22,2026-08-22,No explicit adult/TL marker in matched source or product; Rakuten booksGenreId=001001003004; rakutenProductUrl=https://books.rakuten.co.jp/rb/1385765/.
candidate-9fb32a2b0f954de5f4a3,safe,マンガ大賞実行委員会 mainstream selection + Rakuten Books manga category,https://www.mangataisho.com/archives/2010.html,2010,2026-08-22,2026-08-22,No explicit adult/TL marker in matched source or product; Rakuten booksGenreId=001001003023; rakutenProductUrl=https://books.rakuten.co.jp/rb/6188343/.
candidate-9fc590948fe2b54fdcf3,safe,マンガ大賞実行委員会 mainstream selection + Rakuten Books manga category,https://www.mangataisho.com/archives/2009.html,2009,2026-08-22,2026-08-22,No explicit adult/TL marker in matched source or product; Rakuten booksGenreId=001001012; rakutenProductUrl=https://books.rakuten.co.jp/rb/5780032/.
candidate-9ffbdff3e9db3f9826e9,safe,KADOKAWA「次にくるマンガ大賞」 mainstream selection + Rakuten Books manga category,https://tsugimanga.jp/winner/2021/comics,2021-08-24,2026-08-22,2026-08-22,No explicit adult/TL marker in matched source or product; Rakuten booksGenreId=001001012/001001003010; rakutenProductUrl=https://books.rakuten.co.jp/rb/16316627/.
candidate-a05b0d00f7d8d7592c7e,safe,マンガ大賞実行委員会 mainstream selection + Rakuten Books manga category,https://www.mangataisho.com/archives/2009.html,2009,2026-08-22,2026-08-22,No explicit adult/TL marker in matched source or product; Rakuten booksGenreId=001001003049/001001003017; rakutenProductUrl=https://books.rakuten.co.jp/rb/4114492/.
candidate-a089c0eef91d1213da38,safe,小学館「小学館漫画賞」 mainstream selection + Rakuten Books manga category,https://shogakukan-comic.jp/shogakukan-mangasho-archives,1980,2026-08-22,2026-08-22,No explicit adult/TL marker in matched source or product; Rakuten booksGenreId=001001001009; rakutenProductUrl=https://books.rakuten.co.jp/rb/376349/.
candidate-a0cf232c6e526adba12f,safe,宝島社「このマンガがすごい！」編集部 mainstream selection + Rakuten Books manga category,https://sugoiweb.jp/column/4894/,2019-12-20,2026-08-22,2026-08-22,No explicit adult/TL marker in matched source or product; Rakuten booksGenreId=001001003015; rakutenProductUrl=https://books.rakuten.co.jp/rb/15751027/.
candidate-a0ef16551acd379eb984,safe,マンガ大賞実行委員会 mainstream selection + Rakuten Books manga category,https://www.mangataisho.com/archives/2013.html,2013,2026-08-22,2026-08-22,No explicit adult/TL marker in matched source or product; Rakuten booksGenreId=001001001009; rakutenProductUrl=https://books.rakuten.co.jp/rb/11194435/.
candidate-a0fdd0c31f6b45d32172,safe,マンガ大賞実行委員会 mainstream selection + Rakuten Books manga category,https://www.mangataisho.com/archives/2013.html,2013,2026-08-22,2026-08-22,No explicit adult/TL marker in matched source or product; Rakuten booksGenreId=001001001006; rakutenProductUrl=https://books.rakuten.co.jp/rb/11684410/.
candidate-a111c5b5eb985dbc9c50,safe,マンガ大賞実行委員会 mainstream selection + Rakuten Books manga category,https://www.mangataisho.com/archives/2012.html,2012,2026-08-22,2026-08-22,No explicit adult/TL marker in matched source or product; Rakuten booksGenreId=001001012; rakutenProductUrl=https://books.rakuten.co.jp/rb/11421939/.
candidate-a14cf4446d589444177f,safe,マンガ大賞実行委員会 mainstream selection + Rakuten Books manga category,https://www.mangataisho.com/archives/2010.html,2010,2026-08-22,2026-08-22,No explicit adult/TL marker in matched source or product; Rakuten booksGenreId=001001002006; rakutenProductUrl=https://books.rakuten.co.jp/rb/6137353/.
candidate-a15b3e6abad9affdea74,safe,KADOKAWA「次にくるマンガ大賞」 mainstream selection + Rakuten Books manga category,https://tsugimanga.jp/winner/2016/comics,2016-02-04,2026-08-22,2026-08-22,No explicit adult/TL marker in matched source or product; Rakuten booksGenreId=001001001009; rakutenProductUrl=https://books.rakuten.co.jp/rb/13160116/.
candidate-a1798a9542d578b3137d,safe,マンガ大賞実行委員会 mainstream selection + Rakuten Books manga category,https://www.mangataisho.com/archives/2010.html,2010,2026-08-22,2026-08-22,No explicit adult/TL marker in matched source or product; Rakuten booksGenreId=001001003015; rakutenProductUrl=https://books.rakuten.co.jp/rb/6242802/.
candidate-a19dbc25b52fe100ed66,safe,KADOKAWA「次にくるマンガ大賞」 mainstream selection + Rakuten Books manga category,https://tsugimanga.jp/nominate/comics,2026-06-26,2026-08-22,2026-08-22,No explicit adult/TL marker in matched source or product; Rakuten booksGenreId=001001003015; rakutenProductUrl=https://books.rakuten.co.jp/rb/18152939/.
candidate-a249a1a5c8938ef5ab9e,safe,マンガ大賞実行委員会 mainstream selection + Rakuten Books manga category,https://www.mangataisho.com/archives/2014.html,2014,2026-08-22,2026-08-22,No explicit adult/TL marker in matched source or product; Rakuten booksGenreId=001001003049; rakutenProductUrl=https://books.rakuten.co.jp/rb/12197046/.
candidate-a24e0d721bd03f8dfc41,safe,マンガ大賞実行委員会 mainstream selection + Rakuten Books manga category,https://www.mangataisho.com/archives/2012.html,2012,2026-08-22,2026-08-22,No explicit adult/TL marker in matched source or product; Rakuten booksGenreId=001001003009; rakutenProductUrl=https://books.rakuten.co.jp/rb/11461666/.
candidate-a25bac53b4757f13f21a,safe,マンガ大賞実行委員会 mainstream selection + Rakuten Books manga category,https://www.mangataisho.com/archives/2012.html,2012,2026-08-22,2026-08-22,No explicit adult/TL marker in matched source or product; Rakuten booksGenreId=001001003004; rakutenProductUrl=https://books.rakuten.co.jp/rb/11169419/.
candidate-a268fb6b187e6a7ffd72,safe,KADOKAWA「次にくるマンガ大賞」 mainstream selection + Rakuten Books manga category,https://tsugimanga.jp/winner/2023/comics,2023-08-31,2026-08-22,2026-08-22,No explicit adult/TL marker in matched source or product; Rakuten booksGenreId=001001001008; rakutenProductUrl=https://books.rakuten.co.jp/rb/17406317/.
candidate-a27bbfd85487a68b974a,safe,小学館「小学館漫画賞」 mainstream selection + Rakuten Books manga category,https://shogakukan-comic.jp/shogakukan-mangasho-archives,2009,2026-08-22,2026-08-22,No explicit adult/TL marker in matched source or product; Rakuten booksGenreId=001001001014; rakutenProductUrl=https://books.rakuten.co.jp/rb/4296876/.
candidate-a280377d41783aab421d,safe,KADOKAWA「次にくるマンガ大賞」 mainstream selection + Rakuten Books manga category,https://tsugimanga.jp/winner/2015/comics,2015-02-06,2026-08-22,2026-08-22,No explicit adult/TL marker in matched source or product; Rakuten booksGenreId=001001003053/001001003035; rakutenProductUrl=https://books.rakuten.co.jp/rb/12637100/.
candidate-a2dbffa203dc2a27aa25,safe,マンガ大賞実行委員会 mainstream selection + Rakuten Books manga category,https://www.mangataisho.com/archives/2014.html,2014,2026-08-22,2026-08-22,No explicit adult/TL marker in matched source or product; Rakuten booksGenreId=001001003005; rakutenProductUrl=https://books.rakuten.co.jp/rb/12166207/.
candidate-a2f0a0e6114c3b669689,safe,KADOKAWA「次にくるマンガ大賞」 mainstream selection + Rakuten Books manga category,https://tsugimanga.jp/winner/2021/comics,2021-08-24,2026-08-22,2026-08-22,No explicit adult/TL marker in matched source or product; Rakuten booksGenreId=001001001008; rakutenProductUrl=https://books.rakuten.co.jp/rb/16463138/.
candidate-a30c0fbb0769daac98cc,safe,マンガ大賞実行委員会 mainstream selection + Rakuten Books manga category,https://www.mangataisho.com/archives/2015.html,2015,2026-08-22,2026-08-22,No explicit adult/TL marker in matched source or product; Rakuten booksGenreId=001001003044; rakutenProductUrl=https://books.rakuten.co.jp/rb/12961615/.
candidate-a3182a646697c06c2526,safe,KADOKAWA「次にくるマンガ大賞」 mainstream selection + Rakuten Books manga category,https://tsugimanga.jp/winner/2022/comics,2022-08-31,2026-08-22,2026-08-22,No explicit adult/TL marker in matched source or product; Rakuten booksGenreId=001001003046; rakutenProductUrl=https://books.rakuten.co.jp/rb/16982151/.
candidate-a31925593fef2aaca2e2,safe,日本出版販売「全国書店員が選んだおすすめコミック」 mainstream selection + Rakuten Books manga category,https://www.honyaclub.com/shop/pages/osusumecomic2017.aspx?affiliate=osusumec17,2017,2026-08-22,2026-08-22,No explicit adult/TL marker in matched source or product; Rakuten booksGenreId=001001004006/001001002008; rakutenProductUrl=https://books.rakuten.co.jp/rb/13158772/.
candidate-a33cda6fe7a6aedc1ef2,safe,KADOKAWA「次にくるマンガ大賞」 mainstream selection + Rakuten Books manga category,https://tsugimanga.jp/winner/2025/comics,2025-09-18,2026-08-22,2026-08-22,No explicit adult/TL marker in matched source or product; Rakuten booksGenreId=001001001009; rakutenProductUrl=https://books.rakuten.co.jp/rb/18189983/.
candidate-a35a61b852c16a061059,safe,KADOKAWA「次にくるマンガ大賞」 mainstream selection + Rakuten Books manga category,https://tsugimanga.jp/winner/2025/comics,2025-09-18,2026-08-22,2026-08-22,No explicit adult/TL marker in matched source or product; Rakuten booksGenreId=001001003026; rakutenProductUrl=https://books.rakuten.co.jp/rb/17684936/.
candidate-a38a0adc31f0622bf206,safe,マンガ大賞実行委員会 mainstream selection + Rakuten Books manga category,https://www.mangataisho.com/archives/2008.html,2008,2026-08-22,2026-08-22,No explicit adult/TL marker in matched source or product; Rakuten booksGenreId=001001003005; rakutenProductUrl=https://books.rakuten.co.jp/rb/4156512/.
candidate-a3a198078e3623f56c86,safe,マンガ大賞実行委員会 mainstream selection + Rakuten Books manga category,https://www.mangataisho.com/archives/2015.html,2015,2026-08-22,2026-08-22,No explicit adult/TL marker in matched source or product; Rakuten booksGenreId=001001003022; rakutenProductUrl=https://books.rakuten.co.jp/rb/12689899/.
candidate-a3b7c5c6810710ed3721,safe,KADOKAWA「次にくるマンガ大賞」 mainstream selection + Rakuten Books manga category,https://tsugimanga.jp/winner/2019/comics,2019-08-22,2026-08-22,2026-08-22,No explicit adult/TL marker in matched source or product; Rakuten booksGenreId=001001003059; rakutenProductUrl=https://books.rakuten.co.jp/rb/15189949/.
candidate-a3d922576a1a1ecc8e3e,safe,マンガ大賞実行委員会 mainstream selection + Rakuten Books manga category,https://www.mangataisho.com/archives/index.html,2025,2026-08-22,2026-08-22,No explicit adult/TL marker in matched source or product; Rakuten booksGenreId=001001012/001001003010; rakutenProductUrl=https://books.rakuten.co.jp/rb/17983412/.
candidate-a3ed52406fbf51370b41,safe,マンガ大賞実行委員会 mainstream selection + Rakuten Books manga category,https://www.mangataisho.com/archives/2013.html,2013,2026-08-22,2026-08-22,No explicit adult/TL marker in matched source or product; Rakuten booksGenreId=001001003035; rakutenProductUrl=https://books.rakuten.co.jp/rb/11658854/.
candidate-a3f82c226e2ef72b9805,safe,マンガ大賞実行委員会 mainstream selection + Rakuten Books manga category,https://www.mangataisho.com/archives/2012.html,2012,2026-08-22,2026-08-22,No explicit adult/TL marker in matched source or product; Rakuten booksGenreId=001001001008; rakutenProductUrl=https://books.rakuten.co.jp/rb/11194398/.
candidate-a42530eb1460613ddb66,safe,小学館「小学館漫画賞」 mainstream selection + Rakuten Books manga category,https://shogakukan-comic.jp/shogakukan-mangasho-archives,2004,2026-08-22,2026-08-22,No explicit adult/TL marker in matched source or product; Rakuten booksGenreId=001001012; rakutenProductUrl=https://books.rakuten.co.jp/rb/333144/.
candidate-a4382c451f4eb3bf3995,safe,宝島社「このマンガがすごい！」編集部 mainstream selection + Rakuten Books manga category,https://sugoiweb.jp/column/4894/,2019-12-20,2026-08-22,2026-08-22,No explicit adult/TL marker in matched source or product; Rakuten booksGenreId=001001012; rakutenProductUrl=https://books.rakuten.co.jp/rb/15803643/.
candidate-a445f8af874d3f959800,safe,宝島社「このマンガがすごい！」編集部 mainstream selection + Rakuten Books manga category,https://sugoiweb.jp/column/4815/,2021-12-07,2026-08-22,2026-08-22,No explicit adult/TL marker in matched source or product; Rakuten booksGenreId=001001012; rakutenProductUrl=https://books.rakuten.co.jp/rb/16692398/.
candidate-a44dc3d83aa629edb8d6,safe,マンガ大賞実行委員会 mainstream selection + Rakuten Books manga category,https://www.mangataisho.com/archives/2008.html,2008,2026-08-22,2026-08-22,No explicit adult/TL marker in matched source or product; Rakuten booksGenreId=001001003007; rakutenProductUrl=https://books.rakuten.co.jp/rb/1787082/.
candidate-a46aa6b40c164ff18925,safe,マンガ大賞実行委員会 mainstream selection + Rakuten Books manga category,https://www.mangataisho.com/archives/2015.html,2015,2026-08-22,2026-08-22,No explicit adult/TL marker in matched source or product; Rakuten booksGenreId=001001002005; rakutenProductUrl=https://books.rakuten.co.jp/rb/12199671/.
candidate-a47ba80532ff25bd84c0,safe,マンガ大賞実行委員会 mainstream selection + Rakuten Books manga category,https://www.mangataisho.com/archives/2014.html,2014,2026-08-22,2026-08-22,No explicit adult/TL marker in matched source or product; Rakuten booksGenreId=001001003004; rakutenProductUrl=https://books.rakuten.co.jp/rb/12326433/.
candidate-a4a4d06aa88c7e6c4f00,safe,マンガ大賞実行委員会 mainstream selection + Rakuten Books manga category,https://www.mangataisho.com/archives/2009.html,2009,2026-08-22,2026-08-22,No explicit adult/TL marker in matched source or product; Rakuten booksGenreId=001021002031/001001012; rakutenProductUrl=https://books.rakuten.co.jp/rb/5356677/.
candidate-a4ca6e21e97927928e1a,safe,マンガ大賞実行委員会 mainstream selection + Rakuten Books manga category,https://www.mangataisho.com/archives/2013.html,2013,2026-08-22,2026-08-22,No explicit adult/TL marker in matched source or product; Rakuten booksGenreId=001001003052; rakutenProductUrl=https://books.rakuten.co.jp/rb/11939449/.
candidate-a5485a456a0896a0431b,safe,KADOKAWA「次にくるマンガ大賞」 mainstream selection + Rakuten Books manga category,https://tsugimanga.jp/winner/2022/comics,2022-08-31,2026-08-22,2026-08-22,No explicit adult/TL marker in matched source or product; Rakuten booksGenreId=001001001009; rakutenProductUrl=https://books.rakuten.co.jp/rb/17073338/.
candidate-a59481c00155de21d75f,safe,小学館「小学館漫画賞」 mainstream selection + Rakuten Books manga category,https://shogakukan-comic.jp/shogakukan-mangasho-archives,2004,2026-08-22,2026-08-22,No explicit adult/TL marker in matched source or product; Rakuten booksGenreId=001001003059; rakutenProductUrl=https://books.rakuten.co.jp/rb/1112815/.
candidate-a5a6e4383b0ae45add35,safe,KADOKAWA「次にくるマンガ大賞」 mainstream selection + Rakuten Books manga category,https://tsugimanga.jp/winner/2024/comics,2024-08-28,2026-08-22,2026-08-22,No explicit adult/TL marker in matched source or product; Rakuten booksGenreId=001001012; rakutenProductUrl=https://books.rakuten.co.jp/rb/17391653/.
candidate-a5ea58e7f117809f190c,safe,マンガ大賞実行委員会 mainstream selection + Rakuten Books manga category,https://www.mangataisho.com/archives/2013.html,2013,2026-08-22,2026-08-22,No explicit adult/TL marker in matched source or product; Rakuten booksGenreId=001001003009; rakutenProductUrl=https://books.rakuten.co.jp/rb/12086092/.
candidate-a62a4e661d1b32d913de,safe,マンガ大賞実行委員会 mainstream selection + Rakuten Books manga category,https://www.mangataisho.com/archives/2013.html,2013,2026-08-22,2026-08-22,No explicit adult/TL marker in matched source or product; Rakuten booksGenreId=001001003016; rakutenProductUrl=https://books.rakuten.co.jp/rb/12664096/.
candidate-a63ff955e6bc8227e843,safe,マンガ大賞実行委員会 mainstream selection + Rakuten Books manga category,https://www.mangataisho.com/archives/2011.html,2011,2026-08-22,2026-08-22,No explicit adult/TL marker in matched source or product; Rakuten booksGenreId=001001003035; rakutenProductUrl=https://books.rakuten.co.jp/rb/6385036/.
candidate-a6493670a1de599ac6c1,safe,KADOKAWA「次にくるマンガ大賞」 mainstream selection + Rakuten Books manga category,https://tsugimanga.jp/nominate/comics,2026-06-26,2026-08-22,2026-08-22,No explicit adult/TL marker in matched source or product; Rakuten booksGenreId=001001003046; rakutenProductUrl=https://books.rakuten.co.jp/rb/18500846/.
candidate-a68955f5898263495c4d,safe,KADOKAWA「次にくるマンガ大賞」 mainstream selection + Rakuten Books manga category,https://tsugimanga.jp/winner/2025/comics,2025-09-18,2026-08-22,2026-08-22,No explicit adult/TL marker in matched source or product; Rakuten booksGenreId=001001004006/001001002008; rakutenProductUrl=https://books.rakuten.co.jp/rb/18148665/.
candidate-a724b1e9c5ce4de26fa5,safe,小学館「小学館漫画賞」 mainstream selection + Rakuten Books manga category,https://shogakukan-comic.jp/shogakukan-mangasho-archives,2008,2026-08-22,2026-08-22,No explicit adult/TL marker in matched source or product; Rakuten booksGenreId=001001002013; rakutenProductUrl=https://books.rakuten.co.jp/rb/1790382/.
candidate-a7413b6e35e0d316a538,safe,マンガ大賞実行委員会 mainstream selection + Rakuten Books manga category,https://www.mangataisho.com/archives/2010.html,2010,2026-08-22,2026-08-22,No explicit adult/TL marker in matched source or product; Rakuten booksGenreId=001001002019/001001002014; rakutenProductUrl=https://books.rakuten.co.jp/rb/5929284/.
candidate-a77cc716088d067bec08,safe,マンガ大賞実行委員会 mainstream selection + Rakuten Books manga category,https://www.mangataisho.com/archives/2013.html,2013,2026-08-22,2026-08-22,No explicit adult/TL marker in matched source or product; Rakuten booksGenreId=001001002004; rakutenProductUrl=https://books.rakuten.co.jp/rb/11842026/.
candidate-a7a1e0666169f1b2e8c0,safe,マンガ大賞実行委員会 mainstream selection + Rakuten Books manga category,https://www.mangataisho.com/archives/2009.html,2009,2026-08-22,2026-08-22,No explicit adult/TL marker in matched source or product; Rakuten booksGenreId=001001012; rakutenProductUrl=https://books.rakuten.co.jp/rb/4331329/.
candidate-a7c0f3d7b865ce623311,safe,KADOKAWA「次にくるマンガ大賞」 mainstream selection + Rakuten Books manga category,https://tsugimanga.jp/winner/2015/comics,2015-02-06,2026-08-22,2026-08-22,No explicit adult/TL marker in matched source or product; Rakuten booksGenreId=001001003053/001001003035; rakutenProductUrl=https://books.rakuten.co.jp/rb/12128100/.
candidate-a7e0062c7153978fc6fe,safe,マンガ大賞実行委員会 mainstream selection + Rakuten Books manga category,https://www.mangataisho.com/archives/2010.html,2010,2026-08-22,2026-08-22,No explicit adult/TL marker in matched source or product; Rakuten booksGenreId=001001004006/001001002008; rakutenProductUrl=https://books.rakuten.co.jp/rb/5945029/.
candidate-a80cf875bfcd0d31e579,safe,マンガ大賞実行委員会 mainstream selection + Rakuten Books manga category,https://www.mangataisho.com/archives/2012.html,2012,2026-08-22,2026-08-22,No explicit adult/TL marker in matched source or product; Rakuten booksGenreId=001001003020; rakutenProductUrl=https://books.rakuten.co.jp/rb/6516678/.
candidate-a81bc17e65a038de3181,safe,KADOKAWA「次にくるマンガ大賞」 mainstream selection + Rakuten Books manga category,https://tsugimanga.jp/winner/2020/comics,2020-08-19,2026-08-22,2026-08-22,No explicit adult/TL marker in matched source or product; Rakuten booksGenreId=001001003026; rakutenProductUrl=https://books.rakuten.co.jp/rb/15917449/.
candidate-a82a20ac5a887ca519e4,safe,マンガ大賞実行委員会 mainstream selection + Rakuten Books manga category,https://www.mangataisho.com/archives/2015.html,2015,2026-08-22,2026-08-22,No explicit adult/TL marker in matched source or product; Rakuten booksGenreId=001001001001; rakutenProductUrl=https://books.rakuten.co.jp/rb/12724745/.
candidate-a82ab0cc2c3fb340283e,safe,KADOKAWA「次にくるマンガ大賞」 mainstream selection + Rakuten Books manga category,https://tsugimanga.jp/winner/2016/comics,2016-02-04,2026-08-22,2026-08-22,No explicit adult/TL marker in matched source or product; Rakuten booksGenreId=001001002009; rakutenProductUrl=https://books.rakuten.co.jp/rb/13202275/.
candidate-a8349445836546a82934,safe,マンガ大賞実行委員会 mainstream selection + Rakuten Books manga category,https://www.mangataisho.com/archives/2010.html,2010,2026-08-22,2026-08-22,No explicit adult/TL marker in matched source or product; Rakuten booksGenreId=001001002012; rakutenProductUrl=https://books.rakuten.co.jp/rb/6243116/.
candidate-a83fea90f846cb4acd9d,safe,小学館「小学館漫画賞」 mainstream selection + Rakuten Books manga category,https://shogakukan-comic.jp/shogakukan-mangasho-archives,1996,2026-08-22,2026-08-22,No explicit adult/TL marker in matched source or product; Rakuten booksGenreId=001001001008; rakutenProductUrl=https://books.rakuten.co.jp/rb/1554793/.
candidate-a85b2872b13e76305087,safe,小学館「小学館漫画賞」 mainstream selection + Rakuten Books manga category,https://shogakukan-comic.jp/shogakukan-mangasho-archives,1979,2026-08-22,2026-08-22,No explicit adult/TL marker in matched source or product; Rakuten booksGenreId=001001003009; rakutenProductUrl=https://books.rakuten.co.jp/rb/376883/.
candidate-a86074a0fe7023187fa0,safe,小学館「小学館漫画賞」 mainstream selection + Rakuten Books manga category,https://shogakukan-comic.jp/shogakukan-mangasho-archives,1990,2026-08-22,2026-08-22,No explicit adult/TL marker in matched source or product; Rakuten booksGenreId=001001004006/001001002008; rakutenProductUrl=https://books.rakuten.co.jp/rb/569259/.
candidate-a873bcfd6bb2d1a5a693,safe,マンガ大賞実行委員会 mainstream selection + Rakuten Books manga category,https://www.mangataisho.com/archives/2009.html,2009,2026-08-22,2026-08-22,No explicit adult/TL marker in matched source or product; Rakuten booksGenreId=001001003020; rakutenProductUrl=https://books.rakuten.co.jp/rb/5246298/.
candidate-a88b0770799bfa9159c8,safe,マンガ大賞実行委員会 mainstream selection + Rakuten Books manga category,https://www.mangataisho.com/archives/2009.html,2009,2026-08-22,2026-08-22,No explicit adult/TL marker in matched source or product; Rakuten booksGenreId=001001003015; rakutenProductUrl=https://books.rakuten.co.jp/rb/5719581/.
candidate-a8a810cf55a64514d666,safe,マンガ大賞実行委員会 mainstream selection + Rakuten Books manga category,https://www.mangataisho.com/archives/2013.html,2013,2026-08-22,2026-08-22,No explicit adult/TL marker in matched source or product; Rakuten booksGenreId=001001012; rakutenProductUrl=https://books.rakuten.co.jp/rb/11194618/.
candidate-a8aaeb4f15aad02d9e79,safe,マンガ大賞実行委員会 mainstream selection + Rakuten Books manga category,https://www.mangataisho.com/archives/2008.html,2008,2026-08-22,2026-08-22,No explicit adult/TL marker in matched source or product; Rakuten booksGenreId=001001003005; rakutenProductUrl=https://books.rakuten.co.jp/rb/3617322/.
candidate-a8d81d3c3d25b6b4a8c9,safe,KADOKAWA「次にくるマンガ大賞」 mainstream selection + Rakuten Books manga category,https://tsugimanga.jp/winner/2017/comics,2017-08-23,2026-08-22,2026-08-22,No explicit adult/TL marker in matched source or product; Rakuten booksGenreId=001001003047; rakutenProductUrl=https://books.rakuten.co.jp/rb/13383093/.
candidate-a8e7fda40fe4cfd357cf,safe,KADOKAWA「次にくるマンガ大賞」 mainstream selection + Rakuten Books manga category,https://tsugimanga.jp/winner/2022/comics,2022-08-31,2026-08-22,2026-08-22,No explicit adult/TL marker in matched source or product; Rakuten booksGenreId=001001002025; rakutenProductUrl=https://books.rakuten.co.jp/rb/16532034/.
candidate-a8e87996ef571a3bad4d,safe,マンガ大賞実行委員会 mainstream selection + Rakuten Books manga category,https://www.mangataisho.com/archives/2009.html,2009,2026-08-22,2026-08-22,No explicit adult/TL marker in matched source or product; Rakuten booksGenreId=001001003011; rakutenProductUrl=https://books.rakuten.co.jp/rb/5478096/.
candidate-a960372ed5efa4031896,safe,KADOKAWA「次にくるマンガ大賞」 mainstream selection + Rakuten Books manga category,https://tsugimanga.jp/winner/2025/comics,2025-09-18,2026-08-22,2026-08-22,No explicit adult/TL marker in matched source or product; Rakuten booksGenreId=001001001009; rakutenProductUrl=https://books.rakuten.co.jp/rb/18321508/.
candidate-a96d64f7be96aacf16b3,safe,マンガ大賞実行委員会 mainstream selection + Rakuten Books manga category,https://www.mangataisho.com/archives/2015.html,2015,2026-08-22,2026-08-22,No explicit adult/TL marker in matched source or product; Rakuten booksGenreId=001001003058; rakutenProductUrl=https://books.rakuten.co.jp/rb/12961764/.
candidate-a988c9cf85bf7ea7a957,safe,マンガ大賞実行委員会 mainstream selection + Rakuten Books manga category,https://www.mangataisho.com/archives/2012.html,2012,2026-08-22,2026-08-22,No explicit adult/TL marker in matched source or product; Rakuten booksGenreId=001001012; rakutenProductUrl=https://books.rakuten.co.jp/rb/11421840/.
candidate-a9a854e6a05c6f444428,safe,小学館「小学館漫画賞」 mainstream selection + Rakuten Books manga category,https://shogakukan-comic.jp/shogakukan-mangasho-archives,1995,2026-08-22,2026-08-22,No explicit adult/TL marker in matched source or product; Rakuten booksGenreId=001001002013; rakutenProductUrl=https://books.rakuten.co.jp/rb/742615/.
candidate-aa1653001088732a33e0,safe,マンガ大賞実行委員会 mainstream selection + Rakuten Books manga category,https://www.mangataisho.com/archives/2013.html,2013,2026-08-22,2026-08-22,No explicit adult/TL marker in matched source or product; Rakuten booksGenreId=001001003009; rakutenProductUrl=https://books.rakuten.co.jp/rb/11442199/.
candidate-aa4bc2aeff6c6d0369f4,safe,マンガ大賞実行委員会 mainstream selection + Rakuten Books manga category,https://www.mangataisho.com/archives/2010.html,2010,2026-08-22,2026-08-22,No explicit adult/TL marker in matched source or product; Rakuten booksGenreId=001001001009; rakutenProductUrl=https://books.rakuten.co.jp/rb/5894827/.
candidate-aa6018249b7fe7e92d95,safe,マンガ大賞実行委員会 mainstream selection + Rakuten Books manga category,https://www.mangataisho.com/archives/2008.html,2008,2026-08-22,2026-08-22,No explicit adult/TL marker in matched source or product; Rakuten booksGenreId=001001003044; rakutenProductUrl=https://books.rakuten.co.jp/rb/4358809/.
candidate-aa6d796e2e04a55b94b1,safe,マンガ大賞実行委員会 mainstream selection + Rakuten Books manga category,https://www.mangataisho.com/archives/2008.html,2008,2026-08-22,2026-08-22,No explicit adult/TL marker in matched source or product; Rakuten booksGenreId=001001003049/001001003017; rakutenProductUrl=https://books.rakuten.co.jp/rb/3701296/.
candidate-aa85b65d02f367e76a07,safe,KADOKAWA「次にくるマンガ大賞」 mainstream selection + Rakuten Books manga category,https://tsugimanga.jp/nominate/comics,2026-06-26,2026-08-22,2026-08-22,No explicit adult/TL marker in matched source or product; Rakuten booksGenreId=001001003015; rakutenProductUrl=https://books.rakuten.co.jp/rb/18217869/.
candidate-aaff4781a48734c79cdb,safe,マンガ大賞実行委員会 mainstream selection + Rakuten Books manga category,https://www.mangataisho.com/archives/2009.html,2009,2026-08-22,2026-08-22,No explicit adult/TL marker in matched source or product; Rakuten booksGenreId=001001012; rakutenProductUrl=https://books.rakuten.co.jp/rb/5834647/.
candidate-ab1258948eec0e70b1ca,safe,KADOKAWA「次にくるマンガ大賞」 mainstream selection + Rakuten Books manga category,https://tsugimanga.jp/winner/2021/comics,2021-08-24,2026-08-22,2026-08-22,No explicit adult/TL marker in matched source or product; Rakuten booksGenreId=001001003053/001001003035; rakutenProductUrl=https://books.rakuten.co.jp/rb/16630808/.
candidate-ab3d5b23fb97624a6aa4,safe,マンガ大賞実行委員会 mainstream selection + Rakuten Books manga category,https://www.mangataisho.com/archives/2008.html,2008,2026-08-22,2026-08-22,No explicit adult/TL marker in matched source or product; Rakuten booksGenreId=001001003008; rakutenProductUrl=https://books.rakuten.co.jp/rb/3598040/.
candidate-ab44ee168274f2a74ed1,safe,マンガ大賞実行委員会 mainstream selection + Rakuten Books manga category,https://www.mangataisho.com/archives/2014.html,2014,2026-08-22,2026-08-22,No explicit adult/TL marker in matched source or product; Rakuten booksGenreId=001001003004; rakutenProductUrl=https://books.rakuten.co.jp/rb/12443111/.
candidate-ab51f5d655622c574dce,safe,KADOKAWA「次にくるマンガ大賞」 mainstream selection + Rakuten Books manga category,https://tsugimanga.jp/winner/2018/comics,2018-08-23,2026-08-22,2026-08-22,No explicit adult/TL marker in matched source or product; Rakuten booksGenreId=001001003046; rakutenProductUrl=https://books.rakuten.co.jp/rb/15214584/.
candidate-ab586cc8c5de02fad336,safe,KADOKAWA「次にくるマンガ大賞」 mainstream selection + Rakuten Books manga category,https://tsugimanga.jp/winner/2021/comics,2021-08-24,2026-08-22,2026-08-22,No explicit adult/TL marker in matched source or product; Rakuten booksGenreId=001001001009; rakutenProductUrl=https://books.rakuten.co.jp/rb/16369629/.
candidate-ab9331f7fed1990f7dc6,safe,マンガ大賞実行委員会 mainstream selection + Rakuten Books manga category,https://www.mangataisho.com/archives/2012.html,2012,2026-08-22,2026-08-22,No explicit adult/TL marker in matched source or product; Rakuten booksGenreId=001001002011; rakutenProductUrl=https://books.rakuten.co.jp/rb/11155006/.
candidate-ab95f4d4997113e0687a,safe,マンガ大賞実行委員会 mainstream selection + Rakuten Books manga category,https://www.mangataisho.com/archives/2013.html,2013,2026-08-22,2026-08-22,No explicit adult/TL marker in matched source or product; Rakuten booksGenreId=001001003050/001001001002; rakutenProductUrl=https://books.rakuten.co.jp/rb/11604240/.
candidate-abec8267e69f1b6e819e,safe,マンガ大賞実行委員会 mainstream selection + Rakuten Books manga category,https://www.mangataisho.com/archives/2013.html,2013,2026-08-22,2026-08-22,No explicit adult/TL marker in matched source or product; Rakuten booksGenreId=001001002009; rakutenProductUrl=https://books.rakuten.co.jp/rb/11229587/.
candidate-ac251a545ef997db9598,safe,小学館「小学館漫画賞」 mainstream selection + Rakuten Books manga category,https://shogakukan-comic.jp/shogakukan-mangasho-archives,2002,2026-08-22,2026-08-22,No explicit adult/TL marker in matched source or product; Rakuten booksGenreId=001001001014; rakutenProductUrl=https://books.rakuten.co.jp/rb/1369334/.
candidate-ac3ab83f61ea39ac15da,safe,マンガ大賞実行委員会 mainstream selection + Rakuten Books manga category,https://www.mangataisho.com/archives/2013.html,2013,2026-08-22,2026-08-22,No explicit adult/TL marker in matched source or product; Rakuten booksGenreId=001001012; rakutenProductUrl=https://books.rakuten.co.jp/rb/12086443/.
candidate-ac4059b89f3366ca7a17,safe,KADOKAWA「次にくるマンガ大賞」 mainstream selection + Rakuten Books manga category,https://tsugimanga.jp/winner/2023/comics,2023-08-31,2026-08-22,2026-08-22,No explicit adult/TL marker in matched source or product; Rakuten booksGenreId=001001003004; rakutenProductUrl=https://books.rakuten.co.jp/rb/17332315/.
candidate-acaaea5cc496f6c6124a,safe,マンガ大賞実行委員会 mainstream selection + Rakuten Books manga category,https://www.mangataisho.com/archives/2014.html,2014,2026-08-22,2026-08-22,No explicit adult/TL marker in matched source or product; Rakuten booksGenreId=001001001006; rakutenProductUrl=https://books.rakuten.co.jp/rb/12504285/.
candidate-acd21b368e5f8056c433,safe,日本出版販売「全国書店員が選んだおすすめコミック」 mainstream selection + Rakuten Books manga category,https://www.honyaclub.com/shop/pages/osusumecomic2016.aspx?affiliate=osusumec16,2016,2026-08-22,2026-08-22,No explicit adult/TL marker in matched source or product; Rakuten booksGenreId=001001001006; rakutenProductUrl=https://books.rakuten.co.jp/rb/13042887/.
candidate-acf8f385f6db7ee0548f,safe,KADOKAWA「次にくるマンガ大賞」 mainstream selection + Rakuten Books manga category,https://tsugimanga.jp/winner/2024/comics,2024-08-28,2026-08-22,2026-08-22,No explicit adult/TL marker in matched source or product; Rakuten booksGenreId=001001003005; rakutenProductUrl=https://books.rakuten.co.jp/rb/17793475/.
candidate-ad2b80b81b7bc9b602a3,safe,小学館「小学館漫画賞」 mainstream selection + Rakuten Books manga category,https://shogakukan-comic.jp/shogakukan-mangasho-archives,1989,2026-08-22,2026-08-22,No explicit adult/TL marker in matched source or product; Rakuten booksGenreId=001001004004; rakutenProductUrl=https://books.rakuten.co.jp/rb/1001867/.
candidate-ad32c71b07fd13c65a79,safe,KADOKAWA「次にくるマンガ大賞」 mainstream selection + Rakuten Books manga category,https://tsugimanga.jp/winner/2021/comics,2021-08-24,2026-08-22,2026-08-22,No explicit adult/TL marker in matched source or product; Rakuten booksGenreId=001001002025; rakutenProductUrl=https://books.rakuten.co.jp/rb/16495318/.
candidate-ad38d82ea223f178fc45,safe,マンガ大賞実行委員会 mainstream selection + Rakuten Books manga category,https://www.mangataisho.com/archives/2008.html,2008,2026-08-22,2026-08-22,No explicit adult/TL marker in matched source or product; Rakuten booksGenreId=001001003020; rakutenProductUrl=https://books.rakuten.co.jp/rb/4290654/.
candidate-ad594a078835b140605a,safe,KADOKAWA「次にくるマンガ大賞」 mainstream selection + Rakuten Books manga category,https://tsugimanga.jp/winner/2018/comics,2018-08-23,2026-08-22,2026-08-22,No explicit adult/TL marker in matched source or product; Rakuten booksGenreId=001001001008; rakutenProductUrl=https://books.rakuten.co.jp/rb/15510301/.
candidate-ad5f86af594b6869b3c4,safe,マンガ大賞実行委員会 mainstream selection + Rakuten Books manga category,https://www.mangataisho.com/archives/2008.html,2008,2026-08-22,2026-08-22,No explicit adult/TL marker in matched source or product; Rakuten booksGenreId=001001003025; rakutenProductUrl=https://books.rakuten.co.jp/rb/3716364/.
candidate-ad6f59e1673b2aecf05d,safe,マンガ大賞実行委員会 mainstream selection + Rakuten Books manga category,https://www.mangataisho.com/archives/2011.html,2011,2026-08-22,2026-08-22,No explicit adult/TL marker in matched source or product; Rakuten booksGenreId=001001003023; rakutenProductUrl=https://books.rakuten.co.jp/rb/6516591/.
candidate-ad79d2d5274424ff238a,safe,KADOKAWA「次にくるマンガ大賞」 mainstream selection + Rakuten Books manga category,https://tsugimanga.jp/winner/2015/comics,2015-02-06,2026-08-22,2026-08-22,No explicit adult/TL marker in matched source or product; Rakuten booksGenreId=001001003026; rakutenProductUrl=https://books.rakuten.co.jp/rb/12765176/.
candidate-ada7dc2c1ce53daf775f,safe,マンガ大賞実行委員会 mainstream selection + Rakuten Books manga category,https://www.mangataisho.com/archives/2008.html,2008,2026-08-22,2026-08-22,No explicit adult/TL marker in matched source or product; Rakuten booksGenreId=001001003015; rakutenProductUrl=https://books.rakuten.co.jp/rb/1723322/.
candidate-add0fc783fd6e097741a,safe,マンガ大賞実行委員会 mainstream selection + Rakuten Books manga category,https://www.mangataisho.com/archives/2014.html,2014,2026-08-22,2026-08-22,No explicit adult/TL marker in matched source or product; Rakuten booksGenreId=001001003009; rakutenProductUrl=https://books.rakuten.co.jp/rb/12458399/.
candidate-add65891576ac41cfa2e,safe,KADOKAWA「次にくるマンガ大賞」 mainstream selection + Rakuten Books manga category,https://tsugimanga.jp/winner/2020/comics,2020-08-19,2026-08-22,2026-08-22,No explicit adult/TL marker in matched source or product; Rakuten booksGenreId=001001012; rakutenProductUrl=https://books.rakuten.co.jp/rb/16098650/.
candidate-ae029e2e5a24c1b73ead,safe,マンガ大賞実行委員会 mainstream selection + Rakuten Books manga category,https://www.mangataisho.com/archives/2011.html,2011,2026-08-22,2026-08-22,No explicit adult/TL marker in matched source or product; Rakuten booksGenreId=001001001001; rakutenProductUrl=https://books.rakuten.co.jp/rb/5402173/.
candidate-ae0ac8a5acfc5fbb7dd6,safe,KADOKAWA「次にくるマンガ大賞」 mainstream selection + Rakuten Books manga category,https://tsugimanga.jp/winner/2018/comics,2018-08-23,2026-08-22,2026-08-22,No explicit adult/TL marker in matched source or product; Rakuten booksGenreId=001001003052; rakutenProductUrl=https://books.rakuten.co.jp/rb/15439988/.
candidate-ae5b065450bddde322db,safe,マンガ大賞実行委員会 mainstream selection + Rakuten Books manga category,https://www.mangataisho.com/archives/2009.html,2009,2026-08-22,2026-08-22,No explicit adult/TL marker in matched source or product; Rakuten booksGenreId=001001004001; rakutenProductUrl=https://books.rakuten.co.jp/rb/5613531/.
candidate-ae64a3beb094a9a39208,safe,KADOKAWA「次にくるマンガ大賞」 mainstream selection + Rakuten Books manga category,https://tsugimanga.jp/winner/2020/comics,2020-08-19,2026-08-22,2026-08-22,No explicit adult/TL marker in matched source or product; Rakuten booksGenreId=001001001008; rakutenProductUrl=https://books.rakuten.co.jp/rb/16171894/.
candidate-ae9ec8e0da7f3c8fa3c9,safe,宝島社「このマンガがすごい！」編集部 mainstream selection + Rakuten Books manga category,https://sugoiweb.jp/column/4815/,2021-12-07,2026-08-22,2026-08-22,No explicit adult/TL marker in matched source or product; Rakuten booksGenreId=001001003015; rakutenProductUrl=https://books.rakuten.co.jp/rb/16495136/.
candidate-aea730e4f15b395ca222,safe,KADOKAWA「次にくるマンガ大賞」 mainstream selection + Rakuten Books manga category,https://tsugimanga.jp/winner/2016/comics,2016-02-04,2026-08-22,2026-08-22,No explicit adult/TL marker in matched source or product; Rakuten booksGenreId=001001003005; rakutenProductUrl=https://books.rakuten.co.jp/rb/13062647/.
candidate-aea8c87edc086fa7ea0e,safe,KADOKAWA「次にくるマンガ大賞」 mainstream selection + Rakuten Books manga category,https://tsugimanga.jp/winner/2018/comics,2018-08-23,2026-08-22,2026-08-22,No explicit adult/TL marker in matched source or product; Rakuten booksGenreId=001001003003; rakutenProductUrl=https://books.rakuten.co.jp/rb/15222370/.
candidate-aefa7ad21c5edcb200f2,safe,マンガ大賞実行委員会 mainstream selection + Rakuten Books manga category,https://www.mangataisho.com/archives/2015.html,2015,2026-08-22,2026-08-22,No explicit adult/TL marker in matched source or product; Rakuten booksGenreId=001001003037/001008005004; rakutenProductUrl=https://books.rakuten.co.jp/rb/12764748/.
candidate-af3443bab1c30d470a76,safe,マンガ大賞実行委員会 mainstream selection + Rakuten Books manga category,https://www.mangataisho.com/archives/2014.html,2014,2026-08-22,2026-08-22,No explicit adult/TL marker in matched source or product; Rakuten booksGenreId=001001003023; rakutenProductUrl=https://books.rakuten.co.jp/rb/12127522/.
candidate-af747063a237abf9dfc6,safe,マンガ大賞実行委員会 mainstream selection + Rakuten Books manga category,https://www.mangataisho.com/archives/2011.html,2011,2026-08-22,2026-08-22,No explicit adult/TL marker in matched source or product; Rakuten booksGenreId=001001003023; rakutenProductUrl=https://books.rakuten.co.jp/rb/6737004/.
candidate-af98ab87f1e846c26e1a,safe,マンガ大賞実行委員会 mainstream selection + Rakuten Books manga category,https://www.mangataisho.com/archives/2013.html,2013,2026-08-22,2026-08-22,No explicit adult/TL marker in matched source or product; Rakuten booksGenreId=001001012; rakutenProductUrl=https://books.rakuten.co.jp/rb/12086117/.
candidate-afae32577b86c1197811,safe,KADOKAWA「次にくるマンガ大賞」 mainstream selection + Rakuten Books manga category,https://tsugimanga.jp/winner/2019/comics,2019-08-22,2026-08-22,2026-08-22,No explicit adult/TL marker in matched source or product; Rakuten booksGenreId=001001003058; rakutenProductUrl=https://books.rakuten.co.jp/rb/14895556/.
candidate-afe85672c12153071644,safe,KADOKAWA「次にくるマンガ大賞」 mainstream selection + Rakuten Books manga category,https://tsugimanga.jp/winner/2017/comics,2017-08-23,2026-08-22,2026-08-22,No explicit adult/TL marker in matched source or product; Rakuten booksGenreId=001001012; rakutenProductUrl=https://books.rakuten.co.jp/rb/14394297/.
candidate-b016fb45e3491836d5ce,safe,小学館「小学館漫画賞」 mainstream selection + Rakuten Books manga category,https://shogakukan-comic.jp/shogakukan-mangasho-archives,1987,2026-08-22,2026-08-22,No explicit adult/TL marker in matched source or product; Rakuten booksGenreId=001001003008; rakutenProductUrl=https://books.rakuten.co.jp/rb/365922/.
candidate-b030f64d25c6108129bb,safe,KADOKAWA「次にくるマンガ大賞」 mainstream selection + Rakuten Books manga category,https://tsugimanga.jp/winner/2018/comics,2018-08-23,2026-08-22,2026-08-22,No explicit adult/TL marker in matched source or product; Rakuten booksGenreId=001001001006; rakutenProductUrl=https://books.rakuten.co.jp/rb/15116283/.
candidate-b0393a3f0573bf223d68,safe,マンガ大賞実行委員会 mainstream selection + Rakuten Books manga category,https://www.mangataisho.com/archives/2012.html,2012,2026-08-22,2026-08-22,No explicit adult/TL marker in matched source or product; Rakuten booksGenreId=001001003003; rakutenProductUrl=https://books.rakuten.co.jp/rb/6737046/.
candidate-b03c7f59e96d7019f84b,safe,マンガ大賞実行委員会 mainstream selection + Rakuten Books manga category,https://www.mangataisho.com/archives/2008.html,2008,2026-08-22,2026-08-22,No explicit adult/TL marker in matched source or product; Rakuten booksGenreId=001001003005; rakutenProductUrl=https://books.rakuten.co.jp/rb/4173076/.
candidate-b0baba6c795643b1db91,safe,KADOKAWA「次にくるマンガ大賞」 mainstream selection + Rakuten Books manga category,https://tsugimanga.jp/winner/2016/comics,2016-02-04,2026-08-22,2026-08-22,No explicit adult/TL marker in matched source or product; Rakuten booksGenreId=001001002006; rakutenProductUrl=https://books.rakuten.co.jp/rb/13265553/.
candidate-b0d9262b5faec57443d3,safe,マンガ大賞実行委員会 mainstream selection + Rakuten Books manga category,https://www.mangataisho.com/archives/2015.html,2015,2026-08-22,2026-08-22,No explicit adult/TL marker in matched source or product; Rakuten booksGenreId=001001003053/001001003035; rakutenProductUrl=https://books.rakuten.co.jp/rb/11509674/.
candidate-b10c683e9192b2713267,safe,マンガ大賞実行委員会 mainstream selection + Rakuten Books manga category,https://www.mangataisho.com/archives/2010.html,2010,2026-08-22,2026-08-22,No explicit adult/TL marker in matched source or product; Rakuten booksGenreId=001001003023; rakutenProductUrl=https://books.rakuten.co.jp/rb/6219403/.
candidate-b1517b435e9cba65ed3a,safe,KADOKAWA「次にくるマンガ大賞」 mainstream selection + Rakuten Books manga category,https://tsugimanga.jp/winner/2024/comics,2024-08-28,2026-08-22,2026-08-22,No explicit adult/TL marker in matched source or product; Rakuten booksGenreId=001001003029; rakutenProductUrl=https://books.rakuten.co.jp/rb/17122288/.
candidate-b2b928add359bc4daf20,safe,マンガ大賞実行委員会 mainstream selection + Rakuten Books manga category,https://www.mangataisho.com/archives/2015.html,2015,2026-08-22,2026-08-22,No explicit adult/TL marker in matched source or product; Rakuten booksGenreId=001001003026; rakutenProductUrl=https://books.rakuten.co.jp/rb/12690053/.
candidate-b2bde60c1336c7827528,safe,マンガ大賞実行委員会 mainstream selection + Rakuten Books manga category,https://www.mangataisho.com/archives/2008.html,2008,2026-08-22,2026-08-22,No explicit adult/TL marker in matched source or product; Rakuten booksGenreId=001001003049/001001003017; rakutenProductUrl=https://books.rakuten.co.jp/rb/1704177/.
candidate-b2be97620643b3342637,safe,マンガ大賞実行委員会 mainstream selection + Rakuten Books manga category,https://www.mangataisho.com/archives/2009.html,2009,2026-08-22,2026-08-22,No explicit adult/TL marker in matched source or product; Rakuten booksGenreId=001001003008; rakutenProductUrl=https://books.rakuten.co.jp/rb/5247037/.
candidate-b2c37bdb52e2a78dfd41,safe,宝島社「このマンガがすごい！」編集部 mainstream selection + Rakuten Books manga category,https://sugoiweb.jp/column/4772/,2022-12-12,2026-08-22,2026-08-22,No explicit adult/TL marker in matched source or product; Rakuten booksGenreId=001001012; rakutenProductUrl=https://books.rakuten.co.jp/rb/17177295/.
candidate-b2e1ad54e15dd95a1f6e,safe,マンガ大賞実行委員会 mainstream selection + Rakuten Books manga category,https://www.mangataisho.com/archives/2010.html,2010,2026-08-22,2026-08-22,No explicit adult/TL marker in matched source or product; Rakuten booksGenreId=001001012; rakutenProductUrl=https://books.rakuten.co.jp/rb/4348855/.
candidate-b3038bdbf0c923d2df63,safe,KADOKAWA「次にくるマンガ大賞」 mainstream selection + Rakuten Books manga category,https://tsugimanga.jp/winner/2017/comics,2017-08-23,2026-08-22,2026-08-22,No explicit adult/TL marker in matched source or product; Rakuten booksGenreId=001001012; rakutenProductUrl=https://books.rakuten.co.jp/rb/13593250/.
candidate-b30deb01be407f4874d5,safe,マンガ大賞実行委員会 mainstream selection + Rakuten Books manga category,https://www.mangataisho.com/archives/2015.html,2015,2026-08-22,2026-08-22,No explicit adult/TL marker in matched source or product; Rakuten booksGenreId=001001003022; rakutenProductUrl=https://books.rakuten.co.jp/rb/12961540/.
candidate-b34f17cb8b7a2c8347ae,safe,マンガ大賞実行委員会 mainstream selection + Rakuten Books manga category,https://www.mangataisho.com/archives/2012.html,2012,2026-08-22,2026-08-22,No explicit adult/TL marker in matched source or product; Rakuten booksGenreId=001001003004; rakutenProductUrl=https://books.rakuten.co.jp/rb/12166147/.
candidate-b36492e3489351868c3a,safe,マンガ大賞実行委員会 mainstream selection + Rakuten Books manga category,https://www.mangataisho.com/archives/2013.html,2013,2026-08-22,2026-08-22,No explicit adult/TL marker in matched source or product; Rakuten booksGenreId=001001012; rakutenProductUrl=https://books.rakuten.co.jp/rb/11914060/.
candidate-b3ea582f72fd539f881c,safe,KADOKAWA「次にくるマンガ大賞」 mainstream selection + Rakuten Books manga category,https://tsugimanga.jp/winner/2025/comics,2025-09-18,2026-08-22,2026-08-22,No explicit adult/TL marker in matched source or product; Rakuten booksGenreId=001001003009; rakutenProductUrl=https://books.rakuten.co.jp/rb/17926261/.
candidate-b403d2f9699b4f8dd110,safe,マンガ大賞実行委員会 mainstream selection + Rakuten Books manga category,https://www.mangataisho.com/archives/2012.html,2012,2026-08-22,2026-08-22,No explicit adult/TL marker in matched source or product; Rakuten booksGenreId=001001003004; rakutenProductUrl=https://books.rakuten.co.jp/rb/11128696/.
candidate-b4284a6ef960f906d31e,safe,マンガ大賞実行委員会 mainstream selection + Rakuten Books manga category,https://www.mangataisho.com/archives/2010.html,2010,2026-08-22,2026-08-22,No explicit adult/TL marker in matched source or product; Rakuten booksGenreId=001001003015; rakutenProductUrl=https://books.rakuten.co.jp/rb/6136095/.
candidate-b42c82a6d81e74f36393,safe,マンガ大賞実行委員会 mainstream selection + Rakuten Books manga category,https://www.mangataisho.com/archives/2008.html,2008,2026-08-22,2026-08-22,No explicit adult/TL marker in matched source or product; Rakuten booksGenreId=001001003044; rakutenProductUrl=https://books.rakuten.co.jp/rb/5033771/.
candidate-b43179510f04ed7ad247,safe,マンガ大賞実行委員会 mainstream selection + Rakuten Books manga category,https://www.mangataisho.com/archives/2008.html,2008,2026-08-22,2026-08-22,No explicit adult/TL marker in matched source or product; Rakuten booksGenreId=001001003041; rakutenProductUrl=https://books.rakuten.co.jp/rb/1686961/.
candidate-b4959f8ba3d80eab7fdc,safe,KADOKAWA「次にくるマンガ大賞」 mainstream selection + Rakuten Books manga category,https://tsugimanga.jp/winner/2023/comics,2023-08-31,2026-08-22,2026-08-22,No explicit adult/TL marker in matched source or product; Rakuten booksGenreId=001001001008; rakutenProductUrl=https://books.rakuten.co.jp/rb/17435896/.
candidate-b4b21d2ebe5b8efc84ea,safe,小学館「小学館漫画賞」 mainstream selection + Rakuten Books manga category,https://shogakukan-comic.jp/shogakukan-mangasho-archives,2003,2026-08-22,2026-08-22,No explicit adult/TL marker in matched source or product; Rakuten booksGenreId=001001003008; rakutenProductUrl=https://books.rakuten.co.jp/rb/1202503/.
candidate-b4ba31a2137661c5d9b7,safe,KADOKAWA「次にくるマンガ大賞」 mainstream selection + Rakuten Books manga category,https://tsugimanga.jp/winner/2024/comics,2024-08-28,2026-08-22,2026-08-22,No explicit adult/TL marker in matched source or product; Rakuten booksGenreId=001001012; rakutenProductUrl=https://books.rakuten.co.jp/rb/17158540/.
candidate-b50b131e3e2bd7448d96,safe,KADOKAWA「次にくるマンガ大賞」 mainstream selection + Rakuten Books manga category,https://tsugimanga.jp/winner/2020/comics,2020-08-19,2026-08-22,2026-08-22,No explicit adult/TL marker in matched source or product; Rakuten booksGenreId=001001003048; rakutenProductUrl=https://books.rakuten.co.jp/rb/15620872/.
candidate-b5a9398b10375ab5e34a,safe,マンガ大賞実行委員会 mainstream selection + Rakuten Books manga category,https://www.mangataisho.com/archives/2012.html,2012,2026-08-22,2026-08-22,No explicit adult/TL marker in matched source or product; Rakuten booksGenreId=001001003053/001001003035; rakutenProductUrl=https://books.rakuten.co.jp/rb/11322386/.
candidate-b5c4007fad3d7bbd88e6,safe,KADOKAWA「次にくるマンガ大賞」 mainstream selection + Rakuten Books manga category,https://tsugimanga.jp/winner/2015/comics,2015-02-06,2026-08-22,2026-08-22,No explicit adult/TL marker in matched source or product; Rakuten booksGenreId=001001003005; rakutenProductUrl=https://books.rakuten.co.jp/rb/12432317/.
candidate-b61c060ab91f78b31b2b,safe,マンガ大賞実行委員会 mainstream selection + Rakuten Books manga category,https://www.mangataisho.com/archives/2008.html,2008,2026-08-22,2026-08-22,No explicit adult/TL marker in matched source or product; Rakuten booksGenreId=001001003046; rakutenProductUrl=https://books.rakuten.co.jp/rb/12910305/.
candidate-b65fc340da602aa6a002,safe,マンガ大賞実行委員会 mainstream selection + Rakuten Books manga category,https://www.mangataisho.com/archives/2015.html,2015,2026-08-22,2026-08-22,No explicit adult/TL marker in matched source or product; Rakuten booksGenreId=001001003026; rakutenProductUrl=https://books.rakuten.co.jp/rb/12663115/.
candidate-b6650814d94e1cfd8df0,safe,マンガ大賞実行委員会 mainstream selection + Rakuten Books manga category,https://www.mangataisho.com/archives/2012.html,2012,2026-08-22,2026-08-22,No explicit adult/TL marker in matched source or product; Rakuten booksGenreId=001001003035; rakutenProductUrl=https://books.rakuten.co.jp/rb/7000662/.
candidate-b6b8409e88b672767bf5,safe,小学館「小学館漫画賞」 mainstream selection + Rakuten Books manga category,https://shogakukan-comic.jp/shogakukan-mangasho-archives,1983,2026-08-22,2026-08-22,No explicit adult/TL marker in matched source or product; Rakuten booksGenreId=001001001014; rakutenProductUrl=https://books.rakuten.co.jp/rb/365836/.
candidate-b6e5ab291c28e2a29076,safe,マンガ大賞実行委員会 mainstream selection + Rakuten Books manga category,https://www.mangataisho.com/archives/2010.html,2010,2026-08-22,2026-08-22,No explicit adult/TL marker in matched source or product; Rakuten booksGenreId=001001003004; rakutenProductUrl=https://books.rakuten.co.jp/rb/5790478/.
candidate-b708734262fb9b67f948,safe,マンガ大賞実行委員会 mainstream selection + Rakuten Books manga category,https://www.mangataisho.com/archives/2010.html,2010,2026-08-22,2026-08-22,No explicit adult/TL marker in matched source or product; Rakuten booksGenreId=001001003004; rakutenProductUrl=https://books.rakuten.co.jp/rb/6136115/.
candidate-b73dec44c4920042dcae,safe,小学館「小学館漫画賞」 mainstream selection + Rakuten Books manga category,https://shogakukan-comic.jp/shogakukan-mangasho-archives,1988,2026-08-22,2026-08-22,No explicit adult/TL marker in matched source or product; Rakuten booksGenreId=001001001009; rakutenProductUrl=https://books.rakuten.co.jp/rb/741486/.
candidate-b7a1b40d29931c830f36,safe,マンガ大賞実行委員会 mainstream selection + Rakuten Books manga category,https://www.mangataisho.com/archives/2011.html,2011,2026-08-22,2026-08-22,No explicit adult/TL marker in matched source or product; Rakuten booksGenreId=001001003035; rakutenProductUrl=https://books.rakuten.co.jp/rb/6207411/.
candidate-b7a7f8c204d15a5c0543,safe,小学館「小学館漫画賞」 mainstream selection + Rakuten Books manga category,https://shogakukan-comic.jp/shogakukan-mangasho-archives,1984,2026-08-22,2026-08-22,No explicit adult/TL marker in matched source or product; Rakuten booksGenreId=001001012; rakutenProductUrl=https://books.rakuten.co.jp/rb/1544658/.
candidate-b8092c99183fc1709aa5,safe,マンガ大賞実行委員会 mainstream selection + Rakuten Books manga category,https://www.mangataisho.com/archives/2014.html,2014,2026-08-22,2026-08-22,No explicit adult/TL marker in matched source or product; Rakuten booksGenreId=001001012; rakutenProductUrl=https://books.rakuten.co.jp/rb/12345992/.
candidate-b82f0f93fdd068ab5ade,safe,マンガ大賞実行委員会 mainstream selection + Rakuten Books manga category,https://www.mangataisho.com/archives/2014.html,2014,2026-08-22,2026-08-22,No explicit adult/TL marker in matched source or product; Rakuten booksGenreId=001001003001; rakutenProductUrl=https://books.rakuten.co.jp/rb/12235414/.
candidate-b837e5e17b849ba1f16c,safe,マンガ大賞実行委員会 mainstream selection + Rakuten Books manga category,https://www.mangataisho.com/archives/2013.html,2013,2026-08-22,2026-08-22,No explicit adult/TL marker in matched source or product; Rakuten booksGenreId=001001003026; rakutenProductUrl=https://books.rakuten.co.jp/rb/11604182/.
candidate-b870bc0a8766298e959d,safe,マンガ大賞実行委員会 mainstream selection + Rakuten Books manga category,https://www.mangataisho.com/archives/2010.html,2010,2026-08-22,2026-08-22,No explicit adult/TL marker in matched source or product; Rakuten booksGenreId=001001012; rakutenProductUrl=https://books.rakuten.co.jp/rb/5955359/.
candidate-b878ac041b9c56fdedee,safe,マンガ大賞実行委員会 mainstream selection + Rakuten Books manga category,https://www.mangataisho.com/archives/2013.html,2013,2026-08-22,2026-08-22,No explicit adult/TL marker in matched source or product; Rakuten booksGenreId=001001012; rakutenProductUrl=https://books.rakuten.co.jp/rb/11658896/.
candidate-b8e8677c1cf0600ba9ae,safe,マンガ大賞実行委員会 mainstream selection + Rakuten Books manga category,https://www.mangataisho.com/archives/2015.html,2015,2026-08-22,2026-08-22,No explicit adult/TL marker in matched source or product; Rakuten booksGenreId=001001002006; rakutenProductUrl=https://books.rakuten.co.jp/rb/12417176/.
candidate-b8f6b96bf69d3054f73d,safe,小学館「小学館漫画賞」 mainstream selection + Rakuten Books manga category,https://shogakukan-comic.jp/shogakukan-mangasho-archives,2019,2026-08-22,2026-08-22,No explicit adult/TL marker in matched source or product; Rakuten booksGenreId=001001001014; rakutenProductUrl=https://books.rakuten.co.jp/rb/480813/.
candidate-b96bf77bd21ed120dbb9,safe,マンガ大賞実行委員会 mainstream selection + Rakuten Books manga category,https://www.mangataisho.com/archives/2009.html,2009,2026-08-22,2026-08-22,No explicit adult/TL marker in matched source or product; Rakuten booksGenreId=001001002014; rakutenProductUrl=https://books.rakuten.co.jp/rb/5797601/.
candidate-b96dd032786014446952,safe,KADOKAWA「次にくるマンガ大賞」 mainstream selection + Rakuten Books manga category,https://tsugimanga.jp/winner/2018/comics,2018-08-23,2026-08-22,2026-08-22,No explicit adult/TL marker in matched source or product; Rakuten booksGenreId=001001001006; rakutenProductUrl=https://books.rakuten.co.jp/rb/15039694/.
candidate-b96ddda6b8c1e557a1aa,safe,KADOKAWA「次にくるマンガ大賞」 mainstream selection + Rakuten Books manga category,https://tsugimanga.jp/winner/2017/comics,2017-08-23,2026-08-22,2026-08-22,No explicit adult/TL marker in matched source or product; Rakuten booksGenreId=001001001001; rakutenProductUrl=https://books.rakuten.co.jp/rb/13854710/.
candidate-b986b14ce64ba5081a4c,safe,マンガ大賞実行委員会 mainstream selection + Rakuten Books manga category,https://www.mangataisho.com/archives/2019.html,2019,2026-08-22,2026-08-22,No explicit adult/TL marker in matched source or product; Rakuten booksGenreId=001001003004; rakutenProductUrl=https://books.rakuten.co.jp/rb/14895307/.
candidate-b9b5c17e13ccb24f624c,safe,日本出版販売「全国書店員が選んだおすすめコミック」 mainstream selection + Rakuten Books manga category,https://hon-hikidashi.jp/news/107527/,2026,2026-08-22,2026-08-22,No explicit adult/TL marker in matched source or product; Rakuten booksGenreId=001001001006; rakutenProductUrl=https://books.rakuten.co.jp/rb/18275119/.
candidate-b9d10a19087fe9608c87,safe,小学館「小学館漫画賞」 mainstream selection + Rakuten Books manga category,https://shogakukan-comic.jp/shogakukan-mangasho-archives,1992,2026-08-22,2026-08-22,No explicit adult/TL marker in matched source or product; Rakuten booksGenreId=001001003009; rakutenProductUrl=https://books.rakuten.co.jp/rb/485366/.
candidate-ba0f61184218109003a3,safe,KADOKAWA「次にくるマンガ大賞」 mainstream selection + Rakuten Books manga category,https://tsugimanga.jp/winner/2018/comics,2018-08-23,2026-08-22,2026-08-22,No explicit adult/TL marker in matched source or product; Rakuten booksGenreId=001001012/001001003010; rakutenProductUrl=https://books.rakuten.co.jp/rb/14892562/.
candidate-ba25b1e7c446ec3c01b7,safe,KADOKAWA「次にくるマンガ大賞」 mainstream selection + Rakuten Books manga category,https://tsugimanga.jp/nominate/comics,2026-06-26,2026-08-22,2026-08-22,No explicit adult/TL marker in matched source or product; Rakuten booksGenreId=001001003005; rakutenProductUrl=https://books.rakuten.co.jp/rb/18543439/.
candidate-ba268cddc64ed3a4cf32,safe,KADOKAWA「次にくるマンガ大賞」 mainstream selection + Rakuten Books manga category,https://tsugimanga.jp/winner/2019/comics,2019-08-22,2026-08-22,2026-08-22,No explicit adult/TL marker in matched source or product; Rakuten booksGenreId=001001003003; rakutenProductUrl=https://books.rakuten.co.jp/rb/15856367/.
candidate-ba9a377f97f53eb2a746,safe,マンガ大賞実行委員会 mainstream selection + Rakuten Books manga category,https://www.mangataisho.com/archives/2009.html,2009,2026-08-22,2026-08-22,No explicit adult/TL marker in matched source or product; Rakuten booksGenreId=001001002009; rakutenProductUrl=https://books.rakuten.co.jp/rb/4084471/.
candidate-bab766aa49cd922c0b11,safe,マンガ大賞実行委員会 mainstream selection + Rakuten Books manga category,https://www.mangataisho.com/archives/2012.html,2012,2026-08-22,2026-08-22,No explicit adult/TL marker in matched source or product; Rakuten booksGenreId=001001002024; rakutenProductUrl=https://books.rakuten.co.jp/rb/11322283/.
candidate-babec3af85aa4c567660,safe,KADOKAWA「次にくるマンガ大賞」 mainstream selection + Rakuten Books manga category,https://tsugimanga.jp/winner/2015/comics,2015-02-06,2026-08-22,2026-08-22,No explicit adult/TL marker in matched source or product; Rakuten booksGenreId=001001001006; rakutenProductUrl=https://books.rakuten.co.jp/rb/12549922/.
candidate-bad930ace10caa55d7e2,safe,マンガ大賞実行委員会 mainstream selection + Rakuten Books manga category,https://www.mangataisho.com/archives/2013.html,2013,2026-08-22,2026-08-22,No explicit adult/TL marker in matched source or product; Rakuten booksGenreId=001001001008; rakutenProductUrl=https://books.rakuten.co.jp/rb/11941877/.
candidate-baf3c9c7f657242aa194,safe,KADOKAWA「次にくるマンガ大賞」 mainstream selection + Rakuten Books manga category,https://tsugimanga.jp/winner/2017/comics,2017-08-23,2026-08-22,2026-08-22,No explicit adult/TL marker in matched source or product; Rakuten booksGenreId=001001001008; rakutenProductUrl=https://books.rakuten.co.jp/rb/14637793/.
candidate-bb654a8f2166bed49f9a,safe,マンガ大賞実行委員会 mainstream selection + Rakuten Books manga category,https://www.mangataisho.com/archives/2010.html,2010,2026-08-22,2026-08-22,No explicit adult/TL marker in matched source or product; Rakuten booksGenreId=001001002012; rakutenProductUrl=https://books.rakuten.co.jp/rb/6018190/.
candidate-bb69c71a844a88a47969,safe,宝島社「このマンガがすごい！」編集部 mainstream selection + Rakuten Books manga category,https://sugoiweb.jp/column/4894/,2019-12-20,2026-08-22,2026-08-22,No explicit adult/TL marker in matched source or product; Rakuten booksGenreId=001001002006; rakutenProductUrl=https://books.rakuten.co.jp/rb/13308354/.
candidate-bb7c2a4f63ef8e781606,safe,KADOKAWA「次にくるマンガ大賞」 mainstream selection + Rakuten Books manga category,https://tsugimanga.jp/winner/2020/comics,2020-08-19,2026-08-22,2026-08-22,No explicit adult/TL marker in matched source or product; Rakuten booksGenreId=001001003046; rakutenProductUrl=https://books.rakuten.co.jp/rb/16152184/.
candidate-bb7f73d695b719a6adbf,safe,マンガ大賞実行委員会 mainstream selection + Rakuten Books manga category,https://www.mangataisho.com/archives/2010.html,2010,2026-08-22,2026-08-22,No explicit adult/TL marker in matched source or product; Rakuten booksGenreId=001001003025; rakutenProductUrl=https://books.rakuten.co.jp/rb/6219249/.
candidate-bb8ed9d87c9da1591e4c,safe,マンガ大賞実行委員会 mainstream selection + Rakuten Books manga category,https://www.mangataisho.com/archives/2013.html,2013,2026-08-22,2026-08-22,No explicit adult/TL marker in matched source or product; Rakuten booksGenreId=001001003010; rakutenProductUrl=https://books.rakuten.co.jp/rb/6083494/.
candidate-bb9ee891b6fcd3ddf2db,safe,マンガ大賞実行委員会 mainstream selection + Rakuten Books manga category,https://www.mangataisho.com/archives/2012.html,2012,2026-08-22,2026-08-22,No explicit adult/TL marker in matched source or product; Rakuten booksGenreId=001001003049; rakutenProductUrl=https://books.rakuten.co.jp/rb/6990558/.
candidate-bbac2743f6c44efda949,safe,マンガ大賞実行委員会 mainstream selection + Rakuten Books manga category,https://www.mangataisho.com/archives/2011.html,2011,2026-08-22,2026-08-22,No explicit adult/TL marker in matched source or product; Rakuten booksGenreId=001001003048/001001001009; rakutenProductUrl=https://books.rakuten.co.jp/rb/6242965/.
candidate-bbeeaad9e37ab267dc29,safe,KADOKAWA「次にくるマンガ大賞」 mainstream selection + Rakuten Books manga category,https://tsugimanga.jp/winner/2021/comics,2021-08-24,2026-08-22,2026-08-22,No explicit adult/TL marker in matched source or product; Rakuten booksGenreId=001001001008; rakutenProductUrl=https://books.rakuten.co.jp/rb/16463144/.
candidate-bc030e8a35e7adf54ca6,safe,KADOKAWA「次にくるマンガ大賞」 mainstream selection + Rakuten Books manga category,https://tsugimanga.jp/winner/2015/comics,2015-02-06,2026-08-22,2026-08-22,No explicit adult/TL marker in matched source or product; Rakuten booksGenreId=001001001008; rakutenProductUrl=https://books.rakuten.co.jp/rb/12953319/.
candidate-bc213d5c418d27ebcf2a,safe,KADOKAWA「次にくるマンガ大賞」 mainstream selection + Rakuten Books manga category,https://tsugimanga.jp/winner/2025/comics,2025-09-18,2026-08-22,2026-08-22,No explicit adult/TL marker in matched source or product; Rakuten booksGenreId=001001003003; rakutenProductUrl=https://books.rakuten.co.jp/rb/18083269/.
candidate-bc2998e79453ac2113e7,safe,KADOKAWA「次にくるマンガ大賞」 mainstream selection + Rakuten Books manga category,https://tsugimanga.jp/winner/2021/comics,2021-08-24,2026-08-22,2026-08-22,No explicit adult/TL marker in matched source or product; Rakuten booksGenreId=001001001008; rakutenProductUrl=https://books.rakuten.co.jp/rb/16655115/.
candidate-bc3adc5541bc8e96c5fd,safe,マンガ大賞実行委員会 mainstream selection + Rakuten Books manga category,https://www.mangataisho.com/archives/2012.html,2012,2026-08-22,2026-08-22,No explicit adult/TL marker in matched source or product; Rakuten booksGenreId=001001002014; rakutenProductUrl=https://books.rakuten.co.jp/rb/6652941/.
candidate-bc50d9b0573bc07a986d,safe,マンガ大賞実行委員会 mainstream selection + Rakuten Books manga category,https://www.mangataisho.com/archives/2015.html,2015,2026-08-22,2026-08-22,No explicit adult/TL marker in matched source or product; Rakuten booksGenreId=001001003023; rakutenProductUrl=https://books.rakuten.co.jp/rb/12724630/.
candidate-bc7561b3680492d55be9,safe,KADOKAWA「次にくるマンガ大賞」 mainstream selection + Rakuten Books manga category,https://tsugimanga.jp/winner/2017/comics,2017-08-23,2026-08-22,2026-08-22,No explicit adult/TL marker in matched source or product; Rakuten booksGenreId=001001003010; rakutenProductUrl=https://books.rakuten.co.jp/rb/13593297/.
candidate-bc8093205bdb1ae22eb2,safe,マンガ大賞実行委員会 mainstream selection + Rakuten Books manga category,https://www.mangataisho.com/archives/2013.html,2013,2026-08-22,2026-08-22,No explicit adult/TL marker in matched source or product; Rakuten booksGenreId=001001003026; rakutenProductUrl=https://books.rakuten.co.jp/rb/11509512/.
candidate-bcd43d3188c2533e1068,safe,マンガ大賞実行委員会 mainstream selection + Rakuten Books manga category,https://www.mangataisho.com/archives/2009.html,2009,2026-08-22,2026-08-22,No explicit adult/TL marker in matched source or product; Rakuten booksGenreId=001001012; rakutenProductUrl=https://books.rakuten.co.jp/rb/5832898/.
candidate-bcf6814e2f138e3d4b6e,safe,マンガ大賞実行委員会 mainstream selection + Rakuten Books manga category,https://www.mangataisho.com/archives/2015.html,2015,2026-08-22,2026-08-22,No explicit adult/TL marker in matched source or product; Rakuten booksGenreId=001001003026; rakutenProductUrl=https://books.rakuten.co.jp/rb/12663130/.
candidate-bd42208a660912d9d95d,safe,マンガ大賞実行委員会 mainstream selection + Rakuten Books manga category,https://www.mangataisho.com/archives/2012.html,2012,2026-08-22,2026-08-22,No explicit adult/TL marker in matched source or product; Rakuten booksGenreId=001001003015; rakutenProductUrl=https://books.rakuten.co.jp/rb/6314666/.
candidate-bd5bdc4150f30a07971b,safe,マンガ大賞実行委員会 mainstream selection + Rakuten Books manga category,https://www.mangataisho.com/archives/2010.html,2010,2026-08-22,2026-08-22,No explicit adult/TL marker in matched source or product; Rakuten booksGenreId=001001003026; rakutenProductUrl=https://books.rakuten.co.jp/rb/6154318/.
candidate-bd5c323a3dbc9f3a04d4,safe,KADOKAWA「次にくるマンガ大賞」 mainstream selection + Rakuten Books manga category,https://tsugimanga.jp/winner/2018/comics,2018-08-23,2026-08-22,2026-08-22,No explicit adult/TL marker in matched source or product; Rakuten booksGenreId=001001003015; rakutenProductUrl=https://books.rakuten.co.jp/rb/15182068/.
candidate-bd651877af1038890ba4,safe,KADOKAWA「次にくるマンガ大賞」 mainstream selection + Rakuten Books manga category,https://tsugimanga.jp/winner/2021/comics,2021-08-24,2026-08-22,2026-08-22,No explicit adult/TL marker in matched source or product; Rakuten booksGenreId=001001003015; rakutenProductUrl=https://books.rakuten.co.jp/rb/16431212/.
candidate-bdcf8de5aebcef0e1ed5,safe,マンガ大賞実行委員会 mainstream selection + Rakuten Books manga category,https://www.mangataisho.com/archives/2009.html,2009,2026-08-22,2026-08-22,No explicit adult/TL marker in matched source or product; Rakuten booksGenreId=001001001008; rakutenProductUrl=https://books.rakuten.co.jp/rb/5890615/.
candidate-bdd1eac9ae8471a4dbbc,safe,KADOKAWA「次にくるマンガ大賞」 mainstream selection + Rakuten Books manga category,https://tsugimanga.jp/winner/2017/comics,2017-08-23,2026-08-22,2026-08-22,No explicit adult/TL marker in matched source or product; Rakuten booksGenreId=001001003049/001001003017; rakutenProductUrl=https://books.rakuten.co.jp/rb/12504398/.
candidate-be1ed2eccb1bdce989bd,safe,KADOKAWA「次にくるマンガ大賞」 mainstream selection + Rakuten Books manga category,https://tsugimanga.jp/winner/2017/comics,2017-08-23,2026-08-22,2026-08-22,No explicit adult/TL marker in matched source or product; Rakuten booksGenreId=001001003047; rakutenProductUrl=https://books.rakuten.co.jp/rb/14895266/.
candidate-be54044322b24ee62dba,safe,マンガ大賞実行委員会 mainstream selection + Rakuten Books manga category,https://www.mangataisho.com/archives/2013.html,2013,2026-08-22,2026-08-22,No explicit adult/TL marker in matched source or product; Rakuten booksGenreId=001001003001/001001001001; rakutenProductUrl=https://books.rakuten.co.jp/rb/11842265/.
candidate-be6fdcb10451af4f7569,safe,マンガ大賞実行委員会 mainstream selection + Rakuten Books manga category,https://www.mangataisho.com/archives/2010.html,2010,2026-08-22,2026-08-22,No explicit adult/TL marker in matched source or product; Rakuten booksGenreId=001001012; rakutenProductUrl=https://books.rakuten.co.jp/rb/6124417/.
candidate-be718dc826c927adf274,safe,日本出版販売「全国書店員が選んだおすすめコミック」 mainstream selection + Rakuten Books manga category,https://www.honyaclub.com/shop/pages/osusume.aspx,2013,2026-08-22,2026-08-22,No explicit adult/TL marker in matched source or product; Rakuten booksGenreId=001001003005; rakutenProductUrl=https://books.rakuten.co.jp/rb/11604004/.
candidate-be770c8b3ea29cdbf874,safe,小学館「小学館漫画賞」 mainstream selection + Rakuten Books manga category,https://shogakukan-comic.jp/shogakukan-mangasho-archives,2017,2026-08-22,2026-08-22,No explicit adult/TL marker in matched source or product; Rakuten booksGenreId=001001003009; rakutenProductUrl=https://books.rakuten.co.jp/rb/13347046/.
candidate-be8ce654b5d7e7b3fdfb,safe,マンガ大賞実行委員会 mainstream selection + Rakuten Books manga category,https://www.mangataisho.com/archives/2017.html,2017,2026-08-22,2026-08-22,No explicit adult/TL marker in matched source or product; Rakuten booksGenreId=001001004006/001001002008; rakutenProductUrl=https://books.rakuten.co.jp/rb/14275097/.
candidate-be8d528fa1e3ae0e6d31,safe,KADOKAWA「次にくるマンガ大賞」 mainstream selection + Rakuten Books manga category,https://tsugimanga.jp/winner/2021/comics,2021-08-24,2026-08-22,2026-08-22,No explicit adult/TL marker in matched source or product; Rakuten booksGenreId=001001003009; rakutenProductUrl=https://books.rakuten.co.jp/rb/16324706/.
candidate-be90023564b36a3b0eac,safe,マンガ大賞実行委員会 mainstream selection + Rakuten Books manga category,https://www.mangataisho.com/archives/2015.html,2015,2026-08-22,2026-08-22,No explicit adult/TL marker in matched source or product; Rakuten booksGenreId=001001002014; rakutenProductUrl=https://books.rakuten.co.jp/rb/6796896/.
candidate-bf1cc824209498660888,safe,マンガ大賞実行委員会 mainstream selection + Rakuten Books manga category,https://www.mangataisho.com/archives/2011.html,2011,2026-08-22,2026-08-22,No explicit adult/TL marker in matched source or product; Rakuten booksGenreId=001001003005; rakutenProductUrl=https://books.rakuten.co.jp/rb/3574871/.
candidate-bf93a2347af2a15a05d8,safe,宝島社「このマンガがすごい！」編集部 mainstream selection + Rakuten Books manga category,https://sugoiweb.jp/column/4772/,2022-12-12,2026-08-22,2026-08-22,No explicit adult/TL marker in matched source or product; Rakuten booksGenreId=001001003059; rakutenProductUrl=https://books.rakuten.co.jp/rb/17024601/.
candidate-c04f65770fcfd22abb9f,safe,宝島社「このマンガがすごい！」編集部 mainstream selection + Rakuten Books manga category,https://sugoiweb.jp/column/4868/,2020-12-10,2026-08-22,2026-08-22,No explicit adult/TL marker in matched source or product; Rakuten booksGenreId=001001002014; rakutenProductUrl=https://books.rakuten.co.jp/rb/16128417/.
candidate-c0a4903a040d0f704d18,safe,マンガ大賞実行委員会 mainstream selection + Rakuten Books manga category,https://www.mangataisho.com/archives/2015.html,2015,2026-08-22,2026-08-22,No explicit adult/TL marker in matched source or product; Rakuten booksGenreId=001001003005; rakutenProductUrl=https://books.rakuten.co.jp/rb/12750812/.
candidate-c0c630ff4d186daf762d,safe,KADOKAWA「次にくるマンガ大賞」 mainstream selection + Rakuten Books manga category,https://tsugimanga.jp/winner/2023/comics,2023-08-31,2026-08-22,2026-08-22,No explicit adult/TL marker in matched source or product; Rakuten booksGenreId=001001003050; rakutenProductUrl=https://books.rakuten.co.jp/rb/17428162/.
candidate-c0e989c7b8bb7447840b,safe,マンガ大賞実行委員会 mainstream selection + Rakuten Books manga category,https://www.mangataisho.com/archives/2013.html,2013,2026-08-22,2026-08-22,No explicit adult/TL marker in matched source or product; Rakuten booksGenreId=001001003048/001001001009; rakutenProductUrl=https://books.rakuten.co.jp/rb/11658553/.
candidate-c1304bfa319ba318368e,safe,日本出版販売「全国書店員が選んだおすすめコミック」 mainstream selection + Rakuten Books manga category,https://www.honyaclub.com/shop/pages/osusume_comic2015.aspx?affiliate=osusumec,2015,2026-08-22,2026-08-22,No explicit adult/TL marker in matched source or product; Rakuten booksGenreId=001001001002; rakutenProductUrl=https://books.rakuten.co.jp/rb/12689951/.
candidate-c133f39d62dde2fa3e1d,safe,KADOKAWA「次にくるマンガ大賞」 mainstream selection + Rakuten Books manga category,https://tsugimanga.jp/winner/2021/comics,2021-08-24,2026-08-22,2026-08-22,No explicit adult/TL marker in matched source or product; Rakuten booksGenreId=001001001008; rakutenProductUrl=https://books.rakuten.co.jp/rb/16783513/.
candidate-c13afa217a833f90bc3c,safe,マンガ大賞実行委員会 mainstream selection + Rakuten Books manga category,https://www.mangataisho.com/archives/2015.html,2015,2026-08-22,2026-08-22,No explicit adult/TL marker in matched source or product; Rakuten booksGenreId=001001012; rakutenProductUrl=https://books.rakuten.co.jp/rb/12961555/.
candidate-c14e82937201df34495d,safe,日本出版販売「全国書店員が選んだおすすめコミック」 mainstream selection + Rakuten Books manga category,https://www.honyaclub.com/shop/pages/osusume.aspx,2013,2026-08-22,2026-08-22,No explicit adult/TL marker in matched source or product; Rakuten booksGenreId=001001001008; rakutenProductUrl=https://books.rakuten.co.jp/rb/12100271/.
candidate-c221a17d6b962b17c9f4,safe,マンガ大賞実行委員会 mainstream selection + Rakuten Books manga category,https://www.mangataisho.com/archives/2010.html,2010,2026-08-22,2026-08-22,No explicit adult/TL marker in matched source or product; Rakuten booksGenreId=001001001008; rakutenProductUrl=https://books.rakuten.co.jp/rb/5750110/.
candidate-c24c7f023810516a931c,safe,マンガ大賞実行委員会 mainstream selection + Rakuten Books manga category,https://www.mangataisho.com/archives/2009.html,2009,2026-08-22,2026-08-22,No explicit adult/TL marker in matched source or product; Rakuten booksGenreId=001021002022/001017004/001001012; rakutenProductUrl=https://books.rakuten.co.jp/rb/5415443/.
candidate-c2564ae48ae5e689ea66,safe,日本出版販売「全国書店員が選んだおすすめコミック」 mainstream selection + Rakuten Books manga category,https://hon-hikidashi.jp/event/104773/,2010,2026-08-22,2026-08-22,No explicit adult/TL marker in matched source or product; Rakuten booksGenreId=001001001008; rakutenProductUrl=https://books.rakuten.co.jp/rb/5929336/.
candidate-c2a0771485686391ac82,safe,小学館「小学館漫画賞」 mainstream selection + Rakuten Books manga category,https://shogakukan-comic.jp/shogakukan-mangasho-archives,2006,2026-08-22,2026-08-22,No explicit adult/TL marker in matched source or product; Rakuten booksGenreId=001001004006/001001002008; rakutenProductUrl=https://books.rakuten.co.jp/rb/1430082/.
candidate-c2d28d298730bdf6ee33,safe,KADOKAWA「次にくるマンガ大賞」 mainstream selection + Rakuten Books manga category,https://tsugimanga.jp/winner/2016/comics,2016-02-04,2026-08-22,2026-08-22,No explicit adult/TL marker in matched source or product; Rakuten booksGenreId=001001003003; rakutenProductUrl=https://books.rakuten.co.jp/rb/13346815/.
candidate-c2df32661c0b925ff74f,safe,宝島社「このマンガがすごい！」編集部 mainstream selection + Rakuten Books manga category,https://sugoiweb.jp/column/4868/,2020-12-10,2026-08-22,2026-08-22,No explicit adult/TL marker in matched source or product; Rakuten booksGenreId=001001003023; rakutenProductUrl=https://books.rakuten.co.jp/rb/16353169/.
candidate-c2e1a97976346530a420,safe,KADOKAWA「次にくるマンガ大賞」 mainstream selection + Rakuten Books manga category,https://tsugimanga.jp/nominate/comics,2026-06-26,2026-08-22,2026-08-22,No explicit adult/TL marker in matched source or product; Rakuten booksGenreId=001001003003; rakutenProductUrl=https://books.rakuten.co.jp/rb/18479739/.
candidate-c2f3864045578cebb590,safe,KADOKAWA「次にくるマンガ大賞」 mainstream selection + Rakuten Books manga category,https://tsugimanga.jp/winner/2025/comics,2025-09-18,2026-08-22,2026-08-22,No explicit adult/TL marker in matched source or product; Rakuten booksGenreId=001001012; rakutenProductUrl=https://books.rakuten.co.jp/rb/17788427/.
candidate-c318fd52f1da01533910,safe,日本出版販売「全国書店員が選んだおすすめコミック」 mainstream selection + Rakuten Books manga category,https://www.honyaclub.com/shop/pages/osusumecomic2018.aspx?affiliate=osusumec18,2018,2026-08-22,2026-08-22,No explicit adult/TL marker in matched source or product; Rakuten booksGenreId=001001003022; rakutenProductUrl=https://books.rakuten.co.jp/rb/14895421/.
candidate-c327594a74d5eb536b5a,safe,KADOKAWA「次にくるマンガ大賞」 mainstream selection + Rakuten Books manga category,https://tsugimanga.jp/winner/2023/comics,2023-08-31,2026-08-22,2026-08-22,No explicit adult/TL marker in matched source or product; Rakuten booksGenreId=001001001006; rakutenProductUrl=https://books.rakuten.co.jp/rb/17331298/.
candidate-c3396a2a9fa22ab73971,safe,マンガ大賞実行委員会 mainstream selection + Rakuten Books manga category,https://www.mangataisho.com/archives/2015.html,2015,2026-08-22,2026-08-22,No explicit adult/TL marker in matched source or product; Rakuten booksGenreId=001001012; rakutenProductUrl=https://books.rakuten.co.jp/rb/12326570/.
candidate-c3a1b26e0fc059b351ca,safe,マンガ大賞実行委員会 mainstream selection + Rakuten Books manga category,https://www.mangataisho.com/archives/2013.html,2013,2026-08-22,2026-08-22,No explicit adult/TL marker in matched source or product; Rakuten booksGenreId=001001012; rakutenProductUrl=https://books.rakuten.co.jp/rb/11605081/.
candidate-c3b522b077189878e8ab,safe,KADOKAWA「次にくるマンガ大賞」 mainstream selection + Rakuten Books manga category,https://tsugimanga.jp/winner/2018/comics,2018-08-23,2026-08-22,2026-08-22,No explicit adult/TL marker in matched source or product; Rakuten booksGenreId=001001012; rakutenProductUrl=https://books.rakuten.co.jp/rb/15182023/.
candidate-c3d4d2e43bf3ecaf7f9a,safe,マンガ大賞実行委員会 mainstream selection + Rakuten Books manga category,https://www.mangataisho.com/archives/2014.html,2014,2026-08-22,2026-08-22,No explicit adult/TL marker in matched source or product; Rakuten booksGenreId=001001003015; rakutenProductUrl=https://books.rakuten.co.jp/rb/12439730/.
candidate-c3fd0f24e8e29bf2f93a,safe,KADOKAWA「次にくるマンガ大賞」 mainstream selection + Rakuten Books manga category,https://tsugimanga.jp/winner/2024/comics,2024-08-28,2026-08-22,2026-08-22,No explicit adult/TL marker in matched source or product; Rakuten booksGenreId=001001003004; rakutenProductUrl=https://books.rakuten.co.jp/rb/17637681/.
candidate-c480fbff0341ffcc2d17,safe,KADOKAWA「次にくるマンガ大賞」 mainstream selection + Rakuten Books manga category,https://tsugimanga.jp/winner/2025/comics,2025-09-18,2026-08-22,2026-08-22,No explicit adult/TL marker in matched source or product; Rakuten booksGenreId=001001001008; rakutenProductUrl=https://books.rakuten.co.jp/rb/18073405/.
candidate-c49988385e99e0ae7089,safe,宝島社「このマンガがすごい！」編集部 mainstream selection + Rakuten Books manga category,https://sugoiweb.jp/column/4815/,2021-12-07,2026-08-22,2026-08-22,No explicit adult/TL marker in matched source or product; Rakuten booksGenreId=001001012; rakutenProductUrl=https://books.rakuten.co.jp/rb/16425440/.
candidate-c4abbc1b44fa5706bce3,safe,小学館「小学館漫画賞」 mainstream selection + Rakuten Books manga category,https://shogakukan-comic.jp/shogakukan-mangasho-archives,2002,2026-08-22,2026-08-22,No explicit adult/TL marker in matched source or product; Rakuten booksGenreId=001001004006/001001002008; rakutenProductUrl=https://books.rakuten.co.jp/rb/926545/.
candidate-c50ea94bb66f72c679a2,safe,マンガ大賞実行委員会 mainstream selection + Rakuten Books manga category,https://www.mangataisho.com/archives/2013.html,2013,2026-08-22,2026-08-22,No explicit adult/TL marker in matched source or product; Rakuten booksGenreId=001001003009; rakutenProductUrl=https://books.rakuten.co.jp/rb/11754443/.
candidate-c55467873ec70e670484,safe,宝島社「このマンガがすごい！」編集部 mainstream selection + Rakuten Books manga category,https://sugoiweb.jp/column/4868/,2020-12-10,2026-08-22,2026-08-22,No explicit adult/TL marker in matched source or product; Rakuten booksGenreId=001001003048; rakutenProductUrl=https://books.rakuten.co.jp/rb/16075898/.
candidate-c55cfa2eba7b2880ab10,safe,マンガ大賞実行委員会 mainstream selection + Rakuten Books manga category,https://www.mangataisho.com/archives/2010.html,2010,2026-08-22,2026-08-22,No explicit adult/TL marker in matched source or product; Rakuten booksGenreId=001001003015; rakutenProductUrl=https://books.rakuten.co.jp/rb/5965402/.
candidate-c578b9f1ab6212044971,safe,マンガ大賞実行委員会 mainstream selection + Rakuten Books manga category,https://www.mangataisho.com/archives/2008.html,2008,2026-08-22,2026-08-22,No explicit adult/TL marker in matched source or product; Rakuten booksGenreId=001001003001; rakutenProductUrl=https://books.rakuten.co.jp/rb/4010197/.
candidate-c5b0930ce00dcf865406,safe,宝島社「このマンガがすごい！」編集部 mainstream selection + Rakuten Books manga category,https://sugoiweb.jp/column/4772/,2022-12-12,2026-08-22,2026-08-22,No explicit adult/TL marker in matched source or product; Rakuten booksGenreId=001001001008; rakutenProductUrl=https://books.rakuten.co.jp/rb/4288210/.
candidate-c5bfedbb9ee87b8dea2b,safe,小学館「小学館漫画賞」 mainstream selection + Rakuten Books manga category,https://shogakukan-comic.jp/shogakukan-mangasho-archives,1988,2026-08-22,2026-08-22,No explicit adult/TL marker in matched source or product; Rakuten booksGenreId=001001004006/001001002008; rakutenProductUrl=https://books.rakuten.co.jp/rb/9296869/.
candidate-c5c2695ad33fd05af945,safe,KADOKAWA「次にくるマンガ大賞」 mainstream selection + Rakuten Books manga category,https://tsugimanga.jp/winner/2020/comics,2020-08-19,2026-08-22,2026-08-22,No explicit adult/TL marker in matched source or product; Rakuten booksGenreId=001001001006; rakutenProductUrl=https://books.rakuten.co.jp/rb/16208859/.
candidate-c5e8c957903bf1832dc5,safe,マンガ大賞実行委員会 mainstream selection + Rakuten Books manga category,https://www.mangataisho.com/archives/2011.html,2011,2026-08-22,2026-08-22,No explicit adult/TL marker in matched source or product; Rakuten booksGenreId=001001003005; rakutenProductUrl=https://books.rakuten.co.jp/rb/6737129/.
candidate-c61aa83d0482e2863eb3,safe,宝島社「このマンガがすごい！」編集部 mainstream selection + Rakuten Books manga category,https://sugoiweb.jp/column/4868/,2020-12-10,2026-08-22,2026-08-22,No explicit adult/TL marker in matched source or product; Rakuten booksGenreId=001001003005; rakutenProductUrl=https://books.rakuten.co.jp/rb/16193626/.
candidate-c62cd8a81b67b2feb839,safe,KADOKAWA「次にくるマンガ大賞」 mainstream selection + Rakuten Books manga category,https://tsugimanga.jp/winner/2022/comics,2022-08-31,2026-08-22,2026-08-22,No explicit adult/TL marker in matched source or product; Rakuten booksGenreId=001001012; rakutenProductUrl=https://books.rakuten.co.jp/rb/16700272/.
candidate-c6418f7b70cff810199c,safe,マンガ大賞実行委員会 mainstream selection + Rakuten Books manga category,https://www.mangataisho.com/archives/2009.html,2009,2026-08-22,2026-08-22,No explicit adult/TL marker in matched source or product; Rakuten booksGenreId=001001003015; rakutenProductUrl=https://books.rakuten.co.jp/rb/5864032/.
candidate-c642eab6cae97c9cd9a3,safe,KADOKAWA「次にくるマンガ大賞」 mainstream selection + Rakuten Books manga category,https://tsugimanga.jp/winner/2019/comics,2019-08-22,2026-08-22,2026-08-22,No explicit adult/TL marker in matched source or product; Rakuten booksGenreId=001001003053/001001003035; rakutenProductUrl=https://books.rakuten.co.jp/rb/15737629/.
candidate-c65ce967e028013d13dd,safe,マンガ大賞実行委員会 mainstream selection + Rakuten Books manga category,https://www.mangataisho.com/archives/2013.html,2013,2026-08-22,2026-08-22,No explicit adult/TL marker in matched source or product; Rakuten booksGenreId=001001003009; rakutenProductUrl=https://books.rakuten.co.jp/rb/11126632/.
candidate-c688b00ba5b432f77bf8,safe,マンガ大賞実行委員会 mainstream selection + Rakuten Books manga category,https://www.mangataisho.com/archives/2011.html,2011,2026-08-22,2026-08-22,No explicit adult/TL marker in matched source or product; Rakuten booksGenreId=001001003001/001001001001; rakutenProductUrl=https://books.rakuten.co.jp/rb/6454233/.
candidate-c6b3f1cb34d8b4a922dc,safe,マンガ大賞実行委員会 mainstream selection + Rakuten Books manga category,https://www.mangataisho.com/archives/2015.html,2015,2026-08-22,2026-08-22,No explicit adult/TL marker in matched source or product; Rakuten booksGenreId=001001003026; rakutenProductUrl=https://books.rakuten.co.jp/rb/12602612/.
candidate-c6c0a2cca6e4cd0b1290,safe,マンガ大賞実行委員会 mainstream selection + Rakuten Books manga category,https://www.mangataisho.com/archives/2008.html,2008,2026-08-22,2026-08-22,No explicit adult/TL marker in matched source or product; Rakuten booksGenreId=001001003003; rakutenProductUrl=https://books.rakuten.co.jp/rb/4489749/.
candidate-c6f4ede212b6475ffb81,safe,KADOKAWA「次にくるマンガ大賞」 mainstream selection + Rakuten Books manga category,https://tsugimanga.jp/winner/2021/comics,2021-08-24,2026-08-22,2026-08-22,No explicit adult/TL marker in matched source or product; Rakuten booksGenreId=001001001006; rakutenProductUrl=https://books.rakuten.co.jp/rb/16677606/.
candidate-c70511031405e0fb5c11,safe,KADOKAWA「次にくるマンガ大賞」 mainstream selection + Rakuten Books manga category,https://tsugimanga.jp/winner/2015/comics,2015-02-06,2026-08-22,2026-08-22,No explicit adult/TL marker in matched source or product; Rakuten booksGenreId=001001012; rakutenProductUrl=https://books.rakuten.co.jp/rb/12838865/.
candidate-c7280f9dcc2754d3f864,safe,KADOKAWA「次にくるマンガ大賞」 mainstream selection + Rakuten Books manga category,https://tsugimanga.jp/winner/2024/comics,2024-08-28,2026-08-22,2026-08-22,No explicit adult/TL marker in matched source or product; Rakuten booksGenreId=001001001008; rakutenProductUrl=https://books.rakuten.co.jp/rb/17608268/.
candidate-c76c68896af3ef46e620,safe,日本出版販売「全国書店員が選んだおすすめコミック」 mainstream selection + Rakuten Books manga category,https://hon-hikidashi.jp/event/104760/,2009,2026-08-22,2026-08-22,No explicit adult/TL marker in matched source or product; Rakuten booksGenreId=001001001002; rakutenProductUrl=https://books.rakuten.co.jp/rb/5218352/.
candidate-c78d636e59db94289c27,safe,小学館「小学館漫画賞」 mainstream selection + Rakuten Books manga category,https://shogakukan-comic.jp/shogakukan-mangasho-archives,2015,2026-08-22,2026-08-22,No explicit adult/TL marker in matched source or product; Rakuten booksGenreId=001001012/001001001014; rakutenProductUrl=https://books.rakuten.co.jp/rb/11604072/.
candidate-c7d52715d5210ef9abc6,safe,マンガ大賞実行委員会 mainstream selection + Rakuten Books manga category,https://www.mangataisho.com/archives/2012.html,2012,2026-08-22,2026-08-22,No explicit adult/TL marker in matched source or product; Rakuten booksGenreId=001001012; rakutenProductUrl=https://books.rakuten.co.jp/rb/11457050/.
candidate-c7e065f61bb7a176ee56,safe,マンガ大賞実行委員会 mainstream selection + Rakuten Books manga category,https://www.mangataisho.com/archives/2008.html,2008,2026-08-22,2026-08-22,No explicit adult/TL marker in matched source or product; Rakuten booksGenreId=001001003015; rakutenProductUrl=https://books.rakuten.co.jp/rb/4016940/.
candidate-c805c5b70111f75d6fb5,safe,マンガ大賞実行委員会 mainstream selection + Rakuten Books manga category,https://www.mangataisho.com/archives/2008.html,2008,2026-08-22,2026-08-22,No explicit adult/TL marker in matched source or product; Rakuten booksGenreId=001001003041; rakutenProductUrl=https://books.rakuten.co.jp/rb/4427362/.
candidate-c8243866b7c8a6d9a2f8,safe,マンガ大賞実行委員会 mainstream selection + Rakuten Books manga category,https://www.mangataisho.com/archives/2008.html,2008,2026-08-22,2026-08-22,No explicit adult/TL marker in matched source or product; Rakuten booksGenreId=001001004006/001001002008; rakutenProductUrl=https://books.rakuten.co.jp/rb/5237198/.
candidate-c8483ec374a763860621,safe,KADOKAWA「次にくるマンガ大賞」 mainstream selection + Rakuten Books manga category,https://tsugimanga.jp/winner/2023/comics,2023-08-31,2026-08-22,2026-08-22,No explicit adult/TL marker in matched source or product; Rakuten booksGenreId=001001012/001001003046; rakutenProductUrl=https://books.rakuten.co.jp/rb/17419664/.
candidate-c88171b2210a4dc37f79,safe,マンガ大賞実行委員会 mainstream selection + Rakuten Books manga category,https://www.mangataisho.com/archives/2015.html,2015,2026-08-22,2026-08-22,No explicit adult/TL marker in matched source or product; Rakuten booksGenreId=001001003022; rakutenProductUrl=https://books.rakuten.co.jp/rb/11939439/.
candidate-c8a0ff9f73cf58a0286d,safe,KADOKAWA「次にくるマンガ大賞」 mainstream selection + Rakuten Books manga category,https://tsugimanga.jp/winner/2019/comics,2019-08-22,2026-08-22,2026-08-22,No explicit adult/TL marker in matched source or product; Rakuten booksGenreId=001001003052; rakutenProductUrl=https://books.rakuten.co.jp/rb/15657432/.
candidate-c8aef6141e1d61baa960,safe,マンガ大賞実行委員会 mainstream selection + Rakuten Books manga category,https://www.mangataisho.com/archives/2011.html,2011,2026-08-22,2026-08-22,No explicit adult/TL marker in matched source or product; Rakuten booksGenreId=001001003015; rakutenProductUrl=https://books.rakuten.co.jp/rb/6373950/.
candidate-c8e86b62755ca0f07faf,safe,マンガ大賞実行委員会 mainstream selection + Rakuten Books manga category,https://www.mangataisho.com/archives/2015.html,2015,2026-08-22,2026-08-22,No explicit adult/TL marker in matched source or product; Rakuten booksGenreId=001001003009; rakutenProductUrl=https://books.rakuten.co.jp/rb/12662981/.
candidate-c93dbd250009ef690967,safe,KADOKAWA「次にくるマンガ大賞」 mainstream selection + Rakuten Books manga category,https://tsugimanga.jp/winner/2018/comics,2018-08-23,2026-08-22,2026-08-22,No explicit adult/TL marker in matched source or product; Rakuten booksGenreId=001001003009; rakutenProductUrl=https://books.rakuten.co.jp/rb/14507185/.
candidate-c9dfbc3276f178d51de6,safe,マンガ大賞実行委員会 mainstream selection + Rakuten Books manga category,https://www.mangataisho.com/archives/2014.html,2014,2026-08-22,2026-08-22,No explicit adult/TL marker in matched source or product; Rakuten booksGenreId=001001012; rakutenProductUrl=https://books.rakuten.co.jp/rb/11439723/.
candidate-c9e32218e26c6c6292f9,safe,KADOKAWA「次にくるマンガ大賞」 mainstream selection + Rakuten Books manga category,https://tsugimanga.jp/winner/2024/comics,2024-08-28,2026-08-22,2026-08-22,No explicit adult/TL marker in matched source or product; Rakuten booksGenreId=001001001008; rakutenProductUrl=https://books.rakuten.co.jp/rb/17678007/.
candidate-ca1f317f8da177453f1e,safe,マンガ大賞実行委員会 mainstream selection + Rakuten Books manga category,https://www.mangataisho.com/archives/2008.html,2008,2026-08-22,2026-08-22,No explicit adult/TL marker in matched source or product; Rakuten booksGenreId=001001001006; rakutenProductUrl=https://books.rakuten.co.jp/rb/4109748/.
candidate-ca2c6203e55caa0969f6,safe,宝島社「このマンガがすごい！」編集部 mainstream selection + Rakuten Books manga category,https://sugoiweb.jp/column/4894/,2019-12-20,2026-08-22,2026-08-22,No explicit adult/TL marker in matched source or product; Rakuten booksGenreId=001001001008; rakutenProductUrl=https://books.rakuten.co.jp/rb/14141502/.
candidate-ca3996e94bd30fa71078,safe,マンガ大賞実行委員会 mainstream selection + Rakuten Books manga category,https://www.mangataisho.com/archives/2012.html,2012,2026-08-22,2026-08-22,No explicit adult/TL marker in matched source or product; Rakuten booksGenreId=001001003023; rakutenProductUrl=https://books.rakuten.co.jp/rb/6314629/.
candidate-ca3b272242f844b81d5d,safe,マンガ大賞実行委員会 mainstream selection + Rakuten Books manga category,https://www.mangataisho.com/archives/2015.html,2015,2026-08-22,2026-08-22,No explicit adult/TL marker in matched source or product; Rakuten booksGenreId=001001004008; rakutenProductUrl=https://books.rakuten.co.jp/rb/12866548/.
candidate-ca9e45ed0028858c0126,safe,マンガ大賞実行委員会 mainstream selection + Rakuten Books manga category,https://www.mangataisho.com/archives/2015.html,2015,2026-08-22,2026-08-22,No explicit adult/TL marker in matched source or product; Rakuten booksGenreId=001001012; rakutenProductUrl=https://books.rakuten.co.jp/rb/12690248/.
candidate-cb207e7c8d5d028e4e7e,safe,マンガ大賞実行委員会 mainstream selection + Rakuten Books manga category,https://www.mangataisho.com/archives/2011.html,2011,2026-08-22,2026-08-22,No explicit adult/TL marker in matched source or product; Rakuten booksGenreId=001001003015; rakutenProductUrl=https://books.rakuten.co.jp/rb/6166242/.
candidate-cb61c70a466a77afa0ea,safe,小学館「小学館漫画賞」 mainstream selection + Rakuten Books manga category,https://shogakukan-comic.jp/shogakukan-mangasho-archives,1978,2026-08-22,2026-08-22,No explicit adult/TL marker in matched source or product; Rakuten booksGenreId=001001001009; rakutenProductUrl=https://books.rakuten.co.jp/rb/170297/.
candidate-cb8cbf442782052b23a3,safe,小学館「小学館漫画賞」 mainstream selection + Rakuten Books manga category,https://shogakukan-comic.jp/shogakukan-mangasho-archives,2007,2026-08-22,2026-08-22,No explicit adult/TL marker in matched source or product; Rakuten booksGenreId=001001001014; rakutenProductUrl=https://books.rakuten.co.jp/rb/1789798/.
candidate-cc2d5952736da056de67,safe,マンガ大賞実行委員会 mainstream selection + Rakuten Books manga category,https://www.mangataisho.com/archives/2012.html,2012,2026-08-22,2026-08-22,No explicit adult/TL marker in matched source or product; Rakuten booksGenreId=001001003023; rakutenProductUrl=https://books.rakuten.co.jp/rb/11259034/.
candidate-cc4b609492878251813a,safe,マンガ大賞実行委員会 mainstream selection + Rakuten Books manga category,https://www.mangataisho.com/archives/2011.html,2011,2026-08-22,2026-08-22,No explicit adult/TL marker in matched source or product; Rakuten booksGenreId=001001003005; rakutenProductUrl=https://books.rakuten.co.jp/rb/1765018/.
candidate-cc64c0784ed6b3bae423,safe,日本出版販売「全国書店員が選んだおすすめコミック」 mainstream selection + Rakuten Books manga category,https://www.honyaclub.com/shop/pages/osusume_comic2015.aspx?affiliate=osusumec,2015,2026-08-22,2026-08-22,No explicit adult/TL marker in matched source or product; Rakuten booksGenreId=001001002004; rakutenProductUrl=https://books.rakuten.co.jp/rb/12458273/.
candidate-cc6eb4f6a20f26a720fe,safe,マンガ大賞実行委員会 mainstream selection + Rakuten Books manga category,https://www.mangataisho.com/archives/2014.html,2014,2026-08-22,2026-08-22,No explicit adult/TL marker in matched source or product; Rakuten booksGenreId=001001001008; rakutenProductUrl=https://books.rakuten.co.jp/rb/12199791/.
candidate-ccbb3649a83639ac4da6,safe,KADOKAWA「次にくるマンガ大賞」 mainstream selection + Rakuten Books manga category,https://tsugimanga.jp/winner/2020/comics,2020-08-19,2026-08-22,2026-08-22,No explicit adult/TL marker in matched source or product; Rakuten booksGenreId=001001003009; rakutenProductUrl=https://books.rakuten.co.jp/rb/16083174/.
candidate-ccd2699707d53f99e8c5,safe,マンガ大賞実行委員会 mainstream selection + Rakuten Books manga category,https://www.mangataisho.com/archives/2015.html,2015,2026-08-22,2026-08-22,No explicit adult/TL marker in matched source or product; Rakuten booksGenreId=001001012; rakutenProductUrl=https://books.rakuten.co.jp/rb/12764879/.
candidate-ccf0ddff9c6410c4de14,safe,マンガ大賞実行委員会 mainstream selection + Rakuten Books manga category,https://www.mangataisho.com/,2026,2026-08-22,2026-08-22,No explicit adult/TL marker in matched source or product; Rakuten booksGenreId=001001001008; rakutenProductUrl=https://books.rakuten.co.jp/rb/18073414/.
candidate-cd3cb029fa0bf74fbafb,safe,小学館「小学館漫画賞」 mainstream selection + Rakuten Books manga category,https://shogakukan-comic.jp/shogakukan-mangasho-archives,2010,2026-08-22,2026-08-22,No explicit adult/TL marker in matched source or product; Rakuten booksGenreId=001001002007; rakutenProductUrl=https://books.rakuten.co.jp/rb/5921391/.
candidate-cd774412c9f29141af14,safe,マンガ大賞実行委員会 mainstream selection + Rakuten Books manga category,https://www.mangataisho.com/archives/2011.html,2011,2026-08-22,2026-08-22,No explicit adult/TL marker in matched source or product; Rakuten booksGenreId=001001003004; rakutenProductUrl=https://books.rakuten.co.jp/rb/6639670/.
candidate-cdea0de31a3f18475c62,safe,マンガ大賞実行委員会 mainstream selection + Rakuten Books manga category,https://www.mangataisho.com/archives/2013.html,2013,2026-08-22,2026-08-22,No explicit adult/TL marker in matched source or product; Rakuten booksGenreId=001001003005; rakutenProductUrl=https://books.rakuten.co.jp/rb/12133028/.
candidate-cdef8cfd678998a51447,safe,マンガ大賞実行委員会 mainstream selection + Rakuten Books manga category,https://www.mangataisho.com/archives/2008.html,2008,2026-08-22,2026-08-22,No explicit adult/TL marker in matched source or product; Rakuten booksGenreId=001001004008; rakutenProductUrl=https://books.rakuten.co.jp/rb/4018566/.
candidate-cdf549d4b1888153e146,safe,宝島社「このマンガがすごい！」編集部 mainstream selection + Rakuten Books manga category,https://sugoiweb.jp/column/4815/,2021-12-07,2026-08-22,2026-08-22,No explicit adult/TL marker in matched source or product; Rakuten booksGenreId=001001001008; rakutenProductUrl=https://books.rakuten.co.jp/rb/16783601/.
candidate-ce00dfcc098d1bebdcd7,safe,マンガ大賞実行委員会 mainstream selection + Rakuten Books manga category,https://www.mangataisho.com/archives/2009.html,2009,2026-08-22,2026-08-22,No explicit adult/TL marker in matched source or product; Rakuten booksGenreId=001001002007; rakutenProductUrl=https://books.rakuten.co.jp/rb/5790489/.
candidate-ce15a744022a34a1c02e,safe,マンガ大賞実行委員会 mainstream selection + Rakuten Books manga category,https://www.mangataisho.com/archives/2009.html,2009,2026-08-22,2026-08-22,No explicit adult/TL marker in matched source or product; Rakuten booksGenreId=001001003005; rakutenProductUrl=https://books.rakuten.co.jp/rb/5246300/.
candidate-ce5919ff30d9ef01e3e1,safe,マンガ大賞実行委員会 mainstream selection + Rakuten Books manga category,https://www.mangataisho.com/archives/2013.html,2013,2026-08-22,2026-08-22,No explicit adult/TL marker in matched source or product; Rakuten booksGenreId=001001003004; rakutenProductUrl=https://books.rakuten.co.jp/rb/11467803/.
candidate-ce62d62940841d6bb152,safe,マンガ大賞実行委員会 mainstream selection + Rakuten Books manga category,https://www.mangataisho.com/archives/2010.html,2010,2026-08-22,2026-08-22,No explicit adult/TL marker in matched source or product; Rakuten booksGenreId=001001002016; rakutenProductUrl=https://books.rakuten.co.jp/rb/6242736/.
candidate-ce6a8fb8a086bcaa5737,safe,マンガ大賞実行委員会 mainstream selection + Rakuten Books manga category,https://www.mangataisho.com/archives/2008.html,2008,2026-08-22,2026-08-22,No explicit adult/TL marker in matched source or product; Rakuten booksGenreId=001001002005; rakutenProductUrl=https://books.rakuten.co.jp/rb/1762687/.
candidate-ced7a8e6d9c3b8147702,safe,宝島社「このマンガがすごい！」編集部 mainstream selection + Rakuten Books manga category,https://sugoiweb.jp/column/4894/,2019-12-20,2026-08-22,2026-08-22,No explicit adult/TL marker in matched source or product; Rakuten booksGenreId=001001012; rakutenProductUrl=https://books.rakuten.co.jp/rb/15811038/.
candidate-cf86722f9ad7a28a7433,safe,KADOKAWA「次にくるマンガ大賞」 mainstream selection + Rakuten Books manga category,https://tsugimanga.jp/winner/2020/comics,2020-08-19,2026-08-22,2026-08-22,No explicit adult/TL marker in matched source or product; Rakuten booksGenreId=001001003009; rakutenProductUrl=https://books.rakuten.co.jp/rb/15990445/.
candidate-cfe65b2baf6eb1c27b42,safe,マンガ大賞実行委員会 mainstream selection + Rakuten Books manga category,https://www.mangataisho.com/archives/2012.html,2012,2026-08-22,2026-08-22,No explicit adult/TL marker in matched source or product; Rakuten booksGenreId=001001001008; rakutenProductUrl=https://books.rakuten.co.jp/rb/7000286/.
candidate-d004b9c38f07ed80aebf,safe,マンガ大賞実行委員会 mainstream selection + Rakuten Books manga category,https://www.mangataisho.com/archives/2014.html,2014,2026-08-22,2026-08-22,No explicit adult/TL marker in matched source or product; Rakuten booksGenreId=001001012; rakutenProductUrl=https://books.rakuten.co.jp/rb/11807130/.
candidate-d00935b9f2ba0897925d,safe,マンガ大賞実行委員会 mainstream selection + Rakuten Books manga category,https://www.mangataisho.com/archives/2009.html,2009,2026-08-22,2026-08-22,No explicit adult/TL marker in matched source or product; Rakuten booksGenreId=001001002011; rakutenProductUrl=https://books.rakuten.co.jp/rb/4021782/.
candidate-d02d7530d9eabb88ed8a,safe,KADOKAWA「次にくるマンガ大賞」 mainstream selection + Rakuten Books manga category,https://tsugimanga.jp/winner/2024/comics,2024-08-28,2026-08-22,2026-08-22,No explicit adult/TL marker in matched source or product; Rakuten booksGenreId=001001002009; rakutenProductUrl=https://books.rakuten.co.jp/rb/16338478/.
candidate-d09b50b5ea9bc881b613,safe,マンガ大賞実行委員会 mainstream selection + Rakuten Books manga category,https://www.mangataisho.com/archives/2008.html,2008,2026-08-22,2026-08-22,No explicit adult/TL marker in matched source or product; Rakuten booksGenreId=001001001006; rakutenProductUrl=https://books.rakuten.co.jp/rb/3576947/.
candidate-d0a927fd10c26eb77059,safe,マンガ大賞実行委員会 mainstream selection + Rakuten Books manga category,https://www.mangataisho.com/archives/2019.html,2019,2026-08-22,2026-08-22,No explicit adult/TL marker in matched source or product; Rakuten booksGenreId=001001012; rakutenProductUrl=https://books.rakuten.co.jp/rb/15392174/.
candidate-d0e53d83ca10cd995f28,safe,マンガ大賞実行委員会 mainstream selection + Rakuten Books manga category,https://www.mangataisho.com/archives/2009.html,2009,2026-08-22,2026-08-22,No explicit adult/TL marker in matched source or product; Rakuten booksGenreId=001001003015; rakutenProductUrl=https://books.rakuten.co.jp/rb/4093836/.
candidate-d0f8540d071099c25b8e,safe,マンガ大賞実行委員会 mainstream selection + Rakuten Books manga category,https://www.mangataisho.com/archives/2013.html,2013,2026-08-22,2026-08-22,No explicit adult/TL marker in matched source or product; Rakuten booksGenreId=001001003004; rakutenProductUrl=https://books.rakuten.co.jp/rb/6288196/.
candidate-d130ae58f0d7c0b64d36,safe,日本出版販売「全国書店員が選んだおすすめコミック」 mainstream selection + Rakuten Books manga category,https://hon-hikidashi.jp/event/105000/,2011,2026-08-22,2026-08-22,No explicit adult/TL marker in matched source or product; Rakuten booksGenreId=001001002006; rakutenProductUrl=https://books.rakuten.co.jp/rb/6418378/.
candidate-d174ef75d64341d695bd,safe,KADOKAWA「次にくるマンガ大賞」 mainstream selection + Rakuten Books manga category,https://tsugimanga.jp/winner/2022/comics,2022-08-31,2026-08-22,2026-08-22,No explicit adult/TL marker in matched source or product; Rakuten booksGenreId=001001003053/001001003035; rakutenProductUrl=https://books.rakuten.co.jp/rb/16910337/.
candidate-d17ed75dcf05f7d96507,safe,マンガ大賞実行委員会 mainstream selection + Rakuten Books manga category,https://www.mangataisho.com/archives/2013.html,2013,2026-08-22,2026-08-22,No explicit adult/TL marker in matched source or product; Rakuten booksGenreId=001001003005; rakutenProductUrl=https://books.rakuten.co.jp/rb/11604007/.
candidate-d185fc02c4d16dffb0c3,safe,マンガ大賞実行委員会 mainstream selection + Rakuten Books manga category,https://www.mangataisho.com/archives/2008.html,2008,2026-08-22,2026-08-22,No explicit adult/TL marker in matched source or product; Rakuten booksGenreId=001001003015; rakutenProductUrl=https://books.rakuten.co.jp/rb/4093837/.
candidate-d208dd6060ad71a6703c,safe,マンガ大賞実行委員会 mainstream selection + Rakuten Books manga category,https://www.mangataisho.com/archives/2008.html,2008,2026-08-22,2026-08-22,No explicit adult/TL marker in matched source or product; Rakuten booksGenreId=001001003041; rakutenProductUrl=https://books.rakuten.co.jp/rb/1686964/.
candidate-d21df491ed79185bacc3,safe,KADOKAWA「次にくるマンガ大賞」 mainstream selection + Rakuten Books manga category,https://tsugimanga.jp/winner/2019/comics,2019-08-22,2026-08-22,2026-08-22,No explicit adult/TL marker in matched source or product; Rakuten booksGenreId=001001003050; rakutenProductUrl=https://books.rakuten.co.jp/rb/15775798/.
candidate-d22b1c7ee9c7d5fb92f5,safe,マンガ大賞実行委員会 mainstream selection + Rakuten Books manga category,https://www.mangataisho.com/archives/2009.html,2009,2026-08-22,2026-08-22,No explicit adult/TL marker in matched source or product; Rakuten booksGenreId=001001001002; rakutenProductUrl=https://books.rakuten.co.jp/rb/4152529/.
candidate-d231960b92daceff7d39,safe,マンガ大賞実行委員会 mainstream selection + Rakuten Books manga category,https://www.mangataisho.com/archives/2008.html,2008,2026-08-22,2026-08-22,No explicit adult/TL marker in matched source or product; Rakuten booksGenreId=001001002007; rakutenProductUrl=https://books.rakuten.co.jp/rb/3633379/.
candidate-d241d5bdc4fc56af2c5a,safe,マンガ大賞実行委員会 mainstream selection + Rakuten Books manga category,https://www.mangataisho.com/archives/2008.html,2008,2026-08-22,2026-08-22,No explicit adult/TL marker in matched source or product; Rakuten booksGenreId=001001003019; rakutenProductUrl=https://books.rakuten.co.jp/rb/4272124/.
candidate-d246a7b49390578b201e,safe,KADOKAWA「次にくるマンガ大賞」 mainstream selection + Rakuten Books manga category,https://tsugimanga.jp/winner/2020/comics,2020-08-19,2026-08-22,2026-08-22,No explicit adult/TL marker in matched source or product; Rakuten booksGenreId=001001002009; rakutenProductUrl=https://books.rakuten.co.jp/rb/15370974/.
candidate-d268f50a5223d98d65ac,safe,マンガ大賞実行委員会 mainstream selection + Rakuten Books manga category,https://www.mangataisho.com/archives/2012.html,2012,2026-08-22,2026-08-22,No explicit adult/TL marker in matched source or product; Rakuten booksGenreId=001001012; rakutenProductUrl=https://books.rakuten.co.jp/rb/11396997/.
candidate-d27a048a45e8d7b0e980,safe,マンガ大賞実行委員会 mainstream selection + Rakuten Books manga category,https://www.mangataisho.com/archives/2014.html,2014,2026-08-22,2026-08-22,No explicit adult/TL marker in matched source or product; Rakuten booksGenreId=001001003041/001001003039; rakutenProductUrl=https://books.rakuten.co.jp/rb/12417259/.
candidate-d291f3c96fa7be8e3b35,safe,マンガ大賞実行委員会 mainstream selection + Rakuten Books manga category,https://www.mangataisho.com/archives/2012.html,2012,2026-08-22,2026-08-22,No explicit adult/TL marker in matched source or product; Rakuten booksGenreId=001001003047; rakutenProductUrl=https://books.rakuten.co.jp/rb/11229301/.
candidate-d2f3c4dc5c7d4eb77b3b,safe,KADOKAWA「次にくるマンガ大賞」 mainstream selection + Rakuten Books manga category,https://tsugimanga.jp/winner/2016/comics,2016-02-04,2026-08-22,2026-08-22,No explicit adult/TL marker in matched source or product; Rakuten booksGenreId=001001001006; rakutenProductUrl=https://books.rakuten.co.jp/rb/13308212/.
candidate-d3306b3514f52c61afff,safe,マンガ大賞実行委員会 mainstream selection + Rakuten Books manga category,https://www.mangataisho.com/archives/2012.html,2012,2026-08-22,2026-08-22,No explicit adult/TL marker in matched source or product; Rakuten booksGenreId=001001003022; rakutenProductUrl=https://books.rakuten.co.jp/rb/11391137/.
candidate-d3d93ac98ea6965963a0,safe,マンガ大賞実行委員会 mainstream selection + Rakuten Books manga category,https://www.mangataisho.com/archives/2013.html,2013,2026-08-22,2026-08-22,No explicit adult/TL marker in matched source or product; Rakuten booksGenreId=001001003018; rakutenProductUrl=https://books.rakuten.co.jp/rb/11771761/.
candidate-d3d9940725172ca3edce,safe,マンガ大賞実行委員会 mainstream selection + Rakuten Books manga category,https://www.mangataisho.com/archives/2012.html,2012,2026-08-22,2026-08-22,No explicit adult/TL marker in matched source or product; Rakuten booksGenreId=001001003009; rakutenProductUrl=https://books.rakuten.co.jp/rb/6418495/.
candidate-d3ed845af15b5ca9731c,safe,マンガ大賞実行委員会 mainstream selection + Rakuten Books manga category,https://www.mangataisho.com/archives/2008.html,2008,2026-08-22,2026-08-22,No explicit adult/TL marker in matched source or product; Rakuten booksGenreId=001001003004; rakutenProductUrl=https://books.rakuten.co.jp/rb/5136395/.
candidate-d429fe417d732ca14f10,safe,小学館「小学館漫画賞」 mainstream selection + Rakuten Books manga category,https://shogakukan-comic.jp/shogakukan-mangasho-archives,1987,2026-08-22,2026-08-22,No explicit adult/TL marker in matched source or product; Rakuten booksGenreId=001001004006/001001002008; rakutenProductUrl=https://books.rakuten.co.jp/rb/365766/.
candidate-d4335ee2ac7f16316e59,safe,マンガ大賞実行委員会 mainstream selection + Rakuten Books manga category,https://www.mangataisho.com/archives/2014.html,2014,2026-08-22,2026-08-22,No explicit adult/TL marker in matched source or product; Rakuten booksGenreId=001001012; rakutenProductUrl=https://books.rakuten.co.jp/rb/11842230/.
candidate-d45a18f5de58c4f635da,safe,マンガ大賞実行委員会 mainstream selection + Rakuten Books manga category,https://www.mangataisho.com/archives/2008.html,2008,2026-08-22,2026-08-22,No explicit adult/TL marker in matched source or product; Rakuten booksGenreId=001001003004; rakutenProductUrl=https://books.rakuten.co.jp/rb/4334987/.
candidate-d47c7eccefdeccb2b323,safe,マンガ大賞実行委員会 mainstream selection + Rakuten Books manga category,https://www.mangataisho.com/archives/2009.html,2009,2026-08-22,2026-08-22,No explicit adult/TL marker in matched source or product; Rakuten booksGenreId=001001003010; rakutenProductUrl=https://books.rakuten.co.jp/rb/5393393/.
candidate-d489f5a2229689aa5115,safe,宝島社「このマンガがすごい！」編集部 mainstream selection + Rakuten Books manga category,https://sugoiweb.jp/column/4868/,2020-12-10,2026-08-22,2026-08-22,No explicit adult/TL marker in matched source or product; Rakuten booksGenreId=001001004008; rakutenProductUrl=https://books.rakuten.co.jp/rb/16354818/.
candidate-d5190eab71dd7e16f800,safe,マンガ大賞実行委員会 mainstream selection + Rakuten Books manga category,https://www.mangataisho.com/archives/2014.html,2014,2026-08-22,2026-08-22,No explicit adult/TL marker in matched source or product; Rakuten booksGenreId=001001003053/001001003035; rakutenProductUrl=https://books.rakuten.co.jp/rb/11229815/.
candidate-d532eab2aba5cb4a898f,safe,マンガ大賞実行委員会 mainstream selection + Rakuten Books manga category,https://www.mangataisho.com/archives/2014.html,2014,2026-08-22,2026-08-22,No explicit adult/TL marker in matched source or product; Rakuten booksGenreId=001001003043/001001002024/001001002018; rakutenProductUrl=https://books.rakuten.co.jp/rb/12235590/.
candidate-d57fec7e1e61ff8809f2,safe,マンガ大賞実行委員会 mainstream selection + Rakuten Books manga category,https://www.mangataisho.com/archives/2010.html,2010,2026-08-22,2026-08-22,No explicit adult/TL marker in matched source or product; Rakuten booksGenreId=001001012; rakutenProductUrl=https://books.rakuten.co.jp/rb/3706387/.
candidate-d5b5f321d1aebdfc3117,safe,マンガ大賞実行委員会 mainstream selection + Rakuten Books manga category,https://www.mangataisho.com/,2026,2026-08-22,2026-08-22,No explicit adult/TL marker in matched source or product; Rakuten booksGenreId=001001001008; rakutenProductUrl=https://books.rakuten.co.jp/rb/18246156/.
candidate-d5e2053fa233e36a431c,safe,マンガ大賞実行委員会 mainstream selection + Rakuten Books manga category,https://www.mangataisho.com/archives/2008.html,2008,2026-08-22,2026-08-22,No explicit adult/TL marker in matched source or product; Rakuten booksGenreId=001001003023; rakutenProductUrl=https://books.rakuten.co.jp/rb/4640901/.
candidate-d6055c4ac46022025318,safe,KADOKAWA「次にくるマンガ大賞」 mainstream selection + Rakuten Books manga category,https://tsugimanga.jp/winner/2018/comics,2018-08-23,2026-08-22,2026-08-22,No explicit adult/TL marker in matched source or product; Rakuten booksGenreId=001001003053/001001003035; rakutenProductUrl=https://books.rakuten.co.jp/rb/14638194/.
candidate-d61e626249f63ad3c7b9,safe,マンガ大賞実行委員会 mainstream selection + Rakuten Books manga category,https://www.mangataisho.com/archives/2013.html,2013,2026-08-22,2026-08-22,No explicit adult/TL marker in matched source or product; Rakuten booksGenreId=001001003004; rakutenProductUrl=https://books.rakuten.co.jp/rb/11941852/.
candidate-d62b0b048a1c15384504,safe,KADOKAWA「次にくるマンガ大賞」 mainstream selection + Rakuten Books manga category,https://tsugimanga.jp/winner/2015/comics,2015-02-06,2026-08-22,2026-08-22,No explicit adult/TL marker in matched source or product; Rakuten booksGenreId=001001003005; rakutenProductUrl=https://books.rakuten.co.jp/rb/12724269/.
candidate-d62c3a8421c03e2f37c4,safe,KADOKAWA「次にくるマンガ大賞」 mainstream selection + Rakuten Books manga category,https://tsugimanga.jp/winner/2019/comics,2019-08-22,2026-08-22,2026-08-22,No explicit adult/TL marker in matched source or product; Rakuten booksGenreId=001001012; rakutenProductUrl=https://books.rakuten.co.jp/rb/15812309/.
candidate-d632d9b81e434f450529,safe,KADOKAWA「次にくるマンガ大賞」 mainstream selection + Rakuten Books manga category,https://tsugimanga.jp/winner/2018/comics,2018-08-23,2026-08-22,2026-08-22,No explicit adult/TL marker in matched source or product; Rakuten booksGenreId=001001003053/001001003035; rakutenProductUrl=https://books.rakuten.co.jp/rb/14382154/.
candidate-d63a83030a8819ff553c,safe,マンガ大賞実行委員会 mainstream selection + Rakuten Books manga category,https://www.mangataisho.com/archives/2010.html,2010,2026-08-22,2026-08-22,No explicit adult/TL marker in matched source or product; Rakuten booksGenreId=001001003021; rakutenProductUrl=https://books.rakuten.co.jp/rb/5996532/.
candidate-d655ea1cfb913f33cc9a,safe,マンガ大賞実行委員会 mainstream selection + Rakuten Books manga category,https://www.mangataisho.com/archives/2014.html,2014,2026-08-22,2026-08-22,No explicit adult/TL marker in matched source or product; Rakuten booksGenreId=001001001009; rakutenProductUrl=https://books.rakuten.co.jp/rb/11941957/.
candidate-d66ce37fe86fba8214a2,safe,マンガ大賞実行委員会 mainstream selection + Rakuten Books manga category,https://www.mangataisho.com/archives/2009.html,2009,2026-08-22,2026-08-22,No explicit adult/TL marker in matched source or product; Rakuten booksGenreId=001001002005; rakutenProductUrl=https://books.rakuten.co.jp/rb/4092439/.
candidate-d6ab24ba01654d4e6e53,safe,マンガ大賞実行委員会 mainstream selection + Rakuten Books manga category,https://www.mangataisho.com/archives/2008.html,2008,2026-08-22,2026-08-22,No explicit adult/TL marker in matched source or product; Rakuten booksGenreId=001001003041; rakutenProductUrl=https://books.rakuten.co.jp/rb/1749083/.
candidate-d6b8b5d480169a6794ca,safe,マンガ大賞実行委員会 mainstream selection + Rakuten Books manga category,https://www.mangataisho.com/archives/2010.html,2010,2026-08-22,2026-08-22,No explicit adult/TL marker in matched source or product; Rakuten booksGenreId=001001003004; rakutenProductUrl=https://books.rakuten.co.jp/rb/6086445/.
candidate-d6da5a4e9ff3bb07783e,safe,マンガ大賞実行委員会 mainstream selection + Rakuten Books manga category,https://www.mangataisho.com/archives/2008.html,2008,2026-08-22,2026-08-22,No explicit adult/TL marker in matched source or product; Rakuten booksGenreId=001001003015; rakutenProductUrl=https://books.rakuten.co.jp/rb/5000046/.
candidate-d735187a8421d0d33399,safe,マンガ大賞実行委員会 mainstream selection + Rakuten Books manga category,https://www.mangataisho.com/archives/2012.html,2012,2026-08-22,2026-08-22,No explicit adult/TL marker in matched source or product; Rakuten booksGenreId=001001004006/001001002008; rakutenProductUrl=https://books.rakuten.co.jp/rb/11144446/.
candidate-d73553672898846c9ec0,safe,KADOKAWA「次にくるマンガ大賞」 mainstream selection + Rakuten Books manga category,https://tsugimanga.jp/winner/2021/comics,2021-08-24,2026-08-22,2026-08-22,No explicit adult/TL marker in matched source or product; Rakuten booksGenreId=001001001006; rakutenProductUrl=https://books.rakuten.co.jp/rb/16720336/.
candidate-d75e23cbf7c6238975e1,safe,マンガ大賞実行委員会 mainstream selection + Rakuten Books manga category,https://www.mangataisho.com/archives/2011.html,2011,2026-08-22,2026-08-22,No explicit adult/TL marker in matched source or product; Rakuten booksGenreId=001001004008; rakutenProductUrl=https://books.rakuten.co.jp/rb/1740472/.
candidate-d761683b3f1f71c8f6cd,safe,マンガ大賞実行委員会 mainstream selection + Rakuten Books manga category,https://www.mangataisho.com/archives/2008.html,2008,2026-08-22,2026-08-22,No explicit adult/TL marker in matched source or product; Rakuten booksGenreId=001001012; rakutenProductUrl=https://books.rakuten.co.jp/rb/4326306/.
candidate-d768ebe57013e12e6e6e,safe,マンガ大賞実行委員会 mainstream selection + Rakuten Books manga category,https://www.mangataisho.com/archives/2012.html,2012,2026-08-22,2026-08-22,No explicit adult/TL marker in matched source or product; Rakuten booksGenreId=001001003025; rakutenProductUrl=https://books.rakuten.co.jp/rb/6907648/.
candidate-d79c4cf78238d9131063,safe,マンガ大賞実行委員会 mainstream selection + Rakuten Books manga category,https://www.mangataisho.com/archives/2010.html,2010,2026-08-22,2026-08-22,No explicit adult/TL marker in matched source or product; Rakuten booksGenreId=001001003049/001001003017; rakutenProductUrl=https://books.rakuten.co.jp/rb/5925640/.
candidate-d7c59e42d9feee1e28ba,safe,KADOKAWA「次にくるマンガ大賞」 mainstream selection + Rakuten Books manga category,https://tsugimanga.jp/winner/2018/comics,2018-08-23,2026-08-22,2026-08-22,No explicit adult/TL marker in matched source or product; Rakuten booksGenreId=001001002025; rakutenProductUrl=https://books.rakuten.co.jp/rb/14944216/.
candidate-d7dad5b0bc4de926cc16,safe,KADOKAWA「次にくるマンガ大賞」 mainstream selection + Rakuten Books manga category,https://tsugimanga.jp/winner/2025/comics,2025-09-18,2026-08-22,2026-08-22,No explicit adult/TL marker in matched source or product; Rakuten booksGenreId=001001012; rakutenProductUrl=https://books.rakuten.co.jp/rb/17896443/.
candidate-d7e64b0b5479ca943edd,safe,マンガ大賞実行委員会 mainstream selection + Rakuten Books manga category,https://www.mangataisho.com/archives/2008.html,2008,2026-08-22,2026-08-22,No explicit adult/TL marker in matched source or product; Rakuten booksGenreId=001001003009; rakutenProductUrl=https://books.rakuten.co.jp/rb/5270695/.
candidate-d810f69bbd8b1cf60c63,safe,マンガ大賞実行委員会 mainstream selection + Rakuten Books manga category,https://www.mangataisho.com/archives/2008.html,2008,2026-08-22,2026-08-22,No explicit adult/TL marker in matched source or product; Rakuten booksGenreId=001001012; rakutenProductUrl=https://books.rakuten.co.jp/rb/1667049/.
candidate-d818cf2deb73c04c7ef6,safe,マンガ大賞実行委員会 mainstream selection + Rakuten Books manga category,https://www.mangataisho.com/archives/2015.html,2015,2026-08-22,2026-08-22,No explicit adult/TL marker in matched source or product; Rakuten booksGenreId=001001012; rakutenProductUrl=https://books.rakuten.co.jp/rb/6737367/.
candidate-d8a87d01c1f35d58e791,safe,KADOKAWA「次にくるマンガ大賞」 mainstream selection + Rakuten Books manga category,https://tsugimanga.jp/winner/2017/comics,2017-08-23,2026-08-22,2026-08-22,No explicit adult/TL marker in matched source or product; Rakuten booksGenreId=001001003018; rakutenProductUrl=https://books.rakuten.co.jp/rb/14394232/.
candidate-d8bc7dc769d8e77adc27,safe,マンガ大賞実行委員会 mainstream selection + Rakuten Books manga category,https://www.mangataisho.com/archives/2015.html,2015,2026-08-22,2026-08-22,No explicit adult/TL marker in matched source or product; Rakuten booksGenreId=001001001001; rakutenProductUrl=https://books.rakuten.co.jp/rb/12724747/.
candidate-d8c9332f72cbd7ef328f,safe,KADOKAWA「次にくるマンガ大賞」 mainstream selection + Rakuten Books manga category,https://tsugimanga.jp/winner/2017/comics,2017-08-23,2026-08-22,2026-08-22,No explicit adult/TL marker in matched source or product; Rakuten booksGenreId=001001003058; rakutenProductUrl=https://books.rakuten.co.jp/rb/13770379/.
candidate-d8f17d7482c8640c1acf,safe,マンガ大賞実行委員会 mainstream selection + Rakuten Books manga category,https://www.mangataisho.com/archives/2014.html,2014,2026-08-22,2026-08-22,No explicit adult/TL marker in matched source or product; Rakuten booksGenreId=001001012; rakutenProductUrl=https://books.rakuten.co.jp/rb/12764481/.
candidate-d91387c34bf6bc97481f,safe,マンガ大賞実行委員会 mainstream selection + Rakuten Books manga category,https://www.mangataisho.com/archives/2011.html,2011,2026-08-22,2026-08-22,No explicit adult/TL marker in matched source or product; Rakuten booksGenreId=001001003015; rakutenProductUrl=https://books.rakuten.co.jp/rb/6707504/.
candidate-d97ef7c1bc4fd286d55a,safe,マンガ大賞実行委員会 mainstream selection + Rakuten Books manga category,https://www.mangataisho.com/archives/2014.html,2014,2026-08-22,2026-08-22,No explicit adult/TL marker in matched source or product; Rakuten booksGenreId=001001001006; rakutenProductUrl=https://books.rakuten.co.jp/rb/12270806/.
candidate-d9a098f6f282e841faf9,safe,日本出版販売「全国書店員が選んだおすすめコミック」 mainstream selection + Rakuten Books manga category,https://hon-hikidashi.jp/news/107527/,2026,2026-08-22,2026-08-22,No explicit adult/TL marker in matched source or product; Rakuten booksGenreId=001001012; rakutenProductUrl=https://books.rakuten.co.jp/rb/18133969/.
candidate-da1db472744ee5e5b9a8,safe,小学館「小学館漫画賞」 mainstream selection + Rakuten Books manga category,https://shogakukan-comic.jp/shogakukan-mangasho-archives,2012,2026-08-22,2026-08-22,No explicit adult/TL marker in matched source or product; Rakuten booksGenreId=001001001014; rakutenProductUrl=https://books.rakuten.co.jp/rb/5435346/.
candidate-da9747a68dbee0670b08,safe,マンガ大賞実行委員会 mainstream selection + Rakuten Books manga category,https://www.mangataisho.com/archives/2015.html,2015,2026-08-22,2026-08-22,No explicit adult/TL marker in matched source or product; Rakuten booksGenreId=001001003009; rakutenProductUrl=https://books.rakuten.co.jp/rb/12818583/.
candidate-da98a01b4d345bd9c415,safe,マンガ大賞実行委員会 mainstream selection + Rakuten Books manga category,https://www.mangataisho.com/archives/2010.html,2010,2026-08-22,2026-08-22,No explicit adult/TL marker in matched source or product; Rakuten booksGenreId=001001003041; rakutenProductUrl=https://books.rakuten.co.jp/rb/6057566/.
candidate-daf29296d526d675c31d,safe,マンガ大賞実行委員会 mainstream selection + Rakuten Books manga category,https://www.mangataisho.com/archives/2012.html,2012,2026-08-22,2026-08-22,No explicit adult/TL marker in matched source or product; Rakuten booksGenreId=001021002036/001001012; rakutenProductUrl=https://books.rakuten.co.jp/rb/11259670/.
candidate-daf65c6f2cce3e076dfa,safe,宝島社「このマンガがすごい！」編集部 mainstream selection + Rakuten Books manga category,https://sugoiweb.jp/column/4894/,2019-12-20,2026-08-22,2026-08-22,No explicit adult/TL marker in matched source or product; Rakuten booksGenreId=001001004001; rakutenProductUrl=https://books.rakuten.co.jp/rb/14944186/.
candidate-db2d11a7fb2b7cf2841f,safe,マンガ大賞実行委員会 mainstream selection + Rakuten Books manga category,https://www.mangataisho.com/archives/2013.html,2013,2026-08-22,2026-08-22,No explicit adult/TL marker in matched source or product; Rakuten booksGenreId=001001002020; rakutenProductUrl=https://books.rakuten.co.jp/rb/11771400/.
candidate-db2dcc1ea0999bd3c12b,safe,小学館「小学館漫画賞」 mainstream selection + Rakuten Books manga category,https://shogakukan-comic.jp/shogakukan-mangasho-archives,1985,2026-08-22,2026-08-22,No explicit adult/TL marker in matched source or product; Rakuten booksGenreId=001001001014; rakutenProductUrl=https://books.rakuten.co.jp/rb/624662/.
candidate-db2e3e16c8568d6ff928,safe,日本出版販売「全国書店員が選んだおすすめコミック」 mainstream selection + Rakuten Books manga category,https://hon-hikidashi.jp/event/105418/,2020,2026-08-22,2026-08-22,No explicit adult/TL marker in matched source or product; Rakuten booksGenreId=001001012; rakutenProductUrl=https://books.rakuten.co.jp/rb/15835063/.
candidate-db48ea2327eb5a3ddc09,safe,日本出版販売「全国書店員が選んだおすすめコミック」 mainstream selection + Rakuten Books manga category,https://hon-hikidashi.jp/event/104714/,2006,2026-08-22,2026-08-22,No explicit adult/TL marker in matched source or product; Rakuten booksGenreId=001001003004; rakutenProductUrl=https://books.rakuten.co.jp/rb/1733863/.
candidate-db4a0ec451d7f4ffd8b8,safe,マンガ大賞実行委員会 mainstream selection + Rakuten Books manga category,https://www.mangataisho.com/archives/2008.html,2008,2026-08-22,2026-08-22,No explicit adult/TL marker in matched source or product; Rakuten booksGenreId=001001002009; rakutenProductUrl=https://books.rakuten.co.jp/rb/4043309/.
candidate-db7e875b1436e5ec7d93,safe,KADOKAWA「次にくるマンガ大賞」 mainstream selection + Rakuten Books manga category,https://tsugimanga.jp/winner/2020/comics,2020-08-19,2026-08-22,2026-08-22,No explicit adult/TL marker in matched source or product; Rakuten booksGenreId=001001003059; rakutenProductUrl=https://books.rakuten.co.jp/rb/16224434/.
candidate-db80d94709b62aa8823f,safe,KADOKAWA「次にくるマンガ大賞」 mainstream selection + Rakuten Books manga category,https://tsugimanga.jp/winner/2021/comics,2021-08-24,2026-08-22,2026-08-22,No explicit adult/TL marker in matched source or product; Rakuten booksGenreId=001001001008; rakutenProductUrl=https://books.rakuten.co.jp/rb/16744821/.
candidate-db9f621c30b6732888a7,safe,マンガ大賞実行委員会 mainstream selection + Rakuten Books manga category,https://www.mangataisho.com/archives/2013.html,2013,2026-08-22,2026-08-22,No explicit adult/TL marker in matched source or product; Rakuten booksGenreId=001001012; rakutenProductUrl=https://books.rakuten.co.jp/rb/11509646/.
candidate-dc075e48dceaa2d69f2f,safe,マンガ大賞実行委員会 mainstream selection + Rakuten Books manga category,https://www.mangataisho.com/archives/2011.html,2011,2026-08-22,2026-08-22,No explicit adult/TL marker in matched source or product; Rakuten booksGenreId=001001012; rakutenProductUrl=https://books.rakuten.co.jp/rb/6527035/.
candidate-dc3936af9eee0359e470,safe,マンガ大賞実行委員会 mainstream selection + Rakuten Books manga category,https://www.mangataisho.com/archives/2014.html,2014,2026-08-22,2026-08-22,No explicit adult/TL marker in matched source or product; Rakuten booksGenreId=001001003009; rakutenProductUrl=https://books.rakuten.co.jp/rb/12417236/.
candidate-dc3b5656bc4d5e565193,safe,KADOKAWA「次にくるマンガ大賞」 mainstream selection + Rakuten Books manga category,https://tsugimanga.jp/winner/2020/comics,2020-08-19,2026-08-22,2026-08-22,No explicit adult/TL marker in matched source or product; Rakuten booksGenreId=001001002025; rakutenProductUrl=https://books.rakuten.co.jp/rb/15887945/.
candidate-dc6da46b90e2badecec5,safe,マンガ大賞実行委員会 mainstream selection + Rakuten Books manga category,https://www.mangataisho.com/archives/2008.html,2008,2026-08-22,2026-08-22,No explicit adult/TL marker in matched source or product; Rakuten booksGenreId=001001003008; rakutenProductUrl=https://books.rakuten.co.jp/rb/4373141/.
candidate-dcecba11b11a017b0769,safe,KADOKAWA「次にくるマンガ大賞」 mainstream selection + Rakuten Books manga category,https://tsugimanga.jp/winner/2020/comics,2020-08-19,2026-08-22,2026-08-22,No explicit adult/TL marker in matched source or product; Rakuten booksGenreId=001001003005; rakutenProductUrl=https://books.rakuten.co.jp/rb/15924124/.
candidate-dd6de46fd1faf1d80fe9,safe,小学館「小学館漫画賞」 mainstream selection + Rakuten Books manga category,https://shogakukan-comic.jp/shogakukan-mangasho-archives,2001,2026-08-22,2026-08-22,No explicit adult/TL marker in matched source or product; Rakuten booksGenreId=001001004006/001001002013/001001002008; rakutenProductUrl=https://books.rakuten.co.jp/rb/1126683/.
candidate-dd82b7e95c3acd11d5b9,safe,宝島社「このマンガがすごい！」編集部 mainstream selection + Rakuten Books manga category,https://sugoiweb.jp/column/4868/,2020-12-10,2026-08-22,2026-08-22,No explicit adult/TL marker in matched source or product; Rakuten booksGenreId=001001012; rakutenProductUrl=https://books.rakuten.co.jp/rb/16344574/.
candidate-dda3640b3c37d954ea10,safe,マンガ大賞実行委員会 mainstream selection + Rakuten Books manga category,https://www.mangataisho.com/archives/2011.html,2011,2026-08-22,2026-08-22,No explicit adult/TL marker in matched source or product; Rakuten booksGenreId=001001012; rakutenProductUrl=https://books.rakuten.co.jp/rb/6905894/.
candidate-ddbbd4d4c1e6703df56d,safe,マンガ大賞実行委員会 mainstream selection + Rakuten Books manga category,https://www.mangataisho.com/archives/2015.html,2015,2026-08-22,2026-08-22,No explicit adult/TL marker in matched source or product; Rakuten booksGenreId=001001003026; rakutenProductUrl=https://books.rakuten.co.jp/rb/12086219/.
candidate-de0d02d31acb2fc61560,safe,KADOKAWA「次にくるマンガ大賞」 mainstream selection + Rakuten Books manga category,https://tsugimanga.jp/winner/2017/comics,2017-08-23,2026-08-22,2026-08-22,No explicit adult/TL marker in matched source or product; Rakuten booksGenreId=001001003046; rakutenProductUrl=https://books.rakuten.co.jp/rb/14544418/.
candidate-de2421dc705135180f4e,safe,KADOKAWA「次にくるマンガ大賞」 mainstream selection + Rakuten Books manga category,https://tsugimanga.jp/nominate/comics,2026-06-26,2026-08-22,2026-08-22,No explicit adult/TL marker in matched source or product; Rakuten booksGenreId=001001001008; rakutenProductUrl=https://books.rakuten.co.jp/rb/18723463/.
candidate-de3110c6c63ae56f9119,safe,マンガ大賞実行委員会 mainstream selection + Rakuten Books manga category,https://www.mangataisho.com/archives/2009.html,2009,2026-08-22,2026-08-22,No explicit adult/TL marker in matched source or product; Rakuten booksGenreId=001001003014; rakutenProductUrl=https://books.rakuten.co.jp/rb/5605198/.
candidate-de512cc0e7e15ded52d3,safe,KADOKAWA「次にくるマンガ大賞」 mainstream selection + Rakuten Books manga category,https://tsugimanga.jp/winner/2020/comics,2020-08-19,2026-08-22,2026-08-22,No explicit adult/TL marker in matched source or product; Rakuten booksGenreId=001001003003; rakutenProductUrl=https://books.rakuten.co.jp/rb/15966103/.
candidate-de73c9ac1ab85512a559,safe,マンガ大賞実行委員会 mainstream selection + Rakuten Books manga category,https://www.mangataisho.com/archives/2011.html,2011,2026-08-22,2026-08-22,No explicit adult/TL marker in matched source or product; Rakuten booksGenreId=001001003023; rakutenProductUrl=https://books.rakuten.co.jp/rb/6573334/.
candidate-de79a9b387d5d292ed87,safe,KADOKAWA「次にくるマンガ大賞」 mainstream selection + Rakuten Books manga category,https://tsugimanga.jp/winner/2015/comics,2015-02-06,2026-08-22,2026-08-22,No explicit adult/TL marker in matched source or product; Rakuten booksGenreId=001001012; rakutenProductUrl=https://books.rakuten.co.jp/rb/12458808/.
candidate-de95d79779aa86260278,safe,小学館「小学館漫画賞」 mainstream selection + Rakuten Books manga category,https://shogakukan-comic.jp/shogakukan-mangasho-archives,1995,2026-08-22,2026-08-22,No explicit adult/TL marker in matched source or product; Rakuten booksGenreId=001001012/001009009007; rakutenProductUrl=https://books.rakuten.co.jp/rb/716668/.
candidate-df0b741309f3b8cce8fc,safe,マンガ大賞実行委員会 mainstream selection + Rakuten Books manga category,https://www.mangataisho.com/archives/2013.html,2013,2026-08-22,2026-08-22,No explicit adult/TL marker in matched source or product; Rakuten booksGenreId=001001002011; rakutenProductUrl=https://books.rakuten.co.jp/rb/6723663/.
candidate-df0d01575efd72712b2d,safe,マンガ大賞実行委員会 mainstream selection + Rakuten Books manga category,https://www.mangataisho.com/archives/2012.html,2012,2026-08-22,2026-08-22,No explicit adult/TL marker in matched source or product; Rakuten booksGenreId=001001012; rakutenProductUrl=https://books.rakuten.co.jp/rb/6491302/.
candidate-df29832c2155775e0e7c,safe,マンガ大賞実行委員会 mainstream selection + Rakuten Books manga category,https://www.mangataisho.com/archives/2012.html,2012,2026-08-22,2026-08-22,No explicit adult/TL marker in matched source or product; Rakuten booksGenreId=001001003016; rakutenProductUrl=https://books.rakuten.co.jp/rb/12666671/.
candidate-dfc440048e0d9c38e18f,safe,KADOKAWA「次にくるマンガ大賞」 mainstream selection + Rakuten Books manga category,https://tsugimanga.jp/winner/2019/comics,2019-08-22,2026-08-22,2026-08-22,No explicit adult/TL marker in matched source or product; Rakuten booksGenreId=001001003005; rakutenProductUrl=https://books.rakuten.co.jp/rb/15604008/.
candidate-dfcc697136737c439fe5,safe,日本出版販売「全国書店員が選んだおすすめコミック」 mainstream selection + Rakuten Books manga category,https://hon-hikidashi.jp/event/51345/,2025,2026-08-22,2026-08-22,No explicit adult/TL marker in matched source or product; Rakuten booksGenreId=001001012; rakutenProductUrl=https://books.rakuten.co.jp/rb/17656006/.
candidate-dfd10b4274f7ad62c6df,safe,マンガ大賞実行委員会 mainstream selection + Rakuten Books manga category,https://www.mangataisho.com/archives/2013.html,2013,2026-08-22,2026-08-22,No explicit adult/TL marker in matched source or product; Rakuten booksGenreId=001001003001/001001001001; rakutenProductUrl=https://books.rakuten.co.jp/rb/11364847/.
candidate-dff12ff0939f3b0cd7b6,safe,マンガ大賞実行委員会 mainstream selection + Rakuten Books manga category,https://www.mangataisho.com/archives/2010.html,2010,2026-08-22,2026-08-22,No explicit adult/TL marker in matched source or product; Rakuten booksGenreId=001001003004; rakutenProductUrl=https://books.rakuten.co.jp/rb/5897716/.
candidate-dff3fc1e758a5b8b6ecd,safe,宝島社「このマンガがすごい！」編集部 mainstream selection + Rakuten Books manga category,https://sugoiweb.jp/column/4772/,2022-12-12,2026-08-22,2026-08-22,No explicit adult/TL marker in matched source or product; Rakuten booksGenreId=001001002006; rakutenProductUrl=https://books.rakuten.co.jp/rb/16895033/.
candidate-e033a5e4e862fad93f4a,safe,マンガ大賞実行委員会 mainstream selection + Rakuten Books manga category,https://www.mangataisho.com/archives/2009.html,2009,2026-08-22,2026-08-22,No explicit adult/TL marker in matched source or product; Rakuten booksGenreId=001001003046; rakutenProductUrl=https://books.rakuten.co.jp/rb/4296045/.
candidate-e040638cf171d85d3f57,safe,マンガ大賞実行委員会 mainstream selection + Rakuten Books manga category,https://www.mangataisho.com/archives/2013.html,2013,2026-08-22,2026-08-22,No explicit adult/TL marker in matched source or product; Rakuten booksGenreId=001001012; rakutenProductUrl=https://books.rakuten.co.jp/rb/11754709/.
candidate-e049c9aaf92ba31da8b0,safe,宝島社「このマンガがすごい！」編集部 mainstream selection + Rakuten Books manga category,https://sugoiweb.jp/column/4772/,2022-12-12,2026-08-22,2026-08-22,No explicit adult/TL marker in matched source or product; Rakuten booksGenreId=001001003048; rakutenProductUrl=https://books.rakuten.co.jp/rb/17114770/.
candidate-e06f360662b30911db76,safe,小学館「小学館漫画賞」 mainstream selection + Rakuten Books manga category,https://shogakukan-comic.jp/shogakukan-mangasho-archives,1982,2026-08-22,2026-08-22,No explicit adult/TL marker in matched source or product; Rakuten booksGenreId=001001001009; rakutenProductUrl=https://books.rakuten.co.jp/rb/531570/.
candidate-e08ef57c7a3e923418b0,safe,マンガ大賞実行委員会 mainstream selection + Rakuten Books manga category,https://www.mangataisho.com/archives/2008.html,2008,2026-08-22,2026-08-22,No explicit adult/TL marker in matched source or product; Rakuten booksGenreId=001001004006/001001002008; rakutenProductUrl=https://books.rakuten.co.jp/rb/4453740/.
candidate-e0975e7ae2e7a87b16c4,safe,小学館「小学館漫画賞」 mainstream selection + Rakuten Books manga category,https://shogakukan-comic.jp/shogakukan-mangasho-archives,1980,2026-08-22,2026-08-22,No explicit adult/TL marker in matched source or product; Rakuten booksGenreId=001001003026; rakutenProductUrl=https://books.rakuten.co.jp/rb/8911381/.
candidate-e0afed347e46e8725d01,safe,マンガ大賞実行委員会 mainstream selection + Rakuten Books manga category,https://www.mangataisho.com/archives/2010.html,2010,2026-08-22,2026-08-22,No explicit adult/TL marker in matched source or product; Rakuten booksGenreId=001001003004; rakutenProductUrl=https://books.rakuten.co.jp/rb/5943688/.
candidate-e0f7aea6f7815787b48f,safe,KADOKAWA「次にくるマンガ大賞」 mainstream selection + Rakuten Books manga category,https://tsugimanga.jp/winner/2017/comics,2017-08-23,2026-08-22,2026-08-22,No explicit adult/TL marker in matched source or product; Rakuten booksGenreId=001001001006; rakutenProductUrl=https://books.rakuten.co.jp/rb/14274994/.
candidate-e126cf6be53bb5ea3f1b,safe,KADOKAWA「次にくるマンガ大賞」 mainstream selection + Rakuten Books manga category,https://tsugimanga.jp/winner/2020/comics,2020-08-19,2026-08-22,2026-08-22,No explicit adult/TL marker in matched source or product; Rakuten booksGenreId=001001003049; rakutenProductUrl=https://books.rakuten.co.jp/rb/16494306/.
candidate-e1434379b867335a6916,safe,マンガ大賞実行委員会 mainstream selection + Rakuten Books manga category,https://www.mangataisho.com/archives/2010.html,2010,2026-08-22,2026-08-22,No explicit adult/TL marker in matched source or product; Rakuten booksGenreId=001001003041; rakutenProductUrl=https://books.rakuten.co.jp/rb/4453770/.
candidate-e1447f60f1b4ee41a3a4,safe,マンガ大賞実行委員会 mainstream selection + Rakuten Books manga category,https://www.mangataisho.com/archives/2012.html,2012,2026-08-22,2026-08-22,No explicit adult/TL marker in matched source or product; Rakuten booksGenreId=001001003032; rakutenProductUrl=https://books.rakuten.co.jp/rb/11229548/.
candidate-e16a1c7a8841a4c19515,safe,日本出版販売「全国書店員が選んだおすすめコミック」 mainstream selection + Rakuten Books manga category,https://www.honyaclub.com/shop/pages/osusume_comic2014.aspx?affiliate=osusumec14,2014,2026-08-22,2026-08-22,No explicit adult/TL marker in matched source or product; Rakuten booksGenreId=001001002004; rakutenProductUrl=https://books.rakuten.co.jp/rb/12235167/.
candidate-e1b5ab2dd9de583305b6,safe,日本出版販売「全国書店員が選んだおすすめコミック」 mainstream selection + Rakuten Books manga category,https://www.honyaclub.com/shop/pages/osusumecomic2019.aspx,2019,2026-08-22,2026-08-22,No explicit adult/TL marker in matched source or product; Rakuten booksGenreId=001001001008; rakutenProductUrl=https://books.rakuten.co.jp/rb/15376680/.
candidate-e1c30fef81f7ecae62de,safe,マンガ大賞実行委員会 mainstream selection + Rakuten Books manga category,https://www.mangataisho.com/archives/2008.html,2008,2026-08-22,2026-08-22,No explicit adult/TL marker in matched source or product; Rakuten booksGenreId=001001002012; rakutenProductUrl=https://books.rakuten.co.jp/rb/1745076/.
candidate-e2baae997e409dd21d77,safe,KADOKAWA「次にくるマンガ大賞」 mainstream selection + Rakuten Books manga category,https://tsugimanga.jp/winner/2025/comics,2025-09-18,2026-08-22,2026-08-22,No explicit adult/TL marker in matched source or product; Rakuten booksGenreId=001001001009; rakutenProductUrl=https://books.rakuten.co.jp/rb/18058611/.
candidate-e2d431f732c0714c090b,safe,小学館「小学館漫画賞」 mainstream selection + Rakuten Books manga category,https://shogakukan-comic.jp/shogakukan-mangasho-archives,2021,2026-08-22,2026-08-22,No explicit adult/TL marker in matched source or product; Rakuten booksGenreId=001001002006; rakutenProductUrl=https://books.rakuten.co.jp/rb/16101040/.
candidate-e2f095e08fc5e08d5a2b,safe,KADOKAWA「次にくるマンガ大賞」 mainstream selection + Rakuten Books manga category,https://tsugimanga.jp/winner/2016/comics,2016-02-04,2026-08-22,2026-08-22,No explicit adult/TL marker in matched source or product; Rakuten booksGenreId=001001002009; rakutenProductUrl=https://books.rakuten.co.jp/rb/13116201/.
candidate-e3b284d0d5dbc4382472,safe,マンガ大賞実行委員会 mainstream selection + Rakuten Books manga category,https://www.mangataisho.com/archives/2015.html,2015,2026-08-22,2026-08-22,No explicit adult/TL marker in matched source or product; Rakuten booksGenreId=001001003026; rakutenProductUrl=https://books.rakuten.co.jp/rb/12602613/.
candidate-e3e3b06b24e96ca6c417,safe,KADOKAWA「次にくるマンガ大賞」 mainstream selection + Rakuten Books manga category,https://tsugimanga.jp/winner/2022/comics,2022-08-31,2026-08-22,2026-08-22,No explicit adult/TL marker in matched source or product; Rakuten booksGenreId=001001001009; rakutenProductUrl=https://books.rakuten.co.jp/rb/17199067/.
candidate-e3eacb6c3f326331e50d,safe,マンガ大賞実行委員会 mainstream selection + Rakuten Books manga category,https://www.mangataisho.com/archives/2014.html,2014,2026-08-22,2026-08-22,No explicit adult/TL marker in matched source or product; Rakuten booksGenreId=001001001008; rakutenProductUrl=https://books.rakuten.co.jp/rb/12199785/.
candidate-e430a7451b1b1317c043,safe,マンガ大賞実行委員会 mainstream selection + Rakuten Books manga category,https://www.mangataisho.com/archives/2010.html,2010,2026-08-22,2026-08-22,No explicit adult/TL marker in matched source or product; Rakuten booksGenreId=001001012; rakutenProductUrl=https://books.rakuten.co.jp/rb/6151037/.
candidate-e48de2a8b3d678ceb47d,safe,マンガ大賞実行委員会 mainstream selection + Rakuten Books manga category,https://www.mangataisho.com/archives/2008.html,2008,2026-08-22,2026-08-22,No explicit adult/TL marker in matched source or product; Rakuten booksGenreId=001001003018; rakutenProductUrl=https://books.rakuten.co.jp/rb/3690695/.
candidate-e4c4435d459ab5ae1aa4,safe,マンガ大賞実行委員会 mainstream selection + Rakuten Books manga category,https://www.mangataisho.com/archives/2013.html,2013,2026-08-22,2026-08-22,No explicit adult/TL marker in matched source or product; Rakuten booksGenreId=001001002006; rakutenProductUrl=https://books.rakuten.co.jp/rb/11684434/.
candidate-e4ef6ec32d4d111a15ce,safe,マンガ大賞実行委員会 mainstream selection + Rakuten Books manga category,https://www.mangataisho.com/archives/2010.html,2010,2026-08-22,2026-08-22,No explicit adult/TL marker in matched source or product; Rakuten booksGenreId=001001003035; rakutenProductUrl=https://books.rakuten.co.jp/rb/6025368/.
candidate-e4f24751c13de2b9b8d5,safe,マンガ大賞実行委員会 mainstream selection + Rakuten Books manga category,https://www.mangataisho.com/archives/2010.html,2010,2026-08-22,2026-08-22,No explicit adult/TL marker in matched source or product; Rakuten booksGenreId=001001003044; rakutenProductUrl=https://books.rakuten.co.jp/rb/6217670/.
candidate-e54b7f8315b3ef48677d,safe,マンガ大賞実行委員会 mainstream selection + Rakuten Books manga category,https://www.mangataisho.com/archives/2011.html,2011,2026-08-22,2026-08-22,No explicit adult/TL marker in matched source or product; Rakuten booksGenreId=001001002005; rakutenProductUrl=https://books.rakuten.co.jp/rb/4390095/.
candidate-e5508319d945331219b1,safe,マンガ大賞実行委員会 mainstream selection + Rakuten Books manga category,https://www.mangataisho.com/archives/2008.html,2008,2026-08-22,2026-08-22,No explicit adult/TL marker in matched source or product; Rakuten booksGenreId=001001003009; rakutenProductUrl=https://books.rakuten.co.jp/rb/4332860/.
candidate-e5998ca4f3e0f450bb74,safe,マンガ大賞実行委員会 mainstream selection + Rakuten Books manga category,https://www.mangataisho.com/archives/2008.html,2008,2026-08-22,2026-08-22,No explicit adult/TL marker in matched source or product; Rakuten booksGenreId=001001003004; rakutenProductUrl=https://books.rakuten.co.jp/rb/3682797/.
candidate-e5a246728eaa431e66aa,safe,マンガ大賞実行委員会 mainstream selection + Rakuten Books manga category,https://www.mangataisho.com/archives/2011.html,2011,2026-08-22,2026-08-22,No explicit adult/TL marker in matched source or product; Rakuten booksGenreId=001001012; rakutenProductUrl=https://books.rakuten.co.jp/rb/6482236/.
candidate-e5ab5136280cf59da6bb,safe,マンガ大賞実行委員会 mainstream selection + Rakuten Books manga category,https://www.mangataisho.com/archives/2010.html,2010,2026-08-22,2026-08-22,No explicit adult/TL marker in matched source or product; Rakuten booksGenreId=001001003004; rakutenProductUrl=https://books.rakuten.co.jp/rb/6003702/.
candidate-e5d006a0e329882e64a5,safe,KADOKAWA「次にくるマンガ大賞」 mainstream selection + Rakuten Books manga category,https://tsugimanga.jp/winner/2024/comics,2024-08-28,2026-08-22,2026-08-22,No explicit adult/TL marker in matched source or product; Rakuten booksGenreId=001001001006; rakutenProductUrl=https://books.rakuten.co.jp/rb/17643635/.
candidate-e658d3aee2e33c17aa38,safe,KADOKAWA「次にくるマンガ大賞」 mainstream selection + Rakuten Books manga category,https://tsugimanga.jp/winner/2015/comics,2015-02-06,2026-08-22,2026-08-22,No explicit adult/TL marker in matched source or product; Rakuten booksGenreId=001001003049/001001003017; rakutenProductUrl=https://books.rakuten.co.jp/rb/12086390/.
candidate-e6bc028ff1dede64e0b1,safe,マンガ大賞実行委員会 mainstream selection + Rakuten Books manga category,https://www.mangataisho.com/archives/2010.html,2010,2026-08-22,2026-08-22,No explicit adult/TL marker in matched source or product; Rakuten booksGenreId=001001003057; rakutenProductUrl=https://books.rakuten.co.jp/rb/6058379/.
candidate-e6e744db481766c463b3,safe,KADOKAWA「次にくるマンガ大賞」 mainstream selection + Rakuten Books manga category,https://tsugimanga.jp/nominate/comics,2026-06-26,2026-08-22,2026-08-22,No explicit adult/TL marker in matched source or product; Rakuten booksGenreId=001001003005; rakutenProductUrl=https://books.rakuten.co.jp/rb/17883662/.
candidate-e6ee3d38e7e43da54028,safe,マンガ大賞実行委員会 mainstream selection + Rakuten Books manga category,https://www.mangataisho.com/archives/2008.html,2008,2026-08-22,2026-08-22,No explicit adult/TL marker in matched source or product; Rakuten booksGenreId=001001001001; rakutenProductUrl=https://books.rakuten.co.jp/rb/3580897/.
candidate-e74460a914133493e11e,safe,マンガ大賞実行委員会 mainstream selection + Rakuten Books manga category,https://www.mangataisho.com/archives/2014.html,2014,2026-08-22,2026-08-22,No explicit adult/TL marker in matched source or product; Rakuten booksGenreId=001001012; rakutenProductUrl=https://books.rakuten.co.jp/rb/12504622/.
candidate-e7654f6737cf01051e67,safe,小学館「小学館漫画賞」 mainstream selection + Rakuten Books manga category,https://shogakukan-comic.jp/shogakukan-mangasho-archives,1993,2026-08-22,2026-08-22,No explicit adult/TL marker in matched source or product; Rakuten booksGenreId=001001004006/001001002008; rakutenProductUrl=https://books.rakuten.co.jp/rb/554210/.
candidate-e76e62a846260dc04914,safe,KADOKAWA「次にくるマンガ大賞」 mainstream selection + Rakuten Books manga category,https://tsugimanga.jp/winner/2018/comics,2018-08-23,2026-08-22,2026-08-22,No explicit adult/TL marker in matched source or product; Rakuten booksGenreId=001001003004; rakutenProductUrl=https://books.rakuten.co.jp/rb/14545255/.
candidate-e77bba43057fae9a479b,safe,小学館「小学館漫画賞」 mainstream selection + Rakuten Books manga category,https://shogakukan-comic.jp/shogakukan-mangasho-archives,2005,2026-08-22,2026-08-22,No explicit adult/TL marker in matched source or product; Rakuten booksGenreId=001001002007; rakutenProductUrl=https://books.rakuten.co.jp/rb/1316204/.
candidate-e7adc74b361fe17f18c2,safe,マンガ大賞実行委員会 mainstream selection + Rakuten Books manga category,https://www.mangataisho.com/archives/2011.html,2011,2026-08-22,2026-08-22,No explicit adult/TL marker in matched source or product; Rakuten booksGenreId=001001002012; rakutenProductUrl=https://books.rakuten.co.jp/rb/1591944/.
candidate-e7c99b3b140c24e6d723,safe,マンガ大賞実行委員会 mainstream selection + Rakuten Books manga category,https://www.mangataisho.com/archives/2014.html,2014,2026-08-22,2026-08-22,No explicit adult/TL marker in matched source or product; Rakuten booksGenreId=001001003009; rakutenProductUrl=https://books.rakuten.co.jp/rb/12417256/.
candidate-e7ef16104220e2ab2e6b,safe,マンガ大賞実行委員会 mainstream selection + Rakuten Books manga category,https://www.mangataisho.com/archives/2010.html,2010,2026-08-22,2026-08-22,No explicit adult/TL marker in matched source or product; Rakuten booksGenreId=001001003019; rakutenProductUrl=https://books.rakuten.co.jp/rb/5850207/.
candidate-e7f930a01c7c9fa5d9e9,safe,マンガ大賞実行委員会 mainstream selection + Rakuten Books manga category,https://www.mangataisho.com/archives/2012.html,2012,2026-08-22,2026-08-22,No explicit adult/TL marker in matched source or product; Rakuten booksGenreId=001001012; rakutenProductUrl=https://books.rakuten.co.jp/rb/11309110/.
candidate-e81955a9fc5c4d84580f,safe,KADOKAWA「次にくるマンガ大賞」 mainstream selection + Rakuten Books manga category,https://tsugimanga.jp/winner/2018/comics,2018-08-23,2026-08-22,2026-08-22,No explicit adult/TL marker in matched source or product; Rakuten booksGenreId=001001003005; rakutenProductUrl=https://books.rakuten.co.jp/rb/15209083/.
candidate-e83b8d9f87953ddd20fd,safe,KADOKAWA「次にくるマンガ大賞」 mainstream selection + Rakuten Books manga category,https://tsugimanga.jp/winner/2017/comics,2017-08-23,2026-08-22,2026-08-22,No explicit adult/TL marker in matched source or product; Rakuten booksGenreId=001001001002; rakutenProductUrl=https://books.rakuten.co.jp/rb/14637945/.
candidate-e846148224265dc2cd39,safe,マンガ大賞実行委員会 mainstream selection + Rakuten Books manga category,https://www.mangataisho.com/archives/2015.html,2015,2026-08-22,2026-08-22,No explicit adult/TL marker in matched source or product; Rakuten booksGenreId=001001003046; rakutenProductUrl=https://books.rakuten.co.jp/rb/12724643/.
candidate-e86a34fbbb38ce4293a7,safe,マンガ大賞実行委員会 mainstream selection + Rakuten Books manga category,https://www.mangataisho.com/archives/2014.html,2014,2026-08-22,2026-08-22,No explicit adult/TL marker in matched source or product; Rakuten booksGenreId=001001012; rakutenProductUrl=https://books.rakuten.co.jp/rb/11259126/.
candidate-e8d29ca977ebb296d54b,safe,日本出版販売「全国書店員が選んだおすすめコミック」 mainstream selection + Rakuten Books manga category,https://hon-hikidashi.jp/event/104752/,2008,2026-08-22,2026-08-22,No explicit adult/TL marker in matched source or product; Rakuten booksGenreId=001001002009; rakutenProductUrl=https://books.rakuten.co.jp/rb/4256366/.
candidate-e906b3eaa9ef9eafe23c,safe,KADOKAWA「次にくるマンガ大賞」 mainstream selection + Rakuten Books manga category,https://tsugimanga.jp/winner/2021/comics,2021-08-24,2026-08-22,2026-08-22,No explicit adult/TL marker in matched source or product; Rakuten booksGenreId=001001003009; rakutenProductUrl=https://books.rakuten.co.jp/rb/16623822/.
candidate-e90794db2fd0302e0eec,safe,日本出版販売「全国書店員が選んだおすすめコミック」 mainstream selection + Rakuten Books manga category,https://www.honyaclub.com/shop/pages/osusumecomic2019.aspx,2019,2026-08-22,2026-08-22,No explicit adult/TL marker in matched source or product; Rakuten booksGenreId=001001012; rakutenProductUrl=https://books.rakuten.co.jp/rb/15472196/.
candidate-e90bfb1f7f9855d05d00,safe,KADOKAWA「次にくるマンガ大賞」 mainstream selection + Rakuten Books manga category,https://tsugimanga.jp/winner/2025/comics,2025-09-18,2026-08-22,2026-08-22,No explicit adult/TL marker in matched source or product; Rakuten booksGenreId=001001001009; rakutenProductUrl=https://books.rakuten.co.jp/rb/17931318/.
candidate-e918f08288c77864d185,safe,マンガ大賞実行委員会 mainstream selection + Rakuten Books manga category,https://www.mangataisho.com/archives/2008.html,2008,2026-08-22,2026-08-22,No explicit adult/TL marker in matched source or product; Rakuten booksGenreId=001001004008; rakutenProductUrl=https://books.rakuten.co.jp/rb/1670535/.
candidate-e93a47139404139c0f8b,safe,KADOKAWA「次にくるマンガ大賞」 mainstream selection + Rakuten Books manga category,https://tsugimanga.jp/winner/2019/comics,2019-08-22,2026-08-22,2026-08-22,No explicit adult/TL marker in matched source or product; Rakuten booksGenreId=001001003046; rakutenProductUrl=https://books.rakuten.co.jp/rb/15447537/.
candidate-e9460bc576bee1f982f5,safe,マンガ大賞実行委員会 mainstream selection + Rakuten Books manga category,https://www.mangataisho.com/archives/2011.html,2011,2026-08-22,2026-08-22,No explicit adult/TL marker in matched source or product; Rakuten booksGenreId=001001003049/001001003017; rakutenProductUrl=https://books.rakuten.co.jp/rb/6403452/.
candidate-e99f152e90e3c541c48e,safe,KADOKAWA「次にくるマンガ大賞」 mainstream selection + Rakuten Books manga category,https://tsugimanga.jp/winner/2016/comics,2016-02-04,2026-08-22,2026-08-22,No explicit adult/TL marker in matched source or product; Rakuten booksGenreId=001001003005; rakutenProductUrl=https://books.rakuten.co.jp/rb/13102185/.
candidate-e99f79fc2d28a5b74951,safe,KADOKAWA「次にくるマンガ大賞」 mainstream selection + Rakuten Books manga category,https://tsugimanga.jp/winner/2022/comics,2022-08-31,2026-08-22,2026-08-22,No explicit adult/TL marker in matched source or product; Rakuten booksGenreId=001001002025; rakutenProductUrl=https://books.rakuten.co.jp/rb/16714316/.
candidate-e9e3a50943030f45254f,safe,KADOKAWA「次にくるマンガ大賞」 mainstream selection + Rakuten Books manga category,https://tsugimanga.jp/winner/2023/comics,2023-08-31,2026-08-22,2026-08-22,No explicit adult/TL marker in matched source or product; Rakuten booksGenreId=001001003003; rakutenProductUrl=https://books.rakuten.co.jp/rb/17411343/.
candidate-ea19faa21a38167db8c4,safe,マンガ大賞実行委員会 mainstream selection + Rakuten Books manga category,https://www.mangataisho.com/archives/2010.html,2010,2026-08-22,2026-08-22,No explicit adult/TL marker in matched source or product; Rakuten booksGenreId=001001012; rakutenProductUrl=https://books.rakuten.co.jp/rb/5975720/.
candidate-ea293776a1e463f030de,safe,マンガ大賞実行委員会 mainstream selection + Rakuten Books manga category,https://www.mangataisho.com/archives/2009.html,2009,2026-08-22,2026-08-22,No explicit adult/TL marker in matched source or product; Rakuten booksGenreId=001001004006/001001002008; rakutenProductUrl=https://books.rakuten.co.jp/rb/4249242/.
candidate-ea41ee65245a0dbdc4a8,safe,マンガ大賞実行委員会 mainstream selection + Rakuten Books manga category,https://www.mangataisho.com/archives/2011.html,2011,2026-08-22,2026-08-22,No explicit adult/TL marker in matched source or product; Rakuten booksGenreId=001001001002; rakutenProductUrl=https://books.rakuten.co.jp/rb/6315051/.
candidate-ea43de2c72ebf3a1f7a2,safe,KADOKAWA「次にくるマンガ大賞」 mainstream selection + Rakuten Books manga category,https://tsugimanga.jp/winner/2016/comics,2016-02-04,2026-08-22,2026-08-22,No explicit adult/TL marker in matched source or product; Rakuten booksGenreId=001001003005; rakutenProductUrl=https://books.rakuten.co.jp/rb/13075956/.
candidate-eb24b7d129086e28f8d8,safe,マンガ大賞実行委員会 mainstream selection + Rakuten Books manga category,https://www.mangataisho.com/archives/2010.html,2010,2026-08-22,2026-08-22,No explicit adult/TL marker in matched source or product; Rakuten booksGenreId=001001003022; rakutenProductUrl=https://books.rakuten.co.jp/rb/6148472/.
candidate-eba3361953777aea44a9,safe,マンガ大賞実行委員会 mainstream selection + Rakuten Books manga category,https://www.mangataisho.com/archives/2008.html,2008,2026-08-22,2026-08-22,No explicit adult/TL marker in matched source or product; Rakuten booksGenreId=001001003008; rakutenProductUrl=https://books.rakuten.co.jp/rb/4063350/.
candidate-ebb9ccbb6b21dff22f36,safe,マンガ大賞実行委員会 mainstream selection + Rakuten Books manga category,https://www.mangataisho.com/archives/2011.html,2011,2026-08-22,2026-08-22,No explicit adult/TL marker in matched source or product; Rakuten booksGenreId=001001003009; rakutenProductUrl=https://books.rakuten.co.jp/rb/6483769/.
candidate-ebe399258f28460b8f9b,safe,マンガ大賞実行委員会 mainstream selection + Rakuten Books manga category,https://www.mangataisho.com/archives/2008.html,2008,2026-08-22,2026-08-22,No explicit adult/TL marker in matched source or product; Rakuten booksGenreId=001001012; rakutenProductUrl=https://books.rakuten.co.jp/rb/4107954/.
candidate-ec07b1d455a27bb18aca,safe,マンガ大賞実行委員会 mainstream selection + Rakuten Books manga category,https://www.mangataisho.com/archives/2009.html,2009,2026-08-22,2026-08-22,No explicit adult/TL marker in matched source or product; Rakuten booksGenreId=001001001001; rakutenProductUrl=https://books.rakuten.co.jp/rb/5742511/.
candidate-ec0ac27e8c084278c495,safe,KADOKAWA「次にくるマンガ大賞」 mainstream selection + Rakuten Books manga category,https://tsugimanga.jp/winner/2016/comics,2016-02-04,2026-08-22,2026-08-22,No explicit adult/TL marker in matched source or product; Rakuten booksGenreId=001001003003; rakutenProductUrl=https://books.rakuten.co.jp/rb/13308186/.
candidate-ec452fee9d555a052aeb,safe,マンガ大賞実行委員会 mainstream selection + Rakuten Books manga category,https://www.mangataisho.com/archives/2015.html,2015,2026-08-22,2026-08-22,No explicit adult/TL marker in matched source or product; Rakuten booksGenreId=001001012; rakutenProductUrl=https://books.rakuten.co.jp/rb/12637042/.
candidate-ec57ca4782916aea3f87,safe,KADOKAWA「次にくるマンガ大賞」 mainstream selection + Rakuten Books manga category,https://tsugimanga.jp/winner/2025/comics,2025-09-18,2026-08-22,2026-08-22,No explicit adult/TL marker in matched source or product; Rakuten booksGenreId=001001001009; rakutenProductUrl=https://books.rakuten.co.jp/rb/18142305/.
candidate-ec63c8160558bfd70d68,safe,マンガ大賞実行委員会 mainstream selection + Rakuten Books manga category,https://www.mangataisho.com/archives/2009.html,2009,2026-08-22,2026-08-22,No explicit adult/TL marker in matched source or product; Rakuten booksGenreId=001001002009; rakutenProductUrl=https://books.rakuten.co.jp/rb/4423754/.
candidate-ec7cdc3a358aff954a42,safe,KADOKAWA「次にくるマンガ大賞」 mainstream selection + Rakuten Books manga category,https://tsugimanga.jp/winner/2017/comics,2017-08-23,2026-08-22,2026-08-22,No explicit adult/TL marker in matched source or product; Rakuten booksGenreId=001001003004/001011009; rakutenProductUrl=https://books.rakuten.co.jp/rb/13486824/.
candidate-ec7d4acc56def479b441,safe,小学館「小学館漫画賞」 mainstream selection + Rakuten Books manga category,https://shogakukan-comic.jp/shogakukan-mangasho-archives,2005,2026-08-22,2026-08-22,No explicit adult/TL marker in matched source or product; Rakuten booksGenreId=001001003009; rakutenProductUrl=https://books.rakuten.co.jp/rb/1562627/.
candidate-ed0eae57affd8e19670d,safe,KADOKAWA「次にくるマンガ大賞」 mainstream selection + Rakuten Books manga category,https://tsugimanga.jp/winner/2019/comics,2019-08-22,2026-08-22,2026-08-22,No explicit adult/TL marker in matched source or product; Rakuten booksGenreId=001001001002; rakutenProductUrl=https://books.rakuten.co.jp/rb/15074655/.
candidate-ed105eacfbbb8d4d6da3,safe,マンガ大賞実行委員会 mainstream selection + Rakuten Books manga category,https://www.mangataisho.com/archives/2010.html,2010,2026-08-22,2026-08-22,No explicit adult/TL marker in matched source or product; Rakuten booksGenreId=001001003026; rakutenProductUrl=https://books.rakuten.co.jp/rb/5842798/.
candidate-ed80f839bc14276b6ac8,safe,マンガ大賞実行委員会 mainstream selection + Rakuten Books manga category,https://www.mangataisho.com/archives/2009.html,2009,2026-08-22,2026-08-22,No explicit adult/TL marker in matched source or product; Rakuten booksGenreId=001021002031/001001012; rakutenProductUrl=https://books.rakuten.co.jp/rb/5907363/.
candidate-edc3e1cd9b365568bf18,safe,KADOKAWA「次にくるマンガ大賞」 mainstream selection + Rakuten Books manga category,https://tsugimanga.jp/winner/2017/comics,2017-08-23,2026-08-22,2026-08-22,No explicit adult/TL marker in matched source or product; Rakuten booksGenreId=001001012/001001003010; rakutenProductUrl=https://books.rakuten.co.jp/rb/14892569/.
candidate-edcbb989a168e5a4d0a3,safe,マンガ大賞実行委員会 mainstream selection + Rakuten Books manga category,https://www.mangataisho.com/archives/2010.html,2010,2026-08-22,2026-08-22,No explicit adult/TL marker in matched source or product; Rakuten booksGenreId=001001012; rakutenProductUrl=https://books.rakuten.co.jp/rb/6228648/.
candidate-edd5a737d6ae4a09bb55,safe,マンガ大賞実行委員会 mainstream selection + Rakuten Books manga category,https://www.mangataisho.com/archives/2015.html,2015,2026-08-22,2026-08-22,No explicit adult/TL marker in matched source or product; Rakuten booksGenreId=001001003044; rakutenProductUrl=https://books.rakuten.co.jp/rb/12906516/.
candidate-ee018730dbae5692a351,safe,マンガ大賞実行委員会 mainstream selection + Rakuten Books manga category,https://www.mangataisho.com/archives/2013.html,2013,2026-08-22,2026-08-22,No explicit adult/TL marker in matched source or product; Rakuten booksGenreId=001001001002; rakutenProductUrl=https://books.rakuten.co.jp/rb/6075103/.
candidate-ee4e60a297cec0bf66ce,safe,マンガ大賞実行委員会 mainstream selection + Rakuten Books manga category,https://www.mangataisho.com/archives/2010.html,2010,2026-08-22,2026-08-22,No explicit adult/TL marker in matched source or product; Rakuten booksGenreId=001001003023; rakutenProductUrl=https://books.rakuten.co.jp/rb/6203194/.
candidate-ee80fc6c6aa7d1271ace,safe,マンガ大賞実行委員会 mainstream selection + Rakuten Books manga category,https://www.mangataisho.com/archives/2012.html,2012,2026-08-22,2026-08-22,No explicit adult/TL marker in matched source or product; Rakuten booksGenreId=001001012; rakutenProductUrl=https://books.rakuten.co.jp/rb/7000137/.
candidate-ee9548f201e9e0790e9d,safe,KADOKAWA「次にくるマンガ大賞」 mainstream selection + Rakuten Books manga category,https://tsugimanga.jp/winner/2015/comics,2015-02-06,2026-08-22,2026-08-22,No explicit adult/TL marker in matched source or product; Rakuten booksGenreId=001001001009; rakutenProductUrl=https://books.rakuten.co.jp/rb/12455809/.
candidate-eed309ede383686af0bd,safe,マンガ大賞実行委員会 mainstream selection + Rakuten Books manga category,https://www.mangataisho.com/archives/2014.html,2014,2026-08-22,2026-08-22,No explicit adult/TL marker in matched source or product; Rakuten booksGenreId=001001003046; rakutenProductUrl=https://books.rakuten.co.jp/rb/11480049/.
candidate-eeead0338f5f55c4120c,safe,小学館「小学館漫画賞」 mainstream selection + Rakuten Books manga category,https://shogakukan-comic.jp/shogakukan-mangasho-archives,1978,2026-08-22,2026-08-22,No explicit adult/TL marker in matched source or product; Rakuten booksGenreId=001001003009; rakutenProductUrl=https://books.rakuten.co.jp/rb/806620/.
candidate-eef84d07d90ba2b040cf,safe,宝島社「このマンガがすごい！」編集部 mainstream selection + Rakuten Books manga category,https://sugoiweb.jp/column/4772/,2022-12-12,2026-08-22,2026-08-22,No explicit adult/TL marker in matched source or product; Rakuten booksGenreId=001001001008; rakutenProductUrl=https://books.rakuten.co.jp/rb/17165188/.
candidate-ef1bdac46a0956a87f7f,safe,宝島社「このマンガがすごい！」編集部 mainstream selection + Rakuten Books manga category,https://sugoiweb.jp/column/4772/,2022-12-12,2026-08-22,2026-08-22,No explicit adult/TL marker in matched source or product; Rakuten booksGenreId=001001001008; rakutenProductUrl=https://books.rakuten.co.jp/rb/17029413/.
candidate-ef29e3038497d59e3c0c,safe,日本出版販売「全国書店員が選んだおすすめコミック」 mainstream selection + Rakuten Books manga category,https://www.honyaclub.com/shop/pages/osusumecomic2017.aspx?affiliate=osusumec17,2017,2026-08-22,2026-08-22,No explicit adult/TL marker in matched source or product; Rakuten booksGenreId=001001001006; rakutenProductUrl=https://books.rakuten.co.jp/rb/13521446/.
candidate-ef7106f6a387c9860877,safe,マンガ大賞実行委員会 mainstream selection + Rakuten Books manga category,https://www.mangataisho.com/archives/2014.html,2014,2026-08-22,2026-08-22,No explicit adult/TL marker in matched source or product; Rakuten booksGenreId=001001003009; rakutenProductUrl=https://books.rakuten.co.jp/rb/12166286/.
candidate-efbed1783d3de246e757,safe,マンガ大賞実行委員会 mainstream selection + Rakuten Books manga category,https://www.mangataisho.com/archives/2015.html,2015,2026-08-22,2026-08-22,No explicit adult/TL marker in matched source or product; Rakuten booksGenreId=001001001006; rakutenProductUrl=https://books.rakuten.co.jp/rb/12662872/.
candidate-efd65d585d5af4191482,safe,マンガ大賞実行委員会 mainstream selection + Rakuten Books manga category,https://www.mangataisho.com/archives/2008.html,2008,2026-08-22,2026-08-22,No explicit adult/TL marker in matched source or product; Rakuten booksGenreId=001001012; rakutenProductUrl=https://books.rakuten.co.jp/rb/3637626/.
candidate-efe3b9b2fc6373ae767a,safe,マンガ大賞実行委員会 mainstream selection + Rakuten Books manga category,https://www.mangataisho.com/archives/2015.html,2015,2026-08-22,2026-08-22,No explicit adult/TL marker in matched source or product; Rakuten booksGenreId=001001003004; rakutenProductUrl=https://books.rakuten.co.jp/rb/12748529/.
candidate-f026e913432b49d70ef0,safe,マンガ大賞実行委員会 mainstream selection + Rakuten Books manga category,https://www.mangataisho.com/archives/2015.html,2015,2026-08-22,2026-08-22,No explicit adult/TL marker in matched source or product; Rakuten booksGenreId=001001003015; rakutenProductUrl=https://books.rakuten.co.jp/rb/12984872/.
candidate-f09840faaea9207deb5b,safe,小学館「小学館漫画賞」 mainstream selection + Rakuten Books manga category,https://shogakukan-comic.jp/shogakukan-mangasho-archives,1992,2026-08-22,2026-08-22,No explicit adult/TL marker in matched source or product; Rakuten booksGenreId=001001012; rakutenProductUrl=https://books.rakuten.co.jp/rb/5955871/.
candidate-f0f53d813f709aedec1d,safe,マンガ大賞実行委員会 mainstream selection + Rakuten Books manga category,https://www.mangataisho.com/archives/2015.html,2015,2026-08-22,2026-08-22,No explicit adult/TL marker in matched source or product; Rakuten booksGenreId=001001003016; rakutenProductUrl=https://books.rakuten.co.jp/rb/12727239/.
candidate-f117d1a9a377b05fa84d,safe,マンガ大賞実行委員会 mainstream selection + Rakuten Books manga category,https://www.mangataisho.com/archives/2018.html,2018,2026-08-22,2026-08-22,No explicit adult/TL marker in matched source or product; Rakuten booksGenreId=001001003015; rakutenProductUrl=https://books.rakuten.co.jp/rb/15207929/.
candidate-f133bdd6bef70b7542de,safe,KADOKAWA「次にくるマンガ大賞」 mainstream selection + Rakuten Books manga category,https://tsugimanga.jp/winner/2015/comics,2015-02-06,2026-08-22,2026-08-22,No explicit adult/TL marker in matched source or product; Rakuten booksGenreId=001001003004; rakutenProductUrl=https://books.rakuten.co.jp/rb/12653103/.
candidate-f148f0c5d7cf61a97c73,safe,小学館「小学館漫画賞」 mainstream selection + Rakuten Books manga category,https://shogakukan-comic.jp/shogakukan-mangasho-archives,2020,2026-08-22,2026-08-22,No explicit adult/TL marker in matched source or product; Rakuten booksGenreId=001001004006/001001002008; rakutenProductUrl=https://books.rakuten.co.jp/rb/15700616/.
candidate-f15ae7745759a254a587,safe,マンガ大賞実行委員会 mainstream selection + Rakuten Books manga category,https://www.mangataisho.com/archives/2012.html,2012,2026-08-22,2026-08-22,No explicit adult/TL marker in matched source or product; Rakuten booksGenreId=001001012; rakutenProductUrl=https://books.rakuten.co.jp/rb/6925862/.
candidate-f1a075d36aa7783f1f64,safe,マンガ大賞実行委員会 mainstream selection + Rakuten Books manga category,https://www.mangataisho.com/archives/2014.html,2014,2026-08-22,2026-08-22,No explicit adult/TL marker in matched source or product; Rakuten booksGenreId=001001003023; rakutenProductUrl=https://books.rakuten.co.jp/rb/12127524/.
candidate-f1a4b39804a85f91fc1e,safe,マンガ大賞実行委員会 mainstream selection + Rakuten Books manga category,https://www.mangataisho.com/archives/2015.html,2015,2026-08-22,2026-08-22,No explicit adult/TL marker in matched source or product; Rakuten booksGenreId=001001003010; rakutenProductUrl=https://books.rakuten.co.jp/rb/12127877/.
candidate-f1c85d1691e352350511,safe,マンガ大賞実行委員会 mainstream selection + Rakuten Books manga category,https://www.mangataisho.com/archives/index.html,2025,2026-08-22,2026-08-22,No explicit adult/TL marker in matched source or product; Rakuten booksGenreId=001001003009; rakutenProductUrl=https://books.rakuten.co.jp/rb/17625842/.
candidate-f1d22b68efa7fbd501ee,safe,マンガ大賞実行委員会 mainstream selection + Rakuten Books manga category,https://www.mangataisho.com/archives/2008.html,2008,2026-08-22,2026-08-22,No explicit adult/TL marker in matched source or product; Rakuten booksGenreId=001001003004; rakutenProductUrl=https://books.rakuten.co.jp/rb/5215326/.
candidate-f2352e76ccf92709ca6e,safe,KADOKAWA「次にくるマンガ大賞」 mainstream selection + Rakuten Books manga category,https://tsugimanga.jp/winner/2024/comics,2024-08-28,2026-08-22,2026-08-22,No explicit adult/TL marker in matched source or product; Rakuten booksGenreId=001001003053/001001003035; rakutenProductUrl=https://books.rakuten.co.jp/rb/17446674/.
candidate-f24f4ffab61f77de3ae3,safe,小学館「小学館漫画賞」 mainstream selection + Rakuten Books manga category,https://shogakukan-comic.jp/shogakukan-mangasho-archives,2022,2026-08-22,2026-08-22,No explicit adult/TL marker in matched source or product; Rakuten booksGenreId=001001012; rakutenProductUrl=https://books.rakuten.co.jp/rb/15005797/.
candidate-f314b1776534e2f35462,safe,マンガ大賞実行委員会 mainstream selection + Rakuten Books manga category,https://www.mangataisho.com/archives/2012.html,2012,2026-08-22,2026-08-22,No explicit adult/TL marker in matched source or product; Rakuten booksGenreId=001001003023; rakutenProductUrl=https://books.rakuten.co.jp/rb/11281798/.
candidate-f31a42ea4ad724acefa5,safe,KADOKAWA「次にくるマンガ大賞」 mainstream selection + Rakuten Books manga category,https://tsugimanga.jp/winner/2015/comics,2015-02-06,2026-08-22,2026-08-22,No explicit adult/TL marker in matched source or product; Rakuten booksGenreId=001001003009; rakutenProductUrl=https://books.rakuten.co.jp/rb/12865834/.
candidate-f31e6caa07e2253b3443,safe,マンガ大賞実行委員会 mainstream selection + Rakuten Books manga category,https://www.mangataisho.com/archives/2013.html,2013,2026-08-22,2026-08-22,No explicit adult/TL marker in matched source or product; Rakuten booksGenreId=001001003048; rakutenProductUrl=https://books.rakuten.co.jp/rb/11730468/.
candidate-f340564af4573659dbfd,safe,マンガ大賞実行委員会 mainstream selection + Rakuten Books manga category,https://www.mangataisho.com/archives/2009.html,2009,2026-08-22,2026-08-22,No explicit adult/TL marker in matched source or product; Rakuten booksGenreId=001001003004; rakutenProductUrl=https://books.rakuten.co.jp/rb/4391491/.
candidate-f3410d49b9b10b35b42d,safe,KADOKAWA「次にくるマンガ大賞」 mainstream selection + Rakuten Books manga category,https://tsugimanga.jp/winner/2021/comics,2021-08-24,2026-08-22,2026-08-22,No explicit adult/TL marker in matched source or product; Rakuten booksGenreId=001001001006; rakutenProductUrl=https://books.rakuten.co.jp/rb/16630892/.
candidate-f38c9ef2f1a0e3ec66fa,safe,マンガ大賞実行委員会 mainstream selection + Rakuten Books manga category,https://www.mangataisho.com/archives/2009.html,2009,2026-08-22,2026-08-22,No explicit adult/TL marker in matched source or product; Rakuten booksGenreId=001001004002/001001002020; rakutenProductUrl=https://books.rakuten.co.jp/rb/5630770/.
candidate-f391e591282e435a3c1d,safe,マンガ大賞実行委員会 mainstream selection + Rakuten Books manga category,https://www.mangataisho.com/archives/2010.html,2010,2026-08-22,2026-08-22,No explicit adult/TL marker in matched source or product; Rakuten booksGenreId=001001003009; rakutenProductUrl=https://books.rakuten.co.jp/rb/6138909/.
candidate-f3ec9e796f983f6c5b17,safe,マンガ大賞実行委員会 mainstream selection + Rakuten Books manga category,https://www.mangataisho.com/archives/2008.html,2008,2026-08-22,2026-08-22,No explicit adult/TL marker in matched source or product; Rakuten booksGenreId=001001012; rakutenProductUrl=https://books.rakuten.co.jp/rb/1603123/.
candidate-f3f2a5f99ad7e2c9d829,safe,マンガ大賞実行委員会 mainstream selection + Rakuten Books manga category,https://www.mangataisho.com/archives/2011.html,2011,2026-08-22,2026-08-22,No explicit adult/TL marker in matched source or product; Rakuten booksGenreId=001001003040/001001003017; rakutenProductUrl=https://books.rakuten.co.jp/rb/6243301/.
candidate-f4085acccd1c37fc1783,safe,マンガ大賞実行委員会 mainstream selection + Rakuten Books manga category,https://www.mangataisho.com/archives/2015.html,2015,2026-08-22,2026-08-22,No explicit adult/TL marker in matched source or product; Rakuten booksGenreId=001001003015; rakutenProductUrl=https://books.rakuten.co.jp/rb/12382537/.
candidate-f4520aa01b9f5d1b357a,safe,KADOKAWA「次にくるマンガ大賞」 mainstream selection + Rakuten Books manga category,https://tsugimanga.jp/winner/2019/comics,2019-08-22,2026-08-22,2026-08-22,No explicit adult/TL marker in matched source or product; Rakuten booksGenreId=001001003046; rakutenProductUrl=https://books.rakuten.co.jp/rb/15737604/.
candidate-f46cb127cfc8553644ba,safe,KADOKAWA「次にくるマンガ大賞」 mainstream selection + Rakuten Books manga category,https://tsugimanga.jp/winner/2020/comics,2020-08-19,2026-08-22,2026-08-22,No explicit adult/TL marker in matched source or product; Rakuten booksGenreId=001001003052; rakutenProductUrl=https://books.rakuten.co.jp/rb/15548346/.
candidate-f46d92f042fd61982ea3,safe,日本出版販売「全国書店員が選んだおすすめコミック」 mainstream selection + Rakuten Books manga category,https://www.honyaclub.com/shop/pages/osusumecomic2018.aspx?affiliate=osusumec18,2018,2026-08-22,2026-08-22,No explicit adult/TL marker in matched source or product; Rakuten booksGenreId=001001003009; rakutenProductUrl=https://books.rakuten.co.jp/rb/14093024/.
candidate-f4bfc29a5e0a9b5148d0,safe,KADOKAWA「次にくるマンガ大賞」 mainstream selection + Rakuten Books manga category,https://tsugimanga.jp/winner/2015/comics,2015-02-06,2026-08-22,2026-08-22,No explicit adult/TL marker in matched source or product; Rakuten booksGenreId=001001003015; rakutenProductUrl=https://books.rakuten.co.jp/rb/12722302/.
candidate-f50fa290eb4116a7078e,safe,小学館「小学館漫画賞」 mainstream selection + Rakuten Books manga category,https://shogakukan-comic.jp/shogakukan-mangasho-archives,1975,2026-08-22,2026-08-22,No explicit adult/TL marker in matched source or product; Rakuten booksGenreId=001001004006/001001002008; rakutenProductUrl=https://books.rakuten.co.jp/rb/9324324/.
candidate-f541db4a39d7d757c0b4,safe,KADOKAWA「次にくるマンガ大賞」 mainstream selection + Rakuten Books manga category,https://tsugimanga.jp/winner/2022/comics,2022-08-31,2026-08-22,2026-08-22,No explicit adult/TL marker in matched source or product; Rakuten booksGenreId=001001003003; rakutenProductUrl=https://books.rakuten.co.jp/rb/16604953/.
candidate-f564a856e052f345ea54,safe,マンガ大賞実行委員会 mainstream selection + Rakuten Books manga category,https://www.mangataisho.com/archives/2015.html,2015,2026-08-22,2026-08-22,No explicit adult/TL marker in matched source or product; Rakuten booksGenreId=001001003023; rakutenProductUrl=https://books.rakuten.co.jp/rb/12818712/.
candidate-f5847c45d30753150364,safe,小学館「小学館漫画賞」 mainstream selection + Rakuten Books manga category,https://shogakukan-comic.jp/shogakukan-mangasho-archives,1986,2026-08-22,2026-08-22,No explicit adult/TL marker in matched source or product; Rakuten booksGenreId=001001004006/001001002008; rakutenProductUrl=https://books.rakuten.co.jp/rb/811250/.
candidate-f59be454d59478f33914,safe,KADOKAWA「次にくるマンガ大賞」 mainstream selection + Rakuten Books manga category,https://tsugimanga.jp/winner/2015/comics,2015-02-06,2026-08-22,2026-08-22,No explicit adult/TL marker in matched source or product; Rakuten booksGenreId=001001003023; rakutenProductUrl=https://books.rakuten.co.jp/rb/12127523/.
candidate-f5e145476399c2145323,safe,マンガ大賞実行委員会 mainstream selection + Rakuten Books manga category,https://www.mangataisho.com/archives/2013.html,2013,2026-08-22,2026-08-22,No explicit adult/TL marker in matched source or product; Rakuten booksGenreId=001001003005; rakutenProductUrl=https://books.rakuten.co.jp/rb/11604005/.
candidate-f5f0ee0b0ff16bc146e0,safe,マンガ大賞実行委員会 mainstream selection + Rakuten Books manga category,https://www.mangataisho.com/archives/2010.html,2010,2026-08-22,2026-08-22,No explicit adult/TL marker in matched source or product; Rakuten booksGenreId=001001001002; rakutenProductUrl=https://books.rakuten.co.jp/rb/6101957/.
candidate-f67b1bdb544a914684ce,safe,KADOKAWA「次にくるマンガ大賞」 mainstream selection + Rakuten Books manga category,https://tsugimanga.jp/winner/2017/comics,2017-08-23,2026-08-22,2026-08-22,No explicit adult/TL marker in matched source or product; Rakuten booksGenreId=001001003003; rakutenProductUrl=https://books.rakuten.co.jp/rb/14341957/.
candidate-f6bd6e031ac086266cd8,safe,KADOKAWA「次にくるマンガ大賞」 mainstream selection + Rakuten Books manga category,https://tsugimanga.jp/winner/2020/comics,2020-08-19,2026-08-22,2026-08-22,No explicit adult/TL marker in matched source or product; Rakuten booksGenreId=001001003048; rakutenProductUrl=https://books.rakuten.co.jp/rb/15512579/.
candidate-f6cddc6b36f20bd0cc74,safe,KADOKAWA「次にくるマンガ大賞」 mainstream selection + Rakuten Books manga category,https://tsugimanga.jp/winner/2017/comics,2017-08-23,2026-08-22,2026-08-22,No explicit adult/TL marker in matched source or product; Rakuten booksGenreId=001001003015; rakutenProductUrl=https://books.rakuten.co.jp/rb/14496587/.
candidate-f6e3d44392f62cce9b80,safe,マンガ大賞実行委員会 mainstream selection + Rakuten Books manga category,https://www.mangataisho.com/archives/2012.html,2012,2026-08-22,2026-08-22,No explicit adult/TL marker in matched source or product; Rakuten booksGenreId=001001003009; rakutenProductUrl=https://books.rakuten.co.jp/rb/11456298/.
candidate-f6fa4c2d3a7e1dc5257b,safe,マンガ大賞実行委員会 mainstream selection + Rakuten Books manga category,https://www.mangataisho.com/archives/2014.html,2014,2026-08-22,2026-08-22,No explicit adult/TL marker in matched source or product; Rakuten booksGenreId=001001003052; rakutenProductUrl=https://books.rakuten.co.jp/rb/12270968/.
candidate-f710745756d55f2d1e07,safe,KADOKAWA「次にくるマンガ大賞」 mainstream selection + Rakuten Books manga category,https://tsugimanga.jp/winner/2015/comics,2015-02-06,2026-08-22,2026-08-22,No explicit adult/TL marker in matched source or product; Rakuten booksGenreId=001001002006; rakutenProductUrl=https://books.rakuten.co.jp/rb/12906955/.
candidate-f72d1201aed72c0ad05e,safe,マンガ大賞実行委員会 mainstream selection + Rakuten Books manga category,https://www.mangataisho.com/archives/2012.html,2012,2026-08-22,2026-08-22,No explicit adult/TL marker in matched source or product; Rakuten booksGenreId=001001003004; rakutenProductUrl=https://books.rakuten.co.jp/rb/11123978/.
candidate-f78989e37b02423445e7,safe,マンガ大賞実行委員会 mainstream selection + Rakuten Books manga category,https://www.mangataisho.com/archives/2011.html,2011,2026-08-22,2026-08-22,No explicit adult/TL marker in matched source or product; Rakuten booksGenreId=001001003015; rakutenProductUrl=https://books.rakuten.co.jp/rb/5020137/.
candidate-f790f97e451eb4a1a893,safe,マンガ大賞実行委員会 mainstream selection + Rakuten Books manga category,https://www.mangataisho.com/archives/2015.html,2015,2026-08-22,2026-08-22,No explicit adult/TL marker in matched source or product; Rakuten booksGenreId=001001003041; rakutenProductUrl=https://books.rakuten.co.jp/rb/1676793/.
candidate-f7a54aee2a05deb32185,safe,KADOKAWA「次にくるマンガ大賞」 mainstream selection + Rakuten Books manga category,https://tsugimanga.jp/winner/2015/comics,2015-02-06,2026-08-22,2026-08-22,No explicit adult/TL marker in matched source or product; Rakuten booksGenreId=001001003009; rakutenProductUrl=https://books.rakuten.co.jp/rb/12637168/.
candidate-f80595341b9dba6368a9,safe,マンガ大賞実行委員会 mainstream selection + Rakuten Books manga category,https://www.mangataisho.com/archives/2008.html,2008,2026-08-22,2026-08-22,No explicit adult/TL marker in matched source or product; Rakuten booksGenreId=001001002006; rakutenProductUrl=https://books.rakuten.co.jp/rb/4392766/.
candidate-f8ba46fc19e6fbdda110,safe,宝島社「このマンガがすごい！」編集部 mainstream selection + Rakuten Books manga category,https://sugoiweb.jp/column/4756/,2023-12-11,2026-08-22,2026-08-22,No explicit adult/TL marker in matched source or product; Rakuten booksGenreId=001001012; rakutenProductUrl=https://books.rakuten.co.jp/rb/17279507/.
candidate-f8cb26831612e0c6ece5,safe,KADOKAWA「次にくるマンガ大賞」 mainstream selection + Rakuten Books manga category,https://tsugimanga.jp/winner/2023/comics,2023-08-31,2026-08-22,2026-08-22,No explicit adult/TL marker in matched source or product; Rakuten booksGenreId=001001001008; rakutenProductUrl=https://books.rakuten.co.jp/rb/17291328/.
candidate-f8e6e860c6374d222d99,safe,KADOKAWA「次にくるマンガ大賞」 mainstream selection + Rakuten Books manga category,https://tsugimanga.jp/winner/2023/comics,2023-08-31,2026-08-22,2026-08-22,No explicit adult/TL marker in matched source or product; Rakuten booksGenreId=001001001009; rakutenProductUrl=https://books.rakuten.co.jp/rb/17368077/.
candidate-f8f501d3402016f5d7ba,safe,小学館「小学館漫画賞」 mainstream selection + Rakuten Books manga category,https://shogakukan-comic.jp/shogakukan-mangasho-archives,2000,2026-08-22,2026-08-22,No explicit adult/TL marker in matched source or product; Rakuten booksGenreId=001001003009; rakutenProductUrl=https://books.rakuten.co.jp/rb/736637/.
candidate-f95d6610fc2fbda8e8cb,safe,KADOKAWA「次にくるマンガ大賞」 mainstream selection + Rakuten Books manga category,https://tsugimanga.jp/winner/2022/comics,2022-08-31,2026-08-22,2026-08-22,No explicit adult/TL marker in matched source or product; Rakuten booksGenreId=001001003048; rakutenProductUrl=https://books.rakuten.co.jp/rb/17087622/.
candidate-f98c044c5e5e97027806,safe,小学館「小学館漫画賞」 mainstream selection + Rakuten Books manga category,https://shogakukan-comic.jp/shogakukan-mangasho-archives,1987,2026-08-22,2026-08-22,No explicit adult/TL marker in matched source or product; Rakuten booksGenreId=001001001009; rakutenProductUrl=https://books.rakuten.co.jp/rb/376512/.
candidate-f9b25a35dc3a8e6c9657,safe,KADOKAWA「次にくるマンガ大賞」 mainstream selection + Rakuten Books manga category,https://tsugimanga.jp/nominate/comics,2026-06-26,2026-08-22,2026-08-22,No explicit adult/TL marker in matched source or product; Rakuten booksGenreId=001001003009; rakutenProductUrl=https://books.rakuten.co.jp/rb/18595068/.
candidate-f9ca3386d3e12d4a5045,safe,マンガ大賞実行委員会 mainstream selection + Rakuten Books manga category,https://www.mangataisho.com/archives/2010.html,2010,2026-08-22,2026-08-22,No explicit adult/TL marker in matched source or product; Rakuten booksGenreId=001001003035; rakutenProductUrl=https://books.rakuten.co.jp/rb/6170215/.
candidate-fa3d033d13d68a06537d,safe,マンガ大賞実行委員会 mainstream selection + Rakuten Books manga category,https://www.mangataisho.com/archives/2008.html,2008,2026-08-22,2026-08-22,No explicit adult/TL marker in matched source or product; Rakuten booksGenreId=001001003003; rakutenProductUrl=https://books.rakuten.co.jp/rb/1698958/.
candidate-fa4b7e822d57992e2342,safe,マンガ大賞実行委員会 mainstream selection + Rakuten Books manga category,https://www.mangataisho.com/archives/2008.html,2008,2026-08-22,2026-08-22,No explicit adult/TL marker in matched source or product; Rakuten booksGenreId=001001003041; rakutenProductUrl=https://books.rakuten.co.jp/rb/4298132/.
candidate-fa5f7e6238a0d3247a8c,safe,マンガ大賞実行委員会 mainstream selection + Rakuten Books manga category,https://www.mangataisho.com/archives/2015.html,2015,2026-08-22,2026-08-22,No explicit adult/TL marker in matched source or product; Rakuten booksGenreId=001001003041; rakutenProductUrl=https://books.rakuten.co.jp/rb/12602004/.
candidate-fa738018edf898e49958,safe,小学館「小学館漫画賞」 mainstream selection + Rakuten Books manga category,https://shogakukan-comic.jp/shogakukan-mangasho-archives,2011,2026-08-22,2026-08-22,No explicit adult/TL marker in matched source or product; Rakuten booksGenreId=001001004006/001001002008; rakutenProductUrl=https://books.rakuten.co.jp/rb/6314854/.
candidate-fa77bfdba2ca19a57d9a,safe,小学館「小学館漫画賞」 mainstream selection + Rakuten Books manga category,https://shogakukan-comic.jp/shogakukan-mangasho-archives,2011,2026-08-22,2026-08-22,No explicit adult/TL marker in matched source or product; Rakuten booksGenreId=001001001014; rakutenProductUrl=https://books.rakuten.co.jp/rb/11360684/.
candidate-fabc7f5d853e361acaf3,safe,小学館「小学館漫画賞」 mainstream selection + Rakuten Books manga category,https://shogakukan-comic.jp/shogakukan-mangasho-archives,1992,2026-08-22,2026-08-22,No explicit adult/TL marker in matched source or product; Rakuten booksGenreId=001001001009; rakutenProductUrl=https://books.rakuten.co.jp/rb/569233/.
candidate-fb33d4d688782332c203,safe,マンガ大賞実行委員会 mainstream selection + Rakuten Books manga category,https://www.mangataisho.com/archives/2013.html,2013,2026-08-22,2026-08-22,No explicit adult/TL marker in matched source or product; Rakuten booksGenreId=001001003009; rakutenProductUrl=https://books.rakuten.co.jp/rb/11754426/.
candidate-fb4fde98bbcda04c21eb,safe,マンガ大賞実行委員会 mainstream selection + Rakuten Books manga category,https://www.mangataisho.com/archives/2014.html,2014,2026-08-22,2026-08-22,No explicit adult/TL marker in matched source or product; Rakuten booksGenreId=001001003009; rakutenProductUrl=https://books.rakuten.co.jp/rb/12166291/.
candidate-fb53bae7bc355ba77b94,safe,KADOKAWA「次にくるマンガ大賞」 mainstream selection + Rakuten Books manga category,https://tsugimanga.jp/winner/2017/comics,2017-08-23,2026-08-22,2026-08-22,No explicit adult/TL marker in matched source or product; Rakuten booksGenreId=001001003018; rakutenProductUrl=https://books.rakuten.co.jp/rb/14275183/.
candidate-fb53fcb2b3746d0cd03d,safe,マンガ大賞実行委員会 mainstream selection + Rakuten Books manga category,https://www.mangataisho.com/archives/2008.html,2008,2026-08-22,2026-08-22,No explicit adult/TL marker in matched source or product; Rakuten booksGenreId=001001002005; rakutenProductUrl=https://books.rakuten.co.jp/rb/4021756/.
candidate-fb5e29014d45e0ee12cf,safe,マンガ大賞実行委員会 mainstream selection + Rakuten Books manga category,https://www.mangataisho.com/archives/2014.html,2014,2026-08-22,2026-08-22,No explicit adult/TL marker in matched source or product; Rakuten booksGenreId=001001003043/001001002024/001001002018; rakutenProductUrl=https://books.rakuten.co.jp/rb/11754594/.
candidate-fb6339198a6a55033843,safe,マンガ大賞実行委員会 mainstream selection + Rakuten Books manga category,https://www.mangataisho.com/archives/2014.html,2014,2026-08-22,2026-08-22,No explicit adult/TL marker in matched source or product; Rakuten booksGenreId=001001012; rakutenProductUrl=https://books.rakuten.co.jp/rb/12235533/.
candidate-fb7a0ed6a88db7d7bc71,safe,小学館「小学館漫画賞」 mainstream selection + Rakuten Books manga category,https://shogakukan-comic.jp/shogakukan-mangasho-archives,1984,2026-08-22,2026-08-22,No explicit adult/TL marker in matched source or product; Rakuten booksGenreId=001001004006/001001002008; rakutenProductUrl=https://books.rakuten.co.jp/rb/377347/.
candidate-fb80625ae19a58485d35,safe,マンガ大賞実行委員会 mainstream selection + Rakuten Books manga category,https://www.mangataisho.com/archives/2013.html,2013,2026-08-22,2026-08-22,No explicit adult/TL marker in matched source or product; Rakuten booksGenreId=001001012; rakutenProductUrl=https://books.rakuten.co.jp/rb/11480172/.
candidate-fb89f119251610cf1648,safe,マンガ大賞実行委員会 mainstream selection + Rakuten Books manga category,https://www.mangataisho.com/archives/2012.html,2012,2026-08-22,2026-08-22,No explicit adult/TL marker in matched source or product; Rakuten booksGenreId=001001001008; rakutenProductUrl=https://books.rakuten.co.jp/rb/6863210/.
candidate-fbc2ca1b58e5ac9be00a,safe,マンガ大賞実行委員会 mainstream selection + Rakuten Books manga category,https://www.mangataisho.com/archives/2012.html,2012,2026-08-22,2026-08-22,No explicit adult/TL marker in matched source or product; Rakuten booksGenreId=001001003048/001001001009; rakutenProductUrl=https://books.rakuten.co.jp/rb/6242964/.
candidate-fc53cb5669aa4099ee4a,safe,マンガ大賞実行委員会 mainstream selection + Rakuten Books manga category,https://www.mangataisho.com/archives/2012.html,2012,2026-08-22,2026-08-22,No explicit adult/TL marker in matched source or product; Rakuten booksGenreId=001001002006; rakutenProductUrl=https://books.rakuten.co.jp/rb/11121485/.
candidate-fc544c9e011fe4f04ec6,safe,日本出版販売「全国書店員が選んだおすすめコミック」 mainstream selection + Rakuten Books manga category,https://hon-hikidashi.jp/event/104773/,2010,2026-08-22,2026-08-22,No explicit adult/TL marker in matched source or product; Rakuten booksGenreId=001001001008; rakutenProductUrl=https://books.rakuten.co.jp/rb/6097684/.
candidate-fca82c83835eeacce10c,safe,マンガ大賞実行委員会 mainstream selection + Rakuten Books manga category,https://www.mangataisho.com/archives/2013.html,2013,2026-08-22,2026-08-22,No explicit adult/TL marker in matched source or product; Rakuten booksGenreId=001001003010; rakutenProductUrl=https://books.rakuten.co.jp/rb/11604188/.
candidate-fcf4a94b4002d5d88acb,safe,マンガ大賞実行委員会 mainstream selection + Rakuten Books manga category,https://www.mangataisho.com/archives/2015.html,2015,2026-08-22,2026-08-22,No explicit adult/TL marker in matched source or product; Rakuten booksGenreId=001001001001; rakutenProductUrl=https://books.rakuten.co.jp/rb/12550117/.
candidate-fd190ce315fa4370c231,safe,マンガ大賞実行委員会 mainstream selection + Rakuten Books manga category,https://www.mangataisho.com/archives/2011.html,2011,2026-08-22,2026-08-22,No explicit adult/TL marker in matched source or product; Rakuten booksGenreId=001001012; rakutenProductUrl=https://books.rakuten.co.jp/rb/6106826/.
candidate-fd2a957c501c36047ed0,safe,マンガ大賞実行委員会 mainstream selection + Rakuten Books manga category,https://www.mangataisho.com/archives/2010.html,2010,2026-08-22,2026-08-22,No explicit adult/TL marker in matched source or product; Rakuten booksGenreId=001001001008; rakutenProductUrl=https://books.rakuten.co.jp/rb/6133112/.
candidate-fd370d007a92cf6dd555,safe,KADOKAWA「次にくるマンガ大賞」 mainstream selection + Rakuten Books manga category,https://tsugimanga.jp/winner/2022/comics,2022-08-31,2026-08-22,2026-08-22,No explicit adult/TL marker in matched source or product; Rakuten booksGenreId=001001001008; rakutenProductUrl=https://books.rakuten.co.jp/rb/17232468/.
candidate-fd37656c6eb89e1b49aa,safe,宝島社「このマンガがすごい！」編集部 mainstream selection + Rakuten Books manga category,https://sugoiweb.jp/column/4772/,2022-12-12,2026-08-22,2026-08-22,No explicit adult/TL marker in matched source or product; Rakuten booksGenreId=001001012; rakutenProductUrl=https://books.rakuten.co.jp/rb/16878001/.
candidate-fd47a8534bdee3a0181e,safe,小学館「小学館漫画賞」 mainstream selection + Rakuten Books manga category,https://shogakukan-comic.jp/shogakukan-mangasho-archives,2024,2026-08-22,2026-08-22,No explicit adult/TL marker in matched source or product; Rakuten booksGenreId=001001001014; rakutenProductUrl=https://books.rakuten.co.jp/rb/17156950/.
candidate-fd5df88c9820bb00bb1f,safe,マンガ大賞実行委員会 mainstream selection + Rakuten Books manga category,https://www.mangataisho.com/archives/2013.html,2013,2026-08-22,2026-08-22,No explicit adult/TL marker in matched source or product; Rakuten booksGenreId=001001003005; rakutenProductUrl=https://books.rakuten.co.jp/rb/11509366/.
candidate-fd6e70a72344e8a3ef3b,safe,マンガ大賞実行委員会 mainstream selection + Rakuten Books manga category,https://www.mangataisho.com/archives/2013.html,2013,2026-08-22,2026-08-22,No explicit adult/TL marker in matched source or product; Rakuten booksGenreId=001001003023; rakutenProductUrl=https://books.rakuten.co.jp/rb/6872954/.
candidate-fd88144bf7334c4aae39,safe,小学館「小学館漫画賞」 mainstream selection + Rakuten Books manga category,https://shogakukan-comic.jp/shogakukan-mangasho-archives,1964,2026-08-22,2026-08-22,No explicit adult/TL marker in matched source or product; Rakuten booksGenreId=001001012; rakutenProductUrl=https://books.rakuten.co.jp/rb/380863/.
candidate-fda8a407b9b08e667df1,safe,マンガ大賞実行委員会 mainstream selection + Rakuten Books manga category,https://www.mangataisho.com/archives/2010.html,2010,2026-08-22,2026-08-22,No explicit adult/TL marker in matched source or product; Rakuten booksGenreId=001001001009; rakutenProductUrl=https://books.rakuten.co.jp/rb/6057520/.
candidate-fe35a5f01946f5153eb4,safe,マンガ大賞実行委員会 mainstream selection + Rakuten Books manga category,https://www.mangataisho.com/archives/2010.html,2010,2026-08-22,2026-08-22,No explicit adult/TL marker in matched source or product; Rakuten booksGenreId=001001003009; rakutenProductUrl=https://books.rakuten.co.jp/rb/5998188/.
candidate-fe36cd3eb836d1655a94,safe,日本出版販売「全国書店員が選んだおすすめコミック」 mainstream selection + Rakuten Books manga category,https://www.honyaclub.com/shop/pages/osusumecomic2018.aspx?affiliate=osusumec18,2018,2026-08-22,2026-08-22,No explicit adult/TL marker in matched source or product; Rakuten booksGenreId=001001001008; rakutenProductUrl=https://books.rakuten.co.jp/rb/14710395/.
candidate-fed2192d8e8359ba3ed4,safe,マンガ大賞実行委員会 mainstream selection + Rakuten Books manga category,https://www.mangataisho.com/archives/2012.html,2012,2026-08-22,2026-08-22,No explicit adult/TL marker in matched source or product; Rakuten booksGenreId=001001012; rakutenProductUrl=https://books.rakuten.co.jp/rb/7000593/.
candidate-ff54aae19d03bc065747,safe,マンガ大賞実行委員会 mainstream selection + Rakuten Books manga category,https://www.mangataisho.com/archives/2012.html,2012,2026-08-22,2026-08-22,No explicit adult/TL marker in matched source or product; Rakuten booksGenreId=001001012; rakutenProductUrl=https://books.rakuten.co.jp/rb/11322129/.
candidate-ff5c00e958b24a1f3f5f,safe,KADOKAWA「次にくるマンガ大賞」 mainstream selection + Rakuten Books manga category,https://tsugimanga.jp/winner/2022/comics,2022-08-31,2026-08-22,2026-08-22,No explicit adult/TL marker in matched source or product; Rakuten booksGenreId=001001001009; rakutenProductUrl=https://books.rakuten.co.jp/rb/17040062/.
candidate-ff78e8da2e8c6cf5a2c1,safe,マンガ大賞実行委員会 mainstream selection + Rakuten Books manga category,https://www.mangataisho.com/archives/2008.html,2008,2026-08-22,2026-08-22,No explicit adult/TL marker in matched source or product; Rakuten booksGenreId=001001003057; rakutenProductUrl=https://books.rakuten.co.jp/rb/4392175/.
candidate-ff9b025f58d7e12f3cb1,safe,マンガ大賞実行委員会 mainstream selection + Rakuten Books manga category,https://www.mangataisho.com/archives/2010.html,2010,2026-08-22,2026-08-22,No explicit adult/TL marker in matched source or product; Rakuten booksGenreId=001001002009; rakutenProductUrl=https://books.rakuten.co.jp/rb/6056365/.
candidate-ffb27b6611e39f1e117c,safe,KADOKAWA「次にくるマンガ大賞」 mainstream selection + Rakuten Books manga category,https://tsugimanga.jp/winner/2025/comics,2025-09-18,2026-08-22,2026-08-22,No explicit adult/TL marker in matched source or product; Rakuten booksGenreId=001001001009; rakutenProductUrl=https://books.rakuten.co.jp/rb/17802705/.
candidate-ffb453ad9c40789b5d94,safe,KADOKAWA「次にくるマンガ大賞」 mainstream selection + Rakuten Books manga category,https://tsugimanga.jp/winner/2016/comics,2016-02-04,2026-08-22,2026-08-22,No explicit adult/TL marker in matched source or product; Rakuten booksGenreId=001001001008; rakutenProductUrl=https://books.rakuten.co.jp/rb/13231599/.
candidate-ffc5b05df16409addd48,safe,マンガ大賞実行委員会 mainstream selection + Rakuten Books manga category,https://www.mangataisho.com/archives/2013.html,2013,2026-08-22,2026-08-22,No explicit adult/TL marker in matched source or product; Rakuten booksGenreId=001001001006; rakutenProductUrl=https://books.rakuten.co.jp/rb/11682617/.
