sourceItemId,sourceId,status,candidateId,workId,decisionRef
dc-monthly-comics-recommendations-2020-0012,dc-monthly-comics-recommendations-2020,unresolved,,,
dc-monthly-comics-recommendations-2020-0013,dc-monthly-comics-recommendations-2020,unresolved,,,
dc-monthly-comics-recommendations-2020-0014,dc-monthly-comics-recommendations-2020,unresolved,,,
dc-monthly-comics-recommendations-2020-0015,dc-monthly-comics-recommendations-2020,unresolved,,,
dc-monthly-comics-recommendations-2020-0016,dc-monthly-comics-recommendations-2020,unresolved,,,
dc-monthly-comics-recommendations-2020-0017,dc-monthly-comics-recommendations-2020,unresolved,,,
dc-monthly-comics-recommendations-2020-0018,dc-monthly-comics-recommendations-2020,unresolved,,,
dc-monthly-comics-recommendations-2020-0019,dc-monthly-comics-recommendations-2020,unresolved,,,
dc-monthly-comics-recommendations-2020-0020,dc-monthly-comics-recommendations-2020,unresolved,,,
dc-monthly-comics-recommendations-2020-0021,dc-monthly-comics-recommendations-2020,unresolved,,,
dc-monthly-comics-recommendations-2020-0022,dc-monthly-comics-recommendations-2020,unresolved,,,
dc-monthly-comics-recommendations-2020-0023,dc-monthly-comics-recommendations-2020,unresolved,,,
dc-monthly-comics-recommendations-2020-0024,dc-monthly-comics-recommendations-2020,unresolved,,,
dc-monthly-comics-recommendations-2020-0025,dc-monthly-comics-recommendations-2020,unresolved,,,
dc-monthly-comics-recommendations-2020-0026,dc-monthly-comics-recommendations-2020,unresolved,,,
dc-monthly-comics-recommendations-2020-0027,dc-monthly-comics-recommendations-2020,unresolved,,,
dc-monthly-comics-recommendations-2020-0028,dc-monthly-comics-recommendations-2020,unresolved,,,
dc-monthly-comics-recommendations-2020-0029,dc-monthly-comics-recommendations-2020,unresolved,,,
dc-monthly-comics-recommendations-2020-0030,dc-monthly-comics-recommendations-2020,unresolved,,,
dc-monthly-comics-recommendations-2020-0031,dc-monthly-comics-recommendations-2020,unresolved,,,
dc-monthly-comics-recommendations-2020-0032,dc-monthly-comics-recommendations-2020,unresolved,,,
dc-monthly-comics-recommendations-2020-0033,dc-monthly-comics-recommendations-2020,unresolved,,,
dc-monthly-comics-recommendations-2020-0034,dc-monthly-comics-recommendations-2020,unresolved,,,
dc-monthly-comics-recommendations-2020-0035,dc-monthly-comics-recommendations-2020,unresolved,,,
dc-monthly-comics-recommendations-2020-0036,dc-monthly-comics-recommendations-2020,unresolved,,,
dc-monthly-comics-recommendations-2020-0037,dc-monthly-comics-recommendations-2020,unresolved,,,
dc-monthly-comics-recommendations-2020-0038,dc-monthly-comics-recommendations-2020,unresolved,,,
dc-monthly-comics-recommendations-2020-0039,dc-monthly-comics-recommendations-2020,unresolved,,,
dc-monthly-comics-recommendations-2020-0040,dc-monthly-comics-recommendations-2020,unresolved,,,
dc-monthly-comics-recommendations-2020-0041,dc-monthly-comics-recommendations-2020,unresolved,,,
dc-monthly-comics-recommendations-2020-0042,dc-monthly-comics-recommendations-2020,unresolved,,,
dc-monthly-comics-recommendations-2020-0043,dc-monthly-comics-recommendations-2020,unresolved,,,
dc-monthly-comics-recommendations-2020-0044,dc-monthly-comics-recommendations-2020,unresolved,,,
dc-monthly-comics-recommendations-2020-0045,dc-monthly-comics-recommendations-2020,unresolved,,,
dc-monthly-comics-recommendations-2020-0046,dc-monthly-comics-recommendations-2020,unresolved,,,
dc-monthly-comics-recommendations-2020-0047,dc-monthly-comics-recommendations-2020,unresolved,,,
dc-monthly-comics-recommendations-2020-0048,dc-monthly-comics-recommendations-2020,unresolved,,,
dc-monthly-comics-recommendations-2020-0049,dc-monthly-comics-recommendations-2020,unresolved,,,
dc-monthly-comics-recommendations-2020-0050,dc-monthly-comics-recommendations-2020,unresolved,,,
dc-monthly-comics-recommendations-2020-0051,dc-monthly-comics-recommendations-2020,unresolved,,,
dc-monthly-comics-recommendations-2020-0052,dc-monthly-comics-recommendations-2020,unresolved,,,
dc-monthly-comics-recommendations-2020-0053,dc-monthly-comics-recommendations-2020,unresolved,,,
dc-monthly-comics-recommendations-2020-0054,dc-monthly-comics-recommendations-2020,unresolved,,,
dc-monthly-comics-recommendations-2020-0055,dc-monthly-comics-recommendations-2020,unresolved,,,
dc-monthly-comics-recommendations-2020-0056,dc-monthly-comics-recommendations-2020,unresolved,,,
dc-monthly-comics-recommendations-2020-0057,dc-monthly-comics-recommendations-2020,unresolved,,,
dc-monthly-comics-recommendations-2020-0058,dc-monthly-comics-recommendations-2020,unresolved,,,
dc-monthly-comics-recommendations-2020-0059,dc-monthly-comics-recommendations-2020,unresolved,,,
dc-monthly-comics-recommendations-2020-0060,dc-monthly-comics-recommendations-2020,unresolved,,,
dc-monthly-comics-recommendations-2020-0061,dc-monthly-comics-recommendations-2020,unresolved,,,
dc-monthly-comics-recommendations-2020-0062,dc-monthly-comics-recommendations-2020,unresolved,,,
dc-monthly-comics-recommendations-2020-0063,dc-monthly-comics-recommendations-2020,unresolved,,,
dc-monthly-comics-recommendations-2020-0064,dc-monthly-comics-recommendations-2020,unresolved,,,
dc-monthly-comics-recommendations-2020-0065,dc-monthly-comics-recommendations-2020,unresolved,,,
dc-monthly-comics-recommendations-2020-0066,dc-monthly-comics-recommendations-2020,unresolved,,,
dc-monthly-comics-recommendations-2020-0067,dc-monthly-comics-recommendations-2020,unresolved,,,
dc-monthly-comics-recommendations-2020-0068,dc-monthly-comics-recommendations-2020,unresolved,,,
dc-monthly-comics-recommendations-2020-0069,dc-monthly-comics-recommendations-2020,unresolved,,,
dc-monthly-comics-recommendations-2020-0070,dc-monthly-comics-recommendations-2020,unresolved,,,
dc-monthly-comics-recommendations-2020-0071,dc-monthly-comics-recommendations-2020,unresolved,,,
dc-monthly-comics-recommendations-2020-0072,dc-monthly-comics-recommendations-2020,unresolved,,,
dc-monthly-comics-recommendations-2020-0073,dc-monthly-comics-recommendations-2020,unresolved,,,
dc-monthly-comics-recommendations-2020-0074,dc-monthly-comics-recommendations-2020,unresolved,,,
dc-monthly-comics-recommendations-2020-0075,dc-monthly-comics-recommendations-2020,unresolved,,,
dc-monthly-comics-recommendations-2020-0076,dc-monthly-comics-recommendations-2020,unresolved,,,
dc-monthly-comics-recommendations-2020-0077,dc-monthly-comics-recommendations-2020,unresolved,,,
dc-monthly-comics-recommendations-2020-0078,dc-monthly-comics-recommendations-2020,unresolved,,,
dc-monthly-comics-recommendations-2020-0079,dc-monthly-comics-recommendations-2020,unresolved,,,
dc-monthly-comics-recommendations-2020-0080,dc-monthly-comics-recommendations-2020,unresolved,,,
dc-monthly-comics-recommendations-2020-0081,dc-monthly-comics-recommendations-2020,unresolved,,,
dc-monthly-comics-recommendations-2020-0082,dc-monthly-comics-recommendations-2020,unresolved,,,
dc-monthly-comics-recommendations-2020-0083,dc-monthly-comics-recommendations-2020,unresolved,,,
dc-monthly-comics-recommendations-2020-0084,dc-monthly-comics-recommendations-2020,unresolved,,,
dc-monthly-comics-recommendations-2020-0085,dc-monthly-comics-recommendations-2020,unresolved,,,
dc-monthly-comics-recommendations-2020-0086,dc-monthly-comics-recommendations-2020,unresolved,,,
dc-monthly-comics-recommendations-2020-0087,dc-monthly-comics-recommendations-2020,unresolved,,,
dc-monthly-comics-recommendations-2020-0088,dc-monthly-comics-recommendations-2020,unresolved,,,
dc-monthly-comics-recommendations-2020-0089,dc-monthly-comics-recommendations-2020,unresolved,,,
dc-monthly-comics-recommendations-2020-0090,dc-monthly-comics-recommendations-2020,unresolved,,,
dc-monthly-comics-recommendations-2020-0091,dc-monthly-comics-recommendations-2020,unresolved,,,
dc-monthly-comics-recommendations-2020-0092,dc-monthly-comics-recommendations-2020,unresolved,,,
dc-monthly-comics-recommendations-2020-0093,dc-monthly-comics-recommendations-2020,unresolved,,,
dc-monthly-comics-recommendations-2020-0094,dc-monthly-comics-recommendations-2020,unresolved,,,
dc-monthly-comics-recommendations-2020-0095,dc-monthly-comics-recommendations-2020,unresolved,,,
dc-monthly-comics-recommendations-2020-0096,dc-monthly-comics-recommendations-2020,unresolved,,,
dc-monthly-comics-recommendations-2020-0097,dc-monthly-comics-recommendations-2020,unresolved,,,
dc-monthly-comics-recommendations-2020-0098,dc-monthly-comics-recommendations-2020,unresolved,,,
dc-monthly-comics-recommendations-2020-0099,dc-monthly-comics-recommendations-2020,unresolved,,,
dc-monthly-comics-recommendations-2020-0100,dc-monthly-comics-recommendations-2020,unresolved,,,
dc-monthly-comics-recommendations-2020-0101,dc-monthly-comics-recommendations-2020,unresolved,,,
dc-monthly-comics-recommendations-2020-0102,dc-monthly-comics-recommendations-2020,unresolved,,,
dc-monthly-comics-recommendations-2020-0103,dc-monthly-comics-recommendations-2020,unresolved,,,
dc-monthly-comics-recommendations-2020-0104,dc-monthly-comics-recommendations-2020,unresolved,,,
dc-monthly-comics-recommendations-2020-0105,dc-monthly-comics-recommendations-2020,unresolved,,,
dc-monthly-comics-recommendations-2020-0106,dc-monthly-comics-recommendations-2020,unresolved,,,
dc-monthly-comics-recommendations-2020-0107,dc-monthly-comics-recommendations-2020,unresolved,,,
dc-monthly-comics-recommendations-2020-0108,dc-monthly-comics-recommendations-2020,unresolved,,,
dc-monthly-comics-recommendations-2020-0109,dc-monthly-comics-recommendations-2020,unresolved,,,
dc-monthly-comics-recommendations-2020-0110,dc-monthly-comics-recommendations-2020,unresolved,,,
dc-monthly-comics-recommendations-2020-0111,dc-monthly-comics-recommendations-2020,unresolved,,,
dc-monthly-comics-recommendations-2020-0112,dc-monthly-comics-recommendations-2020,unresolved,,,
dc-monthly-comics-recommendations-2020-0113,dc-monthly-comics-recommendations-2020,unresolved,,,
dc-monthly-comics-recommendations-2020-0114,dc-monthly-comics-recommendations-2020,unresolved,,,
dc-monthly-comics-recommendations-2020-0115,dc-monthly-comics-recommendations-2020,unresolved,,,
dc-monthly-comics-recommendations-2020-0116,dc-monthly-comics-recommendations-2020,unresolved,,,
dc-monthly-comics-recommendations-2020-0117,dc-monthly-comics-recommendations-2020,unresolved,,,
dc-monthly-comics-recommendations-2020-0118,dc-monthly-comics-recommendations-2020,unresolved,,,
dc-monthly-comics-recommendations-2020-0119,dc-monthly-comics-recommendations-2020,unresolved,,,
dc-monthly-comics-recommendations-2020-0120,dc-monthly-comics-recommendations-2020,unresolved,,,
dc-monthly-comics-recommendations-2020-0121,dc-monthly-comics-recommendations-2020,unresolved,,,
dc-monthly-comics-recommendations-2020-0122,dc-monthly-comics-recommendations-2020,unresolved,,,
dc-monthly-comics-recommendations-2020-0123,dc-monthly-comics-recommendations-2020,unresolved,,,
dc-monthly-comics-recommendations-2020-0124,dc-monthly-comics-recommendations-2020,unresolved,,,
dc-monthly-comics-recommendations-2020-0125,dc-monthly-comics-recommendations-2020,unresolved,,,
dc-monthly-comics-recommendations-2020-0126,dc-monthly-comics-recommendations-2020,unresolved,,,
dc-monthly-comics-recommendations-2020-0127,dc-monthly-comics-recommendations-2020,unresolved,,,
dc-monthly-comics-recommendations-2020-0128,dc-monthly-comics-recommendations-2020,unresolved,,,
dc-monthly-comics-recommendations-2020-0129,dc-monthly-comics-recommendations-2020,unresolved,,,
dc-monthly-comics-recommendations-2020-0130,dc-monthly-comics-recommendations-2020,unresolved,,,
dc-monthly-comics-recommendations-2020-0131,dc-monthly-comics-recommendations-2020,unresolved,,,
dc-monthly-comics-recommendations-2020-0132,dc-monthly-comics-recommendations-2020,unresolved,,,
dc-monthly-comics-recommendations-2020-0133,dc-monthly-comics-recommendations-2020,unresolved,,,
dc-monthly-comics-recommendations-2020-0134,dc-monthly-comics-recommendations-2020,unresolved,,,
dc-monthly-comics-recommendations-2020-0135,dc-monthly-comics-recommendations-2020,unresolved,,,
dc-monthly-comics-recommendations-2020-0136,dc-monthly-comics-recommendations-2020,unresolved,,,
dc-monthly-comics-recommendations-2020-0137,dc-monthly-comics-recommendations-2020,unresolved,,,
dc-monthly-comics-recommendations-2020-0138,dc-monthly-comics-recommendations-2020,unresolved,,,
dc-monthly-comics-recommendations-2020-0139,dc-monthly-comics-recommendations-2020,unresolved,,,
dc-monthly-comics-recommendations-2020-0140,dc-monthly-comics-recommendations-2020,unresolved,,,
dc-monthly-comics-recommendations-2020-0141,dc-monthly-comics-recommendations-2020,unresolved,,,
dc-monthly-comics-recommendations-2020-0142,dc-monthly-comics-recommendations-2020,unresolved,,,
dc-monthly-comics-recommendations-2020-0143,dc-monthly-comics-recommendations-2020,unresolved,,,
dc-monthly-comics-recommendations-2020-0144,dc-monthly-comics-recommendations-2020,unresolved,,,
dc-monthly-comics-recommendations-2020-0145,dc-monthly-comics-recommendations-2020,unresolved,,,
dc-monthly-comics-recommendations-2020-0146,dc-monthly-comics-recommendations-2020,unresolved,,,
dc-monthly-comics-recommendations-2020-0147,dc-monthly-comics-recommendations-2020,unresolved,,,
dc-monthly-comics-recommendations-2020-0148,dc-monthly-comics-recommendations-2020,unresolved,,,
dc-monthly-comics-recommendations-2020-0149,dc-monthly-comics-recommendations-2020,unresolved,,,
dc-monthly-comics-recommendations-2020-0150,dc-monthly-comics-recommendations-2020,unresolved,,,
dc-monthly-comics-recommendations-2020-0151,dc-monthly-comics-recommendations-2020,unresolved,,,
dc-monthly-comics-recommendations-2020-0152,dc-monthly-comics-recommendations-2020,unresolved,,,
dc-monthly-comics-recommendations-2020-0153,dc-monthly-comics-recommendations-2020,unresolved,,,
dc-monthly-comics-recommendations-2020-0154,dc-monthly-comics-recommendations-2020,unresolved,,,
dc-monthly-comics-recommendations-2020-0155,dc-monthly-comics-recommendations-2020,unresolved,,,
dc-monthly-comics-recommendations-2020-0156,dc-monthly-comics-recommendations-2020,unresolved,,,
dc-monthly-comics-recommendations-2020-0157,dc-monthly-comics-recommendations-2020,unresolved,,,
dc-monthly-comics-recommendations-2020-0158,dc-monthly-comics-recommendations-2020,unresolved,,,
dc-monthly-comics-recommendations-2020-0159,dc-monthly-comics-recommendations-2020,unresolved,,,
dc-monthly-comics-recommendations-2020-0160,dc-monthly-comics-recommendations-2020,unresolved,,,
dc-monthly-comics-recommendations-2020-0161,dc-monthly-comics-recommendations-2020,unresolved,,,
dc-monthly-comics-recommendations-2020-0162,dc-monthly-comics-recommendations-2020,unresolved,,,
dc-monthly-comics-recommendations-2020-0163,dc-monthly-comics-recommendations-2020,unresolved,,,
dc-monthly-comics-recommendations-2020-0164,dc-monthly-comics-recommendations-2020,unresolved,,,
dc-monthly-comics-recommendations-2020-0165,dc-monthly-comics-recommendations-2020,unresolved,,,
dc-monthly-comics-recommendations-2020-0166,dc-monthly-comics-recommendations-2020,unresolved,,,
dc-monthly-comics-recommendations-2020-0167,dc-monthly-comics-recommendations-2020,unresolved,,,
dc-monthly-comics-recommendations-2020-0168,dc-monthly-comics-recommendations-2020,unresolved,,,
dc-monthly-comics-recommendations-2020-0169,dc-monthly-comics-recommendations-2020,unresolved,,,
dc-monthly-comics-recommendations-2020-0170,dc-monthly-comics-recommendations-2020,unresolved,,,
dc-monthly-comics-recommendations-2020-0171,dc-monthly-comics-recommendations-2020,unresolved,,,
dc-monthly-comics-recommendations-2020-0172,dc-monthly-comics-recommendations-2020,unresolved,,,
dc-monthly-comics-recommendations-2020-0173,dc-monthly-comics-recommendations-2020,unresolved,,,
dc-monthly-comics-recommendations-2020-0174,dc-monthly-comics-recommendations-2020,unresolved,,,
dc-monthly-comics-recommendations-2020-0175,dc-monthly-comics-recommendations-2020,unresolved,,,
dc-monthly-comics-recommendations-2020-0176,dc-monthly-comics-recommendations-2020,unresolved,,,
dc-monthly-comics-recommendations-2020-0177,dc-monthly-comics-recommendations-2020,unresolved,,,
dc-monthly-comics-recommendations-2020-0178,dc-monthly-comics-recommendations-2020,unresolved,,,
dc-monthly-comics-recommendations-2020-0179,dc-monthly-comics-recommendations-2020,unresolved,,,
dc-monthly-comics-recommendations-2020-0180,dc-monthly-comics-recommendations-2020,unresolved,,,
dc-monthly-comics-recommendations-2020-0181,dc-monthly-comics-recommendations-2020,unresolved,,,
dc-monthly-comics-recommendations-2020-0182,dc-monthly-comics-recommendations-2020,unresolved,,,
dc-monthly-comics-recommendations-2020-0183,dc-monthly-comics-recommendations-2020,unresolved,,,
dc-monthly-comics-recommendations-2020-0184,dc-monthly-comics-recommendations-2020,unresolved,,,
dc-monthly-comics-recommendations-2020-0185,dc-monthly-comics-recommendations-2020,unresolved,,,
dc-monthly-comics-recommendations-2020-0186,dc-monthly-comics-recommendations-2020,unresolved,,,
dc-monthly-comics-recommendations-2020-0187,dc-monthly-comics-recommendations-2020,unresolved,,,
dc-monthly-comics-recommendations-2020-0188,dc-monthly-comics-recommendations-2020,unresolved,,,
dc-monthly-comics-recommendations-2020-0189,dc-monthly-comics-recommendations-2020,unresolved,,,
dc-monthly-comics-recommendations-2020-0190,dc-monthly-comics-recommendations-2020,unresolved,,,
dc-monthly-comics-recommendations-2020-0191,dc-monthly-comics-recommendations-2020,unresolved,,,
dc-monthly-comics-recommendations-2020-0192,dc-monthly-comics-recommendations-2020,unresolved,,,
dc-monthly-comics-recommendations-2020-0193,dc-monthly-comics-recommendations-2020,unresolved,,,
dc-monthly-comics-recommendations-2020-0194,dc-monthly-comics-recommendations-2020,unresolved,,,
dc-monthly-comics-recommendations-2020-0195,dc-monthly-comics-recommendations-2020,unresolved,,,
dc-monthly-comics-recommendations-2020-0196,dc-monthly-comics-recommendations-2020,unresolved,,,
dc-monthly-comics-recommendations-2020-0197,dc-monthly-comics-recommendations-2020,unresolved,,,
dc-monthly-comics-recommendations-2020-0198,dc-monthly-comics-recommendations-2020,unresolved,,,
dc-monthly-comics-recommendations-2020-0199,dc-monthly-comics-recommendations-2020,unresolved,,,
dc-monthly-comics-recommendations-2020-0200,dc-monthly-comics-recommendations-2020,unresolved,,,
dc-monthly-comics-recommendations-2020-0201,dc-monthly-comics-recommendations-2020,unresolved,,,
dc-monthly-comics-recommendations-2020-0202,dc-monthly-comics-recommendations-2020,unresolved,,,
dc-monthly-comics-recommendations-2020-0203,dc-monthly-comics-recommendations-2020,unresolved,,,
dc-monthly-comics-recommendations-2020-0204,dc-monthly-comics-recommendations-2020,unresolved,,,
dc-monthly-comics-recommendations-2020-0205,dc-monthly-comics-recommendations-2020,unresolved,,,
dc-monthly-comics-recommendations-2020-0206,dc-monthly-comics-recommendations-2020,unresolved,,,
dc-monthly-comics-recommendations-2020-0207,dc-monthly-comics-recommendations-2020,unresolved,,,
dc-monthly-comics-recommendations-2020-0208,dc-monthly-comics-recommendations-2020,unresolved,,,
dc-monthly-comics-recommendations-2020-0209,dc-monthly-comics-recommendations-2020,unresolved,,,
dc-monthly-comics-recommendations-2020-0210,dc-monthly-comics-recommendations-2020,unresolved,,,
dc-monthly-comics-recommendations-2020-0211,dc-monthly-comics-recommendations-2020,unresolved,,,
dc-monthly-comics-recommendations-2020-0212,dc-monthly-comics-recommendations-2020,unresolved,,,
dc-monthly-comics-recommendations-2020-0213,dc-monthly-comics-recommendations-2020,unresolved,,,
dc-monthly-comics-recommendations-2020-0214,dc-monthly-comics-recommendations-2020,unresolved,,,
dc-monthly-comics-recommendations-2020-0215,dc-monthly-comics-recommendations-2020,unresolved,,,
dc-monthly-comics-recommendations-2020-0216,dc-monthly-comics-recommendations-2020,unresolved,,,
dc-monthly-comics-recommendations-2020-0217,dc-monthly-comics-recommendations-2020,unresolved,,,
dc-monthly-comics-recommendations-2020-0218,dc-monthly-comics-recommendations-2020,unresolved,,,
dc-monthly-comics-recommendations-2020-0219,dc-monthly-comics-recommendations-2020,unresolved,,,
dc-monthly-comics-recommendations-2020-0220,dc-monthly-comics-recommendations-2020,unresolved,,,
dc-monthly-comics-recommendations-2020-0221,dc-monthly-comics-recommendations-2020,unresolved,,,
dc-monthly-comics-recommendations-2020-0222,dc-monthly-comics-recommendations-2020,unresolved,,,
dc-monthly-comics-recommendations-2020-0223,dc-monthly-comics-recommendations-2020,unresolved,,,
dc-monthly-comics-recommendations-2020-0224,dc-monthly-comics-recommendations-2020,unresolved,,,
dc-monthly-comics-recommendations-2020-0225,dc-monthly-comics-recommendations-2020,unresolved,,,
dc-monthly-comics-recommendations-2020-0226,dc-monthly-comics-recommendations-2020,unresolved,,,
dc-monthly-comics-recommendations-2020-0227,dc-monthly-comics-recommendations-2020,unresolved,,,
dc-monthly-comics-recommendations-2020-0228,dc-monthly-comics-recommendations-2020,unresolved,,,
dc-monthly-comics-recommendations-2020-0229,dc-monthly-comics-recommendations-2020,unresolved,,,
dc-monthly-comics-recommendations-2020-0230,dc-monthly-comics-recommendations-2020,unresolved,,,
dc-monthly-comics-recommendations-2020-0231,dc-monthly-comics-recommendations-2020,unresolved,,,
dc-monthly-comics-recommendations-2020-0232,dc-monthly-comics-recommendations-2020,unresolved,,,
dc-monthly-comics-recommendations-2020-0233,dc-monthly-comics-recommendations-2020,unresolved,,,
dc-monthly-comics-recommendations-2020-0234,dc-monthly-comics-recommendations-2020,unresolved,,,
dc-monthly-comics-recommendations-2020-0235,dc-monthly-comics-recommendations-2020,unresolved,,,
dc-monthly-comics-recommendations-2020-0236,dc-monthly-comics-recommendations-2020,unresolved,,,
dc-monthly-comics-recommendations-2020-0237,dc-monthly-comics-recommendations-2020,unresolved,,,
dc-monthly-comics-recommendations-2020-0238,dc-monthly-comics-recommendations-2020,unresolved,,,
dc-monthly-comics-recommendations-2020-0239,dc-monthly-comics-recommendations-2020,unresolved,,,
dc-monthly-comics-recommendations-2020-0240,dc-monthly-comics-recommendations-2020,unresolved,,,
dc-monthly-comics-recommendations-2020-0241,dc-monthly-comics-recommendations-2020,unresolved,,,
dc-monthly-comics-recommendations-2020-0242,dc-monthly-comics-recommendations-2020,unresolved,,,
dc-monthly-comics-recommendations-2020-0243,dc-monthly-comics-recommendations-2020,unresolved,,,
dc-monthly-comics-recommendations-2020-0244,dc-monthly-comics-recommendations-2020,unresolved,,,
dc-monthly-comics-recommendations-2020-0245,dc-monthly-comics-recommendations-2020,unresolved,,,
dc-monthly-comics-recommendations-2020-0246,dc-monthly-comics-recommendations-2020,unresolved,,,
dc-monthly-comics-recommendations-2020-0247,dc-monthly-comics-recommendations-2020,unresolved,,,
dc-monthly-comics-recommendations-2020-0248,dc-monthly-comics-recommendations-2020,unresolved,,,
dc-monthly-comics-recommendations-2020-0249,dc-monthly-comics-recommendations-2020,unresolved,,,
dc-monthly-comics-recommendations-2020-0250,dc-monthly-comics-recommendations-2020,unresolved,,,
dc-monthly-comics-recommendations-2020-0251,dc-monthly-comics-recommendations-2020,unresolved,,,
dc-monthly-comics-recommendations-2020-0252,dc-monthly-comics-recommendations-2020,unresolved,,,
dc-monthly-comics-recommendations-2020-0253,dc-monthly-comics-recommendations-2020,unresolved,,,
dc-monthly-comics-recommendations-2020-0254,dc-monthly-comics-recommendations-2020,unresolved,,,
dc-monthly-comics-recommendations-2020-0255,dc-monthly-comics-recommendations-2020,unresolved,,,
dc-monthly-comics-recommendations-2020-0256,dc-monthly-comics-recommendations-2020,unresolved,,,
dc-monthly-comics-recommendations-2020-0257,dc-monthly-comics-recommendations-2020,unresolved,,,
dc-monthly-comics-recommendations-2020-0258,dc-monthly-comics-recommendations-2020,unresolved,,,
dc-monthly-comics-recommendations-2020-0259,dc-monthly-comics-recommendations-2020,unresolved,,,
dc-monthly-comics-recommendations-2020-0260,dc-monthly-comics-recommendations-2020,unresolved,,,
dc-monthly-comics-recommendations-2020-0261,dc-monthly-comics-recommendations-2020,unresolved,,,
dc-monthly-comics-recommendations-2020-0262,dc-monthly-comics-recommendations-2020,unresolved,,,
dc-monthly-comics-recommendations-2020-0263,dc-monthly-comics-recommendations-2020,unresolved,,,
dc-monthly-comics-recommendations-2020-0264,dc-monthly-comics-recommendations-2020,unresolved,,,
dc-monthly-comics-recommendations-2020-0265,dc-monthly-comics-recommendations-2020,unresolved,,,
dc-monthly-comics-recommendations-2020-0266,dc-monthly-comics-recommendations-2020,unresolved,,,
dc-monthly-comics-recommendations-2020-0267,dc-monthly-comics-recommendations-2020,unresolved,,,
dc-monthly-comics-recommendations-2020-0268,dc-monthly-comics-recommendations-2020,unresolved,,,
dc-monthly-comics-recommendations-2020-0269,dc-monthly-comics-recommendations-2020,unresolved,,,
dc-monthly-comics-recommendations-2020-0270,dc-monthly-comics-recommendations-2020,unresolved,,,
dc-monthly-comics-recommendations-2020-0271,dc-monthly-comics-recommendations-2020,unresolved,,,
dc-monthly-comics-recommendations-2020-0272,dc-monthly-comics-recommendations-2020,unresolved,,,
dc-monthly-comics-recommendations-2020-0273,dc-monthly-comics-recommendations-2020,unresolved,,,
dc-monthly-comics-recommendations-2020-0274,dc-monthly-comics-recommendations-2020,unresolved,,,
dc-monthly-comics-recommendations-2020-0275,dc-monthly-comics-recommendations-2020,unresolved,,,
dc-monthly-comics-recommendations-2020-0276,dc-monthly-comics-recommendations-2020,unresolved,,,
dc-monthly-comics-recommendations-2020-0277,dc-monthly-comics-recommendations-2020,unresolved,,,
dc-monthly-comics-recommendations-2020-0278,dc-monthly-comics-recommendations-2020,unresolved,,,
dc-monthly-comics-recommendations-2020-0279,dc-monthly-comics-recommendations-2020,unresolved,,,
dc-monthly-comics-recommendations-2020-0280,dc-monthly-comics-recommendations-2020,unresolved,,,
dc-monthly-comics-recommendations-2020-0281,dc-monthly-comics-recommendations-2020,unresolved,,,
dc-monthly-comics-recommendations-2020-0282,dc-monthly-comics-recommendations-2020,unresolved,,,
dc-monthly-comics-recommendations-2020-0283,dc-monthly-comics-recommendations-2020,unresolved,,,
dc-monthly-comics-recommendations-2020-0284,dc-monthly-comics-recommendations-2020,unresolved,,,
dc-monthly-comics-recommendations-2020-0285,dc-monthly-comics-recommendations-2020,unresolved,,,
dc-monthly-comics-recommendations-2020-0286,dc-monthly-comics-recommendations-2020,unresolved,,,
dc-monthly-comics-recommendations-2020-0287,dc-monthly-comics-recommendations-2020,unresolved,,,
dc-monthly-comics-recommendations-2020-0288,dc-monthly-comics-recommendations-2020,unresolved,,,
dc-monthly-comics-recommendations-2020-0289,dc-monthly-comics-recommendations-2020,unresolved,,,
dc-monthly-comics-recommendations-2020-0290,dc-monthly-comics-recommendations-2020,unresolved,,,
dc-monthly-comics-recommendations-2020-0291,dc-monthly-comics-recommendations-2020,unresolved,,,
dc-monthly-comics-recommendations-2020-0292,dc-monthly-comics-recommendations-2020,unresolved,,,
dc-monthly-comics-recommendations-2020-0293,dc-monthly-comics-recommendations-2020,unresolved,,,
dc-monthly-comics-recommendations-2020-0294,dc-monthly-comics-recommendations-2020,unresolved,,,
dc-monthly-comics-recommendations-2020-0295,dc-monthly-comics-recommendations-2020,unresolved,,,
dc-monthly-comics-recommendations-2020-0296,dc-monthly-comics-recommendations-2020,unresolved,,,
dc-monthly-comics-recommendations-2020-0297,dc-monthly-comics-recommendations-2020,unresolved,,,
dc-monthly-comics-recommendations-2020-0298,dc-monthly-comics-recommendations-2020,unresolved,,,
dc-monthly-comics-recommendations-2020-0299,dc-monthly-comics-recommendations-2020,unresolved,,,
dc-monthly-comics-recommendations-2020-0300,dc-monthly-comics-recommendations-2020,unresolved,,,
dc-monthly-comics-recommendations-2020-0301,dc-monthly-comics-recommendations-2020,unresolved,,,
dc-monthly-comics-recommendations-2020-0302,dc-monthly-comics-recommendations-2020,unresolved,,,
dc-monthly-comics-recommendations-2020-0303,dc-monthly-comics-recommendations-2020,unresolved,,,
dc-monthly-comics-recommendations-2020-0304,dc-monthly-comics-recommendations-2020,unresolved,,,
dc-monthly-comics-recommendations-2020-0305,dc-monthly-comics-recommendations-2020,unresolved,,,
dc-monthly-comics-recommendations-2020-0306,dc-monthly-comics-recommendations-2020,unresolved,,,
dc-monthly-comics-recommendations-2020-0307,dc-monthly-comics-recommendations-2020,unresolved,,,
dc-monthly-comics-recommendations-2020-0308,dc-monthly-comics-recommendations-2020,unresolved,,,
dc-monthly-comics-recommendations-2020-0309,dc-monthly-comics-recommendations-2020,unresolved,,,
dc-monthly-comics-recommendations-2020-0310,dc-monthly-comics-recommendations-2020,unresolved,,,
dc-monthly-comics-recommendations-2020-0311,dc-monthly-comics-recommendations-2020,unresolved,,,
dc-monthly-comics-recommendations-2020-0312,dc-monthly-comics-recommendations-2020,unresolved,,,
dc-monthly-comics-recommendations-2020-0313,dc-monthly-comics-recommendations-2020,unresolved,,,
dc-monthly-comics-recommendations-2020-0314,dc-monthly-comics-recommendations-2020,unresolved,,,
dc-monthly-comics-recommendations-2020-0315,dc-monthly-comics-recommendations-2020,unresolved,,,
dc-monthly-comics-recommendations-2020-0316,dc-monthly-comics-recommendations-2020,unresolved,,,
dc-monthly-comics-recommendations-2020-0317,dc-monthly-comics-recommendations-2020,unresolved,,,
dc-monthly-comics-recommendations-2020-0318,dc-monthly-comics-recommendations-2020,unresolved,,,
dc-monthly-comics-recommendations-2020-0319,dc-monthly-comics-recommendations-2020,unresolved,,,
dc-monthly-comics-recommendations-2020-0320,dc-monthly-comics-recommendations-2020,unresolved,,,
dc-monthly-comics-recommendations-2020-0321,dc-monthly-comics-recommendations-2020,unresolved,,,
dc-monthly-comics-recommendations-2020-0322,dc-monthly-comics-recommendations-2020,unresolved,,,
dc-monthly-comics-recommendations-2020-0323,dc-monthly-comics-recommendations-2020,unresolved,,,
dc-monthly-comics-recommendations-2020-0324,dc-monthly-comics-recommendations-2020,unresolved,,,
dc-monthly-comics-recommendations-2020-0325,dc-monthly-comics-recommendations-2020,unresolved,,,
dc-monthly-comics-recommendations-2020-0326,dc-monthly-comics-recommendations-2020,unresolved,,,
dc-monthly-comics-recommendations-2020-0327,dc-monthly-comics-recommendations-2020,unresolved,,,
dc-monthly-comics-recommendations-2020-0328,dc-monthly-comics-recommendations-2020,unresolved,,,
dc-monthly-comics-recommendations-2020-0329,dc-monthly-comics-recommendations-2020,unresolved,,,
dc-monthly-comics-recommendations-2020-0330,dc-monthly-comics-recommendations-2020,unresolved,,,
dc-monthly-comics-recommendations-2020-0331,dc-monthly-comics-recommendations-2020,unresolved,,,
dc-monthly-comics-recommendations-2020-0332,dc-monthly-comics-recommendations-2020,unresolved,,,
dc-monthly-comics-recommendations-2020-0333,dc-monthly-comics-recommendations-2020,unresolved,,,
dc-monthly-comics-recommendations-2020-0334,dc-monthly-comics-recommendations-2020,unresolved,,,
dc-monthly-comics-recommendations-2020-0335,dc-monthly-comics-recommendations-2020,unresolved,,,
dc-monthly-comics-recommendations-2020-0336,dc-monthly-comics-recommendations-2020,unresolved,,,
dc-monthly-comics-recommendations-2020-0337,dc-monthly-comics-recommendations-2020,unresolved,,,
dc-monthly-comics-recommendations-2020-0338,dc-monthly-comics-recommendations-2020,unresolved,,,
dc-monthly-comics-recommendations-2020-0339,dc-monthly-comics-recommendations-2020,unresolved,,,
dc-monthly-comics-recommendations-2020-0340,dc-monthly-comics-recommendations-2020,unresolved,,,
dc-monthly-comics-recommendations-2020-0341,dc-monthly-comics-recommendations-2020,unresolved,,,
dc-monthly-comics-recommendations-2020-0342,dc-monthly-comics-recommendations-2020,unresolved,,,
dc-monthly-comics-recommendations-2020-0343,dc-monthly-comics-recommendations-2020,unresolved,,,
dc-monthly-comics-recommendations-2020-0344,dc-monthly-comics-recommendations-2020,unresolved,,,
dc-monthly-comics-recommendations-2020-0345,dc-monthly-comics-recommendations-2020,unresolved,,,
dc-monthly-comics-recommendations-2020-0346,dc-monthly-comics-recommendations-2020,unresolved,,,
dc-monthly-comics-recommendations-2020-0347,dc-monthly-comics-recommendations-2020,unresolved,,,
dc-monthly-comics-recommendations-2020-0348,dc-monthly-comics-recommendations-2020,unresolved,,,
dc-monthly-comics-recommendations-2020-0349,dc-monthly-comics-recommendations-2020,unresolved,,,
dc-monthly-comics-recommendations-2020-0350,dc-monthly-comics-recommendations-2020,unresolved,,,
dc-monthly-comics-recommendations-2020-0351,dc-monthly-comics-recommendations-2020,unresolved,,,
dc-monthly-comics-recommendations-2020-0352,dc-monthly-comics-recommendations-2020,unresolved,,,
dc-monthly-comics-recommendations-2020-0353,dc-monthly-comics-recommendations-2020,unresolved,,,
dc-monthly-comics-recommendations-2020-0354,dc-monthly-comics-recommendations-2020,unresolved,,,
dc-monthly-comics-recommendations-2020-0355,dc-monthly-comics-recommendations-2020,unresolved,,,
dc-monthly-comics-recommendations-2020-0356,dc-monthly-comics-recommendations-2020,unresolved,,,
dc-monthly-comics-recommendations-2020-0357,dc-monthly-comics-recommendations-2020,unresolved,,,
dc-monthly-comics-recommendations-2020-0358,dc-monthly-comics-recommendations-2020,unresolved,,,
dc-monthly-comics-recommendations-2020-0359,dc-monthly-comics-recommendations-2020,unresolved,,,
dc-monthly-comics-recommendations-2020-0360,dc-monthly-comics-recommendations-2020,unresolved,,,
dc-monthly-comics-recommendations-2020-0361,dc-monthly-comics-recommendations-2020,unresolved,,,
dc-monthly-comics-recommendations-2020-0362,dc-monthly-comics-recommendations-2020,unresolved,,,
dc-monthly-comics-recommendations-2020-0363,dc-monthly-comics-recommendations-2020,unresolved,,,
dc-monthly-comics-recommendations-2020-0364,dc-monthly-comics-recommendations-2020,unresolved,,,
dc-monthly-comics-recommendations-2020-0365,dc-monthly-comics-recommendations-2020,unresolved,,,
dc-monthly-comics-recommendations-2020-0366,dc-monthly-comics-recommendations-2020,unresolved,,,
dc-monthly-comics-recommendations-2020-0367,dc-monthly-comics-recommendations-2020,unresolved,,,
dc-monthly-comics-recommendations-2020-0368,dc-monthly-comics-recommendations-2020,unresolved,,,
dc-monthly-comics-recommendations-2020-0369,dc-monthly-comics-recommendations-2020,unresolved,,,
dc-monthly-comics-recommendations-2020-0370,dc-monthly-comics-recommendations-2020,unresolved,,,
dc-monthly-comics-recommendations-2020-0371,dc-monthly-comics-recommendations-2020,unresolved,,,
dc-monthly-comics-recommendations-2020-0372,dc-monthly-comics-recommendations-2020,unresolved,,,
dc-monthly-comics-recommendations-2020-0373,dc-monthly-comics-recommendations-2020,unresolved,,,
dc-monthly-comics-recommendations-2020-0374,dc-monthly-comics-recommendations-2020,unresolved,,,
dc-monthly-comics-recommendations-2020-0375,dc-monthly-comics-recommendations-2020,unresolved,,,
dc-monthly-comics-recommendations-2020-0376,dc-monthly-comics-recommendations-2020,unresolved,,,
dc-monthly-comics-recommendations-2020-0377,dc-monthly-comics-recommendations-2020,unresolved,,,
dc-monthly-comics-recommendations-2020-0378,dc-monthly-comics-recommendations-2020,unresolved,,,
dc-monthly-comics-recommendations-2020-0379,dc-monthly-comics-recommendations-2020,unresolved,,,
dc-monthly-comics-recommendations-2020-0380,dc-monthly-comics-recommendations-2020,unresolved,,,
dc-monthly-comics-recommendations-2020-0381,dc-monthly-comics-recommendations-2020,unresolved,,,
dc-monthly-comics-recommendations-2020-0382,dc-monthly-comics-recommendations-2020,unresolved,,,
dc-monthly-comics-recommendations-2020-0383,dc-monthly-comics-recommendations-2020,unresolved,,,
dc-monthly-comics-recommendations-2020-0384,dc-monthly-comics-recommendations-2020,unresolved,,,
dc-monthly-comics-recommendations-2020-0385,dc-monthly-comics-recommendations-2020,unresolved,,,
dc-monthly-comics-recommendations-2020-0386,dc-monthly-comics-recommendations-2020,unresolved,,,
dc-monthly-comics-recommendations-2020-0387,dc-monthly-comics-recommendations-2020,unresolved,,,
dc-monthly-comics-recommendations-2020-0388,dc-monthly-comics-recommendations-2020,unresolved,,,
dc-monthly-comics-recommendations-2020-0389,dc-monthly-comics-recommendations-2020,unresolved,,,
dc-monthly-comics-recommendations-2020-0390,dc-monthly-comics-recommendations-2020,unresolved,,,
dc-monthly-comics-recommendations-2020-0391,dc-monthly-comics-recommendations-2020,unresolved,,,
dc-monthly-comics-recommendations-2020-0392,dc-monthly-comics-recommendations-2020,unresolved,,,
dc-monthly-comics-recommendations-2020-0393,dc-monthly-comics-recommendations-2020,unresolved,,,
dc-monthly-comics-recommendations-2020-0394,dc-monthly-comics-recommendations-2020,unresolved,,,
dc-monthly-comics-recommendations-2020-0395,dc-monthly-comics-recommendations-2020,unresolved,,,
dc-monthly-comics-recommendations-2020-0396,dc-monthly-comics-recommendations-2020,unresolved,,,
dc-monthly-comics-recommendations-2020-0397,dc-monthly-comics-recommendations-2020,unresolved,,,
dc-monthly-comics-recommendations-2020-0398,dc-monthly-comics-recommendations-2020,unresolved,,,
dc-monthly-comics-recommendations-2020-0399,dc-monthly-comics-recommendations-2020,unresolved,,,
dc-monthly-comics-recommendations-2020-0400,dc-monthly-comics-recommendations-2020,unresolved,,,
dc-monthly-comics-recommendations-2020-0401,dc-monthly-comics-recommendations-2020,unresolved,,,
dc-monthly-comics-recommendations-2020-0402,dc-monthly-comics-recommendations-2020,unresolved,,,
dc-monthly-comics-recommendations-2020-0403,dc-monthly-comics-recommendations-2020,unresolved,,,
dc-monthly-comics-recommendations-2020-0404,dc-monthly-comics-recommendations-2020,unresolved,,,
dc-monthly-comics-recommendations-2020-0405,dc-monthly-comics-recommendations-2020,unresolved,,,
dc-monthly-comics-recommendations-2020-0406,dc-monthly-comics-recommendations-2020,unresolved,,,
dc-monthly-comics-recommendations-2020-0407,dc-monthly-comics-recommendations-2020,unresolved,,,
dc-monthly-comics-recommendations-2020-0408,dc-monthly-comics-recommendations-2020,unresolved,,,
dc-monthly-comics-recommendations-2020-0409,dc-monthly-comics-recommendations-2020,unresolved,,,
dc-monthly-comics-recommendations-2020-0410,dc-monthly-comics-recommendations-2020,unresolved,,,
dc-monthly-comics-recommendations-2020-0411,dc-monthly-comics-recommendations-2020,unresolved,,,
dc-monthly-comics-recommendations-2020-0412,dc-monthly-comics-recommendations-2020,unresolved,,,
dc-monthly-comics-recommendations-2020-0413,dc-monthly-comics-recommendations-2020,unresolved,,,
dc-monthly-comics-recommendations-2020-0414,dc-monthly-comics-recommendations-2020,unresolved,,,
dc-monthly-comics-recommendations-2020-0415,dc-monthly-comics-recommendations-2020,unresolved,,,
dc-monthly-comics-recommendations-2020-0416,dc-monthly-comics-recommendations-2020,unresolved,,,
dc-monthly-comics-recommendations-2020-0417,dc-monthly-comics-recommendations-2020,unresolved,,,
dc-monthly-comics-recommendations-2020-0418,dc-monthly-comics-recommendations-2020,unresolved,,,
dc-monthly-comics-recommendations-2020-0419,dc-monthly-comics-recommendations-2020,unresolved,,,
dc-monthly-comics-recommendations-2020-0420,dc-monthly-comics-recommendations-2020,unresolved,,,
dc-monthly-comics-recommendations-2020-0421,dc-monthly-comics-recommendations-2020,unresolved,,,
dc-monthly-comics-recommendations-2020-0422,dc-monthly-comics-recommendations-2020,unresolved,,,
dc-monthly-comics-recommendations-2020-0423,dc-monthly-comics-recommendations-2020,unresolved,,,
dc-monthly-comics-recommendations-2020-0424,dc-monthly-comics-recommendations-2020,unresolved,,,
dc-monthly-comics-recommendations-2020-0425,dc-monthly-comics-recommendations-2020,unresolved,,,
dc-monthly-comics-recommendations-2020-0426,dc-monthly-comics-recommendations-2020,unresolved,,,
dc-monthly-comics-recommendations-2020-0427,dc-monthly-comics-recommendations-2020,unresolved,,,
dc-monthly-comics-recommendations-2020-0428,dc-monthly-comics-recommendations-2020,unresolved,,,
dc-monthly-comics-recommendations-2020-0429,dc-monthly-comics-recommendations-2020,unresolved,,,
dc-monthly-comics-recommendations-2020-0430,dc-monthly-comics-recommendations-2020,unresolved,,,
dc-monthly-comics-recommendations-2020-0431,dc-monthly-comics-recommendations-2020,unresolved,,,
dc-monthly-comics-recommendations-2020-0432,dc-monthly-comics-recommendations-2020,unresolved,,,
dc-monthly-comics-recommendations-2020-0433,dc-monthly-comics-recommendations-2020,unresolved,,,
dc-monthly-comics-recommendations-2020-0434,dc-monthly-comics-recommendations-2020,unresolved,,,
dc-monthly-comics-recommendations-2020-0435,dc-monthly-comics-recommendations-2020,unresolved,,,
dc-monthly-comics-recommendations-2020-0436,dc-monthly-comics-recommendations-2020,unresolved,,,
dc-monthly-comics-recommendations-2020-0437,dc-monthly-comics-recommendations-2020,unresolved,,,
dc-monthly-comics-recommendations-2020-0438,dc-monthly-comics-recommendations-2020,unresolved,,,
dc-monthly-comics-recommendations-2020-0439,dc-monthly-comics-recommendations-2020,unresolved,,,
dc-monthly-comics-recommendations-2020-0440,dc-monthly-comics-recommendations-2020,unresolved,,,
dc-monthly-comics-recommendations-2020-0441,dc-monthly-comics-recommendations-2020,unresolved,,,
dc-monthly-comics-recommendations-2020-0442,dc-monthly-comics-recommendations-2020,unresolved,,,
dc-monthly-comics-recommendations-2020-0443,dc-monthly-comics-recommendations-2020,unresolved,,,
dc-monthly-comics-recommendations-2020-0444,dc-monthly-comics-recommendations-2020,unresolved,,,
dc-monthly-comics-recommendations-2020-0445,dc-monthly-comics-recommendations-2020,unresolved,,,
dc-monthly-comics-recommendations-2020-0446,dc-monthly-comics-recommendations-2020,unresolved,,,
dc-monthly-comics-recommendations-2020-0447,dc-monthly-comics-recommendations-2020,unresolved,,,
dc-monthly-comics-recommendations-2020-0448,dc-monthly-comics-recommendations-2020,unresolved,,,
dc-monthly-comics-recommendations-2020-0449,dc-monthly-comics-recommendations-2020,unresolved,,,
dc-monthly-comics-recommendations-2020-0450,dc-monthly-comics-recommendations-2020,unresolved,,,
dc-monthly-comics-recommendations-2020-0451,dc-monthly-comics-recommendations-2020,unresolved,,,
dc-monthly-comics-recommendations-2020-0452,dc-monthly-comics-recommendations-2020,unresolved,,,
dc-monthly-comics-recommendations-2020-0453,dc-monthly-comics-recommendations-2020,unresolved,,,
dc-monthly-comics-recommendations-2020-0454,dc-monthly-comics-recommendations-2020,unresolved,,,
dc-monthly-comics-recommendations-2020-0455,dc-monthly-comics-recommendations-2020,unresolved,,,
dc-monthly-comics-recommendations-2020-0456,dc-monthly-comics-recommendations-2020,unresolved,,,
dc-monthly-comics-recommendations-2020-0457,dc-monthly-comics-recommendations-2020,unresolved,,,
dc-monthly-comics-recommendations-2020-0458,dc-monthly-comics-recommendations-2020,unresolved,,,
dc-monthly-comics-recommendations-2020-0459,dc-monthly-comics-recommendations-2020,unresolved,,,
dc-monthly-comics-recommendations-2020-0460,dc-monthly-comics-recommendations-2020,unresolved,,,
dc-monthly-comics-recommendations-2020-0461,dc-monthly-comics-recommendations-2020,unresolved,,,
dc-monthly-comics-recommendations-2020-0462,dc-monthly-comics-recommendations-2020,unresolved,,,
dc-monthly-comics-recommendations-2020-0463,dc-monthly-comics-recommendations-2020,unresolved,,,
dc-monthly-comics-recommendations-2020-0464,dc-monthly-comics-recommendations-2020,unresolved,,,
dc-monthly-comics-recommendations-2020-0465,dc-monthly-comics-recommendations-2020,unresolved,,,
dc-monthly-comics-recommendations-2020-0466,dc-monthly-comics-recommendations-2020,unresolved,,,
dc-monthly-comics-recommendations-2020-0467,dc-monthly-comics-recommendations-2020,unresolved,,,
dc-monthly-comics-recommendations-2020-0468,dc-monthly-comics-recommendations-2020,unresolved,,,
dc-monthly-comics-recommendations-2020-0469,dc-monthly-comics-recommendations-2020,unresolved,,,
dc-monthly-comics-recommendations-2020-0470,dc-monthly-comics-recommendations-2020,unresolved,,,
dc-monthly-comics-recommendations-2020-0471,dc-monthly-comics-recommendations-2020,unresolved,,,
dc-monthly-comics-recommendations-2020-0472,dc-monthly-comics-recommendations-2020,unresolved,,,
dc-monthly-comics-recommendations-2020-0473,dc-monthly-comics-recommendations-2020,unresolved,,,
dc-monthly-comics-recommendations-2020-0474,dc-monthly-comics-recommendations-2020,unresolved,,,
dc-monthly-comics-recommendations-2020-0475,dc-monthly-comics-recommendations-2020,unresolved,,,
dc-monthly-comics-recommendations-2020-0476,dc-monthly-comics-recommendations-2020,unresolved,,,
dc-monthly-comics-recommendations-2020-0477,dc-monthly-comics-recommendations-2020,unresolved,,,
dc-monthly-comics-recommendations-2020-0478,dc-monthly-comics-recommendations-2020,unresolved,,,
dc-monthly-comics-recommendations-2020-0479,dc-monthly-comics-recommendations-2020,unresolved,,,
dc-monthly-comics-recommendations-2020-0480,dc-monthly-comics-recommendations-2020,unresolved,,,
dc-monthly-comics-recommendations-2020-0481,dc-monthly-comics-recommendations-2020,unresolved,,,
dc-monthly-comics-recommendations-2020-0482,dc-monthly-comics-recommendations-2020,unresolved,,,
dc-monthly-comics-recommendations-2020-0483,dc-monthly-comics-recommendations-2020,unresolved,,,
dc-monthly-comics-recommendations-2020-0484,dc-monthly-comics-recommendations-2020,unresolved,,,
dc-monthly-comics-recommendations-2020-0485,dc-monthly-comics-recommendations-2020,unresolved,,,
dc-monthly-comics-recommendations-2020-0486,dc-monthly-comics-recommendations-2020,unresolved,,,
dc-monthly-comics-recommendations-2020-0487,dc-monthly-comics-recommendations-2020,unresolved,,,
dc-monthly-comics-recommendations-2020-0488,dc-monthly-comics-recommendations-2020,unresolved,,,
dc-monthly-comics-recommendations-2020-0489,dc-monthly-comics-recommendations-2020,unresolved,,,
dc-monthly-comics-recommendations-2020-0490,dc-monthly-comics-recommendations-2020,unresolved,,,
dc-monthly-comics-recommendations-2020-0491,dc-monthly-comics-recommendations-2020,unresolved,,,
dc-monthly-comics-recommendations-2020-0492,dc-monthly-comics-recommendations-2020,unresolved,,,
dc-monthly-comics-recommendations-2020-0493,dc-monthly-comics-recommendations-2020,unresolved,,,
dc-monthly-comics-recommendations-2020-0494,dc-monthly-comics-recommendations-2020,unresolved,,,
dc-monthly-comics-recommendations-2020-0495,dc-monthly-comics-recommendations-2020,unresolved,,,
dc-monthly-comics-recommendations-2020-0496,dc-monthly-comics-recommendations-2020,unresolved,,,
dc-monthly-comics-recommendations-2020-0497,dc-monthly-comics-recommendations-2020,unresolved,,,
dc-monthly-comics-recommendations-2020-0498,dc-monthly-comics-recommendations-2020,unresolved,,,
dc-monthly-comics-recommendations-2020-0499,dc-monthly-comics-recommendations-2020,unresolved,,,
dc-monthly-comics-recommendations-2020-0500,dc-monthly-comics-recommendations-2020,unresolved,,,
dc-monthly-comics-recommendations-2020-0501,dc-monthly-comics-recommendations-2020,unresolved,,,
dc-monthly-comics-recommendations-2020-0502,dc-monthly-comics-recommendations-2020,unresolved,,,
dc-monthly-comics-recommendations-2020-0503,dc-monthly-comics-recommendations-2020,unresolved,,,
dc-monthly-comics-recommendations-2020-0504,dc-monthly-comics-recommendations-2020,unresolved,,,
dc-monthly-comics-recommendations-2020-0505,dc-monthly-comics-recommendations-2020,unresolved,,,
dc-monthly-comics-recommendations-2020-0506,dc-monthly-comics-recommendations-2020,unresolved,,,
dc-monthly-comics-recommendations-2020-0507,dc-monthly-comics-recommendations-2020,unresolved,,,
dc-monthly-comics-recommendations-2020-0508,dc-monthly-comics-recommendations-2020,unresolved,,,
dc-monthly-comics-recommendations-2020-0509,dc-monthly-comics-recommendations-2020,unresolved,,,
dc-monthly-comics-recommendations-2020-0510,dc-monthly-comics-recommendations-2020,unresolved,,,
dc-monthly-comics-recommendations-2020-0511,dc-monthly-comics-recommendations-2020,unresolved,,,
dc-monthly-comics-recommendations-2020-0512,dc-monthly-comics-recommendations-2020,unresolved,,,
dc-monthly-comics-recommendations-2020-0513,dc-monthly-comics-recommendations-2020,unresolved,,,
dc-monthly-comics-recommendations-2020-0514,dc-monthly-comics-recommendations-2020,unresolved,,,
dc-monthly-comics-recommendations-2020-0515,dc-monthly-comics-recommendations-2020,unresolved,,,
dc-monthly-comics-recommendations-2020-0516,dc-monthly-comics-recommendations-2020,unresolved,,,
dc-monthly-comics-recommendations-2020-0517,dc-monthly-comics-recommendations-2020,unresolved,,,
dc-monthly-comics-recommendations-2020-0518,dc-monthly-comics-recommendations-2020,unresolved,,,
dc-monthly-comics-recommendations-2020-0519,dc-monthly-comics-recommendations-2020,unresolved,,,
dc-monthly-comics-recommendations-2020-0520,dc-monthly-comics-recommendations-2020,unresolved,,,
dc-monthly-comics-recommendations-2020-0521,dc-monthly-comics-recommendations-2020,unresolved,,,
dc-monthly-comics-recommendations-2020-0522,dc-monthly-comics-recommendations-2020,unresolved,,,
dc-monthly-comics-recommendations-2020-0523,dc-monthly-comics-recommendations-2020,unresolved,,,
dc-monthly-comics-recommendations-2020-0524,dc-monthly-comics-recommendations-2020,unresolved,,,
dc-monthly-comics-recommendations-2020-0525,dc-monthly-comics-recommendations-2020,unresolved,,,
dc-monthly-comics-recommendations-2020-0526,dc-monthly-comics-recommendations-2020,unresolved,,,
dc-monthly-comics-recommendations-2020-0527,dc-monthly-comics-recommendations-2020,unresolved,,,
dc-monthly-comics-recommendations-2020-0528,dc-monthly-comics-recommendations-2020,unresolved,,,
dc-monthly-comics-recommendations-2020-0529,dc-monthly-comics-recommendations-2020,unresolved,,,
dc-monthly-comics-recommendations-2020-0530,dc-monthly-comics-recommendations-2020,unresolved,,,
dc-monthly-comics-recommendations-2020-0531,dc-monthly-comics-recommendations-2020,unresolved,,,
dc-monthly-comics-recommendations-2020-0532,dc-monthly-comics-recommendations-2020,unresolved,,,
dc-monthly-comics-recommendations-2020-0533,dc-monthly-comics-recommendations-2020,unresolved,,,
dc-monthly-comics-recommendations-2020-0534,dc-monthly-comics-recommendations-2020,unresolved,,,
dc-monthly-comics-recommendations-2020-0535,dc-monthly-comics-recommendations-2020,unresolved,,,
dc-monthly-comics-recommendations-2020-0536,dc-monthly-comics-recommendations-2020,unresolved,,,
dc-monthly-comics-recommendations-2020-0537,dc-monthly-comics-recommendations-2020,unresolved,,,
dc-monthly-comics-recommendations-2020-0538,dc-monthly-comics-recommendations-2020,unresolved,,,
dc-monthly-comics-recommendations-2020-0539,dc-monthly-comics-recommendations-2020,unresolved,,,
dc-monthly-comics-recommendations-2020-0540,dc-monthly-comics-recommendations-2020,unresolved,,,
dc-monthly-comics-recommendations-2020-0541,dc-monthly-comics-recommendations-2020,unresolved,,,
dc-monthly-comics-recommendations-2020-0542,dc-monthly-comics-recommendations-2020,unresolved,,,
dc-monthly-comics-recommendations-2020-0543,dc-monthly-comics-recommendations-2020,unresolved,,,
dc-monthly-comics-recommendations-2020-0544,dc-monthly-comics-recommendations-2020,unresolved,,,
dc-monthly-comics-recommendations-2020-0545,dc-monthly-comics-recommendations-2020,unresolved,,,
dc-monthly-comics-recommendations-2020-0546,dc-monthly-comics-recommendations-2020,unresolved,,,
dc-monthly-comics-recommendations-2020-0547,dc-monthly-comics-recommendations-2020,unresolved,,,
dc-monthly-comics-recommendations-2020-0548,dc-monthly-comics-recommendations-2020,unresolved,,,
dc-monthly-comics-recommendations-2020-0549,dc-monthly-comics-recommendations-2020,unresolved,,,
dc-monthly-comics-recommendations-2020-0550,dc-monthly-comics-recommendations-2020,unresolved,,,
dc-monthly-comics-recommendations-2020-0551,dc-monthly-comics-recommendations-2020,unresolved,,,
dc-monthly-comics-recommendations-2020-0552,dc-monthly-comics-recommendations-2020,unresolved,,,
dc-monthly-comics-recommendations-2020-0553,dc-monthly-comics-recommendations-2020,unresolved,,,
dc-monthly-comics-recommendations-2020-0554,dc-monthly-comics-recommendations-2020,unresolved,,,
dc-monthly-comics-recommendations-2020-0555,dc-monthly-comics-recommendations-2020,unresolved,,,
dc-monthly-comics-recommendations-2020-0556,dc-monthly-comics-recommendations-2020,unresolved,,,
dc-monthly-comics-recommendations-2020-0557,dc-monthly-comics-recommendations-2020,unresolved,,,
dc-monthly-comics-recommendations-2020-0558,dc-monthly-comics-recommendations-2020,unresolved,,,
dc-monthly-comics-recommendations-2020-0559,dc-monthly-comics-recommendations-2020,unresolved,,,
dc-monthly-comics-recommendations-2020-0560,dc-monthly-comics-recommendations-2020,unresolved,,,
dc-monthly-comics-recommendations-2020-0561,dc-monthly-comics-recommendations-2020,unresolved,,,
dc-monthly-comics-recommendations-2020-0562,dc-monthly-comics-recommendations-2020,unresolved,,,
dc-monthly-comics-recommendations-2020-0563,dc-monthly-comics-recommendations-2020,unresolved,,,
dc-monthly-comics-recommendations-2020-0564,dc-monthly-comics-recommendations-2020,unresolved,,,
dc-monthly-comics-recommendations-2020-0565,dc-monthly-comics-recommendations-2020,unresolved,,,
dc-monthly-comics-recommendations-2020-0566,dc-monthly-comics-recommendations-2020,unresolved,,,
dc-monthly-comics-recommendations-2020-0567,dc-monthly-comics-recommendations-2020,unresolved,,,
dc-monthly-comics-recommendations-2020-0568,dc-monthly-comics-recommendations-2020,unresolved,,,
dc-monthly-comics-recommendations-2020-0569,dc-monthly-comics-recommendations-2020,unresolved,,,
dc-monthly-comics-recommendations-2020-0570,dc-monthly-comics-recommendations-2020,unresolved,,,
dc-monthly-comics-recommendations-2020-0571,dc-monthly-comics-recommendations-2020,unresolved,,,
dc-monthly-comics-recommendations-2020-0572,dc-monthly-comics-recommendations-2020,unresolved,,,
dc-monthly-comics-recommendations-2020-0573,dc-monthly-comics-recommendations-2020,unresolved,,,
dc-monthly-comics-recommendations-2020-0574,dc-monthly-comics-recommendations-2020,unresolved,,,
dc-monthly-comics-recommendations-2020-0575,dc-monthly-comics-recommendations-2020,unresolved,,,
dc-monthly-comics-recommendations-2020-0576,dc-monthly-comics-recommendations-2020,unresolved,,,
dc-monthly-comics-recommendations-2020-0577,dc-monthly-comics-recommendations-2020,unresolved,,,
dc-monthly-comics-recommendations-2020-0578,dc-monthly-comics-recommendations-2020,unresolved,,,
dc-monthly-comics-recommendations-2020-0579,dc-monthly-comics-recommendations-2020,unresolved,,,
dc-monthly-comics-recommendations-2020-0580,dc-monthly-comics-recommendations-2020,unresolved,,,
dc-monthly-comics-recommendations-2020-0581,dc-monthly-comics-recommendations-2020,unresolved,,,
dc-monthly-comics-recommendations-2020-0582,dc-monthly-comics-recommendations-2020,unresolved,,,
dc-monthly-comics-recommendations-2020-0583,dc-monthly-comics-recommendations-2020,unresolved,,,
dc-monthly-comics-recommendations-2020-0584,dc-monthly-comics-recommendations-2020,unresolved,,,
dc-monthly-comics-recommendations-2020-0585,dc-monthly-comics-recommendations-2020,unresolved,,,
dc-monthly-comics-recommendations-2020-0586,dc-monthly-comics-recommendations-2020,unresolved,,,
dc-monthly-comics-recommendations-2020-0587,dc-monthly-comics-recommendations-2020,unresolved,,,
dc-monthly-comics-recommendations-2020-0588,dc-monthly-comics-recommendations-2020,unresolved,,,
dc-monthly-comics-recommendations-2020-0589,dc-monthly-comics-recommendations-2020,unresolved,,,
dc-monthly-comics-recommendations-2020-0590,dc-monthly-comics-recommendations-2020,unresolved,,,
dc-monthly-comics-recommendations-2020-0591,dc-monthly-comics-recommendations-2020,unresolved,,,
dc-monthly-comics-recommendations-2020-0592,dc-monthly-comics-recommendations-2020,unresolved,,,
dc-monthly-comics-recommendations-2020-0593,dc-monthly-comics-recommendations-2020,unresolved,,,
dc-monthly-comics-recommendations-2020-0594,dc-monthly-comics-recommendations-2020,unresolved,,,
dc-monthly-comics-recommendations-2020-0595,dc-monthly-comics-recommendations-2020,unresolved,,,
dc-monthly-comics-recommendations-2020-0596,dc-monthly-comics-recommendations-2020,unresolved,,,
dc-monthly-comics-recommendations-2020-0597,dc-monthly-comics-recommendations-2020,unresolved,,,
dc-monthly-comics-recommendations-2020-0598,dc-monthly-comics-recommendations-2020,unresolved,,,
dc-monthly-comics-recommendations-2020-0599,dc-monthly-comics-recommendations-2020,unresolved,,,
dc-monthly-comics-recommendations-2020-0600,dc-monthly-comics-recommendations-2020,unresolved,,,
dc-monthly-comics-recommendations-2020-0601,dc-monthly-comics-recommendations-2020,unresolved,,,
dc-monthly-comics-recommendations-2020-0602,dc-monthly-comics-recommendations-2020,unresolved,,,
dc-monthly-comics-recommendations-2020-0603,dc-monthly-comics-recommendations-2020,unresolved,,,
dc-monthly-comics-recommendations-2020-0604,dc-monthly-comics-recommendations-2020,unresolved,,,
dc-monthly-comics-recommendations-2020-0605,dc-monthly-comics-recommendations-2020,unresolved,,,
dc-monthly-comics-recommendations-2020-0606,dc-monthly-comics-recommendations-2020,unresolved,,,
dc-monthly-comics-recommendations-2020-0607,dc-monthly-comics-recommendations-2020,unresolved,,,
dc-monthly-comics-recommendations-2020-0608,dc-monthly-comics-recommendations-2020,unresolved,,,
dc-monthly-comics-recommendations-2020-0609,dc-monthly-comics-recommendations-2020,unresolved,,,
dc-monthly-comics-recommendations-2020-0610,dc-monthly-comics-recommendations-2020,unresolved,,,
dc-monthly-comics-recommendations-2020-0611,dc-monthly-comics-recommendations-2020,unresolved,,,
dc-monthly-comics-recommendations-2020-0612,dc-monthly-comics-recommendations-2020,unresolved,,,
dc-monthly-comics-recommendations-2020-0613,dc-monthly-comics-recommendations-2020,unresolved,,,
dc-monthly-comics-recommendations-2020-0614,dc-monthly-comics-recommendations-2020,unresolved,,,
dc-monthly-comics-recommendations-2020-0615,dc-monthly-comics-recommendations-2020,unresolved,,,
dc-monthly-comics-recommendations-2020-0616,dc-monthly-comics-recommendations-2020,unresolved,,,
dc-monthly-comics-recommendations-2020-0617,dc-monthly-comics-recommendations-2020,unresolved,,,
dc-monthly-comics-recommendations-2020-0618,dc-monthly-comics-recommendations-2020,unresolved,,,
dc-monthly-comics-recommendations-2020-0619,dc-monthly-comics-recommendations-2020,unresolved,,,
dc-monthly-comics-recommendations-2020-0620,dc-monthly-comics-recommendations-2020,unresolved,,,
dc-monthly-comics-recommendations-2020-0621,dc-monthly-comics-recommendations-2020,unresolved,,,
dc-monthly-comics-recommendations-2020-0622,dc-monthly-comics-recommendations-2020,unresolved,,,
dc-monthly-comics-recommendations-2020-0623,dc-monthly-comics-recommendations-2020,unresolved,,,
dc-monthly-comics-recommendations-2020-0624,dc-monthly-comics-recommendations-2020,unresolved,,,
dc-monthly-comics-recommendations-2020-0625,dc-monthly-comics-recommendations-2020,unresolved,,,
dc-monthly-comics-recommendations-2020-0626,dc-monthly-comics-recommendations-2020,unresolved,,,
dc-monthly-comics-recommendations-2020-0627,dc-monthly-comics-recommendations-2020,unresolved,,,
dc-monthly-comics-recommendations-2020-0628,dc-monthly-comics-recommendations-2020,unresolved,,,
dc-monthly-comics-recommendations-2020-0629,dc-monthly-comics-recommendations-2020,unresolved,,,
dc-monthly-comics-recommendations-2020-0630,dc-monthly-comics-recommendations-2020,unresolved,,,
dc-monthly-comics-recommendations-2020-0631,dc-monthly-comics-recommendations-2020,unresolved,,,
dc-monthly-comics-recommendations-2020-0632,dc-monthly-comics-recommendations-2020,unresolved,,,
dc-monthly-comics-recommendations-2020-0633,dc-monthly-comics-recommendations-2020,unresolved,,,
dc-monthly-comics-recommendations-2020-0634,dc-monthly-comics-recommendations-2020,unresolved,,,
dc-monthly-comics-recommendations-2020-0635,dc-monthly-comics-recommendations-2020,unresolved,,,
dc-monthly-comics-recommendations-2020-0636,dc-monthly-comics-recommendations-2020,unresolved,,,
dc-monthly-comics-recommendations-2020-0637,dc-monthly-comics-recommendations-2020,unresolved,,,
dc-monthly-comics-recommendations-2020-0638,dc-monthly-comics-recommendations-2020,unresolved,,,
dc-monthly-comics-recommendations-2020-0639,dc-monthly-comics-recommendations-2020,unresolved,,,
dc-monthly-comics-recommendations-2020-0640,dc-monthly-comics-recommendations-2020,unresolved,,,
dc-monthly-comics-recommendations-2020-0641,dc-monthly-comics-recommendations-2020,unresolved,,,
dc-monthly-comics-recommendations-2020-0642,dc-monthly-comics-recommendations-2020,unresolved,,,
dc-monthly-comics-recommendations-2020-0643,dc-monthly-comics-recommendations-2020,unresolved,,,
dc-monthly-comics-recommendations-2020-0644,dc-monthly-comics-recommendations-2020,unresolved,,,
dc-monthly-comics-recommendations-2020-0645,dc-monthly-comics-recommendations-2020,unresolved,,,
dc-monthly-comics-recommendations-2020-0646,dc-monthly-comics-recommendations-2020,unresolved,,,
dc-monthly-comics-recommendations-2020-0647,dc-monthly-comics-recommendations-2020,unresolved,,,
dc-monthly-comics-recommendations-2020-0648,dc-monthly-comics-recommendations-2020,unresolved,,,
dc-monthly-comics-recommendations-2020-0649,dc-monthly-comics-recommendations-2020,unresolved,,,
dc-monthly-comics-recommendations-2020-0650,dc-monthly-comics-recommendations-2020,unresolved,,,
dc-monthly-comics-recommendations-2020-0651,dc-monthly-comics-recommendations-2020,unresolved,,,
dc-monthly-comics-recommendations-2020-0652,dc-monthly-comics-recommendations-2020,unresolved,,,
dc-monthly-comics-recommendations-2020-0653,dc-monthly-comics-recommendations-2020,unresolved,,,
dc-monthly-comics-recommendations-2020-0654,dc-monthly-comics-recommendations-2020,unresolved,,,
dc-monthly-comics-recommendations-2020-0655,dc-monthly-comics-recommendations-2020,unresolved,,,
dc-monthly-comics-recommendations-2020-0656,dc-monthly-comics-recommendations-2020,unresolved,,,
dc-monthly-comics-recommendations-2020-0657,dc-monthly-comics-recommendations-2020,unresolved,,,
dc-monthly-comics-recommendations-2020-0658,dc-monthly-comics-recommendations-2020,unresolved,,,
dc-monthly-comics-recommendations-2020-0659,dc-monthly-comics-recommendations-2020,unresolved,,,
dc-monthly-comics-recommendations-2020-0660,dc-monthly-comics-recommendations-2020,unresolved,,,
dc-monthly-comics-recommendations-2020-0661,dc-monthly-comics-recommendations-2020,unresolved,,,
dc-monthly-comics-recommendations-2020-0662,dc-monthly-comics-recommendations-2020,unresolved,,,
dc-monthly-comics-recommendations-2020-0663,dc-monthly-comics-recommendations-2020,unresolved,,,
dc-monthly-comics-recommendations-2020-0664,dc-monthly-comics-recommendations-2020,unresolved,,,
dc-monthly-comics-recommendations-2020-0665,dc-monthly-comics-recommendations-2020,unresolved,,,
dc-monthly-comics-recommendations-2020-0666,dc-monthly-comics-recommendations-2020,unresolved,,,
dc-monthly-comics-recommendations-2020-0667,dc-monthly-comics-recommendations-2020,unresolved,,,
dc-monthly-comics-recommendations-2020-0668,dc-monthly-comics-recommendations-2020,unresolved,,,
dc-monthly-comics-recommendations-2020-0669,dc-monthly-comics-recommendations-2020,unresolved,,,
dc-monthly-comics-recommendations-2020-0670,dc-monthly-comics-recommendations-2020,unresolved,,,
dc-monthly-comics-recommendations-2020-0671,dc-monthly-comics-recommendations-2020,unresolved,,,
dc-monthly-comics-recommendations-2020-0672,dc-monthly-comics-recommendations-2020,unresolved,,,
dc-monthly-comics-recommendations-2020-0673,dc-monthly-comics-recommendations-2020,unresolved,,,
dc-monthly-comics-recommendations-2020-0674,dc-monthly-comics-recommendations-2020,unresolved,,,
dc-monthly-comics-recommendations-2020-0675,dc-monthly-comics-recommendations-2020,unresolved,,,
dc-monthly-comics-recommendations-2020-0676,dc-monthly-comics-recommendations-2020,unresolved,,,
dc-monthly-comics-recommendations-2020-0677,dc-monthly-comics-recommendations-2020,unresolved,,,
dc-monthly-comics-recommendations-2020-0678,dc-monthly-comics-recommendations-2020,unresolved,,,
dc-monthly-comics-recommendations-2020-0679,dc-monthly-comics-recommendations-2020,unresolved,,,
dc-monthly-comics-recommendations-2020-0680,dc-monthly-comics-recommendations-2020,unresolved,,,
dc-monthly-comics-recommendations-2020-0681,dc-monthly-comics-recommendations-2020,unresolved,,,
dc-monthly-comics-recommendations-2020-0682,dc-monthly-comics-recommendations-2020,unresolved,,,
dc-monthly-comics-recommendations-2020-0683,dc-monthly-comics-recommendations-2020,unresolved,,,
dc-monthly-comics-recommendations-2020-0684,dc-monthly-comics-recommendations-2020,unresolved,,,
dc-monthly-comics-recommendations-2020-0685,dc-monthly-comics-recommendations-2020,unresolved,,,
dc-monthly-comics-recommendations-2020-0686,dc-monthly-comics-recommendations-2020,unresolved,,,
dc-monthly-comics-recommendations-2020-0687,dc-monthly-comics-recommendations-2020,unresolved,,,
dc-monthly-comics-recommendations-2020-0688,dc-monthly-comics-recommendations-2020,unresolved,,,
dc-monthly-comics-recommendations-2020-0689,dc-monthly-comics-recommendations-2020,unresolved,,,
dc-monthly-comics-recommendations-2020-0690,dc-monthly-comics-recommendations-2020,unresolved,,,
dc-monthly-comics-recommendations-2020-0691,dc-monthly-comics-recommendations-2020,unresolved,,,
dc-monthly-comics-recommendations-2020-0692,dc-monthly-comics-recommendations-2020,unresolved,,,
dc-monthly-comics-recommendations-2020-0693,dc-monthly-comics-recommendations-2020,unresolved,,,
dc-monthly-comics-recommendations-2020-0694,dc-monthly-comics-recommendations-2020,unresolved,,,
dc-monthly-comics-recommendations-2020-0695,dc-monthly-comics-recommendations-2020,unresolved,,,
dc-monthly-comics-recommendations-2020-0696,dc-monthly-comics-recommendations-2020,unresolved,,,
dc-monthly-comics-recommendations-2020-0697,dc-monthly-comics-recommendations-2020,unresolved,,,
dc-monthly-comics-recommendations-2020-0698,dc-monthly-comics-recommendations-2020,unresolved,,,
dc-monthly-comics-recommendations-2020-0699,dc-monthly-comics-recommendations-2020,unresolved,,,
dc-monthly-comics-recommendations-2020-0700,dc-monthly-comics-recommendations-2020,unresolved,,,
dc-monthly-comics-recommendations-2020-0701,dc-monthly-comics-recommendations-2020,unresolved,,,
dc-monthly-comics-recommendations-2020-0702,dc-monthly-comics-recommendations-2020,unresolved,,,
dc-monthly-comics-recommendations-2020-0703,dc-monthly-comics-recommendations-2020,unresolved,,,
dc-monthly-comics-recommendations-2020-0704,dc-monthly-comics-recommendations-2020,unresolved,,,
dc-monthly-comics-recommendations-2020-0705,dc-monthly-comics-recommendations-2020,unresolved,,,
dc-monthly-comics-recommendations-2020-0706,dc-monthly-comics-recommendations-2020,unresolved,,,
dc-monthly-comics-recommendations-2020-0707,dc-monthly-comics-recommendations-2020,unresolved,,,
dc-monthly-comics-recommendations-2020-0708,dc-monthly-comics-recommendations-2020,unresolved,,,
dc-monthly-comics-recommendations-2020-0709,dc-monthly-comics-recommendations-2020,unresolved,,,
dc-monthly-comics-recommendations-2020-0710,dc-monthly-comics-recommendations-2020,unresolved,,,
dc-monthly-comics-recommendations-2020-0711,dc-monthly-comics-recommendations-2020,unresolved,,,
dc-monthly-comics-recommendations-2020-0712,dc-monthly-comics-recommendations-2020,unresolved,,,
dc-monthly-comics-recommendations-2020-0713,dc-monthly-comics-recommendations-2020,unresolved,,,
dc-monthly-comics-recommendations-2020-0714,dc-monthly-comics-recommendations-2020,unresolved,,,
dc-monthly-comics-recommendations-2020-0715,dc-monthly-comics-recommendations-2020,unresolved,,,
dc-monthly-comics-recommendations-2020-0716,dc-monthly-comics-recommendations-2020,unresolved,,,
dc-monthly-comics-recommendations-2020-0717,dc-monthly-comics-recommendations-2020,unresolved,,,
dc-monthly-comics-recommendations-2020-0718,dc-monthly-comics-recommendations-2020,unresolved,,,
dc-monthly-comics-recommendations-2020-0719,dc-monthly-comics-recommendations-2020,unresolved,,,
dc-monthly-comics-recommendations-2020-0720,dc-monthly-comics-recommendations-2020,unresolved,,,
dc-monthly-comics-recommendations-2020-0721,dc-monthly-comics-recommendations-2020,unresolved,,,
dc-monthly-comics-recommendations-2020-0722,dc-monthly-comics-recommendations-2020,unresolved,,,
dc-monthly-comics-recommendations-2020-0723,dc-monthly-comics-recommendations-2020,unresolved,,,
dc-monthly-comics-recommendations-2020-0724,dc-monthly-comics-recommendations-2020,unresolved,,,
dc-monthly-comics-recommendations-2020-0725,dc-monthly-comics-recommendations-2020,unresolved,,,
dc-monthly-comics-recommendations-2020-0726,dc-monthly-comics-recommendations-2020,unresolved,,,
dc-monthly-comics-recommendations-2020-0727,dc-monthly-comics-recommendations-2020,unresolved,,,
dc-monthly-comics-recommendations-2020-0728,dc-monthly-comics-recommendations-2020,unresolved,,,
dc-monthly-comics-recommendations-2020-0729,dc-monthly-comics-recommendations-2020,unresolved,,,
dc-monthly-comics-recommendations-2020-0730,dc-monthly-comics-recommendations-2020,unresolved,,,
dc-monthly-comics-recommendations-2020-0731,dc-monthly-comics-recommendations-2020,unresolved,,,
dc-monthly-comics-recommendations-2020-0732,dc-monthly-comics-recommendations-2020,unresolved,,,
dc-monthly-comics-recommendations-2020-0733,dc-monthly-comics-recommendations-2020,unresolved,,,
dc-monthly-comics-recommendations-2020-0734,dc-monthly-comics-recommendations-2020,unresolved,,,
dc-monthly-comics-recommendations-2020-0735,dc-monthly-comics-recommendations-2020,unresolved,,,
dc-monthly-comics-recommendations-2020-0736,dc-monthly-comics-recommendations-2020,unresolved,,,
dc-monthly-comics-recommendations-2020-0737,dc-monthly-comics-recommendations-2020,unresolved,,,
dc-monthly-comics-recommendations-2020-0738,dc-monthly-comics-recommendations-2020,unresolved,,,
dc-monthly-comics-recommendations-2020-0739,dc-monthly-comics-recommendations-2020,unresolved,,,
dc-monthly-comics-recommendations-2020-0740,dc-monthly-comics-recommendations-2020,unresolved,,,
dc-monthly-comics-recommendations-2020-0741,dc-monthly-comics-recommendations-2020,unresolved,,,
dc-monthly-comics-recommendations-2020-0742,dc-monthly-comics-recommendations-2020,unresolved,,,
dc-monthly-comics-recommendations-2020-0743,dc-monthly-comics-recommendations-2020,unresolved,,,
dc-monthly-comics-recommendations-2020-0744,dc-monthly-comics-recommendations-2020,unresolved,,,
dc-monthly-comics-recommendations-2020-0745,dc-monthly-comics-recommendations-2020,unresolved,,,
dc-monthly-comics-recommendations-2020-0746,dc-monthly-comics-recommendations-2020,unresolved,,,
dc-monthly-comics-recommendations-2020-0747,dc-monthly-comics-recommendations-2020,unresolved,,,
dc-monthly-comics-recommendations-2020-0748,dc-monthly-comics-recommendations-2020,unresolved,,,
dc-monthly-comics-recommendations-2020-0749,dc-monthly-comics-recommendations-2020,unresolved,,,
dc-monthly-comics-recommendations-2020-0750,dc-monthly-comics-recommendations-2020,unresolved,,,
dc-monthly-comics-recommendations-2020-0751,dc-monthly-comics-recommendations-2020,unresolved,,,
dc-monthly-comics-recommendations-2020-0752,dc-monthly-comics-recommendations-2020,unresolved,,,
dc-monthly-comics-recommendations-2020-0753,dc-monthly-comics-recommendations-2020,unresolved,,,
dc-monthly-comics-recommendations-2020-0754,dc-monthly-comics-recommendations-2020,unresolved,,,
dc-monthly-comics-recommendations-2020-0755,dc-monthly-comics-recommendations-2020,unresolved,,,
dc-monthly-comics-recommendations-2020-0756,dc-monthly-comics-recommendations-2020,unresolved,,,
dc-monthly-comics-recommendations-2020-0757,dc-monthly-comics-recommendations-2020,unresolved,,,
dc-monthly-comics-recommendations-2020-0758,dc-monthly-comics-recommendations-2020,unresolved,,,
dc-monthly-comics-recommendations-2020-0759,dc-monthly-comics-recommendations-2020,unresolved,,,
dc-monthly-comics-recommendations-2020-0760,dc-monthly-comics-recommendations-2020,unresolved,,,
dc-monthly-comics-recommendations-2020-0761,dc-monthly-comics-recommendations-2020,unresolved,,,
dc-monthly-comics-recommendations-2020-0762,dc-monthly-comics-recommendations-2020,unresolved,,,
dc-monthly-comics-recommendations-2020-0763,dc-monthly-comics-recommendations-2020,unresolved,,,
dc-monthly-comics-recommendations-2020-0764,dc-monthly-comics-recommendations-2020,unresolved,,,
dc-monthly-comics-recommendations-2020-0765,dc-monthly-comics-recommendations-2020,unresolved,,,
dc-monthly-comics-recommendations-2020-0766,dc-monthly-comics-recommendations-2020,unresolved,,,
dc-monthly-comics-recommendations-2020-0767,dc-monthly-comics-recommendations-2020,unresolved,,,
dc-monthly-comics-recommendations-2020-0768,dc-monthly-comics-recommendations-2020,unresolved,,,
dc-monthly-comics-recommendations-2020-0769,dc-monthly-comics-recommendations-2020,unresolved,,,
dc-monthly-comics-recommendations-2020-0770,dc-monthly-comics-recommendations-2020,unresolved,,,
dc-monthly-comics-recommendations-2020-0771,dc-monthly-comics-recommendations-2020,unresolved,,,
dc-monthly-comics-recommendations-2020-0772,dc-monthly-comics-recommendations-2020,unresolved,,,
dc-monthly-comics-recommendations-2020-0773,dc-monthly-comics-recommendations-2020,unresolved,,,
dc-monthly-comics-recommendations-2020-0774,dc-monthly-comics-recommendations-2020,unresolved,,,
dc-monthly-comics-recommendations-2020-0775,dc-monthly-comics-recommendations-2020,unresolved,,,
dc-monthly-comics-recommendations-2020-0776,dc-monthly-comics-recommendations-2020,unresolved,,,
dc-monthly-comics-recommendations-2020-0777,dc-monthly-comics-recommendations-2020,unresolved,,,
dc-monthly-comics-recommendations-2020-0778,dc-monthly-comics-recommendations-2020,unresolved,,,
dc-monthly-comics-recommendations-2020-0779,dc-monthly-comics-recommendations-2020,unresolved,,,
dc-monthly-comics-recommendations-2020-0780,dc-monthly-comics-recommendations-2020,unresolved,,,
dc-monthly-comics-recommendations-2020-0781,dc-monthly-comics-recommendations-2020,unresolved,,,
dc-monthly-comics-recommendations-2020-0782,dc-monthly-comics-recommendations-2020,unresolved,,,
dc-monthly-comics-recommendations-2020-0783,dc-monthly-comics-recommendations-2020,unresolved,,,
dc-monthly-comics-recommendations-2020-0784,dc-monthly-comics-recommendations-2020,unresolved,,,
dc-monthly-comics-recommendations-2020-0785,dc-monthly-comics-recommendations-2020,unresolved,,,
dc-monthly-comics-recommendations-2020-0786,dc-monthly-comics-recommendations-2020,unresolved,,,
dc-monthly-comics-recommendations-2020-0787,dc-monthly-comics-recommendations-2020,unresolved,,,
dc-monthly-comics-recommendations-2020-0788,dc-monthly-comics-recommendations-2020,unresolved,,,
dc-monthly-comics-recommendations-2020-0789,dc-monthly-comics-recommendations-2020,unresolved,,,
dc-monthly-comics-recommendations-2020-0790,dc-monthly-comics-recommendations-2020,unresolved,,,
dc-monthly-comics-recommendations-2020-0791,dc-monthly-comics-recommendations-2020,unresolved,,,
dc-monthly-comics-recommendations-2020-0792,dc-monthly-comics-recommendations-2020,unresolved,,,
dc-monthly-comics-recommendations-2020-0793,dc-monthly-comics-recommendations-2020,unresolved,,,
dc-monthly-comics-recommendations-2020-0794,dc-monthly-comics-recommendations-2020,unresolved,,,
dc-monthly-comics-recommendations-2020-0795,dc-monthly-comics-recommendations-2020,unresolved,,,
dc-monthly-comics-recommendations-2020-0796,dc-monthly-comics-recommendations-2020,unresolved,,,
dc-monthly-comics-recommendations-2020-0797,dc-monthly-comics-recommendations-2020,unresolved,,,
dc-monthly-comics-recommendations-2020-0798,dc-monthly-comics-recommendations-2020,unresolved,,,
dc-monthly-comics-recommendations-2020-0799,dc-monthly-comics-recommendations-2020,unresolved,,,
dc-monthly-comics-recommendations-2020-0800,dc-monthly-comics-recommendations-2020,unresolved,,,
dc-monthly-comics-recommendations-2020-0801,dc-monthly-comics-recommendations-2020,unresolved,,,
dc-monthly-comics-recommendations-2020-0802,dc-monthly-comics-recommendations-2020,unresolved,,,
dc-monthly-comics-recommendations-2020-0803,dc-monthly-comics-recommendations-2020,unresolved,,,
dc-monthly-comics-recommendations-2020-0804,dc-monthly-comics-recommendations-2020,unresolved,,,
dc-monthly-comics-recommendations-2020-0805,dc-monthly-comics-recommendations-2020,unresolved,,,
dc-monthly-comics-recommendations-2020-0806,dc-monthly-comics-recommendations-2020,unresolved,,,
dc-monthly-comics-recommendations-2020-0807,dc-monthly-comics-recommendations-2020,unresolved,,,
dc-monthly-comics-recommendations-2020-0808,dc-monthly-comics-recommendations-2020,unresolved,,,
dc-monthly-comics-recommendations-2020-0809,dc-monthly-comics-recommendations-2020,unresolved,,,
dc-monthly-comics-recommendations-2020-0810,dc-monthly-comics-recommendations-2020,unresolved,,,
dc-monthly-comics-recommendations-2020-0811,dc-monthly-comics-recommendations-2020,unresolved,,,
dc-monthly-comics-recommendations-2020-0812,dc-monthly-comics-recommendations-2020,unresolved,,,
dc-monthly-comics-recommendations-2020-0813,dc-monthly-comics-recommendations-2020,unresolved,,,
dc-monthly-comics-recommendations-2020-0814,dc-monthly-comics-recommendations-2020,unresolved,,,
dc-monthly-comics-recommendations-2020-0815,dc-monthly-comics-recommendations-2020,unresolved,,,
dc-monthly-comics-recommendations-2020-0816,dc-monthly-comics-recommendations-2020,unresolved,,,
dc-monthly-comics-recommendations-2020-0817,dc-monthly-comics-recommendations-2020,unresolved,,,
dc-monthly-comics-recommendations-2020-0818,dc-monthly-comics-recommendations-2020,unresolved,,,
dc-monthly-comics-recommendations-2020-0819,dc-monthly-comics-recommendations-2020,unresolved,,,
dc-monthly-comics-recommendations-2020-0820,dc-monthly-comics-recommendations-2020,unresolved,,,
dc-monthly-comics-recommendations-2020-0821,dc-monthly-comics-recommendations-2020,unresolved,,,
dc-monthly-comics-recommendations-2020-0822,dc-monthly-comics-recommendations-2020,unresolved,,,
dc-monthly-comics-recommendations-2020-0823,dc-monthly-comics-recommendations-2020,unresolved,,,
dc-monthly-comics-recommendations-2020-0824,dc-monthly-comics-recommendations-2020,unresolved,,,
dc-monthly-comics-recommendations-2020-0825,dc-monthly-comics-recommendations-2020,unresolved,,,
dc-monthly-comics-recommendations-2020-0826,dc-monthly-comics-recommendations-2020,unresolved,,,
dc-monthly-comics-recommendations-2020-0827,dc-monthly-comics-recommendations-2020,unresolved,,,
dc-monthly-comics-recommendations-2020-0828,dc-monthly-comics-recommendations-2020,unresolved,,,
dc-monthly-comics-recommendations-2020-0829,dc-monthly-comics-recommendations-2020,unresolved,,,
dc-monthly-comics-recommendations-2020-0830,dc-monthly-comics-recommendations-2020,unresolved,,,
dc-monthly-comics-recommendations-2020-0831,dc-monthly-comics-recommendations-2020,unresolved,,,
dc-monthly-comics-recommendations-2020-0832,dc-monthly-comics-recommendations-2020,unresolved,,,
dc-monthly-comics-recommendations-2020-0833,dc-monthly-comics-recommendations-2020,unresolved,,,
dc-monthly-comics-recommendations-2020-0834,dc-monthly-comics-recommendations-2020,unresolved,,,
dc-monthly-comics-recommendations-2020-0835,dc-monthly-comics-recommendations-2020,unresolved,,,
dc-monthly-comics-recommendations-2020-0836,dc-monthly-comics-recommendations-2020,unresolved,,,
dc-monthly-comics-recommendations-2020-0837,dc-monthly-comics-recommendations-2020,unresolved,,,
dc-monthly-comics-recommendations-2020-0838,dc-monthly-comics-recommendations-2020,unresolved,,,
dc-monthly-comics-recommendations-2020-0839,dc-monthly-comics-recommendations-2020,unresolved,,,
dc-monthly-comics-recommendations-2020-0840,dc-monthly-comics-recommendations-2020,unresolved,,,
dc-monthly-comics-recommendations-2020-0841,dc-monthly-comics-recommendations-2020,unresolved,,,
dc-monthly-comics-recommendations-2020-0842,dc-monthly-comics-recommendations-2020,unresolved,,,
dc-monthly-comics-recommendations-2020-0843,dc-monthly-comics-recommendations-2020,unresolved,,,
dc-monthly-comics-recommendations-2020-0844,dc-monthly-comics-recommendations-2020,unresolved,,,
dc-monthly-comics-recommendations-2020-0845,dc-monthly-comics-recommendations-2020,unresolved,,,
dc-monthly-comics-recommendations-2020-0846,dc-monthly-comics-recommendations-2020,unresolved,,,
dc-monthly-comics-recommendations-2020-0847,dc-monthly-comics-recommendations-2020,unresolved,,,
dc-monthly-comics-recommendations-2020-0848,dc-monthly-comics-recommendations-2020,unresolved,,,
dc-monthly-comics-recommendations-2020-0849,dc-monthly-comics-recommendations-2020,unresolved,,,
dc-monthly-comics-recommendations-2020-0850,dc-monthly-comics-recommendations-2020,unresolved,,,
dc-monthly-comics-recommendations-2020-0851,dc-monthly-comics-recommendations-2020,unresolved,,,
dc-monthly-comics-recommendations-2020-0852,dc-monthly-comics-recommendations-2020,unresolved,,,
dc-monthly-comics-recommendations-2020-0853,dc-monthly-comics-recommendations-2020,unresolved,,,
dc-monthly-comics-recommendations-2020-0854,dc-monthly-comics-recommendations-2020,unresolved,,,
dc-monthly-comics-recommendations-2020-0855,dc-monthly-comics-recommendations-2020,unresolved,,,
dc-monthly-comics-recommendations-2020-0856,dc-monthly-comics-recommendations-2020,unresolved,,,
dc-monthly-comics-recommendations-2020-0857,dc-monthly-comics-recommendations-2020,unresolved,,,
dc-monthly-comics-recommendations-2020-0858,dc-monthly-comics-recommendations-2020,unresolved,,,
dc-monthly-comics-recommendations-2020-0859,dc-monthly-comics-recommendations-2020,unresolved,,,
dc-monthly-comics-recommendations-2020-0860,dc-monthly-comics-recommendations-2020,unresolved,,,
dc-monthly-comics-recommendations-2020-0861,dc-monthly-comics-recommendations-2020,unresolved,,,
dc-monthly-comics-recommendations-2020-0862,dc-monthly-comics-recommendations-2020,unresolved,,,
dc-monthly-comics-recommendations-2020-0863,dc-monthly-comics-recommendations-2020,unresolved,,,
dc-monthly-comics-recommendations-2020-0864,dc-monthly-comics-recommendations-2020,unresolved,,,
dc-monthly-comics-recommendations-2020-0865,dc-monthly-comics-recommendations-2020,unresolved,,,
dc-monthly-comics-recommendations-2020-0866,dc-monthly-comics-recommendations-2020,unresolved,,,
dc-monthly-comics-recommendations-2020-0867,dc-monthly-comics-recommendations-2020,unresolved,,,
dc-monthly-comics-recommendations-2020-0868,dc-monthly-comics-recommendations-2020,unresolved,,,
dc-monthly-comics-recommendations-2020-0869,dc-monthly-comics-recommendations-2020,unresolved,,,
dc-monthly-comics-recommendations-2020-0870,dc-monthly-comics-recommendations-2020,unresolved,,,
dc-monthly-comics-recommendations-2020-0871,dc-monthly-comics-recommendations-2020,unresolved,,,
dc-monthly-comics-recommendations-2020-0872,dc-monthly-comics-recommendations-2020,unresolved,,,
dc-monthly-comics-recommendations-2020-0873,dc-monthly-comics-recommendations-2020,unresolved,,,
dc-monthly-comics-recommendations-2020-0874,dc-monthly-comics-recommendations-2020,unresolved,,,
dc-monthly-comics-recommendations-2020-0875,dc-monthly-comics-recommendations-2020,unresolved,,,
dc-monthly-comics-recommendations-2020-0876,dc-monthly-comics-recommendations-2020,unresolved,,,
dc-monthly-comics-recommendations-2020-0877,dc-monthly-comics-recommendations-2020,unresolved,,,
dc-monthly-comics-recommendations-2020-0878,dc-monthly-comics-recommendations-2020,unresolved,,,
dc-monthly-comics-recommendations-2020-0879,dc-monthly-comics-recommendations-2020,unresolved,,,
dc-monthly-comics-recommendations-2020-0880,dc-monthly-comics-recommendations-2020,unresolved,,,
dc-monthly-comics-recommendations-2020-0881,dc-monthly-comics-recommendations-2020,unresolved,,,
dc-monthly-comics-recommendations-2020-0882,dc-monthly-comics-recommendations-2020,unresolved,,,
dc-monthly-comics-recommendations-2020-0883,dc-monthly-comics-recommendations-2020,unresolved,,,
dc-monthly-comics-recommendations-2020-0884,dc-monthly-comics-recommendations-2020,unresolved,,,
dc-monthly-comics-recommendations-2020-0885,dc-monthly-comics-recommendations-2020,unresolved,,,
dc-monthly-comics-recommendations-2020-0886,dc-monthly-comics-recommendations-2020,unresolved,,,
dc-monthly-comics-recommendations-2020-0887,dc-monthly-comics-recommendations-2020,unresolved,,,
dc-monthly-comics-recommendations-2020-0888,dc-monthly-comics-recommendations-2020,unresolved,,,
dc-monthly-comics-recommendations-2020-0889,dc-monthly-comics-recommendations-2020,unresolved,,,
dc-monthly-comics-recommendations-2020-0890,dc-monthly-comics-recommendations-2020,unresolved,,,
dc-monthly-comics-recommendations-2020-0891,dc-monthly-comics-recommendations-2020,unresolved,,,
dc-monthly-comics-recommendations-2020-0892,dc-monthly-comics-recommendations-2020,unresolved,,,
dc-monthly-comics-recommendations-2020-0893,dc-monthly-comics-recommendations-2020,unresolved,,,
dc-monthly-comics-recommendations-2020-0894,dc-monthly-comics-recommendations-2020,unresolved,,,
dc-monthly-comics-recommendations-2020-0895,dc-monthly-comics-recommendations-2020,unresolved,,,
dc-monthly-comics-recommendations-2020-0896,dc-monthly-comics-recommendations-2020,unresolved,,,
dc-monthly-comics-recommendations-2020-0897,dc-monthly-comics-recommendations-2020,unresolved,,,
dc-monthly-comics-recommendations-2020-0898,dc-monthly-comics-recommendations-2020,unresolved,,,
dc-monthly-comics-recommendations-2020-0899,dc-monthly-comics-recommendations-2020,unresolved,,,
dc-monthly-comics-recommendations-2020-0900,dc-monthly-comics-recommendations-2020,unresolved,,,
dc-monthly-comics-recommendations-2020-0901,dc-monthly-comics-recommendations-2020,unresolved,,,
dc-monthly-comics-recommendations-2020-0902,dc-monthly-comics-recommendations-2020,unresolved,,,
dc-monthly-comics-recommendations-2020-0903,dc-monthly-comics-recommendations-2020,unresolved,,,
dc-monthly-comics-recommendations-2020-0904,dc-monthly-comics-recommendations-2020,unresolved,,,
dc-monthly-comics-recommendations-2020-0905,dc-monthly-comics-recommendations-2020,unresolved,,,
dc-monthly-comics-recommendations-2020-0906,dc-monthly-comics-recommendations-2020,unresolved,,,
dc-monthly-comics-recommendations-2020-0907,dc-monthly-comics-recommendations-2020,unresolved,,,
dc-monthly-comics-recommendations-2020-0908,dc-monthly-comics-recommendations-2020,unresolved,,,
dc-monthly-comics-recommendations-2020-0909,dc-monthly-comics-recommendations-2020,unresolved,,,
dc-monthly-comics-recommendations-2020-0910,dc-monthly-comics-recommendations-2020,unresolved,,,
dc-monthly-comics-recommendations-2020-0911,dc-monthly-comics-recommendations-2020,unresolved,,,
dc-monthly-comics-recommendations-2020-0912,dc-monthly-comics-recommendations-2020,unresolved,,,
dc-monthly-comics-recommendations-2020-0913,dc-monthly-comics-recommendations-2020,unresolved,,,
dc-monthly-comics-recommendations-2020-0914,dc-monthly-comics-recommendations-2020,unresolved,,,
dc-monthly-comics-recommendations-2020-0915,dc-monthly-comics-recommendations-2020,unresolved,,,
dc-monthly-comics-recommendations-2020-0916,dc-monthly-comics-recommendations-2020,unresolved,,,
dc-monthly-comics-recommendations-2020-0917,dc-monthly-comics-recommendations-2020,unresolved,,,
dc-monthly-comics-recommendations-2020-0918,dc-monthly-comics-recommendations-2020,unresolved,,,
dc-monthly-comics-recommendations-2020-0919,dc-monthly-comics-recommendations-2020,unresolved,,,
dc-monthly-comics-recommendations-2020-0920,dc-monthly-comics-recommendations-2020,unresolved,,,
dc-monthly-comics-recommendations-2020-0921,dc-monthly-comics-recommendations-2020,unresolved,,,
dc-monthly-comics-recommendations-2020-0922,dc-monthly-comics-recommendations-2020,unresolved,,,
dc-monthly-comics-recommendations-2020-0923,dc-monthly-comics-recommendations-2020,unresolved,,,
dc-monthly-comics-recommendations-2020-0924,dc-monthly-comics-recommendations-2020,unresolved,,,
dc-monthly-comics-recommendations-2020-0925,dc-monthly-comics-recommendations-2020,unresolved,,,
dc-monthly-comics-recommendations-2020-0926,dc-monthly-comics-recommendations-2020,unresolved,,,
dc-monthly-comics-recommendations-2020-0927,dc-monthly-comics-recommendations-2020,unresolved,,,
dc-monthly-comics-recommendations-2020-0928,dc-monthly-comics-recommendations-2020,unresolved,,,
dc-monthly-comics-recommendations-2020-0929,dc-monthly-comics-recommendations-2020,unresolved,,,
dc-monthly-comics-recommendations-2020-0930,dc-monthly-comics-recommendations-2020,unresolved,,,
dc-monthly-comics-recommendations-2020-0931,dc-monthly-comics-recommendations-2020,unresolved,,,
dc-monthly-comics-recommendations-2020-0932,dc-monthly-comics-recommendations-2020,unresolved,,,
dc-monthly-comics-recommendations-2020-0933,dc-monthly-comics-recommendations-2020,unresolved,,,
dc-monthly-comics-recommendations-2020-0934,dc-monthly-comics-recommendations-2020,unresolved,,,
dc-monthly-comics-recommendations-2020-0935,dc-monthly-comics-recommendations-2020,unresolved,,,
dc-monthly-comics-recommendations-2020-0936,dc-monthly-comics-recommendations-2020,unresolved,,,
dc-monthly-comics-recommendations-2020-0937,dc-monthly-comics-recommendations-2020,unresolved,,,
dc-monthly-comics-recommendations-2020-0938,dc-monthly-comics-recommendations-2020,unresolved,,,
dc-monthly-comics-recommendations-2020-0939,dc-monthly-comics-recommendations-2020,unresolved,,,
dc-monthly-comics-recommendations-2020-0940,dc-monthly-comics-recommendations-2020,unresolved,,,
dc-monthly-comics-recommendations-2020-0941,dc-monthly-comics-recommendations-2020,unresolved,,,
dc-monthly-comics-recommendations-2020-0942,dc-monthly-comics-recommendations-2020,unresolved,,,
dc-monthly-comics-recommendations-2020-0943,dc-monthly-comics-recommendations-2020,unresolved,,,
dc-monthly-comics-recommendations-2020-0944,dc-monthly-comics-recommendations-2020,unresolved,,,
dc-monthly-comics-recommendations-2020-0945,dc-monthly-comics-recommendations-2020,unresolved,,,
dc-monthly-comics-recommendations-2020-0946,dc-monthly-comics-recommendations-2020,unresolved,,,
dc-monthly-comics-recommendations-2020-0947,dc-monthly-comics-recommendations-2020,unresolved,,,
dc-monthly-comics-recommendations-2020-0948,dc-monthly-comics-recommendations-2020,unresolved,,,
dc-monthly-comics-recommendations-2020-0949,dc-monthly-comics-recommendations-2020,unresolved,,,
dc-monthly-comics-recommendations-2020-0950,dc-monthly-comics-recommendations-2020,unresolved,,,
dc-monthly-comics-recommendations-2020-0951,dc-monthly-comics-recommendations-2020,unresolved,,,
dc-monthly-comics-recommendations-2020-0952,dc-monthly-comics-recommendations-2020,unresolved,,,
dc-monthly-comics-recommendations-2020-0953,dc-monthly-comics-recommendations-2020,unresolved,,,
dc-monthly-comics-recommendations-2020-0954,dc-monthly-comics-recommendations-2020,unresolved,,,
dc-monthly-comics-recommendations-2020-0955,dc-monthly-comics-recommendations-2020,unresolved,,,
dc-monthly-comics-recommendations-2020-0956,dc-monthly-comics-recommendations-2020,unresolved,,,
dc-monthly-comics-recommendations-2020-0957,dc-monthly-comics-recommendations-2020,unresolved,,,
dc-monthly-comics-recommendations-2020-0958,dc-monthly-comics-recommendations-2020,unresolved,,,
dc-monthly-comics-recommendations-2020-0959,dc-monthly-comics-recommendations-2020,unresolved,,,
dc-monthly-comics-recommendations-2020-0960,dc-monthly-comics-recommendations-2020,unresolved,,,
dc-monthly-comics-recommendations-2020-0961,dc-monthly-comics-recommendations-2020,unresolved,,,
dc-monthly-comics-recommendations-2020-0962,dc-monthly-comics-recommendations-2020,unresolved,,,
dc-monthly-comics-recommendations-2020-0963,dc-monthly-comics-recommendations-2020,unresolved,,,
dc-monthly-comics-recommendations-2020-0964,dc-monthly-comics-recommendations-2020,unresolved,,,
dc-monthly-comics-recommendations-2020-0965,dc-monthly-comics-recommendations-2020,unresolved,,,
dc-monthly-comics-recommendations-2020-0966,dc-monthly-comics-recommendations-2020,unresolved,,,
dc-monthly-comics-recommendations-2020-0967,dc-monthly-comics-recommendations-2020,unresolved,,,
dc-monthly-comics-recommendations-2020-0968,dc-monthly-comics-recommendations-2020,unresolved,,,
dc-monthly-comics-recommendations-2020-0969,dc-monthly-comics-recommendations-2020,unresolved,,,
dc-monthly-comics-recommendations-2020-0970,dc-monthly-comics-recommendations-2020,unresolved,,,
dc-monthly-comics-recommendations-2020-0971,dc-monthly-comics-recommendations-2020,unresolved,,,
dc-monthly-comics-recommendations-2020-0972,dc-monthly-comics-recommendations-2020,unresolved,,,
dc-monthly-comics-recommendations-2020-0973,dc-monthly-comics-recommendations-2020,unresolved,,,
dc-monthly-comics-recommendations-2020-0974,dc-monthly-comics-recommendations-2020,unresolved,,,
dc-monthly-comics-recommendations-2020-0975,dc-monthly-comics-recommendations-2020,unresolved,,,
dc-monthly-comics-recommendations-2020-0976,dc-monthly-comics-recommendations-2020,unresolved,,,
dc-monthly-comics-recommendations-2020-0977,dc-monthly-comics-recommendations-2020,unresolved,,,
dc-monthly-comics-recommendations-2020-0978,dc-monthly-comics-recommendations-2020,unresolved,,,
dc-monthly-comics-recommendations-2020-0979,dc-monthly-comics-recommendations-2020,unresolved,,,
dc-monthly-comics-recommendations-2020-0980,dc-monthly-comics-recommendations-2020,unresolved,,,
dc-monthly-comics-recommendations-2020-0981,dc-monthly-comics-recommendations-2020,unresolved,,,
dc-monthly-comics-recommendations-2020-0982,dc-monthly-comics-recommendations-2020,unresolved,,,
dc-monthly-comics-recommendations-2020-0983,dc-monthly-comics-recommendations-2020,unresolved,,,
dc-monthly-comics-recommendations-2020-0984,dc-monthly-comics-recommendations-2020,unresolved,,,
dc-monthly-comics-recommendations-2020-0985,dc-monthly-comics-recommendations-2020,unresolved,,,
dc-monthly-comics-recommendations-2020-0986,dc-monthly-comics-recommendations-2020,unresolved,,,
dc-monthly-comics-recommendations-2020-0987,dc-monthly-comics-recommendations-2020,unresolved,,,
dc-monthly-comics-recommendations-2020-0988,dc-monthly-comics-recommendations-2020,unresolved,,,
dc-monthly-comics-recommendations-2020-0989,dc-monthly-comics-recommendations-2020,unresolved,,,
dc-monthly-comics-recommendations-2020-0990,dc-monthly-comics-recommendations-2020,unresolved,,,
dc-monthly-comics-recommendations-2020-0991,dc-monthly-comics-recommendations-2020,unresolved,,,
dc-monthly-comics-recommendations-2020-0992,dc-monthly-comics-recommendations-2020,unresolved,,,
dc-monthly-comics-recommendations-2020-0993,dc-monthly-comics-recommendations-2020,unresolved,,,
dc-monthly-comics-recommendations-2020-0994,dc-monthly-comics-recommendations-2020,unresolved,,,
dc-monthly-comics-recommendations-2020-0995,dc-monthly-comics-recommendations-2020,unresolved,,,
dc-monthly-comics-recommendations-2020-0996,dc-monthly-comics-recommendations-2020,unresolved,,,
dc-monthly-comics-recommendations-2020-0997,dc-monthly-comics-recommendations-2020,unresolved,,,
dc-monthly-comics-recommendations-2020-0998,dc-monthly-comics-recommendations-2020,unresolved,,,
dc-monthly-comics-recommendations-2020-0999,dc-monthly-comics-recommendations-2020,unresolved,,,
dc-monthly-comics-recommendations-2020-1000,dc-monthly-comics-recommendations-2020,unresolved,,,
dc-monthly-comics-recommendations-2020-1001,dc-monthly-comics-recommendations-2020,unresolved,,,
dc-monthly-comics-recommendations-2020-1002,dc-monthly-comics-recommendations-2020,unresolved,,,
dc-monthly-comics-recommendations-2020-1003,dc-monthly-comics-recommendations-2020,unresolved,,,
dc-monthly-comics-recommendations-2020-1004,dc-monthly-comics-recommendations-2020,unresolved,,,
dc-monthly-comics-recommendations-2020-1005,dc-monthly-comics-recommendations-2020,unresolved,,,
dc-monthly-comics-recommendations-2020-1006,dc-monthly-comics-recommendations-2020,unresolved,,,
dc-monthly-comics-recommendations-2020-1007,dc-monthly-comics-recommendations-2020,unresolved,,,
dc-monthly-comics-recommendations-2020-1008,dc-monthly-comics-recommendations-2020,unresolved,,,
dc-monthly-comics-recommendations-2020-1009,dc-monthly-comics-recommendations-2020,unresolved,,,
dc-monthly-comics-recommendations-2020-1010,dc-monthly-comics-recommendations-2020,unresolved,,,
dc-monthly-comics-recommendations-2020-1011,dc-monthly-comics-recommendations-2020,unresolved,,,
dc-monthly-comics-recommendations-2020-1012,dc-monthly-comics-recommendations-2020,unresolved,,,
dc-monthly-comics-recommendations-2020-1013,dc-monthly-comics-recommendations-2020,unresolved,,,
dc-monthly-comics-recommendations-2020-1014,dc-monthly-comics-recommendations-2020,unresolved,,,
dc-monthly-comics-recommendations-2020-1015,dc-monthly-comics-recommendations-2020,unresolved,,,
dc-monthly-comics-recommendations-2020-1016,dc-monthly-comics-recommendations-2020,unresolved,,,
dc-monthly-comics-recommendations-2020-1017,dc-monthly-comics-recommendations-2020,unresolved,,,
dc-monthly-comics-recommendations-2020-1018,dc-monthly-comics-recommendations-2020,unresolved,,,
dc-monthly-comics-recommendations-2020-1019,dc-monthly-comics-recommendations-2020,unresolved,,,
dc-monthly-comics-recommendations-2020-1020,dc-monthly-comics-recommendations-2020,unresolved,,,
dc-monthly-comics-recommendations-2020-1021,dc-monthly-comics-recommendations-2020,unresolved,,,
dc-monthly-comics-recommendations-2020-1022,dc-monthly-comics-recommendations-2020,unresolved,,,
dc-monthly-comics-recommendations-2020-1023,dc-monthly-comics-recommendations-2020,unresolved,,,
dc-monthly-comics-recommendations-2020-1024,dc-monthly-comics-recommendations-2020,unresolved,,,
dc-monthly-comics-recommendations-2020-1025,dc-monthly-comics-recommendations-2020,unresolved,,,
dc-monthly-comics-recommendations-2020-1026,dc-monthly-comics-recommendations-2020,unresolved,,,
dc-monthly-comics-recommendations-2020-1027,dc-monthly-comics-recommendations-2020,unresolved,,,
dc-monthly-comics-recommendations-2020-1028,dc-monthly-comics-recommendations-2020,unresolved,,,
dc-monthly-comics-recommendations-2020-1029,dc-monthly-comics-recommendations-2020,unresolved,,,
dc-monthly-comics-recommendations-2020-1030,dc-monthly-comics-recommendations-2020,unresolved,,,
dc-monthly-comics-recommendations-2020-1031,dc-monthly-comics-recommendations-2020,unresolved,,,
dc-monthly-comics-recommendations-2020-1032,dc-monthly-comics-recommendations-2020,unresolved,,,
dc-monthly-comics-recommendations-2020-1033,dc-monthly-comics-recommendations-2020,unresolved,,,
dc-monthly-comics-recommendations-2020-1034,dc-monthly-comics-recommendations-2020,unresolved,,,
dc-monthly-comics-recommendations-2020-1035,dc-monthly-comics-recommendations-2020,unresolved,,,
dc-monthly-comics-recommendations-2020-1036,dc-monthly-comics-recommendations-2020,unresolved,,,
dc-monthly-comics-recommendations-2020-1037,dc-monthly-comics-recommendations-2020,unresolved,,,
dc-monthly-comics-recommendations-2020-1038,dc-monthly-comics-recommendations-2020,unresolved,,,
dc-monthly-comics-recommendations-2020-1039,dc-monthly-comics-recommendations-2020,unresolved,,,
dc-monthly-comics-recommendations-2020-1040,dc-monthly-comics-recommendations-2020,unresolved,,,
dc-monthly-comics-recommendations-2020-1041,dc-monthly-comics-recommendations-2020,unresolved,,,
dc-monthly-comics-recommendations-2020-1042,dc-monthly-comics-recommendations-2020,unresolved,,,
dc-monthly-comics-recommendations-2020-1043,dc-monthly-comics-recommendations-2020,unresolved,,,
dc-monthly-comics-recommendations-2020-1044,dc-monthly-comics-recommendations-2020,unresolved,,,
dc-monthly-comics-recommendations-2020-1045,dc-monthly-comics-recommendations-2020,unresolved,,,
dc-monthly-comics-recommendations-2020-1046,dc-monthly-comics-recommendations-2020,unresolved,,,
dc-monthly-comics-recommendations-2020-1047,dc-monthly-comics-recommendations-2020,unresolved,,,
dc-monthly-comics-recommendations-2020-1048,dc-monthly-comics-recommendations-2020,unresolved,,,
dc-monthly-comics-recommendations-2020-1049,dc-monthly-comics-recommendations-2020,unresolved,,,
dc-monthly-comics-recommendations-2020-1050,dc-monthly-comics-recommendations-2020,unresolved,,,
dc-monthly-comics-recommendations-2020-1051,dc-monthly-comics-recommendations-2020,unresolved,,,
dc-monthly-comics-recommendations-2020-1052,dc-monthly-comics-recommendations-2020,unresolved,,,
dc-monthly-comics-recommendations-2020-1053,dc-monthly-comics-recommendations-2020,unresolved,,,
dc-monthly-comics-recommendations-2020-1054,dc-monthly-comics-recommendations-2020,unresolved,,,
dc-monthly-comics-recommendations-2020-1055,dc-monthly-comics-recommendations-2020,unresolved,,,
dc-monthly-comics-recommendations-2020-1056,dc-monthly-comics-recommendations-2020,unresolved,,,
dc-monthly-comics-recommendations-2020-1057,dc-monthly-comics-recommendations-2020,unresolved,,,
dc-monthly-comics-recommendations-2020-1058,dc-monthly-comics-recommendations-2020,unresolved,,,
dc-monthly-comics-recommendations-2020-1059,dc-monthly-comics-recommendations-2020,unresolved,,,
dc-monthly-comics-recommendations-2020-1060,dc-monthly-comics-recommendations-2020,unresolved,,,
dc-monthly-comics-recommendations-2020-1061,dc-monthly-comics-recommendations-2020,unresolved,,,
dc-monthly-comics-recommendations-2020-1062,dc-monthly-comics-recommendations-2020,unresolved,,,
dc-monthly-comics-recommendations-2020-1063,dc-monthly-comics-recommendations-2020,unresolved,,,
dc-monthly-comics-recommendations-2020-1064,dc-monthly-comics-recommendations-2020,unresolved,,,
dc-monthly-comics-recommendations-2020-1065,dc-monthly-comics-recommendations-2020,unresolved,,,
dc-monthly-comics-recommendations-2020-1066,dc-monthly-comics-recommendations-2020,unresolved,,,
dc-monthly-comics-recommendations-2020-1067,dc-monthly-comics-recommendations-2020,unresolved,,,
dc-monthly-comics-recommendations-2020-1068,dc-monthly-comics-recommendations-2020,unresolved,,,
dc-monthly-comics-recommendations-2020-1069,dc-monthly-comics-recommendations-2020,unresolved,,,
dc-monthly-comics-recommendations-2020-1070,dc-monthly-comics-recommendations-2020,unresolved,,,
dc-monthly-comics-recommendations-2020-1071,dc-monthly-comics-recommendations-2020,unresolved,,,
dc-monthly-comics-recommendations-2020-1072,dc-monthly-comics-recommendations-2020,unresolved,,,
dc-monthly-comics-recommendations-2020-1073,dc-monthly-comics-recommendations-2020,unresolved,,,
dc-monthly-comics-recommendations-2020-1074,dc-monthly-comics-recommendations-2020,unresolved,,,
dc-monthly-comics-recommendations-2020-1075,dc-monthly-comics-recommendations-2020,unresolved,,,
dc-monthly-comics-recommendations-2020-1076,dc-monthly-comics-recommendations-2020,unresolved,,,
dc-monthly-comics-recommendations-2020-1077,dc-monthly-comics-recommendations-2020,unresolved,,,
dc-monthly-comics-recommendations-2020-1078,dc-monthly-comics-recommendations-2020,unresolved,,,
dc-monthly-comics-recommendations-2020-1079,dc-monthly-comics-recommendations-2020,unresolved,,,
dc-monthly-comics-recommendations-2020-1080,dc-monthly-comics-recommendations-2020,unresolved,,,
dc-monthly-comics-recommendations-2020-1081,dc-monthly-comics-recommendations-2020,unresolved,,,
dc-monthly-comics-recommendations-2020-1082,dc-monthly-comics-recommendations-2020,unresolved,,,
dc-monthly-comics-recommendations-2020-1083,dc-monthly-comics-recommendations-2020,unresolved,,,
dc-monthly-comics-recommendations-2020-1084,dc-monthly-comics-recommendations-2020,unresolved,,,
dc-monthly-comics-recommendations-2020-1085,dc-monthly-comics-recommendations-2020,unresolved,,,
dc-monthly-comics-recommendations-2020-1086,dc-monthly-comics-recommendations-2020,unresolved,,,
dc-monthly-comics-recommendations-2020-1087,dc-monthly-comics-recommendations-2020,unresolved,,,
dc-monthly-comics-recommendations-2020-1088,dc-monthly-comics-recommendations-2020,unresolved,,,
dc-monthly-comics-recommendations-2020-1089,dc-monthly-comics-recommendations-2020,unresolved,,,
dc-monthly-comics-recommendations-2020-1090,dc-monthly-comics-recommendations-2020,unresolved,,,
dc-monthly-comics-recommendations-2020-1091,dc-monthly-comics-recommendations-2020,unresolved,,,
dc-monthly-comics-recommendations-2020-1092,dc-monthly-comics-recommendations-2020,unresolved,,,
dc-monthly-comics-recommendations-2020-1093,dc-monthly-comics-recommendations-2020,unresolved,,,
dc-monthly-comics-recommendations-2020-1094,dc-monthly-comics-recommendations-2020,unresolved,,,
dc-monthly-comics-recommendations-2020-1095,dc-monthly-comics-recommendations-2020,unresolved,,,
dc-monthly-comics-recommendations-2020-1096,dc-monthly-comics-recommendations-2020,unresolved,,,
dc-monthly-comics-recommendations-2020-1097,dc-monthly-comics-recommendations-2020,unresolved,,,
dc-monthly-comics-recommendations-2020-1098,dc-monthly-comics-recommendations-2020,unresolved,,,
dc-monthly-comics-recommendations-2020-1099,dc-monthly-comics-recommendations-2020,unresolved,,,
dc-monthly-comics-recommendations-2020-1100,dc-monthly-comics-recommendations-2020,unresolved,,,
dc-monthly-comics-recommendations-2020-1101,dc-monthly-comics-recommendations-2020,unresolved,,,
dc-monthly-comics-recommendations-2020-1102,dc-monthly-comics-recommendations-2020,unresolved,,,
dc-monthly-comics-recommendations-2020-1103,dc-monthly-comics-recommendations-2020,unresolved,,,
dc-monthly-comics-recommendations-2020-1104,dc-monthly-comics-recommendations-2020,unresolved,,,
dc-monthly-comics-recommendations-2020-1105,dc-monthly-comics-recommendations-2020,unresolved,,,
dc-monthly-comics-recommendations-2020-1106,dc-monthly-comics-recommendations-2020,unresolved,,,
dc-monthly-comics-recommendations-2020-1107,dc-monthly-comics-recommendations-2020,unresolved,,,
dc-monthly-comics-recommendations-2020-1108,dc-monthly-comics-recommendations-2020,unresolved,,,
dc-monthly-comics-recommendations-2020-1109,dc-monthly-comics-recommendations-2020,unresolved,,,
dc-monthly-comics-recommendations-2020-1110,dc-monthly-comics-recommendations-2020,unresolved,,,
dc-monthly-comics-recommendations-2020-1111,dc-monthly-comics-recommendations-2020,unresolved,,,
dc-monthly-comics-recommendations-2020-1112,dc-monthly-comics-recommendations-2020,unresolved,,,
dc-monthly-comics-recommendations-2020-1113,dc-monthly-comics-recommendations-2020,unresolved,,,
dc-monthly-comics-recommendations-2020-1114,dc-monthly-comics-recommendations-2020,unresolved,,,
dc-monthly-comics-recommendations-2020-1115,dc-monthly-comics-recommendations-2020,unresolved,,,
dc-monthly-comics-recommendations-2020-1116,dc-monthly-comics-recommendations-2020,unresolved,,,
dc-monthly-comics-recommendations-2020-1117,dc-monthly-comics-recommendations-2020,unresolved,,,
dc-monthly-comics-recommendations-2020-1118,dc-monthly-comics-recommendations-2020,unresolved,,,
dc-monthly-comics-recommendations-2020-1119,dc-monthly-comics-recommendations-2020,unresolved,,,
dc-monthly-comics-recommendations-2020-1120,dc-monthly-comics-recommendations-2020,unresolved,,,
dc-monthly-comics-recommendations-2020-1121,dc-monthly-comics-recommendations-2020,unresolved,,,
dc-monthly-comics-recommendations-2020-1122,dc-monthly-comics-recommendations-2020,unresolved,,,
dc-monthly-comics-recommendations-2020-1123,dc-monthly-comics-recommendations-2020,unresolved,,,
dc-monthly-comics-recommendations-2020-1124,dc-monthly-comics-recommendations-2020,unresolved,,,
dc-monthly-comics-recommendations-2020-1125,dc-monthly-comics-recommendations-2020,unresolved,,,
dc-monthly-comics-recommendations-2020-1126,dc-monthly-comics-recommendations-2020,unresolved,,,
dc-monthly-comics-recommendations-2020-1127,dc-monthly-comics-recommendations-2020,unresolved,,,
dc-monthly-comics-recommendations-2020-1128,dc-monthly-comics-recommendations-2020,unresolved,,,
dc-monthly-comics-recommendations-2020-1129,dc-monthly-comics-recommendations-2020,unresolved,,,
dc-monthly-comics-recommendations-2020-1130,dc-monthly-comics-recommendations-2020,unresolved,,,
dc-monthly-comics-recommendations-2020-1131,dc-monthly-comics-recommendations-2020,unresolved,,,
dc-monthly-comics-recommendations-2020-1132,dc-monthly-comics-recommendations-2020,unresolved,,,
dc-monthly-comics-recommendations-2020-1133,dc-monthly-comics-recommendations-2020,unresolved,,,
dc-monthly-comics-recommendations-2020-1134,dc-monthly-comics-recommendations-2020,unresolved,,,
dc-monthly-comics-recommendations-2020-1135,dc-monthly-comics-recommendations-2020,unresolved,,,
dc-monthly-comics-recommendations-2020-1136,dc-monthly-comics-recommendations-2020,unresolved,,,
dc-monthly-comics-recommendations-2020-1137,dc-monthly-comics-recommendations-2020,unresolved,,,
dc-monthly-comics-recommendations-2020-1138,dc-monthly-comics-recommendations-2020,unresolved,,,
dc-monthly-comics-recommendations-2020-1139,dc-monthly-comics-recommendations-2020,unresolved,,,
dc-monthly-comics-recommendations-2020-1140,dc-monthly-comics-recommendations-2020,unresolved,,,
dc-monthly-comics-recommendations-2020-1141,dc-monthly-comics-recommendations-2020,unresolved,,,
dc-monthly-comics-recommendations-2020-1142,dc-monthly-comics-recommendations-2020,unresolved,,,
dc-monthly-comics-recommendations-2020-1143,dc-monthly-comics-recommendations-2020,unresolved,,,
dc-monthly-comics-recommendations-2020-1144,dc-monthly-comics-recommendations-2020,unresolved,,,
dc-monthly-comics-recommendations-2020-1145,dc-monthly-comics-recommendations-2020,unresolved,,,
dc-monthly-comics-recommendations-2020-1146,dc-monthly-comics-recommendations-2020,unresolved,,,
dc-monthly-comics-recommendations-2020-1147,dc-monthly-comics-recommendations-2020,unresolved,,,
dc-monthly-comics-recommendations-2020-1148,dc-monthly-comics-recommendations-2020,unresolved,,,
dc-monthly-comics-recommendations-2020-1149,dc-monthly-comics-recommendations-2020,unresolved,,,
dc-monthly-comics-recommendations-2020-1150,dc-monthly-comics-recommendations-2020,unresolved,,,
dc-monthly-comics-recommendations-2020-1151,dc-monthly-comics-recommendations-2020,unresolved,,,
dc-monthly-comics-recommendations-2020-1152,dc-monthly-comics-recommendations-2020,unresolved,,,
dc-monthly-comics-recommendations-2020-1153,dc-monthly-comics-recommendations-2020,unresolved,,,
dc-monthly-comics-recommendations-2020-1154,dc-monthly-comics-recommendations-2020,unresolved,,,
dc-monthly-comics-recommendations-2020-1155,dc-monthly-comics-recommendations-2020,unresolved,,,
dc-monthly-comics-recommendations-2020-1156,dc-monthly-comics-recommendations-2020,unresolved,,,
dc-monthly-comics-recommendations-2020-1157,dc-monthly-comics-recommendations-2020,unresolved,,,
dc-monthly-comics-recommendations-2020-1158,dc-monthly-comics-recommendations-2020,unresolved,,,
dc-monthly-comics-recommendations-2020-1159,dc-monthly-comics-recommendations-2020,unresolved,,,
dc-monthly-comics-recommendations-2020-1160,dc-monthly-comics-recommendations-2020,unresolved,,,
dc-monthly-comics-recommendations-2020-1161,dc-monthly-comics-recommendations-2020,unresolved,,,
dc-monthly-comics-recommendations-2020-1162,dc-monthly-comics-recommendations-2020,unresolved,,,
dc-monthly-comics-recommendations-2020-1163,dc-monthly-comics-recommendations-2020,unresolved,,,
dc-monthly-comics-recommendations-2020-1164,dc-monthly-comics-recommendations-2020,unresolved,,,
dc-monthly-comics-recommendations-2020-1165,dc-monthly-comics-recommendations-2020,unresolved,,,
dc-monthly-comics-recommendations-2020-1166,dc-monthly-comics-recommendations-2020,unresolved,,,
dc-monthly-comics-recommendations-2020-1167,dc-monthly-comics-recommendations-2020,unresolved,,,
dc-monthly-comics-recommendations-2020-1168,dc-monthly-comics-recommendations-2020,unresolved,,,
dc-monthly-comics-recommendations-2020-1169,dc-monthly-comics-recommendations-2020,unresolved,,,
dc-monthly-comics-recommendations-2020-1170,dc-monthly-comics-recommendations-2020,unresolved,,,
dc-monthly-comics-recommendations-2020-1171,dc-monthly-comics-recommendations-2020,unresolved,,,
dc-monthly-comics-recommendations-2020-1172,dc-monthly-comics-recommendations-2020,unresolved,,,
dc-monthly-comics-recommendations-2020-1173,dc-monthly-comics-recommendations-2020,unresolved,,,
dc-monthly-comics-recommendations-2020-1174,dc-monthly-comics-recommendations-2020,unresolved,,,
dc-monthly-comics-recommendations-2020-1175,dc-monthly-comics-recommendations-2020,unresolved,,,
dc-monthly-comics-recommendations-2020-1176,dc-monthly-comics-recommendations-2020,unresolved,,,
dc-monthly-comics-recommendations-2020-1177,dc-monthly-comics-recommendations-2020,unresolved,,,
dc-monthly-comics-recommendations-2020-1178,dc-monthly-comics-recommendations-2020,unresolved,,,
dc-monthly-comics-recommendations-2020-1179,dc-monthly-comics-recommendations-2020,unresolved,,,
dc-monthly-comics-recommendations-2020-1180,dc-monthly-comics-recommendations-2020,unresolved,,,
dc-monthly-comics-recommendations-2020-1181,dc-monthly-comics-recommendations-2020,unresolved,,,
dc-monthly-comics-recommendations-2020-1182,dc-monthly-comics-recommendations-2020,unresolved,,,
dc-monthly-comics-recommendations-2020-1183,dc-monthly-comics-recommendations-2020,unresolved,,,
dc-monthly-comics-recommendations-2020-1184,dc-monthly-comics-recommendations-2020,unresolved,,,
dc-monthly-comics-recommendations-2020-1185,dc-monthly-comics-recommendations-2020,unresolved,,,
dc-monthly-comics-recommendations-2020-1186,dc-monthly-comics-recommendations-2020,unresolved,,,
dc-monthly-comics-recommendations-2020-1187,dc-monthly-comics-recommendations-2020,unresolved,,,
dc-monthly-comics-recommendations-2020-1188,dc-monthly-comics-recommendations-2020,unresolved,,,
dc-monthly-comics-recommendations-2020-1189,dc-monthly-comics-recommendations-2020,unresolved,,,
dc-monthly-comics-recommendations-2020-1190,dc-monthly-comics-recommendations-2020,unresolved,,,
dc-monthly-comics-recommendations-2020-1191,dc-monthly-comics-recommendations-2020,unresolved,,,
dc-monthly-comics-recommendations-2020-1192,dc-monthly-comics-recommendations-2020,unresolved,,,
dc-monthly-comics-recommendations-2020-1193,dc-monthly-comics-recommendations-2020,unresolved,,,
dc-monthly-comics-recommendations-2020-1194,dc-monthly-comics-recommendations-2020,unresolved,,,
dc-monthly-comics-recommendations-2020-1195,dc-monthly-comics-recommendations-2020,unresolved,,,
dc-monthly-comics-recommendations-2020-1196,dc-monthly-comics-recommendations-2020,unresolved,,,
dc-monthly-comics-recommendations-2020-1197,dc-monthly-comics-recommendations-2020,unresolved,,,
dc-monthly-comics-recommendations-2020-1198,dc-monthly-comics-recommendations-2020,unresolved,,,
dc-monthly-comics-recommendations-2020-1199,dc-monthly-comics-recommendations-2020,unresolved,,,
dc-monthly-comics-recommendations-2020-1200,dc-monthly-comics-recommendations-2020,unresolved,,,
dc-monthly-comics-recommendations-2020-1201,dc-monthly-comics-recommendations-2020,unresolved,,,
dc-monthly-comics-recommendations-2020-1202,dc-monthly-comics-recommendations-2020,unresolved,,,
dc-monthly-comics-recommendations-2020-1203,dc-monthly-comics-recommendations-2020,unresolved,,,
dc-monthly-comics-recommendations-2020-1204,dc-monthly-comics-recommendations-2020,unresolved,,,
dc-monthly-comics-recommendations-2020-1205,dc-monthly-comics-recommendations-2020,unresolved,,,
dc-monthly-comics-recommendations-2020-1206,dc-monthly-comics-recommendations-2020,unresolved,,,
dc-monthly-comics-recommendations-2020-1207,dc-monthly-comics-recommendations-2020,unresolved,,,
dc-monthly-comics-recommendations-2020-1208,dc-monthly-comics-recommendations-2020,unresolved,,,
dc-monthly-comics-recommendations-2020-1209,dc-monthly-comics-recommendations-2020,unresolved,,,
dc-monthly-comics-recommendations-2020-1210,dc-monthly-comics-recommendations-2020,unresolved,,,
dc-monthly-comics-recommendations-2020-1211,dc-monthly-comics-recommendations-2020,unresolved,,,
dc-monthly-comics-recommendations-2020-1212,dc-monthly-comics-recommendations-2020,unresolved,,,
dc-monthly-comics-recommendations-2020-1213,dc-monthly-comics-recommendations-2020,unresolved,,,
dc-monthly-comics-recommendations-2020-1214,dc-monthly-comics-recommendations-2020,unresolved,,,
dc-monthly-comics-recommendations-2020-1215,dc-monthly-comics-recommendations-2020,unresolved,,,
dc-monthly-comics-recommendations-2020-1216,dc-monthly-comics-recommendations-2020,unresolved,,,
dc-monthly-comics-recommendations-2020-1217,dc-monthly-comics-recommendations-2020,unresolved,,,
dc-monthly-comics-recommendations-2020-1218,dc-monthly-comics-recommendations-2020,unresolved,,,
dc-monthly-comics-recommendations-2020-1219,dc-monthly-comics-recommendations-2020,unresolved,,,
dc-monthly-comics-recommendations-2020-1220,dc-monthly-comics-recommendations-2020,unresolved,,,
dc-monthly-comics-recommendations-2020-1221,dc-monthly-comics-recommendations-2020,unresolved,,,
dc-monthly-comics-recommendations-2020-1222,dc-monthly-comics-recommendations-2020,unresolved,,,
dc-monthly-comics-recommendations-2020-1223,dc-monthly-comics-recommendations-2020,unresolved,,,
dc-monthly-comics-recommendations-2020-1224,dc-monthly-comics-recommendations-2020,unresolved,,,
dc-monthly-comics-recommendations-2020-1225,dc-monthly-comics-recommendations-2020,unresolved,,,
dc-monthly-comics-recommendations-2020-1226,dc-monthly-comics-recommendations-2020,unresolved,,,
dc-monthly-comics-recommendations-2020-1227,dc-monthly-comics-recommendations-2020,unresolved,,,
dc-monthly-comics-recommendations-2020-1228,dc-monthly-comics-recommendations-2020,unresolved,,,
dc-monthly-comics-recommendations-2020-1229,dc-monthly-comics-recommendations-2020,unresolved,,,
dc-monthly-comics-recommendations-2020-1230,dc-monthly-comics-recommendations-2020,unresolved,,,
dc-monthly-comics-recommendations-2020-1231,dc-monthly-comics-recommendations-2020,unresolved,,,
dc-monthly-comics-recommendations-2020-1232,dc-monthly-comics-recommendations-2020,unresolved,,,
dc-monthly-comics-recommendations-2020-1233,dc-monthly-comics-recommendations-2020,unresolved,,,
dc-monthly-comics-recommendations-2020-1234,dc-monthly-comics-recommendations-2020,unresolved,,,
dc-monthly-comics-recommendations-2020-1235,dc-monthly-comics-recommendations-2020,unresolved,,,
dc-monthly-comics-recommendations-2020-1236,dc-monthly-comics-recommendations-2020,unresolved,,,
dc-monthly-comics-recommendations-2020-1237,dc-monthly-comics-recommendations-2020,unresolved,,,
dc-monthly-comics-recommendations-2020-1238,dc-monthly-comics-recommendations-2020,unresolved,,,
dc-monthly-comics-recommendations-2020-1239,dc-monthly-comics-recommendations-2020,unresolved,,,
dc-monthly-comics-recommendations-2020-1240,dc-monthly-comics-recommendations-2020,unresolved,,,
dc-monthly-comics-recommendations-2020-1241,dc-monthly-comics-recommendations-2020,unresolved,,,
dc-monthly-comics-recommendations-2020-1242,dc-monthly-comics-recommendations-2020,unresolved,,,
dc-monthly-comics-recommendations-2020-1243,dc-monthly-comics-recommendations-2020,unresolved,,,
dc-monthly-comics-recommendations-2020-1244,dc-monthly-comics-recommendations-2020,unresolved,,,
dc-monthly-comics-recommendations-2020-1245,dc-monthly-comics-recommendations-2020,unresolved,,,
dc-monthly-comics-recommendations-2020-1246,dc-monthly-comics-recommendations-2020,unresolved,,,
dc-monthly-comics-recommendations-2020-1247,dc-monthly-comics-recommendations-2020,unresolved,,,
dc-monthly-comics-recommendations-2020-1248,dc-monthly-comics-recommendations-2020,unresolved,,,
dc-monthly-comics-recommendations-2020-1249,dc-monthly-comics-recommendations-2020,unresolved,,,
dc-monthly-comics-recommendations-2020-1250,dc-monthly-comics-recommendations-2020,unresolved,,,
dc-monthly-comics-recommendations-2020-1251,dc-monthly-comics-recommendations-2020,unresolved,,,
dc-monthly-comics-recommendations-2020-1252,dc-monthly-comics-recommendations-2020,unresolved,,,
dc-monthly-comics-recommendations-2020-1253,dc-monthly-comics-recommendations-2020,unresolved,,,
dc-monthly-comics-recommendations-2020-1254,dc-monthly-comics-recommendations-2020,unresolved,,,
dc-monthly-comics-recommendations-2020-1255,dc-monthly-comics-recommendations-2020,unresolved,,,
dc-monthly-comics-recommendations-2020-1256,dc-monthly-comics-recommendations-2020,unresolved,,,
dc-monthly-comics-recommendations-2020-1257,dc-monthly-comics-recommendations-2020,unresolved,,,
dc-monthly-comics-recommendations-2020-1258,dc-monthly-comics-recommendations-2020,unresolved,,,
dc-monthly-comics-recommendations-2020-1259,dc-monthly-comics-recommendations-2020,unresolved,,,
dc-monthly-comics-recommendations-2020-1260,dc-monthly-comics-recommendations-2020,unresolved,,,
dc-monthly-comics-recommendations-2020-1261,dc-monthly-comics-recommendations-2020,unresolved,,,
dc-monthly-comics-recommendations-2020-1262,dc-monthly-comics-recommendations-2020,unresolved,,,
dc-monthly-comics-recommendations-2020-1263,dc-monthly-comics-recommendations-2020,unresolved,,,
dc-monthly-comics-recommendations-2020-1264,dc-monthly-comics-recommendations-2020,unresolved,,,
dc-monthly-comics-recommendations-2020-1265,dc-monthly-comics-recommendations-2020,unresolved,,,
dc-monthly-comics-recommendations-2020-1266,dc-monthly-comics-recommendations-2020,unresolved,,,
dc-monthly-comics-recommendations-2020-1267,dc-monthly-comics-recommendations-2020,unresolved,,,
dc-monthly-comics-recommendations-2020-1268,dc-monthly-comics-recommendations-2020,unresolved,,,
dc-monthly-comics-recommendations-2020-1269,dc-monthly-comics-recommendations-2020,unresolved,,,
dc-monthly-comics-recommendations-2020-1270,dc-monthly-comics-recommendations-2020,unresolved,,,
dc-monthly-comics-recommendations-2020-1271,dc-monthly-comics-recommendations-2020,unresolved,,,
dc-monthly-comics-recommendations-2020-1272,dc-monthly-comics-recommendations-2020,unresolved,,,
dc-monthly-comics-recommendations-2020-1273,dc-monthly-comics-recommendations-2020,unresolved,,,
dc-monthly-comics-recommendations-2020-1274,dc-monthly-comics-recommendations-2020,unresolved,,,
dc-monthly-comics-recommendations-2020-1275,dc-monthly-comics-recommendations-2020,unresolved,,,
dc-monthly-comics-recommendations-2020-1276,dc-monthly-comics-recommendations-2020,unresolved,,,
dc-monthly-comics-recommendations-2020-1277,dc-monthly-comics-recommendations-2020,unresolved,,,
dc-monthly-comics-recommendations-2020-1278,dc-monthly-comics-recommendations-2020,unresolved,,,
dc-monthly-comics-recommendations-2020-1279,dc-monthly-comics-recommendations-2020,unresolved,,,
dc-monthly-comics-recommendations-2020-1280,dc-monthly-comics-recommendations-2020,unresolved,,,
dc-monthly-comics-recommendations-2020-1281,dc-monthly-comics-recommendations-2020,unresolved,,,
dc-monthly-comics-recommendations-2020-1282,dc-monthly-comics-recommendations-2020,unresolved,,,
dc-monthly-comics-recommendations-2020-1283,dc-monthly-comics-recommendations-2020,unresolved,,,
dc-monthly-comics-recommendations-2020-1284,dc-monthly-comics-recommendations-2020,unresolved,,,
dc-monthly-comics-recommendations-2020-1285,dc-monthly-comics-recommendations-2020,unresolved,,,
dc-monthly-comics-recommendations-2020-1286,dc-monthly-comics-recommendations-2020,unresolved,,,
dc-monthly-comics-recommendations-2020-1287,dc-monthly-comics-recommendations-2020,unresolved,,,
dc-monthly-comics-recommendations-2020-1288,dc-monthly-comics-recommendations-2020,unresolved,,,
dc-monthly-comics-recommendations-2020-1289,dc-monthly-comics-recommendations-2020,unresolved,,,
dc-monthly-comics-recommendations-2020-1290,dc-monthly-comics-recommendations-2020,unresolved,,,
dc-monthly-comics-recommendations-2020-1291,dc-monthly-comics-recommendations-2020,unresolved,,,
dc-monthly-comics-recommendations-2020-1292,dc-monthly-comics-recommendations-2020,unresolved,,,
dc-monthly-comics-recommendations-2020-1293,dc-monthly-comics-recommendations-2020,unresolved,,,
dc-monthly-comics-recommendations-2020-1294,dc-monthly-comics-recommendations-2020,unresolved,,,
dc-monthly-comics-recommendations-2020-1295,dc-monthly-comics-recommendations-2020,unresolved,,,
dc-monthly-comics-recommendations-2020-1296,dc-monthly-comics-recommendations-2020,unresolved,,,
dc-monthly-comics-recommendations-2020-1297,dc-monthly-comics-recommendations-2020,unresolved,,,
dc-monthly-comics-recommendations-2020-1298,dc-monthly-comics-recommendations-2020,unresolved,,,
dc-monthly-comics-recommendations-2020-1299,dc-monthly-comics-recommendations-2020,unresolved,,,
dc-monthly-comics-recommendations-2020-1300,dc-monthly-comics-recommendations-2020,unresolved,,,
dc-monthly-comics-recommendations-2020-1301,dc-monthly-comics-recommendations-2020,unresolved,,,
dc-monthly-comics-recommendations-2020-1302,dc-monthly-comics-recommendations-2020,unresolved,,,
dc-monthly-comics-recommendations-2020-1303,dc-monthly-comics-recommendations-2020,unresolved,,,
dc-monthly-comics-recommendations-2020-1304,dc-monthly-comics-recommendations-2020,unresolved,,,
dc-monthly-comics-recommendations-2020-1305,dc-monthly-comics-recommendations-2020,unresolved,,,
dc-monthly-comics-recommendations-2020-1306,dc-monthly-comics-recommendations-2020,unresolved,,,
dc-monthly-comics-recommendations-2020-1307,dc-monthly-comics-recommendations-2020,unresolved,,,
dc-monthly-comics-recommendations-2020-1308,dc-monthly-comics-recommendations-2020,unresolved,,,
dc-monthly-comics-recommendations-2020-1309,dc-monthly-comics-recommendations-2020,unresolved,,,
dc-monthly-comics-recommendations-2020-1310,dc-monthly-comics-recommendations-2020,unresolved,,,
dc-monthly-comics-recommendations-2020-1311,dc-monthly-comics-recommendations-2020,unresolved,,,
dc-monthly-comics-recommendations-2020-1312,dc-monthly-comics-recommendations-2020,unresolved,,,
dc-monthly-comics-recommendations-2020-1313,dc-monthly-comics-recommendations-2020,unresolved,,,
dc-monthly-comics-recommendations-2020-1314,dc-monthly-comics-recommendations-2020,unresolved,,,
dc-monthly-comics-recommendations-2020-1315,dc-monthly-comics-recommendations-2020,unresolved,,,
dc-monthly-comics-recommendations-2020-1316,dc-monthly-comics-recommendations-2020,unresolved,,,
dc-monthly-comics-recommendations-2020-1317,dc-monthly-comics-recommendations-2020,unresolved,,,
dc-monthly-comics-recommendations-2020-1318,dc-monthly-comics-recommendations-2020,unresolved,,,
dc-monthly-comics-recommendations-2020-1319,dc-monthly-comics-recommendations-2020,unresolved,,,
dc-monthly-comics-recommendations-2020-1320,dc-monthly-comics-recommendations-2020,unresolved,,,
dc-monthly-comics-recommendations-2020-1321,dc-monthly-comics-recommendations-2020,unresolved,,,
dc-monthly-comics-recommendations-2020-1322,dc-monthly-comics-recommendations-2020,unresolved,,,
dc-monthly-comics-recommendations-2020-1323,dc-monthly-comics-recommendations-2020,unresolved,,,
dc-monthly-comics-recommendations-2020-1324,dc-monthly-comics-recommendations-2020,unresolved,,,
dc-monthly-comics-recommendations-2020-1325,dc-monthly-comics-recommendations-2020,unresolved,,,
dc-monthly-comics-recommendations-2020-1326,dc-monthly-comics-recommendations-2020,unresolved,,,
dc-monthly-comics-recommendations-2020-1327,dc-monthly-comics-recommendations-2020,unresolved,,,
dc-monthly-comics-recommendations-2020-1328,dc-monthly-comics-recommendations-2020,unresolved,,,
dc-monthly-comics-recommendations-2020-1329,dc-monthly-comics-recommendations-2020,unresolved,,,
dc-monthly-comics-recommendations-2020-1330,dc-monthly-comics-recommendations-2020,unresolved,,,
dc-monthly-comics-recommendations-2020-1331,dc-monthly-comics-recommendations-2020,unresolved,,,
dc-monthly-comics-recommendations-2020-1332,dc-monthly-comics-recommendations-2020,unresolved,,,
dc-monthly-comics-recommendations-2020-1333,dc-monthly-comics-recommendations-2020,unresolved,,,
dc-monthly-comics-recommendations-2020-1334,dc-monthly-comics-recommendations-2020,unresolved,,,
dc-monthly-comics-recommendations-2020-1335,dc-monthly-comics-recommendations-2020,unresolved,,,
dc-monthly-comics-recommendations-2020-1336,dc-monthly-comics-recommendations-2020,unresolved,,,
dc-monthly-comics-recommendations-2020-1337,dc-monthly-comics-recommendations-2020,unresolved,,,
dc-monthly-comics-recommendations-2020-1338,dc-monthly-comics-recommendations-2020,unresolved,,,
dc-monthly-comics-recommendations-2020-1339,dc-monthly-comics-recommendations-2020,unresolved,,,
dc-monthly-comics-recommendations-2020-1340,dc-monthly-comics-recommendations-2020,unresolved,,,
dc-monthly-comics-recommendations-2020-1341,dc-monthly-comics-recommendations-2020,unresolved,,,
dc-monthly-comics-recommendations-2020-1342,dc-monthly-comics-recommendations-2020,unresolved,,,
dc-monthly-comics-recommendations-2020-1343,dc-monthly-comics-recommendations-2020,unresolved,,,
dc-monthly-comics-recommendations-2020-1344,dc-monthly-comics-recommendations-2020,unresolved,,,
dc-monthly-comics-recommendations-2020-1345,dc-monthly-comics-recommendations-2020,unresolved,,,
dc-monthly-comics-recommendations-2020-1346,dc-monthly-comics-recommendations-2020,unresolved,,,
dc-monthly-comics-recommendations-2020-1347,dc-monthly-comics-recommendations-2020,unresolved,,,
dc-monthly-comics-recommendations-2020-1348,dc-monthly-comics-recommendations-2020,unresolved,,,
dc-monthly-comics-recommendations-2020-1349,dc-monthly-comics-recommendations-2020,unresolved,,,
dc-monthly-comics-recommendations-2020-1350,dc-monthly-comics-recommendations-2020,unresolved,,,
dc-monthly-comics-recommendations-2020-1351,dc-monthly-comics-recommendations-2020,unresolved,,,
dc-monthly-comics-recommendations-2020-1352,dc-monthly-comics-recommendations-2020,unresolved,,,
dc-monthly-comics-recommendations-2020-1353,dc-monthly-comics-recommendations-2020,unresolved,,,
dc-monthly-comics-recommendations-2020-1354,dc-monthly-comics-recommendations-2020,unresolved,,,
dc-monthly-comics-recommendations-2020-1355,dc-monthly-comics-recommendations-2020,unresolved,,,
dc-monthly-comics-recommendations-2020-1356,dc-monthly-comics-recommendations-2020,unresolved,,,
dc-monthly-comics-recommendations-2020-1357,dc-monthly-comics-recommendations-2020,unresolved,,,
dc-monthly-comics-recommendations-2020-1358,dc-monthly-comics-recommendations-2020,unresolved,,,
dc-monthly-comics-recommendations-2020-1359,dc-monthly-comics-recommendations-2020,unresolved,,,
dc-monthly-comics-recommendations-2020-1360,dc-monthly-comics-recommendations-2020,unresolved,,,
dc-monthly-comics-recommendations-2020-1361,dc-monthly-comics-recommendations-2020,unresolved,,,
dc-monthly-comics-recommendations-2020-1362,dc-monthly-comics-recommendations-2020,unresolved,,,
dc-monthly-comics-recommendations-2020-1363,dc-monthly-comics-recommendations-2020,unresolved,,,
dc-monthly-comics-recommendations-2020-1364,dc-monthly-comics-recommendations-2020,unresolved,,,
dc-monthly-comics-recommendations-2020-1365,dc-monthly-comics-recommendations-2020,unresolved,,,
dc-monthly-comics-recommendations-2020-1366,dc-monthly-comics-recommendations-2020,unresolved,,,
dc-monthly-comics-recommendations-2020-1367,dc-monthly-comics-recommendations-2020,unresolved,,,
dc-monthly-comics-recommendations-2020-1368,dc-monthly-comics-recommendations-2020,unresolved,,,
dc-monthly-comics-recommendations-2020-1369,dc-monthly-comics-recommendations-2020,unresolved,,,
dc-monthly-comics-recommendations-2020-1370,dc-monthly-comics-recommendations-2020,unresolved,,,
dc-monthly-comics-recommendations-2020-1371,dc-monthly-comics-recommendations-2020,unresolved,,,
dc-monthly-comics-recommendations-2020-1372,dc-monthly-comics-recommendations-2020,unresolved,,,
dc-monthly-comics-recommendations-2020-1373,dc-monthly-comics-recommendations-2020,unresolved,,,
dc-monthly-comics-recommendations-2020-1374,dc-monthly-comics-recommendations-2020,unresolved,,,
dc-monthly-comics-recommendations-2020-1375,dc-monthly-comics-recommendations-2020,unresolved,,,
dc-monthly-comics-recommendations-2020-1376,dc-monthly-comics-recommendations-2020,unresolved,,,
dc-monthly-comics-recommendations-2020-1377,dc-monthly-comics-recommendations-2020,unresolved,,,
dc-monthly-comics-recommendations-2020-1378,dc-monthly-comics-recommendations-2020,unresolved,,,
dc-monthly-comics-recommendations-2020-1379,dc-monthly-comics-recommendations-2020,unresolved,,,
dc-monthly-comics-recommendations-2020-1380,dc-monthly-comics-recommendations-2020,unresolved,,,
dc-monthly-comics-recommendations-2020-1381,dc-monthly-comics-recommendations-2020,unresolved,,,
dc-monthly-comics-recommendations-2020-1382,dc-monthly-comics-recommendations-2020,unresolved,,,
dc-monthly-comics-recommendations-2020-1383,dc-monthly-comics-recommendations-2020,unresolved,,,
dc-monthly-comics-recommendations-2020-1384,dc-monthly-comics-recommendations-2020,unresolved,,,
dc-monthly-comics-recommendations-2020-1385,dc-monthly-comics-recommendations-2020,unresolved,,,
dc-monthly-comics-recommendations-2020-1386,dc-monthly-comics-recommendations-2020,unresolved,,,
dc-monthly-comics-recommendations-2020-1387,dc-monthly-comics-recommendations-2020,unresolved,,,
dc-monthly-comics-recommendations-2020-1388,dc-monthly-comics-recommendations-2020,unresolved,,,
dc-monthly-comics-recommendations-2020-1389,dc-monthly-comics-recommendations-2020,unresolved,,,
dc-monthly-comics-recommendations-2020-1390,dc-monthly-comics-recommendations-2020,unresolved,,,
dc-monthly-comics-recommendations-2020-1391,dc-monthly-comics-recommendations-2020,unresolved,,,
dc-monthly-comics-recommendations-2020-1392,dc-monthly-comics-recommendations-2020,unresolved,,,
dc-monthly-comics-recommendations-2020-1393,dc-monthly-comics-recommendations-2020,unresolved,,,
dc-monthly-comics-recommendations-2020-1394,dc-monthly-comics-recommendations-2020,unresolved,,,
dc-monthly-comics-recommendations-2020-1395,dc-monthly-comics-recommendations-2020,unresolved,,,
dc-monthly-comics-recommendations-2020-1396,dc-monthly-comics-recommendations-2020,unresolved,,,
dc-monthly-comics-recommendations-2020-1397,dc-monthly-comics-recommendations-2020,unresolved,,,
dc-monthly-comics-recommendations-2020-1398,dc-monthly-comics-recommendations-2020,unresolved,,,
dc-monthly-comics-recommendations-2020-1399,dc-monthly-comics-recommendations-2020,unresolved,,,
dc-monthly-comics-recommendations-2020-1400,dc-monthly-comics-recommendations-2020,unresolved,,,
dc-monthly-comics-recommendations-2020-1401,dc-monthly-comics-recommendations-2020,unresolved,,,
dc-monthly-comics-recommendations-2020-1402,dc-monthly-comics-recommendations-2020,unresolved,,,
dc-monthly-comics-recommendations-2020-1403,dc-monthly-comics-recommendations-2020,unresolved,,,
dc-monthly-comics-recommendations-2020-1404,dc-monthly-comics-recommendations-2020,unresolved,,,
dc-monthly-comics-recommendations-2020-1405,dc-monthly-comics-recommendations-2020,unresolved,,,
dc-monthly-comics-recommendations-2020-1406,dc-monthly-comics-recommendations-2020,unresolved,,,
dc-monthly-comics-recommendations-2020-1407,dc-monthly-comics-recommendations-2020,unresolved,,,
dc-monthly-comics-recommendations-2020-1408,dc-monthly-comics-recommendations-2020,unresolved,,,
dc-monthly-comics-recommendations-2020-1409,dc-monthly-comics-recommendations-2020,unresolved,,,
dc-monthly-comics-recommendations-2020-1410,dc-monthly-comics-recommendations-2020,unresolved,,,
dc-monthly-comics-recommendations-2020-1411,dc-monthly-comics-recommendations-2020,unresolved,,,
dc-monthly-comics-recommendations-2020-1412,dc-monthly-comics-recommendations-2020,unresolved,,,
dc-monthly-comics-recommendations-2020-1413,dc-monthly-comics-recommendations-2020,unresolved,,,
dc-monthly-comics-recommendations-2020-1414,dc-monthly-comics-recommendations-2020,unresolved,,,
dc-monthly-comics-recommendations-2020-1415,dc-monthly-comics-recommendations-2020,unresolved,,,
dc-monthly-comics-recommendations-2020-1416,dc-monthly-comics-recommendations-2020,unresolved,,,
dc-monthly-comics-recommendations-2020-1417,dc-monthly-comics-recommendations-2020,unresolved,,,
dc-monthly-comics-recommendations-2020-1418,dc-monthly-comics-recommendations-2020,unresolved,,,
dc-monthly-comics-recommendations-2020-1419,dc-monthly-comics-recommendations-2020,unresolved,,,
dc-monthly-comics-recommendations-2020-1420,dc-monthly-comics-recommendations-2020,unresolved,,,
dc-monthly-comics-recommendations-2020-1421,dc-monthly-comics-recommendations-2020,unresolved,,,
dc-monthly-comics-recommendations-2020-1422,dc-monthly-comics-recommendations-2020,unresolved,,,
dc-monthly-comics-recommendations-2020-1423,dc-monthly-comics-recommendations-2020,unresolved,,,
dc-monthly-comics-recommendations-2020-1424,dc-monthly-comics-recommendations-2020,unresolved,,,
dc-monthly-comics-recommendations-2020-1425,dc-monthly-comics-recommendations-2020,unresolved,,,
dc-monthly-comics-recommendations-2020-1426,dc-monthly-comics-recommendations-2020,unresolved,,,
dc-monthly-comics-recommendations-2020-1427,dc-monthly-comics-recommendations-2020,unresolved,,,
dc-monthly-comics-recommendations-2020-1428,dc-monthly-comics-recommendations-2020,unresolved,,,
dc-monthly-comics-recommendations-2020-1429,dc-monthly-comics-recommendations-2020,unresolved,,,
dc-monthly-comics-recommendations-2020-1430,dc-monthly-comics-recommendations-2020,unresolved,,,
dc-monthly-comics-recommendations-2020-1431,dc-monthly-comics-recommendations-2020,unresolved,,,
dc-monthly-comics-recommendations-2020-1432,dc-monthly-comics-recommendations-2020,unresolved,,,
dc-monthly-comics-recommendations-2020-1433,dc-monthly-comics-recommendations-2020,unresolved,,,
dc-monthly-comics-recommendations-2020-1434,dc-monthly-comics-recommendations-2020,unresolved,,,
dc-monthly-comics-recommendations-2020-1435,dc-monthly-comics-recommendations-2020,unresolved,,,
dc-monthly-comics-recommendations-2020-1436,dc-monthly-comics-recommendations-2020,unresolved,,,
dc-monthly-comics-recommendations-2020-1437,dc-monthly-comics-recommendations-2020,unresolved,,,
dc-monthly-comics-recommendations-2020-1438,dc-monthly-comics-recommendations-2020,unresolved,,,
dc-monthly-comics-recommendations-2020-1439,dc-monthly-comics-recommendations-2020,unresolved,,,
dc-monthly-comics-recommendations-2020-1440,dc-monthly-comics-recommendations-2020,unresolved,,,
dc-monthly-comics-recommendations-2020-1441,dc-monthly-comics-recommendations-2020,unresolved,,,
dc-monthly-comics-recommendations-2020-1442,dc-monthly-comics-recommendations-2020,unresolved,,,
dc-monthly-comics-recommendations-2020-1443,dc-monthly-comics-recommendations-2020,unresolved,,,
dc-monthly-comics-recommendations-2020-1444,dc-monthly-comics-recommendations-2020,unresolved,,,
dc-monthly-comics-recommendations-2020-1445,dc-monthly-comics-recommendations-2020,unresolved,,,
dc-monthly-comics-recommendations-2020-1446,dc-monthly-comics-recommendations-2020,unresolved,,,
dc-monthly-comics-recommendations-2020-1447,dc-monthly-comics-recommendations-2020,unresolved,,,
dc-monthly-comics-recommendations-2020-1448,dc-monthly-comics-recommendations-2020,unresolved,,,
dc-monthly-comics-recommendations-2020-1449,dc-monthly-comics-recommendations-2020,unresolved,,,
dc-monthly-comics-recommendations-2020-1450,dc-monthly-comics-recommendations-2020,unresolved,,,
dc-monthly-comics-recommendations-2020-1451,dc-monthly-comics-recommendations-2020,unresolved,,,
dc-monthly-comics-recommendations-2020-1452,dc-monthly-comics-recommendations-2020,unresolved,,,
dc-monthly-comics-recommendations-2020-1453,dc-monthly-comics-recommendations-2020,unresolved,,,
dc-monthly-comics-recommendations-2020-1454,dc-monthly-comics-recommendations-2020,unresolved,,,
dc-monthly-comics-recommendations-2020-1455,dc-monthly-comics-recommendations-2020,unresolved,,,
dc-monthly-comics-recommendations-2020-1456,dc-monthly-comics-recommendations-2020,unresolved,,,
dc-monthly-comics-recommendations-2020-1457,dc-monthly-comics-recommendations-2020,unresolved,,,
dc-monthly-comics-recommendations-2020-1458,dc-monthly-comics-recommendations-2020,unresolved,,,
dc-monthly-comics-recommendations-2020-1459,dc-monthly-comics-recommendations-2020,unresolved,,,
dc-monthly-comics-recommendations-2020-1460,dc-monthly-comics-recommendations-2020,unresolved,,,
dc-monthly-comics-recommendations-2020-1461,dc-monthly-comics-recommendations-2020,unresolved,,,
dc-monthly-comics-recommendations-2020-1462,dc-monthly-comics-recommendations-2020,unresolved,,,
dc-monthly-comics-recommendations-2020-1463,dc-monthly-comics-recommendations-2020,unresolved,,,
dc-monthly-comics-recommendations-2020-1464,dc-monthly-comics-recommendations-2020,unresolved,,,
dc-monthly-comics-recommendations-2020-1465,dc-monthly-comics-recommendations-2020,unresolved,,,
dc-monthly-comics-recommendations-2020-1466,dc-monthly-comics-recommendations-2020,unresolved,,,
dc-monthly-comics-recommendations-2020-1467,dc-monthly-comics-recommendations-2020,unresolved,,,
dc-monthly-comics-recommendations-2020-1468,dc-monthly-comics-recommendations-2020,unresolved,,,
dc-monthly-comics-recommendations-2020-1469,dc-monthly-comics-recommendations-2020,unresolved,,,
dc-monthly-comics-recommendations-2020-1470,dc-monthly-comics-recommendations-2020,unresolved,,,
dc-monthly-comics-recommendations-2020-1471,dc-monthly-comics-recommendations-2020,unresolved,,,
dc-monthly-comics-recommendations-2020-1472,dc-monthly-comics-recommendations-2020,unresolved,,,
dc-monthly-comics-recommendations-2020-1473,dc-monthly-comics-recommendations-2020,unresolved,,,
dc-monthly-comics-recommendations-2020-1474,dc-monthly-comics-recommendations-2020,unresolved,,,
dc-monthly-comics-recommendations-2020-1475,dc-monthly-comics-recommendations-2020,unresolved,,,
dc-monthly-comics-recommendations-2020-1476,dc-monthly-comics-recommendations-2020,unresolved,,,
dc-monthly-comics-recommendations-2020-1477,dc-monthly-comics-recommendations-2020,unresolved,,,
dc-monthly-comics-recommendations-2020-1478,dc-monthly-comics-recommendations-2020,unresolved,,,
dc-monthly-comics-recommendations-2020-1479,dc-monthly-comics-recommendations-2020,unresolved,,,
dc-monthly-comics-recommendations-2020-1480,dc-monthly-comics-recommendations-2020,unresolved,,,
dc-monthly-comics-recommendations-2020-1481,dc-monthly-comics-recommendations-2020,unresolved,,,
dc-monthly-comics-recommendations-2020-1482,dc-monthly-comics-recommendations-2020,unresolved,,,
dc-monthly-comics-recommendations-2020-1483,dc-monthly-comics-recommendations-2020,unresolved,,,
dc-monthly-comics-recommendations-2020-1484,dc-monthly-comics-recommendations-2020,unresolved,,,
dc-monthly-comics-recommendations-2020-1485,dc-monthly-comics-recommendations-2020,unresolved,,,
dc-monthly-comics-recommendations-2020-1486,dc-monthly-comics-recommendations-2020,unresolved,,,
dc-monthly-comics-recommendations-2020-1487,dc-monthly-comics-recommendations-2020,unresolved,,,
dc-monthly-comics-recommendations-2020-1488,dc-monthly-comics-recommendations-2020,unresolved,,,
dc-monthly-comics-recommendations-2020-1489,dc-monthly-comics-recommendations-2020,unresolved,,,
dc-monthly-comics-recommendations-2020-1490,dc-monthly-comics-recommendations-2020,unresolved,,,
dc-monthly-comics-recommendations-2020-1491,dc-monthly-comics-recommendations-2020,unresolved,,,
dc-monthly-comics-recommendations-2020-1492,dc-monthly-comics-recommendations-2020,unresolved,,,
dc-monthly-comics-recommendations-2020-1493,dc-monthly-comics-recommendations-2020,unresolved,,,
dc-monthly-comics-recommendations-2020-1494,dc-monthly-comics-recommendations-2020,unresolved,,,
dc-monthly-comics-recommendations-2020-1495,dc-monthly-comics-recommendations-2020,unresolved,,,
dc-monthly-comics-recommendations-2020-1496,dc-monthly-comics-recommendations-2020,unresolved,,,
dc-monthly-comics-recommendations-2020-1497,dc-monthly-comics-recommendations-2020,unresolved,,,
dc-monthly-comics-recommendations-2020-1498,dc-monthly-comics-recommendations-2020,unresolved,,,
dc-monthly-comics-recommendations-2020-1499,dc-monthly-comics-recommendations-2020,unresolved,,,
dc-monthly-comics-recommendations-2020-1500,dc-monthly-comics-recommendations-2020,unresolved,,,
dc-monthly-comics-recommendations-2020-1501,dc-monthly-comics-recommendations-2020,unresolved,,,
dc-monthly-comics-recommendations-2020-1502,dc-monthly-comics-recommendations-2020,unresolved,,,
dc-monthly-comics-recommendations-2020-1503,dc-monthly-comics-recommendations-2020,unresolved,,,
dc-monthly-comics-recommendations-2020-1504,dc-monthly-comics-recommendations-2020,unresolved,,,
dc-monthly-comics-recommendations-2020-1505,dc-monthly-comics-recommendations-2020,unresolved,,,
dc-monthly-comics-recommendations-2020-1506,dc-monthly-comics-recommendations-2020,unresolved,,,
dc-monthly-comics-recommendations-2020-1507,dc-monthly-comics-recommendations-2020,unresolved,,,
dc-monthly-comics-recommendations-2020-1508,dc-monthly-comics-recommendations-2020,unresolved,,,
dc-monthly-comics-recommendations-2020-1509,dc-monthly-comics-recommendations-2020,unresolved,,,
dc-monthly-comics-recommendations-2020-1510,dc-monthly-comics-recommendations-2020,unresolved,,,
dc-monthly-comics-recommendations-2020-1511,dc-monthly-comics-recommendations-2020,unresolved,,,
dc-monthly-comics-recommendations-2020-1512,dc-monthly-comics-recommendations-2020,unresolved,,,
dc-monthly-comics-recommendations-2020-1513,dc-monthly-comics-recommendations-2020,unresolved,,,
dc-monthly-comics-recommendations-2020-1514,dc-monthly-comics-recommendations-2020,unresolved,,,
dc-monthly-comics-recommendations-2020-1515,dc-monthly-comics-recommendations-2020,unresolved,,,
dc-monthly-comics-recommendations-2020-1516,dc-monthly-comics-recommendations-2020,unresolved,,,
dc-monthly-comics-recommendations-2020-1517,dc-monthly-comics-recommendations-2020,unresolved,,,
dc-monthly-comics-recommendations-2020-1518,dc-monthly-comics-recommendations-2020,unresolved,,,
dc-monthly-comics-recommendations-2020-1519,dc-monthly-comics-recommendations-2020,unresolved,,,
dc-monthly-comics-recommendations-2020-1520,dc-monthly-comics-recommendations-2020,unresolved,,,
dc-monthly-comics-recommendations-2020-1521,dc-monthly-comics-recommendations-2020,unresolved,,,
dc-monthly-comics-recommendations-2020-1522,dc-monthly-comics-recommendations-2020,unresolved,,,
dc-monthly-comics-recommendations-2020-1523,dc-monthly-comics-recommendations-2020,unresolved,,,
dc-monthly-comics-recommendations-2020-1524,dc-monthly-comics-recommendations-2020,unresolved,,,
dc-monthly-comics-recommendations-2020-1525,dc-monthly-comics-recommendations-2020,unresolved,,,
dc-monthly-comics-recommendations-2020-1526,dc-monthly-comics-recommendations-2020,unresolved,,,
dc-monthly-comics-recommendations-2020-1527,dc-monthly-comics-recommendations-2020,unresolved,,,
dc-monthly-comics-recommendations-2020-1528,dc-monthly-comics-recommendations-2020,unresolved,,,
dc-monthly-comics-recommendations-2020-1529,dc-monthly-comics-recommendations-2020,unresolved,,,
dc-monthly-comics-recommendations-2020-1530,dc-monthly-comics-recommendations-2020,unresolved,,,
dc-monthly-comics-recommendations-2020-1531,dc-monthly-comics-recommendations-2020,unresolved,,,
dc-monthly-comics-recommendations-2020-1532,dc-monthly-comics-recommendations-2020,unresolved,,,
dc-monthly-comics-recommendations-2020-1533,dc-monthly-comics-recommendations-2020,unresolved,,,
dc-monthly-comics-recommendations-2020-1534,dc-monthly-comics-recommendations-2020,unresolved,,,
dc-monthly-comics-recommendations-2020-1535,dc-monthly-comics-recommendations-2020,unresolved,,,
dc-monthly-comics-recommendations-2020-1536,dc-monthly-comics-recommendations-2020,unresolved,,,
dc-monthly-comics-recommendations-2020-1537,dc-monthly-comics-recommendations-2020,unresolved,,,
dc-monthly-comics-recommendations-2020-1538,dc-monthly-comics-recommendations-2020,unresolved,,,
dc-monthly-comics-recommendations-2020-1539,dc-monthly-comics-recommendations-2020,unresolved,,,
dc-monthly-comics-recommendations-2020-1540,dc-monthly-comics-recommendations-2020,unresolved,,,
dc-monthly-comics-recommendations-2020-1541,dc-monthly-comics-recommendations-2020,unresolved,,,
dc-monthly-comics-recommendations-2020-1542,dc-monthly-comics-recommendations-2020,unresolved,,,
dc-monthly-comics-recommendations-2020-1543,dc-monthly-comics-recommendations-2020,unresolved,,,
dc-monthly-comics-recommendations-2020-1544,dc-monthly-comics-recommendations-2020,unresolved,,,
dc-monthly-comics-recommendations-2020-1545,dc-monthly-comics-recommendations-2020,unresolved,,,
dc-monthly-comics-recommendations-2020-1546,dc-monthly-comics-recommendations-2020,unresolved,,,
dc-monthly-comics-recommendations-2020-1547,dc-monthly-comics-recommendations-2020,unresolved,,,
dc-monthly-comics-recommendations-2020-1548,dc-monthly-comics-recommendations-2020,unresolved,,,
dc-monthly-comics-recommendations-2020-1549,dc-monthly-comics-recommendations-2020,unresolved,,,
dc-monthly-comics-recommendations-2020-1550,dc-monthly-comics-recommendations-2020,unresolved,,,
dc-monthly-comics-recommendations-2020-1551,dc-monthly-comics-recommendations-2020,unresolved,,,
dc-monthly-comics-recommendations-2020-1552,dc-monthly-comics-recommendations-2020,unresolved,,,
dc-monthly-comics-recommendations-2020-1553,dc-monthly-comics-recommendations-2020,unresolved,,,
dc-monthly-comics-recommendations-2020-1554,dc-monthly-comics-recommendations-2020,unresolved,,,
dc-monthly-comics-recommendations-2020-1555,dc-monthly-comics-recommendations-2020,unresolved,,,
dc-monthly-comics-recommendations-2020-1556,dc-monthly-comics-recommendations-2020,unresolved,,,
dc-monthly-comics-recommendations-2020-1557,dc-monthly-comics-recommendations-2020,unresolved,,,
dc-monthly-comics-recommendations-2020-1558,dc-monthly-comics-recommendations-2020,unresolved,,,
dc-monthly-comics-recommendations-2020-1559,dc-monthly-comics-recommendations-2020,unresolved,,,
dc-monthly-comics-recommendations-2020-1560,dc-monthly-comics-recommendations-2020,unresolved,,,
dc-monthly-comics-recommendations-2020-1561,dc-monthly-comics-recommendations-2020,unresolved,,,
dc-monthly-comics-recommendations-2020-1562,dc-monthly-comics-recommendations-2020,unresolved,,,
dc-monthly-comics-recommendations-2020-1563,dc-monthly-comics-recommendations-2020,unresolved,,,
dc-monthly-comics-recommendations-2020-1564,dc-monthly-comics-recommendations-2020,unresolved,,,
dc-monthly-comics-recommendations-2020-1565,dc-monthly-comics-recommendations-2020,unresolved,,,
dc-monthly-comics-recommendations-2020-1566,dc-monthly-comics-recommendations-2020,unresolved,,,
dc-monthly-comics-recommendations-2020-1567,dc-monthly-comics-recommendations-2020,unresolved,,,
dc-monthly-comics-recommendations-2020-1568,dc-monthly-comics-recommendations-2020,unresolved,,,
dc-monthly-comics-recommendations-2020-1569,dc-monthly-comics-recommendations-2020,unresolved,,,
dc-monthly-comics-recommendations-2020-1570,dc-monthly-comics-recommendations-2020,unresolved,,,
dc-monthly-comics-recommendations-2020-1571,dc-monthly-comics-recommendations-2020,unresolved,,,
dc-monthly-comics-recommendations-2020-1572,dc-monthly-comics-recommendations-2020,unresolved,,,
dc-monthly-comics-recommendations-2020-1573,dc-monthly-comics-recommendations-2020,unresolved,,,
dc-monthly-comics-recommendations-2020-1574,dc-monthly-comics-recommendations-2020,unresolved,,,
dc-monthly-comics-recommendations-2020-1575,dc-monthly-comics-recommendations-2020,unresolved,,,
dc-monthly-comics-recommendations-2020-1576,dc-monthly-comics-recommendations-2020,unresolved,,,
dc-monthly-comics-recommendations-2020-1577,dc-monthly-comics-recommendations-2020,unresolved,,,
dc-monthly-comics-recommendations-2020-1578,dc-monthly-comics-recommendations-2020,unresolved,,,
dc-monthly-comics-recommendations-2020-1579,dc-monthly-comics-recommendations-2020,unresolved,,,
dc-monthly-comics-recommendations-2020-1580,dc-monthly-comics-recommendations-2020,unresolved,,,
dc-monthly-comics-recommendations-2020-1581,dc-monthly-comics-recommendations-2020,unresolved,,,
dc-monthly-comics-recommendations-2020-1582,dc-monthly-comics-recommendations-2020,unresolved,,,
dc-monthly-comics-recommendations-2020-1583,dc-monthly-comics-recommendations-2020,unresolved,,,
dc-monthly-comics-recommendations-2020-1584,dc-monthly-comics-recommendations-2020,unresolved,,,
dc-monthly-comics-recommendations-2020-1585,dc-monthly-comics-recommendations-2020,unresolved,,,
dc-monthly-comics-recommendations-2020-1586,dc-monthly-comics-recommendations-2020,unresolved,,,
dc-monthly-comics-recommendations-2020-1587,dc-monthly-comics-recommendations-2020,unresolved,,,
dc-monthly-comics-recommendations-2020-1588,dc-monthly-comics-recommendations-2020,unresolved,,,
dc-monthly-comics-recommendations-2020-1589,dc-monthly-comics-recommendations-2020,unresolved,,,
dc-monthly-comics-recommendations-2020-1590,dc-monthly-comics-recommendations-2020,unresolved,,,
dc-monthly-comics-recommendations-2020-1591,dc-monthly-comics-recommendations-2020,unresolved,,,
dc-monthly-comics-recommendations-2020-1592,dc-monthly-comics-recommendations-2020,unresolved,,,
dc-monthly-comics-recommendations-2020-1593,dc-monthly-comics-recommendations-2020,unresolved,,,
dc-monthly-comics-recommendations-2020-1594,dc-monthly-comics-recommendations-2020,unresolved,,,
dc-monthly-comics-recommendations-2020-1595,dc-monthly-comics-recommendations-2020,unresolved,,,
dc-monthly-comics-recommendations-2020-1596,dc-monthly-comics-recommendations-2020,unresolved,,,
dc-monthly-comics-recommendations-2020-1597,dc-monthly-comics-recommendations-2020,unresolved,,,
dc-monthly-comics-recommendations-2020-1598,dc-monthly-comics-recommendations-2020,unresolved,,,
dc-monthly-comics-recommendations-2020-1599,dc-monthly-comics-recommendations-2020,unresolved,,,
dc-monthly-comics-recommendations-2020-1600,dc-monthly-comics-recommendations-2020,unresolved,,,
dc-monthly-comics-recommendations-2020-1601,dc-monthly-comics-recommendations-2020,unresolved,,,
dc-monthly-comics-recommendations-2020-1602,dc-monthly-comics-recommendations-2020,unresolved,,,
dc-monthly-comics-recommendations-2020-1603,dc-monthly-comics-recommendations-2020,unresolved,,,
dc-monthly-comics-recommendations-2020-1604,dc-monthly-comics-recommendations-2020,unresolved,,,
dc-monthly-comics-recommendations-2020-1605,dc-monthly-comics-recommendations-2020,unresolved,,,
dc-monthly-comics-recommendations-2020-1606,dc-monthly-comics-recommendations-2020,unresolved,,,
dc-monthly-comics-recommendations-2020-1607,dc-monthly-comics-recommendations-2020,unresolved,,,
dc-monthly-comics-recommendations-2020-1608,dc-monthly-comics-recommendations-2020,unresolved,,,
dc-monthly-comics-recommendations-2020-1609,dc-monthly-comics-recommendations-2020,unresolved,,,
dc-monthly-comics-recommendations-2020-1610,dc-monthly-comics-recommendations-2020,unresolved,,,
dc-monthly-comics-recommendations-2020-1611,dc-monthly-comics-recommendations-2020,unresolved,,,
dc-monthly-comics-recommendations-2020-1612,dc-monthly-comics-recommendations-2020,unresolved,,,
dc-monthly-comics-recommendations-2020-1613,dc-monthly-comics-recommendations-2020,unresolved,,,
dc-monthly-comics-recommendations-2020-1614,dc-monthly-comics-recommendations-2020,unresolved,,,
dc-monthly-comics-recommendations-2020-1615,dc-monthly-comics-recommendations-2020,unresolved,,,
dc-monthly-comics-recommendations-2020-1616,dc-monthly-comics-recommendations-2020,unresolved,,,
dc-monthly-comics-recommendations-2020-1617,dc-monthly-comics-recommendations-2020,unresolved,,,
dc-monthly-comics-recommendations-2020-1618,dc-monthly-comics-recommendations-2020,unresolved,,,
dc-monthly-comics-recommendations-2020-1619,dc-monthly-comics-recommendations-2020,unresolved,,,
dc-monthly-comics-recommendations-2020-1620,dc-monthly-comics-recommendations-2020,unresolved,,,
dc-monthly-comics-recommendations-2020-1621,dc-monthly-comics-recommendations-2020,unresolved,,,
dc-monthly-comics-recommendations-2020-1622,dc-monthly-comics-recommendations-2020,unresolved,,,
dc-monthly-comics-recommendations-2020-1623,dc-monthly-comics-recommendations-2020,unresolved,,,
dc-monthly-comics-recommendations-2020-1624,dc-monthly-comics-recommendations-2020,unresolved,,,
dc-monthly-comics-recommendations-2020-1625,dc-monthly-comics-recommendations-2020,unresolved,,,
dc-monthly-comics-recommendations-2020-1626,dc-monthly-comics-recommendations-2020,unresolved,,,
dc-monthly-comics-recommendations-2020-1627,dc-monthly-comics-recommendations-2020,unresolved,,,
dc-monthly-comics-recommendations-2020-1628,dc-monthly-comics-recommendations-2020,unresolved,,,
dc-monthly-comics-recommendations-2020-1629,dc-monthly-comics-recommendations-2020,unresolved,,,
dc-monthly-comics-recommendations-2020-1630,dc-monthly-comics-recommendations-2020,unresolved,,,
dc-monthly-comics-recommendations-2020-1631,dc-monthly-comics-recommendations-2020,unresolved,,,
dc-monthly-comics-recommendations-2020-1632,dc-monthly-comics-recommendations-2020,unresolved,,,
dc-monthly-comics-recommendations-2020-1633,dc-monthly-comics-recommendations-2020,unresolved,,,
dc-monthly-comics-recommendations-2020-1634,dc-monthly-comics-recommendations-2020,unresolved,,,
dc-monthly-comics-recommendations-2020-1635,dc-monthly-comics-recommendations-2020,unresolved,,,
dc-monthly-comics-recommendations-2020-1636,dc-monthly-comics-recommendations-2020,unresolved,,,
dc-monthly-comics-recommendations-2020-1637,dc-monthly-comics-recommendations-2020,unresolved,,,
dc-monthly-comics-recommendations-2020-1638,dc-monthly-comics-recommendations-2020,unresolved,,,
dc-monthly-comics-recommendations-2020-1639,dc-monthly-comics-recommendations-2020,unresolved,,,
dc-monthly-comics-recommendations-2020-1640,dc-monthly-comics-recommendations-2020,unresolved,,,
dc-monthly-comics-recommendations-2020-1641,dc-monthly-comics-recommendations-2020,unresolved,,,
dc-monthly-comics-recommendations-2020-1642,dc-monthly-comics-recommendations-2020,unresolved,,,
dc-monthly-comics-recommendations-2020-1643,dc-monthly-comics-recommendations-2020,unresolved,,,
dc-monthly-comics-recommendations-2020-1644,dc-monthly-comics-recommendations-2020,unresolved,,,
dc-monthly-comics-recommendations-2020-1645,dc-monthly-comics-recommendations-2020,unresolved,,,
dc-monthly-comics-recommendations-2020-1646,dc-monthly-comics-recommendations-2020,unresolved,,,
dc-monthly-comics-recommendations-2020-1647,dc-monthly-comics-recommendations-2020,unresolved,,,
dc-monthly-comics-recommendations-2020-1648,dc-monthly-comics-recommendations-2020,unresolved,,,
dc-monthly-comics-recommendations-2020-1649,dc-monthly-comics-recommendations-2020,unresolved,,,
dc-monthly-comics-recommendations-2020-1650,dc-monthly-comics-recommendations-2020,unresolved,,,
dc-monthly-comics-recommendations-2020-1651,dc-monthly-comics-recommendations-2020,unresolved,,,
dc-monthly-comics-recommendations-2020-1652,dc-monthly-comics-recommendations-2020,unresolved,,,
dc-monthly-comics-recommendations-2020-1653,dc-monthly-comics-recommendations-2020,unresolved,,,
dc-monthly-comics-recommendations-2020-1654,dc-monthly-comics-recommendations-2020,unresolved,,,
dc-monthly-comics-recommendations-2020-1655,dc-monthly-comics-recommendations-2020,unresolved,,,
dc-monthly-comics-recommendations-2020-1656,dc-monthly-comics-recommendations-2020,unresolved,,,
dc-monthly-comics-recommendations-2020-1657,dc-monthly-comics-recommendations-2020,unresolved,,,
dc-monthly-comics-recommendations-2020-1658,dc-monthly-comics-recommendations-2020,unresolved,,,
dc-monthly-comics-recommendations-2020-1659,dc-monthly-comics-recommendations-2020,unresolved,,,
dc-monthly-comics-recommendations-2020-1660,dc-monthly-comics-recommendations-2020,unresolved,,,
dc-monthly-comics-recommendations-2020-1661,dc-monthly-comics-recommendations-2020,unresolved,,,
dc-monthly-comics-recommendations-2020-1662,dc-monthly-comics-recommendations-2020,unresolved,,,
dc-monthly-comics-recommendations-2020-1663,dc-monthly-comics-recommendations-2020,unresolved,,,
dc-monthly-comics-recommendations-2020-1664,dc-monthly-comics-recommendations-2020,unresolved,,,
dc-monthly-comics-recommendations-2020-1665,dc-monthly-comics-recommendations-2020,unresolved,,,
dc-monthly-comics-recommendations-2020-1666,dc-monthly-comics-recommendations-2020,unresolved,,,
dc-monthly-comics-recommendations-2020-1667,dc-monthly-comics-recommendations-2020,unresolved,,,
dc-monthly-comics-recommendations-2020-1668,dc-monthly-comics-recommendations-2020,unresolved,,,
dc-monthly-comics-recommendations-2020-1669,dc-monthly-comics-recommendations-2020,unresolved,,,
dc-monthly-comics-recommendations-2020-1670,dc-monthly-comics-recommendations-2020,unresolved,,,
dc-monthly-comics-recommendations-2020-1671,dc-monthly-comics-recommendations-2020,unresolved,,,
dc-monthly-comics-recommendations-2020-1672,dc-monthly-comics-recommendations-2020,unresolved,,,
dc-monthly-comics-recommendations-2020-1673,dc-monthly-comics-recommendations-2020,unresolved,,,
dc-monthly-comics-recommendations-2020-1674,dc-monthly-comics-recommendations-2020,unresolved,,,
dc-monthly-comics-recommendations-2020-1675,dc-monthly-comics-recommendations-2020,unresolved,,,
dc-monthly-comics-recommendations-2020-1676,dc-monthly-comics-recommendations-2020,unresolved,,,
dc-monthly-comics-recommendations-2020-1677,dc-monthly-comics-recommendations-2020,unresolved,,,
dc-monthly-comics-recommendations-2020-1678,dc-monthly-comics-recommendations-2020,unresolved,,,
dc-monthly-comics-recommendations-2020-1679,dc-monthly-comics-recommendations-2020,unresolved,,,
dc-monthly-comics-recommendations-2020-1680,dc-monthly-comics-recommendations-2020,unresolved,,,
dc-monthly-comics-recommendations-2020-1681,dc-monthly-comics-recommendations-2020,unresolved,,,
dc-monthly-comics-recommendations-2020-1682,dc-monthly-comics-recommendations-2020,unresolved,,,
dc-monthly-comics-recommendations-2020-1683,dc-monthly-comics-recommendations-2020,unresolved,,,
dc-monthly-comics-recommendations-2020-1684,dc-monthly-comics-recommendations-2020,unresolved,,,
dc-monthly-comics-recommendations-2020-1685,dc-monthly-comics-recommendations-2020,unresolved,,,
dc-monthly-comics-recommendations-2020-1686,dc-monthly-comics-recommendations-2020,unresolved,,,
dc-monthly-comics-recommendations-2020-1687,dc-monthly-comics-recommendations-2020,unresolved,,,
dc-monthly-comics-recommendations-2020-1688,dc-monthly-comics-recommendations-2020,unresolved,,,
dc-monthly-comics-recommendations-2020-1689,dc-monthly-comics-recommendations-2020,unresolved,,,
dc-monthly-comics-recommendations-2020-1690,dc-monthly-comics-recommendations-2020,unresolved,,,
dc-monthly-comics-recommendations-2020-1691,dc-monthly-comics-recommendations-2020,unresolved,,,
dc-monthly-comics-recommendations-2020-1692,dc-monthly-comics-recommendations-2020,unresolved,,,
dc-monthly-comics-recommendations-2020-1693,dc-monthly-comics-recommendations-2020,unresolved,,,
dc-monthly-comics-recommendations-2020-1694,dc-monthly-comics-recommendations-2020,unresolved,,,
dc-monthly-comics-recommendations-2020-1695,dc-monthly-comics-recommendations-2020,unresolved,,,
dc-monthly-comics-recommendations-2020-1696,dc-monthly-comics-recommendations-2020,unresolved,,,
dc-monthly-comics-recommendations-2020-1697,dc-monthly-comics-recommendations-2020,unresolved,,,
dc-monthly-comics-recommendations-2020-1698,dc-monthly-comics-recommendations-2020,unresolved,,,
dc-monthly-comics-recommendations-2020-1699,dc-monthly-comics-recommendations-2020,unresolved,,,
dc-monthly-comics-recommendations-2020-1700,dc-monthly-comics-recommendations-2020,unresolved,,,
dc-monthly-comics-recommendations-2020-1701,dc-monthly-comics-recommendations-2020,unresolved,,,
dc-monthly-comics-recommendations-2020-1702,dc-monthly-comics-recommendations-2020,unresolved,,,
dc-monthly-comics-recommendations-2020-1703,dc-monthly-comics-recommendations-2020,unresolved,,,
dc-monthly-comics-recommendations-2020-1704,dc-monthly-comics-recommendations-2020,unresolved,,,
dc-monthly-comics-recommendations-2020-1705,dc-monthly-comics-recommendations-2020,unresolved,,,
dc-monthly-comics-recommendations-2020-1706,dc-monthly-comics-recommendations-2020,unresolved,,,
dc-monthly-comics-recommendations-2020-1707,dc-monthly-comics-recommendations-2020,unresolved,,,
dc-monthly-comics-recommendations-2020-1708,dc-monthly-comics-recommendations-2020,unresolved,,,
dc-monthly-comics-recommendations-2020-1709,dc-monthly-comics-recommendations-2020,unresolved,,,
dc-monthly-comics-recommendations-2020-1710,dc-monthly-comics-recommendations-2020,unresolved,,,
dc-monthly-comics-recommendations-2020-1711,dc-monthly-comics-recommendations-2020,unresolved,,,
dc-monthly-comics-recommendations-2020-1712,dc-monthly-comics-recommendations-2020,unresolved,,,
dc-monthly-comics-recommendations-2020-1713,dc-monthly-comics-recommendations-2020,unresolved,,,
dc-monthly-comics-recommendations-2020-1714,dc-monthly-comics-recommendations-2020,unresolved,,,
dc-monthly-comics-recommendations-2020-1715,dc-monthly-comics-recommendations-2020,unresolved,,,
dc-monthly-comics-recommendations-2020-1716,dc-monthly-comics-recommendations-2020,unresolved,,,
dc-monthly-comics-recommendations-2020-1717,dc-monthly-comics-recommendations-2020,unresolved,,,
dc-monthly-comics-recommendations-2020-1718,dc-monthly-comics-recommendations-2020,unresolved,,,
dc-monthly-comics-recommendations-2020-1719,dc-monthly-comics-recommendations-2020,unresolved,,,
dc-monthly-comics-recommendations-2020-1720,dc-monthly-comics-recommendations-2020,unresolved,,,
dc-monthly-comics-recommendations-2020-1721,dc-monthly-comics-recommendations-2020,unresolved,,,
dc-monthly-comics-recommendations-2020-1722,dc-monthly-comics-recommendations-2020,unresolved,,,
dc-monthly-comics-recommendations-2020-1723,dc-monthly-comics-recommendations-2020,unresolved,,,
dc-monthly-comics-recommendations-2020-1724,dc-monthly-comics-recommendations-2020,unresolved,,,
dc-monthly-comics-recommendations-2020-1725,dc-monthly-comics-recommendations-2020,unresolved,,,
dc-monthly-comics-recommendations-2020-1726,dc-monthly-comics-recommendations-2020,unresolved,,,
dc-monthly-comics-recommendations-2020-1727,dc-monthly-comics-recommendations-2020,unresolved,,,
dc-monthly-comics-recommendations-2020-1728,dc-monthly-comics-recommendations-2020,unresolved,,,
dc-monthly-comics-recommendations-2020-1729,dc-monthly-comics-recommendations-2020,unresolved,,,
dc-monthly-comics-recommendations-2020-1730,dc-monthly-comics-recommendations-2020,unresolved,,,
dc-monthly-comics-recommendations-2020-1731,dc-monthly-comics-recommendations-2020,unresolved,,,
dc-monthly-comics-recommendations-2020-1732,dc-monthly-comics-recommendations-2020,unresolved,,,
dc-monthly-comics-recommendations-2020-1733,dc-monthly-comics-recommendations-2020,unresolved,,,
dc-monthly-comics-recommendations-2020-1734,dc-monthly-comics-recommendations-2020,unresolved,,,
dc-monthly-comics-recommendations-2020-1735,dc-monthly-comics-recommendations-2020,unresolved,,,
dc-monthly-comics-recommendations-2020-1736,dc-monthly-comics-recommendations-2020,unresolved,,,
dc-monthly-comics-recommendations-2020-1737,dc-monthly-comics-recommendations-2020,unresolved,,,
dc-monthly-comics-recommendations-2020-1738,dc-monthly-comics-recommendations-2020,unresolved,,,
dc-monthly-comics-recommendations-2020-1739,dc-monthly-comics-recommendations-2020,unresolved,,,
dc-monthly-comics-recommendations-2020-1740,dc-monthly-comics-recommendations-2020,unresolved,,,
dc-monthly-comics-recommendations-2020-1741,dc-monthly-comics-recommendations-2020,unresolved,,,
dc-monthly-comics-recommendations-2020-1742,dc-monthly-comics-recommendations-2020,unresolved,,,
dc-monthly-comics-recommendations-2020-1743,dc-monthly-comics-recommendations-2020,unresolved,,,
dc-monthly-comics-recommendations-2020-1744,dc-monthly-comics-recommendations-2020,unresolved,,,
dc-monthly-comics-recommendations-2020-1745,dc-monthly-comics-recommendations-2020,unresolved,,,
dc-monthly-comics-recommendations-2020-1746,dc-monthly-comics-recommendations-2020,unresolved,,,
dc-monthly-comics-recommendations-2020-1747,dc-monthly-comics-recommendations-2020,unresolved,,,
dc-monthly-comics-recommendations-2020-1748,dc-monthly-comics-recommendations-2020,unresolved,,,
dc-monthly-comics-recommendations-2020-1749,dc-monthly-comics-recommendations-2020,unresolved,,,
dc-monthly-comics-recommendations-2020-1750,dc-monthly-comics-recommendations-2020,unresolved,,,
dc-monthly-comics-recommendations-2020-1751,dc-monthly-comics-recommendations-2020,unresolved,,,
dc-monthly-comics-recommendations-2020-1752,dc-monthly-comics-recommendations-2020,unresolved,,,
dc-monthly-comics-recommendations-2020-1753,dc-monthly-comics-recommendations-2020,unresolved,,,
dc-monthly-comics-recommendations-2020-1754,dc-monthly-comics-recommendations-2020,unresolved,,,
dc-monthly-comics-recommendations-2020-1755,dc-monthly-comics-recommendations-2020,unresolved,,,
dc-monthly-comics-recommendations-2020-1756,dc-monthly-comics-recommendations-2020,unresolved,,,
dc-monthly-comics-recommendations-2020-1757,dc-monthly-comics-recommendations-2020,unresolved,,,
dc-monthly-comics-recommendations-2020-1758,dc-monthly-comics-recommendations-2020,unresolved,,,
dc-monthly-comics-recommendations-2020-1759,dc-monthly-comics-recommendations-2020,unresolved,,,
dc-monthly-comics-recommendations-2020-1760,dc-monthly-comics-recommendations-2020,unresolved,,,
dc-monthly-comics-recommendations-2020-1761,dc-monthly-comics-recommendations-2020,unresolved,,,
dc-monthly-comics-recommendations-2020-1762,dc-monthly-comics-recommendations-2020,unresolved,,,
dc-monthly-comics-recommendations-2020-1763,dc-monthly-comics-recommendations-2020,unresolved,,,
dc-monthly-comics-recommendations-2020-1764,dc-monthly-comics-recommendations-2020,unresolved,,,
dc-monthly-comics-recommendations-2020-1765,dc-monthly-comics-recommendations-2020,unresolved,,,
dc-monthly-comics-recommendations-2020-1766,dc-monthly-comics-recommendations-2020,unresolved,,,
dc-monthly-comics-recommendations-2020-1767,dc-monthly-comics-recommendations-2020,unresolved,,,
dc-monthly-comics-recommendations-2020-1768,dc-monthly-comics-recommendations-2020,unresolved,,,
dc-monthly-comics-recommendations-2020-1769,dc-monthly-comics-recommendations-2020,unresolved,,,
dc-monthly-comics-recommendations-2020-1770,dc-monthly-comics-recommendations-2020,unresolved,,,
dc-monthly-comics-recommendations-2020-1771,dc-monthly-comics-recommendations-2020,unresolved,,,
dc-monthly-comics-recommendations-2020-1772,dc-monthly-comics-recommendations-2020,unresolved,,,
dc-monthly-comics-recommendations-2020-1773,dc-monthly-comics-recommendations-2020,unresolved,,,
dc-monthly-comics-recommendations-2020-1774,dc-monthly-comics-recommendations-2020,unresolved,,,
dc-monthly-comics-recommendations-2020-1775,dc-monthly-comics-recommendations-2020,unresolved,,,
dc-monthly-comics-recommendations-2020-1776,dc-monthly-comics-recommendations-2020,unresolved,,,
dc-monthly-comics-recommendations-2020-1777,dc-monthly-comics-recommendations-2020,unresolved,,,
dc-monthly-comics-recommendations-2020-1778,dc-monthly-comics-recommendations-2020,unresolved,,,
dc-monthly-comics-recommendations-2020-1779,dc-monthly-comics-recommendations-2020,unresolved,,,
dc-monthly-comics-recommendations-2020-1780,dc-monthly-comics-recommendations-2020,unresolved,,,
dc-monthly-comics-recommendations-2020-1781,dc-monthly-comics-recommendations-2020,unresolved,,,
dc-monthly-comics-recommendations-2020-1782,dc-monthly-comics-recommendations-2020,unresolved,,,
dc-monthly-comics-recommendations-2020-1783,dc-monthly-comics-recommendations-2020,unresolved,,,
dc-monthly-comics-recommendations-2020-1784,dc-monthly-comics-recommendations-2020,unresolved,,,
dc-monthly-comics-recommendations-2020-1785,dc-monthly-comics-recommendations-2020,unresolved,,,
dc-monthly-comics-recommendations-2020-1786,dc-monthly-comics-recommendations-2020,unresolved,,,
dc-monthly-comics-recommendations-2020-1787,dc-monthly-comics-recommendations-2020,unresolved,,,
dc-monthly-comics-recommendations-2020-1788,dc-monthly-comics-recommendations-2020,unresolved,,,
dc-monthly-comics-recommendations-2020-1789,dc-monthly-comics-recommendations-2020,unresolved,,,
dc-monthly-comics-recommendations-2020-1790,dc-monthly-comics-recommendations-2020,unresolved,,,
dc-monthly-comics-recommendations-2020-1791,dc-monthly-comics-recommendations-2020,unresolved,,,
dc-monthly-comics-recommendations-2020-1792,dc-monthly-comics-recommendations-2020,unresolved,,,
dc-monthly-comics-recommendations-2020-1793,dc-monthly-comics-recommendations-2020,unresolved,,,
dc-monthly-comics-recommendations-2020-1794,dc-monthly-comics-recommendations-2020,unresolved,,,
dc-monthly-comics-recommendations-2020-1795,dc-monthly-comics-recommendations-2020,unresolved,,,
dc-monthly-comics-recommendations-2020-1796,dc-monthly-comics-recommendations-2020,unresolved,,,
dc-monthly-comics-recommendations-2020-1797,dc-monthly-comics-recommendations-2020,unresolved,,,
dc-monthly-comics-recommendations-2020-1798,dc-monthly-comics-recommendations-2020,unresolved,,,
dc-monthly-comics-recommendations-2020-1799,dc-monthly-comics-recommendations-2020,unresolved,,,
dc-monthly-comics-recommendations-2020-1800,dc-monthly-comics-recommendations-2020,unresolved,,,
dc-monthly-comics-recommendations-2020-1801,dc-monthly-comics-recommendations-2020,unresolved,,,
dc-monthly-comics-recommendations-2020-1802,dc-monthly-comics-recommendations-2020,unresolved,,,
dc-monthly-comics-recommendations-2020-1803,dc-monthly-comics-recommendations-2020,unresolved,,,
dc-monthly-comics-recommendations-2020-1804,dc-monthly-comics-recommendations-2020,unresolved,,,
dc-monthly-comics-recommendations-2020-1805,dc-monthly-comics-recommendations-2020,unresolved,,,
dc-monthly-comics-recommendations-2020-1806,dc-monthly-comics-recommendations-2020,unresolved,,,
dc-monthly-comics-recommendations-2020-1807,dc-monthly-comics-recommendations-2020,unresolved,,,
dc-monthly-comics-recommendations-2020-1808,dc-monthly-comics-recommendations-2020,unresolved,,,
dc-monthly-comics-recommendations-2020-1809,dc-monthly-comics-recommendations-2020,unresolved,,,
dc-monthly-comics-recommendations-2020-1810,dc-monthly-comics-recommendations-2020,unresolved,,,
dc-monthly-comics-recommendations-2020-1811,dc-monthly-comics-recommendations-2020,unresolved,,,
dc-monthly-comics-recommendations-2020-1812,dc-monthly-comics-recommendations-2020,unresolved,,,
dc-monthly-comics-recommendations-2020-1813,dc-monthly-comics-recommendations-2020,unresolved,,,
dc-monthly-comics-recommendations-2020-1814,dc-monthly-comics-recommendations-2020,unresolved,,,
dc-monthly-comics-recommendations-2020-1815,dc-monthly-comics-recommendations-2020,unresolved,,,
dc-monthly-comics-recommendations-2020-1816,dc-monthly-comics-recommendations-2020,unresolved,,,
dc-monthly-comics-recommendations-2020-1817,dc-monthly-comics-recommendations-2020,unresolved,,,
dc-monthly-comics-recommendations-2020-1818,dc-monthly-comics-recommendations-2020,unresolved,,,
dc-monthly-comics-recommendations-2020-1819,dc-monthly-comics-recommendations-2020,unresolved,,,
dc-monthly-comics-recommendations-2020-1820,dc-monthly-comics-recommendations-2020,unresolved,,,
dc-monthly-comics-recommendations-2020-1821,dc-monthly-comics-recommendations-2020,unresolved,,,
dc-monthly-comics-recommendations-2020-1822,dc-monthly-comics-recommendations-2020,unresolved,,,
dc-monthly-comics-recommendations-2020-1823,dc-monthly-comics-recommendations-2020,unresolved,,,
dc-monthly-comics-recommendations-2020-1824,dc-monthly-comics-recommendations-2020,unresolved,,,
dc-monthly-comics-recommendations-2020-1825,dc-monthly-comics-recommendations-2020,unresolved,,,
dc-monthly-comics-recommendations-2020-1826,dc-monthly-comics-recommendations-2020,unresolved,,,
dc-monthly-comics-recommendations-2020-1827,dc-monthly-comics-recommendations-2020,unresolved,,,
dc-monthly-comics-recommendations-2020-1828,dc-monthly-comics-recommendations-2020,unresolved,,,
dc-monthly-comics-recommendations-2020-1829,dc-monthly-comics-recommendations-2020,unresolved,,,
dc-monthly-comics-recommendations-2020-1830,dc-monthly-comics-recommendations-2020,unresolved,,,
dc-monthly-comics-recommendations-2020-1831,dc-monthly-comics-recommendations-2020,unresolved,,,
dc-monthly-comics-recommendations-2020-1832,dc-monthly-comics-recommendations-2020,unresolved,,,
dc-monthly-comics-recommendations-2020-1833,dc-monthly-comics-recommendations-2020,unresolved,,,
dc-monthly-comics-recommendations-2020-1834,dc-monthly-comics-recommendations-2020,unresolved,,,
dc-monthly-comics-recommendations-2020-1835,dc-monthly-comics-recommendations-2020,unresolved,,,
dc-monthly-comics-recommendations-2020-1836,dc-monthly-comics-recommendations-2020,unresolved,,,
dc-monthly-comics-recommendations-2020-1837,dc-monthly-comics-recommendations-2020,unresolved,,,
dc-monthly-comics-recommendations-2020-1838,dc-monthly-comics-recommendations-2020,unresolved,,,
dc-monthly-comics-recommendations-2020-1839,dc-monthly-comics-recommendations-2020,unresolved,,,
dc-monthly-comics-recommendations-2020-1840,dc-monthly-comics-recommendations-2020,unresolved,,,
dc-monthly-comics-recommendations-2020-1841,dc-monthly-comics-recommendations-2020,unresolved,,,
dc-monthly-comics-recommendations-2020-1842,dc-monthly-comics-recommendations-2020,unresolved,,,
dc-monthly-comics-recommendations-2020-1843,dc-monthly-comics-recommendations-2020,unresolved,,,
dc-monthly-comics-recommendations-2020-1844,dc-monthly-comics-recommendations-2020,unresolved,,,
dc-monthly-comics-recommendations-2020-1845,dc-monthly-comics-recommendations-2020,unresolved,,,
dc-monthly-comics-recommendations-2020-1846,dc-monthly-comics-recommendations-2020,unresolved,,,
dc-monthly-comics-recommendations-2020-1847,dc-monthly-comics-recommendations-2020,unresolved,,,
dc-monthly-comics-recommendations-2020-1848,dc-monthly-comics-recommendations-2020,unresolved,,,
dc-monthly-comics-recommendations-2020-1849,dc-monthly-comics-recommendations-2020,unresolved,,,
dc-monthly-comics-recommendations-2020-1850,dc-monthly-comics-recommendations-2020,unresolved,,,
dc-monthly-comics-recommendations-2020-1851,dc-monthly-comics-recommendations-2020,unresolved,,,
dc-monthly-comics-recommendations-2020-1852,dc-monthly-comics-recommendations-2020,unresolved,,,
dc-monthly-comics-recommendations-2020-1853,dc-monthly-comics-recommendations-2020,unresolved,,,
dc-monthly-comics-recommendations-2020-1854,dc-monthly-comics-recommendations-2020,unresolved,,,
dc-monthly-comics-recommendations-2020-1855,dc-monthly-comics-recommendations-2020,unresolved,,,
dc-monthly-comics-recommendations-2020-1856,dc-monthly-comics-recommendations-2020,unresolved,,,
dc-monthly-comics-recommendations-2020-1857,dc-monthly-comics-recommendations-2020,unresolved,,,
dc-monthly-comics-recommendations-2020-1858,dc-monthly-comics-recommendations-2020,unresolved,,,
dc-monthly-comics-recommendations-2020-1859,dc-monthly-comics-recommendations-2020,unresolved,,,
dc-monthly-comics-recommendations-2020-1860,dc-monthly-comics-recommendations-2020,unresolved,,,
dc-monthly-comics-recommendations-2020-1861,dc-monthly-comics-recommendations-2020,unresolved,,,
dc-monthly-comics-recommendations-2020-1862,dc-monthly-comics-recommendations-2020,unresolved,,,
dc-monthly-comics-recommendations-2020-1863,dc-monthly-comics-recommendations-2020,unresolved,,,
dc-monthly-comics-recommendations-2020-1864,dc-monthly-comics-recommendations-2020,unresolved,,,
dc-monthly-comics-recommendations-2020-1865,dc-monthly-comics-recommendations-2020,unresolved,,,
dc-monthly-comics-recommendations-2020-1866,dc-monthly-comics-recommendations-2020,unresolved,,,
dc-monthly-comics-recommendations-2020-1867,dc-monthly-comics-recommendations-2020,unresolved,,,
dc-monthly-comics-recommendations-2020-1868,dc-monthly-comics-recommendations-2020,unresolved,,,
dc-monthly-comics-recommendations-2020-1869,dc-monthly-comics-recommendations-2020,unresolved,,,
dc-monthly-comics-recommendations-2020-1870,dc-monthly-comics-recommendations-2020,unresolved,,,
dc-monthly-comics-recommendations-2020-1871,dc-monthly-comics-recommendations-2020,unresolved,,,
dc-monthly-comics-recommendations-2020-1872,dc-monthly-comics-recommendations-2020,unresolved,,,
dc-monthly-comics-recommendations-2020-1873,dc-monthly-comics-recommendations-2020,unresolved,,,
dc-monthly-comics-recommendations-2020-1874,dc-monthly-comics-recommendations-2020,unresolved,,,
dc-monthly-comics-recommendations-2020-1875,dc-monthly-comics-recommendations-2020,unresolved,,,
dc-monthly-comics-recommendations-2020-1876,dc-monthly-comics-recommendations-2020,unresolved,,,
dc-monthly-comics-recommendations-2020-1877,dc-monthly-comics-recommendations-2020,unresolved,,,
dc-monthly-comics-recommendations-2020-1878,dc-monthly-comics-recommendations-2020,unresolved,,,
dc-monthly-comics-recommendations-2020-1879,dc-monthly-comics-recommendations-2020,unresolved,,,
dc-monthly-comics-recommendations-2020-1880,dc-monthly-comics-recommendations-2020,unresolved,,,
dc-monthly-comics-recommendations-2020-1881,dc-monthly-comics-recommendations-2020,unresolved,,,
dc-monthly-comics-recommendations-2020-1882,dc-monthly-comics-recommendations-2020,unresolved,,,
dc-monthly-comics-recommendations-2020-1883,dc-monthly-comics-recommendations-2020,unresolved,,,
dc-monthly-comics-recommendations-2020-1884,dc-monthly-comics-recommendations-2020,unresolved,,,
dc-monthly-comics-recommendations-2020-1885,dc-monthly-comics-recommendations-2020,unresolved,,,
dc-monthly-comics-recommendations-2020-1886,dc-monthly-comics-recommendations-2020,unresolved,,,
dc-monthly-comics-recommendations-2020-1887,dc-monthly-comics-recommendations-2020,unresolved,,,
dc-monthly-comics-recommendations-2020-1888,dc-monthly-comics-recommendations-2020,unresolved,,,
dc-monthly-comics-recommendations-2020-1889,dc-monthly-comics-recommendations-2020,unresolved,,,
dc-monthly-comics-recommendations-2020-1890,dc-monthly-comics-recommendations-2020,unresolved,,,
dc-monthly-comics-recommendations-2020-1891,dc-monthly-comics-recommendations-2020,unresolved,,,
dc-monthly-comics-recommendations-2020-1892,dc-monthly-comics-recommendations-2020,unresolved,,,
dc-monthly-comics-recommendations-2020-1893,dc-monthly-comics-recommendations-2020,unresolved,,,
dc-monthly-comics-recommendations-2020-1894,dc-monthly-comics-recommendations-2020,unresolved,,,
dc-monthly-comics-recommendations-2020-1895,dc-monthly-comics-recommendations-2020,unresolved,,,
dc-monthly-comics-recommendations-2020-1896,dc-monthly-comics-recommendations-2020,unresolved,,,
dc-monthly-comics-recommendations-2020-1897,dc-monthly-comics-recommendations-2020,unresolved,,,
dc-monthly-comics-recommendations-2020-1898,dc-monthly-comics-recommendations-2020,unresolved,,,
dc-monthly-comics-recommendations-2020-1899,dc-monthly-comics-recommendations-2020,unresolved,,,
dc-monthly-comics-recommendations-2020-1900,dc-monthly-comics-recommendations-2020,unresolved,,,
dc-monthly-comics-recommendations-2020-1901,dc-monthly-comics-recommendations-2020,unresolved,,,
dc-monthly-comics-recommendations-2020-1902,dc-monthly-comics-recommendations-2020,unresolved,,,
dc-monthly-comics-recommendations-2020-1903,dc-monthly-comics-recommendations-2020,unresolved,,,
dc-monthly-comics-recommendations-2020-1904,dc-monthly-comics-recommendations-2020,unresolved,,,
dc-monthly-comics-recommendations-2020-1905,dc-monthly-comics-recommendations-2020,unresolved,,,
dc-monthly-comics-recommendations-2020-1906,dc-monthly-comics-recommendations-2020,unresolved,,,
dc-monthly-comics-recommendations-2020-1907,dc-monthly-comics-recommendations-2020,unresolved,,,
dc-monthly-comics-recommendations-2020-1908,dc-monthly-comics-recommendations-2020,unresolved,,,
dc-monthly-comics-recommendations-2020-1909,dc-monthly-comics-recommendations-2020,unresolved,,,
dc-monthly-comics-recommendations-2020-1910,dc-monthly-comics-recommendations-2020,unresolved,,,
dc-monthly-comics-recommendations-2020-1911,dc-monthly-comics-recommendations-2020,unresolved,,,
dc-monthly-comics-recommendations-2020-1912,dc-monthly-comics-recommendations-2020,unresolved,,,
dc-monthly-comics-recommendations-2020-1913,dc-monthly-comics-recommendations-2020,unresolved,,,
dc-monthly-comics-recommendations-2020-1914,dc-monthly-comics-recommendations-2020,unresolved,,,
dc-monthly-comics-recommendations-2020-1915,dc-monthly-comics-recommendations-2020,unresolved,,,
dc-monthly-comics-recommendations-2020-1916,dc-monthly-comics-recommendations-2020,unresolved,,,
dc-monthly-comics-recommendations-2020-1917,dc-monthly-comics-recommendations-2020,unresolved,,,
dc-monthly-comics-recommendations-2020-1918,dc-monthly-comics-recommendations-2020,unresolved,,,
dc-monthly-comics-recommendations-2020-1919,dc-monthly-comics-recommendations-2020,unresolved,,,
dc-monthly-comics-recommendations-2020-1920,dc-monthly-comics-recommendations-2020,unresolved,,,
dc-monthly-comics-recommendations-2020-1921,dc-monthly-comics-recommendations-2020,unresolved,,,
dc-monthly-comics-recommendations-2020-1922,dc-monthly-comics-recommendations-2020,unresolved,,,
dc-monthly-comics-recommendations-2020-1923,dc-monthly-comics-recommendations-2020,unresolved,,,
dc-monthly-comics-recommendations-2020-1924,dc-monthly-comics-recommendations-2020,unresolved,,,
dc-monthly-comics-recommendations-2020-1925,dc-monthly-comics-recommendations-2020,unresolved,,,
dc-monthly-comics-recommendations-2020-1926,dc-monthly-comics-recommendations-2020,unresolved,,,
dc-monthly-comics-recommendations-2020-1927,dc-monthly-comics-recommendations-2020,unresolved,,,
dc-monthly-comics-recommendations-2020-1928,dc-monthly-comics-recommendations-2020,unresolved,,,
dc-monthly-comics-recommendations-2020-1929,dc-monthly-comics-recommendations-2020,unresolved,,,
dc-monthly-comics-recommendations-2020-1930,dc-monthly-comics-recommendations-2020,unresolved,,,
dc-monthly-comics-recommendations-2020-1931,dc-monthly-comics-recommendations-2020,unresolved,,,
dc-monthly-comics-recommendations-2020-1932,dc-monthly-comics-recommendations-2020,unresolved,,,
dc-monthly-comics-recommendations-2020-1933,dc-monthly-comics-recommendations-2020,unresolved,,,
dc-monthly-comics-recommendations-2020-1934,dc-monthly-comics-recommendations-2020,unresolved,,,
dc-monthly-comics-recommendations-2020-1935,dc-monthly-comics-recommendations-2020,unresolved,,,
dc-monthly-comics-recommendations-2020-1936,dc-monthly-comics-recommendations-2020,unresolved,,,
dc-monthly-comics-recommendations-2020-1937,dc-monthly-comics-recommendations-2020,unresolved,,,
dc-monthly-comics-recommendations-2020-1938,dc-monthly-comics-recommendations-2020,unresolved,,,
dc-monthly-comics-recommendations-2020-1939,dc-monthly-comics-recommendations-2020,unresolved,,,
dc-monthly-comics-recommendations-2020-1940,dc-monthly-comics-recommendations-2020,unresolved,,,
dc-monthly-comics-recommendations-2020-1941,dc-monthly-comics-recommendations-2020,unresolved,,,
dc-monthly-comics-recommendations-2020-1942,dc-monthly-comics-recommendations-2020,unresolved,,,
dc-monthly-comics-recommendations-2020-1943,dc-monthly-comics-recommendations-2020,unresolved,,,
dc-monthly-comics-recommendations-2020-1944,dc-monthly-comics-recommendations-2020,unresolved,,,
dc-monthly-comics-recommendations-2020-1945,dc-monthly-comics-recommendations-2020,unresolved,,,
dc-monthly-comics-recommendations-2020-1946,dc-monthly-comics-recommendations-2020,unresolved,,,
dc-monthly-comics-recommendations-2020-1947,dc-monthly-comics-recommendations-2020,unresolved,,,
dc-monthly-comics-recommendations-2020-1948,dc-monthly-comics-recommendations-2020,unresolved,,,
dc-monthly-comics-recommendations-2020-1949,dc-monthly-comics-recommendations-2020,unresolved,,,
dc-monthly-comics-recommendations-2020-1950,dc-monthly-comics-recommendations-2020,unresolved,,,
dc-monthly-comics-recommendations-2020-1951,dc-monthly-comics-recommendations-2020,unresolved,,,
dc-monthly-comics-recommendations-2020-1952,dc-monthly-comics-recommendations-2020,unresolved,,,
dc-monthly-comics-recommendations-2020-1953,dc-monthly-comics-recommendations-2020,unresolved,,,
dc-monthly-comics-recommendations-2020-1954,dc-monthly-comics-recommendations-2020,unresolved,,,
dc-monthly-comics-recommendations-2020-1955,dc-monthly-comics-recommendations-2020,unresolved,,,
dc-monthly-comics-recommendations-2020-1956,dc-monthly-comics-recommendations-2020,unresolved,,,
dc-monthly-comics-recommendations-2020-1957,dc-monthly-comics-recommendations-2020,unresolved,,,
dc-monthly-comics-recommendations-2020-1958,dc-monthly-comics-recommendations-2020,unresolved,,,
dc-monthly-comics-recommendations-2020-1959,dc-monthly-comics-recommendations-2020,unresolved,,,
dc-monthly-comics-recommendations-2020-1960,dc-monthly-comics-recommendations-2020,unresolved,,,
dc-monthly-comics-recommendations-2020-1961,dc-monthly-comics-recommendations-2020,unresolved,,,
dc-monthly-comics-recommendations-2020-1962,dc-monthly-comics-recommendations-2020,unresolved,,,
dc-monthly-comics-recommendations-2020-1963,dc-monthly-comics-recommendations-2020,unresolved,,,
dc-monthly-comics-recommendations-2020-1964,dc-monthly-comics-recommendations-2020,unresolved,,,
dc-monthly-comics-recommendations-2020-1965,dc-monthly-comics-recommendations-2020,unresolved,,,
dc-monthly-comics-recommendations-2020-1966,dc-monthly-comics-recommendations-2020,unresolved,,,
dc-monthly-comics-recommendations-2020-1967,dc-monthly-comics-recommendations-2020,unresolved,,,
dc-monthly-comics-recommendations-2020-1968,dc-monthly-comics-recommendations-2020,unresolved,,,
dc-monthly-comics-recommendations-2020-1969,dc-monthly-comics-recommendations-2020,unresolved,,,
dc-monthly-comics-recommendations-2020-1970,dc-monthly-comics-recommendations-2020,unresolved,,,
dc-monthly-comics-recommendations-2020-1971,dc-monthly-comics-recommendations-2020,unresolved,,,
dc-monthly-comics-recommendations-2020-1972,dc-monthly-comics-recommendations-2020,unresolved,,,
dc-monthly-comics-recommendations-2020-1973,dc-monthly-comics-recommendations-2020,unresolved,,,
dc-monthly-comics-recommendations-2020-1974,dc-monthly-comics-recommendations-2020,unresolved,,,
dc-monthly-comics-recommendations-2020-1975,dc-monthly-comics-recommendations-2020,unresolved,,,
dc-monthly-comics-recommendations-2020-1976,dc-monthly-comics-recommendations-2020,unresolved,,,
dc-monthly-comics-recommendations-2020-1977,dc-monthly-comics-recommendations-2020,unresolved,,,
dc-monthly-comics-recommendations-2020-1978,dc-monthly-comics-recommendations-2020,unresolved,,,
dc-monthly-comics-recommendations-2020-1979,dc-monthly-comics-recommendations-2020,unresolved,,,
dc-monthly-comics-recommendations-2020-1980,dc-monthly-comics-recommendations-2020,unresolved,,,
dc-monthly-comics-recommendations-2020-1981,dc-monthly-comics-recommendations-2020,unresolved,,,
dc-monthly-comics-recommendations-2020-1982,dc-monthly-comics-recommendations-2020,unresolved,,,
dc-monthly-comics-recommendations-2020-1983,dc-monthly-comics-recommendations-2020,unresolved,,,
dc-monthly-comics-recommendations-2020-1984,dc-monthly-comics-recommendations-2020,unresolved,,,
dc-monthly-comics-recommendations-2020-1985,dc-monthly-comics-recommendations-2020,unresolved,,,
dc-monthly-comics-recommendations-2020-1986,dc-monthly-comics-recommendations-2020,unresolved,,,
dc-monthly-comics-recommendations-2020-1987,dc-monthly-comics-recommendations-2020,unresolved,,,
dc-monthly-comics-recommendations-2020-1988,dc-monthly-comics-recommendations-2020,unresolved,,,
dc-monthly-comics-recommendations-2020-1989,dc-monthly-comics-recommendations-2020,unresolved,,,
dc-monthly-comics-recommendations-2020-1990,dc-monthly-comics-recommendations-2020,unresolved,,,
dc-monthly-comics-recommendations-2020-1991,dc-monthly-comics-recommendations-2020,unresolved,,,
dc-monthly-comics-recommendations-2020-1992,dc-monthly-comics-recommendations-2020,unresolved,,,
dc-monthly-comics-recommendations-2020-1993,dc-monthly-comics-recommendations-2020,unresolved,,,
dc-monthly-comics-recommendations-2020-1994,dc-monthly-comics-recommendations-2020,unresolved,,,
dc-monthly-comics-recommendations-2020-1995,dc-monthly-comics-recommendations-2020,unresolved,,,
dc-monthly-comics-recommendations-2020-1996,dc-monthly-comics-recommendations-2020,unresolved,,,
dc-monthly-comics-recommendations-2020-1997,dc-monthly-comics-recommendations-2020,unresolved,,,
dc-monthly-comics-recommendations-2020-1998,dc-monthly-comics-recommendations-2020,unresolved,,,
dc-monthly-comics-recommendations-2020-1999,dc-monthly-comics-recommendations-2020,unresolved,,,
dc-monthly-comics-recommendations-2020-2000,dc-monthly-comics-recommendations-2020,unresolved,,,
dc-monthly-comics-recommendations-2020-2001,dc-monthly-comics-recommendations-2020,unresolved,,,
dc-monthly-comics-recommendations-2020-2002,dc-monthly-comics-recommendations-2020,unresolved,,,
dc-monthly-comics-recommendations-2020-2003,dc-monthly-comics-recommendations-2020,unresolved,,,
dc-monthly-comics-recommendations-2020-2004,dc-monthly-comics-recommendations-2020,unresolved,,,
dc-monthly-comics-recommendations-2020-2005,dc-monthly-comics-recommendations-2020,unresolved,,,
konomanga-2020-ranking-01,konomanga-2020-ranking,included,candidate-088bd94cfdd1dd6e192d,spy-family,mapping-7c632d7a6f06f75ad04c
konomanga-2020-ranking-02,konomanga-2020-ranking,unresolved,,,
konomanga-2020-ranking-03,konomanga-2020-ranking,included,candidate-84a6a139c55f2760544e,work-84a6a139c55f2760544e,mapping-54c13f4dc352a32b9dea
konomanga-2020-ranking-04,konomanga-2020-ranking,included,candidate-9ad564d206d2c1a6c4ef,chainsaw-man,mapping-a91a71354eb2e30ab7aa
konomanga-2020-ranking-05,konomanga-2020-ranking,included,candidate-ced7a8e6d9c3b8147702,work-ced7a8e6d9c3b8147702,mapping-6df562007be25c90c174
konomanga-2020-ranking-06,konomanga-2020-ranking,included,candidate-ca2c6203e55caa0969f6,demon-slayer,mapping-cb430f0351c9d000d1dc
konomanga-2020-ranking-07,konomanga-2020-ranking,included,candidate-222504590507d3ab8093,work-222504590507d3ab8093,mapping-7b70ebfe73f18231b882
konomanga-2020-ranking-08,konomanga-2020-ranking,included,candidate-a0cf232c6e526adba12f,skip-and-loafer,mapping-a059c9354a7fd87a9a9f
konomanga-2020-ranking-09,konomanga-2020-ranking,unresolved,,,
konomanga-2020-ranking-10,konomanga-2020-ranking,included,candidate-70d47c2956fa70767164,work-70d47c2956fa70767164,mapping-bf98fc8b4caef76db81c
konomanga-2020-ranking-11,konomanga-2020-ranking,included,candidate-7d4568dcc8e9175d35ba,work-7d4568dcc8e9175d35ba,mapping-0231be13caba14b2716a
konomanga-2020-ranking-12,konomanga-2020-ranking,included,candidate-81c561ca6bb74a301cf8,work-81c561ca6bb74a301cf8,mapping-a9c2128b3c201b02b54e
konomanga-2020-ranking-13,konomanga-2020-ranking,included,candidate-36ad929401ae720a2c8c,work-36ad929401ae720a2c8c,mapping-3a3f56f02a6d7799feb9
konomanga-2020-ranking-14,konomanga-2020-ranking,included,candidate-58d26f92c06526c31c24,the-fable,mapping-05f228b900892881ea1a
konomanga-2020-ranking-15,konomanga-2020-ranking,included,candidate-4eda8d2a9b04837b0e29,blue-period,mapping-b33bec14d1c932b3cd2b
konomanga-2020-ranking-16,konomanga-2020-ranking,included,candidate-40ea287aae6305289cf6,work-40ea287aae6305289cf6,mapping-da32a48789a09240db19
konomanga-2020-ranking-17,konomanga-2020-ranking,included,candidate-27d993f99ff7042b5338,sweat-and-soap,mapping-4c343fc95f982a982521
konomanga-2020-ranking-18,konomanga-2020-ranking,unresolved,,,
konomanga-2020-ranking-19,konomanga-2020-ranking,unresolved,,,
konomanga-2020-ranking-20,konomanga-2020-ranking,included,candidate-2406b2ca910adb6c1d73,work-2406b2ca910adb6c1d73,mapping-148991031aff6826cf20
konomanga-2020-ranking-21,konomanga-2020-ranking,included,candidate-07ff2a01ef593ce2f809,work-07ff2a01ef593ce2f809,mapping-7f0c9552e8f9eb2f2f7a
konomanga-2020-ranking-22,konomanga-2020-ranking,included,candidate-7c8931bc010e2f28f7ec,work-7c8931bc010e2f28f7ec,mapping-73a436db673bfa5f69ef
konomanga-2020-ranking-23,konomanga-2020-ranking,included,candidate-9bd00739b995d84e2494,work-9bd00739b995d84e2494,mapping-3a2af03e23e68e452989
konomanga-2020-ranking-24,konomanga-2020-ranking,included,candidate-55d2c61694878eb046d5,mystery-to-iu-nakare,mapping-444d26e7f5e739e2734c
konomanga-2020-ranking-25,konomanga-2020-ranking,unresolved,,,
konomanga-2020-ranking-26,konomanga-2020-ranking,included,candidate-8ddcf8b988956bca92a4,work-8ddcf8b988956bca92a4,mapping-096458b6f647a73adb60
konomanga-2020-ranking-27,konomanga-2020-ranking,included,candidate-6b321bd2b9009a808456,work-6b321bd2b9009a808456,mapping-4646500f4f3c14786cba
konomanga-2020-ranking-28,konomanga-2020-ranking,unresolved,,,
konomanga-2020-ranking-29,konomanga-2020-ranking,included,candidate-7868798a4cb2b0d155ce,work-7868798a4cb2b0d155ce,mapping-baf755402ce49d3100f1
konomanga-2020-ranking-30,konomanga-2020-ranking,included,candidate-0153a125c5a56225b06c,work-0153a125c5a56225b06c,mapping-c15fb26fb8dfa7309240
konomanga-2020-ranking-31,konomanga-2020-ranking,included,candidate-daf65c6f2cce3e076dfa,work-daf65c6f2cce3e076dfa,mapping-c1cb260de019add91ece
konomanga-2020-ranking-32,konomanga-2020-ranking,unresolved,,,
konomanga-2020-ranking-33,konomanga-2020-ranking,included,candidate-3ad85a2ffdc026007d61,work-3ad85a2ffdc026007d61,mapping-d80f808396c4eacd616d
konomanga-2020-ranking-34,konomanga-2020-ranking,included,candidate-a4382c451f4eb3bf3995,work-a4382c451f4eb3bf3995,mapping-454c1dcd164ea9050fcf
konomanga-2020-ranking-35,konomanga-2020-ranking,included,candidate-8d07714ac462efd374de,a-condition-called-love,mapping-c538590f7b63166fc6ff
konomanga-2020-ranking-36,konomanga-2020-ranking,included,candidate-0bbd8ef182853cb7845f,work-0bbd8ef182853cb7845f,mapping-4f99fd106c7adb907790
konomanga-2020-ranking-37,konomanga-2020-ranking,included,candidate-bb69c71a844a88a47969,work-bb69c71a844a88a47969,mapping-b3447ea480fe559f6f96
konomanga-2020-ranking-38,konomanga-2020-ranking,unresolved,,,
konomanga-2020-ranking-39,konomanga-2020-ranking,included,candidate-9516d1ec3aa424e46828,work-9516d1ec3aa424e46828,mapping-ed42b765849aaa7f52b5
konomanga-2020-ranking-40,konomanga-2020-ranking,included,candidate-353df9f584c34ab01b56,work-353df9f584c34ab01b56,mapping-d4c66aba10e83ad80264
konomanga-2021-ranking-01,konomanga-2021-ranking,duplicate,candidate-9ad564d206d2c1a6c4ef,chainsaw-man,mapping-a8b6c3a079a186c3b115
konomanga-2021-ranking-02,konomanga-2021-ranking,unresolved,,,
konomanga-2021-ranking-03,konomanga-2021-ranking,included,candidate-c61aa83d0482e2863eb3,kowloon-generic-romance,mapping-c67e4893b4804348476f
konomanga-2021-ranking-04,konomanga-2021-ranking,duplicate,candidate-ced7a8e6d9c3b8147702,work-ced7a8e6d9c3b8147702,mapping-be56df5c48705f20a7a5
konomanga-2021-ranking-05,konomanga-2021-ranking,included,candidate-1c11c52424ffad601818,work-1c11c52424ffad601818,mapping-676f9cba5888d159cafd
konomanga-2021-ranking-06,konomanga-2021-ranking,included,candidate-dd82b7e95c3acd11d5b9,work-dd82b7e95c3acd11d5b9,mapping-cf5b124c77f0dcf376a5
konomanga-2021-ranking-07,konomanga-2021-ranking,included,candidate-c55467873ec70e670484,work-c55467873ec70e670484,mapping-3e8a5b673f32e33cbedd
konomanga-2021-ranking-08,konomanga-2021-ranking,included,candidate-3dfaf6231e21133620c6,work-3dfaf6231e21133620c6,mapping-ae0d570d104a0890eb37
konomanga-2021-ranking-09,konomanga-2021-ranking,duplicate,candidate-84a6a139c55f2760544e,work-84a6a139c55f2760544e,mapping-7dbc3f2b0bad5831ccb9
konomanga-2021-ranking-10,konomanga-2021-ranking,included,candidate-443783f31b5ba378f934,work-443783f31b5ba378f934,mapping-45f39673821607fe387c
konomanga-2021-ranking-11,konomanga-2021-ranking,included,candidate-d489f5a2229689aa5115,work-d489f5a2229689aa5115,mapping-27718ff00ad1dd193f00
konomanga-2021-ranking-12,konomanga-2021-ranking,included,candidate-540d5788c906bfcc7234,work-540d5788c906bfcc7234,mapping-222b2023350a64be3ee7
konomanga-2021-ranking-13,konomanga-2021-ranking,unresolved,,,
konomanga-2021-ranking-14,konomanga-2021-ranking,included,candidate-49e9ca0e255356cbf861,work-49e9ca0e255356cbf861,mapping-e35cacf4fb9847bea10c
konomanga-2021-ranking-15,konomanga-2021-ranking,included,candidate-c2df32661c0b925ff74f,work-c2df32661c0b925ff74f,mapping-896bef8c0e365ac86169
konomanga-2021-ranking-16,konomanga-2021-ranking,duplicate,candidate-55d2c61694878eb046d5,mystery-to-iu-nakare,mapping-7daa826ecab87e3b3c8d
konomanga-2021-ranking-17,konomanga-2021-ranking,unresolved,,,
konomanga-2021-ranking-18,konomanga-2021-ranking,included,candidate-7cdb366e7d6858c2f244,work-7cdb366e7d6858c2f244,mapping-7bf7e07dd6234a382c5d
konomanga-2021-ranking-19,konomanga-2021-ranking,unresolved,,,
konomanga-2021-ranking-20,konomanga-2021-ranking,included,candidate-c04f65770fcfd22abb9f,a-sign-of-affection,mapping-417fc52f3ef4e0d69b03
konomanga-2022-ranking-01,konomanga-2022-ranking,included,candidate-741deb03d9f59e723929,work-741deb03d9f59e723929,mapping-8df11902ee2517a600ac
konomanga-2022-ranking-02,konomanga-2022-ranking,unresolved,,,
konomanga-2022-ranking-03,konomanga-2022-ranking,included,candidate-23851cd7ccf1d0c676cc,work-23851cd7ccf1d0c676cc,mapping-09533606c9786fd24562
konomanga-2022-ranking-04,konomanga-2022-ranking,included,candidate-cdf549d4b1888153e146,work-cdf549d4b1888153e146,mapping-faf086260d5cee4ecb9d
konomanga-2022-ranking-05,konomanga-2022-ranking,included,candidate-50afa45b590e1bd55fa1,work-50afa45b590e1bd55fa1,mapping-797bf8089620dcb474c7
konomanga-2022-ranking-06,konomanga-2022-ranking,unresolved,,,
konomanga-2022-ranking-07,konomanga-2022-ranking,included,candidate-0029e59a039dce3f6e74,work-0029e59a039dce3f6e74,mapping-c70561f9b04ac5cee307
konomanga-2022-ranking-08,konomanga-2022-ranking,unresolved,,,
konomanga-2022-ranking-09,konomanga-2022-ranking,unresolved,,,
konomanga-2022-ranking-10,konomanga-2022-ranking,included,candidate-ae9ec8e0da7f3c8fa3c9,the-darwin-incident,mapping-89c936eadbe58e09dd78
konomanga-2022-ranking-11,konomanga-2022-ranking,included,candidate-3588928ab8f6a2520923,work-3588928ab8f6a2520923,mapping-7dde7dc65baf0bfd7765
konomanga-2022-ranking-12,konomanga-2022-ranking,included,candidate-a445f8af874d3f959800,she-loves-to-cook-and-she-loves-to-eat,mapping-2b0dd9fb5b276a569895
konomanga-2022-ranking-13,konomanga-2022-ranking,included,candidate-464322afcd10013437b9,work-464322afcd10013437b9,mapping-2148d50d7703e853f4cb
konomanga-2022-ranking-14,konomanga-2022-ranking,included,candidate-098b1781e14365eea667,work-098b1781e14365eea667,mapping-5c8fc26bdd35491ec2fc
konomanga-2022-ranking-15,konomanga-2022-ranking,duplicate,candidate-d489f5a2229689aa5115,work-d489f5a2229689aa5115,mapping-eb85375fa95fdccb5b3d
konomanga-2022-ranking-16,konomanga-2022-ranking,included,candidate-56e45e2dd0d00d5f24a8,work-56e45e2dd0d00d5f24a8,mapping-65129e2a47d7eb8decd6
konomanga-2022-ranking-17,konomanga-2022-ranking,included,candidate-9d04c47e7efbbbd8aca6,work-9d04c47e7efbbbd8aca6,mapping-04f89a55218adea8b8df
konomanga-2022-ranking-18,konomanga-2022-ranking,included,candidate-07dc759bd91e1cffb2df,work-07dc759bd91e1cffb2df,mapping-e2c86feb00b80531434b
konomanga-2022-ranking-19,konomanga-2022-ranking,included,candidate-c49988385e99e0ae7089,work-c49988385e99e0ae7089,mapping-66f3f8143d8e722ad8c5
konomanga-2022-ranking-20,konomanga-2022-ranking,duplicate,candidate-55d2c61694878eb046d5,mystery-to-iu-nakare,mapping-1b59c631c9c54463905f
konomanga-2023-ranking-01,konomanga-2023-ranking,included,candidate-bf93a2347af2a15a05d8,the-summer-hikaru-died,mapping-81ed0e8a444e638b02ed
konomanga-2023-ranking-02,konomanga-2023-ranking,included,candidate-eef84d07d90ba2b040cf,work-eef84d07d90ba2b040cf,mapping-79b5b9be82f0634ede14
konomanga-2023-ranking-03,konomanga-2023-ranking,included,candidate-ef1bdac46a0956a87f7f,work-ef1bdac46a0956a87f7f,mapping-8aa4ca246842783d4db6
konomanga-2023-ranking-04,konomanga-2023-ranking,unresolved,,,
konomanga-2023-ranking-05,konomanga-2023-ranking,included,candidate-3ba6e8e3cfdec674eae3,work-3ba6e8e3cfdec674eae3,mapping-dc30a7643e58a0a52201
konomanga-2023-ranking-06,konomanga-2023-ranking,included,candidate-e049c9aaf92ba31da8b0,work-e049c9aaf92ba31da8b0,mapping-91aadeb865b9b90b5bbe
konomanga-2023-ranking-07,konomanga-2023-ranking,included,candidate-98b7d2ef065bde405972,work-98b7d2ef065bde405972,mapping-87c7e1a842527e96b87f
konomanga-2023-ranking-08,konomanga-2023-ranking,included,candidate-c5b0930ce00dcf865406,one-piece,mapping-9386a92a60e1da6463ee
konomanga-2023-ranking-09,konomanga-2023-ranking,included,candidate-4c784fc78dfd9b139c3f,work-4c784fc78dfd9b139c3f,mapping-19c65906955b0eb4bf1b
konomanga-2023-ranking-10,konomanga-2023-ranking,unresolved,,,
konomanga-2023-ranking-11,konomanga-2023-ranking,included,candidate-b2c37bdb52e2a78dfd41,work-b2c37bdb52e2a78dfd41,mapping-abcdf39c980e1a5c96b4
konomanga-2023-ranking-12,konomanga-2023-ranking,included,candidate-fd37656c6eb89e1b49aa,work-fd37656c6eb89e1b49aa,mapping-82501ecdef420ae34294
konomanga-2023-ranking-13,konomanga-2023-ranking,included,candidate-2992c74ee206f4464282,work-2992c74ee206f4464282,mapping-60993dc2ff20475ec356
konomanga-2023-ranking-14,konomanga-2023-ranking,included,candidate-3e53b1ceec0685dea35f,work-3e53b1ceec0685dea35f,mapping-06132fe64d72f0391c99
konomanga-2023-ranking-15,konomanga-2023-ranking,included,candidate-0b92afe0c01f8d4aae42,work-0b92afe0c01f8d4aae42,mapping-8283b78d424a5adaea3e
konomanga-2023-ranking-16,konomanga-2023-ranking,duplicate,candidate-3588928ab8f6a2520923,work-3588928ab8f6a2520923,mapping-a4338750c62a866ab0cc
konomanga-2023-ranking-17,konomanga-2023-ranking,included,candidate-46c7a21a3bd83feda160,work-46c7a21a3bd83feda160,mapping-d5f9405066fdc66a8c83
konomanga-2023-ranking-18,konomanga-2023-ranking,included,candidate-dff3fc1e758a5b8b6ecd,work-dff3fc1e758a5b8b6ecd,mapping-d352b9d8071f97262a4a
konomanga-2023-ranking-19,konomanga-2023-ranking,included,candidate-197089286d30de82f9e9,work-197089286d30de82f9e9,mapping-f8ccf868a48b3169b07a
konomanga-2023-ranking-20,konomanga-2023-ranking,unresolved,,,
konomanga-2024-ranking-01,konomanga-2024-ranking,included,candidate-081e75d8bbc53ac64713,work-081e75d8bbc53ac64713,mapping-411780b7037d03b4082a
konomanga-2024-ranking-02,konomanga-2024-ranking,included,candidate-f8ba46fc19e6fbdda110,work-f8ba46fc19e6fbdda110,mapping-a460e2c9ceb79c797875
konomanga-2025-ranking-01,konomanga-2025-ranking,included,candidate-7730845c9cf7ba0cccc8,work-7730845c9cf7ba0cccc8,mapping-765624103e5e8dc3071c
konomanga-2025-ranking-02,konomanga-2025-ranking,included,candidate-44d0000353478596369e,work-44d0000353478596369e,mapping-7f8c45d3a3739357fed1
konomanga-2026-ranking-01,konomanga-2026-ranking,included,candidate-192cbecc59e9c028142b,work-192cbecc59e9c028142b,mapping-1d8fcafa64a57be914a4
konomanga-2026-ranking-02,konomanga-2026-ranking,unresolved,,,
tsugimanga-2015-comics-001,tsugimanga-2015-comics,included,candidate-bc030e8a35e7adf54ca6,my-hero-academia,mapping-9a50c7f586d0ff9d0f22
tsugimanga-2015-comics-002,tsugimanga-2015-comics,included,candidate-5b9a3ec60ac5fc90f444,work-5b9a3ec60ac5fc90f444,mapping-ae3c64980e3cbce3c71c
tsugimanga-2015-comics-003,tsugimanga-2015-comics,unresolved,,,
tsugimanga-2015-comics-004,tsugimanga-2015-comics,unresolved,,,
tsugimanga-2015-comics-005,tsugimanga-2015-comics,unresolved,,,
tsugimanga-2015-comics-006,tsugimanga-2015-comics,excluded-webtoon,,,exclusion-e81194e5a92bc5de4931
tsugimanga-2015-comics-007,tsugimanga-2015-comics,included,candidate-1e9c4852863a22bba058,work-1e9c4852863a22bba058,mapping-6bd83829c11c4c03c234
tsugimanga-2015-comics-008,tsugimanga-2015-comics,included,candidate-c70511031405e0fb5c11,work-c70511031405e0fb5c11,mapping-a6b807de922d381b2dff
tsugimanga-2015-comics-009,tsugimanga-2015-comics,included,candidate-49c0073fd735f54ab8e2,work-49c0073fd735f54ab8e2,mapping-0ec984398512591c6305
tsugimanga-2015-comics-010,tsugimanga-2015-comics,unresolved,,,
tsugimanga-2015-comics-011,tsugimanga-2015-comics,included,candidate-28defed571261aa35b6d,work-28defed571261aa35b6d,mapping-5466f23ec44ea10fd664
tsugimanga-2015-comics-012,tsugimanga-2015-comics,included,candidate-40b8c35b1d8c9a90144c,work-40b8c35b1d8c9a90144c,mapping-333b72c2e973a5c7475e
tsugimanga-2015-comics-013,tsugimanga-2015-comics,unresolved,,,
tsugimanga-2015-comics-014,tsugimanga-2015-comics,included,candidate-7abb6e8396c5e1252173,work-7abb6e8396c5e1252173,mapping-f71b95675aaa689d49b2
tsugimanga-2015-comics-015,tsugimanga-2015-comics,included,candidate-de79a9b387d5d292ed87,work-de79a9b387d5d292ed87,mapping-95bbe2f05b66de008908
tsugimanga-2015-comics-016,tsugimanga-2015-comics,included,candidate-b5c4007fad3d7bbd88e6,work-b5c4007fad3d7bbd88e6,mapping-325573490b636305bfa2
tsugimanga-2015-comics-017,tsugimanga-2015-comics,included,candidate-1b9fc6e13c87db1a08c4,work-1b9fc6e13c87db1a08c4,mapping-42a9bd6c9746340c3e6b
tsugimanga-2015-comics-018,tsugimanga-2015-comics,included,candidate-1a70124a59d668a19ee9,inuyashiki,mapping-54c0199aff0a46d5f15e
tsugimanga-2015-comics-019,tsugimanga-2015-comics,included,candidate-6a547c7beec7d7a73dc6,land-of-the-lustrous,mapping-5f5ebfab05318c17db4c
tsugimanga-2015-comics-020,tsugimanga-2015-comics,included,candidate-9894bab2657809d62a14,work-9894bab2657809d62a14,mapping-500951d9f88e5c3ca3c6
tsugimanga-2015-comics-021,tsugimanga-2015-comics,included,candidate-3713ab561de583d709bc,work-3713ab561de583d709bc,mapping-10dff6126f827d73cc1f
tsugimanga-2015-comics-022,tsugimanga-2015-comics,unresolved,,,
tsugimanga-2015-comics-023,tsugimanga-2015-comics,included,candidate-ad79d2d5274424ff238a,work-ad79d2d5274424ff238a,mapping-86d5d32b7f18f89be617
tsugimanga-2015-comics-024,tsugimanga-2015-comics,included,candidate-0f3a44f5dcab9623d1be,work-0f3a44f5dcab9623d1be,mapping-36332f98ba05d2751df8
tsugimanga-2015-comics-025,tsugimanga-2015-comics,included,candidate-174e7603bb0e71bb62ab,work-174e7603bb0e71bb62ab,mapping-cd78ca78e6825caa47e5
tsugimanga-2015-comics-026,tsugimanga-2015-comics,included,candidate-5b7cf2105a4bc6f6b46c,work-5b7cf2105a4bc6f6b46c,mapping-3af9c56523dd35e00c8f
tsugimanga-2015-comics-027,tsugimanga-2015-comics,included,candidate-f710745756d55f2d1e07,work-f710745756d55f2d1e07,mapping-03301630452b50386f34
tsugimanga-2015-comics-028,tsugimanga-2015-comics,included,candidate-a7c0f3d7b865ce623311,work-a7c0f3d7b865ce623311,mapping-e4125ad9da857833caaf
tsugimanga-2015-comics-029,tsugimanga-2015-comics,included,candidate-5ebbc9bede841d2faf7b,work-5ebbc9bede841d2faf7b,mapping-89c430e05f59340551fc
tsugimanga-2015-comics-030,tsugimanga-2015-comics,included,candidate-410ddd17b05e2f0f85d5,work-410ddd17b05e2f0f85d5,mapping-4a3a73c70bf442c2e208
tsugimanga-2015-comics-031,tsugimanga-2015-comics,included,candidate-f7a54aee2a05deb32185,work-f7a54aee2a05deb32185,mapping-a0933c5a0d93d76644cf
tsugimanga-2015-comics-032,tsugimanga-2015-comics,included,candidate-e658d3aee2e33c17aa38,work-e658d3aee2e33c17aa38,mapping-9506dd1d5c9d05623314
tsugimanga-2015-comics-033,tsugimanga-2015-comics,included,candidate-f133bdd6bef70b7542de,work-f133bdd6bef70b7542de,mapping-4f321b3a920be258f3f8
tsugimanga-2015-comics-034,tsugimanga-2015-comics,included,candidate-1d447cc9026b530fb53d,work-1d447cc9026b530fb53d,mapping-710f5acfcc1697e96628
tsugimanga-2015-comics-035,tsugimanga-2015-comics,included,candidate-8fc8b770bb4425310ce1,work-8fc8b770bb4425310ce1,mapping-8e8eb681ae9556821f36
tsugimanga-2015-comics-036,tsugimanga-2015-comics,included,candidate-f4bfc29a5e0a9b5148d0,work-f4bfc29a5e0a9b5148d0,mapping-099d023b7c6790ac40ae
tsugimanga-2015-comics-037,tsugimanga-2015-comics,included,candidate-f31a42ea4ad724acefa5,work-f31a42ea4ad724acefa5,mapping-485528ee438efd63dfe1
tsugimanga-2015-comics-038,tsugimanga-2015-comics,included,candidate-2f3c0cad1abdcbf5de00,the-full-time-wife-escapist,mapping-a656be85c3934da2bac1
tsugimanga-2015-comics-039,tsugimanga-2015-comics,included,candidate-a280377d41783aab421d,work-a280377d41783aab421d,mapping-a5326394a7ce98d8ac26
tsugimanga-2015-comics-040,tsugimanga-2015-comics,included,candidate-62e51d8166d487f9e6e3,work-62e51d8166d487f9e6e3,mapping-3a882d99b9af7e1f4c53
tsugimanga-2015-comics-041,tsugimanga-2015-comics,included,candidate-f59be454d59478f33914,work-f59be454d59478f33914,mapping-46492b6622cec60c2ea2
tsugimanga-2015-comics-042,tsugimanga-2015-comics,included,candidate-ee9548f201e9e0790e9d,work-ee9548f201e9e0790e9d,mapping-dd07d37311da3e552dc9
tsugimanga-2015-comics-043,tsugimanga-2015-comics,included,candidate-7d40d89092e9e0ee4973,work-7d40d89092e9e0ee4973,mapping-fd7caf2617fc335649dd
tsugimanga-2015-comics-044,tsugimanga-2015-comics,unresolved,,,
tsugimanga-2015-comics-045,tsugimanga-2015-comics,included,candidate-babec3af85aa4c567660,flying-witch,mapping-13983e7d61a3637ceb04
tsugimanga-2015-comics-046,tsugimanga-2015-comics,included,candidate-7b1d0ad37dd2fb2a8045,blue-giant,mapping-2b37a73887ed17499d90
tsugimanga-2015-comics-047,tsugimanga-2015-comics,included,candidate-d62b0b048a1c15384504,work-d62b0b048a1c15384504,mapping-10cf065a8728dcd314b0
tsugimanga-2015-comics-048,tsugimanga-2015-comics,included,candidate-2bf90cde47b156d1acb6,made-in-abyss,mapping-1816ac7f779d025789c5
tsugimanga-2015-comics-049,tsugimanga-2015-comics,included,candidate-836070f506081517dd6f,work-836070f506081517dd6f,mapping-758f73399da4d2202392
tsugimanga-2015-comics-050,tsugimanga-2015-comics,included,candidate-0d1ad77728a44df56508,work-0d1ad77728a44df56508,mapping-cf9aa8e9eb2b87f557ba
tsugimanga-2015-web-001,tsugimanga-2015-web,unresolved,,,
tsugimanga-2015-web-002,tsugimanga-2015-web,unresolved,,,
tsugimanga-2015-web-003,tsugimanga-2015-web,unresolved,,,
tsugimanga-2015-web-004,tsugimanga-2015-web,unresolved,,,
tsugimanga-2015-web-005,tsugimanga-2015-web,unresolved,,,
tsugimanga-2015-web-006,tsugimanga-2015-web,unresolved,,,
tsugimanga-2015-web-007,tsugimanga-2015-web,unresolved,,,
tsugimanga-2015-web-008,tsugimanga-2015-web,unresolved,,,
tsugimanga-2015-web-009,tsugimanga-2015-web,unresolved,,,
tsugimanga-2015-web-010,tsugimanga-2015-web,unresolved,,,
tsugimanga-2015-web-011,tsugimanga-2015-web,unresolved,,,
tsugimanga-2015-web-012,tsugimanga-2015-web,unresolved,,,
tsugimanga-2015-web-013,tsugimanga-2015-web,unresolved,,,
tsugimanga-2015-web-014,tsugimanga-2015-web,unresolved,,,
tsugimanga-2015-web-015,tsugimanga-2015-web,unresolved,,,
tsugimanga-2015-web-016,tsugimanga-2015-web,unresolved,,,
tsugimanga-2015-web-017,tsugimanga-2015-web,unresolved,,,
tsugimanga-2015-web-018,tsugimanga-2015-web,unresolved,,,
tsugimanga-2015-web-019,tsugimanga-2015-web,unresolved,,,
tsugimanga-2015-web-020,tsugimanga-2015-web,unresolved,,,
tsugimanga-2016-comics-001,tsugimanga-2016-comics,unresolved,,,
tsugimanga-2016-comics-002,tsugimanga-2016-comics,included,candidate-095c933ce9c1f7810f73,work-095c933ce9c1f7810f73,mapping-7864e3e7221db32f2535
tsugimanga-2016-comics-003,tsugimanga-2016-comics,included,candidate-3ac612ebf1b0ddf361dc,my-brothers-husband,mapping-26aeb9256e3f0eb26dd8
tsugimanga-2016-comics-004,tsugimanga-2016-comics,included,candidate-48a8cbb717b0f34ec6cd,work-48a8cbb717b0f34ec6cd,mapping-9eb08de1d690242f801d
tsugimanga-2016-comics-005,tsugimanga-2016-comics,unresolved,,,
tsugimanga-2016-comics-006,tsugimanga-2016-comics,included,candidate-d2f3c4dc5c7d4eb77b3b,work-d2f3c4dc5c7d4eb77b3b,mapping-453800138dfb038c10cf
tsugimanga-2016-comics-007,tsugimanga-2016-comics,duplicate,candidate-174e7603bb0e71bb62ab,work-174e7603bb0e71bb62ab,mapping-3fc31cf489cca3a9bdca
tsugimanga-2016-comics-008,tsugimanga-2016-comics,included,candidate-a82ab0cc2c3fb340283e,work-a82ab0cc2c3fb340283e,mapping-3dffc23f4eadc9a46650
tsugimanga-2016-comics-009,tsugimanga-2016-comics,duplicate,candidate-28defed571261aa35b6d,work-28defed571261aa35b6d,mapping-c12facd2fd8162c94b1d
tsugimanga-2016-comics-010,tsugimanga-2016-comics,included,candidate-2d87d6ab4eb3b879e39e,work-2d87d6ab4eb3b879e39e,mapping-0a6b7cd917ec12c808e0
tsugimanga-2016-comics-011,tsugimanga-2016-comics,included,candidate-8716f80d9b988bd0d055,work-8716f80d9b988bd0d055,mapping-9b04955679e3fc3e898a
tsugimanga-2016-comics-012,tsugimanga-2016-comics,included,candidate-72ee6d2155cd15987b6f,work-72ee6d2155cd15987b6f,mapping-0967b2abdbbf13b54fd4
tsugimanga-2016-comics-013,tsugimanga-2016-comics,included,candidate-aea730e4f15b395ca222,golden-kamuy,mapping-3167e007200efb72bd74
tsugimanga-2016-comics-014,tsugimanga-2016-comics,unresolved,,,
tsugimanga-2016-comics-015,tsugimanga-2016-comics,included,candidate-074fc9c731ab475eaebe,work-074fc9c731ab475eaebe,mapping-60ddc8c75c44d7c6b229
tsugimanga-2016-comics-016,tsugimanga-2016-comics,included,candidate-587a29e5d045707f9c8f,work-587a29e5d045707f9c8f,mapping-b7a4740b1fc37e89f7ca
tsugimanga-2016-comics-017,tsugimanga-2016-comics,included,candidate-9120d2a8575b5caa1a4a,work-9120d2a8575b5caa1a4a,mapping-edf74bf0f7d0c51e2b53
tsugimanga-2016-comics-018,tsugimanga-2016-comics,unresolved,,,
tsugimanga-2016-comics-019,tsugimanga-2016-comics,included,candidate-477a6d9e4194575e5a94,work-477a6d9e4194575e5a94,mapping-15a03d6f0b645bb24da8
tsugimanga-2016-comics-020,tsugimanga-2016-comics,included,candidate-93b6c8f8c485a4646900,work-93b6c8f8c485a4646900,mapping-11717b520c98f46ca4e1
tsugimanga-2016-comics-021,tsugimanga-2016-comics,unresolved,,,
tsugimanga-2016-comics-022,tsugimanga-2016-comics,included,candidate-e2f095e08fc5e08d5a2b,work-e2f095e08fc5e08d5a2b,mapping-8ff2306e7ffecfc39509
tsugimanga-2016-comics-023,tsugimanga-2016-comics,included,candidate-2f8f8ff0e042ac2e2f02,dungeon-meshi,mapping-87813ee153214aa223b4
tsugimanga-2016-comics-024,tsugimanga-2016-comics,included,candidate-4aa6564d790e9013b90f,work-4aa6564d790e9013b90f,mapping-7195d16e2d459ffa0252
tsugimanga-2016-comics-025,tsugimanga-2016-comics,duplicate,candidate-8fc8b770bb4425310ce1,work-8fc8b770bb4425310ce1,mapping-00759053362f5c30104f
tsugimanga-2016-comics-026,tsugimanga-2016-comics,duplicate,candidate-f4bfc29a5e0a9b5148d0,work-f4bfc29a5e0a9b5148d0,mapping-b197e7eb56f77ed4a4b3
tsugimanga-2016-comics-027,tsugimanga-2016-comics,unresolved,,,
tsugimanga-2016-comics-028,tsugimanga-2016-comics,included,candidate-a15b3e6abad9affdea74,work-a15b3e6abad9affdea74,mapping-658dbed6cbec59a50c34
tsugimanga-2016-comics-029,tsugimanga-2016-comics,included,candidate-680837b0db4ec9d2932c,work-680837b0db4ec9d2932c,mapping-c5e54e54c9909c23a1a3
tsugimanga-2016-comics-030,tsugimanga-2016-comics,included,candidate-094fec9e7639ddcbbc07,wave-listen-to-me,mapping-f3819b3fb951a6f77137
tsugimanga-2016-comics-031,tsugimanga-2016-comics,included,candidate-e99f152e90e3c541c48e,work-e99f152e90e3c541c48e,mapping-c38f7f516bbe13922b57
tsugimanga-2016-comics-032,tsugimanga-2016-comics,duplicate,candidate-f59be454d59478f33914,work-f59be454d59478f33914,mapping-c059ceac4931ee777b65
tsugimanga-2016-comics-033,tsugimanga-2016-comics,included,candidate-1416d5a9fd062e979aef,cells-at-work,mapping-4550c808459a3035e228
tsugimanga-2016-comics-034,tsugimanga-2016-comics,included,candidate-ec0ac27e8c084278c495,work-ec0ac27e8c084278c495,mapping-77cdccfab65b78809e88
tsugimanga-2016-comics-035,tsugimanga-2016-comics,unresolved,,,
tsugimanga-2016-comics-036,tsugimanga-2016-comics,included,candidate-369c7c1517af225b19be,work-369c7c1517af225b19be,mapping-eb318815d2e504a52ef4
tsugimanga-2016-comics-037,tsugimanga-2016-comics,included,candidate-6211b89f08ade71fa522,isabella-bird-in-wonderland,mapping-037eccfcec651aa8018b
tsugimanga-2016-comics-038,tsugimanga-2016-comics,unresolved,,,
tsugimanga-2016-comics-039,tsugimanga-2016-comics,included,candidate-ffb453ad9c40789b5d94,work-ffb453ad9c40789b5d94,mapping-9f6385081a186ac03fb7
tsugimanga-2016-comics-040,tsugimanga-2016-comics,included,candidate-1c78f22da99c77aca86d,work-1c78f22da99c77aca86d,mapping-22d416b76b6930d14640
tsugimanga-2016-comics-041,tsugimanga-2016-comics,unresolved,,,
tsugimanga-2016-comics-042,tsugimanga-2016-comics,included,candidate-0dabd1d17e5fcf2992b9,work-0dabd1d17e5fcf2992b9,mapping-ab083dbbbca34096b2e0
tsugimanga-2016-comics-043,tsugimanga-2016-comics,included,candidate-c2d28d298730bdf6ee33,work-c2d28d298730bdf6ee33,mapping-2e1121f3e7c01df7af5a
tsugimanga-2016-comics-044,tsugimanga-2016-comics,included,candidate-24e49de317a49e2761f1,work-24e49de317a49e2761f1,mapping-65c60b1efca5591cfee5
tsugimanga-2016-comics-045,tsugimanga-2016-comics,included,candidate-b0baba6c795643b1db91,work-b0baba6c795643b1db91,mapping-44755e147b4a4c3298f4
tsugimanga-2016-comics-046,tsugimanga-2016-comics,included,candidate-1fc2f51ba7317524f8ab,work-1fc2f51ba7317524f8ab,mapping-fd958c704249ba3e540d
tsugimanga-2016-comics-047,tsugimanga-2016-comics,unresolved,,,
tsugimanga-2016-comics-048,tsugimanga-2016-comics,unresolved,,,
tsugimanga-2016-comics-049,tsugimanga-2016-comics,included,candidate-ea43de2c72ebf3a1f7a2,work-ea43de2c72ebf3a1f7a2,mapping-523b848ca5f8e966819d
tsugimanga-2016-comics-050,tsugimanga-2016-comics,included,candidate-202aaafe7b597ec4e0dd,work-202aaafe7b597ec4e0dd,mapping-d2cbb6734a2f2371a684
tsugimanga-2016-web-001,tsugimanga-2016-web,unresolved,,,
tsugimanga-2016-web-002,tsugimanga-2016-web,unresolved,,,
tsugimanga-2016-web-003,tsugimanga-2016-web,unresolved,,,
tsugimanga-2016-web-004,tsugimanga-2016-web,unresolved,,,
tsugimanga-2016-web-005,tsugimanga-2016-web,unresolved,,,
tsugimanga-2016-web-006,tsugimanga-2016-web,unresolved,,,
tsugimanga-2016-web-007,tsugimanga-2016-web,unresolved,,,
tsugimanga-2016-web-008,tsugimanga-2016-web,unresolved,,,
tsugimanga-2016-web-009,tsugimanga-2016-web,unresolved,,,
tsugimanga-2016-web-010,tsugimanga-2016-web,unresolved,,,
tsugimanga-2016-web-011,tsugimanga-2016-web,unresolved,,,
tsugimanga-2016-web-012,tsugimanga-2016-web,unresolved,,,
tsugimanga-2016-web-013,tsugimanga-2016-web,unresolved,,,
tsugimanga-2016-web-014,tsugimanga-2016-web,unresolved,,,
tsugimanga-2016-web-015,tsugimanga-2016-web,unresolved,,,
tsugimanga-2016-web-016,tsugimanga-2016-web,unresolved,,,
tsugimanga-2016-web-017,tsugimanga-2016-web,unresolved,,,
tsugimanga-2016-web-018,tsugimanga-2016-web,unresolved,,,
tsugimanga-2016-web-019,tsugimanga-2016-web,unresolved,,,
tsugimanga-2016-web-020,tsugimanga-2016-web,unresolved,,,
tsugimanga-2016-web-021,tsugimanga-2016-web,unresolved,,,
tsugimanga-2016-web-022,tsugimanga-2016-web,unresolved,,,
tsugimanga-2016-web-023,tsugimanga-2016-web,unresolved,,,
tsugimanga-2016-web-024,tsugimanga-2016-web,unresolved,,,
tsugimanga-2016-web-025,tsugimanga-2016-web,unresolved,,,
tsugimanga-2016-web-026,tsugimanga-2016-web,unresolved,,,
tsugimanga-2016-web-027,tsugimanga-2016-web,unresolved,,,
tsugimanga-2016-web-028,tsugimanga-2016-web,unresolved,,,
tsugimanga-2016-web-029,tsugimanga-2016-web,unresolved,,,
tsugimanga-2016-web-030,tsugimanga-2016-web,unresolved,,,
tsugimanga-2017-comics-001,tsugimanga-2017-comics,included,candidate-b96ddda6b8c1e557a1aa,work-b96ddda6b8c1e557a1aa,mapping-75e0fc26f9cfb387ada4
tsugimanga-2017-comics-002,tsugimanga-2017-comics,included,candidate-04d912698ec64a30c2d7,work-04d912698ec64a30c2d7,mapping-98b2d4b9e56a27358a6e
tsugimanga-2017-comics-003,tsugimanga-2017-comics,included,candidate-bc7561b3680492d55be9,work-bc7561b3680492d55be9,mapping-93af05f98ee7052b6077
tsugimanga-2017-comics-004,tsugimanga-2017-comics,included,candidate-fb53bae7bc355ba77b94,work-fb53bae7bc355ba77b94,mapping-66bfaf23b991b5572f08
tsugimanga-2017-comics-005,tsugimanga-2017-comics,included,candidate-ec7cdc3a358aff954a42,work-ec7cdc3a358aff954a42,mapping-5e2e0640332738619b07
tsugimanga-2017-comics-006,tsugimanga-2017-comics,included,candidate-de0d02d31acb2fc61560,work-de0d02d31acb2fc61560,mapping-8285aae233e08745c165
tsugimanga-2017-comics-007,tsugimanga-2017-comics,included,candidate-2ce2dc417dca4bc939fa,work-2ce2dc417dca4bc939fa,mapping-618b7af658b281a80cdd
tsugimanga-2017-comics-008,tsugimanga-2017-comics,included,candidate-5fc6b29f8e4455352ccf,work-5fc6b29f8e4455352ccf,mapping-e33a1452c88c9fa004f0
tsugimanga-2017-comics-009,tsugimanga-2017-comics,included,candidate-9ce9f67dfe1aef833c70,work-9ce9f67dfe1aef833c70,mapping-c0d00da9057b1c5f2476
tsugimanga-2017-comics-010,tsugimanga-2017-comics,included,candidate-b3038bdbf0c923d2df63,work-b3038bdbf0c923d2df63,mapping-91285bae9763009ea7a2
tsugimanga-2017-comics-011,tsugimanga-2017-comics,included,candidate-288350bffa05c3bc10da,work-288350bffa05c3bc10da,mapping-a13da485617d49717f31
tsugimanga-2017-comics-012,tsugimanga-2017-comics,unresolved,,,
tsugimanga-2017-comics-013,tsugimanga-2017-comics,included,candidate-85537f2c2ef9b2234110,work-85537f2c2ef9b2234110,mapping-b8132bf4f4e0caf8d1ed
tsugimanga-2017-comics-014,tsugimanga-2017-comics,included,candidate-afe85672c12153071644,work-afe85672c12153071644,mapping-0d79c651745cdee3ff91
tsugimanga-2017-comics-015,tsugimanga-2017-comics,included,candidate-f6cddc6b36f20bd0cc74,work-f6cddc6b36f20bd0cc74,mapping-064ac3a00d2c2552654a
tsugimanga-2017-comics-016,tsugimanga-2017-comics,included,candidate-0f6261e1019b8a8021b7,work-0f6261e1019b8a8021b7,mapping-1fa0da3bc652d98f7669
tsugimanga-2017-comics-017,tsugimanga-2017-comics,included,candidate-98626de1d3e25186d1bb,work-98626de1d3e25186d1bb,mapping-5d9a5ceca623cc06a3ef
tsugimanga-2017-comics-018,tsugimanga-2017-comics,included,candidate-55e3193c95b2f4c2e944,work-55e3193c95b2f4c2e944,mapping-fa2a647640a2745abd6c
tsugimanga-2017-comics-019,tsugimanga-2017-comics,unresolved,,,
tsugimanga-2017-comics-020,tsugimanga-2017-comics,included,candidate-2d99fb3c7efc4377b312,work-2d99fb3c7efc4377b312,mapping-b697ec5200bf19adecdc
tsugimanga-2017-comics-021,tsugimanga-2017-comics,included,candidate-57f00e4a2130d5a0fa70,work-57f00e4a2130d5a0fa70,mapping-c5e02697906a80ea9be3
tsugimanga-2017-comics-022,tsugimanga-2017-comics,included,candidate-baf3c9c7f657242aa194,work-baf3c9c7f657242aa194,mapping-fdb026234804bd91b94b
tsugimanga-2017-comics-023,tsugimanga-2017-comics,included,candidate-5394728c1ca244a0567a,work-5394728c1ca244a0567a,mapping-1f3b823db9e59a46b88e
tsugimanga-2017-comics-024,tsugimanga-2017-comics,included,candidate-3dddaeba8c4caecd74cb,work-3dddaeba8c4caecd74cb,mapping-65af0cd9d514cddd631c
tsugimanga-2017-comics-025,tsugimanga-2017-comics,included,candidate-15e295e52c5c6be6a649,work-15e295e52c5c6be6a649,mapping-7e812bc08f154df16de5
tsugimanga-2017-comics-026,tsugimanga-2017-comics,included,candidate-5579a3b5321f874d6c14,work-5579a3b5321f874d6c14,mapping-d18f1507494082987e1c
tsugimanga-2017-comics-027,tsugimanga-2017-comics,included,candidate-f67b1bdb544a914684ce,work-f67b1bdb544a914684ce,mapping-b16eadc2e7c82441cc60
tsugimanga-2017-comics-028,tsugimanga-2017-comics,included,candidate-a8d81d3c3d25b6b4a8c9,that-time-i-got-reincarnated-as-a-slime,mapping-59831538f5c944cde6b3
tsugimanga-2017-comics-029,tsugimanga-2017-comics,included,candidate-41c84778af2d8cd376f2,dr-stone,mapping-b6beb9329bd450070ae7
tsugimanga-2017-comics-030,tsugimanga-2017-comics,included,candidate-d8c9332f72cbd7ef328f,work-d8c9332f72cbd7ef328f,mapping-f5f7a3a4c70431bae627
tsugimanga-2017-comics-031,tsugimanga-2017-comics,included,candidate-8d6ba69eb9d5b3583c3e,witch-hat-atelier,mapping-2dcea97cced230ad723f
tsugimanga-2017-comics-032,tsugimanga-2017-comics,included,candidate-1e247ae03a8ffdd85abf,work-1e247ae03a8ffdd85abf,mapping-e4bd5a7068c6fd53cd0b
tsugimanga-2017-comics-033,tsugimanga-2017-comics,included,candidate-be1ed2eccb1bdce989bd,work-be1ed2eccb1bdce989bd,mapping-2fe3d61feb13d00b3cd3
tsugimanga-2017-comics-034,tsugimanga-2017-comics,included,candidate-31585766568765ca238d,work-31585766568765ca238d,mapping-2608102a5180e2f18582
tsugimanga-2017-comics-035,tsugimanga-2017-comics,included,candidate-91c5f2bf8e844a340b1c,work-91c5f2bf8e844a340b1c,mapping-a3715064a0c2e14c26bc
tsugimanga-2017-comics-036,tsugimanga-2017-comics,included,candidate-65c2c6157aa1dc8dd746,work-65c2c6157aa1dc8dd746,mapping-e78e68f21fbdbb3ac584
tsugimanga-2017-comics-037,tsugimanga-2017-comics,included,candidate-0ede6921b81169dc2dda,work-0ede6921b81169dc2dda,mapping-c9a9bb1b741ccfb76d2e
tsugimanga-2017-comics-038,tsugimanga-2017-comics,included,candidate-8b620746045c3e21d13f,work-8b620746045c3e21d13f,mapping-ce1afb7322048a750676
tsugimanga-2017-comics-039,tsugimanga-2017-comics,included,candidate-e0f7aea6f7815787b48f,work-e0f7aea6f7815787b48f,mapping-bd23e61e32b3a7bd5096
tsugimanga-2017-comics-040,tsugimanga-2017-comics,included,candidate-875336d3e6c905047559,work-875336d3e6c905047559,mapping-5fe8635f2a71c8b33884
tsugimanga-2017-comics-041,tsugimanga-2017-comics,included,candidate-7e0e632e10e28480f1d6,work-7e0e632e10e28480f1d6,mapping-b1d459d68ad0eed499f7
tsugimanga-2017-comics-042,tsugimanga-2017-comics,included,candidate-e83b8d9f87953ddd20fd,work-e83b8d9f87953ddd20fd,mapping-a226311fcaa73550c6d2
tsugimanga-2017-comics-043,tsugimanga-2017-comics,included,candidate-75d52ca8274d4d075969,work-75d52ca8274d4d075969,mapping-6f1827c185bafcfa2901
tsugimanga-2017-comics-044,tsugimanga-2017-comics,included,candidate-bdd1eac9ae8471a4dbbc,work-bdd1eac9ae8471a4dbbc,mapping-094d86beb0a61a9b0f48
tsugimanga-2017-comics-045,tsugimanga-2017-comics,included,candidate-2ca9296a0a38d5df250a,work-2ca9296a0a38d5df250a,mapping-9a74ce169019ebb9b0c4
tsugimanga-2017-comics-046,tsugimanga-2017-comics,included,candidate-643cd4bcff411fdc670a,promised-neverland,mapping-5ef15076501978d9011f
tsugimanga-2017-comics-047,tsugimanga-2017-comics,included,candidate-d8a87d01c1f35d58e791,work-d8a87d01c1f35d58e791,mapping-93ef71ac64c781dd9fd9
tsugimanga-2017-comics-048,tsugimanga-2017-comics,included,candidate-5f23f28d04aaeed489cc,work-5f23f28d04aaeed489cc,mapping-5a2e4c0116a281044710
tsugimanga-2017-comics-049,tsugimanga-2017-comics,included,candidate-07faf4019b12de5e877d,work-07faf4019b12de5e877d,mapping-4f1380b642b7d6c15fce
tsugimanga-2017-comics-050,tsugimanga-2017-comics,included,candidate-edc3e1cd9b365568bf18,work-edc3e1cd9b365568bf18,mapping-8f38b2214d7a0443606a
tsugimanga-2017-web-001,tsugimanga-2017-web,unresolved,,,
tsugimanga-2017-web-002,tsugimanga-2017-web,unresolved,,,
tsugimanga-2017-web-003,tsugimanga-2017-web,unresolved,,,
tsugimanga-2017-web-004,tsugimanga-2017-web,unresolved,,,
tsugimanga-2017-web-005,tsugimanga-2017-web,unresolved,,,
tsugimanga-2017-web-006,tsugimanga-2017-web,unresolved,,,
tsugimanga-2017-web-007,tsugimanga-2017-web,unresolved,,,
tsugimanga-2017-web-008,tsugimanga-2017-web,unresolved,,,
tsugimanga-2017-web-009,tsugimanga-2017-web,unresolved,,,
tsugimanga-2017-web-010,tsugimanga-2017-web,unresolved,,,
tsugimanga-2017-web-011,tsugimanga-2017-web,unresolved,,,
tsugimanga-2017-web-012,tsugimanga-2017-web,unresolved,,,
tsugimanga-2017-web-013,tsugimanga-2017-web,unresolved,,,
tsugimanga-2017-web-014,tsugimanga-2017-web,unresolved,,,
tsugimanga-2017-web-015,tsugimanga-2017-web,unresolved,,,
tsugimanga-2017-web-016,tsugimanga-2017-web,unresolved,,,
tsugimanga-2017-web-017,tsugimanga-2017-web,unresolved,,,
tsugimanga-2017-web-018,tsugimanga-2017-web,unresolved,,,
tsugimanga-2017-web-019,tsugimanga-2017-web,unresolved,,,
tsugimanga-2017-web-020,tsugimanga-2017-web,unresolved,,,
tsugimanga-2017-web-021,tsugimanga-2017-web,unresolved,,,
tsugimanga-2017-web-022,tsugimanga-2017-web,unresolved,,,
tsugimanga-2017-web-023,tsugimanga-2017-web,unresolved,,,
tsugimanga-2017-web-024,tsugimanga-2017-web,unresolved,,,
tsugimanga-2017-web-025,tsugimanga-2017-web,unresolved,,,
tsugimanga-2017-web-026,tsugimanga-2017-web,unresolved,,,
tsugimanga-2017-web-027,tsugimanga-2017-web,unresolved,,,
tsugimanga-2017-web-028,tsugimanga-2017-web,unresolved,,,
tsugimanga-2017-web-029,tsugimanga-2017-web,unresolved,,,
tsugimanga-2017-web-030,tsugimanga-2017-web,unresolved,,,
tsugimanga-2017-web-031,tsugimanga-2017-web,unresolved,,,
tsugimanga-2017-web-032,tsugimanga-2017-web,unresolved,,,
tsugimanga-2017-web-033,tsugimanga-2017-web,unresolved,,,
tsugimanga-2017-web-034,tsugimanga-2017-web,unresolved,,,
tsugimanga-2017-web-035,tsugimanga-2017-web,unresolved,,,
tsugimanga-2017-web-036,tsugimanga-2017-web,unresolved,,,
tsugimanga-2017-web-037,tsugimanga-2017-web,unresolved,,,
tsugimanga-2017-web-038,tsugimanga-2017-web,unresolved,,,
tsugimanga-2017-web-039,tsugimanga-2017-web,unresolved,,,
tsugimanga-2017-web-040,tsugimanga-2017-web,unresolved,,,
tsugimanga-2017-web-041,tsugimanga-2017-web,unresolved,,,
tsugimanga-2017-web-042,tsugimanga-2017-web,unresolved,,,
tsugimanga-2017-web-043,tsugimanga-2017-web,unresolved,,,
tsugimanga-2017-web-044,tsugimanga-2017-web,unresolved,,,
tsugimanga-2017-web-045,tsugimanga-2017-web,unresolved,,,
tsugimanga-2017-web-046,tsugimanga-2017-web,unresolved,,,
tsugimanga-2017-web-047,tsugimanga-2017-web,unresolved,,,
tsugimanga-2017-web-048,tsugimanga-2017-web,unresolved,,,
tsugimanga-2017-web-049,tsugimanga-2017-web,unresolved,,,
tsugimanga-2017-web-050,tsugimanga-2017-web,unresolved,,,
tsugimanga-2018-comics-001,tsugimanga-2018-comics,included,candidate-928f5f27dd2e86b92046,work-928f5f27dd2e86b92046,mapping-efe97e74f51bd191e838
tsugimanga-2018-comics-002,tsugimanga-2018-comics,included,candidate-119459d8de20ac5f45bd,work-119459d8de20ac5f45bd,mapping-bf02b56aff7903136e5f
tsugimanga-2018-comics-003,tsugimanga-2018-comics,duplicate,candidate-ec7cdc3a358aff954a42,work-ec7cdc3a358aff954a42,mapping-332fd73aecdb2955e8de
tsugimanga-2018-comics-004,tsugimanga-2018-comics,included,candidate-c3b522b077189878e8ab,work-c3b522b077189878e8ab,mapping-4439cfa2f097e29385f4
tsugimanga-2018-comics-005,tsugimanga-2018-comics,included,candidate-40de71c8144aa7fbcdc2,work-40de71c8144aa7fbcdc2,mapping-02b97abe934c6c115d9a
tsugimanga-2018-comics-006,tsugimanga-2018-comics,included,candidate-3cea8a1539dae6f10b92,work-3cea8a1539dae6f10b92,mapping-b8ee59a7cf2786d70c56
tsugimanga-2018-comics-007,tsugimanga-2018-comics,included,candidate-9711cfc35c4941e50948,work-9711cfc35c4941e50948,mapping-da7c57d2668744288490
tsugimanga-2018-comics-008,tsugimanga-2018-comics,unresolved,,,
tsugimanga-2018-comics-009,tsugimanga-2018-comics,included,candidate-3554ea574c5df1360e59,work-3554ea574c5df1360e59,mapping-4e911043bf6f3e5c8636
tsugimanga-2018-comics-010,tsugimanga-2018-comics,included,candidate-6f849a8e785deee3d5dc,work-6f849a8e785deee3d5dc,mapping-d466f248f3ccd53e806e
tsugimanga-2018-comics-011,tsugimanga-2018-comics,unresolved,,,
tsugimanga-2018-comics-012,tsugimanga-2018-comics,included,candidate-716101e001160197c4f5,work-716101e001160197c4f5,mapping-45b4fc917be38f68d4f5
tsugimanga-2018-comics-013,tsugimanga-2018-comics,included,candidate-e81955a9fc5c4d84580f,work-e81955a9fc5c4d84580f,mapping-16634315bff718b2ca5c
tsugimanga-2018-comics-014,tsugimanga-2018-comics,included,candidate-b030f64d25c6108129bb,work-b030f64d25c6108129bb,mapping-37760ba7829fc8e34078
tsugimanga-2018-comics-015,tsugimanga-2018-comics,included,candidate-ba0f61184218109003a3,work-ba0f61184218109003a3,mapping-c6e9d90327ae98698454
tsugimanga-2018-comics-016,tsugimanga-2018-comics,included,candidate-2c46bb51f0e0acb08032,work-2c46bb51f0e0acb08032,mapping-21399351e80a8f0eef4a
tsugimanga-2018-comics-017,tsugimanga-2018-comics,included,candidate-5340c060bb9129c1df57,work-5340c060bb9129c1df57,mapping-b66f044f44234549087f
tsugimanga-2018-comics-018,tsugimanga-2018-comics,included,candidate-c93dbd250009ef690967,work-c93dbd250009ef690967,mapping-6a1b1f1f33749173949a
tsugimanga-2018-comics-019,tsugimanga-2018-comics,included,candidate-455287a82f4ea63ec542,work-455287a82f4ea63ec542,mapping-be94cfbdb0f3d6cef436
tsugimanga-2018-comics-020,tsugimanga-2018-comics,included,candidate-9723a4d0d9f4a17839d1,work-9723a4d0d9f4a17839d1,mapping-31514fb23d4374fd0f75
tsugimanga-2018-comics-021,tsugimanga-2018-comics,included,candidate-21e8dd86e844f3e1b82d,work-21e8dd86e844f3e1b82d,mapping-0d5ce8e7c26eb68d0189
tsugimanga-2018-comics-022,tsugimanga-2018-comics,included,candidate-ae0ac8a5acfc5fbb7dd6,work-ae0ac8a5acfc5fbb7dd6,mapping-20840e51402b4147a368
tsugimanga-2018-comics-023,tsugimanga-2018-comics,included,candidate-ad594a078835b140605a,jujutsu-kaisen,mapping-fbc674e301e550e4a639
tsugimanga-2018-comics-024,tsugimanga-2018-comics,duplicate,candidate-2d99fb3c7efc4377b312,work-2d99fb3c7efc4377b312,mapping-0b81434a2bb7befdaa28
tsugimanga-2018-comics-025,tsugimanga-2018-comics,included,candidate-6b8424158349822ebb55,work-6b8424158349822ebb55,mapping-cd57ef5c5cbfeb1d56fb
tsugimanga-2018-comics-026,tsugimanga-2018-comics,included,candidate-8560165a6f5cae8bba3d,work-8560165a6f5cae8bba3d,mapping-efba99fd71709f9ce29a
tsugimanga-2018-comics-027,tsugimanga-2018-comics,included,candidate-9014e740e708fed37580,work-9014e740e708fed37580,mapping-22d083fc82097ed7e5fd
tsugimanga-2018-comics-028,tsugimanga-2018-comics,included,candidate-d6055c4ac46022025318,work-d6055c4ac46022025318,mapping-b192e91ed6551fbd66b0
tsugimanga-2018-comics-029,tsugimanga-2018-comics,duplicate,candidate-41c84778af2d8cd376f2,dr-stone,mapping-5ce0780eb5bd4ec4113a
tsugimanga-2018-comics-030,tsugimanga-2018-comics,included,candidate-7975d62582a89492a35f,work-7975d62582a89492a35f,mapping-a4d612c2620d99a18b92
tsugimanga-2018-comics-031,tsugimanga-2018-comics,included,candidate-4e0f63e18e219a3dfe32,work-4e0f63e18e219a3dfe32,mapping-87d88aad81f53c130e91
tsugimanga-2018-comics-032,tsugimanga-2018-comics,unresolved,,,
tsugimanga-2018-comics-033,tsugimanga-2018-comics,included,candidate-d632d9b81e434f450529,work-d632d9b81e434f450529,mapping-3a5d42f4374e18934448
tsugimanga-2018-comics-034,tsugimanga-2018-comics,included,candidate-01521fffc812e9b304e1,work-01521fffc812e9b304e1,mapping-f48a6433cd1c9452c068
tsugimanga-2018-comics-035,tsugimanga-2018-comics,included,candidate-ab51f5d655622c574dce,work-ab51f5d655622c574dce,mapping-8119eccdcf294e73b695
tsugimanga-2018-comics-036,tsugimanga-2018-comics,included,candidate-994f45d756b4055ece27,work-994f45d756b4055ece27,mapping-20cc294c5788dcf28692
tsugimanga-2018-comics-037,tsugimanga-2018-comics,included,candidate-aea8c87edc086fa7ea0e,work-aea8c87edc086fa7ea0e,mapping-21ff6e50f789c5453617
tsugimanga-2018-comics-038,tsugimanga-2018-comics,duplicate,candidate-4eda8d2a9b04837b0e29,blue-period,mapping-c6fc8dab84f37fdbe64f
tsugimanga-2018-comics-039,tsugimanga-2018-comics,included,candidate-e76e62a846260dc04914,work-e76e62a846260dc04914,mapping-d89d6a10946c6fe1df08
tsugimanga-2018-comics-040,tsugimanga-2018-comics,included,candidate-365fa509b829e420807e,work-365fa509b829e420807e,mapping-7d46b799fbfb5279a89e
tsugimanga-2018-comics-041,tsugimanga-2018-comics,included,candidate-4da37cd884e6077f2072,work-4da37cd884e6077f2072,mapping-bcdea4579ebf9d25be25
tsugimanga-2018-comics-042,tsugimanga-2018-comics,included,candidate-8ec826c0db13f6e71c64,work-8ec826c0db13f6e71c64,mapping-43d8a006550252d4623e
tsugimanga-2018-comics-043,tsugimanga-2018-comics,included,candidate-90a48d5d64cffbc5cfa2,work-90a48d5d64cffbc5cfa2,mapping-32500b6c007ce18c30d0
tsugimanga-2018-comics-044,tsugimanga-2018-comics,duplicate,candidate-7e0e632e10e28480f1d6,work-7e0e632e10e28480f1d6,mapping-1605ed596a4cfeb3054c
tsugimanga-2018-comics-045,tsugimanga-2018-comics,included,candidate-9ee686214ab1d0d4c8fc,work-9ee686214ab1d0d4c8fc,mapping-adef6094fb6cb00b63c3
tsugimanga-2018-comics-046,tsugimanga-2018-comics,included,candidate-1c3e79210ad2ec6fe4ff,work-1c3e79210ad2ec6fe4ff,mapping-ef822a663146256044de
tsugimanga-2018-comics-047,tsugimanga-2018-comics,included,candidate-bd5c323a3dbc9f3a04d4,work-bd5c323a3dbc9f3a04d4,mapping-712cb03fb3d8e4b1c0ac
tsugimanga-2018-comics-048,tsugimanga-2018-comics,included,candidate-b96dd032786014446952,work-b96dd032786014446952,mapping-6c0f34d5d9491d35e1ac
tsugimanga-2018-comics-049,tsugimanga-2018-comics,included,candidate-04ac6ddcf1c292ee38f9,work-04ac6ddcf1c292ee38f9,mapping-d3c964fb5dde90157dcc
tsugimanga-2018-comics-050,tsugimanga-2018-comics,included,candidate-d7c59e42d9feee1e28ba,work-d7c59e42d9feee1e28ba,mapping-fb5bf0b666eed7cddfe2
tsugimanga-2018-web-001,tsugimanga-2018-web,unresolved,,,
tsugimanga-2018-web-002,tsugimanga-2018-web,unresolved,,,
tsugimanga-2018-web-003,tsugimanga-2018-web,unresolved,,,
tsugimanga-2018-web-004,tsugimanga-2018-web,unresolved,,,
tsugimanga-2018-web-005,tsugimanga-2018-web,unresolved,,,
tsugimanga-2018-web-006,tsugimanga-2018-web,unresolved,,,
tsugimanga-2018-web-007,tsugimanga-2018-web,unresolved,,,
tsugimanga-2018-web-008,tsugimanga-2018-web,unresolved,,,
tsugimanga-2018-web-009,tsugimanga-2018-web,unresolved,,,
tsugimanga-2018-web-010,tsugimanga-2018-web,unresolved,,,
tsugimanga-2018-web-011,tsugimanga-2018-web,unresolved,,,
tsugimanga-2018-web-012,tsugimanga-2018-web,unresolved,,,
tsugimanga-2018-web-013,tsugimanga-2018-web,unresolved,,,
tsugimanga-2018-web-014,tsugimanga-2018-web,unresolved,,,
tsugimanga-2018-web-015,tsugimanga-2018-web,unresolved,,,
tsugimanga-2018-web-016,tsugimanga-2018-web,unresolved,,,
tsugimanga-2018-web-017,tsugimanga-2018-web,unresolved,,,
tsugimanga-2018-web-018,tsugimanga-2018-web,unresolved,,,
tsugimanga-2018-web-019,tsugimanga-2018-web,unresolved,,,
tsugimanga-2018-web-020,tsugimanga-2018-web,unresolved,,,
tsugimanga-2018-web-021,tsugimanga-2018-web,unresolved,,,
tsugimanga-2018-web-022,tsugimanga-2018-web,unresolved,,,
tsugimanga-2018-web-023,tsugimanga-2018-web,unresolved,,,
tsugimanga-2018-web-024,tsugimanga-2018-web,unresolved,,,
tsugimanga-2018-web-025,tsugimanga-2018-web,unresolved,,,
tsugimanga-2018-web-026,tsugimanga-2018-web,unresolved,,,
tsugimanga-2018-web-027,tsugimanga-2018-web,unresolved,,,
tsugimanga-2018-web-028,tsugimanga-2018-web,unresolved,,,
tsugimanga-2018-web-029,tsugimanga-2018-web,unresolved,,,
tsugimanga-2018-web-030,tsugimanga-2018-web,unresolved,,,
tsugimanga-2018-web-031,tsugimanga-2018-web,unresolved,,,
tsugimanga-2018-web-032,tsugimanga-2018-web,unresolved,,,
tsugimanga-2018-web-033,tsugimanga-2018-web,unresolved,,,
tsugimanga-2018-web-034,tsugimanga-2018-web,unresolved,,,
tsugimanga-2018-web-035,tsugimanga-2018-web,unresolved,,,
tsugimanga-2018-web-036,tsugimanga-2018-web,unresolved,,,
tsugimanga-2018-web-037,tsugimanga-2018-web,unresolved,,,
tsugimanga-2018-web-038,tsugimanga-2018-web,unresolved,,,
tsugimanga-2018-web-039,tsugimanga-2018-web,unresolved,,,
tsugimanga-2018-web-040,tsugimanga-2018-web,unresolved,,,
tsugimanga-2018-web-041,tsugimanga-2018-web,unresolved,,,
tsugimanga-2018-web-042,tsugimanga-2018-web,unresolved,,,
tsugimanga-2018-web-043,tsugimanga-2018-web,unresolved,,,
tsugimanga-2018-web-044,tsugimanga-2018-web,unresolved,,,
tsugimanga-2018-web-045,tsugimanga-2018-web,unresolved,,,
tsugimanga-2018-web-046,tsugimanga-2018-web,unresolved,,,
tsugimanga-2018-web-047,tsugimanga-2018-web,unresolved,,,
tsugimanga-2018-web-048,tsugimanga-2018-web,unresolved,,,
tsugimanga-2018-web-049,tsugimanga-2018-web,unresolved,,,
tsugimanga-2018-web-050,tsugimanga-2018-web,unresolved,,,
tsugimanga-2019-comics-001,tsugimanga-2019-comics,included,candidate-1ef69d214afe688be73e,work-1ef69d214afe688be73e,mapping-aef3f80bd3facb047130
tsugimanga-2019-comics-002,tsugimanga-2019-comics,included,candidate-230c01be9d63e7621b25,work-230c01be9d63e7621b25,mapping-88a1a15c0ac93150fdde
tsugimanga-2019-comics-003,tsugimanga-2019-comics,included,candidate-c8a0ff9f73cf58a0286d,work-c8a0ff9f73cf58a0286d,mapping-b8cb660348b265c71694
tsugimanga-2019-comics-004,tsugimanga-2019-comics,duplicate,candidate-0153a125c5a56225b06c,work-0153a125c5a56225b06c,mapping-e3b729ebd2b9df19c950
tsugimanga-2019-comics-005,tsugimanga-2019-comics,included,candidate-83f2749f9ddd11dcd0b9,work-83f2749f9ddd11dcd0b9,mapping-fa17897895d82b7ba18a
tsugimanga-2019-comics-006,tsugimanga-2019-comics,unresolved,,,
tsugimanga-2019-comics-007,tsugimanga-2019-comics,included,candidate-9215d08d23e8b0041f79,work-9215d08d23e8b0041f79,mapping-7fb44e6fe9a733377297
tsugimanga-2019-comics-008,tsugimanga-2019-comics,included,candidate-23c38bf18af4e16b42be,work-23c38bf18af4e16b42be,mapping-912582c6eebca2e98465
tsugimanga-2019-comics-009,tsugimanga-2019-comics,included,candidate-6e250c729c6fa1bcdc02,work-6e250c729c6fa1bcdc02,mapping-da8376f221c4e890e8fa
tsugimanga-2019-comics-010,tsugimanga-2019-comics,included,candidate-314e0a0e05d65c4bcf92,work-314e0a0e05d65c4bcf92,mapping-9e4bb82e218a9f096c5a
tsugimanga-2019-comics-011,tsugimanga-2019-comics,included,candidate-ba268cddc64ed3a4cf32,work-ba268cddc64ed3a4cf32,mapping-956dcb5729b461a99ba1
tsugimanga-2019-comics-012,tsugimanga-2019-comics,unresolved,,,
tsugimanga-2019-comics-013,tsugimanga-2019-comics,included,candidate-ed0eae57affd8e19670d,the-apothecary-diaries,mapping-61a25aa53e810d730ca0
tsugimanga-2019-comics-014,tsugimanga-2019-comics,included,candidate-28ef0b4d0776d2168158,work-28ef0b4d0776d2168158,mapping-ac3503d18a83b706d3e1
tsugimanga-2019-comics-015,tsugimanga-2019-comics,included,candidate-22997668db5d66d5034c,work-22997668db5d66d5034c,mapping-fc00399994b62c1c3e96
tsugimanga-2019-comics-016,tsugimanga-2019-comics,duplicate,candidate-ba0f61184218109003a3,work-ba0f61184218109003a3,mapping-dbf068f0c02fa8437511
tsugimanga-2019-comics-017,tsugimanga-2019-comics,included,candidate-4dd5c4a6686680557ff6,work-4dd5c4a6686680557ff6,mapping-6edfe5ed170c634b795e
tsugimanga-2019-comics-018,tsugimanga-2019-comics,duplicate,candidate-ae0ac8a5acfc5fbb7dd6,work-ae0ac8a5acfc5fbb7dd6,mapping-8e7665bf066a20920983
tsugimanga-2019-comics-019,tsugimanga-2019-comics,duplicate,candidate-a0cf232c6e526adba12f,skip-and-loafer,mapping-44c00e9098f67edf4056
tsugimanga-2019-comics-020,tsugimanga-2019-comics,included,candidate-d21df491ed79185bacc3,work-d21df491ed79185bacc3,mapping-3cdcc1278a536940a158
tsugimanga-2019-comics-021,tsugimanga-2019-comics,unresolved,,,
tsugimanga-2019-comics-022,tsugimanga-2019-comics,included,candidate-7bb576492f3b9329e6ee,work-7bb576492f3b9329e6ee,mapping-1edc102cbfa170d788e1
tsugimanga-2019-comics-023,tsugimanga-2019-comics,duplicate,candidate-40ea287aae6305289cf6,work-40ea287aae6305289cf6,mapping-9b5f339377a241658026
tsugimanga-2019-comics-024,tsugimanga-2019-comics,unresolved,,,
tsugimanga-2019-comics-025,tsugimanga-2019-comics,duplicate,candidate-9ad564d206d2c1a6c4ef,chainsaw-man,mapping-ed5cf6c3ca12835e38ee
tsugimanga-2019-comics-026,tsugimanga-2019-comics,included,candidate-d62c3a8421c03e2f37c4,work-d62c3a8421c03e2f37c4,mapping-1710ca1bc83c574b5ec5
tsugimanga-2019-comics-027,tsugimanga-2019-comics,unresolved,,,
tsugimanga-2019-comics-028,tsugimanga-2019-comics,included,candidate-36ac9ec97c1b862d89be,work-36ac9ec97c1b862d89be,mapping-a2c58bc44d04087fac39
tsugimanga-2019-comics-029,tsugimanga-2019-comics,duplicate,candidate-7975d62582a89492a35f,work-7975d62582a89492a35f,mapping-0c5ab6b6d69105061b78
tsugimanga-2019-comics-030,tsugimanga-2019-comics,included,candidate-89a635148e2b3c129e38,work-89a635148e2b3c129e38,mapping-0d29c56005cf7b942768
tsugimanga-2019-comics-031,tsugimanga-2019-comics,duplicate,candidate-4e0f63e18e219a3dfe32,work-4e0f63e18e219a3dfe32,mapping-7c931d120e5795ce3d68
tsugimanga-2019-comics-032,tsugimanga-2019-comics,included,candidate-f4520aa01b9f5d1b357a,work-f4520aa01b9f5d1b357a,mapping-24d55de98bdabf615ec3
tsugimanga-2019-comics-033,tsugimanga-2019-comics,included,candidate-7b903ecc2ff94b465cf9,work-7b903ecc2ff94b465cf9,mapping-69dc640c7c377a4cb4fb
tsugimanga-2019-comics-034,tsugimanga-2019-comics,included,candidate-2fd3c6ab4b6d12491068,work-2fd3c6ab4b6d12491068,mapping-755890a696ed14a45ea6
tsugimanga-2019-comics-035,tsugimanga-2019-comics,included,candidate-1f9db2fd8a4963e67e18,blue-lock,mapping-1150f687bdde0c60f827
tsugimanga-2019-comics-036,tsugimanga-2019-comics,duplicate,candidate-e76e62a846260dc04914,work-e76e62a846260dc04914,mapping-ef128776837d2f0586d7
tsugimanga-2019-comics-037,tsugimanga-2019-comics,included,candidate-dfc440048e0d9c38e18f,work-dfc440048e0d9c38e18f,mapping-44cf0848704bcf4a049a
tsugimanga-2019-comics-038,tsugimanga-2019-comics,included,candidate-c642eab6cae97c9cd9a3,bocchi-the-rock,mapping-591807691ff6134815fc
tsugimanga-2019-comics-039,tsugimanga-2019-comics,included,candidate-e93a47139404139c0f8b,work-e93a47139404139c0f8b,mapping-81db7edb540f2e49981e
tsugimanga-2019-comics-040,tsugimanga-2019-comics,duplicate,candidate-ced7a8e6d9c3b8147702,work-ced7a8e6d9c3b8147702,mapping-2cca5ebdb47328ec549b
tsugimanga-2019-comics-041,tsugimanga-2019-comics,included,candidate-9d521b89712c948b76ce,work-9d521b89712c948b76ce,mapping-97e4186bd991b06a07d6
tsugimanga-2019-comics-042,tsugimanga-2019-comics,included,candidate-afae32577b86c1197811,work-afae32577b86c1197811,mapping-530c8c81b96371be59b7
tsugimanga-2019-comics-043,tsugimanga-2019-comics,included,candidate-8a0b641effa2e417d7ad,work-8a0b641effa2e417d7ad,mapping-826e73b43d20eee96be3
tsugimanga-2019-comics-044,tsugimanga-2019-comics,included,candidate-766eecbba2c9ed11ecd1,work-766eecbba2c9ed11ecd1,mapping-5eefc35b9ef05d83a9ff
tsugimanga-2019-comics-045,tsugimanga-2019-comics,included,candidate-7b22b7a877f8e8baa98e,work-7b22b7a877f8e8baa98e,mapping-8da83bf275a4ba8a040c
tsugimanga-2019-comics-046,tsugimanga-2019-comics,unresolved,,,
tsugimanga-2019-comics-047,tsugimanga-2019-comics,included,candidate-8b37f50c7ef707254e8e,work-8b37f50c7ef707254e8e,mapping-2e092415fed6a509a1b8
tsugimanga-2019-comics-048,tsugimanga-2019-comics,included,candidate-a3b7c5c6810710ed3721,work-a3b7c5c6810710ed3721,mapping-ff239ab5b80bba7e236e
tsugimanga-2019-comics-049,tsugimanga-2019-comics,duplicate,candidate-81c561ca6bb74a301cf8,work-81c561ca6bb74a301cf8,mapping-9e1d85969ee0c0eefff9
tsugimanga-2019-comics-050,tsugimanga-2019-comics,included,candidate-2922260bc2a45296514e,work-2922260bc2a45296514e,mapping-56508b589a0a62f6d113
tsugimanga-2019-web-001,tsugimanga-2019-web,unresolved,,,
tsugimanga-2019-web-002,tsugimanga-2019-web,unresolved,,,
tsugimanga-2019-web-003,tsugimanga-2019-web,unresolved,,,
tsugimanga-2019-web-004,tsugimanga-2019-web,unresolved,,,
tsugimanga-2019-web-005,tsugimanga-2019-web,unresolved,,,
tsugimanga-2019-web-006,tsugimanga-2019-web,unresolved,,,
tsugimanga-2019-web-007,tsugimanga-2019-web,unresolved,,,
tsugimanga-2019-web-008,tsugimanga-2019-web,unresolved,,,
tsugimanga-2019-web-009,tsugimanga-2019-web,unresolved,,,
tsugimanga-2019-web-010,tsugimanga-2019-web,unresolved,,,
tsugimanga-2019-web-011,tsugimanga-2019-web,unresolved,,,
tsugimanga-2019-web-012,tsugimanga-2019-web,unresolved,,,
tsugimanga-2019-web-013,tsugimanga-2019-web,unresolved,,,
tsugimanga-2019-web-014,tsugimanga-2019-web,unresolved,,,
tsugimanga-2019-web-015,tsugimanga-2019-web,unresolved,,,
tsugimanga-2019-web-016,tsugimanga-2019-web,unresolved,,,
tsugimanga-2019-web-017,tsugimanga-2019-web,unresolved,,,
tsugimanga-2019-web-018,tsugimanga-2019-web,unresolved,,,
tsugimanga-2019-web-019,tsugimanga-2019-web,unresolved,,,
tsugimanga-2019-web-020,tsugimanga-2019-web,unresolved,,,
tsugimanga-2019-web-021,tsugimanga-2019-web,unresolved,,,
tsugimanga-2019-web-022,tsugimanga-2019-web,unresolved,,,
tsugimanga-2019-web-023,tsugimanga-2019-web,unresolved,,,
tsugimanga-2019-web-024,tsugimanga-2019-web,unresolved,,,
tsugimanga-2019-web-025,tsugimanga-2019-web,unresolved,,,
tsugimanga-2019-web-026,tsugimanga-2019-web,unresolved,,,
tsugimanga-2019-web-027,tsugimanga-2019-web,unresolved,,,
tsugimanga-2019-web-028,tsugimanga-2019-web,unresolved,,,
tsugimanga-2019-web-029,tsugimanga-2019-web,unresolved,,,
tsugimanga-2019-web-030,tsugimanga-2019-web,unresolved,,,
tsugimanga-2019-web-031,tsugimanga-2019-web,unresolved,,,
tsugimanga-2019-web-032,tsugimanga-2019-web,unresolved,,,
tsugimanga-2019-web-033,tsugimanga-2019-web,unresolved,,,
tsugimanga-2019-web-034,tsugimanga-2019-web,unresolved,,,
tsugimanga-2019-web-035,tsugimanga-2019-web,unresolved,,,
tsugimanga-2019-web-036,tsugimanga-2019-web,unresolved,,,
tsugimanga-2019-web-037,tsugimanga-2019-web,unresolved,,,
tsugimanga-2019-web-038,tsugimanga-2019-web,unresolved,,,
tsugimanga-2019-web-039,tsugimanga-2019-web,unresolved,,,
tsugimanga-2019-web-040,tsugimanga-2019-web,unresolved,,,
tsugimanga-2019-web-041,tsugimanga-2019-web,unresolved,,,
tsugimanga-2019-web-042,tsugimanga-2019-web,unresolved,,,
tsugimanga-2019-web-043,tsugimanga-2019-web,unresolved,,,
tsugimanga-2019-web-044,tsugimanga-2019-web,unresolved,,,
tsugimanga-2019-web-045,tsugimanga-2019-web,unresolved,,,
tsugimanga-2019-web-046,tsugimanga-2019-web,unresolved,,,
tsugimanga-2019-web-047,tsugimanga-2019-web,unresolved,,,
tsugimanga-2019-web-048,tsugimanga-2019-web,unresolved,,,
tsugimanga-2019-web-049,tsugimanga-2019-web,unresolved,,,
tsugimanga-2019-web-050,tsugimanga-2019-web,unresolved,,,
tsugimanga-2020-comics-001,tsugimanga-2020-comics,included,candidate-a81bc17e65a038de3181,work-a81bc17e65a038de3181,mapping-bbb93b3bf9a93760c38f
tsugimanga-2020-comics-002,tsugimanga-2020-comics,included,candidate-e126cf6be53bb5ea3f1b,work-e126cf6be53bb5ea3f1b,mapping-152e74419c55b4128186
tsugimanga-2020-comics-003,tsugimanga-2020-comics,included,candidate-7a9de6fd58fbd19aed74,work-7a9de6fd58fbd19aed74,mapping-aec45cbbdac29629cf8c
tsugimanga-2020-comics-004,tsugimanga-2020-comics,included,candidate-b50b131e3e2bd7448d96,work-b50b131e3e2bd7448d96,mapping-4c922b970a1b3ae8eb44
tsugimanga-2020-comics-005,tsugimanga-2020-comics,included,candidate-de512cc0e7e15ded52d3,work-de512cc0e7e15ded52d3,mapping-1f4d6d38e01d894c2c0d
tsugimanga-2020-comics-006,tsugimanga-2020-comics,included,candidate-53fb816835ab36e40a1f,work-53fb816835ab36e40a1f,mapping-2d00efb9845f7b7c1e8d
tsugimanga-2020-comics-007,tsugimanga-2020-comics,included,candidate-bb7c2a4f63ef8e781606,work-bb7c2a4f63ef8e781606,mapping-e71ef8052f6e4ebfaaee
tsugimanga-2020-comics-008,tsugimanga-2020-comics,included,candidate-d246a7b49390578b201e,work-d246a7b49390578b201e,mapping-a60285f7b67ca0a6595b
tsugimanga-2020-comics-009,tsugimanga-2020-comics,included,candidate-5bb381c9a795df5c1413,work-5bb381c9a795df5c1413,mapping-f628c8a41b1026555292
tsugimanga-2020-comics-010,tsugimanga-2020-comics,included,candidate-3ef22ee69f47872ee65a,work-3ef22ee69f47872ee65a,mapping-48ba2edbe3663f80f89b
tsugimanga-2020-comics-011,tsugimanga-2020-comics,included,candidate-dcecba11b11a017b0769,work-dcecba11b11a017b0769,mapping-de6566580b99a8deb81b
tsugimanga-2020-comics-012,tsugimanga-2020-comics,included,candidate-c5c2695ad33fd05af945,work-c5c2695ad33fd05af945,mapping-c1dd4a5307e855e414a2
tsugimanga-2020-comics-013,tsugimanga-2020-comics,included,candidate-2ed2c94fe3de948be954,work-2ed2c94fe3de948be954,mapping-d11e00a1abce1bc646f5
tsugimanga-2020-comics-014,tsugimanga-2020-comics,included,candidate-07586346a94407eb03c8,work-07586346a94407eb03c8,mapping-041380761f7e508746b5
tsugimanga-2020-comics-015,tsugimanga-2020-comics,included,candidate-cf86722f9ad7a28a7433,work-cf86722f9ad7a28a7433,mapping-0131f7333567e9799d75
tsugimanga-2020-comics-016,tsugimanga-2020-comics,included,candidate-90510bc26c9ef2851fb5,work-90510bc26c9ef2851fb5,mapping-e86a06c5157fbbd20c7f
tsugimanga-2020-comics-017,tsugimanga-2020-comics,unresolved,,,
tsugimanga-2020-comics-018,tsugimanga-2020-comics,duplicate,candidate-c61aa83d0482e2863eb3,kowloon-generic-romance,mapping-d6a1bc65e3ef05940524
tsugimanga-2020-comics-019,tsugimanga-2020-comics,included,candidate-f6bd6e031ac086266cd8,work-f6bd6e031ac086266cd8,mapping-f810ac1e6bef731b364d
tsugimanga-2020-comics-020,tsugimanga-2020-comics,included,candidate-5eb522c5a4b4f5cb052f,work-5eb522c5a4b4f5cb052f,mapping-c116b1f8059d6e76d5fb
tsugimanga-2020-comics-021,tsugimanga-2020-comics,included,candidate-22742bf90f4b1ec39114,work-22742bf90f4b1ec39114,mapping-0b90b33c661841f3aba5
tsugimanga-2020-comics-022,tsugimanga-2020-comics,included,candidate-9a006f9a47769dfc2c3a,work-9a006f9a47769dfc2c3a,mapping-30a0fab4cf32204ce630
tsugimanga-2020-comics-023,tsugimanga-2020-comics,included,candidate-add65891576ac41cfa2e,work-add65891576ac41cfa2e,mapping-62a6ca4df1e695ccec41
tsugimanga-2020-comics-024,tsugimanga-2020-comics,included,candidate-7c72ec74e8e6d188177a,work-7c72ec74e8e6d188177a,mapping-90d3713ba173996e279e
tsugimanga-2020-comics-025,tsugimanga-2020-comics,included,candidate-dc3b5656bc4d5e565193,work-dc3b5656bc4d5e565193,mapping-634ebf13181dbf0d9408
tsugimanga-2020-comics-026,tsugimanga-2020-comics,unresolved,,,
tsugimanga-2020-comics-027,tsugimanga-2020-comics,included,candidate-3ae9ae3591a9b2df62f2,work-3ae9ae3591a9b2df62f2,mapping-3060b041b9e5dbad1aef
tsugimanga-2020-comics-028,tsugimanga-2020-comics,included,candidate-0493a35083abd57f5a77,work-0493a35083abd57f5a77,mapping-8f31d0fd04c5cf967734
tsugimanga-2020-comics-029,tsugimanga-2020-comics,included,candidate-1fd6cc14c3fd93aa26c0,work-1fd6cc14c3fd93aa26c0,mapping-734637e5fa37f1069cc2
tsugimanga-2020-comics-030,tsugimanga-2020-comics,included,candidate-7fd1bdfb4056a9bab95a,work-7fd1bdfb4056a9bab95a,mapping-f0ec3092e147f7319cd5
tsugimanga-2020-comics-031,tsugimanga-2020-comics,included,candidate-93cc9f5cc2b12871f93c,work-93cc9f5cc2b12871f93c,mapping-d9f93b8f38b021d37cb1
tsugimanga-2020-comics-032,tsugimanga-2020-comics,included,candidate-16b5e5f6698c291257f6,work-16b5e5f6698c291257f6,mapping-a4fbdb672cc383955ba2
tsugimanga-2020-comics-033,tsugimanga-2020-comics,duplicate,candidate-36ac9ec97c1b862d89be,work-36ac9ec97c1b862d89be,mapping-e0b9579afa962382105b
tsugimanga-2020-comics-034,tsugimanga-2020-comics,included,candidate-ccbb3649a83639ac4da6,work-ccbb3649a83639ac4da6,mapping-6bd5dbe2172d313b2b8c
tsugimanga-2020-comics-035,tsugimanga-2020-comics,included,candidate-80586e266d394e376d1b,work-80586e266d394e376d1b,mapping-e618540a60bf67fd15ae
tsugimanga-2020-comics-036,tsugimanga-2020-comics,included,candidate-db7e875b1436e5ec7d93,work-db7e875b1436e5ec7d93,mapping-24390f98f965aa59e12a
tsugimanga-2020-comics-037,tsugimanga-2020-comics,included,candidate-4e60b9906a3188ec9209,work-4e60b9906a3188ec9209,mapping-81741265dcdc133dbc53
tsugimanga-2020-comics-038,tsugimanga-2020-comics,included,candidate-51a42ef829c4de88c911,work-51a42ef829c4de88c911,mapping-1e40078003432d553cf7
tsugimanga-2020-comics-039,tsugimanga-2020-comics,included,candidate-9ea5b539398abf33389c,work-9ea5b539398abf33389c,mapping-d9aca850ccd23c818a10
tsugimanga-2020-comics-040,tsugimanga-2020-comics,included,candidate-28ffbc90daf057b04687,work-28ffbc90daf057b04687,mapping-1dcc18f4745491208ea2
tsugimanga-2020-comics-041,tsugimanga-2020-comics,included,candidate-6a9133c4ad0daf19f362,work-6a9133c4ad0daf19f362,mapping-a190121e90ba2d707b28
tsugimanga-2020-comics-042,tsugimanga-2020-comics,included,candidate-7f8a1d182035e7fa9b48,work-7f8a1d182035e7fa9b48,mapping-1e67730d9b38aaf1a4d9
tsugimanga-2020-comics-043,tsugimanga-2020-comics,unresolved,,,
tsugimanga-2020-comics-044,tsugimanga-2020-comics,included,candidate-3ad539c619f206ebf6e9,work-3ad539c619f206ebf6e9,mapping-9356be1adcba0f1a7348
tsugimanga-2020-comics-045,tsugimanga-2020-comics,included,candidate-f46cb127cfc8553644ba,work-f46cb127cfc8553644ba,mapping-6d140bcb3d18b26b8f77
tsugimanga-2020-comics-046,tsugimanga-2020-comics,duplicate,candidate-c04f65770fcfd22abb9f,a-sign-of-affection,mapping-56b32940a1279d1278a4
tsugimanga-2020-comics-047,tsugimanga-2020-comics,included,candidate-ae64a3beb094a9a39208,work-ae64a3beb094a9a39208,mapping-68b2aae98a547739f6d3
tsugimanga-2020-comics-048,tsugimanga-2020-comics,included,candidate-9036a98c069b5ef8cd54,work-9036a98c069b5ef8cd54,mapping-0e4d8747c1b12f8ebc56
tsugimanga-2020-comics-049,tsugimanga-2020-comics,included,candidate-6f6aca43ab3d6d0d8bc4,work-6f6aca43ab3d6d0d8bc4,mapping-1e583be373aae1df3f33
tsugimanga-2020-comics-050,tsugimanga-2020-comics,duplicate,candidate-2922260bc2a45296514e,work-2922260bc2a45296514e,mapping-d42a50af9925770ccca9
tsugimanga-2020-web-001,tsugimanga-2020-web,unresolved,,,
tsugimanga-2020-web-002,tsugimanga-2020-web,unresolved,,,
tsugimanga-2020-web-003,tsugimanga-2020-web,unresolved,,,
tsugimanga-2020-web-004,tsugimanga-2020-web,unresolved,,,
tsugimanga-2020-web-005,tsugimanga-2020-web,unresolved,,,
tsugimanga-2020-web-006,tsugimanga-2020-web,unresolved,,,
tsugimanga-2020-web-007,tsugimanga-2020-web,unresolved,,,
tsugimanga-2020-web-008,tsugimanga-2020-web,unresolved,,,
tsugimanga-2020-web-009,tsugimanga-2020-web,unresolved,,,
tsugimanga-2020-web-010,tsugimanga-2020-web,unresolved,,,
tsugimanga-2020-web-011,tsugimanga-2020-web,unresolved,,,
tsugimanga-2020-web-012,tsugimanga-2020-web,unresolved,,,
tsugimanga-2020-web-013,tsugimanga-2020-web,unresolved,,,
tsugimanga-2020-web-014,tsugimanga-2020-web,unresolved,,,
tsugimanga-2020-web-015,tsugimanga-2020-web,unresolved,,,
tsugimanga-2020-web-016,tsugimanga-2020-web,unresolved,,,
tsugimanga-2020-web-017,tsugimanga-2020-web,unresolved,,,
tsugimanga-2020-web-018,tsugimanga-2020-web,unresolved,,,
tsugimanga-2020-web-019,tsugimanga-2020-web,unresolved,,,
tsugimanga-2020-web-020,tsugimanga-2020-web,unresolved,,,
tsugimanga-2020-web-021,tsugimanga-2020-web,unresolved,,,
tsugimanga-2020-web-022,tsugimanga-2020-web,unresolved,,,
tsugimanga-2020-web-023,tsugimanga-2020-web,unresolved,,,
tsugimanga-2020-web-024,tsugimanga-2020-web,unresolved,,,
tsugimanga-2020-web-025,tsugimanga-2020-web,unresolved,,,
tsugimanga-2020-web-026,tsugimanga-2020-web,unresolved,,,
tsugimanga-2020-web-027,tsugimanga-2020-web,unresolved,,,
tsugimanga-2020-web-028,tsugimanga-2020-web,unresolved,,,
tsugimanga-2020-web-029,tsugimanga-2020-web,unresolved,,,
tsugimanga-2020-web-030,tsugimanga-2020-web,unresolved,,,
tsugimanga-2020-web-031,tsugimanga-2020-web,unresolved,,,
tsugimanga-2020-web-032,tsugimanga-2020-web,unresolved,,,
tsugimanga-2020-web-033,tsugimanga-2020-web,unresolved,,,
tsugimanga-2020-web-034,tsugimanga-2020-web,unresolved,,,
tsugimanga-2020-web-035,tsugimanga-2020-web,unresolved,,,
tsugimanga-2020-web-036,tsugimanga-2020-web,unresolved,,,
tsugimanga-2020-web-037,tsugimanga-2020-web,unresolved,,,
tsugimanga-2020-web-038,tsugimanga-2020-web,unresolved,,,
tsugimanga-2020-web-039,tsugimanga-2020-web,unresolved,,,
tsugimanga-2020-web-040,tsugimanga-2020-web,unresolved,,,
tsugimanga-2020-web-041,tsugimanga-2020-web,unresolved,,,
tsugimanga-2020-web-042,tsugimanga-2020-web,unresolved,,,
tsugimanga-2020-web-043,tsugimanga-2020-web,unresolved,,,
tsugimanga-2020-web-044,tsugimanga-2020-web,unresolved,,,
tsugimanga-2020-web-045,tsugimanga-2020-web,unresolved,,,
tsugimanga-2020-web-046,tsugimanga-2020-web,unresolved,,,
tsugimanga-2020-web-047,tsugimanga-2020-web,unresolved,,,
tsugimanga-2020-web-048,tsugimanga-2020-web,unresolved,,,
tsugimanga-2020-web-049,tsugimanga-2020-web,unresolved,,,
tsugimanga-2020-web-050,tsugimanga-2020-web,unresolved,,,
tsugimanga-2021-comics-001,tsugimanga-2021-comics,included,candidate-c133f39d62dde2fa3e1d,blue-box,mapping-b7b768c9412e9c6d9ea1
tsugimanga-2021-comics-002,tsugimanga-2021-comics,included,candidate-d73553672898846c9ec0,work-d73553672898846c9ec0,mapping-c58b3fb7331ffcff0a24
tsugimanga-2021-comics-003,tsugimanga-2021-comics,included,candidate-54bf1699bfd014afa208,work-54bf1699bfd014afa208,mapping-1826a9a50309902578ee
tsugimanga-2021-comics-004,tsugimanga-2021-comics,unresolved,,,
tsugimanga-2021-comics-005,tsugimanga-2021-comics,duplicate,candidate-098b1781e14365eea667,work-098b1781e14365eea667,mapping-fa71eedbada8764cbe62
tsugimanga-2021-comics-006,tsugimanga-2021-comics,included,candidate-be8d528fa1e3ae0e6d31,work-be8d528fa1e3ae0e6d31,mapping-cdc832b321841399ccc9
tsugimanga-2021-comics-007,tsugimanga-2021-comics,duplicate,candidate-0029e59a039dce3f6e74,work-0029e59a039dce3f6e74,mapping-111f0af735e82372ee55
tsugimanga-2021-comics-008,tsugimanga-2021-comics,duplicate,candidate-3ef22ee69f47872ee65a,work-3ef22ee69f47872ee65a,mapping-079a16a6bd80fd273e93
tsugimanga-2021-comics-009,tsugimanga-2021-comics,duplicate,candidate-d489f5a2229689aa5115,work-d489f5a2229689aa5115,mapping-ae326754a148478c9b90
tsugimanga-2021-comics-010,tsugimanga-2021-comics,included,candidate-22baa3338ea7eb109eb0,work-22baa3338ea7eb109eb0,mapping-ca4fe76e2ca2dc04ea28
tsugimanga-2021-comics-011,tsugimanga-2021-comics,duplicate,candidate-5eb522c5a4b4f5cb052f,work-5eb522c5a4b4f5cb052f,mapping-cc313cce9ee4001f2e47
tsugimanga-2021-comics-012,tsugimanga-2021-comics,included,candidate-4b775e0182b5b758c0eb,work-4b775e0182b5b758c0eb,mapping-65ed2ee5d6e03a105e65
tsugimanga-2021-comics-013,tsugimanga-2021-comics,included,candidate-763968e43f6661d8b5d3,work-763968e43f6661d8b5d3,mapping-9fd1437f7d06b27e93b2
tsugimanga-2021-comics-014,tsugimanga-2021-comics,included,candidate-71e824df2e6bc2125294,work-71e824df2e6bc2125294,mapping-5b3839572a4fc315534b
tsugimanga-2021-comics-015,tsugimanga-2021-comics,unresolved,,,
tsugimanga-2021-comics-016,tsugimanga-2021-comics,unresolved,,,
tsugimanga-2021-comics-017,tsugimanga-2021-comics,included,candidate-415f7ad1c5032c58d554,work-415f7ad1c5032c58d554,mapping-92a52a916cfcb84038ed
tsugimanga-2021-comics-018,tsugimanga-2021-comics,included,candidate-9ffbdff3e9db3f9826e9,work-9ffbdff3e9db3f9826e9,mapping-52df528745db4de7f0e8
tsugimanga-2021-comics-019,tsugimanga-2021-comics,included,candidate-f3410d49b9b10b35b42d,work-f3410d49b9b10b35b42d,mapping-11cfa39e5b1eae534f0b
tsugimanga-2021-comics-020,tsugimanga-2021-comics,included,candidate-ab586cc8c5de02fad336,frieren,mapping-1449a962c5184fc53632
tsugimanga-2021-comics-021,tsugimanga-2021-comics,included,candidate-bc2998e79453ac2113e7,work-bc2998e79453ac2113e7,mapping-e30a0ce016917c598312
tsugimanga-2021-comics-022,tsugimanga-2021-comics,unresolved,,,
tsugimanga-2021-comics-023,tsugimanga-2021-comics,unresolved,,,
tsugimanga-2021-comics-024,tsugimanga-2021-comics,included,candidate-6aa0a2432c4e363cb75a,work-6aa0a2432c4e363cb75a,mapping-06229e01149ba35fd127
tsugimanga-2021-comics-025,tsugimanga-2021-comics,included,candidate-3ac00c6a4944cc1f39f6,work-3ac00c6a4944cc1f39f6,mapping-d7858d7574bb34799db9
tsugimanga-2021-comics-026,tsugimanga-2021-comics,included,candidate-0fca8d7b1cfbd8102c01,work-0fca8d7b1cfbd8102c01,mapping-530a1a1af1da0cafb2e0
tsugimanga-2021-comics-027,tsugimanga-2021-comics,included,candidate-e906b3eaa9ef9eafe23c,work-e906b3eaa9ef9eafe23c,mapping-b784243f7603ecd42495
tsugimanga-2021-comics-028,tsugimanga-2021-comics,included,candidate-db80d94709b62aa8823f,work-db80d94709b62aa8823f,mapping-0dc619517596d950af20
tsugimanga-2021-comics-029,tsugimanga-2021-comics,included,candidate-3588c08df5ba12b26cab,work-3588c08df5ba12b26cab,mapping-494d20f8d46af443c26a
tsugimanga-2021-comics-030,tsugimanga-2021-comics,duplicate,candidate-4e60b9906a3188ec9209,work-4e60b9906a3188ec9209,mapping-c776f8f265ede9f0c394
tsugimanga-2021-comics-031,tsugimanga-2021-comics,included,candidate-a2f0a0e6114c3b669689,work-a2f0a0e6114c3b669689,mapping-2dfe754839486762629c
tsugimanga-2021-comics-032,tsugimanga-2021-comics,included,candidate-6cd2abbf72d8429fbe2e,work-6cd2abbf72d8429fbe2e,mapping-d4568d8bb43619d13da7
tsugimanga-2021-comics-033,tsugimanga-2021-comics,included,candidate-9f01ddaef8d3525c771f,work-9f01ddaef8d3525c771f,mapping-b20927a0f6d5ffc744c8
tsugimanga-2021-comics-034,tsugimanga-2021-comics,included,candidate-bbeeaad9e37ab267dc29,work-bbeeaad9e37ab267dc29,mapping-479594c218725851618a
tsugimanga-2021-comics-035,tsugimanga-2021-comics,included,candidate-3b7277cd82fd727a7a58,work-3b7277cd82fd727a7a58,mapping-374f5e482ac624bfb6cb
tsugimanga-2021-comics-036,tsugimanga-2021-comics,included,candidate-ab1258948eec0e70b1ca,work-ab1258948eec0e70b1ca,mapping-37ba1d11ce54c13612c3
tsugimanga-2021-comics-037,tsugimanga-2021-comics,included,candidate-bd651877af1038890ba4,medalist,mapping-f9fe7fcfae8ce845193a
tsugimanga-2021-comics-038,tsugimanga-2021-comics,included,candidate-c6f4ede212b6475ffb81,work-c6f4ede212b6475ffb81,mapping-187f74d8cb84906c662f
tsugimanga-2021-comics-039,tsugimanga-2021-comics,included,candidate-35eb1a0fb864dd734f9a,work-35eb1a0fb864dd734f9a,mapping-cfbe313966255dbf1aa9
tsugimanga-2021-comics-040,tsugimanga-2021-comics,included,candidate-ad32c71b07fd13c65a79,work-ad32c71b07fd13c65a79,mapping-74555f7c23bbbdae5d8e
tsugimanga-2021-web-001,tsugimanga-2021-web,unresolved,,,
tsugimanga-2021-web-002,tsugimanga-2021-web,unresolved,,,
tsugimanga-2021-web-003,tsugimanga-2021-web,unresolved,,,
tsugimanga-2021-web-004,tsugimanga-2021-web,unresolved,,,
tsugimanga-2021-web-005,tsugimanga-2021-web,unresolved,,,
tsugimanga-2021-web-006,tsugimanga-2021-web,unresolved,,,
tsugimanga-2021-web-007,tsugimanga-2021-web,unresolved,,,
tsugimanga-2021-web-008,tsugimanga-2021-web,unresolved,,,
tsugimanga-2021-web-009,tsugimanga-2021-web,unresolved,,,
tsugimanga-2021-web-010,tsugimanga-2021-web,unresolved,,,
tsugimanga-2021-web-011,tsugimanga-2021-web,unresolved,,,
tsugimanga-2021-web-012,tsugimanga-2021-web,unresolved,,,
tsugimanga-2021-web-013,tsugimanga-2021-web,unresolved,,,
tsugimanga-2021-web-014,tsugimanga-2021-web,unresolved,,,
tsugimanga-2021-web-015,tsugimanga-2021-web,unresolved,,,
tsugimanga-2021-web-016,tsugimanga-2021-web,unresolved,,,
tsugimanga-2021-web-017,tsugimanga-2021-web,unresolved,,,
tsugimanga-2021-web-018,tsugimanga-2021-web,unresolved,,,
tsugimanga-2021-web-019,tsugimanga-2021-web,excluded-webtoon,,,exclusion-eaa669fef78833aa3a9e
tsugimanga-2021-web-020,tsugimanga-2021-web,unresolved,,,
tsugimanga-2021-web-021,tsugimanga-2021-web,unresolved,,,
tsugimanga-2021-web-022,tsugimanga-2021-web,unresolved,,,
tsugimanga-2021-web-023,tsugimanga-2021-web,unresolved,,,
tsugimanga-2021-web-024,tsugimanga-2021-web,unresolved,,,
tsugimanga-2021-web-025,tsugimanga-2021-web,unresolved,,,
tsugimanga-2021-web-026,tsugimanga-2021-web,unresolved,,,
tsugimanga-2021-web-027,tsugimanga-2021-web,unresolved,,,
tsugimanga-2021-web-028,tsugimanga-2021-web,unresolved,,,
tsugimanga-2021-web-029,tsugimanga-2021-web,unresolved,,,
tsugimanga-2021-web-030,tsugimanga-2021-web,unresolved,,,
tsugimanga-2021-web-031,tsugimanga-2021-web,unresolved,,,
tsugimanga-2021-web-032,tsugimanga-2021-web,unresolved,,,
tsugimanga-2021-web-033,tsugimanga-2021-web,unresolved,,,
tsugimanga-2021-web-034,tsugimanga-2021-web,unresolved,,,
tsugimanga-2021-web-035,tsugimanga-2021-web,unresolved,,,
tsugimanga-2021-web-036,tsugimanga-2021-web,unresolved,,,
tsugimanga-2021-web-037,tsugimanga-2021-web,unresolved,,,
tsugimanga-2021-web-038,tsugimanga-2021-web,unresolved,,,
tsugimanga-2021-web-039,tsugimanga-2021-web,unresolved,,,
tsugimanga-2021-web-040,tsugimanga-2021-web,unresolved,,,
tsugimanga-2021-web-041,tsugimanga-2021-web,unresolved,,,
tsugimanga-2021-web-042,tsugimanga-2021-web,unresolved,,,
tsugimanga-2021-web-043,tsugimanga-2021-web,unresolved,,,
tsugimanga-2021-web-044,tsugimanga-2021-web,unresolved,,,
tsugimanga-2021-web-045,tsugimanga-2021-web,unresolved,,,
tsugimanga-2021-web-046,tsugimanga-2021-web,unresolved,,,
tsugimanga-2021-web-047,tsugimanga-2021-web,unresolved,,,
tsugimanga-2021-web-048,tsugimanga-2021-web,unresolved,,,
tsugimanga-2021-web-049,tsugimanga-2021-web,unresolved,,,
tsugimanga-2021-web-050,tsugimanga-2021-web,unresolved,,,
tsugimanga-2021-web-051,tsugimanga-2021-web,unresolved,,,
tsugimanga-2021-web-052,tsugimanga-2021-web,unresolved,,,
tsugimanga-2021-web-053,tsugimanga-2021-web,unresolved,,,
tsugimanga-2021-web-054,tsugimanga-2021-web,unresolved,,,
tsugimanga-2021-web-055,tsugimanga-2021-web,unresolved,,,
tsugimanga-2021-web-056,tsugimanga-2021-web,unresolved,,,
tsugimanga-2021-web-057,tsugimanga-2021-web,unresolved,,,
tsugimanga-2021-web-058,tsugimanga-2021-web,unresolved,,,
tsugimanga-2021-web-059,tsugimanga-2021-web,unresolved,,,
tsugimanga-2021-web-060,tsugimanga-2021-web,unresolved,,,
tsugimanga-2022-comics-001,tsugimanga-2022-comics,included,candidate-3a5c2d4efe50fc0e21cb,work-3a5c2d4efe50fc0e21cb,mapping-0e97e7d7fa81551eab62
tsugimanga-2022-comics-002,tsugimanga-2022-comics,included,candidate-15a975302e37cf28dc95,work-15a975302e37cf28dc95,mapping-b261968d9624d0eb4a0d
tsugimanga-2022-comics-003,tsugimanga-2022-comics,duplicate,candidate-54bf1699bfd014afa208,work-54bf1699bfd014afa208,mapping-06ba4a00bd0eb8a78893
tsugimanga-2022-comics-004,tsugimanga-2022-comics,included,candidate-e99f79fc2d28a5b74951,work-e99f79fc2d28a5b74951,mapping-91f40c99763aaea14716
tsugimanga-2022-comics-005,tsugimanga-2022-comics,included,candidate-136162000044f90dda04,work-136162000044f90dda04,mapping-b330f341c9de2f9f716e
tsugimanga-2022-comics-006,tsugimanga-2022-comics,included,candidate-3da15233e47a65b15f14,work-3da15233e47a65b15f14,mapping-3b50d3d60c759dff3d36
tsugimanga-2022-comics-007,tsugimanga-2022-comics,included,candidate-23a842306a70ec170a97,work-23a842306a70ec170a97,mapping-52083c8d5531f464a154
tsugimanga-2022-comics-008,tsugimanga-2022-comics,included,candidate-a8e7fda40fe4cfd357cf,work-a8e7fda40fe4cfd357cf,mapping-7adffd967ceff97799c3
tsugimanga-2022-comics-009,tsugimanga-2022-comics,included,candidate-f95d6610fc2fbda8e8cb,work-f95d6610fc2fbda8e8cb,mapping-749635f2aa48bc4070ef
tsugimanga-2022-comics-010,tsugimanga-2022-comics,included,candidate-6e6a9db48983aac5dc62,work-6e6a9db48983aac5dc62,mapping-9216db05f755c8d154a4
tsugimanga-2022-comics-011,tsugimanga-2022-comics,included,candidate-20a897f43b8dc9ecab2a,work-20a897f43b8dc9ecab2a,mapping-f1c8534c79a3b2f5cda5
tsugimanga-2022-comics-012,tsugimanga-2022-comics,included,candidate-e3e3b06b24e96ca6c417,work-e3e3b06b24e96ca6c417,mapping-b3e5fe8246998dd48b79
tsugimanga-2022-comics-013,tsugimanga-2022-comics,unresolved,,,
tsugimanga-2022-comics-014,tsugimanga-2022-comics,duplicate,candidate-e049c9aaf92ba31da8b0,work-e049c9aaf92ba31da8b0,mapping-f2dd831715962dc97d1a
tsugimanga-2022-comics-015,tsugimanga-2022-comics,included,candidate-3d9161d57fe3c9f659a9,work-3d9161d57fe3c9f659a9,mapping-4340238d67c0670d1732
tsugimanga-2022-comics-016,tsugimanga-2022-comics,included,candidate-017446dd1a9039d9839b,work-017446dd1a9039d9839b,mapping-f0d3625083d00ca09344
tsugimanga-2022-comics-017,tsugimanga-2022-comics,included,candidate-d174ef75d64341d695bd,work-d174ef75d64341d695bd,mapping-38af0958edb1b5dcc724
tsugimanga-2022-comics-018,tsugimanga-2022-comics,included,candidate-a5485a456a0896a0431b,work-a5485a456a0896a0431b,mapping-4c8ef1acaaef599dc0af
tsugimanga-2022-comics-019,tsugimanga-2022-comics,included,candidate-fd370d007a92cf6dd555,work-fd370d007a92cf6dd555,mapping-04c5277cb0c059bd9694
tsugimanga-2022-comics-020,tsugimanga-2022-comics,included,candidate-676196eea071166d9ebb,work-676196eea071166d9ebb,mapping-232f6c65a2bd75edc6b1
tsugimanga-2022-comics-021,tsugimanga-2022-comics,duplicate,candidate-c55467873ec70e670484,work-c55467873ec70e670484,mapping-82cda51667f0a77353d7
tsugimanga-2022-comics-022,tsugimanga-2022-comics,duplicate,candidate-197089286d30de82f9e9,work-197089286d30de82f9e9,mapping-d2b040c180f452d8c064
tsugimanga-2022-comics-023,tsugimanga-2022-comics,included,candidate-39d82f0787d47d6a646d,work-39d82f0787d47d6a646d,mapping-23a047bd17e14eb7fd13
tsugimanga-2022-comics-024,tsugimanga-2022-comics,included,candidate-f541db4a39d7d757c0b4,work-f541db4a39d7d757c0b4,mapping-d88fe4e385a48fcd8f22
tsugimanga-2022-comics-025,tsugimanga-2022-comics,included,candidate-a3182a646697c06c2526,work-a3182a646697c06c2526,mapping-d642f7a91d565ca7a172
tsugimanga-2022-comics-026,tsugimanga-2022-comics,included,candidate-3fc9f063116166ca75a2,work-3fc9f063116166ca75a2,mapping-b607c6c9aa2bd9159a1a
tsugimanga-2022-comics-027,tsugimanga-2022-comics,included,candidate-c62cd8a81b67b2feb839,work-c62cd8a81b67b2feb839,mapping-69cbf2a84c63b06f85e7
tsugimanga-2022-comics-028,tsugimanga-2022-comics,included,candidate-688d64732ca3e8e89060,work-688d64732ca3e8e89060,mapping-468d9503890bd3f3b495
tsugimanga-2022-comics-029,tsugimanga-2022-comics,unresolved,,,
tsugimanga-2022-comics-030,tsugimanga-2022-comics,included,candidate-019c4c86fb259730e7d0,work-019c4c86fb259730e7d0,mapping-82726cc8a020bdf6f1e0
tsugimanga-2022-comics-031,tsugimanga-2022-comics,duplicate,candidate-9f01ddaef8d3525c771f,work-9f01ddaef8d3525c771f,mapping-1225003d6c587a7ab904
tsugimanga-2022-comics-032,tsugimanga-2022-comics,unresolved,,,
tsugimanga-2022-comics-033,tsugimanga-2022-comics,included,candidate-8213f6affb514f8e1bb5,work-8213f6affb514f8e1bb5,mapping-6452d3f73924595c52c6
tsugimanga-2022-comics-034,tsugimanga-2022-comics,duplicate,candidate-28ffbc90daf057b04687,work-28ffbc90daf057b04687,mapping-f7a3f34fd6ca0962bc97
tsugimanga-2022-comics-035,tsugimanga-2022-comics,duplicate,candidate-ab1258948eec0e70b1ca,work-ab1258948eec0e70b1ca,mapping-465c0f94950a0c4e7778
tsugimanga-2022-comics-036,tsugimanga-2022-comics,included,candidate-ff5c00e958b24a1f3f5f,work-ff5c00e958b24a1f3f5f,mapping-bbd9d657f5492d05c030
tsugimanga-2022-comics-037,tsugimanga-2022-comics,duplicate,candidate-bd651877af1038890ba4,medalist,mapping-908717d07745dc1378e0
tsugimanga-2022-comics-038,tsugimanga-2022-comics,included,candidate-2af687c49ad9b5758f0f,work-2af687c49ad9b5758f0f,mapping-d39f3b0e6ff6a8cda2ff
tsugimanga-2022-comics-039,tsugimanga-2022-comics,included,candidate-79c9e81996a79ca53187,work-79c9e81996a79ca53187,mapping-50f4c03c9aac5bbb1cd7
tsugimanga-2022-comics-040,tsugimanga-2022-comics,duplicate,candidate-ad32c71b07fd13c65a79,work-ad32c71b07fd13c65a79,mapping-df28e4249bf346fcdf94
tsugimanga-2022-web-001,tsugimanga-2022-web,unresolved,,,
tsugimanga-2022-web-002,tsugimanga-2022-web,unresolved,,,
tsugimanga-2022-web-003,tsugimanga-2022-web,unresolved,,,
tsugimanga-2022-web-004,tsugimanga-2022-web,unresolved,,,
tsugimanga-2022-web-005,tsugimanga-2022-web,unresolved,,,
tsugimanga-2022-web-006,tsugimanga-2022-web,unresolved,,,
tsugimanga-2022-web-007,tsugimanga-2022-web,unresolved,,,
tsugimanga-2022-web-008,tsugimanga-2022-web,unresolved,,,
tsugimanga-2022-web-009,tsugimanga-2022-web,unresolved,,,
tsugimanga-2022-web-010,tsugimanga-2022-web,unresolved,,,
tsugimanga-2022-web-011,tsugimanga-2022-web,unresolved,,,
tsugimanga-2022-web-012,tsugimanga-2022-web,unresolved,,,
tsugimanga-2022-web-013,tsugimanga-2022-web,unresolved,,,
tsugimanga-2022-web-014,tsugimanga-2022-web,unresolved,,,
tsugimanga-2022-web-015,tsugimanga-2022-web,unresolved,,,
tsugimanga-2022-web-016,tsugimanga-2022-web,unresolved,,,
tsugimanga-2022-web-017,tsugimanga-2022-web,unresolved,,,
tsugimanga-2022-web-018,tsugimanga-2022-web,unresolved,,,
tsugimanga-2022-web-019,tsugimanga-2022-web,unresolved,,,
tsugimanga-2022-web-020,tsugimanga-2022-web,unresolved,,,
tsugimanga-2022-web-021,tsugimanga-2022-web,unresolved,,,
tsugimanga-2022-web-022,tsugimanga-2022-web,unresolved,,,
tsugimanga-2022-web-023,tsugimanga-2022-web,unresolved,,,
tsugimanga-2022-web-024,tsugimanga-2022-web,unresolved,,,
tsugimanga-2022-web-025,tsugimanga-2022-web,unresolved,,,
tsugimanga-2022-web-026,tsugimanga-2022-web,unresolved,,,
tsugimanga-2022-web-027,tsugimanga-2022-web,unresolved,,,
tsugimanga-2022-web-028,tsugimanga-2022-web,unresolved,,,
tsugimanga-2022-web-029,tsugimanga-2022-web,unresolved,,,
tsugimanga-2022-web-030,tsugimanga-2022-web,unresolved,,,
tsugimanga-2022-web-031,tsugimanga-2022-web,unresolved,,,
tsugimanga-2022-web-032,tsugimanga-2022-web,unresolved,,,
tsugimanga-2022-web-033,tsugimanga-2022-web,unresolved,,,
tsugimanga-2022-web-034,tsugimanga-2022-web,unresolved,,,
tsugimanga-2022-web-035,tsugimanga-2022-web,unresolved,,,
tsugimanga-2022-web-036,tsugimanga-2022-web,unresolved,,,
tsugimanga-2022-web-037,tsugimanga-2022-web,unresolved,,,
tsugimanga-2022-web-038,tsugimanga-2022-web,unresolved,,,
tsugimanga-2022-web-039,tsugimanga-2022-web,unresolved,,,
tsugimanga-2022-web-040,tsugimanga-2022-web,unresolved,,,
tsugimanga-2022-web-041,tsugimanga-2022-web,unresolved,,,
tsugimanga-2022-web-042,tsugimanga-2022-web,unresolved,,,
tsugimanga-2022-web-043,tsugimanga-2022-web,unresolved,,,
tsugimanga-2022-web-044,tsugimanga-2022-web,unresolved,,,
tsugimanga-2022-web-045,tsugimanga-2022-web,unresolved,,,
tsugimanga-2022-web-046,tsugimanga-2022-web,unresolved,,,
tsugimanga-2022-web-047,tsugimanga-2022-web,unresolved,,,
tsugimanga-2022-web-048,tsugimanga-2022-web,unresolved,,,
tsugimanga-2022-web-049,tsugimanga-2022-web,unresolved,,,
tsugimanga-2022-web-050,tsugimanga-2022-web,unresolved,,,
tsugimanga-2022-web-051,tsugimanga-2022-web,unresolved,,,
tsugimanga-2022-web-052,tsugimanga-2022-web,unresolved,,,
tsugimanga-2022-web-053,tsugimanga-2022-web,unresolved,,,
tsugimanga-2022-web-054,tsugimanga-2022-web,unresolved,,,
tsugimanga-2022-web-055,tsugimanga-2022-web,unresolved,,,
tsugimanga-2022-web-056,tsugimanga-2022-web,unresolved,,,
tsugimanga-2022-web-057,tsugimanga-2022-web,unresolved,,,
tsugimanga-2022-web-058,tsugimanga-2022-web,unresolved,,,
tsugimanga-2022-web-059,tsugimanga-2022-web,unresolved,,,
tsugimanga-2022-web-060,tsugimanga-2022-web,unresolved,,,
tsugimanga-2023-comics-001,tsugimanga-2023-comics,included,candidate-c327594a74d5eb536b5a,work-c327594a74d5eb536b5a,mapping-560e256cc05ec15d9c75
tsugimanga-2023-comics-002,tsugimanga-2023-comics,duplicate,candidate-b50b131e3e2bd7448d96,work-b50b131e3e2bd7448d96,mapping-8296826e7997c90800aa
tsugimanga-2023-comics-003,tsugimanga-2023-comics,included,candidate-33a859f6f205410851ee,work-33a859f6f205410851ee,mapping-2c3688c6a728da8f4953
tsugimanga-2023-comics-004,tsugimanga-2023-comics,included,candidate-a268fb6b187e6a7ffd72,work-a268fb6b187e6a7ffd72,mapping-0a5b9cfc5afef5c49f25
tsugimanga-2023-comics-005,tsugimanga-2023-comics,included,candidate-94e1e27d576ac0b355d8,work-94e1e27d576ac0b355d8,mapping-df26ee22a34ec78d6f35
tsugimanga-2023-comics-006,tsugimanga-2023-comics,included,candidate-7926c93b4fef38dd0704,work-7926c93b4fef38dd0704,mapping-be74ca34d2493ef4c3ab
tsugimanga-2023-comics-007,tsugimanga-2023-comics,duplicate,candidate-e99f79fc2d28a5b74951,work-e99f79fc2d28a5b74951,mapping-16804db3227e44d37d26
tsugimanga-2023-comics-008,tsugimanga-2023-comics,included,candidate-3f96705b3f33a3cd2667,work-3f96705b3f33a3cd2667,mapping-b90a05710a53e658e68b
tsugimanga-2023-comics-009,tsugimanga-2023-comics,duplicate,candidate-23a842306a70ec170a97,work-23a842306a70ec170a97,mapping-4593b87a55cb0ddb40ec
tsugimanga-2023-comics-010,tsugimanga-2023-comics,included,candidate-86bf2f7b461aa59499e9,work-86bf2f7b461aa59499e9,mapping-5668b12ccfe22a438b74
tsugimanga-2023-comics-011,tsugimanga-2023-comics,duplicate,candidate-a8e7fda40fe4cfd357cf,work-a8e7fda40fe4cfd357cf,mapping-11a92787967fea77aa0b
tsugimanga-2023-comics-012,tsugimanga-2023-comics,included,candidate-f8e6e860c6374d222d99,work-f8e6e860c6374d222d99,mapping-54db415a0587390024dd
tsugimanga-2023-comics-013,tsugimanga-2023-comics,included,candidate-37cb4c3cf0896c761d3a,work-37cb4c3cf0896c761d3a,mapping-054f0ecceda6ff02a68c
tsugimanga-2023-comics-014,tsugimanga-2023-comics,duplicate,candidate-6e6a9db48983aac5dc62,work-6e6a9db48983aac5dc62,mapping-1d7d83f1d749c0f772ee
tsugimanga-2023-comics-015,tsugimanga-2023-comics,included,candidate-f8cb26831612e0c6ece5,work-f8cb26831612e0c6ece5,mapping-036c31c40442eaa987e1
tsugimanga-2023-comics-016,tsugimanga-2023-comics,included,candidate-e9e3a50943030f45254f,work-e9e3a50943030f45254f,mapping-0c8cd475372e0e1fd112
tsugimanga-2023-comics-017,tsugimanga-2023-comics,included,candidate-b4959f8ba3d80eab7fdc,work-b4959f8ba3d80eab7fdc,mapping-2b93d0fc1e26b388f996
tsugimanga-2023-comics-018,tsugimanga-2023-comics,duplicate,candidate-676196eea071166d9ebb,work-676196eea071166d9ebb,mapping-a137b9d1ff8dc8610b15
tsugimanga-2023-comics-019,tsugimanga-2023-comics,included,candidate-256eeb839e052e0b24c4,work-256eeb839e052e0b24c4,mapping-ac1ef6552b5659e9136e
tsugimanga-2023-comics-020,tsugimanga-2023-comics,duplicate,candidate-081e75d8bbc53ac64713,work-081e75d8bbc53ac64713,mapping-fbb46989099150dba40d
tsugimanga-2023-comics-021,tsugimanga-2023-comics,duplicate,candidate-197089286d30de82f9e9,work-197089286d30de82f9e9,mapping-76b3ab157c45cc34e073
tsugimanga-2023-comics-022,tsugimanga-2023-comics,included,candidate-969bcc1f8f1adbdcdbc9,work-969bcc1f8f1adbdcdbc9,mapping-07f5af0c994b6a423244
tsugimanga-2023-comics-023,tsugimanga-2023-comics,duplicate,candidate-39d82f0787d47d6a646d,work-39d82f0787d47d6a646d,mapping-22d5a6f653e291c90cb6
tsugimanga-2023-comics-024,tsugimanga-2023-comics,included,candidate-037650a8271f1e898e0f,work-037650a8271f1e898e0f,mapping-b5b4bbb6cba68070ddee
tsugimanga-2023-comics-025,tsugimanga-2023-comics,included,candidate-366a0d9d6ccc876b7c04,work-366a0d9d6ccc876b7c04,mapping-92d175e45aefda41c14f
tsugimanga-2023-comics-026,tsugimanga-2023-comics,included,candidate-18e08fe95968a6537773,work-18e08fe95968a6537773,mapping-46fb3b7f38df8a263c6e
tsugimanga-2023-comics-027,tsugimanga-2023-comics,duplicate,candidate-3fc9f063116166ca75a2,work-3fc9f063116166ca75a2,mapping-7ee07985c96750b5506d
tsugimanga-2023-comics-028,tsugimanga-2023-comics,unresolved,,,
tsugimanga-2023-comics-029,tsugimanga-2023-comics,duplicate,candidate-688d64732ca3e8e89060,work-688d64732ca3e8e89060,mapping-0e500f38ce5dcdfe9cf9
tsugimanga-2023-comics-030,tsugimanga-2023-comics,included,candidate-498772ec1afff132af28,work-498772ec1afff132af28,mapping-b5b9e3517a457d00ccf0
tsugimanga-2023-comics-031,tsugimanga-2023-comics,unresolved,,,
tsugimanga-2023-comics-032,tsugimanga-2023-comics,included,candidate-ac4059b89f3366ca7a17,work-ac4059b89f3366ca7a17,mapping-d9a9ece87fb54ff4d72a
tsugimanga-2023-comics-033,tsugimanga-2023-comics,included,candidate-1b7812afe1c1ec2f6d03,work-1b7812afe1c1ec2f6d03,mapping-bc65d6d3a0d00ad116ee
tsugimanga-2023-comics-034,tsugimanga-2023-comics,included,candidate-9ea21464345e9489a6c2,work-9ea21464345e9489a6c2,mapping-62070497711dc8e2f581
tsugimanga-2023-comics-035,tsugimanga-2023-comics,duplicate,candidate-ff5c00e958b24a1f3f5f,work-ff5c00e958b24a1f3f5f,mapping-c56a1c1ea4da7379c0f3
tsugimanga-2023-comics-036,tsugimanga-2023-comics,included,candidate-40e3fe023da8766aeedb,work-40e3fe023da8766aeedb,mapping-9fc4a500551fe5888db5
tsugimanga-2023-comics-037,tsugimanga-2023-comics,included,candidate-c8483ec374a763860621,work-c8483ec374a763860621,mapping-db80447781d5ca8ad202
tsugimanga-2023-comics-038,tsugimanga-2023-comics,included,candidate-0cf463005cc77eeded8e,work-0cf463005cc77eeded8e,mapping-04e83d4d1f29537890d8
tsugimanga-2023-comics-039,tsugimanga-2023-comics,unresolved,,,
tsugimanga-2023-comics-040,tsugimanga-2023-comics,included,candidate-c0c630ff4d186daf762d,work-c0c630ff4d186daf762d,mapping-af6de123ae7d8522bece
tsugimanga-2023-web-001,tsugimanga-2023-web,unresolved,,,
tsugimanga-2023-web-002,tsugimanga-2023-web,unresolved,,,
tsugimanga-2023-web-003,tsugimanga-2023-web,unresolved,,,
tsugimanga-2023-web-004,tsugimanga-2023-web,unresolved,,,
tsugimanga-2023-web-005,tsugimanga-2023-web,unresolved,,,
tsugimanga-2023-web-006,tsugimanga-2023-web,unresolved,,,
tsugimanga-2023-web-007,tsugimanga-2023-web,unresolved,,,
tsugimanga-2023-web-008,tsugimanga-2023-web,unresolved,,,
tsugimanga-2023-web-009,tsugimanga-2023-web,unresolved,,,
tsugimanga-2023-web-010,tsugimanga-2023-web,unresolved,,,
tsugimanga-2023-web-011,tsugimanga-2023-web,unresolved,,,
tsugimanga-2023-web-012,tsugimanga-2023-web,unresolved,,,
tsugimanga-2023-web-013,tsugimanga-2023-web,unresolved,,,
tsugimanga-2023-web-014,tsugimanga-2023-web,unresolved,,,
tsugimanga-2023-web-015,tsugimanga-2023-web,unresolved,,,
tsugimanga-2023-web-016,tsugimanga-2023-web,unresolved,,,
tsugimanga-2023-web-017,tsugimanga-2023-web,unresolved,,,
tsugimanga-2023-web-018,tsugimanga-2023-web,unresolved,,,
tsugimanga-2023-web-019,tsugimanga-2023-web,unresolved,,,
tsugimanga-2023-web-020,tsugimanga-2023-web,unresolved,,,
tsugimanga-2023-web-021,tsugimanga-2023-web,unresolved,,,
tsugimanga-2023-web-022,tsugimanga-2023-web,unresolved,,,
tsugimanga-2023-web-023,tsugimanga-2023-web,unresolved,,,
tsugimanga-2023-web-024,tsugimanga-2023-web,unresolved,,,
tsugimanga-2023-web-025,tsugimanga-2023-web,unresolved,,,
tsugimanga-2023-web-026,tsugimanga-2023-web,unresolved,,,
tsugimanga-2023-web-027,tsugimanga-2023-web,unresolved,,,
tsugimanga-2023-web-028,tsugimanga-2023-web,unresolved,,,
tsugimanga-2023-web-029,tsugimanga-2023-web,unresolved,,,
tsugimanga-2023-web-030,tsugimanga-2023-web,unresolved,,,
tsugimanga-2023-web-031,tsugimanga-2023-web,unresolved,,,
tsugimanga-2023-web-032,tsugimanga-2023-web,unresolved,,,
tsugimanga-2023-web-033,tsugimanga-2023-web,unresolved,,,
tsugimanga-2023-web-034,tsugimanga-2023-web,unresolved,,,
tsugimanga-2023-web-035,tsugimanga-2023-web,unresolved,,,
tsugimanga-2023-web-036,tsugimanga-2023-web,unresolved,,,
tsugimanga-2023-web-037,tsugimanga-2023-web,unresolved,,,
tsugimanga-2023-web-038,tsugimanga-2023-web,unresolved,,,
tsugimanga-2023-web-039,tsugimanga-2023-web,unresolved,,,
tsugimanga-2023-web-040,tsugimanga-2023-web,unresolved,,,
tsugimanga-2023-web-041,tsugimanga-2023-web,unresolved,,,
tsugimanga-2023-web-042,tsugimanga-2023-web,unresolved,,,
tsugimanga-2023-web-043,tsugimanga-2023-web,unresolved,,,
tsugimanga-2023-web-044,tsugimanga-2023-web,unresolved,,,
tsugimanga-2023-web-045,tsugimanga-2023-web,unresolved,,,
tsugimanga-2023-web-046,tsugimanga-2023-web,unresolved,,,
tsugimanga-2023-web-047,tsugimanga-2023-web,unresolved,,,
tsugimanga-2023-web-048,tsugimanga-2023-web,unresolved,,,
tsugimanga-2023-web-049,tsugimanga-2023-web,unresolved,,,
tsugimanga-2023-web-050,tsugimanga-2023-web,unresolved,,,
tsugimanga-2023-web-051,tsugimanga-2023-web,unresolved,,,
tsugimanga-2023-web-052,tsugimanga-2023-web,unresolved,,,
tsugimanga-2023-web-053,tsugimanga-2023-web,unresolved,,,
tsugimanga-2023-web-054,tsugimanga-2023-web,unresolved,,,
tsugimanga-2023-web-055,tsugimanga-2023-web,unresolved,,,
tsugimanga-2023-web-056,tsugimanga-2023-web,unresolved,,,
tsugimanga-2023-web-057,tsugimanga-2023-web,unresolved,,,
tsugimanga-2023-web-058,tsugimanga-2023-web,unresolved,,,
tsugimanga-2023-web-059,tsugimanga-2023-web,unresolved,,,
tsugimanga-2023-web-060,tsugimanga-2023-web,unresolved,,,
tsugimanga-2024-comics-001,tsugimanga-2024-comics,included,candidate-52fee99827626be2d8d4,work-52fee99827626be2d8d4,mapping-3c30c0ecfdd9f3a17a3e
tsugimanga-2024-comics-002,tsugimanga-2024-comics,included,candidate-2f1d1c3ad0f943f1562f,work-2f1d1c3ad0f943f1562f,mapping-2d280ed0e5fd5ca84133
tsugimanga-2024-comics-003,tsugimanga-2024-comics,included,candidate-a5a6e4383b0ae45add35,work-a5a6e4383b0ae45add35,mapping-4bc3b7c8604c29945bf9
tsugimanga-2024-comics-004,tsugimanga-2024-comics,included,candidate-9c412903936a15ec703f,work-9c412903936a15ec703f,mapping-a3fe82882a78030d9b71
tsugimanga-2024-comics-005,tsugimanga-2024-comics,included,candidate-2be5ce3ac89139bd4cdb,work-2be5ce3ac89139bd4cdb,mapping-1f6b278450c9ad4e7641
tsugimanga-2024-comics-006,tsugimanga-2024-comics,included,candidate-4ad0055c4138e1db1a50,work-4ad0055c4138e1db1a50,mapping-b2f1f6e989ab4650c118
tsugimanga-2024-comics-007,tsugimanga-2024-comics,included,candidate-84c97edfd513b78e016d,work-84c97edfd513b78e016d,mapping-59c843b79afd6f577921
tsugimanga-2024-comics-008,tsugimanga-2024-comics,included,candidate-2df743e085adef5e9bd3,work-2df743e085adef5e9bd3,mapping-f3d3bccf75630434463f
tsugimanga-2024-comics-009,tsugimanga-2024-comics,included,candidate-19914389b95a96a94e2b,work-19914389b95a96a94e2b,mapping-10a1cdc8b473bf5beea4
tsugimanga-2024-comics-010,tsugimanga-2024-comics,duplicate,candidate-3ba6e8e3cfdec674eae3,work-3ba6e8e3cfdec674eae3,mapping-518708e037135d1689d2
tsugimanga-2024-comics-011,tsugimanga-2024-comics,included,candidate-5c087d77d180e30fe3dd,work-5c087d77d180e30fe3dd,mapping-db962d77984062754acf
tsugimanga-2024-comics-012,tsugimanga-2024-comics,included,candidate-63a02701de53ec56aee7,work-63a02701de53ec56aee7,mapping-678042f241f30b182173
tsugimanga-2024-comics-013,tsugimanga-2024-comics,included,candidate-064c0062e7a8e29cfbed,work-064c0062e7a8e29cfbed,mapping-0db7c67182f8872a1771
tsugimanga-2024-comics-014,tsugimanga-2024-comics,included,candidate-1aaf3b559f7d9c7f85e3,work-1aaf3b559f7d9c7f85e3,mapping-0e3f3005d4edba52dc47
tsugimanga-2024-comics-015,tsugimanga-2024-comics,included,candidate-6aca73a811d5d55bae1c,work-6aca73a811d5d55bae1c,mapping-c6f7b7d3119ae0938b1e
tsugimanga-2024-comics-016,tsugimanga-2024-comics,included,candidate-05a1239f0ad4637650cd,work-05a1239f0ad4637650cd,mapping-68f56ea1e2548d058939
tsugimanga-2024-comics-017,tsugimanga-2024-comics,included,candidate-b4ba31a2137661c5d9b7,work-b4ba31a2137661c5d9b7,mapping-4c81c3b3f1c4431c5746
tsugimanga-2024-comics-018,tsugimanga-2024-comics,included,candidate-c3fd0f24e8e29bf2f93a,work-c3fd0f24e8e29bf2f93a,mapping-10d94dc444985cd00227
tsugimanga-2024-comics-019,tsugimanga-2024-comics,unresolved,,,
tsugimanga-2024-comics-020,tsugimanga-2024-comics,included,candidate-131ba7a362fa9e38a10a,work-131ba7a362fa9e38a10a,mapping-ab6432d2f3cb42bc5d78
tsugimanga-2024-comics-021,tsugimanga-2024-comics,included,candidate-53f05f63e741cd17ee72,work-53f05f63e741cd17ee72,mapping-18310056b667e53e360b
tsugimanga-2024-comics-022,tsugimanga-2024-comics,duplicate,candidate-18e08fe95968a6537773,work-18e08fe95968a6537773,mapping-fea3baa75c61a46cf0ff
tsugimanga-2024-comics-023,tsugimanga-2024-comics,included,candidate-c7280f9dcc2754d3f864,work-c7280f9dcc2754d3f864,mapping-aa5b1eb92916327cde68
tsugimanga-2024-comics-024,tsugimanga-2024-comics,included,candidate-6e3dde80b35cc4836296,work-6e3dde80b35cc4836296,mapping-b8cbbff6dd9e87843be1
tsugimanga-2024-comics-025,tsugimanga-2024-comics,included,candidate-2d385ad0525742330e70,work-2d385ad0525742330e70,mapping-f639c8214496baa5c358
tsugimanga-2024-comics-026,tsugimanga-2024-comics,included,candidate-96fc9ffa3f2892697285,work-96fc9ffa3f2892697285,mapping-2f01a76000137a68d0fd
tsugimanga-2024-comics-027,tsugimanga-2024-comics,included,candidate-d02d7530d9eabb88ed8a,work-d02d7530d9eabb88ed8a,mapping-e14bc1c89219795ecc0c
tsugimanga-2024-comics-028,tsugimanga-2024-comics,unresolved,,,
tsugimanga-2024-comics-029,tsugimanga-2024-comics,included,candidate-7461bbfdb466b4a51c7f,work-7461bbfdb466b4a51c7f,mapping-b20a776f9e846d430191
tsugimanga-2024-comics-030,tsugimanga-2024-comics,duplicate,candidate-498772ec1afff132af28,work-498772ec1afff132af28,mapping-57a7e193bf7266896cac
tsugimanga-2024-comics-031,tsugimanga-2024-comics,included,candidate-c9e32218e26c6c6292f9,work-c9e32218e26c6c6292f9,mapping-d717d2bfadced41d3f32
tsugimanga-2024-comics-032,tsugimanga-2024-comics,included,candidate-3c53e98cd338a3dd4681,work-3c53e98cd338a3dd4681,mapping-97cfc66660acc237f9cc
tsugimanga-2024-comics-033,tsugimanga-2024-comics,included,candidate-acf8f385f6db7ee0548f,work-acf8f385f6db7ee0548f,mapping-1cc44256bbec974f9b79
tsugimanga-2024-comics-034,tsugimanga-2024-comics,included,candidate-f2352e76ccf92709ca6e,work-f2352e76ccf92709ca6e,mapping-3de58c9e4d229292fee9
tsugimanga-2024-comics-035,tsugimanga-2024-comics,included,candidate-e5d006a0e329882e64a5,work-e5d006a0e329882e64a5,mapping-029a64f5fa71ceacbf1b
tsugimanga-2024-comics-036,tsugimanga-2024-comics,unresolved,,,
tsugimanga-2024-comics-037,tsugimanga-2024-comics,included,candidate-b1517b435e9cba65ed3a,work-b1517b435e9cba65ed3a,mapping-10347d39c74d66dbb204
tsugimanga-2024-comics-038,tsugimanga-2024-comics,duplicate,candidate-40e3fe023da8766aeedb,work-40e3fe023da8766aeedb,mapping-7932bd06fcf25324c463
tsugimanga-2024-comics-039,tsugimanga-2024-comics,duplicate,candidate-c8483ec374a763860621,work-c8483ec374a763860621,mapping-98293b543948d720597e
tsugimanga-2024-comics-040,tsugimanga-2024-comics,included,candidate-37ecced0b2392d7af9b2,work-37ecced0b2392d7af9b2,mapping-2425a706b7111c4a45fc
tsugimanga-2024-web-001,tsugimanga-2024-web,unresolved,,,
tsugimanga-2024-web-002,tsugimanga-2024-web,unresolved,,,
tsugimanga-2024-web-003,tsugimanga-2024-web,unresolved,,,
tsugimanga-2024-web-004,tsugimanga-2024-web,unresolved,,,
tsugimanga-2024-web-005,tsugimanga-2024-web,unresolved,,,
tsugimanga-2024-web-006,tsugimanga-2024-web,unresolved,,,
tsugimanga-2024-web-007,tsugimanga-2024-web,unresolved,,,
tsugimanga-2024-web-008,tsugimanga-2024-web,unresolved,,,
tsugimanga-2024-web-009,tsugimanga-2024-web,unresolved,,,
tsugimanga-2024-web-010,tsugimanga-2024-web,unresolved,,,
tsugimanga-2024-web-011,tsugimanga-2024-web,unresolved,,,
tsugimanga-2024-web-012,tsugimanga-2024-web,unresolved,,,
tsugimanga-2024-web-013,tsugimanga-2024-web,unresolved,,,
tsugimanga-2024-web-014,tsugimanga-2024-web,unresolved,,,
tsugimanga-2024-web-015,tsugimanga-2024-web,unresolved,,,
tsugimanga-2024-web-016,tsugimanga-2024-web,unresolved,,,
tsugimanga-2024-web-017,tsugimanga-2024-web,unresolved,,,
tsugimanga-2024-web-018,tsugimanga-2024-web,unresolved,,,
tsugimanga-2024-web-019,tsugimanga-2024-web,unresolved,,,
tsugimanga-2024-web-020,tsugimanga-2024-web,unresolved,,,
tsugimanga-2024-web-021,tsugimanga-2024-web,unresolved,,,
tsugimanga-2024-web-022,tsugimanga-2024-web,unresolved,,,
tsugimanga-2024-web-023,tsugimanga-2024-web,unresolved,,,
tsugimanga-2024-web-024,tsugimanga-2024-web,unresolved,,,
tsugimanga-2024-web-025,tsugimanga-2024-web,unresolved,,,
tsugimanga-2024-web-026,tsugimanga-2024-web,unresolved,,,
tsugimanga-2024-web-027,tsugimanga-2024-web,unresolved,,,
tsugimanga-2024-web-028,tsugimanga-2024-web,unresolved,,,
tsugimanga-2024-web-029,tsugimanga-2024-web,unresolved,,,
tsugimanga-2024-web-030,tsugimanga-2024-web,unresolved,,,
tsugimanga-2024-web-031,tsugimanga-2024-web,unresolved,,,
tsugimanga-2024-web-032,tsugimanga-2024-web,unresolved,,,
tsugimanga-2024-web-033,tsugimanga-2024-web,unresolved,,,
tsugimanga-2024-web-034,tsugimanga-2024-web,unresolved,,,
tsugimanga-2024-web-035,tsugimanga-2024-web,unresolved,,,
tsugimanga-2024-web-036,tsugimanga-2024-web,unresolved,,,
tsugimanga-2024-web-037,tsugimanga-2024-web,unresolved,,,
tsugimanga-2024-web-038,tsugimanga-2024-web,unresolved,,,
tsugimanga-2024-web-039,tsugimanga-2024-web,unresolved,,,
tsugimanga-2024-web-040,tsugimanga-2024-web,unresolved,,,
tsugimanga-2024-web-041,tsugimanga-2024-web,unresolved,,,
tsugimanga-2024-web-042,tsugimanga-2024-web,unresolved,,,
tsugimanga-2024-web-043,tsugimanga-2024-web,unresolved,,,
tsugimanga-2024-web-044,tsugimanga-2024-web,unresolved,,,
tsugimanga-2024-web-045,tsugimanga-2024-web,unresolved,,,
tsugimanga-2024-web-046,tsugimanga-2024-web,unresolved,,,
tsugimanga-2024-web-047,tsugimanga-2024-web,unresolved,,,
tsugimanga-2024-web-048,tsugimanga-2024-web,unresolved,,,
tsugimanga-2024-web-049,tsugimanga-2024-web,unresolved,,,
tsugimanga-2024-web-050,tsugimanga-2024-web,unresolved,,,
tsugimanga-2024-web-051,tsugimanga-2024-web,unresolved,,,
tsugimanga-2024-web-052,tsugimanga-2024-web,unresolved,,,
tsugimanga-2024-web-053,tsugimanga-2024-web,unresolved,,,
tsugimanga-2024-web-054,tsugimanga-2024-web,unresolved,,,
tsugimanga-2024-web-055,tsugimanga-2024-web,unresolved,,,
tsugimanga-2024-web-056,tsugimanga-2024-web,unresolved,,,
tsugimanga-2024-web-057,tsugimanga-2024-web,unresolved,,,
tsugimanga-2024-web-058,tsugimanga-2024-web,unresolved,,,
tsugimanga-2024-web-059,tsugimanga-2024-web,unresolved,,,
tsugimanga-2024-web-060,tsugimanga-2024-web,unresolved,,,
tsugimanga-2025-comics-001,tsugimanga-2025-comics,included,candidate-027ed39e9d921537ad67,work-027ed39e9d921537ad67,mapping-ce1b678bf0540bb80398
tsugimanga-2025-comics-002,tsugimanga-2025-comics,included,candidate-b3ea582f72fd539f881c,work-b3ea582f72fd539f881c,mapping-2bce1875cb59e465a944
tsugimanga-2025-comics-003,tsugimanga-2025-comics,included,candidate-bc213d5c418d27ebcf2a,work-bc213d5c418d27ebcf2a,mapping-e468fb8876cf67159895
tsugimanga-2025-comics-004,tsugimanga-2025-comics,included,candidate-112589a161d1596ec97f,work-112589a161d1596ec97f,mapping-1ba9a09bfbd0f4a841b0
tsugimanga-2025-comics-005,tsugimanga-2025-comics,included,candidate-896cdea5c2a2fc018926,work-896cdea5c2a2fc018926,mapping-b930c0c32843670618e9
tsugimanga-2025-comics-006,tsugimanga-2025-comics,included,candidate-e90bfb1f7f9855d05d00,work-e90bfb1f7f9855d05d00,mapping-28cdc9dfba70266730a3
tsugimanga-2025-comics-007,tsugimanga-2025-comics,included,candidate-25f4d6c9c2735279f479,work-25f4d6c9c2735279f479,mapping-0624968a5a1dc4ac0a7c
tsugimanga-2025-comics-008,tsugimanga-2025-comics,duplicate,candidate-9c412903936a15ec703f,work-9c412903936a15ec703f,mapping-277985966b1aee180b7b
tsugimanga-2025-comics-009,tsugimanga-2025-comics,included,candidate-4a6ea4bff716a540febb,work-4a6ea4bff716a540febb,mapping-b43f3eba5d6d1e2a1435
tsugimanga-2025-comics-010,tsugimanga-2025-comics,duplicate,candidate-5c087d77d180e30fe3dd,work-5c087d77d180e30fe3dd,mapping-05d5c4513ac5ba0c76a7
tsugimanga-2025-comics-011,tsugimanga-2025-comics,duplicate,candidate-f8cb26831612e0c6ece5,work-f8cb26831612e0c6ece5,mapping-904b1c65c6a89b8b8131
tsugimanga-2025-comics-012,tsugimanga-2025-comics,duplicate,candidate-064c0062e7a8e29cfbed,work-064c0062e7a8e29cfbed,mapping-85839efd034636b51f69
tsugimanga-2025-comics-013,tsugimanga-2025-comics,included,candidate-28102756d9fe31e97bf9,work-28102756d9fe31e97bf9,mapping-bdfec242f85b0736e0ba
tsugimanga-2025-comics-014,tsugimanga-2025-comics,included,candidate-ec57ca4782916aea3f87,work-ec57ca4782916aea3f87,mapping-0db8e4d0074b6b8d200d
tsugimanga-2025-comics-015,tsugimanga-2025-comics,included,candidate-c480fbff0341ffcc2d17,work-c480fbff0341ffcc2d17,mapping-887aedf8fee1bb280a1f
tsugimanga-2025-comics-016,tsugimanga-2025-comics,included,candidate-574a0d3c5c25d8741ba5,work-574a0d3c5c25d8741ba5,mapping-8cfda9da9c819e410f64
tsugimanga-2025-comics-017,tsugimanga-2025-comics,included,candidate-a960372ed5efa4031896,work-a960372ed5efa4031896,mapping-a5f38e74bbdcccff2c7c
tsugimanga-2025-comics-018,tsugimanga-2025-comics,included,candidate-7c638f30f715d60969ae,work-7c638f30f715d60969ae,mapping-45682431cce84481d483
tsugimanga-2025-comics-019,tsugimanga-2025-comics,duplicate,candidate-131ba7a362fa9e38a10a,work-131ba7a362fa9e38a10a,mapping-821a52eb76639751b394
tsugimanga-2025-comics-020,tsugimanga-2025-comics,duplicate,candidate-53f05f63e741cd17ee72,work-53f05f63e741cd17ee72,mapping-78e12f1a03741d846aa2
tsugimanga-2025-comics-021,tsugimanga-2025-comics,included,candidate-c2f3864045578cebb590,work-c2f3864045578cebb590,mapping-bd6a20272769ce2d279b
tsugimanga-2025-comics-022,tsugimanga-2025-comics,duplicate,candidate-d02d7530d9eabb88ed8a,work-d02d7530d9eabb88ed8a,mapping-6a3d98916573029beb1e
tsugimanga-2025-comics-023,tsugimanga-2025-comics,duplicate,candidate-7461bbfdb466b4a51c7f,work-7461bbfdb466b4a51c7f,mapping-ef09e0b39b2a373708ca
tsugimanga-2025-comics-024,tsugimanga-2025-comics,included,candidate-a33cda6fe7a6aedc1ef2,work-a33cda6fe7a6aedc1ef2,mapping-96aa275a22b52413ccb4
tsugimanga-2025-comics-025,tsugimanga-2025-comics,included,candidate-7aa23df2c051d68240fb,work-7aa23df2c051d68240fb,mapping-5bcb800b450f2de8548c
tsugimanga-2025-comics-026,tsugimanga-2025-comics,included,candidate-38dcff6f4e81728e8ec9,work-38dcff6f4e81728e8ec9,mapping-a37519ee3dab6e1aa1e8
tsugimanga-2025-comics-027,tsugimanga-2025-comics,duplicate,candidate-c9e32218e26c6c6292f9,work-c9e32218e26c6c6292f9,mapping-0008ba837131b7b43070
tsugimanga-2025-comics-028,tsugimanga-2025-comics,included,candidate-4fbfbe587493acba3a24,work-4fbfbe587493acba3a24,mapping-96bb84cfa1d982b85ffa
tsugimanga-2025-comics-029,tsugimanga-2025-comics,included,candidate-3d0b058e9dd53c35b8df,work-3d0b058e9dd53c35b8df,mapping-89262a4379f3080436dd
tsugimanga-2025-comics-030,tsugimanga-2025-comics,included,candidate-a35a61b852c16a061059,work-a35a61b852c16a061059,mapping-ac86bd4084e725b7f8f7
tsugimanga-2025-comics-031,tsugimanga-2025-comics,included,candidate-025c8ab93483a39c9330,work-025c8ab93483a39c9330,mapping-2807a031a8264ecc0567
tsugimanga-2025-comics-032,tsugimanga-2025-comics,duplicate,candidate-192cbecc59e9c028142b,work-192cbecc59e9c028142b,mapping-db1bb74c4b2ed6bbd196
tsugimanga-2025-comics-033,tsugimanga-2025-comics,included,candidate-7ec5c82be5c9a60ef16d,work-7ec5c82be5c9a60ef16d,mapping-257d1937081485b9d520
tsugimanga-2025-comics-034,tsugimanga-2025-comics,included,candidate-8f5c877d8aea310a2d2f,work-8f5c877d8aea310a2d2f,mapping-2a12b26d89ca1d93d76e
tsugimanga-2025-comics-035,tsugimanga-2025-comics,included,candidate-a68955f5898263495c4d,work-a68955f5898263495c4d,mapping-c55fdd2e8fced3167703
tsugimanga-2025-comics-036,tsugimanga-2025-comics,duplicate,candidate-acf8f385f6db7ee0548f,work-acf8f385f6db7ee0548f,mapping-d68c1dd07cd77aeb64f8
tsugimanga-2025-comics-037,tsugimanga-2025-comics,included,candidate-ffb27b6611e39f1e117c,work-ffb27b6611e39f1e117c,mapping-05d0af0b0dfdecc13429
tsugimanga-2025-comics-038,tsugimanga-2025-comics,unresolved,,,
tsugimanga-2025-comics-039,tsugimanga-2025-comics,included,candidate-e2baae997e409dd21d77,work-e2baae997e409dd21d77,mapping-90e3696d219831484cee
tsugimanga-2025-comics-040,tsugimanga-2025-comics,included,candidate-d7dad5b0bc4de926cc16,work-d7dad5b0bc4de926cc16,mapping-6f11b4644472bd5c190f
tsugimanga-2025-web-001,tsugimanga-2025-web,unresolved,,,
tsugimanga-2025-web-002,tsugimanga-2025-web,unresolved,,,
tsugimanga-2025-web-003,tsugimanga-2025-web,unresolved,,,
tsugimanga-2025-web-004,tsugimanga-2025-web,unresolved,,,
tsugimanga-2025-web-005,tsugimanga-2025-web,unresolved,,,
tsugimanga-2025-web-006,tsugimanga-2025-web,unresolved,,,
tsugimanga-2025-web-007,tsugimanga-2025-web,unresolved,,,
tsugimanga-2025-web-008,tsugimanga-2025-web,unresolved,,,
tsugimanga-2025-web-009,tsugimanga-2025-web,unresolved,,,
tsugimanga-2025-web-010,tsugimanga-2025-web,unresolved,,,
tsugimanga-2025-web-011,tsugimanga-2025-web,unresolved,,,
tsugimanga-2025-web-012,tsugimanga-2025-web,unresolved,,,
tsugimanga-2025-web-013,tsugimanga-2025-web,unresolved,,,
tsugimanga-2025-web-014,tsugimanga-2025-web,unresolved,,,
tsugimanga-2025-web-015,tsugimanga-2025-web,unresolved,,,
tsugimanga-2025-web-016,tsugimanga-2025-web,unresolved,,,
tsugimanga-2025-web-017,tsugimanga-2025-web,unresolved,,,
tsugimanga-2025-web-018,tsugimanga-2025-web,unresolved,,,
tsugimanga-2025-web-019,tsugimanga-2025-web,unresolved,,,
tsugimanga-2025-web-020,tsugimanga-2025-web,unresolved,,,
tsugimanga-2025-web-021,tsugimanga-2025-web,unresolved,,,
tsugimanga-2025-web-022,tsugimanga-2025-web,unresolved,,,
tsugimanga-2025-web-023,tsugimanga-2025-web,unresolved,,,
tsugimanga-2025-web-024,tsugimanga-2025-web,unresolved,,,
tsugimanga-2025-web-025,tsugimanga-2025-web,unresolved,,,
tsugimanga-2025-web-026,tsugimanga-2025-web,unresolved,,,
tsugimanga-2025-web-027,tsugimanga-2025-web,unresolved,,,
tsugimanga-2025-web-028,tsugimanga-2025-web,unresolved,,,
tsugimanga-2025-web-029,tsugimanga-2025-web,unresolved,,,
tsugimanga-2025-web-030,tsugimanga-2025-web,unresolved,,,
tsugimanga-2025-web-031,tsugimanga-2025-web,unresolved,,,
tsugimanga-2025-web-032,tsugimanga-2025-web,unresolved,,,
tsugimanga-2025-web-033,tsugimanga-2025-web,unresolved,,,
tsugimanga-2025-web-034,tsugimanga-2025-web,unresolved,,,
tsugimanga-2025-web-035,tsugimanga-2025-web,unresolved,,,
tsugimanga-2025-web-036,tsugimanga-2025-web,unresolved,,,
tsugimanga-2025-web-037,tsugimanga-2025-web,unresolved,,,
tsugimanga-2025-web-038,tsugimanga-2025-web,unresolved,,,
tsugimanga-2025-web-039,tsugimanga-2025-web,unresolved,,,
tsugimanga-2025-web-040,tsugimanga-2025-web,unresolved,,,
tsugimanga-2025-web-041,tsugimanga-2025-web,unresolved,,,
tsugimanga-2025-web-042,tsugimanga-2025-web,unresolved,,,
tsugimanga-2025-web-043,tsugimanga-2025-web,unresolved,,,
tsugimanga-2025-web-044,tsugimanga-2025-web,unresolved,,,
tsugimanga-2025-web-045,tsugimanga-2025-web,unresolved,,,
tsugimanga-2025-web-046,tsugimanga-2025-web,unresolved,,,
tsugimanga-2025-web-047,tsugimanga-2025-web,unresolved,,,
tsugimanga-2025-web-048,tsugimanga-2025-web,unresolved,,,
tsugimanga-2025-web-049,tsugimanga-2025-web,unresolved,,,
tsugimanga-2025-web-050,tsugimanga-2025-web,unresolved,,,
tsugimanga-2025-web-051,tsugimanga-2025-web,unresolved,,,
tsugimanga-2025-web-052,tsugimanga-2025-web,unresolved,,,
tsugimanga-2025-web-053,tsugimanga-2025-web,unresolved,,,
tsugimanga-2025-web-054,tsugimanga-2025-web,unresolved,,,
tsugimanga-2025-web-055,tsugimanga-2025-web,unresolved,,,
tsugimanga-2025-web-056,tsugimanga-2025-web,unresolved,,,
tsugimanga-2025-web-057,tsugimanga-2025-web,unresolved,,,
tsugimanga-2025-web-058,tsugimanga-2025-web,unresolved,,,
tsugimanga-2025-web-059,tsugimanga-2025-web,unresolved,,,
tsugimanga-2025-web-060,tsugimanga-2025-web,unresolved,,,
tsugimanga-2026-comics-001,tsugimanga-2026-comics,included,candidate-95fd611e0a1d2fd733c9,work-95fd611e0a1d2fd733c9,mapping-38f98df8a4c3e973e122
tsugimanga-2026-comics-002,tsugimanga-2026-comics,included,candidate-89cec8cc100900d67d7e,work-89cec8cc100900d67d7e,mapping-2bd8386fe2ee6f797803
tsugimanga-2026-comics-003,tsugimanga-2026-comics,included,candidate-253f5626d3ce094fb544,work-253f5626d3ce094fb544,mapping-cb7831d86f4d66684ecb
tsugimanga-2026-comics-004,tsugimanga-2026-comics,included,candidate-7819d66a9d4fe8ec5a8b,work-7819d66a9d4fe8ec5a8b,mapping-8d5fe8072c679f639610
tsugimanga-2026-comics-005,tsugimanga-2026-comics,included,candidate-9bc48e7f5208ca6bd0eb,work-9bc48e7f5208ca6bd0eb,mapping-b1763e06920491ba9f45
tsugimanga-2026-comics-006,tsugimanga-2026-comics,duplicate,candidate-25f4d6c9c2735279f479,work-25f4d6c9c2735279f479,mapping-89e59df1601b17d3d864
tsugimanga-2026-comics-007,tsugimanga-2026-comics,included,candidate-4ea3eb779047209c27d8,work-4ea3eb779047209c27d8,mapping-a1556211984cae97ddeb
tsugimanga-2026-comics-008,tsugimanga-2026-comics,included,candidate-a6493670a1de599ac6c1,work-a6493670a1de599ac6c1,mapping-a74016194ee36ecd6acc
tsugimanga-2026-comics-009,tsugimanga-2026-comics,included,candidate-f9b25a35dc3a8e6c9657,work-f9b25a35dc3a8e6c9657,mapping-afefc9937ce80d33b256
tsugimanga-2026-comics-010,tsugimanga-2026-comics,included,candidate-5bdc75180460ced2580e,work-5bdc75180460ced2580e,mapping-81bf40ba5c212bdf1c6c
tsugimanga-2026-comics-011,tsugimanga-2026-comics,included,candidate-65f856a6fa2078f21d2f,work-65f856a6fa2078f21d2f,mapping-bdaec866ac868a756fd6
tsugimanga-2026-comics-012,tsugimanga-2026-comics,included,candidate-2886a7f0a3e225ea8c9d,work-2886a7f0a3e225ea8c9d,mapping-d19e48373f0a074b263e
tsugimanga-2026-comics-013,tsugimanga-2026-comics,included,candidate-314b2da5452f41cfcca9,work-314b2da5452f41cfcca9,mapping-53315620e6bafea2419f
tsugimanga-2026-comics-014,tsugimanga-2026-comics,included,candidate-0208a4a29709fc3b0636,work-0208a4a29709fc3b0636,mapping-86f8f413a20ac982edee
tsugimanga-2026-comics-015,tsugimanga-2026-comics,included,candidate-64ac5761360bf17bba45,work-64ac5761360bf17bba45,mapping-86b4edc5e807d0d47514
tsugimanga-2026-comics-016,tsugimanga-2026-comics,included,candidate-6ff41232cf163c16653b,work-6ff41232cf163c16653b,mapping-8ad16d8922a5ac574956
tsugimanga-2026-comics-017,tsugimanga-2026-comics,included,candidate-e6e744db481766c463b3,work-e6e744db481766c463b3,mapping-92d75be5a7d8ba90a575
tsugimanga-2026-comics-018,tsugimanga-2026-comics,duplicate,candidate-a960372ed5efa4031896,work-a960372ed5efa4031896,mapping-1d07e49bcc6d03e19f53
tsugimanga-2026-comics-019,tsugimanga-2026-comics,duplicate,candidate-7c638f30f715d60969ae,work-7c638f30f715d60969ae,mapping-f0226a87f1933d7357eb
tsugimanga-2026-comics-020,tsugimanga-2026-comics,included,candidate-578a883b485b57393ea9,work-578a883b485b57393ea9,mapping-64124097f06adbda3914
tsugimanga-2026-comics-021,tsugimanga-2026-comics,included,candidate-76d784dfb643d9c9a334,work-76d784dfb643d9c9a334,mapping-251666b3c84f00511239
tsugimanga-2026-comics-022,tsugimanga-2026-comics,included,candidate-aa85b65d02f367e76a07,work-aa85b65d02f367e76a07,mapping-1c31dd2fd12f31066e71
tsugimanga-2026-comics-023,tsugimanga-2026-comics,included,candidate-7e4e16a2a053e095c90f,work-7e4e16a2a053e095c90f,mapping-25a6943f876fb5de51a3
tsugimanga-2026-comics-024,tsugimanga-2026-comics,included,candidate-de2421dc705135180f4e,work-de2421dc705135180f4e,mapping-099f10d0b3d1c71e4fe3
tsugimanga-2026-comics-025,tsugimanga-2026-comics,included,candidate-164ee5ddc6b7fd9b35c0,work-164ee5ddc6b7fd9b35c0,mapping-c3b7b1eb32dc15a6b560
tsugimanga-2026-comics-026,tsugimanga-2026-comics,duplicate,candidate-a33cda6fe7a6aedc1ef2,work-a33cda6fe7a6aedc1ef2,mapping-4a85994615912cc4f27f
tsugimanga-2026-comics-027,tsugimanga-2026-comics,included,candidate-719e76feacfde2877323,work-719e76feacfde2877323,mapping-621c140482140b14a783
tsugimanga-2026-comics-028,tsugimanga-2026-comics,duplicate,candidate-3d0b058e9dd53c35b8df,work-3d0b058e9dd53c35b8df,mapping-b5c81b959630fc6a527f
tsugimanga-2026-comics-029,tsugimanga-2026-comics,duplicate,candidate-a35a61b852c16a061059,work-a35a61b852c16a061059,mapping-8a06c6aea18ed3ffc249
tsugimanga-2026-comics-030,tsugimanga-2026-comics,included,candidate-a19dbc25b52fe100ed66,work-a19dbc25b52fe100ed66,mapping-42c594e836aabcf3aba5
tsugimanga-2026-comics-031,tsugimanga-2026-comics,included,candidate-74881f1156adcc713e23,work-74881f1156adcc713e23,mapping-88de6a833708ebd514b1
tsugimanga-2026-comics-032,tsugimanga-2026-comics,duplicate,candidate-8f5c877d8aea310a2d2f,work-8f5c877d8aea310a2d2f,mapping-162ad4fb1c1abf1ebfe7
tsugimanga-2026-comics-033,tsugimanga-2026-comics,duplicate,candidate-a68955f5898263495c4d,work-a68955f5898263495c4d,mapping-327b0d5153326fd340dd
tsugimanga-2026-comics-034,tsugimanga-2026-comics,included,candidate-9b1c428d3210fa2b70bf,work-9b1c428d3210fa2b70bf,mapping-7331a0a3d211d731f739
tsugimanga-2026-comics-035,tsugimanga-2026-comics,included,candidate-c2e1a97976346530a420,work-c2e1a97976346530a420,mapping-2b6e188c3778c486983c
tsugimanga-2026-comics-036,tsugimanga-2026-comics,included,candidate-ba25b1e7c446ec3c01b7,work-ba25b1e7c446ec3c01b7,mapping-b4c3b2b039420ce1fdbe
tsugimanga-2026-comics-037,tsugimanga-2026-comics,included,candidate-66d8e3f1756fcc9ce276,work-66d8e3f1756fcc9ce276,mapping-5fbd6642d6540ead595d
tsugimanga-2026-comics-038,tsugimanga-2026-comics,included,candidate-763a400656f1c7d54eea,work-763a400656f1c7d54eea,mapping-d8289991d9c9491ebb6c
tsugimanga-2026-comics-039,tsugimanga-2026-comics,included,candidate-08911847b618c8255b41,work-08911847b618c8255b41,mapping-6a2b9d6abb163be2835d
tsugimanga-2026-comics-040,tsugimanga-2026-comics,included,candidate-933919bb207b365fef36,work-933919bb207b365fef36,mapping-bde1727a74ae546d1629
tsugimanga-2026-web-001,tsugimanga-2026-web,unresolved,,,
tsugimanga-2026-web-002,tsugimanga-2026-web,unresolved,,,
tsugimanga-2026-web-003,tsugimanga-2026-web,unresolved,,,
tsugimanga-2026-web-004,tsugimanga-2026-web,unresolved,,,
tsugimanga-2026-web-005,tsugimanga-2026-web,unresolved,,,
tsugimanga-2026-web-006,tsugimanga-2026-web,unresolved,,,
tsugimanga-2026-web-007,tsugimanga-2026-web,unresolved,,,
tsugimanga-2026-web-008,tsugimanga-2026-web,unresolved,,,
tsugimanga-2026-web-009,tsugimanga-2026-web,unresolved,,,
tsugimanga-2026-web-010,tsugimanga-2026-web,unresolved,,,
tsugimanga-2026-web-011,tsugimanga-2026-web,unresolved,,,
tsugimanga-2026-web-012,tsugimanga-2026-web,unresolved,,,
tsugimanga-2026-web-013,tsugimanga-2026-web,unresolved,,,
tsugimanga-2026-web-014,tsugimanga-2026-web,unresolved,,,
tsugimanga-2026-web-015,tsugimanga-2026-web,unresolved,,,
tsugimanga-2026-web-016,tsugimanga-2026-web,unresolved,,,
tsugimanga-2026-web-017,tsugimanga-2026-web,unresolved,,,
tsugimanga-2026-web-018,tsugimanga-2026-web,unresolved,,,
tsugimanga-2026-web-019,tsugimanga-2026-web,unresolved,,,
tsugimanga-2026-web-020,tsugimanga-2026-web,unresolved,,,
tsugimanga-2026-web-021,tsugimanga-2026-web,unresolved,,,
tsugimanga-2026-web-022,tsugimanga-2026-web,unresolved,,,
tsugimanga-2026-web-023,tsugimanga-2026-web,unresolved,,,
tsugimanga-2026-web-024,tsugimanga-2026-web,unresolved,,,
tsugimanga-2026-web-025,tsugimanga-2026-web,unresolved,,,
tsugimanga-2026-web-026,tsugimanga-2026-web,unresolved,,,
tsugimanga-2026-web-027,tsugimanga-2026-web,unresolved,,,
tsugimanga-2026-web-028,tsugimanga-2026-web,unresolved,,,
tsugimanga-2026-web-029,tsugimanga-2026-web,unresolved,,,
tsugimanga-2026-web-030,tsugimanga-2026-web,unresolved,,,
tsugimanga-2026-web-031,tsugimanga-2026-web,unresolved,,,
tsugimanga-2026-web-032,tsugimanga-2026-web,unresolved,,,
tsugimanga-2026-web-033,tsugimanga-2026-web,unresolved,,,
tsugimanga-2026-web-034,tsugimanga-2026-web,unresolved,,,
tsugimanga-2026-web-035,tsugimanga-2026-web,unresolved,,,
tsugimanga-2026-web-036,tsugimanga-2026-web,unresolved,,,
tsugimanga-2026-web-037,tsugimanga-2026-web,unresolved,,,
tsugimanga-2026-web-038,tsugimanga-2026-web,unresolved,,,
tsugimanga-2026-web-039,tsugimanga-2026-web,unresolved,,,
tsugimanga-2026-web-040,tsugimanga-2026-web,unresolved,,,
tsugimanga-2026-web-041,tsugimanga-2026-web,unresolved,,,
tsugimanga-2026-web-042,tsugimanga-2026-web,unresolved,,,
tsugimanga-2026-web-043,tsugimanga-2026-web,unresolved,,,
tsugimanga-2026-web-044,tsugimanga-2026-web,unresolved,,,
tsugimanga-2026-web-045,tsugimanga-2026-web,unresolved,,,
tsugimanga-2026-web-046,tsugimanga-2026-web,unresolved,,,
tsugimanga-2026-web-047,tsugimanga-2026-web,unresolved,,,
tsugimanga-2026-web-048,tsugimanga-2026-web,unresolved,,,
tsugimanga-2026-web-049,tsugimanga-2026-web,unresolved,,,
tsugimanga-2026-web-050,tsugimanga-2026-web,unresolved,,,
tsugimanga-2026-web-051,tsugimanga-2026-web,unresolved,,,
tsugimanga-2026-web-052,tsugimanga-2026-web,unresolved,,,
tsugimanga-2026-web-053,tsugimanga-2026-web,unresolved,,,
tsugimanga-2026-web-054,tsugimanga-2026-web,unresolved,,,
tsugimanga-2026-web-055,tsugimanga-2026-web,unresolved,,,
tsugimanga-2026-web-056,tsugimanga-2026-web,unresolved,,,
tsugimanga-2026-web-057,tsugimanga-2026-web,unresolved,,,
tsugimanga-2026-web-058,tsugimanga-2026-web,unresolved,,,
tsugimanga-2026-web-059,tsugimanga-2026-web,unresolved,,,
tsugimanga-2026-web-060,tsugimanga-2026-web,unresolved,,,
bunka-media-arts-festival-manga-25-001,bunka-media-arts-festival-manga-25,unresolved,,,
bunka-media-arts-festival-manga-25-002,bunka-media-arts-festival-manga-25,unresolved,,,
bunka-media-arts-festival-manga-25-003,bunka-media-arts-festival-manga-25,unresolved,,,
bunka-media-arts-festival-manga-25-004,bunka-media-arts-festival-manga-25,unresolved,,,
bunka-media-arts-festival-manga-25-005,bunka-media-arts-festival-manga-25,unresolved,,,
bunka-media-arts-festival-manga-25-006,bunka-media-arts-festival-manga-25,unresolved,,,
bunka-media-arts-festival-manga-25-007,bunka-media-arts-festival-manga-25,unresolved,,,
bunka-media-arts-festival-manga-25-008,bunka-media-arts-festival-manga-25,unresolved,,,
bunka-media-arts-festival-manga-25-009,bunka-media-arts-festival-manga-25,unresolved,,,
bunka-media-arts-festival-manga-25-010,bunka-media-arts-festival-manga-25,unresolved,,,
bunka-media-arts-festival-manga-25-011,bunka-media-arts-festival-manga-25,unresolved,,,
bunka-media-arts-festival-manga-25-012,bunka-media-arts-festival-manga-25,unresolved,,,
bunka-media-arts-festival-manga-25-013,bunka-media-arts-festival-manga-25,unresolved,,,
bunka-media-arts-festival-manga-25-014,bunka-media-arts-festival-manga-25,unresolved,,,
bunka-media-arts-festival-manga-25-015,bunka-media-arts-festival-manga-25,unresolved,,,
bunka-media-arts-festival-manga-25-016,bunka-media-arts-festival-manga-25,unresolved,,,
bunka-media-arts-festival-manga-25-017,bunka-media-arts-festival-manga-25,unresolved,,,
bunka-media-arts-festival-manga-25-018,bunka-media-arts-festival-manga-25,unresolved,,,
bunka-media-arts-festival-manga-25-019,bunka-media-arts-festival-manga-25,unresolved,,,
bunka-media-arts-festival-manga-25-020,bunka-media-arts-festival-manga-25,unresolved,,,
bunka-media-arts-festival-manga-25-021,bunka-media-arts-festival-manga-25,unresolved,,,
bunka-media-arts-festival-manga-25-022,bunka-media-arts-festival-manga-25,unresolved,,,
bunka-media-arts-festival-manga-25-023,bunka-media-arts-festival-manga-25,unresolved,,,
bunka-media-arts-festival-manga-25-024,bunka-media-arts-festival-manga-25,unresolved,,,
bunka-media-arts-festival-manga-25-025,bunka-media-arts-festival-manga-25,unresolved,,,
bunka-media-arts-festival-manga-25-026,bunka-media-arts-festival-manga-25,unresolved,,,
bunka-media-arts-festival-manga-25-027,bunka-media-arts-festival-manga-25,unresolved,,,
bunka-media-arts-festival-manga-25-028,bunka-media-arts-festival-manga-25,unresolved,,,
bunka-media-arts-festival-manga-25-029,bunka-media-arts-festival-manga-25,unresolved,,,
bunka-media-arts-festival-manga-25-030,bunka-media-arts-festival-manga-25,unresolved,,,
bunka-media-arts-festival-manga-25-031,bunka-media-arts-festival-manga-25,unresolved,,,
bunka-media-arts-festival-manga-25-032,bunka-media-arts-festival-manga-25,unresolved,,,
bunka-media-arts-festival-manga-25-033,bunka-media-arts-festival-manga-25,unresolved,,,
bunka-media-arts-festival-manga-25-034,bunka-media-arts-festival-manga-25,unresolved,,,
bunka-media-arts-festival-manga-25-035,bunka-media-arts-festival-manga-25,unresolved,,,
bunka-media-arts-festival-manga-25-036,bunka-media-arts-festival-manga-25,unresolved,,,
bunka-media-arts-festival-manga-25-037,bunka-media-arts-festival-manga-25,unresolved,,,
bunka-media-arts-festival-manga-25-038,bunka-media-arts-festival-manga-25,unresolved,,,
bunka-media-arts-festival-manga-25-039,bunka-media-arts-festival-manga-25,unresolved,,,
bunka-media-arts-festival-manga-25-040,bunka-media-arts-festival-manga-25,unresolved,,,
bunka-media-arts-festival-manga-25-041,bunka-media-arts-festival-manga-25,unresolved,,,
bunka-media-arts-festival-manga-24-001,bunka-media-arts-festival-manga-24,unresolved,,,
bunka-media-arts-festival-manga-24-002,bunka-media-arts-festival-manga-24,unresolved,,,
bunka-media-arts-festival-manga-24-003,bunka-media-arts-festival-manga-24,unresolved,,,
bunka-media-arts-festival-manga-24-004,bunka-media-arts-festival-manga-24,unresolved,,,
bunka-media-arts-festival-manga-24-005,bunka-media-arts-festival-manga-24,unresolved,,,
bunka-media-arts-festival-manga-24-006,bunka-media-arts-festival-manga-24,unresolved,,,
bunka-media-arts-festival-manga-24-007,bunka-media-arts-festival-manga-24,unresolved,,,
bunka-media-arts-festival-manga-24-008,bunka-media-arts-festival-manga-24,unresolved,,,
bunka-media-arts-festival-manga-24-009,bunka-media-arts-festival-manga-24,unresolved,,,
bunka-media-arts-festival-manga-24-010,bunka-media-arts-festival-manga-24,unresolved,,,
bunka-media-arts-festival-manga-24-011,bunka-media-arts-festival-manga-24,unresolved,,,
bunka-media-arts-festival-manga-24-012,bunka-media-arts-festival-manga-24,unresolved,,,
bunka-media-arts-festival-manga-24-013,bunka-media-arts-festival-manga-24,unresolved,,,
bunka-media-arts-festival-manga-24-014,bunka-media-arts-festival-manga-24,unresolved,,,
bunka-media-arts-festival-manga-24-015,bunka-media-arts-festival-manga-24,unresolved,,,
bunka-media-arts-festival-manga-24-016,bunka-media-arts-festival-manga-24,unresolved,,,
bunka-media-arts-festival-manga-24-017,bunka-media-arts-festival-manga-24,unresolved,,,
bunka-media-arts-festival-manga-24-018,bunka-media-arts-festival-manga-24,unresolved,,,
bunka-media-arts-festival-manga-24-019,bunka-media-arts-festival-manga-24,unresolved,,,
bunka-media-arts-festival-manga-24-020,bunka-media-arts-festival-manga-24,unresolved,,,
bunka-media-arts-festival-manga-24-021,bunka-media-arts-festival-manga-24,unresolved,,,
bunka-media-arts-festival-manga-24-022,bunka-media-arts-festival-manga-24,unresolved,,,
bunka-media-arts-festival-manga-24-023,bunka-media-arts-festival-manga-24,unresolved,,,
bunka-media-arts-festival-manga-24-024,bunka-media-arts-festival-manga-24,unresolved,,,
bunka-media-arts-festival-manga-24-025,bunka-media-arts-festival-manga-24,unresolved,,,
bunka-media-arts-festival-manga-24-026,bunka-media-arts-festival-manga-24,unresolved,,,
bunka-media-arts-festival-manga-24-027,bunka-media-arts-festival-manga-24,unresolved,,,
bunka-media-arts-festival-manga-24-028,bunka-media-arts-festival-manga-24,unresolved,,,
bunka-media-arts-festival-manga-24-029,bunka-media-arts-festival-manga-24,unresolved,,,
bunka-media-arts-festival-manga-24-030,bunka-media-arts-festival-manga-24,unresolved,,,
bunka-media-arts-festival-manga-24-031,bunka-media-arts-festival-manga-24,unresolved,,,
bunka-media-arts-festival-manga-24-032,bunka-media-arts-festival-manga-24,unresolved,,,
bunka-media-arts-festival-manga-24-033,bunka-media-arts-festival-manga-24,unresolved,,,
bunka-media-arts-festival-manga-24-034,bunka-media-arts-festival-manga-24,unresolved,,,
bunka-media-arts-festival-manga-24-035,bunka-media-arts-festival-manga-24,unresolved,,,
bunka-media-arts-festival-manga-24-036,bunka-media-arts-festival-manga-24,unresolved,,,
bunka-media-arts-festival-manga-24-037,bunka-media-arts-festival-manga-24,unresolved,,,
bunka-media-arts-festival-manga-24-038,bunka-media-arts-festival-manga-24,unresolved,,,
bunka-media-arts-festival-manga-23-001,bunka-media-arts-festival-manga-23,unresolved,,,
bunka-media-arts-festival-manga-23-002,bunka-media-arts-festival-manga-23,unresolved,,,
bunka-media-arts-festival-manga-23-003,bunka-media-arts-festival-manga-23,unresolved,,,
bunka-media-arts-festival-manga-23-004,bunka-media-arts-festival-manga-23,unresolved,,,
bunka-media-arts-festival-manga-23-005,bunka-media-arts-festival-manga-23,unresolved,,,
bunka-media-arts-festival-manga-23-006,bunka-media-arts-festival-manga-23,unresolved,,,
bunka-media-arts-festival-manga-23-007,bunka-media-arts-festival-manga-23,unresolved,,,
bunka-media-arts-festival-manga-23-008,bunka-media-arts-festival-manga-23,unresolved,,,
bunka-media-arts-festival-manga-23-009,bunka-media-arts-festival-manga-23,unresolved,,,
bunka-media-arts-festival-manga-23-010,bunka-media-arts-festival-manga-23,unresolved,,,
bunka-media-arts-festival-manga-23-011,bunka-media-arts-festival-manga-23,unresolved,,,
bunka-media-arts-festival-manga-23-012,bunka-media-arts-festival-manga-23,unresolved,,,
bunka-media-arts-festival-manga-23-013,bunka-media-arts-festival-manga-23,unresolved,,,
bunka-media-arts-festival-manga-23-014,bunka-media-arts-festival-manga-23,unresolved,,,
bunka-media-arts-festival-manga-23-015,bunka-media-arts-festival-manga-23,unresolved,,,
bunka-media-arts-festival-manga-23-016,bunka-media-arts-festival-manga-23,unresolved,,,
bunka-media-arts-festival-manga-23-017,bunka-media-arts-festival-manga-23,unresolved,,,
bunka-media-arts-festival-manga-23-018,bunka-media-arts-festival-manga-23,unresolved,,,
bunka-media-arts-festival-manga-23-019,bunka-media-arts-festival-manga-23,unresolved,,,
bunka-media-arts-festival-manga-23-020,bunka-media-arts-festival-manga-23,unresolved,,,
bunka-media-arts-festival-manga-23-021,bunka-media-arts-festival-manga-23,unresolved,,,
bunka-media-arts-festival-manga-23-022,bunka-media-arts-festival-manga-23,unresolved,,,
bunka-media-arts-festival-manga-23-023,bunka-media-arts-festival-manga-23,unresolved,,,
bunka-media-arts-festival-manga-23-024,bunka-media-arts-festival-manga-23,unresolved,,,
bunka-media-arts-festival-manga-23-025,bunka-media-arts-festival-manga-23,unresolved,,,
bunka-media-arts-festival-manga-23-026,bunka-media-arts-festival-manga-23,unresolved,,,
bunka-media-arts-festival-manga-23-027,bunka-media-arts-festival-manga-23,unresolved,,,
bunka-media-arts-festival-manga-23-028,bunka-media-arts-festival-manga-23,unresolved,,,
bunka-media-arts-festival-manga-23-029,bunka-media-arts-festival-manga-23,unresolved,,,
bunka-media-arts-festival-manga-23-030,bunka-media-arts-festival-manga-23,unresolved,,,
bunka-media-arts-festival-manga-23-031,bunka-media-arts-festival-manga-23,unresolved,,,
bunka-media-arts-festival-manga-23-032,bunka-media-arts-festival-manga-23,unresolved,,,
bunka-media-arts-festival-manga-23-033,bunka-media-arts-festival-manga-23,unresolved,,,
bunka-media-arts-festival-manga-23-034,bunka-media-arts-festival-manga-23,unresolved,,,
bunka-media-arts-festival-manga-23-035,bunka-media-arts-festival-manga-23,unresolved,,,
bunka-media-arts-festival-manga-23-036,bunka-media-arts-festival-manga-23,unresolved,,,
bunka-media-arts-festival-manga-23-037,bunka-media-arts-festival-manga-23,unresolved,,,
bunka-media-arts-festival-manga-23-038,bunka-media-arts-festival-manga-23,unresolved,,,
bunka-media-arts-festival-manga-23-039,bunka-media-arts-festival-manga-23,unresolved,,,
bunka-media-arts-festival-manga-23-040,bunka-media-arts-festival-manga-23,unresolved,,,
bunka-media-arts-festival-manga-23-041,bunka-media-arts-festival-manga-23,unresolved,,,
bunka-media-arts-festival-manga-23-042,bunka-media-arts-festival-manga-23,unresolved,,,
bunka-media-arts-festival-manga-23-043,bunka-media-arts-festival-manga-23,unresolved,,,
bunka-media-arts-festival-manga-22-001,bunka-media-arts-festival-manga-22,unresolved,,,
bunka-media-arts-festival-manga-22-002,bunka-media-arts-festival-manga-22,unresolved,,,
bunka-media-arts-festival-manga-22-003,bunka-media-arts-festival-manga-22,unresolved,,,
bunka-media-arts-festival-manga-22-004,bunka-media-arts-festival-manga-22,unresolved,,,
bunka-media-arts-festival-manga-22-005,bunka-media-arts-festival-manga-22,unresolved,,,
bunka-media-arts-festival-manga-22-006,bunka-media-arts-festival-manga-22,unresolved,,,
bunka-media-arts-festival-manga-22-007,bunka-media-arts-festival-manga-22,unresolved,,,
bunka-media-arts-festival-manga-22-008,bunka-media-arts-festival-manga-22,unresolved,,,
bunka-media-arts-festival-manga-22-009,bunka-media-arts-festival-manga-22,unresolved,,,
bunka-media-arts-festival-manga-22-010,bunka-media-arts-festival-manga-22,unresolved,,,
bunka-media-arts-festival-manga-22-011,bunka-media-arts-festival-manga-22,unresolved,,,
bunka-media-arts-festival-manga-22-012,bunka-media-arts-festival-manga-22,unresolved,,,
bunka-media-arts-festival-manga-22-013,bunka-media-arts-festival-manga-22,unresolved,,,
bunka-media-arts-festival-manga-22-014,bunka-media-arts-festival-manga-22,unresolved,,,
bunka-media-arts-festival-manga-22-015,bunka-media-arts-festival-manga-22,unresolved,,,
bunka-media-arts-festival-manga-22-016,bunka-media-arts-festival-manga-22,unresolved,,,
bunka-media-arts-festival-manga-22-017,bunka-media-arts-festival-manga-22,unresolved,,,
bunka-media-arts-festival-manga-22-018,bunka-media-arts-festival-manga-22,unresolved,,,
bunka-media-arts-festival-manga-22-019,bunka-media-arts-festival-manga-22,unresolved,,,
bunka-media-arts-festival-manga-22-020,bunka-media-arts-festival-manga-22,unresolved,,,
bunka-media-arts-festival-manga-22-021,bunka-media-arts-festival-manga-22,unresolved,,,
bunka-media-arts-festival-manga-22-022,bunka-media-arts-festival-manga-22,unresolved,,,
bunka-media-arts-festival-manga-22-023,bunka-media-arts-festival-manga-22,unresolved,,,
bunka-media-arts-festival-manga-22-024,bunka-media-arts-festival-manga-22,unresolved,,,
bunka-media-arts-festival-manga-22-025,bunka-media-arts-festival-manga-22,unresolved,,,
bunka-media-arts-festival-manga-22-026,bunka-media-arts-festival-manga-22,unresolved,,,
bunka-media-arts-festival-manga-22-027,bunka-media-arts-festival-manga-22,unresolved,,,
bunka-media-arts-festival-manga-22-028,bunka-media-arts-festival-manga-22,unresolved,,,
bunka-media-arts-festival-manga-22-029,bunka-media-arts-festival-manga-22,unresolved,,,
bunka-media-arts-festival-manga-22-030,bunka-media-arts-festival-manga-22,unresolved,,,
bunka-media-arts-festival-manga-22-031,bunka-media-arts-festival-manga-22,unresolved,,,
bunka-media-arts-festival-manga-22-032,bunka-media-arts-festival-manga-22,unresolved,,,
bunka-media-arts-festival-manga-22-033,bunka-media-arts-festival-manga-22,unresolved,,,
bunka-media-arts-festival-manga-22-034,bunka-media-arts-festival-manga-22,unresolved,,,
bunka-media-arts-festival-manga-22-035,bunka-media-arts-festival-manga-22,unresolved,,,
bunka-media-arts-festival-manga-22-036,bunka-media-arts-festival-manga-22,unresolved,,,
bunka-media-arts-festival-manga-22-037,bunka-media-arts-festival-manga-22,unresolved,,,
bunka-media-arts-festival-manga-22-038,bunka-media-arts-festival-manga-22,unresolved,,,
bunka-media-arts-festival-manga-22-039,bunka-media-arts-festival-manga-22,unresolved,,,
bunka-media-arts-festival-manga-21-001,bunka-media-arts-festival-manga-21,unresolved,,,
bunka-media-arts-festival-manga-21-002,bunka-media-arts-festival-manga-21,unresolved,,,
bunka-media-arts-festival-manga-21-003,bunka-media-arts-festival-manga-21,unresolved,,,
bunka-media-arts-festival-manga-21-004,bunka-media-arts-festival-manga-21,unresolved,,,
bunka-media-arts-festival-manga-21-005,bunka-media-arts-festival-manga-21,unresolved,,,
bunka-media-arts-festival-manga-21-006,bunka-media-arts-festival-manga-21,unresolved,,,
bunka-media-arts-festival-manga-21-007,bunka-media-arts-festival-manga-21,unresolved,,,
bunka-media-arts-festival-manga-21-008,bunka-media-arts-festival-manga-21,unresolved,,,
bunka-media-arts-festival-manga-21-009,bunka-media-arts-festival-manga-21,unresolved,,,
bunka-media-arts-festival-manga-21-010,bunka-media-arts-festival-manga-21,unresolved,,,
bunka-media-arts-festival-manga-21-011,bunka-media-arts-festival-manga-21,unresolved,,,
bunka-media-arts-festival-manga-21-012,bunka-media-arts-festival-manga-21,unresolved,,,
bunka-media-arts-festival-manga-21-013,bunka-media-arts-festival-manga-21,unresolved,,,
bunka-media-arts-festival-manga-21-014,bunka-media-arts-festival-manga-21,unresolved,,,
bunka-media-arts-festival-manga-21-015,bunka-media-arts-festival-manga-21,unresolved,,,
bunka-media-arts-festival-manga-21-016,bunka-media-arts-festival-manga-21,unresolved,,,
bunka-media-arts-festival-manga-21-017,bunka-media-arts-festival-manga-21,unresolved,,,
bunka-media-arts-festival-manga-21-018,bunka-media-arts-festival-manga-21,unresolved,,,
bunka-media-arts-festival-manga-21-019,bunka-media-arts-festival-manga-21,unresolved,,,
bunka-media-arts-festival-manga-21-020,bunka-media-arts-festival-manga-21,unresolved,,,
bunka-media-arts-festival-manga-21-021,bunka-media-arts-festival-manga-21,unresolved,,,
bunka-media-arts-festival-manga-21-022,bunka-media-arts-festival-manga-21,unresolved,,,
bunka-media-arts-festival-manga-21-023,bunka-media-arts-festival-manga-21,unresolved,,,
bunka-media-arts-festival-manga-21-024,bunka-media-arts-festival-manga-21,unresolved,,,
bunka-media-arts-festival-manga-21-025,bunka-media-arts-festival-manga-21,unresolved,,,
bunka-media-arts-festival-manga-21-026,bunka-media-arts-festival-manga-21,unresolved,,,
bunka-media-arts-festival-manga-21-027,bunka-media-arts-festival-manga-21,unresolved,,,
bunka-media-arts-festival-manga-21-028,bunka-media-arts-festival-manga-21,unresolved,,,
bunka-media-arts-festival-manga-21-029,bunka-media-arts-festival-manga-21,unresolved,,,
bunka-media-arts-festival-manga-21-030,bunka-media-arts-festival-manga-21,unresolved,,,
bunka-media-arts-festival-manga-21-031,bunka-media-arts-festival-manga-21,unresolved,,,
bunka-media-arts-festival-manga-21-032,bunka-media-arts-festival-manga-21,unresolved,,,
bunka-media-arts-festival-manga-21-033,bunka-media-arts-festival-manga-21,unresolved,,,
bunka-media-arts-festival-manga-21-034,bunka-media-arts-festival-manga-21,unresolved,,,
bunka-media-arts-festival-manga-21-035,bunka-media-arts-festival-manga-21,unresolved,,,
bunka-media-arts-festival-manga-21-036,bunka-media-arts-festival-manga-21,unresolved,,,
bunka-media-arts-festival-manga-21-037,bunka-media-arts-festival-manga-21,unresolved,,,
bunka-media-arts-festival-manga-21-038,bunka-media-arts-festival-manga-21,unresolved,,,
bunka-media-arts-festival-manga-21-039,bunka-media-arts-festival-manga-21,unresolved,,,
bunka-media-arts-festival-manga-21-040,bunka-media-arts-festival-manga-21,unresolved,,,
bunka-media-arts-festival-manga-21-041,bunka-media-arts-festival-manga-21,unresolved,,,
bunka-media-arts-festival-manga-21-042,bunka-media-arts-festival-manga-21,unresolved,,,
bunka-media-arts-festival-manga-21-043,bunka-media-arts-festival-manga-21,unresolved,,,
bunka-media-arts-festival-manga-21-044,bunka-media-arts-festival-manga-21,unresolved,,,
bunka-media-arts-festival-manga-21-045,bunka-media-arts-festival-manga-21,unresolved,,,
bunka-media-arts-festival-manga-21-046,bunka-media-arts-festival-manga-21,unresolved,,,
bunka-media-arts-festival-manga-20-001,bunka-media-arts-festival-manga-20,unresolved,,,
bunka-media-arts-festival-manga-20-002,bunka-media-arts-festival-manga-20,unresolved,,,
bunka-media-arts-festival-manga-20-003,bunka-media-arts-festival-manga-20,unresolved,,,
bunka-media-arts-festival-manga-20-004,bunka-media-arts-festival-manga-20,unresolved,,,
bunka-media-arts-festival-manga-20-005,bunka-media-arts-festival-manga-20,unresolved,,,
bunka-media-arts-festival-manga-20-006,bunka-media-arts-festival-manga-20,unresolved,,,
bunka-media-arts-festival-manga-20-007,bunka-media-arts-festival-manga-20,unresolved,,,
bunka-media-arts-festival-manga-20-008,bunka-media-arts-festival-manga-20,unresolved,,,
bunka-media-arts-festival-manga-20-009,bunka-media-arts-festival-manga-20,unresolved,,,
bunka-media-arts-festival-manga-20-010,bunka-media-arts-festival-manga-20,unresolved,,,
bunka-media-arts-festival-manga-20-011,bunka-media-arts-festival-manga-20,unresolved,,,
bunka-media-arts-festival-manga-20-012,bunka-media-arts-festival-manga-20,unresolved,,,
bunka-media-arts-festival-manga-20-013,bunka-media-arts-festival-manga-20,unresolved,,,
bunka-media-arts-festival-manga-20-014,bunka-media-arts-festival-manga-20,unresolved,,,
bunka-media-arts-festival-manga-20-015,bunka-media-arts-festival-manga-20,unresolved,,,
bunka-media-arts-festival-manga-20-016,bunka-media-arts-festival-manga-20,unresolved,,,
bunka-media-arts-festival-manga-20-017,bunka-media-arts-festival-manga-20,unresolved,,,
bunka-media-arts-festival-manga-20-018,bunka-media-arts-festival-manga-20,unresolved,,,
bunka-media-arts-festival-manga-20-019,bunka-media-arts-festival-manga-20,unresolved,,,
bunka-media-arts-festival-manga-20-020,bunka-media-arts-festival-manga-20,unresolved,,,
bunka-media-arts-festival-manga-20-021,bunka-media-arts-festival-manga-20,unresolved,,,
bunka-media-arts-festival-manga-20-022,bunka-media-arts-festival-manga-20,unresolved,,,
bunka-media-arts-festival-manga-20-023,bunka-media-arts-festival-manga-20,unresolved,,,
bunka-media-arts-festival-manga-20-024,bunka-media-arts-festival-manga-20,unresolved,,,
bunka-media-arts-festival-manga-20-025,bunka-media-arts-festival-manga-20,unresolved,,,
bunka-media-arts-festival-manga-20-026,bunka-media-arts-festival-manga-20,unresolved,,,
bunka-media-arts-festival-manga-20-027,bunka-media-arts-festival-manga-20,unresolved,,,
bunka-media-arts-festival-manga-20-028,bunka-media-arts-festival-manga-20,unresolved,,,
bunka-media-arts-festival-manga-20-029,bunka-media-arts-festival-manga-20,unresolved,,,
bunka-media-arts-festival-manga-20-030,bunka-media-arts-festival-manga-20,unresolved,,,
bunka-media-arts-festival-manga-20-031,bunka-media-arts-festival-manga-20,unresolved,,,
bunka-media-arts-festival-manga-20-032,bunka-media-arts-festival-manga-20,unresolved,,,
bunka-media-arts-festival-manga-20-033,bunka-media-arts-festival-manga-20,unresolved,,,
bunka-media-arts-festival-manga-20-034,bunka-media-arts-festival-manga-20,unresolved,,,
bunka-media-arts-festival-manga-20-035,bunka-media-arts-festival-manga-20,unresolved,,,
bunka-media-arts-festival-manga-20-036,bunka-media-arts-festival-manga-20,unresolved,,,
bunka-media-arts-festival-manga-20-037,bunka-media-arts-festival-manga-20,unresolved,,,
bunka-media-arts-festival-manga-19-001,bunka-media-arts-festival-manga-19,unresolved,,,
bunka-media-arts-festival-manga-19-002,bunka-media-arts-festival-manga-19,unresolved,,,
bunka-media-arts-festival-manga-19-003,bunka-media-arts-festival-manga-19,unresolved,,,
bunka-media-arts-festival-manga-19-004,bunka-media-arts-festival-manga-19,unresolved,,,
bunka-media-arts-festival-manga-19-005,bunka-media-arts-festival-manga-19,unresolved,,,
bunka-media-arts-festival-manga-19-006,bunka-media-arts-festival-manga-19,unresolved,,,
bunka-media-arts-festival-manga-19-007,bunka-media-arts-festival-manga-19,unresolved,,,
bunka-media-arts-festival-manga-19-008,bunka-media-arts-festival-manga-19,unresolved,,,
bunka-media-arts-festival-manga-19-009,bunka-media-arts-festival-manga-19,unresolved,,,
bunka-media-arts-festival-manga-19-010,bunka-media-arts-festival-manga-19,unresolved,,,
bunka-media-arts-festival-manga-19-011,bunka-media-arts-festival-manga-19,unresolved,,,
bunka-media-arts-festival-manga-19-012,bunka-media-arts-festival-manga-19,unresolved,,,
bunka-media-arts-festival-manga-19-013,bunka-media-arts-festival-manga-19,unresolved,,,
bunka-media-arts-festival-manga-19-014,bunka-media-arts-festival-manga-19,unresolved,,,
bunka-media-arts-festival-manga-19-015,bunka-media-arts-festival-manga-19,unresolved,,,
bunka-media-arts-festival-manga-19-016,bunka-media-arts-festival-manga-19,unresolved,,,
bunka-media-arts-festival-manga-19-017,bunka-media-arts-festival-manga-19,unresolved,,,
bunka-media-arts-festival-manga-19-018,bunka-media-arts-festival-manga-19,unresolved,,,
bunka-media-arts-festival-manga-19-019,bunka-media-arts-festival-manga-19,unresolved,,,
bunka-media-arts-festival-manga-19-020,bunka-media-arts-festival-manga-19,unresolved,,,
bunka-media-arts-festival-manga-19-021,bunka-media-arts-festival-manga-19,unresolved,,,
bunka-media-arts-festival-manga-19-022,bunka-media-arts-festival-manga-19,unresolved,,,
bunka-media-arts-festival-manga-19-023,bunka-media-arts-festival-manga-19,unresolved,,,
bunka-media-arts-festival-manga-19-024,bunka-media-arts-festival-manga-19,unresolved,,,
bunka-media-arts-festival-manga-19-025,bunka-media-arts-festival-manga-19,unresolved,,,
bunka-media-arts-festival-manga-19-026,bunka-media-arts-festival-manga-19,unresolved,,,
bunka-media-arts-festival-manga-19-027,bunka-media-arts-festival-manga-19,unresolved,,,
bunka-media-arts-festival-manga-19-028,bunka-media-arts-festival-manga-19,unresolved,,,
bunka-media-arts-festival-manga-19-029,bunka-media-arts-festival-manga-19,unresolved,,,
bunka-media-arts-festival-manga-19-030,bunka-media-arts-festival-manga-19,unresolved,,,
bunka-media-arts-festival-manga-19-031,bunka-media-arts-festival-manga-19,unresolved,,,
bunka-media-arts-festival-manga-19-032,bunka-media-arts-festival-manga-19,unresolved,,,
bunka-media-arts-festival-manga-19-033,bunka-media-arts-festival-manga-19,unresolved,,,
bunka-media-arts-festival-manga-19-034,bunka-media-arts-festival-manga-19,unresolved,,,
bunka-media-arts-festival-manga-19-035,bunka-media-arts-festival-manga-19,unresolved,,,
bunka-media-arts-festival-manga-18-001,bunka-media-arts-festival-manga-18,unresolved,,,
bunka-media-arts-festival-manga-18-002,bunka-media-arts-festival-manga-18,unresolved,,,
bunka-media-arts-festival-manga-18-003,bunka-media-arts-festival-manga-18,unresolved,,,
bunka-media-arts-festival-manga-18-004,bunka-media-arts-festival-manga-18,unresolved,,,
bunka-media-arts-festival-manga-18-005,bunka-media-arts-festival-manga-18,unresolved,,,
bunka-media-arts-festival-manga-18-006,bunka-media-arts-festival-manga-18,unresolved,,,
bunka-media-arts-festival-manga-18-007,bunka-media-arts-festival-manga-18,unresolved,,,
bunka-media-arts-festival-manga-18-008,bunka-media-arts-festival-manga-18,unresolved,,,
bunka-media-arts-festival-manga-18-009,bunka-media-arts-festival-manga-18,unresolved,,,
bunka-media-arts-festival-manga-18-010,bunka-media-arts-festival-manga-18,unresolved,,,
bunka-media-arts-festival-manga-18-011,bunka-media-arts-festival-manga-18,unresolved,,,
bunka-media-arts-festival-manga-18-012,bunka-media-arts-festival-manga-18,unresolved,,,
bunka-media-arts-festival-manga-18-013,bunka-media-arts-festival-manga-18,unresolved,,,
bunka-media-arts-festival-manga-18-014,bunka-media-arts-festival-manga-18,unresolved,,,
bunka-media-arts-festival-manga-18-015,bunka-media-arts-festival-manga-18,unresolved,,,
bunka-media-arts-festival-manga-18-016,bunka-media-arts-festival-manga-18,unresolved,,,
bunka-media-arts-festival-manga-18-017,bunka-media-arts-festival-manga-18,unresolved,,,
bunka-media-arts-festival-manga-18-018,bunka-media-arts-festival-manga-18,unresolved,,,
bunka-media-arts-festival-manga-18-019,bunka-media-arts-festival-manga-18,unresolved,,,
bunka-media-arts-festival-manga-18-020,bunka-media-arts-festival-manga-18,unresolved,,,
bunka-media-arts-festival-manga-18-021,bunka-media-arts-festival-manga-18,unresolved,,,
bunka-media-arts-festival-manga-18-022,bunka-media-arts-festival-manga-18,unresolved,,,
bunka-media-arts-festival-manga-18-023,bunka-media-arts-festival-manga-18,unresolved,,,
bunka-media-arts-festival-manga-18-024,bunka-media-arts-festival-manga-18,unresolved,,,
bunka-media-arts-festival-manga-18-025,bunka-media-arts-festival-manga-18,unresolved,,,
bunka-media-arts-festival-manga-18-026,bunka-media-arts-festival-manga-18,unresolved,,,
bunka-media-arts-festival-manga-18-027,bunka-media-arts-festival-manga-18,unresolved,,,
bunka-media-arts-festival-manga-18-028,bunka-media-arts-festival-manga-18,unresolved,,,
bunka-media-arts-festival-manga-18-029,bunka-media-arts-festival-manga-18,unresolved,,,
bunka-media-arts-festival-manga-18-030,bunka-media-arts-festival-manga-18,unresolved,,,
bunka-media-arts-festival-manga-18-031,bunka-media-arts-festival-manga-18,unresolved,,,
bunka-media-arts-festival-manga-18-032,bunka-media-arts-festival-manga-18,unresolved,,,
bunka-media-arts-festival-manga-17-001,bunka-media-arts-festival-manga-17,unresolved,,,
bunka-media-arts-festival-manga-17-002,bunka-media-arts-festival-manga-17,unresolved,,,
bunka-media-arts-festival-manga-17-003,bunka-media-arts-festival-manga-17,unresolved,,,
bunka-media-arts-festival-manga-17-004,bunka-media-arts-festival-manga-17,unresolved,,,
bunka-media-arts-festival-manga-17-005,bunka-media-arts-festival-manga-17,unresolved,,,
bunka-media-arts-festival-manga-17-006,bunka-media-arts-festival-manga-17,unresolved,,,
bunka-media-arts-festival-manga-17-007,bunka-media-arts-festival-manga-17,unresolved,,,
bunka-media-arts-festival-manga-17-008,bunka-media-arts-festival-manga-17,unresolved,,,
bunka-media-arts-festival-manga-17-009,bunka-media-arts-festival-manga-17,unresolved,,,
bunka-media-arts-festival-manga-17-010,bunka-media-arts-festival-manga-17,unresolved,,,
bunka-media-arts-festival-manga-17-011,bunka-media-arts-festival-manga-17,unresolved,,,
bunka-media-arts-festival-manga-17-012,bunka-media-arts-festival-manga-17,unresolved,,,
bunka-media-arts-festival-manga-17-013,bunka-media-arts-festival-manga-17,unresolved,,,
bunka-media-arts-festival-manga-17-014,bunka-media-arts-festival-manga-17,unresolved,,,
bunka-media-arts-festival-manga-17-015,bunka-media-arts-festival-manga-17,unresolved,,,
bunka-media-arts-festival-manga-17-016,bunka-media-arts-festival-manga-17,unresolved,,,
bunka-media-arts-festival-manga-17-017,bunka-media-arts-festival-manga-17,unresolved,,,
bunka-media-arts-festival-manga-17-018,bunka-media-arts-festival-manga-17,unresolved,,,
bunka-media-arts-festival-manga-17-019,bunka-media-arts-festival-manga-17,unresolved,,,
bunka-media-arts-festival-manga-17-020,bunka-media-arts-festival-manga-17,unresolved,,,
bunka-media-arts-festival-manga-17-021,bunka-media-arts-festival-manga-17,unresolved,,,
bunka-media-arts-festival-manga-17-022,bunka-media-arts-festival-manga-17,unresolved,,,
bunka-media-arts-festival-manga-17-023,bunka-media-arts-festival-manga-17,unresolved,,,
bunka-media-arts-festival-manga-17-024,bunka-media-arts-festival-manga-17,unresolved,,,
bunka-media-arts-festival-manga-17-025,bunka-media-arts-festival-manga-17,unresolved,,,
bunka-media-arts-festival-manga-17-026,bunka-media-arts-festival-manga-17,unresolved,,,
bunka-media-arts-festival-manga-17-027,bunka-media-arts-festival-manga-17,unresolved,,,
bunka-media-arts-festival-manga-17-028,bunka-media-arts-festival-manga-17,unresolved,,,
bunka-media-arts-festival-manga-17-029,bunka-media-arts-festival-manga-17,unresolved,,,
bunka-media-arts-festival-manga-17-030,bunka-media-arts-festival-manga-17,unresolved,,,
bunka-media-arts-festival-manga-17-031,bunka-media-arts-festival-manga-17,unresolved,,,
bunka-media-arts-festival-manga-17-032,bunka-media-arts-festival-manga-17,unresolved,,,
bunka-media-arts-festival-manga-17-033,bunka-media-arts-festival-manga-17,unresolved,,,
bunka-media-arts-festival-manga-17-034,bunka-media-arts-festival-manga-17,unresolved,,,
bunka-media-arts-festival-manga-17-035,bunka-media-arts-festival-manga-17,unresolved,,,
bunka-media-arts-festival-manga-17-036,bunka-media-arts-festival-manga-17,unresolved,,,
bunka-media-arts-festival-manga-17-037,bunka-media-arts-festival-manga-17,unresolved,,,
bunka-media-arts-festival-manga-17-038,bunka-media-arts-festival-manga-17,unresolved,,,
bunka-media-arts-festival-manga-17-039,bunka-media-arts-festival-manga-17,unresolved,,,
bunka-media-arts-festival-manga-16-001,bunka-media-arts-festival-manga-16,unresolved,,,
bunka-media-arts-festival-manga-16-002,bunka-media-arts-festival-manga-16,unresolved,,,
bunka-media-arts-festival-manga-16-003,bunka-media-arts-festival-manga-16,unresolved,,,
bunka-media-arts-festival-manga-16-004,bunka-media-arts-festival-manga-16,unresolved,,,
bunka-media-arts-festival-manga-16-005,bunka-media-arts-festival-manga-16,unresolved,,,
bunka-media-arts-festival-manga-16-006,bunka-media-arts-festival-manga-16,unresolved,,,
bunka-media-arts-festival-manga-16-007,bunka-media-arts-festival-manga-16,unresolved,,,
bunka-media-arts-festival-manga-16-008,bunka-media-arts-festival-manga-16,unresolved,,,
bunka-media-arts-festival-manga-16-009,bunka-media-arts-festival-manga-16,unresolved,,,
bunka-media-arts-festival-manga-16-010,bunka-media-arts-festival-manga-16,unresolved,,,
bunka-media-arts-festival-manga-16-011,bunka-media-arts-festival-manga-16,unresolved,,,
bunka-media-arts-festival-manga-16-012,bunka-media-arts-festival-manga-16,unresolved,,,
bunka-media-arts-festival-manga-16-013,bunka-media-arts-festival-manga-16,unresolved,,,
bunka-media-arts-festival-manga-16-014,bunka-media-arts-festival-manga-16,unresolved,,,
bunka-media-arts-festival-manga-16-015,bunka-media-arts-festival-manga-16,unresolved,,,
bunka-media-arts-festival-manga-16-016,bunka-media-arts-festival-manga-16,unresolved,,,
bunka-media-arts-festival-manga-16-017,bunka-media-arts-festival-manga-16,unresolved,,,
bunka-media-arts-festival-manga-16-018,bunka-media-arts-festival-manga-16,unresolved,,,
bunka-media-arts-festival-manga-16-019,bunka-media-arts-festival-manga-16,unresolved,,,
bunka-media-arts-festival-manga-16-020,bunka-media-arts-festival-manga-16,unresolved,,,
bunka-media-arts-festival-manga-16-021,bunka-media-arts-festival-manga-16,unresolved,,,
bunka-media-arts-festival-manga-16-022,bunka-media-arts-festival-manga-16,unresolved,,,
bunka-media-arts-festival-manga-16-023,bunka-media-arts-festival-manga-16,unresolved,,,
bunka-media-arts-festival-manga-16-024,bunka-media-arts-festival-manga-16,unresolved,,,
bunka-media-arts-festival-manga-16-025,bunka-media-arts-festival-manga-16,unresolved,,,
bunka-media-arts-festival-manga-16-026,bunka-media-arts-festival-manga-16,unresolved,,,
bunka-media-arts-festival-manga-16-027,bunka-media-arts-festival-manga-16,unresolved,,,
bunka-media-arts-festival-manga-16-028,bunka-media-arts-festival-manga-16,unresolved,,,
bunka-media-arts-festival-manga-16-029,bunka-media-arts-festival-manga-16,unresolved,,,
bunka-media-arts-festival-manga-16-030,bunka-media-arts-festival-manga-16,unresolved,,,
bunka-media-arts-festival-manga-16-031,bunka-media-arts-festival-manga-16,unresolved,,,
bunka-media-arts-festival-manga-16-032,bunka-media-arts-festival-manga-16,unresolved,,,
bunka-media-arts-festival-manga-16-033,bunka-media-arts-festival-manga-16,unresolved,,,
bunka-media-arts-festival-manga-16-034,bunka-media-arts-festival-manga-16,unresolved,,,
bunka-media-arts-festival-manga-16-035,bunka-media-arts-festival-manga-16,unresolved,,,
bunka-media-arts-festival-manga-16-036,bunka-media-arts-festival-manga-16,unresolved,,,
bunka-media-arts-festival-manga-16-037,bunka-media-arts-festival-manga-16,unresolved,,,
bunka-media-arts-festival-manga-16-038,bunka-media-arts-festival-manga-16,unresolved,,,
bunka-media-arts-festival-manga-16-039,bunka-media-arts-festival-manga-16,unresolved,,,
bunka-media-arts-festival-manga-16-040,bunka-media-arts-festival-manga-16,unresolved,,,
bunka-media-arts-festival-manga-15-001,bunka-media-arts-festival-manga-15,unresolved,,,
bunka-media-arts-festival-manga-15-002,bunka-media-arts-festival-manga-15,unresolved,,,
bunka-media-arts-festival-manga-15-003,bunka-media-arts-festival-manga-15,unresolved,,,
bunka-media-arts-festival-manga-15-004,bunka-media-arts-festival-manga-15,unresolved,,,
bunka-media-arts-festival-manga-15-005,bunka-media-arts-festival-manga-15,unresolved,,,
bunka-media-arts-festival-manga-15-006,bunka-media-arts-festival-manga-15,unresolved,,,
bunka-media-arts-festival-manga-15-007,bunka-media-arts-festival-manga-15,unresolved,,,
bunka-media-arts-festival-manga-15-008,bunka-media-arts-festival-manga-15,unresolved,,,
bunka-media-arts-festival-manga-15-009,bunka-media-arts-festival-manga-15,unresolved,,,
bunka-media-arts-festival-manga-15-010,bunka-media-arts-festival-manga-15,unresolved,,,
bunka-media-arts-festival-manga-15-011,bunka-media-arts-festival-manga-15,unresolved,,,
bunka-media-arts-festival-manga-15-012,bunka-media-arts-festival-manga-15,unresolved,,,
bunka-media-arts-festival-manga-15-013,bunka-media-arts-festival-manga-15,unresolved,,,
bunka-media-arts-festival-manga-15-014,bunka-media-arts-festival-manga-15,unresolved,,,
bunka-media-arts-festival-manga-15-015,bunka-media-arts-festival-manga-15,unresolved,,,
bunka-media-arts-festival-manga-15-016,bunka-media-arts-festival-manga-15,unresolved,,,
bunka-media-arts-festival-manga-15-017,bunka-media-arts-festival-manga-15,unresolved,,,
bunka-media-arts-festival-manga-15-018,bunka-media-arts-festival-manga-15,unresolved,,,
bunka-media-arts-festival-manga-15-019,bunka-media-arts-festival-manga-15,unresolved,,,
bunka-media-arts-festival-manga-15-020,bunka-media-arts-festival-manga-15,unresolved,,,
bunka-media-arts-festival-manga-15-021,bunka-media-arts-festival-manga-15,unresolved,,,
bunka-media-arts-festival-manga-15-022,bunka-media-arts-festival-manga-15,unresolved,,,
bunka-media-arts-festival-manga-15-023,bunka-media-arts-festival-manga-15,unresolved,,,
bunka-media-arts-festival-manga-15-024,bunka-media-arts-festival-manga-15,unresolved,,,
bunka-media-arts-festival-manga-15-025,bunka-media-arts-festival-manga-15,unresolved,,,
bunka-media-arts-festival-manga-15-026,bunka-media-arts-festival-manga-15,unresolved,,,
bunka-media-arts-festival-manga-15-027,bunka-media-arts-festival-manga-15,unresolved,,,
bunka-media-arts-festival-manga-15-028,bunka-media-arts-festival-manga-15,unresolved,,,
bunka-media-arts-festival-manga-15-029,bunka-media-arts-festival-manga-15,unresolved,,,
bunka-media-arts-festival-manga-15-030,bunka-media-arts-festival-manga-15,unresolved,,,
bunka-media-arts-festival-manga-15-031,bunka-media-arts-festival-manga-15,unresolved,,,
bunka-media-arts-festival-manga-15-032,bunka-media-arts-festival-manga-15,unresolved,,,
bunka-media-arts-festival-manga-15-033,bunka-media-arts-festival-manga-15,unresolved,,,
bunka-media-arts-festival-manga-15-034,bunka-media-arts-festival-manga-15,unresolved,,,
bunka-media-arts-festival-manga-15-035,bunka-media-arts-festival-manga-15,unresolved,,,
bunka-media-arts-festival-manga-15-036,bunka-media-arts-festival-manga-15,unresolved,,,
bunka-media-arts-festival-manga-15-037,bunka-media-arts-festival-manga-15,unresolved,,,
bunka-media-arts-festival-manga-15-038,bunka-media-arts-festival-manga-15,unresolved,,,
bunka-media-arts-festival-manga-14-001,bunka-media-arts-festival-manga-14,unresolved,,,
bunka-media-arts-festival-manga-14-002,bunka-media-arts-festival-manga-14,unresolved,,,
bunka-media-arts-festival-manga-14-003,bunka-media-arts-festival-manga-14,unresolved,,,
bunka-media-arts-festival-manga-14-004,bunka-media-arts-festival-manga-14,unresolved,,,
bunka-media-arts-festival-manga-14-005,bunka-media-arts-festival-manga-14,unresolved,,,
bunka-media-arts-festival-manga-14-006,bunka-media-arts-festival-manga-14,unresolved,,,
bunka-media-arts-festival-manga-14-007,bunka-media-arts-festival-manga-14,unresolved,,,
bunka-media-arts-festival-manga-14-008,bunka-media-arts-festival-manga-14,unresolved,,,
bunka-media-arts-festival-manga-14-009,bunka-media-arts-festival-manga-14,unresolved,,,
bunka-media-arts-festival-manga-14-010,bunka-media-arts-festival-manga-14,unresolved,,,
bunka-media-arts-festival-manga-14-011,bunka-media-arts-festival-manga-14,unresolved,,,
bunka-media-arts-festival-manga-14-012,bunka-media-arts-festival-manga-14,unresolved,,,
bunka-media-arts-festival-manga-14-013,bunka-media-arts-festival-manga-14,unresolved,,,
bunka-media-arts-festival-manga-14-014,bunka-media-arts-festival-manga-14,unresolved,,,
bunka-media-arts-festival-manga-14-015,bunka-media-arts-festival-manga-14,unresolved,,,
bunka-media-arts-festival-manga-14-016,bunka-media-arts-festival-manga-14,unresolved,,,
bunka-media-arts-festival-manga-14-017,bunka-media-arts-festival-manga-14,unresolved,,,
bunka-media-arts-festival-manga-14-018,bunka-media-arts-festival-manga-14,unresolved,,,
bunka-media-arts-festival-manga-14-019,bunka-media-arts-festival-manga-14,unresolved,,,
bunka-media-arts-festival-manga-14-020,bunka-media-arts-festival-manga-14,unresolved,,,
bunka-media-arts-festival-manga-14-021,bunka-media-arts-festival-manga-14,unresolved,,,
bunka-media-arts-festival-manga-14-022,bunka-media-arts-festival-manga-14,unresolved,,,
bunka-media-arts-festival-manga-14-023,bunka-media-arts-festival-manga-14,unresolved,,,
bunka-media-arts-festival-manga-14-024,bunka-media-arts-festival-manga-14,unresolved,,,
bunka-media-arts-festival-manga-14-025,bunka-media-arts-festival-manga-14,unresolved,,,
bunka-media-arts-festival-manga-14-026,bunka-media-arts-festival-manga-14,unresolved,,,
bunka-media-arts-festival-manga-14-027,bunka-media-arts-festival-manga-14,unresolved,,,
bunka-media-arts-festival-manga-14-028,bunka-media-arts-festival-manga-14,unresolved,,,
bunka-media-arts-festival-manga-14-029,bunka-media-arts-festival-manga-14,unresolved,,,
bunka-media-arts-festival-manga-14-030,bunka-media-arts-festival-manga-14,unresolved,,,
bunka-media-arts-festival-manga-14-031,bunka-media-arts-festival-manga-14,unresolved,,,
bunka-media-arts-festival-manga-14-032,bunka-media-arts-festival-manga-14,unresolved,,,
bunka-media-arts-festival-manga-14-033,bunka-media-arts-festival-manga-14,unresolved,,,
bunka-media-arts-festival-manga-13-001,bunka-media-arts-festival-manga-13,unresolved,,,
bunka-media-arts-festival-manga-13-002,bunka-media-arts-festival-manga-13,unresolved,,,
bunka-media-arts-festival-manga-13-003,bunka-media-arts-festival-manga-13,unresolved,,,
bunka-media-arts-festival-manga-13-004,bunka-media-arts-festival-manga-13,unresolved,,,
bunka-media-arts-festival-manga-13-005,bunka-media-arts-festival-manga-13,unresolved,,,
bunka-media-arts-festival-manga-13-006,bunka-media-arts-festival-manga-13,unresolved,,,
bunka-media-arts-festival-manga-13-007,bunka-media-arts-festival-manga-13,unresolved,,,
bunka-media-arts-festival-manga-13-008,bunka-media-arts-festival-manga-13,unresolved,,,
bunka-media-arts-festival-manga-13-009,bunka-media-arts-festival-manga-13,unresolved,,,
bunka-media-arts-festival-manga-13-010,bunka-media-arts-festival-manga-13,unresolved,,,
bunka-media-arts-festival-manga-13-011,bunka-media-arts-festival-manga-13,unresolved,,,
bunka-media-arts-festival-manga-13-012,bunka-media-arts-festival-manga-13,unresolved,,,
bunka-media-arts-festival-manga-13-013,bunka-media-arts-festival-manga-13,unresolved,,,
bunka-media-arts-festival-manga-13-014,bunka-media-arts-festival-manga-13,unresolved,,,
bunka-media-arts-festival-manga-13-015,bunka-media-arts-festival-manga-13,unresolved,,,
bunka-media-arts-festival-manga-13-016,bunka-media-arts-festival-manga-13,unresolved,,,
bunka-media-arts-festival-manga-13-017,bunka-media-arts-festival-manga-13,unresolved,,,
bunka-media-arts-festival-manga-13-018,bunka-media-arts-festival-manga-13,unresolved,,,
bunka-media-arts-festival-manga-13-019,bunka-media-arts-festival-manga-13,unresolved,,,
bunka-media-arts-festival-manga-13-020,bunka-media-arts-festival-manga-13,unresolved,,,
bunka-media-arts-festival-manga-13-021,bunka-media-arts-festival-manga-13,unresolved,,,
bunka-media-arts-festival-manga-13-022,bunka-media-arts-festival-manga-13,unresolved,,,
bunka-media-arts-festival-manga-13-023,bunka-media-arts-festival-manga-13,unresolved,,,
bunka-media-arts-festival-manga-13-024,bunka-media-arts-festival-manga-13,unresolved,,,
bunka-media-arts-festival-manga-13-025,bunka-media-arts-festival-manga-13,unresolved,,,
bunka-media-arts-festival-manga-13-026,bunka-media-arts-festival-manga-13,unresolved,,,
bunka-media-arts-festival-manga-13-027,bunka-media-arts-festival-manga-13,unresolved,,,
bunka-media-arts-festival-manga-13-028,bunka-media-arts-festival-manga-13,unresolved,,,
bunka-media-arts-festival-manga-13-029,bunka-media-arts-festival-manga-13,unresolved,,,
bunka-media-arts-festival-manga-13-030,bunka-media-arts-festival-manga-13,unresolved,,,
bunka-media-arts-festival-manga-13-031,bunka-media-arts-festival-manga-13,unresolved,,,
bunka-media-arts-festival-manga-13-032,bunka-media-arts-festival-manga-13,unresolved,,,
bunka-media-arts-festival-manga-13-033,bunka-media-arts-festival-manga-13,unresolved,,,
bunka-media-arts-festival-manga-13-034,bunka-media-arts-festival-manga-13,unresolved,,,
bunka-media-arts-festival-manga-13-035,bunka-media-arts-festival-manga-13,unresolved,,,
bunka-media-arts-festival-manga-13-036,bunka-media-arts-festival-manga-13,unresolved,,,
bunka-media-arts-festival-manga-13-037,bunka-media-arts-festival-manga-13,unresolved,,,
bunka-media-arts-festival-manga-13-038,bunka-media-arts-festival-manga-13,unresolved,,,
bunka-media-arts-festival-manga-13-039,bunka-media-arts-festival-manga-13,unresolved,,,
bunka-media-arts-festival-manga-12-001,bunka-media-arts-festival-manga-12,unresolved,,,
bunka-media-arts-festival-manga-12-002,bunka-media-arts-festival-manga-12,unresolved,,,
bunka-media-arts-festival-manga-12-003,bunka-media-arts-festival-manga-12,unresolved,,,
bunka-media-arts-festival-manga-12-004,bunka-media-arts-festival-manga-12,unresolved,,,
bunka-media-arts-festival-manga-12-005,bunka-media-arts-festival-manga-12,unresolved,,,
bunka-media-arts-festival-manga-12-006,bunka-media-arts-festival-manga-12,unresolved,,,
bunka-media-arts-festival-manga-12-007,bunka-media-arts-festival-manga-12,unresolved,,,
bunka-media-arts-festival-manga-12-008,bunka-media-arts-festival-manga-12,unresolved,,,
bunka-media-arts-festival-manga-12-009,bunka-media-arts-festival-manga-12,unresolved,,,
bunka-media-arts-festival-manga-12-010,bunka-media-arts-festival-manga-12,unresolved,,,
bunka-media-arts-festival-manga-12-011,bunka-media-arts-festival-manga-12,unresolved,,,
bunka-media-arts-festival-manga-12-012,bunka-media-arts-festival-manga-12,unresolved,,,
bunka-media-arts-festival-manga-12-013,bunka-media-arts-festival-manga-12,unresolved,,,
bunka-media-arts-festival-manga-12-014,bunka-media-arts-festival-manga-12,unresolved,,,
bunka-media-arts-festival-manga-12-015,bunka-media-arts-festival-manga-12,unresolved,,,
bunka-media-arts-festival-manga-12-016,bunka-media-arts-festival-manga-12,unresolved,,,
bunka-media-arts-festival-manga-12-017,bunka-media-arts-festival-manga-12,unresolved,,,
bunka-media-arts-festival-manga-12-018,bunka-media-arts-festival-manga-12,unresolved,,,
bunka-media-arts-festival-manga-12-019,bunka-media-arts-festival-manga-12,unresolved,,,
bunka-media-arts-festival-manga-12-020,bunka-media-arts-festival-manga-12,unresolved,,,
bunka-media-arts-festival-manga-12-021,bunka-media-arts-festival-manga-12,unresolved,,,
bunka-media-arts-festival-manga-12-022,bunka-media-arts-festival-manga-12,unresolved,,,
bunka-media-arts-festival-manga-12-023,bunka-media-arts-festival-manga-12,unresolved,,,
bunka-media-arts-festival-manga-12-024,bunka-media-arts-festival-manga-12,unresolved,,,
bunka-media-arts-festival-manga-12-025,bunka-media-arts-festival-manga-12,unresolved,,,
bunka-media-arts-festival-manga-12-026,bunka-media-arts-festival-manga-12,unresolved,,,
bunka-media-arts-festival-manga-12-027,bunka-media-arts-festival-manga-12,unresolved,,,
bunka-media-arts-festival-manga-12-028,bunka-media-arts-festival-manga-12,unresolved,,,
bunka-media-arts-festival-manga-12-029,bunka-media-arts-festival-manga-12,unresolved,,,
bunka-media-arts-festival-manga-12-030,bunka-media-arts-festival-manga-12,unresolved,,,
bunka-media-arts-festival-manga-12-031,bunka-media-arts-festival-manga-12,unresolved,,,
bunka-media-arts-festival-manga-12-032,bunka-media-arts-festival-manga-12,unresolved,,,
bunka-media-arts-festival-manga-12-033,bunka-media-arts-festival-manga-12,unresolved,,,
bunka-media-arts-festival-manga-12-034,bunka-media-arts-festival-manga-12,unresolved,,,
bunka-media-arts-festival-manga-11-001,bunka-media-arts-festival-manga-11,unresolved,,,
bunka-media-arts-festival-manga-11-002,bunka-media-arts-festival-manga-11,unresolved,,,
bunka-media-arts-festival-manga-11-003,bunka-media-arts-festival-manga-11,unresolved,,,
bunka-media-arts-festival-manga-11-004,bunka-media-arts-festival-manga-11,unresolved,,,
bunka-media-arts-festival-manga-11-005,bunka-media-arts-festival-manga-11,unresolved,,,
bunka-media-arts-festival-manga-11-006,bunka-media-arts-festival-manga-11,unresolved,,,
bunka-media-arts-festival-manga-11-007,bunka-media-arts-festival-manga-11,unresolved,,,
bunka-media-arts-festival-manga-11-008,bunka-media-arts-festival-manga-11,unresolved,,,
bunka-media-arts-festival-manga-11-009,bunka-media-arts-festival-manga-11,unresolved,,,
bunka-media-arts-festival-manga-11-010,bunka-media-arts-festival-manga-11,unresolved,,,
bunka-media-arts-festival-manga-11-011,bunka-media-arts-festival-manga-11,unresolved,,,
bunka-media-arts-festival-manga-11-012,bunka-media-arts-festival-manga-11,unresolved,,,
bunka-media-arts-festival-manga-11-013,bunka-media-arts-festival-manga-11,unresolved,,,
bunka-media-arts-festival-manga-11-014,bunka-media-arts-festival-manga-11,unresolved,,,
bunka-media-arts-festival-manga-11-015,bunka-media-arts-festival-manga-11,unresolved,,,
bunka-media-arts-festival-manga-11-016,bunka-media-arts-festival-manga-11,unresolved,,,
bunka-media-arts-festival-manga-11-017,bunka-media-arts-festival-manga-11,unresolved,,,
bunka-media-arts-festival-manga-11-018,bunka-media-arts-festival-manga-11,unresolved,,,
bunka-media-arts-festival-manga-11-019,bunka-media-arts-festival-manga-11,unresolved,,,
bunka-media-arts-festival-manga-11-020,bunka-media-arts-festival-manga-11,unresolved,,,
bunka-media-arts-festival-manga-11-021,bunka-media-arts-festival-manga-11,unresolved,,,
bunka-media-arts-festival-manga-11-022,bunka-media-arts-festival-manga-11,unresolved,,,
bunka-media-arts-festival-manga-11-023,bunka-media-arts-festival-manga-11,unresolved,,,
bunka-media-arts-festival-manga-11-024,bunka-media-arts-festival-manga-11,unresolved,,,
bunka-media-arts-festival-manga-11-025,bunka-media-arts-festival-manga-11,unresolved,,,
bunka-media-arts-festival-manga-11-026,bunka-media-arts-festival-manga-11,unresolved,,,
bunka-media-arts-festival-manga-11-027,bunka-media-arts-festival-manga-11,unresolved,,,
bunka-media-arts-festival-manga-11-028,bunka-media-arts-festival-manga-11,unresolved,,,
bunka-media-arts-festival-manga-10-001,bunka-media-arts-festival-manga-10,unresolved,,,
bunka-media-arts-festival-manga-10-002,bunka-media-arts-festival-manga-10,unresolved,,,
bunka-media-arts-festival-manga-10-003,bunka-media-arts-festival-manga-10,unresolved,,,
bunka-media-arts-festival-manga-10-004,bunka-media-arts-festival-manga-10,unresolved,,,
bunka-media-arts-festival-manga-10-005,bunka-media-arts-festival-manga-10,unresolved,,,
bunka-media-arts-festival-manga-10-006,bunka-media-arts-festival-manga-10,unresolved,,,
bunka-media-arts-festival-manga-10-007,bunka-media-arts-festival-manga-10,unresolved,,,
bunka-media-arts-festival-manga-10-008,bunka-media-arts-festival-manga-10,unresolved,,,
bunka-media-arts-festival-manga-10-009,bunka-media-arts-festival-manga-10,unresolved,,,
bunka-media-arts-festival-manga-10-010,bunka-media-arts-festival-manga-10,unresolved,,,
bunka-media-arts-festival-manga-10-011,bunka-media-arts-festival-manga-10,unresolved,,,
bunka-media-arts-festival-manga-10-012,bunka-media-arts-festival-manga-10,unresolved,,,
bunka-media-arts-festival-manga-10-013,bunka-media-arts-festival-manga-10,unresolved,,,
bunka-media-arts-festival-manga-10-014,bunka-media-arts-festival-manga-10,unresolved,,,
bunka-media-arts-festival-manga-10-015,bunka-media-arts-festival-manga-10,unresolved,,,
bunka-media-arts-festival-manga-10-016,bunka-media-arts-festival-manga-10,unresolved,,,
bunka-media-arts-festival-manga-10-017,bunka-media-arts-festival-manga-10,unresolved,,,
bunka-media-arts-festival-manga-10-018,bunka-media-arts-festival-manga-10,unresolved,,,
bunka-media-arts-festival-manga-10-019,bunka-media-arts-festival-manga-10,unresolved,,,
bunka-media-arts-festival-manga-10-020,bunka-media-arts-festival-manga-10,unresolved,,,
bunka-media-arts-festival-manga-10-021,bunka-media-arts-festival-manga-10,unresolved,,,
bunka-media-arts-festival-manga-10-022,bunka-media-arts-festival-manga-10,unresolved,,,
bunka-media-arts-festival-manga-10-023,bunka-media-arts-festival-manga-10,unresolved,,,
bunka-media-arts-festival-manga-10-024,bunka-media-arts-festival-manga-10,unresolved,,,
bunka-media-arts-festival-manga-10-025,bunka-media-arts-festival-manga-10,unresolved,,,
bunka-media-arts-festival-manga-10-026,bunka-media-arts-festival-manga-10,unresolved,,,
bunka-media-arts-festival-manga-09-001,bunka-media-arts-festival-manga-09,unresolved,,,
bunka-media-arts-festival-manga-09-002,bunka-media-arts-festival-manga-09,unresolved,,,
bunka-media-arts-festival-manga-09-003,bunka-media-arts-festival-manga-09,unresolved,,,
bunka-media-arts-festival-manga-09-004,bunka-media-arts-festival-manga-09,unresolved,,,
bunka-media-arts-festival-manga-09-005,bunka-media-arts-festival-manga-09,unresolved,,,
bunka-media-arts-festival-manga-09-006,bunka-media-arts-festival-manga-09,unresolved,,,
bunka-media-arts-festival-manga-09-007,bunka-media-arts-festival-manga-09,unresolved,,,
bunka-media-arts-festival-manga-09-008,bunka-media-arts-festival-manga-09,unresolved,,,
bunka-media-arts-festival-manga-09-009,bunka-media-arts-festival-manga-09,unresolved,,,
bunka-media-arts-festival-manga-09-010,bunka-media-arts-festival-manga-09,unresolved,,,
bunka-media-arts-festival-manga-09-011,bunka-media-arts-festival-manga-09,unresolved,,,
bunka-media-arts-festival-manga-09-012,bunka-media-arts-festival-manga-09,unresolved,,,
bunka-media-arts-festival-manga-09-013,bunka-media-arts-festival-manga-09,unresolved,,,
bunka-media-arts-festival-manga-09-014,bunka-media-arts-festival-manga-09,unresolved,,,
bunka-media-arts-festival-manga-09-015,bunka-media-arts-festival-manga-09,unresolved,,,
bunka-media-arts-festival-manga-09-016,bunka-media-arts-festival-manga-09,unresolved,,,
bunka-media-arts-festival-manga-09-017,bunka-media-arts-festival-manga-09,unresolved,,,
bunka-media-arts-festival-manga-09-018,bunka-media-arts-festival-manga-09,unresolved,,,
bunka-media-arts-festival-manga-09-019,bunka-media-arts-festival-manga-09,unresolved,,,
bunka-media-arts-festival-manga-09-020,bunka-media-arts-festival-manga-09,unresolved,,,
bunka-media-arts-festival-manga-09-021,bunka-media-arts-festival-manga-09,unresolved,,,
bunka-media-arts-festival-manga-09-022,bunka-media-arts-festival-manga-09,unresolved,,,
bunka-media-arts-festival-manga-09-023,bunka-media-arts-festival-manga-09,unresolved,,,
bunka-media-arts-festival-manga-09-024,bunka-media-arts-festival-manga-09,unresolved,,,
bunka-media-arts-festival-manga-09-025,bunka-media-arts-festival-manga-09,unresolved,,,
bunka-media-arts-festival-manga-09-026,bunka-media-arts-festival-manga-09,unresolved,,,
bunka-media-arts-festival-manga-09-027,bunka-media-arts-festival-manga-09,unresolved,,,
bunka-media-arts-festival-manga-09-028,bunka-media-arts-festival-manga-09,unresolved,,,
bunka-media-arts-festival-manga-09-029,bunka-media-arts-festival-manga-09,unresolved,,,
bunka-media-arts-festival-manga-08-001,bunka-media-arts-festival-manga-08,unresolved,,,
bunka-media-arts-festival-manga-08-002,bunka-media-arts-festival-manga-08,unresolved,,,
bunka-media-arts-festival-manga-08-003,bunka-media-arts-festival-manga-08,unresolved,,,
bunka-media-arts-festival-manga-08-004,bunka-media-arts-festival-manga-08,unresolved,,,
bunka-media-arts-festival-manga-08-005,bunka-media-arts-festival-manga-08,unresolved,,,
bunka-media-arts-festival-manga-08-006,bunka-media-arts-festival-manga-08,unresolved,,,
bunka-media-arts-festival-manga-08-007,bunka-media-arts-festival-manga-08,unresolved,,,
bunka-media-arts-festival-manga-08-008,bunka-media-arts-festival-manga-08,unresolved,,,
bunka-media-arts-festival-manga-08-009,bunka-media-arts-festival-manga-08,unresolved,,,
bunka-media-arts-festival-manga-08-010,bunka-media-arts-festival-manga-08,unresolved,,,
bunka-media-arts-festival-manga-08-011,bunka-media-arts-festival-manga-08,unresolved,,,
bunka-media-arts-festival-manga-08-012,bunka-media-arts-festival-manga-08,unresolved,,,
bunka-media-arts-festival-manga-08-013,bunka-media-arts-festival-manga-08,unresolved,,,
bunka-media-arts-festival-manga-08-014,bunka-media-arts-festival-manga-08,unresolved,,,
bunka-media-arts-festival-manga-08-015,bunka-media-arts-festival-manga-08,unresolved,,,
bunka-media-arts-festival-manga-08-016,bunka-media-arts-festival-manga-08,unresolved,,,
bunka-media-arts-festival-manga-08-017,bunka-media-arts-festival-manga-08,unresolved,,,
bunka-media-arts-festival-manga-08-018,bunka-media-arts-festival-manga-08,unresolved,,,
bunka-media-arts-festival-manga-08-019,bunka-media-arts-festival-manga-08,unresolved,,,
bunka-media-arts-festival-manga-08-020,bunka-media-arts-festival-manga-08,unresolved,,,
bunka-media-arts-festival-manga-08-021,bunka-media-arts-festival-manga-08,unresolved,,,
bunka-media-arts-festival-manga-08-022,bunka-media-arts-festival-manga-08,unresolved,,,
bunka-media-arts-festival-manga-08-023,bunka-media-arts-festival-manga-08,unresolved,,,
bunka-media-arts-festival-manga-08-024,bunka-media-arts-festival-manga-08,unresolved,,,
bunka-media-arts-festival-manga-08-025,bunka-media-arts-festival-manga-08,unresolved,,,
bunka-media-arts-festival-manga-07-001,bunka-media-arts-festival-manga-07,unresolved,,,
bunka-media-arts-festival-manga-07-002,bunka-media-arts-festival-manga-07,unresolved,,,
bunka-media-arts-festival-manga-07-003,bunka-media-arts-festival-manga-07,unresolved,,,
bunka-media-arts-festival-manga-07-004,bunka-media-arts-festival-manga-07,unresolved,,,
bunka-media-arts-festival-manga-07-005,bunka-media-arts-festival-manga-07,unresolved,,,
bunka-media-arts-festival-manga-07-006,bunka-media-arts-festival-manga-07,unresolved,,,
bunka-media-arts-festival-manga-07-007,bunka-media-arts-festival-manga-07,unresolved,,,
bunka-media-arts-festival-manga-07-008,bunka-media-arts-festival-manga-07,unresolved,,,
bunka-media-arts-festival-manga-07-009,bunka-media-arts-festival-manga-07,unresolved,,,
bunka-media-arts-festival-manga-07-010,bunka-media-arts-festival-manga-07,unresolved,,,
bunka-media-arts-festival-manga-07-011,bunka-media-arts-festival-manga-07,unresolved,,,
bunka-media-arts-festival-manga-07-012,bunka-media-arts-festival-manga-07,unresolved,,,
bunka-media-arts-festival-manga-07-013,bunka-media-arts-festival-manga-07,unresolved,,,
bunka-media-arts-festival-manga-07-014,bunka-media-arts-festival-manga-07,unresolved,,,
bunka-media-arts-festival-manga-07-015,bunka-media-arts-festival-manga-07,unresolved,,,
bunka-media-arts-festival-manga-07-016,bunka-media-arts-festival-manga-07,unresolved,,,
bunka-media-arts-festival-manga-07-017,bunka-media-arts-festival-manga-07,unresolved,,,
bunka-media-arts-festival-manga-07-018,bunka-media-arts-festival-manga-07,unresolved,,,
bunka-media-arts-festival-manga-07-019,bunka-media-arts-festival-manga-07,unresolved,,,
bunka-media-arts-festival-manga-07-020,bunka-media-arts-festival-manga-07,unresolved,,,
bunka-media-arts-festival-manga-07-021,bunka-media-arts-festival-manga-07,unresolved,,,
bunka-media-arts-festival-manga-07-022,bunka-media-arts-festival-manga-07,unresolved,,,
bunka-media-arts-festival-manga-07-023,bunka-media-arts-festival-manga-07,unresolved,,,
bunka-media-arts-festival-manga-06-001,bunka-media-arts-festival-manga-06,unresolved,,,
bunka-media-arts-festival-manga-06-002,bunka-media-arts-festival-manga-06,unresolved,,,
bunka-media-arts-festival-manga-06-003,bunka-media-arts-festival-manga-06,unresolved,,,
bunka-media-arts-festival-manga-06-004,bunka-media-arts-festival-manga-06,unresolved,,,
bunka-media-arts-festival-manga-06-005,bunka-media-arts-festival-manga-06,unresolved,,,
bunka-media-arts-festival-manga-06-006,bunka-media-arts-festival-manga-06,unresolved,,,
bunka-media-arts-festival-manga-06-007,bunka-media-arts-festival-manga-06,unresolved,,,
bunka-media-arts-festival-manga-06-008,bunka-media-arts-festival-manga-06,unresolved,,,
bunka-media-arts-festival-manga-06-009,bunka-media-arts-festival-manga-06,unresolved,,,
bunka-media-arts-festival-manga-06-010,bunka-media-arts-festival-manga-06,unresolved,,,
bunka-media-arts-festival-manga-06-011,bunka-media-arts-festival-manga-06,unresolved,,,
bunka-media-arts-festival-manga-06-012,bunka-media-arts-festival-manga-06,unresolved,,,
bunka-media-arts-festival-manga-06-013,bunka-media-arts-festival-manga-06,unresolved,,,
bunka-media-arts-festival-manga-06-014,bunka-media-arts-festival-manga-06,unresolved,,,
bunka-media-arts-festival-manga-06-015,bunka-media-arts-festival-manga-06,unresolved,,,
bunka-media-arts-festival-manga-06-016,bunka-media-arts-festival-manga-06,unresolved,,,
bunka-media-arts-festival-manga-06-017,bunka-media-arts-festival-manga-06,unresolved,,,
bunka-media-arts-festival-manga-06-018,bunka-media-arts-festival-manga-06,unresolved,,,
bunka-media-arts-festival-manga-06-019,bunka-media-arts-festival-manga-06,unresolved,,,
bunka-media-arts-festival-manga-06-020,bunka-media-arts-festival-manga-06,unresolved,,,
bunka-media-arts-festival-manga-06-021,bunka-media-arts-festival-manga-06,unresolved,,,
bunka-media-arts-festival-manga-06-022,bunka-media-arts-festival-manga-06,unresolved,,,
bunka-media-arts-festival-manga-05-001,bunka-media-arts-festival-manga-05,unresolved,,,
bunka-media-arts-festival-manga-05-002,bunka-media-arts-festival-manga-05,unresolved,,,
bunka-media-arts-festival-manga-05-003,bunka-media-arts-festival-manga-05,unresolved,,,
bunka-media-arts-festival-manga-05-004,bunka-media-arts-festival-manga-05,unresolved,,,
bunka-media-arts-festival-manga-05-005,bunka-media-arts-festival-manga-05,unresolved,,,
bunka-media-arts-festival-manga-05-006,bunka-media-arts-festival-manga-05,unresolved,,,
bunka-media-arts-festival-manga-05-007,bunka-media-arts-festival-manga-05,unresolved,,,
bunka-media-arts-festival-manga-05-008,bunka-media-arts-festival-manga-05,unresolved,,,
bunka-media-arts-festival-manga-05-009,bunka-media-arts-festival-manga-05,unresolved,,,
bunka-media-arts-festival-manga-05-010,bunka-media-arts-festival-manga-05,unresolved,,,
bunka-media-arts-festival-manga-05-011,bunka-media-arts-festival-manga-05,unresolved,,,
bunka-media-arts-festival-manga-05-012,bunka-media-arts-festival-manga-05,unresolved,,,
bunka-media-arts-festival-manga-05-013,bunka-media-arts-festival-manga-05,unresolved,,,
bunka-media-arts-festival-manga-05-014,bunka-media-arts-festival-manga-05,unresolved,,,
bunka-media-arts-festival-manga-05-015,bunka-media-arts-festival-manga-05,unresolved,,,
bunka-media-arts-festival-manga-05-016,bunka-media-arts-festival-manga-05,unresolved,,,
bunka-media-arts-festival-manga-05-017,bunka-media-arts-festival-manga-05,unresolved,,,
bunka-media-arts-festival-manga-05-018,bunka-media-arts-festival-manga-05,unresolved,,,
bunka-media-arts-festival-manga-05-019,bunka-media-arts-festival-manga-05,unresolved,,,
bunka-media-arts-festival-manga-05-020,bunka-media-arts-festival-manga-05,unresolved,,,
bunka-media-arts-festival-manga-05-021,bunka-media-arts-festival-manga-05,unresolved,,,
bunka-media-arts-festival-manga-05-022,bunka-media-arts-festival-manga-05,unresolved,,,
bunka-media-arts-festival-manga-04-001,bunka-media-arts-festival-manga-04,unresolved,,,
bunka-media-arts-festival-manga-04-002,bunka-media-arts-festival-manga-04,unresolved,,,
bunka-media-arts-festival-manga-04-003,bunka-media-arts-festival-manga-04,unresolved,,,
bunka-media-arts-festival-manga-04-004,bunka-media-arts-festival-manga-04,unresolved,,,
bunka-media-arts-festival-manga-04-005,bunka-media-arts-festival-manga-04,unresolved,,,
bunka-media-arts-festival-manga-03-001,bunka-media-arts-festival-manga-03,unresolved,,,
bunka-media-arts-festival-manga-03-002,bunka-media-arts-festival-manga-03,unresolved,,,
bunka-media-arts-festival-manga-03-003,bunka-media-arts-festival-manga-03,unresolved,,,
bunka-media-arts-festival-manga-03-004,bunka-media-arts-festival-manga-03,unresolved,,,
bunka-media-arts-festival-manga-03-005,bunka-media-arts-festival-manga-03,unresolved,,,
bunka-media-arts-festival-manga-02-001,bunka-media-arts-festival-manga-02,unresolved,,,
bunka-media-arts-festival-manga-02-002,bunka-media-arts-festival-manga-02,unresolved,,,
bunka-media-arts-festival-manga-02-003,bunka-media-arts-festival-manga-02,unresolved,,,
bunka-media-arts-festival-manga-02-004,bunka-media-arts-festival-manga-02,unresolved,,,
bunka-media-arts-festival-manga-02-005,bunka-media-arts-festival-manga-02,unresolved,,,
bunka-media-arts-festival-manga-01-001,bunka-media-arts-festival-manga-01,unresolved,,,
bunka-media-arts-festival-manga-01-002,bunka-media-arts-festival-manga-01,unresolved,,,
bunka-media-arts-festival-manga-01-003,bunka-media-arts-festival-manga-01,unresolved,,,
bunka-media-arts-festival-manga-01-004,bunka-media-arts-festival-manga-01,unresolved,,,
bunka-media-arts-festival-manga-01-005,bunka-media-arts-festival-manga-01,unresolved,,,
fmkorea-otaku-notion-58975c8c2baf410bacfb4451bebaf9af,fmkorea-otaku-notion,unresolved,,,
fmkorea-otaku-notion-87159724cc3d4e909d764ebb76b2394b,fmkorea-otaku-notion,unresolved,,,
fmkorea-otaku-notion-9032664ee5ee4ed4abc7c01c679fc3a1,fmkorea-otaku-notion,unresolved,,,
fmkorea-otaku-notion-dc98dd45fbb4425b95fca12f6d537913,fmkorea-otaku-notion,unresolved,,,
fmkorea-otaku-notion-1e5fd6e87d7e4a3d92e6af9afdb5446c,fmkorea-otaku-notion,unresolved,,,
fmkorea-otaku-notion-e4db7fbc64ef4793bb25d8f2eb8f43b2,fmkorea-otaku-notion,unresolved,,,
fmkorea-otaku-notion-d868fc1a823d4d84a3fb59788c8baff3,fmkorea-otaku-notion,unresolved,,,
fmkorea-otaku-notion-d796bde24ddc481ba96377a1bf594d81,fmkorea-otaku-notion,unresolved,,,
fmkorea-otaku-notion-9ce8f3b4aba7480fb2647a7c5174f186,fmkorea-otaku-notion,unresolved,,,
fmkorea-otaku-notion-09e8fbd6a6a640188efed2f43f7fa501,fmkorea-otaku-notion,unresolved,,,
fmkorea-otaku-notion-84693cfc801347b9984491d9dce5acdf,fmkorea-otaku-notion,unresolved,,,
fmkorea-otaku-notion-48f8d9ef3d3e43cd9615666a2d40ba2a,fmkorea-otaku-notion,unresolved,,,
fmkorea-otaku-notion-e9cfd19b534a41f0b5651bee8419bd82,fmkorea-otaku-notion,unresolved,,,
fmkorea-otaku-notion-aa482f8dced24b86a38fe7953a1fd872,fmkorea-otaku-notion,unresolved,,,
fmkorea-otaku-notion-a1f37d23ab6744669c0dbd2efe1034c0,fmkorea-otaku-notion,unresolved,,,
fmkorea-otaku-notion-dc198c6bfe9744f2a2767c1b74ea96e7,fmkorea-otaku-notion,unresolved,,,
fmkorea-otaku-notion-602231e4520749eda7128c0956f4ac48,fmkorea-otaku-notion,unresolved,,,
fmkorea-otaku-notion-901bdaf97c3e4be5809fa00b7002ad60,fmkorea-otaku-notion,unresolved,,,
fmkorea-otaku-notion-3a9007b8e1f24fa4bbbfe3387b1a7374,fmkorea-otaku-notion,unresolved,,,
fmkorea-otaku-notion-0cc91e30c2254c8581f3aeb902278ac3,fmkorea-otaku-notion,unresolved,,,
fmkorea-otaku-notion-6f92ce228ec94aa09805d0371bec15d8,fmkorea-otaku-notion,unresolved,,,
fmkorea-otaku-notion-10cb4440c8174eca91db6d9d545d394d,fmkorea-otaku-notion,unresolved,,,
fmkorea-otaku-notion-77cf0e68bd4f4dc0b001a81ab8102517,fmkorea-otaku-notion,unresolved,,,
fmkorea-otaku-notion-e092830a35674155b816f9c63027b985,fmkorea-otaku-notion,unresolved,,,
fmkorea-otaku-notion-eba00a75d00143ad81dc2bcef87a0137,fmkorea-otaku-notion,unresolved,,,
fmkorea-otaku-notion-a7aec7689be249959f51bcee40784c23,fmkorea-otaku-notion,unresolved,,,
fmkorea-otaku-notion-696e79a0b1e0404082a780510eae5b62,fmkorea-otaku-notion,unresolved,,,
fmkorea-otaku-notion-5c7dfa4907124431a47a3da205ae0e8b,fmkorea-otaku-notion,unresolved,,,
fmkorea-otaku-notion-519876bd147740d3a61d55ae40b711a2,fmkorea-otaku-notion,unresolved,,,
fmkorea-otaku-notion-d0696321c8214576a186fedbe32cf667,fmkorea-otaku-notion,unresolved,,,
fmkorea-otaku-notion-a9454d6d5a274e68ba5dcad93a149d6e,fmkorea-otaku-notion,unresolved,,,
fmkorea-otaku-notion-8956d9a6a6da4ab5b378dcc5087ca229,fmkorea-otaku-notion,unresolved,,,
fmkorea-otaku-notion-5db0063c253241b9a63f398ab1d13325,fmkorea-otaku-notion,unresolved,,,
fmkorea-otaku-notion-80b2ea0ab05c4fcea943119eb909c580,fmkorea-otaku-notion,unresolved,,,
fmkorea-otaku-notion-d0fedd64f73c458095bf00ccb3114a68,fmkorea-otaku-notion,unresolved,,,
fmkorea-otaku-notion-1f1c136b6b3d43feb4f923158470db99,fmkorea-otaku-notion,unresolved,,,
fmkorea-otaku-notion-c7453566919a4edbb1ebc99a9ce0bce8,fmkorea-otaku-notion,unresolved,,,
fmkorea-otaku-notion-0c951757d91447689cee9ed65cfae3a0,fmkorea-otaku-notion,unresolved,,,
fmkorea-otaku-notion-3f11cd2172624add84f4337a2ad8a569,fmkorea-otaku-notion,unresolved,,,
fmkorea-otaku-notion-9eec2fa54f01460bbf1d94e82c077742,fmkorea-otaku-notion,unresolved,,,
fmkorea-otaku-notion-a8d762a885374a049c6dbcef599db496,fmkorea-otaku-notion,unresolved,,,
fmkorea-otaku-notion-d054147449154af1bfdb7e0d50beae72,fmkorea-otaku-notion,unresolved,,,
fmkorea-otaku-notion-04246699789c4287b9afbc0d79e30137,fmkorea-otaku-notion,unresolved,,,
fmkorea-otaku-notion-1a797bc81d72454aa339572c596ee0e8,fmkorea-otaku-notion,unresolved,,,
fmkorea-otaku-notion-6e55ac40ef7b402686a90be6d191c21b,fmkorea-otaku-notion,unresolved,,,
fmkorea-otaku-notion-5386ea15683646fb807add7a37b91819,fmkorea-otaku-notion,unresolved,,,
fmkorea-otaku-notion-177c5a0dd7534ab593aaf94d3326beac,fmkorea-otaku-notion,unresolved,,,
fmkorea-otaku-notion-6ee4f37a58004f3db5c88e608dfd5068,fmkorea-otaku-notion,unresolved,,,
fmkorea-otaku-notion-767ac4191c234331a6b3f324d7dafb4a,fmkorea-otaku-notion,unresolved,,,
fmkorea-otaku-notion-81e5ff77cfa942bca5bceb72b72b5310,fmkorea-otaku-notion,unresolved,,,
fmkorea-otaku-notion-24c53ef42eda4700a839ff66afdca75e,fmkorea-otaku-notion,unresolved,,,
fmkorea-otaku-notion-4e6e136b3c494906a9c743869471bf2e,fmkorea-otaku-notion,unresolved,,,
fmkorea-otaku-notion-4644761d2edf46b2801e3e246f469853,fmkorea-otaku-notion,unresolved,,,
fmkorea-otaku-notion-9ddc874f071749039aab40f8b5a49fa5,fmkorea-otaku-notion,unresolved,,,
fmkorea-otaku-notion-3a9222e11a2b4f819952b6295ba172aa,fmkorea-otaku-notion,unresolved,,,
fmkorea-otaku-notion-4dbdc455943946c9a45a831a55215523,fmkorea-otaku-notion,unresolved,,,
fmkorea-otaku-notion-be38468a5f844701962310ed550d0bf5,fmkorea-otaku-notion,unresolved,,,
fmkorea-otaku-notion-ea912255139149fcb92e0edaa42d8a2b,fmkorea-otaku-notion,unresolved,,,
fmkorea-otaku-notion-2a2dce331d5c4dfc9dc718a98ee7598a,fmkorea-otaku-notion,unresolved,,,
fmkorea-otaku-notion-db6543a6ce2042dbb71863c5d8078e7b,fmkorea-otaku-notion,unresolved,,,
fmkorea-otaku-notion-6a02f5e70ace44d4ad7781641a0477c2,fmkorea-otaku-notion,unresolved,,,
fmkorea-otaku-notion-aa2c4feeec5a469a91256d80820137aa,fmkorea-otaku-notion,unresolved,,,
fmkorea-otaku-notion-cf48a4f572ef4f7c9913001df1dc4135,fmkorea-otaku-notion,unresolved,,,
fmkorea-otaku-notion-c1b9fed57b4945c5b697d651acda2f32,fmkorea-otaku-notion,unresolved,,,
fmkorea-otaku-notion-a7dc6c05b1914f50b3f0ef820b0fdb19,fmkorea-otaku-notion,unresolved,,,
fmkorea-otaku-notion-60714cc5bb3041b4ac3a1ff796067e6c,fmkorea-otaku-notion,unresolved,,,
fmkorea-otaku-notion-101b8ada677b49afbf54298beb358f96,fmkorea-otaku-notion,unresolved,,,
fmkorea-otaku-notion-497b690bdb4a45dcb5e78c6feef1b252,fmkorea-otaku-notion,unresolved,,,
fmkorea-otaku-notion-9f43914a22b74d17b992f26e1ad0cc17,fmkorea-otaku-notion,unresolved,,,
fmkorea-otaku-notion-622efe08cb1c4ba587aa87fdb4fb0a30,fmkorea-otaku-notion,unresolved,,,
fmkorea-otaku-notion-56d39c3f6abf45ce830f872cdf9a05d9,fmkorea-otaku-notion,unresolved,,,
fmkorea-otaku-notion-cf95b4e1308045b2b2fbe9bc90db0888,fmkorea-otaku-notion,unresolved,,,
fmkorea-otaku-notion-da8d1b6c8ac943c6bc02b5898ae66d97,fmkorea-otaku-notion,unresolved,,,
fmkorea-otaku-notion-035cd73a281348a2a5dd5b065cf9ff4f,fmkorea-otaku-notion,unresolved,,,
fmkorea-otaku-notion-1c55883f424a4a169a671462df7a2ea0,fmkorea-otaku-notion,unresolved,,,
fmkorea-otaku-notion-66a3b817b3094e5cbe57dccde86c3fce,fmkorea-otaku-notion,unresolved,,,
fmkorea-otaku-notion-7d3126d7d3ac44fe9508333ea00f451c,fmkorea-otaku-notion,unresolved,,,
fmkorea-otaku-notion-44b810e731c748c0a522403f972298ce,fmkorea-otaku-notion,unresolved,,,
fmkorea-otaku-notion-4e243876331946e9ba327040d2d8365f,fmkorea-otaku-notion,unresolved,,,
fmkorea-otaku-notion-790f092030224958879ccf5b0f205101,fmkorea-otaku-notion,unresolved,,,
fmkorea-otaku-notion-b8060f7826184a8bb6e52aa80958e656,fmkorea-otaku-notion,unresolved,,,
fmkorea-otaku-notion-80e7d0ee4ae94d298c4560e4eb55d8d9,fmkorea-otaku-notion,unresolved,,,
fmkorea-otaku-notion-3e85dcbaeb8b4177bfede20609cfcfe5,fmkorea-otaku-notion,unresolved,,,
fmkorea-otaku-notion-b175cac4b2f04288ac66431771de80ec,fmkorea-otaku-notion,unresolved,,,
fmkorea-otaku-notion-ee77a1ae908f439f882716cdda40f72b,fmkorea-otaku-notion,unresolved,,,
fmkorea-otaku-notion-7818aca9cbe3403eb18ddd202744827c,fmkorea-otaku-notion,unresolved,,,
fmkorea-otaku-notion-6cb72e9ad0b747e981accf63219affeb,fmkorea-otaku-notion,unresolved,,,
fmkorea-otaku-notion-b282e1b80b3a48bdbcbb5ee40c90bb33,fmkorea-otaku-notion,unresolved,,,
fmkorea-otaku-notion-835895f8c7d8400a940060487cf126a7,fmkorea-otaku-notion,unresolved,,,
fmkorea-otaku-notion-4a2842e0da18426083852e89c3eb0fff,fmkorea-otaku-notion,unresolved,,,
fmkorea-otaku-notion-b46b157596014c30a2facf8f477a12e0,fmkorea-otaku-notion,unresolved,,,
fmkorea-otaku-notion-60e36dadc06145daa519e487af7464a4,fmkorea-otaku-notion,unresolved,,,
fmkorea-otaku-notion-3f00426c874249d8a46855f6b4103245,fmkorea-otaku-notion,unresolved,,,
fmkorea-otaku-notion-b5acde9cb0e94be8a73ef19ee05bf1e7,fmkorea-otaku-notion,unresolved,,,
fmkorea-otaku-notion-a005f56286ac40e8bbd5778b2c9fc010,fmkorea-otaku-notion,unresolved,,,
fmkorea-otaku-notion-ca310789f14a42539b9b0dacf0b1a76d,fmkorea-otaku-notion,unresolved,,,
fmkorea-otaku-notion-578af9cb56984b4c8f449e63756efac1,fmkorea-otaku-notion,unresolved,,,
fmkorea-otaku-notion-94c9616f661c4fe6a1941eebba71d441,fmkorea-otaku-notion,unresolved,,,
fmkorea-otaku-notion-6cad7b3acaa740faa68f219f42681ad9,fmkorea-otaku-notion,unresolved,,,
fmkorea-otaku-notion-ed66d0556e234cb6bfde24fe7f1cb7bc,fmkorea-otaku-notion,unresolved,,,
fmkorea-otaku-notion-3f99e9085e154b28a3664de1ac410f1c,fmkorea-otaku-notion,unresolved,,,
fmkorea-otaku-notion-090d4952284d426d91146d45f89f5855,fmkorea-otaku-notion,unresolved,,,
fmkorea-otaku-notion-24390a5845844226b6aeb5665b35fba8,fmkorea-otaku-notion,unresolved,,,
fmkorea-otaku-notion-5a35dbf8d0fb4a8eb11591bbcb52897f,fmkorea-otaku-notion,unresolved,,,
fmkorea-otaku-notion-0c52d93ff6714c289b98d803beafc5e9,fmkorea-otaku-notion,unresolved,,,
fmkorea-otaku-notion-85997c902d184347ba2afed3faa08cf4,fmkorea-otaku-notion,unresolved,,,
fmkorea-otaku-notion-920da73287d34a73b0ffde62155165c6,fmkorea-otaku-notion,unresolved,,,
fmkorea-otaku-notion-c2df3d764fb74c9892b7f96d45e702f5,fmkorea-otaku-notion,unresolved,,,
fmkorea-otaku-notion-310bb84cd35944a291fab43e83fedd42,fmkorea-otaku-notion,unresolved,,,
fmkorea-otaku-notion-2266805c6e424fffbc537d57bf5ae4de,fmkorea-otaku-notion,unresolved,,,
fmkorea-otaku-notion-7574d973542f493c8462669a56adb459,fmkorea-otaku-notion,unresolved,,,
fmkorea-otaku-notion-ba28f6dbede74c0cab3b19323825160f,fmkorea-otaku-notion,unresolved,,,
fmkorea-otaku-notion-e4d51d3e36f44b06bae3be3ba6b13074,fmkorea-otaku-notion,unresolved,,,
fmkorea-otaku-notion-f99e2ddd6e534cc198f1f93595b73da6,fmkorea-otaku-notion,unresolved,,,
fmkorea-otaku-notion-ef230d4123f94af29489f5dbd7ebe2eb,fmkorea-otaku-notion,unresolved,,,
fmkorea-otaku-notion-40507a54e9ef4c0cb212f7c104d60cd4,fmkorea-otaku-notion,unresolved,,,
fmkorea-otaku-notion-4a6eab9622d94949a5f16676fb8d2eb6,fmkorea-otaku-notion,unresolved,,,
fmkorea-otaku-notion-87b38a2b93fd49dbb8e60fbe89cf5ffb,fmkorea-otaku-notion,unresolved,,,
fmkorea-otaku-notion-142188870a3546ac8f84f5fe97550948,fmkorea-otaku-notion,unresolved,,,
fmkorea-otaku-notion-63d9c5f7b27447958a046d51c41f280d,fmkorea-otaku-notion,unresolved,,,
fmkorea-otaku-notion-fa5441f6631742fda6cc7872bca0de90,fmkorea-otaku-notion,unresolved,,,
fmkorea-otaku-notion-6d4e576bf16d41e5b19e178cbddf3ad9,fmkorea-otaku-notion,unresolved,,,
fmkorea-otaku-notion-80c67ed16c6d429c84a70e3ac14a928f,fmkorea-otaku-notion,unresolved,,,
fmkorea-otaku-notion-7c7867d2d868441d9a0bb75fda2af2f4,fmkorea-otaku-notion,unresolved,,,
fmkorea-otaku-notion-5bc28f7827b1468a8913a13e3cde1b90,fmkorea-otaku-notion,unresolved,,,
fmkorea-otaku-notion-ea0e516c7bde4826a5e40ebe90a27171,fmkorea-otaku-notion,unresolved,,,
fmkorea-otaku-notion-a9f11bdb9f8e476292953e486284c84f,fmkorea-otaku-notion,unresolved,,,
fmkorea-otaku-notion-56243f86fb604ca18e6db765861f5b09,fmkorea-otaku-notion,unresolved,,,
fmkorea-otaku-notion-cb426935f7d2401e821acc8efec44a10,fmkorea-otaku-notion,unresolved,,,
fmkorea-otaku-notion-ef11e0a07d5b446ebd325cfd97ea0420,fmkorea-otaku-notion,unresolved,,,
fmkorea-otaku-notion-275f72f4632d429faab0b517ee987716,fmkorea-otaku-notion,unresolved,,,
fmkorea-otaku-notion-5018f039e0db498aa6245f51fc5060d4,fmkorea-otaku-notion,unresolved,,,
fmkorea-otaku-notion-f5c3d3a61c3d46a79b278e407e1ebf4a,fmkorea-otaku-notion,unresolved,,,
fmkorea-otaku-notion-dcfb10d0a63f436f91f92044f05ae74b,fmkorea-otaku-notion,unresolved,,,
fmkorea-otaku-notion-69c2555abd2f4fe1ade45412224a1578,fmkorea-otaku-notion,unresolved,,,
fmkorea-otaku-notion-ccf4a26a805a4fffbf924f049bbf9e18,fmkorea-otaku-notion,unresolved,,,
fmkorea-otaku-notion-433113452e414d1b9f3a760f98a1d185,fmkorea-otaku-notion,unresolved,,,
fmkorea-otaku-notion-f1f10507c67041398dc7a329bcd5304c,fmkorea-otaku-notion,unresolved,,,
fmkorea-otaku-notion-4ef28abcde5e4eb1be4d28d188ca7bc6,fmkorea-otaku-notion,unresolved,,,
fmkorea-otaku-notion-8662d9116a314c918b72af8fc549c939,fmkorea-otaku-notion,unresolved,,,
fmkorea-otaku-notion-4da7005ea8ad4e55981831aa18375564,fmkorea-otaku-notion,unresolved,,,
fmkorea-otaku-notion-d08a5055913243a386f17dc34487bdfe,fmkorea-otaku-notion,unresolved,,,
fmkorea-otaku-notion-0d4e2b27ca6c487880865003f2c8a6f0,fmkorea-otaku-notion,unresolved,,,
fmkorea-otaku-notion-77d6bfd42b8c407082422b01c5cdddb5,fmkorea-otaku-notion,unresolved,,,
fmkorea-otaku-notion-07a3f73012274bb9a86c6d23bce779ea,fmkorea-otaku-notion,unresolved,,,
fmkorea-otaku-notion-ce2cfce25e6b40748830fa357b93a1fe,fmkorea-otaku-notion,unresolved,,,
fmkorea-otaku-notion-41af2f6a3f77439d90510032216d0cbf,fmkorea-otaku-notion,unresolved,,,
fmkorea-otaku-notion-d18e70ab4b574aaa9b9c82ae55dfbafe,fmkorea-otaku-notion,unresolved,,,
fmkorea-otaku-notion-324b82948bf844009d5281e6e9c515d7,fmkorea-otaku-notion,unresolved,,,
fmkorea-otaku-notion-c8b75fda371948d996a08cc07e656c2e,fmkorea-otaku-notion,unresolved,,,
fmkorea-otaku-notion-be732a8d7df04209a2a0130d5d231c57,fmkorea-otaku-notion,unresolved,,,
fmkorea-otaku-notion-eacda82c8c0542839f54319b83a5760d,fmkorea-otaku-notion,unresolved,,,
fmkorea-otaku-notion-a47c1dd28e4a42a9a8f55942fab29e02,fmkorea-otaku-notion,unresolved,,,
fmkorea-otaku-notion-b3375799054d43a1b77dd0ae27949f5c,fmkorea-otaku-notion,unresolved,,,
fmkorea-otaku-notion-19f398a3d1804a31b81bb03037f85b37,fmkorea-otaku-notion,unresolved,,,
fmkorea-otaku-notion-4d11d017951d48839f7ab2ab3109c090,fmkorea-otaku-notion,unresolved,,,
fmkorea-otaku-notion-1303e120b6cb4081a0aa23b7ed38d2ab,fmkorea-otaku-notion,unresolved,,,
fmkorea-otaku-notion-c2f6ac14179645ffb7c462b1cc9e4bef,fmkorea-otaku-notion,unresolved,,,
fmkorea-otaku-notion-dba8920ded8e45779deef9819bd6950f,fmkorea-otaku-notion,unresolved,,,
fmkorea-otaku-notion-c363057420f247ad8cf39d897cdf19ef,fmkorea-otaku-notion,unresolved,,,
fmkorea-otaku-notion-7b16f707f329496f98a7d3e3a2644498,fmkorea-otaku-notion,unresolved,,,
fmkorea-otaku-notion-319c9de853464548b242852605b00193,fmkorea-otaku-notion,unresolved,,,
fmkorea-otaku-notion-ce696002bbd649f69cf7743a230b1300,fmkorea-otaku-notion,unresolved,,,
fmkorea-otaku-notion-115f5cb1458549c68f99c75bf635c6fd,fmkorea-otaku-notion,unresolved,,,
fmkorea-otaku-notion-0a0bc6a40c9b42ff9c38b474b413eb85,fmkorea-otaku-notion,unresolved,,,
fmkorea-otaku-notion-7e386d596e01406db622ce1b2f1abfa2,fmkorea-otaku-notion,unresolved,,,
fmkorea-otaku-notion-9ff67a1029b944a7bb118abab65b7cbb,fmkorea-otaku-notion,unresolved,,,
fmkorea-otaku-notion-130b7ceb6f2f47189ffe92578d5b4fc7,fmkorea-otaku-notion,unresolved,,,
fmkorea-otaku-notion-67d58451830a4775a6c17c313578de23,fmkorea-otaku-notion,unresolved,,,
fmkorea-otaku-notion-efa757145a4749efafe7079ea75af926,fmkorea-otaku-notion,unresolved,,,
mangataisho-2008-001,mangataisho-2008,unresolved,,,
mangataisho-2008-002,mangataisho-2008,included,candidate-b61c060ab91f78b31b2b,yotsuba-to,mapping-0c72cc127573dceb3b94
mangataisho-2008-003,mangataisho-2008,unresolved,,,
mangataisho-2008-004,mangataisho-2008,included,candidate-e1c30fef81f7ecae62de,work-e1c30fef81f7ecae62de,mapping-eece1816349bb02f124b
mangataisho-2008-005,mangataisho-2008,included,candidate-1806163b95ab496ab1fb,kimi-ni-todoke,mapping-6a867fcaf6c12eaaa12c
mangataisho-2008-006,mangataisho-2008,duplicate,candidate-464322afcd10013437b9,work-464322afcd10013437b9,mapping-1b6221d98c779756615d
mangataisho-2008-007,mangataisho-2008,included,candidate-3124e8cb1757063cd11f,work-3124e8cb1757063cd11f,mapping-eebf845ba3f363e3d04f
mangataisho-2008-008,mangataisho-2008,included,candidate-dc6da46b90e2badecec5,work-dc6da46b90e2badecec5,mapping-e5e17ba4518dc8d4d841
mangataisho-2008-009,mangataisho-2008,included,candidate-724c064d491faf4c7414,work-724c064d491faf4c7414,mapping-4ca5faad818071f7ea07
mangataisho-2008-010,mangataisho-2008,included,candidate-9ea915886fe936b47d61,natsumes-book-of-friends,mapping-cee6568237176928f02d
mangataisho-2008-011,mangataisho-2008,unresolved,,,
mangataisho-2008-012,mangataisho-2008,included,candidate-7f926a9557b6ae9f264b,what-did-you-eat-yesterday,mapping-31b3069093388b2a5934
mangataisho-2008-013,mangataisho-2008,included,candidate-1088a1dc00a3b0d22201,work-1088a1dc00a3b0d22201,mapping-8363dc476c1681ae79bf
mangataisho-2008-014,mangataisho-2008,included,candidate-989ea31af1af92fb78b4,work-989ea31af1af92fb78b4,mapping-b21e282b5a88f3ece826
mangataisho-2008-015,mangataisho-2008,unresolved,,,
mangataisho-2008-016,mangataisho-2008,unresolved,,,
mangataisho-2008-017,mangataisho-2008,unresolved,,,
mangataisho-2008-018,mangataisho-2008,included,candidate-ad5f86af594b6869b3c4,work-ad5f86af594b6869b3c4,mapping-3e1eec5fcf362ad5f5f7
mangataisho-2008-019,mangataisho-2008,unresolved,,,
mangataisho-2008-020,mangataisho-2008,included,candidate-8147aefccc365b0ecb4d,work-8147aefccc365b0ecb4d,mapping-c6eea61fda40d7da5d12
mangataisho-2008-021,mangataisho-2008,included,candidate-797fadfff1809c298569,work-797fadfff1809c298569,mapping-1c63bb882aa8700b3d0b
mangataisho-2008-022,mangataisho-2008,included,candidate-d231960b92daceff7d39,work-d231960b92daceff7d39,mapping-ef92a4a6a16975c7f27c
mangataisho-2008-023,mangataisho-2008,included,candidate-048a39f42bd18cb0823e,work-048a39f42bd18cb0823e,mapping-46f9fbbc1cd5b491be4d
mangataisho-2008-024,mangataisho-2008,included,candidate-8caf20d75cf6a51600f2,work-8caf20d75cf6a51600f2,mapping-03bbe79205ffcfeb3caf
mangataisho-2008-025,mangataisho-2008,included,candidate-5a5b5d57acd7c35aebb0,work-5a5b5d57acd7c35aebb0,mapping-d42c52a17c1d09824b08
mangataisho-2008-026,mangataisho-2008,included,candidate-5915d6d7601377fcc75f,work-5915d6d7601377fcc75f,mapping-6b11c140859d88048c1e
mangataisho-2008-027,mangataisho-2008,included,candidate-fa3d033d13d68a06537d,work-fa3d033d13d68a06537d,mapping-ba12fd7fc5970b6b6e56
mangataisho-2008-028,mangataisho-2008,included,candidate-3835b0468655f100816e,work-3835b0468655f100816e,mapping-4c7802a4e91a4ed0b684
mangataisho-2008-029,mangataisho-2008,included,candidate-d7e64b0b5479ca943edd,work-d7e64b0b5479ca943edd,mapping-fe87a66504ff1ad63477
mangataisho-2008-030,mangataisho-2008,unresolved,,,
mangataisho-2008-031,mangataisho-2008,unresolved,,,
mangataisho-2008-032,mangataisho-2008,unresolved,,,
mangataisho-2008-033,mangataisho-2008,included,candidate-f80595341b9dba6368a9,work-f80595341b9dba6368a9,mapping-4574aaa1c2ff40632311
mangataisho-2008-034,mangataisho-2008,included,candidate-d810f69bbd8b1cf60c63,work-d810f69bbd8b1cf60c63,mapping-8b26dc469dcb3b8cb8a5
mangataisho-2008-035,mangataisho-2008,unresolved,,,
mangataisho-2008-036,mangataisho-2008,included,candidate-c8243866b7c8a6d9a2f8,work-c8243866b7c8a6d9a2f8,mapping-9a14be53da1c727fdfb1
mangataisho-2008-037,mangataisho-2008,unresolved,,,
mangataisho-2008-038,mangataisho-2008,unresolved,,,
mangataisho-2008-039,mangataisho-2008,included,candidate-74c058bfce839d93e3c5,work-74c058bfce839d93e3c5,mapping-7e44b20f0773b544e4c7
mangataisho-2008-040,mangataisho-2008,included,candidate-d761683b3f1f71c8f6cd,work-d761683b3f1f71c8f6cd,mapping-b6d4cbb40a7debe9c9da
mangataisho-2008-041,mangataisho-2008,included,candidate-8037856e7703fdaf4324,work-8037856e7703fdaf4324,mapping-f10ca3eb6666e4d4cc3c
mangataisho-2008-042,mangataisho-2008,included,candidate-a44dc3d83aa629edb8d6,work-a44dc3d83aa629edb8d6,mapping-87cc3bc4bc7412ef3ef7
mangataisho-2008-043,mangataisho-2008,unresolved,,,
mangataisho-2008-044,mangataisho-2008,included,candidate-203805efecbbb35375c7,work-203805efecbbb35375c7,mapping-6d49f96ea01475ba44f1
mangataisho-2008-045,mangataisho-2008,included,candidate-efd65d585d5af4191482,work-efd65d585d5af4191482,mapping-151a7c493a73a775010a
mangataisho-2008-046,mangataisho-2008,included,candidate-d6da5a4e9ff3bb07783e,work-d6da5a4e9ff3bb07783e,mapping-697052cfc69f3d008c02
mangataisho-2008-047,mangataisho-2008,unresolved,,,
mangataisho-2008-048,mangataisho-2008,unresolved,,,
mangataisho-2008-049,mangataisho-2008,included,candidate-d6ab24ba01654d4e6e53,work-d6ab24ba01654d4e6e53,mapping-60320fe4313e3b80b3a4
mangataisho-2008-050,mangataisho-2008,unresolved,,,
mangataisho-2008-051,mangataisho-2008,included,candidate-0dd1ceee981780c10491,work-0dd1ceee981780c10491,mapping-7c56d0c40a0a1f93dab2
mangataisho-2008-052,mangataisho-2008,included,candidate-722055953f15b0130549,work-722055953f15b0130549,mapping-2385525c592bd07abf88
mangataisho-2008-053,mangataisho-2008,included,candidate-d5e2053fa233e36a431c,work-d5e2053fa233e36a431c,mapping-d2b40685347d490fe917
mangataisho-2008-054,mangataisho-2008,unresolved,,,
mangataisho-2008-055,mangataisho-2008,unresolved,,,
mangataisho-2008-056,mangataisho-2008,unresolved,,,
mangataisho-2008-057,mangataisho-2008,included,candidate-0bec5d8d9474a2197312,work-0bec5d8d9474a2197312,mapping-f075d0f2e89a8606819a
mangataisho-2008-058,mangataisho-2008,included,candidate-3a5be382f1399b15f4fb,work-3a5be382f1399b15f4fb,mapping-4e917c255bc8fe8f852e
mangataisho-2008-059,mangataisho-2008,included,candidate-041184453ad3e16aeb1a,work-041184453ad3e16aeb1a,mapping-10da31436ed339d2f0de
mangataisho-2008-060,mangataisho-2008,included,candidate-f1d22b68efa7fbd501ee,work-f1d22b68efa7fbd501ee,mapping-3a1686b8696a81717823
mangataisho-2008-061,mangataisho-2008,unresolved,,,
mangataisho-2008-062,mangataisho-2008,unresolved,,,
mangataisho-2008-063,mangataisho-2008,included,candidate-aa6d796e2e04a55b94b1,work-aa6d796e2e04a55b94b1,mapping-fda9bc5c501aa77b99c5
mangataisho-2008-064,mangataisho-2008,included,candidate-ebe399258f28460b8f9b,work-ebe399258f28460b8f9b,mapping-cf7e929c00abdf52f015
mangataisho-2008-065,mangataisho-2008,included,candidate-c7e065f61bb7a176ee56,work-c7e065f61bb7a176ee56,mapping-8a8c66a738e5827b508b
mangataisho-2008-066,mangataisho-2008,included,candidate-3bc0fb41890597b33b40,work-3bc0fb41890597b33b40,mapping-be62751ba4c271731423
mangataisho-2008-067,mangataisho-2008,included,candidate-165669641177ffa78e22,work-165669641177ffa78e22,mapping-c6feac6546f618e6750c
mangataisho-2008-068,mangataisho-2008,included,candidate-8df64cbd79e886289030,work-8df64cbd79e886289030,mapping-7039cf74bda9a201ccfd
mangataisho-2008-069,mangataisho-2008,unresolved,,,
mangataisho-2008-070,mangataisho-2008,unresolved,,,
mangataisho-2008-071,mangataisho-2008,unresolved,,,
mangataisho-2008-072,mangataisho-2008,included,candidate-c805c5b70111f75d6fb5,work-c805c5b70111f75d6fb5,mapping-9cc23c4e68c11dcd7e9c
mangataisho-2008-073,mangataisho-2008,included,candidate-220bc5323243498f36eb,work-220bc5323243498f36eb,mapping-9d1348c02887009d089c
mangataisho-2008-074,mangataisho-2008,included,candidate-b43179510f04ed7ad247,work-b43179510f04ed7ad247,mapping-8ca17d07a3b613ae0304
mangataisho-2008-075,mangataisho-2008,included,candidate-6647dd6573ec5b2f3252,work-6647dd6573ec5b2f3252,mapping-de34f255b0307126a159
mangataisho-2008-076,mangataisho-2008,included,candidate-2fb1efb7a8cb7dfd9530,work-2fb1efb7a8cb7dfd9530,mapping-92e3f3b5bcf37d4620a5
mangataisho-2008-077,mangataisho-2008,included,candidate-0ebf010ac12b9b60d80e,work-0ebf010ac12b9b60d80e,mapping-a1def951ae6607b67be3
mangataisho-2008-078,mangataisho-2008,included,candidate-7568cab93fa9a9a409d1,work-7568cab93fa9a9a409d1,mapping-3c1bafea84c519c6c757
mangataisho-2008-079,mangataisho-2008,included,candidate-7cf559b22e6d36a4c8b3,work-7cf559b22e6d36a4c8b3,mapping-c602903d532f132b2d41
mangataisho-2008-080,mangataisho-2008,included,candidate-c578b9f1ab6212044971,work-c578b9f1ab6212044971,mapping-ede8a98cf3d28d65abec
mangataisho-2008-081,mangataisho-2008,included,candidate-21ef61123c16dfe94c5e,work-21ef61123c16dfe94c5e,mapping-f6e63e7c75ffc0fbf2cf
mangataisho-2008-082,mangataisho-2008,included,candidate-2be107f48f7bea02034e,work-2be107f48f7bea02034e,mapping-8f9d0a575f11578f19c1
mangataisho-2008-083,mangataisho-2008,included,candidate-151b456508f78852b002,work-151b456508f78852b002,mapping-2293d4029aebb973c7e1
mangataisho-2008-084,mangataisho-2008,included,candidate-4bc49c50851479b6725f,work-4bc49c50851479b6725f,mapping-d42a48d853953943a1b1
mangataisho-2008-085,mangataisho-2008,included,candidate-521d1f38e767ab1d4af4,work-521d1f38e767ab1d4af4,mapping-a4ddb1c4fa7d1823385b
mangataisho-2008-086,mangataisho-2008,included,candidate-d241d5bdc4fc56af2c5a,work-d241d5bdc4fc56af2c5a,mapping-1e42044829d483b033da
mangataisho-2008-087,mangataisho-2008,unresolved,,,
mangataisho-2008-088,mangataisho-2008,included,candidate-0e29e324e16f7d5cda41,work-0e29e324e16f7d5cda41,mapping-40618bfbd0b8fb5f4a7e
mangataisho-2008-089,mangataisho-2008,included,candidate-83510afea8d961aec880,work-83510afea8d961aec880,mapping-09a1cb8bca4842a55f5f
mangataisho-2008-090,mangataisho-2008,unresolved,,,
mangataisho-2008-091,mangataisho-2008,unresolved,,,
mangataisho-2008-092,mangataisho-2008,unresolved,,,
mangataisho-2008-093,mangataisho-2008,unresolved,,,
mangataisho-2008-094,mangataisho-2008,included,candidate-e08ef57c7a3e923418b0,work-e08ef57c7a3e923418b0,mapping-17afd9d5db781fa1d423
mangataisho-2008-095,mangataisho-2008,included,candidate-66a2488ed4f6bdd480e1,work-66a2488ed4f6bdd480e1,mapping-db21f2df821bed2be7d4
mangataisho-2008-096,mangataisho-2008,included,candidate-15dba4fdb46308ab45d7,work-15dba4fdb46308ab45d7,mapping-2172cd04e5198c833b5d
mangataisho-2008-097,mangataisho-2008,unresolved,,,
mangataisho-2008-098,mangataisho-2008,unresolved,,,
mangataisho-2008-099,mangataisho-2008,included,candidate-382f938971c6642ef163,work-382f938971c6642ef163,mapping-2faeebfd7fd2fb8a37d9
mangataisho-2008-100,mangataisho-2008,included,candidate-e6ee3d38e7e43da54028,work-e6ee3d38e7e43da54028,mapping-f99a7bc1910aa413097f
mangataisho-2008-101,mangataisho-2008,unresolved,,,
mangataisho-2008-102,mangataisho-2008,included,candidate-1a6ad6771865b43c8516,work-1a6ad6771865b43c8516,mapping-2d042c4a344d49cda40d
mangataisho-2008-103,mangataisho-2008,unresolved,,,
mangataisho-2008-104,mangataisho-2008,included,candidate-ca1f317f8da177453f1e,ace-of-the-diamond,mapping-142980d5836789372d3d
mangataisho-2008-105,mangataisho-2008,included,candidate-3924d7e0b397ffaccb7f,work-3924d7e0b397ffaccb7f,mapping-834f83d8ec84248ca527
mangataisho-2008-106,mangataisho-2008,included,candidate-060a72fe10cf6ba9cbfc,work-060a72fe10cf6ba9cbfc,mapping-86d2c84a2bac31711aba
mangataisho-2008-107,mangataisho-2008,included,candidate-4dfd5bd5dd132cbde414,work-4dfd5bd5dd132cbde414,mapping-939594a9acb4c8b837ab
mangataisho-2008-108,mangataisho-2008,included,candidate-d185fc02c4d16dffb0c3,work-d185fc02c4d16dffb0c3,mapping-ad14f48284c823e7633f
mangataisho-2008-109,mangataisho-2008,unresolved,,,
mangataisho-2008-110,mangataisho-2008,included,candidate-cdef8cfd678998a51447,work-cdef8cfd678998a51447,mapping-4e98eab3da6628b26c8d
mangataisho-2008-111,mangataisho-2008,included,candidate-1fc61ddbeb429b4a2c15,work-1fc61ddbeb429b4a2c15,mapping-ed4a42995df0be57e7af
mangataisho-2008-112,mangataisho-2008,included,candidate-6c0700871e68b0a82ae3,work-6c0700871e68b0a82ae3,mapping-f652b22cb9e48f3eb4e7
mangataisho-2008-113,mangataisho-2008,included,candidate-15d6508605fbd4a266fc,work-15d6508605fbd4a266fc,mapping-51821eb9cda50cd197f9
mangataisho-2008-114,mangataisho-2008,unresolved,,,
mangataisho-2008-115,mangataisho-2008,included,candidate-634f34830600e07d8f17,work-634f34830600e07d8f17,mapping-abb70bb1a13531f9e8a6
mangataisho-2008-116,mangataisho-2008,unresolved,,,
mangataisho-2008-117,mangataisho-2008,included,candidate-d3ed845af15b5ca9731c,work-d3ed845af15b5ca9731c,mapping-b97396e11cf2845e0b57
mangataisho-2008-118,mangataisho-2008,included,candidate-38fddd5900b221014a7f,work-38fddd5900b221014a7f,mapping-53df38c43484197636e4
mangataisho-2008-119,mangataisho-2008,included,candidate-aa6018249b7fe7e92d95,work-aa6018249b7fe7e92d95,mapping-2c1268f9db7ca7c71afd
mangataisho-2008-120,mangataisho-2008,included,candidate-fa4b7e822d57992e2342,work-fa4b7e822d57992e2342,mapping-e82b0b388cc813db840c
mangataisho-2008-121,mangataisho-2008,included,candidate-db4a0ec451d7f4ffd8b8,work-db4a0ec451d7f4ffd8b8,mapping-74608d1e0deb49f26039
mangataisho-2008-122,mangataisho-2008,included,candidate-5ca6f1a04878978f9e5c,work-5ca6f1a04878978f9e5c,mapping-43060e234111d6f1721a
mangataisho-2008-123,mangataisho-2008,included,candidate-91defad58c596cdfd766,work-91defad58c596cdfd766,mapping-db029a4bf94f62c177e6
mangataisho-2008-124,mangataisho-2008,unresolved,,,
mangataisho-2008-125,mangataisho-2008,included,candidate-b42c82a6d81e74f36393,work-b42c82a6d81e74f36393,mapping-7fc115325b9418f601d5
mangataisho-2008-126,mangataisho-2008,unresolved,,,
mangataisho-2008-127,mangataisho-2008,included,candidate-ada7dc2c1ce53daf775f,historie,mapping-95f6ca7ee9c943b2762b
mangataisho-2008-128,mangataisho-2008,included,candidate-ff78e8da2e8c6cf5a2c1,work-ff78e8da2e8c6cf5a2c1,mapping-a094ee6c4039dbc825ac
mangataisho-2008-129,mangataisho-2008,unresolved,,,
mangataisho-2008-130,mangataisho-2008,included,candidate-e5998ca4f3e0f450bb74,work-e5998ca4f3e0f450bb74,mapping-7e9bdcc45c782cea3d10
mangataisho-2008-131,mangataisho-2008,included,candidate-0b6d8b3f1349e5048b8b,work-0b6d8b3f1349e5048b8b,mapping-846acf45f97d1417eab5
mangataisho-2008-132,mangataisho-2008,included,candidate-9d2b58c5a982b7ddcbc6,work-9d2b58c5a982b7ddcbc6,mapping-63e677af281d5a90d616
mangataisho-2008-133,mangataisho-2008,included,candidate-d208dd6060ad71a6703c,work-d208dd6060ad71a6703c,mapping-8dfe667a00acbcea649c
mangataisho-2008-134,mangataisho-2008,unresolved,,,
mangataisho-2008-135,mangataisho-2008,included,candidate-ce6a8fb8a086bcaa5737,work-ce6a8fb8a086bcaa5737,mapping-2da42a74d1a562c6ec37
mangataisho-2008-136,mangataisho-2008,included,candidate-e918f08288c77864d185,work-e918f08288c77864d185,mapping-10d6dc27ed79ecc1639b
mangataisho-2008-137,mangataisho-2008,included,candidate-47f92d487ef1805e4c07,work-47f92d487ef1805e4c07,mapping-250874cfead35c446e14
mangataisho-2008-138,mangataisho-2008,included,candidate-1d191998612dec7bb5ba,work-1d191998612dec7bb5ba,mapping-866b7c864f35218d2028
mangataisho-2008-139,mangataisho-2008,included,candidate-49af41f47417b01de20e,work-49af41f47417b01de20e,mapping-a4a7e449e324a49dd8ee
mangataisho-2008-140,mangataisho-2008,included,candidate-04f35b4c99514d50231d,work-04f35b4c99514d50231d,mapping-80497135118930004d51
mangataisho-2008-141,mangataisho-2008,unresolved,,,
mangataisho-2008-142,mangataisho-2008,included,candidate-11d23966f22f777e95d0,work-11d23966f22f777e95d0,mapping-33ed80701453d29f61c9
mangataisho-2008-143,mangataisho-2008,included,candidate-7fe0dd636f0116c25203,work-7fe0dd636f0116c25203,mapping-c995c828f42127699fda
mangataisho-2008-144,mangataisho-2008,included,candidate-67dedbae06b6f916aa5b,work-67dedbae06b6f916aa5b,mapping-2deeaca9ee8f8ef36876
mangataisho-2008-145,mangataisho-2008,included,candidate-f3ec9e796f983f6c5b17,work-f3ec9e796f983f6c5b17,mapping-e3ed21bbb195bb90df72
mangataisho-2008-146,mangataisho-2008,included,candidate-b03c7f59e96d7019f84b,work-b03c7f59e96d7019f84b,mapping-53db40d5f0a2c0c13814
mangataisho-2008-147,mangataisho-2008,included,candidate-840bbd96d501a3a8fee9,work-840bbd96d501a3a8fee9,mapping-ca99269889c275194151
mangataisho-2008-148,mangataisho-2008,included,candidate-7bd1f7da470021b08956,work-7bd1f7da470021b08956,mapping-dec61cbabcdd1e5acb54
mangataisho-2008-149,mangataisho-2008,included,candidate-9a1d727d87f46ac407d1,work-9a1d727d87f46ac407d1,mapping-b7d542c566f6c3dbe3aa
mangataisho-2008-150,mangataisho-2008,included,candidate-a38a0adc31f0622bf206,work-a38a0adc31f0622bf206,mapping-dd0a94aafa2cba6586d9
mangataisho-2008-151,mangataisho-2008,unresolved,,,
mangataisho-2008-152,mangataisho-2008,included,candidate-eba3361953777aea44a9,work-eba3361953777aea44a9,mapping-550c0c44b5b156233d45
mangataisho-2008-153,mangataisho-2008,included,candidate-c6c0a2cca6e4cd0b1290,work-c6c0a2cca6e4cd0b1290,mapping-bd767563195744a50b4e
mangataisho-2008-154,mangataisho-2008,included,candidate-d45a18f5de58c4f635da,giant-killing,mapping-a9a1446c9d27ad656056
mangataisho-2008-155,mangataisho-2008,unresolved,,,
mangataisho-2008-156,mangataisho-2008,unresolved,,,
mangataisho-2008-157,mangataisho-2008,included,candidate-a8aaeb4f15aad02d9e79,work-a8aaeb4f15aad02d9e79,mapping-990b45541cc397cfc705
mangataisho-2008-158,mangataisho-2008,included,candidate-1012948f5de799831da4,work-1012948f5de799831da4,mapping-78f7e7b3997c1fa8b2da
mangataisho-2008-159,mangataisho-2008,included,candidate-e48de2a8b3d678ceb47d,work-e48de2a8b3d678ceb47d,mapping-9bc5b3e8be6b07e1ea90
mangataisho-2008-160,mangataisho-2008,unresolved,,,
mangataisho-2008-161,mangataisho-2008,included,candidate-d09b50b5ea9bc881b613,vinland-saga,mapping-a885a495c41e32cc57d6
mangataisho-2008-162,mangataisho-2008,included,candidate-ad38d82ea223f178fc45,work-ad38d82ea223f178fc45,mapping-da197404a3ac16ef667f
mangataisho-2008-163,mangataisho-2008,unresolved,,,
mangataisho-2008-164,mangataisho-2008,included,candidate-ab3d5b23fb97624a6aa4,work-ab3d5b23fb97624a6aa4,mapping-caa009a226d19ac6e26b
mangataisho-2008-165,mangataisho-2008,unresolved,,,
mangataisho-2008-166,mangataisho-2008,included,candidate-e5508319d945331219b1,work-e5508319d945331219b1,mapping-e3784639ca18f17d1a88
mangataisho-2008-167,mangataisho-2008,unresolved,,,
mangataisho-2008-168,mangataisho-2008,included,candidate-b2bde60c1336c7827528,work-b2bde60c1336c7827528,mapping-0f4110c43af912d24d16
mangataisho-2008-169,mangataisho-2008,included,candidate-85b317656a71eac9e542,work-85b317656a71eac9e542,mapping-5bef2662529ceb9960f8
mangataisho-2008-170,mangataisho-2008,included,candidate-fb53fcb2b3746d0cd03d,work-fb53fcb2b3746d0cd03d,mapping-73274519ea79683bae03
mangataisho-2009-001,mangataisho-2009,included,candidate-f38c9ef2f1a0e3ec66fa,chihayafuru,mapping-b862dd14802d3fc5f5cd
mangataisho-2009-002,mangataisho-2009,unresolved,,,
mangataisho-2009-003,mangataisho-2009,included,candidate-d47c7eccefdeccb2b323,march-comes-in-like-a-lion,mapping-ec1d416e1cf97a9363d1
mangataisho-2009-004,mangataisho-2009,duplicate,candidate-d7e64b0b5479ca943edd,work-d7e64b0b5479ca943edd,mapping-585f56e3984fb24ccda4
mangataisho-2009-005,mangataisho-2009,unresolved,,,
mangataisho-2009-006,mangataisho-2009,included,candidate-7d259c925286a9f91310,work-7d259c925286a9f91310,mapping-93a6a2eb4a2795c6bb53
mangataisho-2009-007,mangataisho-2009,duplicate,candidate-dc6da46b90e2badecec5,work-dc6da46b90e2badecec5,mapping-f97548ad863d069c5aa7
mangataisho-2009-008,mangataisho-2009,included,candidate-982bb79e03193ebbafcd,work-982bb79e03193ebbafcd,mapping-522595551e59551708be
mangataisho-2009-009,mangataisho-2009,included,candidate-bdcf8de5aebcef0e1ed5,work-bdcf8de5aebcef0e1ed5,mapping-b4712fafb2124b8cf1a9
mangataisho-2009-010,mangataisho-2009,included,candidate-4e1489bc0a69b7c21e8b,work-4e1489bc0a69b7c21e8b,mapping-a3d6b9cb15703dbcc547
mangataisho-2009-011,mangataisho-2009,included,candidate-1efafafe54ce39bcb83e,work-1efafafe54ce39bcb83e,mapping-ab61dde7826bf93b4da9
mangataisho-2009-012,mangataisho-2009,duplicate,candidate-464322afcd10013437b9,work-464322afcd10013437b9,mapping-77302d0f631b9673d262
mangataisho-2009-013,mangataisho-2009,duplicate,candidate-048a39f42bd18cb0823e,work-048a39f42bd18cb0823e,mapping-294c969d48e511009deb
mangataisho-2009-014,mangataisho-2009,duplicate,candidate-c8243866b7c8a6d9a2f8,work-c8243866b7c8a6d9a2f8,mapping-2b3eca6890613e87c44f
mangataisho-2009-015,mangataisho-2009,included,candidate-7388660960b377e34e9c,work-7388660960b377e34e9c,mapping-93bcdc7c3926eea17feb
mangataisho-2009-016,mangataisho-2009,included,candidate-99046601b40a492141c1,work-99046601b40a492141c1,mapping-d282dedbad70e095c56c
mangataisho-2009-017,mangataisho-2009,included,candidate-769cfa7c526dbfd782d5,work-769cfa7c526dbfd782d5,mapping-b4f2718b3a6274de38b7
mangataisho-2009-018,mangataisho-2009,unresolved,,,
mangataisho-2009-019,mangataisho-2009,included,candidate-c24c7f023810516a931c,work-c24c7f023810516a931c,mapping-c93d509397658b624f51
mangataisho-2009-020,mangataisho-2009,unresolved,,,
mangataisho-2009-021,mangataisho-2009,included,candidate-7a4e7ba45413e1b8af34,work-7a4e7ba45413e1b8af34,mapping-889be7864b166b525902
mangataisho-2009-022,mangataisho-2009,unresolved,,,
mangataisho-2009-023,mangataisho-2009,included,candidate-ec07b1d455a27bb18aca,yowamushi-pedal,mapping-82f7013a46cf0e5fa09a
mangataisho-2009-024,mangataisho-2009,duplicate,candidate-d231960b92daceff7d39,work-d231960b92daceff7d39,mapping-427689422076e1890b1f
mangataisho-2009-025,mangataisho-2009,unresolved,,,
mangataisho-2009-026,mangataisho-2009,unresolved,,,
mangataisho-2009-027,mangataisho-2009,unresolved,,,
mangataisho-2009-028,mangataisho-2009,included,candidate-8643e71c4c56213ee9d0,work-8643e71c4c56213ee9d0,mapping-f81f067c62ff5ab805ac
mangataisho-2009-029,mangataisho-2009,included,candidate-5b4dc4e6e966436b2990,work-5b4dc4e6e966436b2990,mapping-eed48bdbf673520cc7a2
mangataisho-2009-030,mangataisho-2009,included,candidate-224f24e5f46be902b73b,work-224f24e5f46be902b73b,mapping-b6db7d419718c87253ea
mangataisho-2009-031,mangataisho-2009,unresolved,,,
mangataisho-2009-032,mangataisho-2009,included,candidate-d0e53d83ca10cd995f28,work-d0e53d83ca10cd995f28,mapping-2bbb134b651aae460450
mangataisho-2009-033,mangataisho-2009,duplicate,candidate-8037856e7703fdaf4324,work-8037856e7703fdaf4324,mapping-e9d31ce714533d72f135
mangataisho-2009-034,mangataisho-2009,included,candidate-922521d4b75142332f45,work-922521d4b75142332f45,mapping-761a68ea9aa5b2a67c23
mangataisho-2009-035,mangataisho-2009,unresolved,,,
mangataisho-2009-036,mangataisho-2009,included,candidate-2622d7788c42f875f7eb,work-2622d7788c42f875f7eb,mapping-749c7d0025de4ae5b6b7
mangataisho-2009-037,mangataisho-2009,duplicate,candidate-c7e065f61bb7a176ee56,work-c7e065f61bb7a176ee56,mapping-1727c3fbe0f1b0b40c81
mangataisho-2009-038,mangataisho-2009,duplicate,candidate-ebe399258f28460b8f9b,work-ebe399258f28460b8f9b,mapping-61fb83e0b211a6934143
mangataisho-2009-039,mangataisho-2009,included,candidate-a4a4d06aa88c7e6c4f00,work-a4a4d06aa88c7e6c4f00,mapping-b22843fa1976f163e4e8
mangataisho-2009-040,mangataisho-2009,included,candidate-ed80f839bc14276b6ac8,work-ed80f839bc14276b6ac8,mapping-35fe90920c1ef39c121d
mangataisho-2009-041,mangataisho-2009,included,candidate-19b578d0e828242f14f3,work-19b578d0e828242f14f3,mapping-4712608622e8a81a2c70
mangataisho-2009-042,mangataisho-2009,duplicate,candidate-aa6d796e2e04a55b94b1,work-aa6d796e2e04a55b94b1,mapping-d5cbac12652991e1a8f4
mangataisho-2009-043,mangataisho-2009,included,candidate-794131c03d38fa490b5d,work-794131c03d38fa490b5d,mapping-559b8bafc0196d883821
mangataisho-2009-044,mangataisho-2009,duplicate,candidate-db4a0ec451d7f4ffd8b8,work-db4a0ec451d7f4ffd8b8,mapping-5e2f0e1765b5c637fae4
mangataisho-2009-045,mangataisho-2009,included,candidate-42f14f92911ef04a1ed1,work-42f14f92911ef04a1ed1,mapping-1d0aff3217987dcf08ac
mangataisho-2009-046,mangataisho-2009,included,candidate-9fc590948fe2b54fdcf3,work-9fc590948fe2b54fdcf3,mapping-8dd502680ed37f861597
mangataisho-2009-047,mangataisho-2009,unresolved,,,
mangataisho-2009-048,mangataisho-2009,unresolved,,,
mangataisho-2009-049,mangataisho-2009,included,candidate-5f888deab71daaa322dc,work-5f888deab71daaa322dc,mapping-51da8f9fa59801999c89
mangataisho-2009-050,mangataisho-2009,included,candidate-e033a5e4e862fad93f4a,work-e033a5e4e862fad93f4a,mapping-34f7d00efe6e46d92f11
mangataisho-2009-051,mangataisho-2009,included,candidate-4b4bbe8c10859c46e726,work-4b4bbe8c10859c46e726,mapping-61a34d6ce1f7aaf9a079
mangataisho-2009-052,mangataisho-2009,included,candidate-196f917715fbb17d4d0f,work-196f917715fbb17d4d0f,mapping-32b797745e43996c421c
mangataisho-2009-053,mangataisho-2009,duplicate,candidate-f1d22b68efa7fbd501ee,work-f1d22b68efa7fbd501ee,mapping-f1737f1093e36ad54f41
mangataisho-2009-054,mangataisho-2009,duplicate,candidate-0bec5d8d9474a2197312,work-0bec5d8d9474a2197312,mapping-fe783d38d5e1ca0476ad
mangataisho-2009-055,mangataisho-2009,included,candidate-968a22513a12496eee61,work-968a22513a12496eee61,mapping-72d9db2f78cfa171f263
mangataisho-2009-056,mangataisho-2009,duplicate,candidate-989ea31af1af92fb78b4,work-989ea31af1af92fb78b4,mapping-82214f9aea66441ff4b8
mangataisho-2009-057,mangataisho-2009,included,candidate-9f6e65be23de6688e45b,work-9f6e65be23de6688e45b,mapping-750cfd212d039a0c40fd
mangataisho-2009-058,mangataisho-2009,unresolved,,,
mangataisho-2009-059,mangataisho-2009,unresolved,,,
mangataisho-2009-060,mangataisho-2009,included,candidate-f340564af4573659dbfd,work-f340564af4573659dbfd,mapping-51d5c2b13fc99ceb9ef1
mangataisho-2009-061,mangataisho-2009,unresolved,,,
mangataisho-2009-062,mangataisho-2009,unresolved,,,
mangataisho-2009-063,mangataisho-2009,included,candidate-a8e87996ef571a3bad4d,work-a8e87996ef571a3bad4d,mapping-cf68ab958ee998150ba1
mangataisho-2009-064,mangataisho-2009,duplicate,candidate-e5998ca4f3e0f450bb74,work-e5998ca4f3e0f450bb74,mapping-2c3a95ee38047c6fa21e
mangataisho-2009-065,mangataisho-2009,unresolved,,,
mangataisho-2009-066,mangataisho-2009,included,candidate-3179334d0e99db4a1af7,work-3179334d0e99db4a1af7,mapping-5a390396003d6ff20182
mangataisho-2009-067,mangataisho-2009,included,candidate-ae5b065450bddde322db,work-ae5b065450bddde322db,mapping-52e43bb97048650d92af
mangataisho-2009-068,mangataisho-2009,unresolved,,,
mangataisho-2009-069,mangataisho-2009,unresolved,,,
mangataisho-2009-070,mangataisho-2009,included,candidate-de3110c6c63ae56f9119,work-de3110c6c63ae56f9119,mapping-69c444af98be759949e0
mangataisho-2009-071,mangataisho-2009,included,candidate-727144f46f24235acecb,work-727144f46f24235acecb,mapping-5f3ae00a94d0c9b79680
mangataisho-2009-072,mangataisho-2009,unresolved,,,
mangataisho-2009-073,mangataisho-2009,included,candidate-6de564a546b8bdf411b9,work-6de564a546b8bdf411b9,mapping-61501bb8cf353b6c1283
mangataisho-2009-074,mangataisho-2009,included,candidate-9919ce0368e7e46897b5,work-9919ce0368e7e46897b5,mapping-338a53f8c08e19a62dd4
mangataisho-2009-075,mangataisho-2009,included,candidate-4f5a5e1c022ed0efcd6e,work-4f5a5e1c022ed0efcd6e,mapping-939a01ac4b102ef5f782
mangataisho-2009-076,mangataisho-2009,unresolved,,,
mangataisho-2009-077,mangataisho-2009,included,candidate-7f8d584b383ab15f1422,work-7f8d584b383ab15f1422,mapping-5845ae9ad016fdac76ac
mangataisho-2009-078,mangataisho-2009,unresolved,,,
mangataisho-2009-079,mangataisho-2009,included,candidate-ce00dfcc098d1bebdcd7,work-ce00dfcc098d1bebdcd7,mapping-aadaccda5822ae660193
mangataisho-2009-080,mangataisho-2009,duplicate,candidate-11d23966f22f777e95d0,work-11d23966f22f777e95d0,mapping-425e99b665aacdc2510b
mangataisho-2009-081,mangataisho-2009,included,candidate-ba9a377f97f53eb2a746,work-ba9a377f97f53eb2a746,mapping-3f141a2a95bb2ed43544
mangataisho-2009-082,mangataisho-2009,unresolved,,,
mangataisho-2009-083,mangataisho-2009,duplicate,candidate-ada7dc2c1ce53daf775f,historie,mapping-5e124bc41a8ad646ae8b
mangataisho-2009-084,mangataisho-2009,unresolved,,,
mangataisho-2009-085,mangataisho-2009,duplicate,candidate-c805c5b70111f75d6fb5,work-c805c5b70111f75d6fb5,mapping-ab7ae4b4630b2cdeada0
mangataisho-2009-086,mangataisho-2009,unresolved,,,
mangataisho-2009-087,mangataisho-2009,unresolved,,,
mangataisho-2009-088,mangataisho-2009,duplicate,candidate-0ebf010ac12b9b60d80e,work-0ebf010ac12b9b60d80e,mapping-4d918472fb97a73b1195
mangataisho-2009-089,mangataisho-2009,unresolved,,,
mangataisho-2009-090,mangataisho-2009,included,candidate-2d1408ff9b83acc27724,work-2d1408ff9b83acc27724,mapping-5aacf994e849209e9c93
mangataisho-2009-091,mangataisho-2009,included,candidate-d22b1c7ee9c7d5fb92f5,work-d22b1c7ee9c7d5fb92f5,mapping-66f5b06ec7ebeb2d1344
mangataisho-2009-092,mangataisho-2009,duplicate,candidate-d6ab24ba01654d4e6e53,work-d6ab24ba01654d4e6e53,mapping-fe184c9cffdef011792b
mangataisho-2009-093,mangataisho-2009,included,candidate-5091a08263efab2438bd,work-5091a08263efab2438bd,mapping-824648b1f42d029b4cb8
mangataisho-2009-094,mangataisho-2009,duplicate,candidate-1806163b95ab496ab1fb,kimi-ni-todoke,mapping-ab56c7ab5ab501cfc5d4
mangataisho-2009-095,mangataisho-2009,unresolved,,,
mangataisho-2009-096,mangataisho-2009,duplicate,candidate-f80595341b9dba6368a9,work-f80595341b9dba6368a9,mapping-0354fd09c2a23b0c9525
mangataisho-2009-097,mangataisho-2009,unresolved,,,
mangataisho-2009-098,mangataisho-2009,included,candidate-b96bf77bd21ed120dbb9,work-b96bf77bd21ed120dbb9,mapping-4538ef7150497feb0191
mangataisho-2009-099,mangataisho-2009,included,candidate-205e576ef057e3aed1ab,work-205e576ef057e3aed1ab,mapping-17f9844545193ecab4f3
mangataisho-2009-100,mangataisho-2009,included,candidate-4f4175c6c19e963c46b4,work-4f4175c6c19e963c46b4,mapping-380a9f639ad9309246ca
mangataisho-2009-101,mangataisho-2009,included,candidate-a7a1e0666169f1b2e8c0,work-a7a1e0666169f1b2e8c0,mapping-6f2b19e713af632d42b6
mangataisho-2009-102,mangataisho-2009,duplicate,candidate-9ea915886fe936b47d61,natsumes-book-of-friends,mapping-ec01e633195a04b35b8a
mangataisho-2009-103,mangataisho-2009,included,candidate-457a3683fa1159ab439a,work-457a3683fa1159ab439a,mapping-1c88382d4f43dc660f3e
mangataisho-2009-104,mangataisho-2009,included,candidate-ea293776a1e463f030de,work-ea293776a1e463f030de,mapping-a4de618dd7fc4bf7ebb2
mangataisho-2009-105,mangataisho-2009,included,candidate-76bfd43f9fd555685806,work-76bfd43f9fd555685806,mapping-b8bf74400b3bada4e15d
mangataisho-2009-106,mangataisho-2009,duplicate,candidate-724c064d491faf4c7414,work-724c064d491faf4c7414,mapping-7c95ef099156493c1480
mangataisho-2009-107,mangataisho-2009,included,candidate-2dbe24f60dff41c46619,work-2dbe24f60dff41c46619,mapping-9aa89fbe5fcb68ea9015
mangataisho-2009-108,mangataisho-2009,duplicate,candidate-b61c060ab91f78b31b2b,yotsuba-to,mapping-e5520a7b37cf231add15
mangataisho-2009-109,mangataisho-2009,included,candidate-550261dd739b9ff83611,work-550261dd739b9ff83611,mapping-5fd7df9038aae65539b2
mangataisho-2009-110,mangataisho-2009,duplicate,candidate-2fb1efb7a8cb7dfd9530,work-2fb1efb7a8cb7dfd9530,mapping-dc7330af049147b4f9e3
mangataisho-2009-111,mangataisho-2009,unresolved,,,
mangataisho-2009-112,mangataisho-2009,unresolved,,,
mangataisho-2009-113,mangataisho-2009,included,candidate-5aa2f441d3b351430f31,work-5aa2f441d3b351430f31,mapping-7a0c802c63f0612bb420
mangataisho-2009-114,mangataisho-2009,unresolved,,,
mangataisho-2009-115,mangataisho-2009,duplicate,candidate-15dba4fdb46308ab45d7,work-15dba4fdb46308ab45d7,mapping-888b98944953f60be976
mangataisho-2009-116,mangataisho-2009,included,candidate-979c21cf10bbe09a70b9,work-979c21cf10bbe09a70b9,mapping-f035b9e2183d32836588
mangataisho-2009-117,mangataisho-2009,duplicate,candidate-521d1f38e767ab1d4af4,work-521d1f38e767ab1d4af4,mapping-8be959c5e26cb0c732e6
mangataisho-2009-118,mangataisho-2009,included,candidate-5b63d3327587170a0e1e,work-5b63d3327587170a0e1e,mapping-68a0936829adf011e415
mangataisho-2009-119,mangataisho-2009,duplicate,candidate-6647dd6573ec5b2f3252,work-6647dd6573ec5b2f3252,mapping-bbfc68ba52bfe599d05d
mangataisho-2009-120,mangataisho-2009,included,candidate-3ea1531485fc3c8563ac,work-3ea1531485fc3c8563ac,mapping-b6c0d816c77232e588d3
mangataisho-2009-121,mangataisho-2009,unresolved,,,
mangataisho-2009-122,mangataisho-2009,included,candidate-b2be97620643b3342637,work-b2be97620643b3342637,mapping-5bc95c9a305e5044962a
mangataisho-2009-123,mangataisho-2009,included,candidate-94eef3a31dd787e88cf1,work-94eef3a31dd787e88cf1,mapping-b99a6218cfe11097cbd1
mangataisho-2009-124,mangataisho-2009,unresolved,,,
mangataisho-2009-125,mangataisho-2009,included,candidate-bcd43d3188c2533e1068,work-bcd43d3188c2533e1068,mapping-eb6008dfc9db3c76c0f2
mangataisho-2009-126,mangataisho-2009,included,candidate-1b94cd8bacb92576eb36,work-1b94cd8bacb92576eb36,mapping-f532ec6d390493cd9949
mangataisho-2009-127,mangataisho-2009,unresolved,,,
mangataisho-2009-128,mangataisho-2009,included,candidate-10ea8aa950d8d59958a8,work-10ea8aa950d8d59958a8,mapping-c818a3cfc21bf5ac74f5
mangataisho-2009-129,mangataisho-2009,duplicate,candidate-cdef8cfd678998a51447,work-cdef8cfd678998a51447,mapping-74789f1b9bea96f3e708
mangataisho-2009-130,mangataisho-2009,unresolved,,,
mangataisho-2009-131,mangataisho-2009,unresolved,,,
mangataisho-2009-132,mangataisho-2009,included,candidate-ce15a744022a34a1c02e,work-ce15a744022a34a1c02e,mapping-79b5dbaa080495bdfa3d
mangataisho-2009-133,mangataisho-2009,unresolved,,,
mangataisho-2009-134,mangataisho-2009,unresolved,,,
mangataisho-2009-135,mangataisho-2009,duplicate,candidate-04f35b4c99514d50231d,work-04f35b4c99514d50231d,mapping-2301bf131c548a0c6e14
mangataisho-2009-136,mangataisho-2009,included,candidate-9072892a767332254f00,work-9072892a767332254f00,mapping-3ff8c0366e38709e9504
mangataisho-2009-137,mangataisho-2009,included,candidate-a88b0770799bfa9159c8,work-a88b0770799bfa9159c8,mapping-72ac4791e4e3f4b45601
mangataisho-2009-138,mangataisho-2009,unresolved,,,
mangataisho-2009-139,mangataisho-2009,unresolved,,,
mangataisho-2009-140,mangataisho-2009,duplicate,candidate-c6c0a2cca6e4cd0b1290,work-c6c0a2cca6e4cd0b1290,mapping-9d61a49bf4fa6e3f3e74
mangataisho-2009-141,mangataisho-2009,duplicate,candidate-a8aaeb4f15aad02d9e79,work-a8aaeb4f15aad02d9e79,mapping-f41141fa198842f0f8a6
mangataisho-2009-142,mangataisho-2009,unresolved,,,
mangataisho-2009-143,mangataisho-2009,included,candidate-697d323a291ea56f732a,work-697d323a291ea56f732a,mapping-c93a8e30220afc3b7110
mangataisho-2009-144,mangataisho-2009,included,candidate-01f973f0b71593c23a68,work-01f973f0b71593c23a68,mapping-d9be5caaa8d1cc775ec8
mangataisho-2009-145,mangataisho-2009,included,candidate-7fe5550c8648537ac790,work-7fe5550c8648537ac790,mapping-0045330fd74da7aff863
mangataisho-2009-146,mangataisho-2009,included,candidate-3e2b612b4b6960ead08a,work-3e2b612b4b6960ead08a,mapping-beb6d9d484cf2d651452
mangataisho-2009-147,mangataisho-2009,unresolved,,,
mangataisho-2009-148,mangataisho-2009,included,candidate-986fd04811a0b3d816f1,work-986fd04811a0b3d816f1,mapping-9d982ed86036a3865d16
mangataisho-2009-149,mangataisho-2009,unresolved,,,
mangataisho-2009-150,mangataisho-2009,unresolved,,,
mangataisho-2009-151,mangataisho-2009,included,candidate-03dd121b48927ce75496,work-03dd121b48927ce75496,mapping-d5a246fadc8f43213db4
mangataisho-2009-152,mangataisho-2009,included,candidate-d00935b9f2ba0897925d,work-d00935b9f2ba0897925d,mapping-b02ba31dab598f4b190f
mangataisho-2009-153,mangataisho-2009,included,candidate-a05b0d00f7d8d7592c7e,work-a05b0d00f7d8d7592c7e,mapping-64834ca0ce5e5fcf030d
mangataisho-2009-154,mangataisho-2009,unresolved,,,
mangataisho-2009-155,mangataisho-2009,duplicate,candidate-d45a18f5de58c4f635da,giant-killing,mapping-754f90668097fd49c533
mangataisho-2009-156,mangataisho-2009,unresolved,,,
mangataisho-2009-157,mangataisho-2009,duplicate,candidate-1a6ad6771865b43c8516,work-1a6ad6771865b43c8516,mapping-5b9abac38940b4dfdb67
mangataisho-2009-158,mangataisho-2009,duplicate,candidate-060a72fe10cf6ba9cbfc,work-060a72fe10cf6ba9cbfc,mapping-fc7d6b95c15e807db65c
mangataisho-2009-159,mangataisho-2009,included,candidate-7e1f2df06bb18b2015ad,work-7e1f2df06bb18b2015ad,mapping-a05370b5a5a548fd932c
mangataisho-2009-160,mangataisho-2009,duplicate,candidate-7f926a9557b6ae9f264b,what-did-you-eat-yesterday,mapping-a4268c0acfee229d8bfb
mangataisho-2009-161,mangataisho-2009,unresolved,,,
mangataisho-2009-162,mangataisho-2009,included,candidate-598b59b6153e22e56da2,work-598b59b6153e22e56da2,mapping-9655af7ee3e9572851b9
mangataisho-2009-163,mangataisho-2009,included,candidate-1b7c4ed54d7761cd242b,work-1b7c4ed54d7761cd242b,mapping-828f7f7a2e2bba099207
mangataisho-2009-164,mangataisho-2009,included,candidate-a873bcfd6bb2d1a5a693,work-a873bcfd6bb2d1a5a693,mapping-7758983c7d90e84b49a6
mangataisho-2009-165,mangataisho-2009,included,candidate-aaff4781a48734c79cdb,work-aaff4781a48734c79cdb,mapping-a0306b6fba76fabd29c5
mangataisho-2009-166,mangataisho-2009,duplicate,candidate-15d6508605fbd4a266fc,work-15d6508605fbd4a266fc,mapping-1cc04462601740525111
mangataisho-2009-167,mangataisho-2009,included,candidate-45fe9ae0e868fc9a30a1,work-45fe9ae0e868fc9a30a1,mapping-264dbd07733c5f3b493f
mangataisho-2009-168,mangataisho-2009,unresolved,,,
mangataisho-2009-169,mangataisho-2009,unresolved,,,
mangataisho-2009-170,mangataisho-2009,unresolved,,,
mangataisho-2009-171,mangataisho-2009,included,candidate-ec63c8160558bfd70d68,work-ec63c8160558bfd70d68,mapping-a0a1a40db98864ac0868
mangataisho-2009-172,mangataisho-2009,included,candidate-d66ce37fe86fba8214a2,work-d66ce37fe86fba8214a2,mapping-e09d09c580fdc13a9583
mangataisho-2009-173,mangataisho-2009,unresolved,,,
mangataisho-2009-174,mangataisho-2009,included,candidate-5d28fafc5980b72c39b6,work-5d28fafc5980b72c39b6,mapping-ace4c84af35f064d1506
mangataisho-2009-175,mangataisho-2009,included,candidate-c6418f7b70cff810199c,work-c6418f7b70cff810199c,mapping-fe5aedc4de27a349a026
mangataisho-2009-176,mangataisho-2009,unresolved,,,
mangataisho-2009-177,mangataisho-2009,unresolved,,,
mangataisho-2010-001,mangataisho-2010,unresolved,,,
mangataisho-2010-002,mangataisho-2010,unresolved,,,
mangataisho-2010-003,mangataisho-2010,unresolved,,,
mangataisho-2010-004,mangataisho-2010,included,candidate-f391e591282e435a3c1d,work-f391e591282e435a3c1d,mapping-3b93799e14a925a53ea2
mangataisho-2010-005,mangataisho-2010,included,candidate-1ec3d48e64b228bb8a92,work-1ec3d48e64b228bb8a92,mapping-0fa4bdb5c1c0571ea7a2
mangataisho-2010-006,mangataisho-2010,included,candidate-057e1cf849bf49fc1465,work-057e1cf849bf49fc1465,mapping-858ea324dc6c84a59339
mangataisho-2010-007,mangataisho-2010,included,candidate-6311314b8109a6669665,princess-jellyfish,mapping-dc7410fccbe58609cd8a
mangataisho-2010-008,mangataisho-2010,included,candidate-d63a83030a8819ff553c,work-d63a83030a8819ff553c,mapping-0d14b15539e88aa9b95c
mangataisho-2010-009,mangataisho-2010,included,candidate-12b484cd79bfe6852ea1,work-12b484cd79bfe6852ea1,mapping-a2b29bc46d5d360ca56c
mangataisho-2010-010,mangataisho-2010,duplicate,candidate-b2be97620643b3342637,work-b2be97620643b3342637,mapping-130cadffaf6b96b3e338
mangataisho-2010-011,mangataisho-2010,included,candidate-81fe28fdeda5f8e5ab35,a-brides-story,mapping-b5f8ce25fa1ed7b05f42
mangataisho-2010-012,mangataisho-2010,included,candidate-a7e0062c7153978fc6fe,work-a7e0062c7153978fc6fe,mapping-2f5c3ee473c973c8aaa8
mangataisho-2010-013,mangataisho-2010,unresolved,,,
mangataisho-2010-014,mangataisho-2010,unresolved,,,
mangataisho-2010-015,mangataisho-2010,included,candidate-239ae23df7c9bf5bcb8d,work-239ae23df7c9bf5bcb8d,mapping-1a18f3cdbd1e622d3da1
mangataisho-2010-016,mangataisho-2010,unresolved,,,
mangataisho-2010-017,mangataisho-2010,included,candidate-a8349445836546a82934,work-a8349445836546a82934,mapping-23990c940039429acba8
mangataisho-2010-018,mangataisho-2010,duplicate,candidate-4b4bbe8c10859c46e726,work-4b4bbe8c10859c46e726,mapping-19919df2ca2354bf5f96
mangataisho-2010-019,mangataisho-2010,included,candidate-7a260e9a539643caf362,work-7a260e9a539643caf362,mapping-da73124d31c297a3e92c
mangataisho-2010-020,mangataisho-2010,unresolved,,,
mangataisho-2010-021,mangataisho-2010,included,candidate-b6e5ab291c28e2a29076,work-b6e5ab291c28e2a29076,mapping-34349b61fc3988e5e1cf
mangataisho-2010-022,mangataisho-2010,unresolved,,,
mangataisho-2010-023,mangataisho-2010,included,candidate-da98a01b4d345bd9c415,work-da98a01b4d345bd9c415,mapping-529cbe48e72c0088d610
mangataisho-2010-024,mangataisho-2010,included,candidate-5546d6a69fb258a943c2,work-5546d6a69fb258a943c2,mapping-d07f13ba90ea9648990f
mangataisho-2010-025,mangataisho-2010,duplicate,candidate-8037856e7703fdaf4324,work-8037856e7703fdaf4324,mapping-2dafa13ebd60691c540c
mangataisho-2010-026,mangataisho-2010,unresolved,,,
mangataisho-2010-027,mangataisho-2010,included,candidate-e6bc028ff1dede64e0b1,work-e6bc028ff1dede64e0b1,mapping-04f11905b7247c33a591
mangataisho-2010-028,mangataisho-2010,included,candidate-07e413fd6de80f21469d,work-07e413fd6de80f21469d,mapping-15bbcf2b9231e93064c6
mangataisho-2010-029,mangataisho-2010,included,candidate-e5ab5136280cf59da6bb,work-e5ab5136280cf59da6bb,mapping-0152f9c3ede0e5728fc1
mangataisho-2010-030,mangataisho-2010,unresolved,,,
mangataisho-2010-031,mangataisho-2010,duplicate,candidate-464322afcd10013437b9,work-464322afcd10013437b9,mapping-44bf18e5124e28540f55
mangataisho-2010-032,mangataisho-2010,duplicate,candidate-048a39f42bd18cb0823e,work-048a39f42bd18cb0823e,mapping-a0f92650109e2d515f8d
mangataisho-2010-033,mangataisho-2010,included,candidate-e4f24751c13de2b9b8d5,work-e4f24751c13de2b9b8d5,mapping-adf0bf04e5448651e479
mangataisho-2010-034,mangataisho-2010,included,candidate-553a5452dad416fd8800,work-553a5452dad416fd8800,mapping-f62d8516abc0cfc042c5
mangataisho-2010-035,mangataisho-2010,unresolved,,,
mangataisho-2010-036,mangataisho-2010,included,candidate-890c2ef066c0575db3d6,work-890c2ef066c0575db3d6,mapping-2aa196a128ddf722072b
mangataisho-2010-037,mangataisho-2010,included,candidate-37b34339f11884a58c4f,work-37b34339f11884a58c4f,mapping-7c76a994409270e3f039
mangataisho-2010-038,mangataisho-2010,included,candidate-62f95597704a67f68f85,work-62f95597704a67f68f85,mapping-5de9163082210e636d47
mangataisho-2010-039,mangataisho-2010,unresolved,,,
mangataisho-2010-040,mangataisho-2010,duplicate,candidate-f1d22b68efa7fbd501ee,work-f1d22b68efa7fbd501ee,mapping-b2c41aedb69b1b4fea42
mangataisho-2010-041,mangataisho-2010,unresolved,,,
mangataisho-2010-042,mangataisho-2010,included,candidate-a1798a9542d578b3137d,work-a1798a9542d578b3137d,mapping-f42e345d992203fadb8e
mangataisho-2010-043,mangataisho-2010,included,candidate-4e1a5779610b31ca5603,work-4e1a5779610b31ca5603,mapping-963785422843b906c1cd
mangataisho-2010-044,mangataisho-2010,included,candidate-edcbb989a168e5a4d0a3,work-edcbb989a168e5a4d0a3,mapping-5da9f311116c81fefec1
mangataisho-2010-045,mangataisho-2010,duplicate,candidate-db4a0ec451d7f4ffd8b8,work-db4a0ec451d7f4ffd8b8,mapping-ab1388a1ca50e37634c7
mangataisho-2010-046,mangataisho-2010,included,candidate-ed105eacfbbb8d4d6da3,work-ed105eacfbbb8d4d6da3,mapping-2e0230ef62a6a5e45a93
mangataisho-2010-047,mangataisho-2010,unresolved,,,
mangataisho-2010-048,mangataisho-2010,unresolved,,,
mangataisho-2010-049,mangataisho-2010,included,candidate-b4284a6ef960f906d31e,work-b4284a6ef960f906d31e,mapping-65ad4f04425d1d612396
mangataisho-2010-050,mangataisho-2010,included,candidate-319e39a597d16251efc9,work-319e39a597d16251efc9,mapping-1d32b44ba99e6b4d5abd
mangataisho-2010-051,mangataisho-2010,duplicate,candidate-ebe399258f28460b8f9b,work-ebe399258f28460b8f9b,mapping-bdf184c8036b315926e3
mangataisho-2010-052,mangataisho-2010,duplicate,candidate-19b578d0e828242f14f3,work-19b578d0e828242f14f3,mapping-3357038d2a20227e92fe
mangataisho-2010-053,mangataisho-2010,included,candidate-ee4e60a297cec0bf66ce,work-ee4e60a297cec0bf66ce,mapping-ba218aa5706a6721d908
mangataisho-2010-054,mangataisho-2010,duplicate,candidate-aa6d796e2e04a55b94b1,work-aa6d796e2e04a55b94b1,mapping-6d2477fa2657ec49af31
mangataisho-2010-055,mangataisho-2010,included,candidate-b2e1ad54e15dd95a1f6e,work-b2e1ad54e15dd95a1f6e,mapping-27cdf13f2463f0cc5af0
mangataisho-2010-056,mangataisho-2010,included,candidate-31e7e4b93d21620f1717,work-31e7e4b93d21620f1717,mapping-674090f4cfe41119121c
mangataisho-2010-057,mangataisho-2010,duplicate,candidate-5aa2f441d3b351430f31,work-5aa2f441d3b351430f31,mapping-50dd4f0e8c4550775c91
mangataisho-2010-058,mangataisho-2010,duplicate,candidate-83510afea8d961aec880,work-83510afea8d961aec880,mapping-7c019847485558fe9175
mangataisho-2010-059,mangataisho-2010,unresolved,,,
mangataisho-2010-060,mangataisho-2010,unresolved,,,
mangataisho-2010-061,mangataisho-2010,included,candidate-844804b4c1c1b08e2bb2,work-844804b4c1c1b08e2bb2,mapping-87e80e234b299e927c7e
mangataisho-2010-062,mangataisho-2010,included,candidate-13ad51c176349c82367c,work-13ad51c176349c82367c,mapping-7dbbdc5020c52485ada3
mangataisho-2010-063,mangataisho-2010,included,candidate-9b42e9cda7743bba0f9b,work-9b42e9cda7743bba0f9b,mapping-4622fa23053f30564458
mangataisho-2010-064,mangataisho-2010,duplicate,candidate-a7a1e0666169f1b2e8c0,work-a7a1e0666169f1b2e8c0,mapping-183f51a154f957e4179d
mangataisho-2010-065,mangataisho-2010,duplicate,candidate-c805c5b70111f75d6fb5,work-c805c5b70111f75d6fb5,mapping-8e4c9aa5cecff0c01a3a
mangataisho-2010-066,mangataisho-2010,unresolved,,,
mangataisho-2010-067,mangataisho-2010,unresolved,,,
mangataisho-2010-068,mangataisho-2010,duplicate,candidate-15dba4fdb46308ab45d7,work-15dba4fdb46308ab45d7,mapping-1f1777c95c80f6d3eb1d
mangataisho-2010-069,mangataisho-2010,unresolved,,,
mangataisho-2010-070,mangataisho-2010,duplicate,candidate-2dbe24f60dff41c46619,work-2dbe24f60dff41c46619,mapping-c927434a4fa9ea7138f0
mangataisho-2010-071,mangataisho-2010,included,candidate-2f799932ece28aa8c553,work-2f799932ece28aa8c553,mapping-61cd919c48a3d0f69ef2
mangataisho-2010-072,mangataisho-2010,duplicate,candidate-151b456508f78852b002,work-151b456508f78852b002,mapping-fe5f9a33d617950f634f
mangataisho-2010-073,mangataisho-2010,included,candidate-0ba3547258320bf33dc3,work-0ba3547258320bf33dc3,mapping-ba0b1528818e3c2cb7e7
mangataisho-2010-074,mangataisho-2010,unresolved,,,
mangataisho-2010-075,mangataisho-2010,unresolved,,,
mangataisho-2010-076,mangataisho-2010,unresolved,,,
mangataisho-2010-077,mangataisho-2010,unresolved,,,
mangataisho-2010-078,mangataisho-2010,included,candidate-77aecd2b33b956f62334,work-77aecd2b33b956f62334,mapping-9671c5d156ee659ce44f
mangataisho-2010-079,mangataisho-2010,included,candidate-296978e57b2f8f5810b3,work-296978e57b2f8f5810b3,mapping-4b63f213896e338cb6ba
mangataisho-2010-080,mangataisho-2010,unresolved,,,
mangataisho-2010-081,mangataisho-2010,included,candidate-51a4ae214648dbf12478,work-51a4ae214648dbf12478,mapping-0deea16cc049725e7e44
mangataisho-2010-082,mangataisho-2010,included,candidate-840f12a844b6b1afd2f7,work-840f12a844b6b1afd2f7,mapping-02e048dc13c52c378c72
mangataisho-2010-083,mangataisho-2010,unresolved,,,
mangataisho-2010-084,mangataisho-2010,included,candidate-8bac9b710429e535768d,work-8bac9b710429e535768d,mapping-0d121f8c5b4053800172
mangataisho-2010-085,mangataisho-2010,included,candidate-ce62d62940841d6bb152,work-ce62d62940841d6bb152,mapping-615e7fc83cb3e3d72ec0
mangataisho-2010-086,mangataisho-2010,unresolved,,,
mangataisho-2010-087,mangataisho-2010,unresolved,,,
mangataisho-2010-088,mangataisho-2010,duplicate,candidate-7d259c925286a9f91310,work-7d259c925286a9f91310,mapping-53883ba1232b8b44860f
mangataisho-2010-089,mangataisho-2010,included,candidate-d57fec7e1e61ff8809f2,work-d57fec7e1e61ff8809f2,mapping-553ba8fc110dd789dea4
mangataisho-2010-090,mangataisho-2010,included,candidate-fd2a957c501c36047ed0,work-fd2a957c501c36047ed0,mapping-1187b8354cf004ae495b
mangataisho-2010-091,mangataisho-2010,duplicate,candidate-7a4e7ba45413e1b8af34,work-7a4e7ba45413e1b8af34,mapping-0764bd30ae3f9865dcd3
mangataisho-2010-092,mangataisho-2010,unresolved,,,
mangataisho-2010-093,mangataisho-2010,duplicate,candidate-d7e64b0b5479ca943edd,work-d7e64b0b5479ca943edd,mapping-40bcb11d2328dfe94d2f
mangataisho-2010-094,mangataisho-2010,included,candidate-49646c522ce70a4bb8f0,work-49646c522ce70a4bb8f0,mapping-2a7f94ccb70680e84170
mangataisho-2010-095,mangataisho-2010,included,candidate-89d795575d6787113859,work-89d795575d6787113859,mapping-62a6a9487b8c3894e1db
mangataisho-2010-096,mangataisho-2010,duplicate,candidate-2d1408ff9b83acc27724,work-2d1408ff9b83acc27724,mapping-af31e97e4d81e2ef7189
mangataisho-2010-097,mangataisho-2010,duplicate,candidate-986fd04811a0b3d816f1,work-986fd04811a0b3d816f1,mapping-2eff6df237695101e323
mangataisho-2010-098,mangataisho-2010,unresolved,,,
mangataisho-2010-099,mangataisho-2010,included,candidate-5baea1ce0e7e74df34b9,work-5baea1ce0e7e74df34b9,mapping-84c55269dd0a5dbc301a
mangataisho-2010-100,mangataisho-2010,unresolved,,,
mangataisho-2010-101,mangataisho-2010,duplicate,candidate-205e576ef057e3aed1ab,work-205e576ef057e3aed1ab,mapping-9ab013420684602b82d5
mangataisho-2010-102,mangataisho-2010,included,candidate-590b60fe2d2ea5ac62cd,work-590b60fe2d2ea5ac62cd,mapping-d290aad9f21550d6ee26
mangataisho-2010-103,mangataisho-2010,unresolved,,,
mangataisho-2010-104,mangataisho-2010,included,candidate-96aef57fdc450e67d57a,work-96aef57fdc450e67d57a,mapping-9b89cfbcecf59ba7fe95
mangataisho-2010-105,mangataisho-2010,included,candidate-c221a17d6b962b17c9f4,work-c221a17d6b962b17c9f4,mapping-3c110242faec23dda3fc
mangataisho-2010-106,mangataisho-2010,unresolved,,,
mangataisho-2010-107,mangataisho-2010,included,candidate-ea19faa21a38167db8c4,work-ea19faa21a38167db8c4,mapping-bd083a38cddfea1e5bef
mangataisho-2010-108,mangataisho-2010,included,candidate-e1434379b867335a6916,work-e1434379b867335a6916,mapping-ee47351425bef3eef3a6
mangataisho-2010-109,mangataisho-2010,duplicate,candidate-49af41f47417b01de20e,work-49af41f47417b01de20e,mapping-7c39ee3574e988db38cd
mangataisho-2010-110,mangataisho-2010,included,candidate-089947c5303024841fef,work-089947c5303024841fef,mapping-5fb3c4936d115740b8d4
mangataisho-2010-111,mangataisho-2010,duplicate,candidate-4f5a5e1c022ed0efcd6e,work-4f5a5e1c022ed0efcd6e,mapping-a28bb7f4c6393f7b9434
mangataisho-2010-112,mangataisho-2010,included,candidate-a7413b6e35e0d316a538,work-a7413b6e35e0d316a538,mapping-b7f92cc24f377f3779e6
mangataisho-2010-113,mangataisho-2010,unresolved,,,
mangataisho-2010-114,mangataisho-2010,included,candidate-aa4bc2aeff6c6d0369f4,work-aa4bc2aeff6c6d0369f4,mapping-659d16b944ff284575d5
mangataisho-2010-115,mangataisho-2010,duplicate,candidate-bdcf8de5aebcef0e1ed5,work-bdcf8de5aebcef0e1ed5,mapping-bbf95dc71f391f144049
mangataisho-2010-116,mangataisho-2010,included,candidate-39c1a2b6791238827ed5,work-39c1a2b6791238827ed5,mapping-147b466728adbca0ad10
mangataisho-2010-117,mangataisho-2010,included,candidate-b708734262fb9b67f948,work-b708734262fb9b67f948,mapping-37f0cf6763e1e49b56ac
mangataisho-2010-118,mangataisho-2010,unresolved,,,
mangataisho-2010-119,mangataisho-2010,included,candidate-79bbd0d83c00b2d58a79,work-79bbd0d83c00b2d58a79,mapping-0e2e5cacd38f591d7d6d
mangataisho-2010-120,mangataisho-2010,included,candidate-b870bc0a8766298e959d,work-b870bc0a8766298e959d,mapping-82688a9eaa13f3c4375a
mangataisho-2010-121,mangataisho-2010,unresolved,,,
mangataisho-2010-122,mangataisho-2010,unresolved,,,
mangataisho-2010-123,mangataisho-2010,included,candidate-eb24b7d129086e28f8d8,work-eb24b7d129086e28f8d8,mapping-0e9ce4b966b5182a5dbe
mangataisho-2010-124,mangataisho-2010,unresolved,,,
mangataisho-2010-125,mangataisho-2010,unresolved,,,
mangataisho-2010-126,mangataisho-2010,included,candidate-fe35a5f01946f5153eb4,work-fe35a5f01946f5153eb4,mapping-e8ddcda8561df656665c
mangataisho-2010-127,mangataisho-2010,unresolved,,,
mangataisho-2010-128,mangataisho-2010,included,candidate-4f72ecfc3f99fd8a1286,work-4f72ecfc3f99fd8a1286,mapping-eea63fffc43859d79605
mangataisho-2010-129,mangataisho-2010,included,candidate-bd5bdc4150f30a07971b,work-bd5bdc4150f30a07971b,mapping-5f214e88c70b88b841f9
mangataisho-2010-130,mangataisho-2010,duplicate,candidate-1a6ad6771865b43c8516,work-1a6ad6771865b43c8516,mapping-adf8e974ed7fec6aa877
mangataisho-2010-131,mangataisho-2010,included,candidate-58191c032908b92d1955,work-58191c032908b92d1955,mapping-651c6f800292dbd3dde2
mangataisho-2010-132,mangataisho-2010,duplicate,candidate-11d23966f22f777e95d0,work-11d23966f22f777e95d0,mapping-d4b43f78eda357a5dba1
mangataisho-2010-133,mangataisho-2010,unresolved,,,
mangataisho-2010-134,mangataisho-2010,included,candidate-a14cf4446d589444177f,work-a14cf4446d589444177f,mapping-cbe4b69131a07985075c
mangataisho-2010-135,mangataisho-2010,unresolved,,,
mangataisho-2010-136,mangataisho-2010,included,candidate-f9ca3386d3e12d4a5045,work-f9ca3386d3e12d4a5045,mapping-f281b3e2c107d5bad8e0
mangataisho-2010-137,mangataisho-2010,included,candidate-c55cfa2eba7b2880ab10,work-c55cfa2eba7b2880ab10,mapping-7d607e182cb02f72a00c
mangataisho-2010-138,mangataisho-2010,unresolved,,,
mangataisho-2010-139,mangataisho-2010,included,candidate-1550d4a52c3fe6d9f94c,work-1550d4a52c3fe6d9f94c,mapping-14f09e8c85ce0ed5e981
mangataisho-2010-140,mangataisho-2010,included,candidate-e0afed347e46e8725d01,work-e0afed347e46e8725d01,mapping-1bdca8d32cc7d50e5ee0
mangataisho-2010-141,mangataisho-2010,duplicate,candidate-9919ce0368e7e46897b5,work-9919ce0368e7e46897b5,mapping-8f04b5cedfaaf06aee14
mangataisho-2010-142,mangataisho-2010,unresolved,,,
mangataisho-2010-143,mangataisho-2010,included,candidate-8c31125fd4a0930f559e,work-8c31125fd4a0930f559e,mapping-6a38ea757a3f8a48eaa3
mangataisho-2010-144,mangataisho-2010,duplicate,candidate-982bb79e03193ebbafcd,work-982bb79e03193ebbafcd,mapping-060a989a4c60e1835bb2
mangataisho-2010-145,mangataisho-2010,included,candidate-bb654a8f2166bed49f9a,work-bb654a8f2166bed49f9a,mapping-7c7b930949361b653dfd
mangataisho-2010-146,mangataisho-2010,included,candidate-bb7f73d695b719a6adbf,work-bb7f73d695b719a6adbf,mapping-2132472903aa437f36d9
mangataisho-2010-147,mangataisho-2010,included,candidate-d79c4cf78238d9131063,work-d79c4cf78238d9131063,mapping-3ec76825cefe4637d874
mangataisho-2010-148,mangataisho-2010,included,candidate-fda8a407b9b08e667df1,work-fda8a407b9b08e667df1,mapping-7c1334422ca53ed4cce7
mangataisho-2010-149,mangataisho-2010,unresolved,,,
mangataisho-2010-150,mangataisho-2010,included,candidate-f5f0ee0b0ff16bc146e0,work-f5f0ee0b0ff16bc146e0,mapping-6765154d7b400ee3e51e
mangataisho-2010-151,mangataisho-2010,unresolved,,,
mangataisho-2010-152,mangataisho-2010,duplicate,candidate-ada7dc2c1ce53daf775f,historie,mapping-ebbdac519e20985798e2
mangataisho-2010-153,mangataisho-2010,included,candidate-d6b8b5d480169a6794ca,work-d6b8b5d480169a6794ca,mapping-50f916a15058a12d7382
mangataisho-2010-154,mangataisho-2010,included,candidate-9fb32a2b0f954de5f4a3,work-9fb32a2b0f954de5f4a3,mapping-28631a0f9d251ce38fbc
mangataisho-2010-155,mangataisho-2010,unresolved,,,
mangataisho-2010-156,mangataisho-2010,included,candidate-b10c683e9192b2713267,work-b10c683e9192b2713267,mapping-65d6c7ddf3eac8f2323f
mangataisho-2010-157,mangataisho-2010,included,candidate-34401c80177ff546bb51,work-34401c80177ff546bb51,mapping-6a71894379ff11d7ff5e
mangataisho-2010-158,mangataisho-2010,duplicate,candidate-f340564af4573659dbfd,work-f340564af4573659dbfd,mapping-4d9be72282c1efcf6618
mangataisho-2010-159,mangataisho-2010,unresolved,,,
mangataisho-2010-160,mangataisho-2010,unresolved,,,
mangataisho-2010-161,mangataisho-2010,included,candidate-8d4e0bde0ff3d4a12783,work-8d4e0bde0ff3d4a12783,mapping-15bce5ba7797605977a7
mangataisho-2010-162,mangataisho-2010,included,candidate-5225892c29f17471e277,work-5225892c29f17471e277,mapping-19f9a338121596704dfc
mangataisho-2010-163,mangataisho-2010,unresolved,,,
mangataisho-2010-164,mangataisho-2010,unresolved,,,
mangataisho-2010-165,mangataisho-2010,duplicate,candidate-9a1d727d87f46ac407d1,work-9a1d727d87f46ac407d1,mapping-fabdc416f60e2e200558
mangataisho-2010-166,mangataisho-2010,unresolved,,,
mangataisho-2010-167,mangataisho-2010,unresolved,,,
mangataisho-2010-168,mangataisho-2010,included,candidate-ff9b025f58d7e12f3cb1,work-ff9b025f58d7e12f3cb1,mapping-befd8ffe82e596957f35
mangataisho-2010-169,mangataisho-2010,unresolved,,,
mangataisho-2010-170,mangataisho-2010,included,candidate-7bc72d4f5ffcc9630504,work-7bc72d4f5ffcc9630504,mapping-b2a781d0c229238ad77e
mangataisho-2010-171,mangataisho-2010,duplicate,candidate-d47c7eccefdeccb2b323,march-comes-in-like-a-lion,mapping-240cedbd7d4129ca1c61
mangataisho-2010-172,mangataisho-2010,included,candidate-7b585d506d99db4d83cb,work-7b585d506d99db4d83cb,mapping-2fcd04bdcbceb17dd538
mangataisho-2010-173,mangataisho-2010,unresolved,,,
mangataisho-2010-174,mangataisho-2010,unresolved,,,
mangataisho-2010-175,mangataisho-2010,included,candidate-dff12ff0939f3b0cd7b6,work-dff12ff0939f3b0cd7b6,mapping-fdb291e240856affa477
mangataisho-2010-176,mangataisho-2010,included,candidate-be6fdcb10451af4f7569,work-be6fdcb10451af4f7569,mapping-bed5bf4385871a7febab
mangataisho-2010-177,mangataisho-2010,duplicate,candidate-9072892a767332254f00,work-9072892a767332254f00,mapping-c9c99b95bad3f3f97d04
mangataisho-2010-178,mangataisho-2010,unresolved,,,
mangataisho-2010-179,mangataisho-2010,included,candidate-592efc68f5adaed3e2ff,work-592efc68f5adaed3e2ff,mapping-fb643c3dbc451d7bf94a
mangataisho-2010-180,mangataisho-2010,unresolved,,,
mangataisho-2010-181,mangataisho-2010,unresolved,,,
mangataisho-2010-182,mangataisho-2010,duplicate,candidate-5d28fafc5980b72c39b6,work-5d28fafc5980b72c39b6,mapping-b9ab8b93257ea15a7eed
mangataisho-2010-183,mangataisho-2010,unresolved,,,
mangataisho-2010-184,mangataisho-2010,duplicate,candidate-7f926a9557b6ae9f264b,what-did-you-eat-yesterday,mapping-b1f9bb6628e5933e2f7b
mangataisho-2010-185,mangataisho-2010,included,candidate-902252f2a52ad25cd38f,work-902252f2a52ad25cd38f,mapping-1f2e3b6bcd74d6a4daeb
mangataisho-2010-186,mangataisho-2010,unresolved,,,
mangataisho-2010-187,mangataisho-2010,included,candidate-024310b5ca50739aa0e5,work-024310b5ca50739aa0e5,mapping-008914e4868ac97621b0
mangataisho-2010-188,mangataisho-2010,included,candidate-957cfe06e87cb83853c3,work-957cfe06e87cb83853c3,mapping-9163d3dea3021ab0f0be
mangataisho-2010-189,mangataisho-2010,unresolved,,,
mangataisho-2010-190,mangataisho-2010,duplicate,candidate-aa6018249b7fe7e92d95,work-aa6018249b7fe7e92d95,mapping-2209d1d40dacc9662dba
mangataisho-2010-191,mangataisho-2010,included,candidate-2b3823cbc20430e066f6,work-2b3823cbc20430e066f6,mapping-bd7e62cea8b75dba6ba4
mangataisho-2010-192,mangataisho-2010,included,candidate-073f7f9dd8f3b5e07d29,work-073f7f9dd8f3b5e07d29,mapping-ce00db8878e9f1b517af
mangataisho-2010-193,mangataisho-2010,included,candidate-e7ef16104220e2ab2e6b,work-e7ef16104220e2ab2e6b,mapping-b394ac8497ca35b8d789
mangataisho-2010-194,mangataisho-2010,included,candidate-24bb011dccc8c1dd20ce,work-24bb011dccc8c1dd20ce,mapping-e49b1fe13a9de674f09c
mangataisho-2010-195,mangataisho-2010,included,candidate-e430a7451b1b1317c043,work-e430a7451b1b1317c043,mapping-060895a816614df71b91
mangataisho-2010-196,mangataisho-2010,included,candidate-6c274b0b6893d8ad8ef7,work-6c274b0b6893d8ad8ef7,mapping-9f3713b2ef48f3c63b3e
mangataisho-2010-197,mangataisho-2010,duplicate,candidate-cdef8cfd678998a51447,work-cdef8cfd678998a51447,mapping-9bf88a6feac168896cd0
mangataisho-2010-198,mangataisho-2010,included,candidate-1f2ba6ab6be1c8af18ad,work-1f2ba6ab6be1c8af18ad,mapping-9cbd22d6ef8f14db3b23
mangataisho-2010-199,mangataisho-2010,included,candidate-e4ef6ec32d4d111a15ce,work-e4ef6ec32d4d111a15ce,mapping-5640492ea67bfec49938
mangataisho-2010-200,mangataisho-2010,duplicate,candidate-1b7c4ed54d7761cd242b,work-1b7c4ed54d7761cd242b,mapping-100a4c2871868a62be23
mangataisho-2011-001,mangataisho-2011,duplicate,candidate-d47c7eccefdeccb2b323,march-comes-in-like-a-lion,mapping-2f0c682555423afa01d6
mangataisho-2011-002,mangataisho-2011,duplicate,candidate-81fe28fdeda5f8e5ab35,a-brides-story,mapping-49a311cbc649bb585226
mangataisho-2011-003,mangataisho-2011,duplicate,candidate-f391e591282e435a3c1d,work-f391e591282e435a3c1d,mapping-73074aa4fe85b8bd4635
mangataisho-2011-004,mangataisho-2011,unresolved,,,
mangataisho-2011-005,mangataisho-2011,duplicate,candidate-a7e0062c7153978fc6fe,work-a7e0062c7153978fc6fe,mapping-4d2cdeef0b89dd6e2b20
mangataisho-2011-006,mangataisho-2011,included,candidate-8fcfd281265fcacb7e4a,work-8fcfd281265fcacb7e4a,mapping-6b5687bff241e64cc956
mangataisho-2011-007,mangataisho-2011,unresolved,,,
mangataisho-2011-008,mangataisho-2011,duplicate,candidate-5baea1ce0e7e74df34b9,work-5baea1ce0e7e74df34b9,mapping-f5c42a395fae183c5aa3
mangataisho-2011-009,mangataisho-2011,included,candidate-3823ff0766f67c015c53,work-3823ff0766f67c015c53,mapping-0ebf38904c41d570c2ba
mangataisho-2011-010,mangataisho-2011,included,candidate-171b262b7ad72871f795,work-171b262b7ad72871f795,mapping-120ce00f34230f8c874e
mangataisho-2011-011,mangataisho-2011,unresolved,,,
mangataisho-2011-012,mangataisho-2011,included,candidate-cd774412c9f29141af14,work-cd774412c9f29141af14,mapping-8b55a97afd0c681a3377
mangataisho-2011-013,mangataisho-2011,unresolved,,,
mangataisho-2011-014,mangataisho-2011,unresolved,,,
mangataisho-2011-015,mangataisho-2011,duplicate,candidate-96aef57fdc450e67d57a,work-96aef57fdc450e67d57a,mapping-b6921132af94c5f82353
mangataisho-2011-016,mangataisho-2011,unresolved,,,
mangataisho-2011-017,mangataisho-2011,included,candidate-5e30ab3c7e3fb43e51f2,work-5e30ab3c7e3fb43e51f2,mapping-d72daf69942f238f7524
mangataisho-2011-018,mangataisho-2011,included,candidate-4b4e6afc71e786d97bac,work-4b4e6afc71e786d97bac,mapping-c1396a164397d55fe839
mangataisho-2011-019,mangataisho-2011,included,candidate-dda3640b3c37d954ea10,work-dda3640b3c37d954ea10,mapping-8e428a90a4b826369a69
mangataisho-2011-020,mangataisho-2011,unresolved,,,
mangataisho-2011-021,mangataisho-2011,included,candidate-550854424fc9cc94d585,work-550854424fc9cc94d585,mapping-54e36eebd9516f234a98
mangataisho-2011-022,mangataisho-2011,duplicate,candidate-12b484cd79bfe6852ea1,work-12b484cd79bfe6852ea1,mapping-3f825b1b7aa69f6d8dfe
mangataisho-2011-023,mangataisho-2011,included,candidate-84e96db05b0cced09cae,work-84e96db05b0cced09cae,mapping-cb5d6acd86a71906a6e0
mangataisho-2011-024,mangataisho-2011,included,candidate-3e7b404d33100c796578,work-3e7b404d33100c796578,mapping-c2e245feb55c09fafe31
mangataisho-2011-025,mangataisho-2011,included,candidate-838a6f0ad2d1ef487588,work-838a6f0ad2d1ef487588,mapping-eb3e57d2a20ef42b7759
mangataisho-2011-026,mangataisho-2011,included,candidate-ae029e2e5a24c1b73ead,work-ae029e2e5a24c1b73ead,mapping-049a87b2e4e70410086e
mangataisho-2011-027,mangataisho-2011,unresolved,,,
mangataisho-2011-028,mangataisho-2011,unresolved,,,
mangataisho-2011-029,mangataisho-2011,included,candidate-1cdc6c5cca7c33fafe51,work-1cdc6c5cca7c33fafe51,mapping-6d782c143375fdfbcb80
mangataisho-2011-030,mangataisho-2011,unresolved,,,
mangataisho-2011-031,mangataisho-2011,unresolved,,,
mangataisho-2011-032,mangataisho-2011,unresolved,,,
mangataisho-2011-033,mangataisho-2011,included,candidate-f3f2a5f99ad7e2c9d829,work-f3f2a5f99ad7e2c9d829,mapping-9c79ee3c79b38d0dcf12
mangataisho-2011-034,mangataisho-2011,included,candidate-1ea5908e746ba04ba71b,work-1ea5908e746ba04ba71b,mapping-c9ce007676df655f4fb6
mangataisho-2011-035,mangataisho-2011,unresolved,,,
mangataisho-2011-036,mangataisho-2011,duplicate,candidate-d7e64b0b5479ca943edd,work-d7e64b0b5479ca943edd,mapping-9024e3d2242755975d85
mangataisho-2011-037,mangataisho-2011,included,candidate-42fff49d373ef1177f39,work-42fff49d373ef1177f39,mapping-41641dc647508544b765
mangataisho-2011-038,mangataisho-2011,unresolved,,,
mangataisho-2011-039,mangataisho-2011,unresolved,,,
mangataisho-2011-040,mangataisho-2011,duplicate,candidate-83510afea8d961aec880,work-83510afea8d961aec880,mapping-a4762ed7b00ea2554e3c
mangataisho-2011-041,mangataisho-2011,unresolved,,,
mangataisho-2011-042,mangataisho-2011,unresolved,,,
mangataisho-2011-043,mangataisho-2011,unresolved,,,
mangataisho-2011-044,mangataisho-2011,unresolved,,,
mangataisho-2011-045,mangataisho-2011,included,candidate-99d81456c341e239d7af,work-99d81456c341e239d7af,mapping-dbf68d562bbe3969fd81
mangataisho-2011-046,mangataisho-2011,included,candidate-238c04ae3a3a61451078,work-238c04ae3a3a61451078,mapping-43b7edba422e99799ab6
mangataisho-2011-047,mangataisho-2011,unresolved,,,
mangataisho-2011-048,mangataisho-2011,unresolved,,,
mangataisho-2011-049,mangataisho-2011,unresolved,,,
mangataisho-2011-050,mangataisho-2011,unresolved,,,
mangataisho-2011-051,mangataisho-2011,duplicate,candidate-31e7e4b93d21620f1717,work-31e7e4b93d21620f1717,mapping-87e0eebaa1e8c052c48b
mangataisho-2011-052,mangataisho-2011,included,candidate-32488d82859f2f0b6fba,work-32488d82859f2f0b6fba,mapping-5ee2ed03c4be113e063a
mangataisho-2011-053,mangataisho-2011,included,candidate-9cfccaa87d8dc193f422,work-9cfccaa87d8dc193f422,mapping-5f8b85de3f26678b723b
mangataisho-2011-054,mangataisho-2011,included,candidate-f78989e37b02423445e7,work-f78989e37b02423445e7,mapping-754701c62f67e0d839a5
mangataisho-2011-055,mangataisho-2011,included,candidate-3080de07cac432363d5b,work-3080de07cac432363d5b,mapping-09adb7b800d47461bf16
mangataisho-2011-056,mangataisho-2011,unresolved,,,
mangataisho-2011-057,mangataisho-2011,duplicate,candidate-6311314b8109a6669665,princess-jellyfish,mapping-14283350f010b2b0c491
mangataisho-2011-058,mangataisho-2011,duplicate,candidate-a7a1e0666169f1b2e8c0,work-a7a1e0666169f1b2e8c0,mapping-21aae1b69c585edac158
mangataisho-2011-059,mangataisho-2011,included,candidate-9eddcb2b8337e0a27537,work-9eddcb2b8337e0a27537,mapping-92977d6700abb877e802
mangataisho-2011-060,mangataisho-2011,unresolved,,,
mangataisho-2011-061,mangataisho-2011,included,candidate-65a0463696716c6f690c,work-65a0463696716c6f690c,mapping-961623870c517f7a705d
mangataisho-2011-062,mangataisho-2011,unresolved,,,
mangataisho-2011-063,mangataisho-2011,unresolved,,,
mangataisho-2011-064,mangataisho-2011,unresolved,,,
mangataisho-2011-065,mangataisho-2011,duplicate,candidate-b4284a6ef960f906d31e,work-b4284a6ef960f906d31e,mapping-43807821f5b0bf7dd0c1
mangataisho-2011-066,mangataisho-2011,included,candidate-fd190ce315fa4370c231,work-fd190ce315fa4370c231,mapping-86ab75fa9277c8a5fec0
mangataisho-2011-067,mangataisho-2011,included,candidate-3136f2b463675644310f,work-3136f2b463675644310f,mapping-4f292e701542cadcf50e
mangataisho-2011-068,mangataisho-2011,included,candidate-655809e0d43ec6109015,work-655809e0d43ec6109015,mapping-8c6dc346180312aec191
mangataisho-2011-069,mangataisho-2011,included,candidate-8fc60a797da33e2008de,work-8fc60a797da33e2008de,mapping-fa2c8e6e0b149a1e02c9
mangataisho-2011-070,mangataisho-2011,included,candidate-e7adc74b361fe17f18c2,work-e7adc74b361fe17f18c2,mapping-7e676937780b7deb9bc7
mangataisho-2011-071,mangataisho-2011,included,candidate-ad6f59e1673b2aecf05d,work-ad6f59e1673b2aecf05d,mapping-ec9806b3d69acc5f0054
mangataisho-2011-072,mangataisho-2011,unresolved,,,
mangataisho-2011-073,mangataisho-2011,duplicate,candidate-aa6d796e2e04a55b94b1,work-aa6d796e2e04a55b94b1,mapping-2a9e2bf147ef65a17059
mangataisho-2011-074,mangataisho-2011,unresolved,,,
mangataisho-2011-075,mangataisho-2011,unresolved,,,
mangataisho-2011-076,mangataisho-2011,included,candidate-ebb9ccbb6b21dff22f36,work-ebb9ccbb6b21dff22f36,mapping-edfa69465b18dfe1d163
mangataisho-2011-077,mangataisho-2011,included,candidate-e54b7f8315b3ef48677d,work-e54b7f8315b3ef48677d,mapping-b1fe3f51bb82b36f9bc1
mangataisho-2011-078,mangataisho-2011,duplicate,candidate-f1d22b68efa7fbd501ee,work-f1d22b68efa7fbd501ee,mapping-e226ac3f66fe33a9631a
mangataisho-2011-079,mangataisho-2011,included,candidate-e9460bc576bee1f982f5,work-e9460bc576bee1f982f5,mapping-3cb22520def4f94fb39d
mangataisho-2011-080,mangataisho-2011,unresolved,,,
mangataisho-2011-081,mangataisho-2011,duplicate,candidate-e6bc028ff1dede64e0b1,work-e6bc028ff1dede64e0b1,mapping-a2ace37b512a107c1d5d
mangataisho-2011-082,mangataisho-2011,unresolved,,,
mangataisho-2011-083,mangataisho-2011,included,candidate-5ad62e6413f67d351f1d,work-5ad62e6413f67d351f1d,mapping-290c55ed07b62332f061
mangataisho-2011-084,mangataisho-2011,included,candidate-c8aef6141e1d61baa960,work-c8aef6141e1d61baa960,mapping-8b5beed98d8beb5277ca
mangataisho-2011-085,mangataisho-2011,unresolved,,,
mangataisho-2011-086,mangataisho-2011,included,candidate-ea41ee65245a0dbdc4a8,work-ea41ee65245a0dbdc4a8,mapping-9ffd3a45180851269d1b
mangataisho-2011-087,mangataisho-2011,included,candidate-227d0d4cca68de57b124,work-227d0d4cca68de57b124,mapping-1ae6060e6e3b00c93921
mangataisho-2011-088,mangataisho-2011,duplicate,candidate-d0e53d83ca10cd995f28,work-d0e53d83ca10cd995f28,mapping-5f5b8c98f2b6ccacbab5
mangataisho-2011-089,mangataisho-2011,included,candidate-c5e8c957903bf1832dc5,work-c5e8c957903bf1832dc5,mapping-8490bc2ada1ba96483c5
mangataisho-2011-090,mangataisho-2011,unresolved,,,
mangataisho-2011-091,mangataisho-2011,unresolved,,,
mangataisho-2011-092,mangataisho-2011,duplicate,candidate-da98a01b4d345bd9c415,work-da98a01b4d345bd9c415,mapping-32f2415386f2ed66a33f
mangataisho-2011-093,mangataisho-2011,included,candidate-09c2784da3afe6ab62ce,work-09c2784da3afe6ab62ce,mapping-2d63948be5b4a2a6cd0c
mangataisho-2011-094,mangataisho-2011,duplicate,candidate-b6e5ab291c28e2a29076,work-b6e5ab291c28e2a29076,mapping-a6371ee70f98efcca5c8
mangataisho-2011-095,mangataisho-2011,unresolved,,,
mangataisho-2011-096,mangataisho-2011,unresolved,,,
mangataisho-2011-097,mangataisho-2011,included,candidate-d91387c34bf6bc97481f,work-d91387c34bf6bc97481f,mapping-17825b6dc2e1dd6ad017
mangataisho-2011-098,mangataisho-2011,included,candidate-9f2db6ebe083f66c893a,work-9f2db6ebe083f66c893a,mapping-d82d3487e8e130ccdb71
mangataisho-2011-099,mangataisho-2011,unresolved,,,
mangataisho-2011-100,mangataisho-2011,included,candidate-17515acc6e90eec79270,work-17515acc6e90eec79270,mapping-3ba8f918c2c0a75bd376
mangataisho-2011-101,mangataisho-2011,unresolved,,,
mangataisho-2011-102,mangataisho-2011,unresolved,,,
mangataisho-2011-103,mangataisho-2011,included,candidate-6051ddc30fbd59c21ed3,work-6051ddc30fbd59c21ed3,mapping-767eb9a6acc49bca94b4
mangataisho-2011-104,mangataisho-2011,duplicate,candidate-f5f0ee0b0ff16bc146e0,work-f5f0ee0b0ff16bc146e0,mapping-3ebc28d39c45aee88a0c
mangataisho-2011-105,mangataisho-2011,unresolved,,,
mangataisho-2011-106,mangataisho-2011,included,candidate-d75e23cbf7c6238975e1,work-d75e23cbf7c6238975e1,mapping-402767f83a5f0ade136e
mangataisho-2011-107,mangataisho-2011,included,candidate-1bdd89da60157e62d8ae,work-1bdd89da60157e62d8ae,mapping-7ee42fed186f58319df9
mangataisho-2011-108,mangataisho-2011,included,candidate-1fa5f2e567aa75de030a,work-1fa5f2e567aa75de030a,mapping-6d411210d0caf631ca3a
mangataisho-2011-109,mangataisho-2011,duplicate,candidate-fda8a407b9b08e667df1,work-fda8a407b9b08e667df1,mapping-4cec6c90810644bed513
mangataisho-2011-110,mangataisho-2011,included,candidate-5ac2e816cd96e6c5d795,work-5ac2e816cd96e6c5d795,mapping-6ee494f72869e541d56b
mangataisho-2011-111,mangataisho-2011,unresolved,,,
mangataisho-2011-112,mangataisho-2011,included,candidate-096425144a79c2716b3e,work-096425144a79c2716b3e,mapping-3c1bf11d594726ffaab0
mangataisho-2011-113,mangataisho-2011,unresolved,,,
mangataisho-2011-114,mangataisho-2011,included,candidate-7c9fcfd8776115f6154c,work-7c9fcfd8776115f6154c,mapping-82c2a59fb696b9aa1f1b
mangataisho-2011-115,mangataisho-2011,duplicate,candidate-a7413b6e35e0d316a538,work-a7413b6e35e0d316a538,mapping-d67c63f05a8e37613749
mangataisho-2011-116,mangataisho-2011,duplicate,candidate-39c1a2b6791238827ed5,work-39c1a2b6791238827ed5,mapping-7bf67f4bfa726db55f5a
mangataisho-2011-117,mangataisho-2011,included,candidate-75bb4a5e2f04f1291971,work-75bb4a5e2f04f1291971,mapping-950b8dc8cc6a662df59e
mangataisho-2011-118,mangataisho-2011,included,candidate-3a5840cbcd674ef84e3e,work-3a5840cbcd674ef84e3e,mapping-44f1f4580442626f5f4d
mangataisho-2011-119,mangataisho-2011,duplicate,candidate-b708734262fb9b67f948,work-b708734262fb9b67f948,mapping-52e5c273a4d750a35c32
mangataisho-2011-120,mangataisho-2011,duplicate,candidate-ada7dc2c1ce53daf775f,historie,mapping-085d2bb38bb51dce55b9
mangataisho-2011-121,mangataisho-2011,included,candidate-a63ff955e6bc8227e843,work-a63ff955e6bc8227e843,mapping-04f8fd8b171e227aaeeb
mangataisho-2011-122,mangataisho-2011,duplicate,candidate-982bb79e03193ebbafcd,work-982bb79e03193ebbafcd,mapping-58747b6bb3352f872d3c
mangataisho-2011-123,mangataisho-2011,included,candidate-12ced27e58dc3c8c1509,work-12ced27e58dc3c8c1509,mapping-a3efbd93c5bdf9285a14
mangataisho-2011-124,mangataisho-2011,included,candidate-15a7b190d6da8a26652a,work-15a7b190d6da8a26652a,mapping-1a59234fffa576427077
mangataisho-2011-125,mangataisho-2011,duplicate,candidate-bb654a8f2166bed49f9a,work-bb654a8f2166bed49f9a,mapping-8e9aa0ad1466ca36ecab
mangataisho-2011-126,mangataisho-2011,unresolved,,,
mangataisho-2011-127,mangataisho-2011,included,candidate-e5a246728eaa431e66aa,work-e5a246728eaa431e66aa,mapping-ec37bc9b68dbaf8ebb75
mangataisho-2011-128,mangataisho-2011,unresolved,,,
mangataisho-2011-129,mangataisho-2011,included,candidate-4e58f4d7e699b0785724,work-4e58f4d7e699b0785724,mapping-280a2d0bac527326a3c9
mangataisho-2011-130,mangataisho-2011,unresolved,,,
mangataisho-2011-131,mangataisho-2011,included,candidate-19c2017b33c07f48634e,work-19c2017b33c07f48634e,mapping-983680b891fc8a98eb7f
mangataisho-2011-132,mangataisho-2011,included,candidate-24de0c652b25b9f56125,work-24de0c652b25b9f56125,mapping-b7a7d63887d0e4bde13d
mangataisho-2011-133,mangataisho-2011,included,candidate-b7a1b40d29931c830f36,work-b7a1b40d29931c830f36,mapping-dae455d3505326ff3c13
mangataisho-2011-134,mangataisho-2011,duplicate,candidate-f9ca3386d3e12d4a5045,work-f9ca3386d3e12d4a5045,mapping-8e901313714353a8bb1e
mangataisho-2011-135,mangataisho-2011,duplicate,candidate-1550d4a52c3fe6d9f94c,work-1550d4a52c3fe6d9f94c,mapping-2714e58fb5323446f8c4
mangataisho-2011-136,mangataisho-2011,included,candidate-3733d571416e5d643905,work-3733d571416e5d643905,mapping-f5362655a4209766efa4
mangataisho-2011-137,mangataisho-2011,unresolved,,,
mangataisho-2011-138,mangataisho-2011,included,candidate-9cfdc50b51526aad52a4,work-9cfdc50b51526aad52a4,mapping-318e751c03857bd396e6
mangataisho-2011-139,mangataisho-2011,included,candidate-70dbc5b693fc3fccbb6b,work-70dbc5b693fc3fccbb6b,mapping-f76995ed201929b8a3a8
mangataisho-2011-140,mangataisho-2011,included,candidate-99feb5a88e39c429b8c2,work-99feb5a88e39c429b8c2,mapping-25f2da3561a4ca187b08
mangataisho-2011-141,mangataisho-2011,unresolved,,,
mangataisho-2011-142,mangataisho-2011,included,candidate-567d2c0eeaaaa26dfe60,work-567d2c0eeaaaa26dfe60,mapping-06e45e81a66ba1fdae52
mangataisho-2011-143,mangataisho-2011,included,candidate-af747063a237abf9dfc6,work-af747063a237abf9dfc6,mapping-c0ee5b94ae9a093088c2
mangataisho-2011-144,mangataisho-2011,included,candidate-723a9fd1a730426c54a2,work-723a9fd1a730426c54a2,mapping-e5aef54f1e38773e1490
mangataisho-2011-145,mangataisho-2011,included,candidate-24d8a688476d333c7300,all-rounder-meguru,mapping-6576bdae90724e4ceeaa
mangataisho-2011-146,mangataisho-2011,unresolved,,,
mangataisho-2011-147,mangataisho-2011,included,candidate-0cf5c4d5df5b040deeba,work-0cf5c4d5df5b040deeba,mapping-c95877fba8ae7b037d11
mangataisho-2011-148,mangataisho-2011,unresolved,,,
mangataisho-2011-149,mangataisho-2011,duplicate,candidate-cdef8cfd678998a51447,work-cdef8cfd678998a51447,mapping-ac9101d6c5bccaaad573
mangataisho-2011-150,mangataisho-2011,included,candidate-12bb1c06ffe94f18421c,work-12bb1c06ffe94f18421c,mapping-794fead88927b61a10d6
mangataisho-2011-151,mangataisho-2011,included,candidate-8fcc50271f37e026bc3f,work-8fcc50271f37e026bc3f,mapping-a8b830bc164783312c36
mangataisho-2011-152,mangataisho-2011,unresolved,,,
mangataisho-2011-153,mangataisho-2011,included,candidate-9bad151827d73f15815a,work-9bad151827d73f15815a,mapping-8adacb556f2d03690589
mangataisho-2011-154,mangataisho-2011,included,candidate-9f3cb76fbf3b626f101a,work-9f3cb76fbf3b626f101a,mapping-02d262f96e4cfc76b7e6
mangataisho-2011-155,mangataisho-2011,included,candidate-c688b00ba5b432f77bf8,work-c688b00ba5b432f77bf8,mapping-5101312effdc94d40d37
mangataisho-2011-156,mangataisho-2011,unresolved,,,
mangataisho-2011-157,mangataisho-2011,included,candidate-752c8a8fb14b16459c3d,work-752c8a8fb14b16459c3d,mapping-b739e59dba35a8b67c09
mangataisho-2011-158,mangataisho-2011,included,candidate-188ba092c6195603bb3f,work-188ba092c6195603bb3f,mapping-e806a5e06c0a0f0a4f0d
mangataisho-2011-159,mangataisho-2011,unresolved,,,
mangataisho-2011-160,mangataisho-2011,included,candidate-06f744cc857f52984b2d,work-06f744cc857f52984b2d,mapping-5eae39579dfcad127212
mangataisho-2011-161,mangataisho-2011,included,candidate-7f4aa427ab301afccc53,work-7f4aa427ab301afccc53,mapping-7245bef217831eff24f0
mangataisho-2011-162,mangataisho-2011,included,candidate-7b197bf350436d626b4b,work-7b197bf350436d626b4b,mapping-786c1d760299bed2ae1f
mangataisho-2011-163,mangataisho-2011,included,candidate-dc075e48dceaa2d69f2f,work-dc075e48dceaa2d69f2f,mapping-016c94c58ae76946e4ef
mangataisho-2011-164,mangataisho-2011,unresolved,,,
mangataisho-2011-165,mangataisho-2011,included,candidate-cb207e7c8d5d028e4e7e,knights-of-sidonia,mapping-80050abeb538307a6611
mangataisho-2011-166,mangataisho-2011,included,candidate-866779a026c8fd05f656,work-866779a026c8fd05f656,mapping-92743a04d943ab74676c
mangataisho-2011-167,mangataisho-2011,unresolved,,,
mangataisho-2011-168,mangataisho-2011,included,candidate-5e8f5ad0820e97153fd9,work-5e8f5ad0820e97153fd9,mapping-c75afa8e9fb6eff52891
mangataisho-2011-169,mangataisho-2011,included,candidate-9e12ab5a319cfbf36307,work-9e12ab5a319cfbf36307,mapping-fecae9f297c6b7a425dc
mangataisho-2011-170,mangataisho-2011,included,candidate-6d01004d74b7b51a058d,work-6d01004d74b7b51a058d,mapping-08a4c9eb705abf7c7864
mangataisho-2011-171,mangataisho-2011,included,candidate-1111080969feddae8a64,work-1111080969feddae8a64,mapping-11dfcacf4c4c19fff826
mangataisho-2011-172,mangataisho-2011,duplicate,candidate-9072892a767332254f00,work-9072892a767332254f00,mapping-cbd1539ff6a373ec8230
mangataisho-2011-173,mangataisho-2011,included,candidate-bf1cc824209498660888,work-bf1cc824209498660888,mapping-20fefc4f05357029629d
mangataisho-2011-174,mangataisho-2011,unresolved,,,
mangataisho-2011-175,mangataisho-2011,included,candidate-5de9dc2933f8395ad898,work-5de9dc2933f8395ad898,mapping-e5bb0204269f839680db
mangataisho-2011-176,mangataisho-2011,included,candidate-cc4b609492878251813a,work-cc4b609492878251813a,mapping-7b0f9f241b328e5bb37d
mangataisho-2011-177,mangataisho-2011,included,candidate-672862529a341488245b,work-672862529a341488245b,mapping-3ea8803fc82c2ca41679
mangataisho-2011-178,mangataisho-2011,included,candidate-1a4f3079592a2bf3e9ab,work-1a4f3079592a2bf3e9ab,mapping-2d4a81c1bd24bdab90f9
mangataisho-2011-179,mangataisho-2011,unresolved,,,
mangataisho-2011-180,mangataisho-2011,included,candidate-2582309550646b0b4f82,work-2582309550646b0b4f82,mapping-e64ca005f4b7ac352175
mangataisho-2011-181,mangataisho-2011,unresolved,,,
mangataisho-2011-182,mangataisho-2011,unresolved,,,
mangataisho-2011-183,mangataisho-2011,unresolved,,,
mangataisho-2011-184,mangataisho-2011,unresolved,,,
mangataisho-2011-185,mangataisho-2011,duplicate,candidate-6c274b0b6893d8ad8ef7,work-6c274b0b6893d8ad8ef7,mapping-72a775d5fdb25dc0d93e
mangataisho-2011-186,mangataisho-2011,included,candidate-84886f5e93fc9ecfc512,work-84886f5e93fc9ecfc512,mapping-6f2378d087b989574b1b
mangataisho-2011-187,mangataisho-2011,duplicate,candidate-24bb011dccc8c1dd20ce,work-24bb011dccc8c1dd20ce,mapping-7e3890915cc601c35d89
mangataisho-2011-188,mangataisho-2011,included,candidate-bbac2743f6c44efda949,work-bbac2743f6c44efda949,mapping-9e2d27fc015ad5ac15b8
mangataisho-2011-189,mangataisho-2011,included,candidate-8ff141505b0a27f8d630,work-8ff141505b0a27f8d630,mapping-b19e402aab9c85d6bfdd
mangataisho-2011-190,mangataisho-2011,unresolved,,,
mangataisho-2011-191,mangataisho-2011,unresolved,,,
mangataisho-2011-192,mangataisho-2011,included,candidate-de73c9ac1ab85512a559,work-de73c9ac1ab85512a559,mapping-e30ae1fe932fdf297c8d
mangataisho-2011-193,mangataisho-2011,included,candidate-974a42056e7a969be948,work-974a42056e7a969be948,mapping-f49720ae3b78633b0e03
mangataisho-2011-194,mangataisho-2011,included,candidate-60f1c8ea2e940287be9d,work-60f1c8ea2e940287be9d,mapping-0eca9c2d0248fb0d47a3
mangataisho-2011-195,mangataisho-2011,unresolved,,,
mangataisho-2011-196,mangataisho-2011,unresolved,,,
mangataisho-2011-197,mangataisho-2011,unresolved,,,
mangataisho-2011-198,mangataisho-2011,unresolved,,,
mangataisho-2011-199,mangataisho-2011,unresolved,,,
mangataisho-2011-200,mangataisho-2011,unresolved,,,
mangataisho-2011-201,mangataisho-2011,unresolved,,,
mangataisho-2011-202,mangataisho-2011,unresolved,,,
mangataisho-2011-203,mangataisho-2011,unresolved,,,
mangataisho-2011-204,mangataisho-2011,unresolved,,,
mangataisho-2011-205,mangataisho-2011,unresolved,,,
mangataisho-2011-206,mangataisho-2011,unresolved,,,
mangataisho-2011-207,mangataisho-2011,unresolved,,,
mangataisho-2011-208,mangataisho-2011,unresolved,,,
mangataisho-2011-209,mangataisho-2011,unresolved,,,
mangataisho-2011-210,mangataisho-2011,unresolved,,,
mangataisho-2012-001,mangataisho-2012,included,candidate-61f2b70ee9f8217b3604,work-61f2b70ee9f8217b3604,mapping-b7858d421038045664ea
mangataisho-2012-002,mangataisho-2012,duplicate,candidate-048a39f42bd18cb0823e,work-048a39f42bd18cb0823e,mapping-5acc4e353d67125c3d10
mangataisho-2012-003,mangataisho-2012,duplicate,candidate-838a6f0ad2d1ef487588,work-838a6f0ad2d1ef487588,mapping-6e01911a83828dec67fd
mangataisho-2012-004,mangataisho-2012,included,candidate-621170c75f41c495f8c0,showa-genroku-rakugo-shinju,mapping-8b7062dee5efbe4142b6
mangataisho-2012-005,mangataisho-2012,unresolved,,,
mangataisho-2012-006,mangataisho-2012,duplicate,candidate-171b262b7ad72871f795,work-171b262b7ad72871f795,mapping-f914b5aaf6fe6595808b
mangataisho-2012-007,mangataisho-2012,unresolved,,,
mangataisho-2012-008,mangataisho-2012,duplicate,candidate-f391e591282e435a3c1d,work-f391e591282e435a3c1d,mapping-d374b0d85f919f50c2fb
mangataisho-2012-009,mangataisho-2012,included,candidate-29d4300ad9d3358fb67a,work-29d4300ad9d3358fb67a,mapping-00cab12d30cfe96b1901
mangataisho-2012-010,mangataisho-2012,duplicate,candidate-550854424fc9cc94d585,work-550854424fc9cc94d585,mapping-9a4c6d2059b1a8047bd4
mangataisho-2012-011,mangataisho-2012,duplicate,candidate-c5e8c957903bf1832dc5,work-c5e8c957903bf1832dc5,mapping-9279785401352569c5db
mangataisho-2012-012,mangataisho-2012,unresolved,,,
mangataisho-2012-013,mangataisho-2012,included,candidate-49f89814d519971761f9,your-lie-in-april,mapping-d62f6a385b9c5f4ea3fe
mangataisho-2012-014,mangataisho-2012,included,candidate-a25bac53b4757f13f21a,work-a25bac53b4757f13f21a,mapping-6dda43c018b18ffa676c
mangataisho-2012-015,mangataisho-2012,included,candidate-df29832c2155775e0e7c,work-df29832c2155775e0e7c,mapping-c8e7e12010547a2f3aed
mangataisho-2012-016,mangataisho-2012,included,candidate-7afe8d2121f4b37e2bee,work-7afe8d2121f4b37e2bee,mapping-d85a45d9be8de436a881
mangataisho-2012-017,mangataisho-2012,included,candidate-019b6c97e23e7cd48e92,work-019b6c97e23e7cd48e92,mapping-95bd4d02ec62fef819e5
mangataisho-2012-018,mangataisho-2012,unresolved,,,
mangataisho-2012-019,mangataisho-2012,included,candidate-bd42208a660912d9d95d,work-bd42208a660912d9d95d,mapping-ae4ba1a4fc5aaeb92e60
mangataisho-2012-020,mangataisho-2012,included,candidate-fbc2ca1b58e5ac9be00a,work-fbc2ca1b58e5ac9be00a,mapping-29a222a506acbbd9443a
mangataisho-2012-021,mangataisho-2012,duplicate,candidate-238c04ae3a3a61451078,work-238c04ae3a3a61451078,mapping-206b53d30e0d6fd4eeef
mangataisho-2012-022,mangataisho-2012,included,candidate-fed2192d8e8359ba3ed4,work-fed2192d8e8359ba3ed4,mapping-eccdaf12a949e41c0467
mangataisho-2012-023,mangataisho-2012,duplicate,candidate-319e39a597d16251efc9,work-319e39a597d16251efc9,mapping-a9c3833f15084003b1c3
mangataisho-2012-024,mangataisho-2012,included,candidate-d3d9940725172ca3edce,work-d3d9940725172ca3edce,mapping-497322fa73c557f7d0c9
mangataisho-2012-025,mangataisho-2012,included,candidate-6492acae38103c762359,work-6492acae38103c762359,mapping-432f189e69f641f4ac83
mangataisho-2012-026,mangataisho-2012,included,candidate-7b6eb2b48ac06ffa26eb,work-7b6eb2b48ac06ffa26eb,mapping-2298f2fbf24871da6ae4
mangataisho-2012-027,mangataisho-2012,included,candidate-8529fc4bf4898210cb2b,work-8529fc4bf4898210cb2b,mapping-3e2445cb949b345d3cee
mangataisho-2012-028,mangataisho-2012,included,candidate-d291f3c96fa7be8e3b35,work-d291f3c96fa7be8e3b35,mapping-8e75bd571a1615132ce0
mangataisho-2012-029,mangataisho-2012,unresolved,,,
mangataisho-2012-030,mangataisho-2012,included,candidate-b0393a3f0573bf223d68,work-b0393a3f0573bf223d68,mapping-41bc70237af4034d2cf3
mangataisho-2012-031,mangataisho-2012,included,candidate-46388f0ed8f7a3b54289,work-46388f0ed8f7a3b54289,mapping-e86a91858faea1a6e4a6
mangataisho-2012-032,mangataisho-2012,unresolved,,,
mangataisho-2012-033,mangataisho-2012,unresolved,,,
mangataisho-2012-034,mangataisho-2012,unresolved,,,
mangataisho-2012-035,mangataisho-2012,included,candidate-215b6936b93e452bb61e,work-215b6936b93e452bb61e,mapping-4e8380147093c463db25
mangataisho-2012-036,mangataisho-2012,included,candidate-02821fe0321a4a15a9e3,work-02821fe0321a4a15a9e3,mapping-fa11a81791eac50856f8
mangataisho-2012-037,mangataisho-2012,included,candidate-f6e3d44392f62cce9b80,work-f6e3d44392f62cce9b80,mapping-64f69b1bce3abd3dfb15
mangataisho-2012-038,mangataisho-2012,included,candidate-b5a9398b10375ab5e34a,work-b5a9398b10375ab5e34a,mapping-0907e41745d63f90b2a2
mangataisho-2012-039,mangataisho-2012,included,candidate-cc2d5952736da056de67,work-cc2d5952736da056de67,mapping-f05646398495a0fc73c6
mangataisho-2012-040,mangataisho-2012,duplicate,candidate-3823ff0766f67c015c53,work-3823ff0766f67c015c53,mapping-d5c83b4a19f9b0de0b5d
mangataisho-2012-041,mangataisho-2012,unresolved,,,
mangataisho-2012-042,mangataisho-2012,included,candidate-9e98119539f60465ce66,work-9e98119539f60465ce66,mapping-67054d4be1cea1730890
mangataisho-2012-043,mangataisho-2012,included,candidate-367954fd612f8bf56d06,work-367954fd612f8bf56d06,mapping-99c8954280c9f256053e
mangataisho-2012-044,mangataisho-2012,included,candidate-595e4f93113111f5416a,work-595e4f93113111f5416a,mapping-b555f066c446486daca7
mangataisho-2012-045,mangataisho-2012,included,candidate-d268f50a5223d98d65ac,work-d268f50a5223d98d65ac,mapping-a5513cc986d7328ac321
mangataisho-2012-046,mangataisho-2012,duplicate,candidate-f1d22b68efa7fbd501ee,work-f1d22b68efa7fbd501ee,mapping-1b6120fbba4aa378af5a
mangataisho-2012-047,mangataisho-2012,unresolved,,,
mangataisho-2012-048,mangataisho-2012,included,candidate-1924e6c313fe8817ad37,work-1924e6c313fe8817ad37,mapping-d301cf19b4eddb9d13cd
mangataisho-2012-049,mangataisho-2012,unresolved,,,
mangataisho-2012-050,mangataisho-2012,included,candidate-2a73da617f89ddbe502d,work-2a73da617f89ddbe502d,mapping-e28701e660e03ddd179a
mangataisho-2012-051,mangataisho-2012,duplicate,candidate-19c2017b33c07f48634e,work-19c2017b33c07f48634e,mapping-5df2e6a2126fc62d58d4
mangataisho-2012-052,mangataisho-2012,included,candidate-ee80fc6c6aa7d1271ace,work-ee80fc6c6aa7d1271ace,mapping-6a7b550e92ca9de94792
mangataisho-2012-053,mangataisho-2012,unresolved,,,
mangataisho-2012-054,mangataisho-2012,unresolved,,,
mangataisho-2012-055,mangataisho-2012,included,candidate-1e508cb5384fdea51776,work-1e508cb5384fdea51776,mapping-bc3c21e4ba8b705bb844
mangataisho-2012-056,mangataisho-2012,unresolved,,,
mangataisho-2012-057,mangataisho-2012,duplicate,candidate-ada7dc2c1ce53daf775f,historie,mapping-1296f46e36e5a831b47f
mangataisho-2012-058,mangataisho-2012,included,candidate-132ce7172750a3b1fa53,work-132ce7172750a3b1fa53,mapping-554d9d7a520db61c12a5
mangataisho-2012-059,mangataisho-2012,included,candidate-6740092206a6dfce7ebb,work-6740092206a6dfce7ebb,mapping-6e1b356e90842243d382
mangataisho-2012-060,mangataisho-2012,included,candidate-510920fd67d322029cad,work-510920fd67d322029cad,mapping-d7b6a683cef7ae262f91
mangataisho-2012-061,mangataisho-2012,unresolved,,,
mangataisho-2012-062,mangataisho-2012,included,candidate-daf29296d526d675c31d,work-daf29296d526d675c31d,mapping-35864763ca19787e115d
mangataisho-2012-063,mangataisho-2012,unresolved,,,
mangataisho-2012-064,mangataisho-2012,included,candidate-32a296894fa823b70e71,noragami-stray-god,mapping-445811aa24278a99342c
mangataisho-2012-065,mangataisho-2012,unresolved,,,
mangataisho-2012-066,mangataisho-2012,unresolved,,,
mangataisho-2012-067,mangataisho-2012,included,candidate-ab9331f7fed1990f7dc6,work-ab9331f7fed1990f7dc6,mapping-d7519a9007d34ecf9d2b
mangataisho-2012-068,mangataisho-2012,unresolved,,,
mangataisho-2012-069,mangataisho-2012,duplicate,candidate-b708734262fb9b67f948,work-b708734262fb9b67f948,mapping-b4d5c611b292084a022e
mangataisho-2012-070,mangataisho-2012,included,candidate-df0d01575efd72712b2d,work-df0d01575efd72712b2d,mapping-12891f7602211e8cf027
mangataisho-2012-071,mangataisho-2012,unresolved,,,
mangataisho-2012-072,mangataisho-2012,duplicate,candidate-3a5840cbcd674ef84e3e,work-3a5840cbcd674ef84e3e,mapping-e5b4ffe132db6ba19a8a
mangataisho-2012-073,mangataisho-2012,unresolved,,,
mangataisho-2012-074,mangataisho-2012,duplicate,candidate-75bb4a5e2f04f1291971,work-75bb4a5e2f04f1291971,mapping-13b3c2b99f28044e3579
mangataisho-2012-075,mangataisho-2012,included,candidate-84617ede2e93418cd161,work-84617ede2e93418cd161,mapping-3b1249e442b07f854272
mangataisho-2012-076,mangataisho-2012,included,candidate-6deaf9311f0e9bb0c077,work-6deaf9311f0e9bb0c077,mapping-13a90c5bbd82546b1043
mangataisho-2012-077,mangataisho-2012,duplicate,candidate-39c1a2b6791238827ed5,work-39c1a2b6791238827ed5,mapping-f203146960f4c2192f8e
mangataisho-2012-078,mangataisho-2012,duplicate,candidate-a7413b6e35e0d316a538,work-a7413b6e35e0d316a538,mapping-90eaea5b70fc74993ccf
mangataisho-2012-079,mangataisho-2012,unresolved,,,
mangataisho-2012-080,mangataisho-2012,included,candidate-7d4917f6ae6ac8be16c0,work-7d4917f6ae6ac8be16c0,mapping-78ab0d273b96cf4755da
mangataisho-2012-081,mangataisho-2012,unresolved,,,
mangataisho-2012-082,mangataisho-2012,unresolved,,,
mangataisho-2012-083,mangataisho-2012,included,candidate-918269f1052ba75e3add,work-918269f1052ba75e3add,mapping-5bb819512ca2ca6be8d4
mangataisho-2012-084,mangataisho-2012,included,candidate-5c6791284752dea2d661,work-5c6791284752dea2d661,mapping-cbcabb6ff692c2afbbba
mangataisho-2012-085,mangataisho-2012,included,candidate-14fcdce57f7824813075,work-14fcdce57f7824813075,mapping-bbd239d30e192522bab6
mangataisho-2012-086,mangataisho-2012,included,candidate-b6650814d94e1cfd8df0,work-b6650814d94e1cfd8df0,mapping-31be04b3ff9908aa6775
mangataisho-2012-087,mangataisho-2012,included,candidate-f72d1201aed72c0ad05e,work-f72d1201aed72c0ad05e,mapping-f94788782f1d1a0c8850
mangataisho-2012-088,mangataisho-2012,included,candidate-f15ae7745759a254a587,work-f15ae7745759a254a587,mapping-c932908623bf9f7c3385
mangataisho-2012-089,mangataisho-2012,included,candidate-6c6341781c12b590864f,work-6c6341781c12b590864f,mapping-3ee324745d94a08a69e9
mangataisho-2012-090,mangataisho-2012,included,candidate-cfe65b2baf6eb1c27b42,work-cfe65b2baf6eb1c27b42,mapping-10014722f83d63b32037
mangataisho-2012-091,mangataisho-2012,duplicate,candidate-c8aef6141e1d61baa960,work-c8aef6141e1d61baa960,mapping-7bf04fe4930b68b75974
mangataisho-2012-092,mangataisho-2012,included,candidate-612b36fefaba0783ebc9,work-612b36fefaba0783ebc9,mapping-7b756a8b4bdda4c95c37
mangataisho-2012-093,mangataisho-2012,included,candidate-9c61ec68f9fc25c13b3e,work-9c61ec68f9fc25c13b3e,mapping-fcf3c46db3430608652d
mangataisho-2012-094,mangataisho-2012,unresolved,,,
mangataisho-2012-095,mangataisho-2012,included,candidate-bab766aa49cd922c0b11,work-bab766aa49cd922c0b11,mapping-080a7ef754a3dc91daff
mangataisho-2012-096,mangataisho-2012,included,candidate-62fb5d8e9f6c6bbbeba9,work-62fb5d8e9f6c6bbbeba9,mapping-cba9d2166a48334553a6
mangataisho-2012-097,mangataisho-2012,duplicate,candidate-7b197bf350436d626b4b,work-7b197bf350436d626b4b,mapping-60f2253cc3edbee0a9e3
mangataisho-2012-098,mangataisho-2012,included,candidate-6f7d6db34f5c70f3d2a7,work-6f7d6db34f5c70f3d2a7,mapping-dec98c51ff5642ce18c1
mangataisho-2012-099,mangataisho-2012,duplicate,candidate-ea41ee65245a0dbdc4a8,work-ea41ee65245a0dbdc4a8,mapping-b86bb72ea68dd545fb53
mangataisho-2012-100,mangataisho-2012,included,candidate-a24e0d721bd03f8dfc41,work-a24e0d721bd03f8dfc41,mapping-c79e7bbf49dccb78351e
mangataisho-2012-101,mangataisho-2012,included,candidate-e1447f60f1b4ee41a3a4,work-e1447f60f1b4ee41a3a4,mapping-477ff1372551e53a850a
mangataisho-2012-102,mangataisho-2012,included,candidate-bc3adc5541bc8e96c5fd,work-bc3adc5541bc8e96c5fd,mapping-4011127409af5e70741c
mangataisho-2012-103,mangataisho-2012,included,candidate-5e604312a028cd1cd45c,work-5e604312a028cd1cd45c,mapping-f2fd857b422679727666
mangataisho-2012-104,mangataisho-2012,included,candidate-b34f17cb8b7a2c8347ae,work-b34f17cb8b7a2c8347ae,mapping-7ce78869f4c2bc8a4de8
mangataisho-2012-105,mangataisho-2012,included,candidate-33d51b4d87937d96d74e,work-33d51b4d87937d96d74e,mapping-8bb360444d08a25c26c6
mangataisho-2012-106,mangataisho-2012,unresolved,,,
mangataisho-2012-107,mangataisho-2012,unresolved,,,
mangataisho-2012-108,mangataisho-2012,duplicate,candidate-7d259c925286a9f91310,work-7d259c925286a9f91310,mapping-66c2a1db24b414281f6c
mangataisho-2012-109,mangataisho-2012,duplicate,candidate-3080de07cac432363d5b,work-3080de07cac432363d5b,mapping-d7772f5a15fc35e26558
mangataisho-2012-110,mangataisho-2012,unresolved,,,
mangataisho-2012-111,mangataisho-2012,included,candidate-89f5e17e2f8148359e4a,work-89f5e17e2f8148359e4a,mapping-66a08d24236ee16c69c5
mangataisho-2012-112,mangataisho-2012,unresolved,,,
mangataisho-2012-113,mangataisho-2012,unresolved,,,
mangataisho-2012-114,mangataisho-2012,unresolved,,,
mangataisho-2012-115,mangataisho-2012,included,candidate-5408c1ad813b876ee13f,attack-on-titan,mapping-d1838615021c325c2409
mangataisho-2012-116,mangataisho-2012,included,candidate-6684d9f6258dfad423c9,work-6684d9f6258dfad423c9,mapping-8e7a9f067a5ed94650ce
mangataisho-2012-117,mangataisho-2012,included,candidate-bb9ee891b6fcd3ddf2db,work-bb9ee891b6fcd3ddf2db,mapping-c0429b2c02ed90c91b99
mangataisho-2012-118,mangataisho-2012,included,candidate-77008e04537e3fd889e2,work-77008e04537e3fd889e2,mapping-5b966222ac28dc8b7101
mangataisho-2012-119,mangataisho-2012,included,candidate-9c99d5d65e8e6a4a8465,work-9c99d5d65e8e6a4a8465,mapping-3f49cbdb235c789e5f0e
mangataisho-2012-120,mangataisho-2012,included,candidate-9441c3675bf66b066cbb,work-9441c3675bf66b066cbb,mapping-2f573e05e688033904d5
mangataisho-2012-121,mangataisho-2012,included,candidate-d3306b3514f52c61afff,work-d3306b3514f52c61afff,mapping-b3f80eccb4f3bc004d78
mangataisho-2012-122,mangataisho-2012,included,candidate-d768ebe57013e12e6e6e,work-d768ebe57013e12e6e6e,mapping-5de68ac01b83f2671835
mangataisho-2012-123,mangataisho-2012,unresolved,,,
mangataisho-2012-124,mangataisho-2012,included,candidate-4ab9720731a7bf98632e,work-4ab9720731a7bf98632e,mapping-90b37617e04050f7405c
mangataisho-2012-125,mangataisho-2012,duplicate,candidate-fe35a5f01946f5153eb4,work-fe35a5f01946f5153eb4,mapping-7ffed8d0850af449c58f
mangataisho-2012-126,mangataisho-2012,included,candidate-5eb4b8f96b08d6d91e3e,work-5eb4b8f96b08d6d91e3e,mapping-26f8f267d6697ab253da
mangataisho-2012-127,mangataisho-2012,unresolved,,,
mangataisho-2012-128,mangataisho-2012,duplicate,candidate-a7e0062c7153978fc6fe,work-a7e0062c7153978fc6fe,mapping-12903e55db7a23557acd
mangataisho-2012-129,mangataisho-2012,included,candidate-970bcce27f74166b6758,work-970bcce27f74166b6758,mapping-5febbbc584ddf88d2fda
mangataisho-2012-130,mangataisho-2012,included,candidate-88e75622b83b794c03ac,work-88e75622b83b794c03ac,mapping-c035f62a0d7e81e74400
mangataisho-2012-131,mangataisho-2012,unresolved,,,
mangataisho-2012-132,mangataisho-2012,included,candidate-8733067e6afcaeadbd8d,work-8733067e6afcaeadbd8d,mapping-7a3cb49cd7c904f5ae79
mangataisho-2012-133,mangataisho-2012,included,candidate-c7d52715d5210ef9abc6,work-c7d52715d5210ef9abc6,mapping-bc00acc9352caeb1caa6
mangataisho-2012-134,mangataisho-2012,included,candidate-1a3c3749e3db82bec0a4,work-1a3c3749e3db82bec0a4,mapping-1c2f68c1f45609b04682
mangataisho-2012-135,mangataisho-2012,duplicate,candidate-3e7b404d33100c796578,work-3e7b404d33100c796578,mapping-3e6f5e54d8a59beff10b
mangataisho-2012-136,mangataisho-2012,included,candidate-14b8108ece1a01311da8,work-14b8108ece1a01311da8,mapping-e46186f60dd265c078bf
mangataisho-2012-137,mangataisho-2012,included,candidate-17dd9b35c9688784b5ba,work-17dd9b35c9688784b5ba,mapping-06a1e3b257814f27f08d
mangataisho-2012-138,mangataisho-2012,included,candidate-3de7c6b6b60da1aaf20a,work-3de7c6b6b60da1aaf20a,mapping-8a1efdc1925dfca0b3dc
mangataisho-2012-139,mangataisho-2012,unresolved,,,
mangataisho-2012-140,mangataisho-2012,included,candidate-2ae7ce31d011e7b3a810,work-2ae7ce31d011e7b3a810,mapping-e3a69598245f0d0e29cb
mangataisho-2012-141,mangataisho-2012,included,candidate-3ffe7b3ef96c694fe9d6,work-3ffe7b3ef96c694fe9d6,mapping-daceee46a242d5ff4608
mangataisho-2012-142,mangataisho-2012,included,candidate-84b7c7d7720447075c25,work-84b7c7d7720447075c25,mapping-991e32a5fee0d0ba30ed
mangataisho-2012-143,mangataisho-2012,unresolved,,,
mangataisho-2012-144,mangataisho-2012,included,candidate-69cbf6ddfccd6845e063,work-69cbf6ddfccd6845e063,mapping-85a084e525d37259e49a
mangataisho-2012-145,mangataisho-2012,included,candidate-3a4997017286df8424e0,work-3a4997017286df8424e0,mapping-cb8bef90f0566e5fadab
mangataisho-2012-146,mangataisho-2012,duplicate,candidate-567d2c0eeaaaa26dfe60,work-567d2c0eeaaaa26dfe60,mapping-d0b847cedb86523cd531
mangataisho-2012-147,mangataisho-2012,included,candidate-0bd2d3b52ffff3a7ded4,work-0bd2d3b52ffff3a7ded4,mapping-9c9bc30f4153d6284656
mangataisho-2012-148,mangataisho-2012,included,candidate-e7f930a01c7c9fa5d9e9,work-e7f930a01c7c9fa5d9e9,mapping-4d1640cf08dcc95866c2
mangataisho-2012-149,mangataisho-2012,included,candidate-1d5a3158e78e639f1973,work-1d5a3158e78e639f1973,mapping-a7a153f866838ec84406
mangataisho-2012-150,mangataisho-2012,duplicate,candidate-d185fc02c4d16dffb0c3,work-d185fc02c4d16dffb0c3,mapping-9f466b2c65a3d76876af
mangataisho-2012-151,mangataisho-2012,included,candidate-497efdbff53f145b429b,work-497efdbff53f145b429b,mapping-f3590d716dc3a4bc0d8e
mangataisho-2012-152,mangataisho-2012,duplicate,candidate-aa6018249b7fe7e92d95,work-aa6018249b7fe7e92d95,mapping-1c8414b7620f4623155f
mangataisho-2012-153,mangataisho-2012,included,candidate-a80cf875bfcd0d31e579,work-a80cf875bfcd0d31e579,mapping-d10060b1e139e540c5f2
mangataisho-2012-154,mangataisho-2012,included,candidate-ff54aae19d03bc065747,work-ff54aae19d03bc065747,mapping-c4ba62d869b7ca02443d
mangataisho-2012-155,mangataisho-2012,duplicate,candidate-cd774412c9f29141af14,work-cd774412c9f29141af14,mapping-71b11101bbca8e1ae5e7
mangataisho-2012-156,mangataisho-2012,included,candidate-b403d2f9699b4f8dd110,work-b403d2f9699b4f8dd110,mapping-172ea845c8a36ff5e23a
mangataisho-2012-157,mangataisho-2012,duplicate,candidate-81fe28fdeda5f8e5ab35,a-brides-story,mapping-fca3c3cb2c10b848c917
mangataisho-2012-158,mangataisho-2012,duplicate,candidate-24d8a688476d333c7300,all-rounder-meguru,mapping-e4f48a1872591c3502c2
mangataisho-2012-159,mangataisho-2012,included,candidate-ca3996e94bd30fa71078,work-ca3996e94bd30fa71078,mapping-9e01dfb4107dd672ddb8
mangataisho-2012-160,mangataisho-2012,unresolved,,,
mangataisho-2012-161,mangataisho-2012,duplicate,candidate-464322afcd10013437b9,work-464322afcd10013437b9,mapping-b730c65a91929f8939f0
mangataisho-2012-162,mangataisho-2012,unresolved,,,
mangataisho-2012-163,mangataisho-2012,included,candidate-6bbe7e275d0c00809904,work-6bbe7e275d0c00809904,mapping-6115e8ba7f08daf0df1f
mangataisho-2012-164,mangataisho-2012,unresolved,,,
mangataisho-2012-165,mangataisho-2012,included,candidate-011efc564d47a7ec9cab,work-011efc564d47a7ec9cab,mapping-b67f3314fb30ab4effa1
mangataisho-2012-166,mangataisho-2012,included,candidate-49be48c972a16985bd57,witchcraft-works,mapping-e89f97812b5ed3ffe9a2
mangataisho-2012-167,mangataisho-2012,unresolved,,,
mangataisho-2012-168,mangataisho-2012,included,candidate-163100a10134c48d2473,work-163100a10134c48d2473,mapping-5a6642573561ad85d1da
mangataisho-2012-169,mangataisho-2012,included,candidate-0461079c050fca066c4f,work-0461079c050fca066c4f,mapping-1a89e8ca9d49152a246d
mangataisho-2012-170,mangataisho-2012,unresolved,,,
mangataisho-2012-171,mangataisho-2012,unresolved,,,
mangataisho-2012-172,mangataisho-2012,unresolved,,,
mangataisho-2012-173,mangataisho-2012,included,candidate-f314b1776534e2f35462,work-f314b1776534e2f35462,mapping-8e982f7b15ba623ae4ab
mangataisho-2012-174,mangataisho-2012,included,candidate-d735187a8421d0d33399,work-d735187a8421d0d33399,mapping-1de97cc9767d6d05aa76
mangataisho-2012-175,mangataisho-2012,included,candidate-5e20323e014d6d390aaf,work-5e20323e014d6d390aaf,mapping-314b4ab08856717f20c9
mangataisho-2012-176,mangataisho-2012,unresolved,,,
mangataisho-2012-177,mangataisho-2012,included,candidate-1998a3621df8e8cb4b95,work-1998a3621df8e8cb4b95,mapping-b7678eb0beb9bf893400
mangataisho-2012-178,mangataisho-2012,duplicate,candidate-1cdc6c5cca7c33fafe51,work-1cdc6c5cca7c33fafe51,mapping-450085f6097c3fa801ed
mangataisho-2012-179,mangataisho-2012,duplicate,candidate-7a4e7ba45413e1b8af34,work-7a4e7ba45413e1b8af34,mapping-eee4469133d1fa4eebf1
mangataisho-2012-180,mangataisho-2012,included,candidate-6fa158bf21c1a2e92b09,work-6fa158bf21c1a2e92b09,mapping-69d695c21ff2081879b4
mangataisho-2012-181,mangataisho-2012,included,candidate-fc53cb5669aa4099ee4a,work-fc53cb5669aa4099ee4a,mapping-33f0dc4bb9c27079e9fe
mangataisho-2012-182,mangataisho-2012,duplicate,candidate-fd2a957c501c36047ed0,work-fd2a957c501c36047ed0,mapping-a0de4a1d58132e3310c9
mangataisho-2012-183,mangataisho-2012,duplicate,candidate-b2be97620643b3342637,work-b2be97620643b3342637,mapping-d202b37b5e622217fca4
mangataisho-2012-184,mangataisho-2012,included,candidate-34be6790e38e455a3f49,work-34be6790e38e455a3f49,mapping-13153678b6377001cd04
mangataisho-2012-185,mangataisho-2012,duplicate,candidate-8ff141505b0a27f8d630,work-8ff141505b0a27f8d630,mapping-e0fae95d1e931253c1f3
mangataisho-2012-186,mangataisho-2012,included,candidate-a111c5b5eb985dbc9c50,work-a111c5b5eb985dbc9c50,mapping-2f7ac3d85ee22cf366a5
mangataisho-2012-187,mangataisho-2012,unresolved,,,
mangataisho-2012-188,mangataisho-2012,included,candidate-7ca6955ae7fb52cbaaae,work-7ca6955ae7fb52cbaaae,mapping-c83009e00a5c8e8e0b55
mangataisho-2012-189,mangataisho-2012,unresolved,,,
mangataisho-2012-190,mangataisho-2012,unresolved,,,
mangataisho-2012-191,mangataisho-2012,included,candidate-a988c9cf85bf7ea7a957,work-a988c9cf85bf7ea7a957,mapping-87b15ea8aedae50f5760
mangataisho-2012-192,mangataisho-2012,included,candidate-86e698f79e20d9caa95a,work-86e698f79e20d9caa95a,mapping-3d1ee50fafacaa5951a0
mangataisho-2012-193,mangataisho-2012,included,candidate-4ff04bf87231d4574769,work-4ff04bf87231d4574769,mapping-8be92f0bd04c70c45414
mangataisho-2012-194,mangataisho-2012,unresolved,,,
mangataisho-2012-195,mangataisho-2012,duplicate,candidate-9072892a767332254f00,work-9072892a767332254f00,mapping-e079ecd3978361c6280a
mangataisho-2012-196,mangataisho-2012,included,candidate-a3f82c226e2ef72b9805,work-a3f82c226e2ef72b9805,mapping-0e02dcd5e211486323fb
mangataisho-2012-197,mangataisho-2012,duplicate,candidate-672862529a341488245b,work-672862529a341488245b,mapping-2f7e949b7d892a9860a2
mangataisho-2012-198,mangataisho-2012,unresolved,,,
mangataisho-2012-199,mangataisho-2012,unresolved,,,
mangataisho-2012-200,mangataisho-2012,unresolved,,,
mangataisho-2012-201,mangataisho-2012,unresolved,,,
mangataisho-2012-202,mangataisho-2012,included,candidate-fb89f119251610cf1648,work-fb89f119251610cf1648,mapping-d9ef93e6aea753eed013
mangataisho-2013-001,mangataisho-2013,duplicate,candidate-a7a1e0666169f1b2e8c0,work-a7a1e0666169f1b2e8c0,mapping-6bb87ce279da74d331e8
mangataisho-2013-002,mangataisho-2013,duplicate,candidate-81fe28fdeda5f8e5ab35,a-brides-story,mapping-0adbbb679084b7deef39
mangataisho-2013-003,mangataisho-2013,included,candidate-ffc5b05df16409addd48,welcome-to-the-ballroom,mapping-42854b6588d448e524c6
mangataisho-2013-004,mangataisho-2013,included,candidate-8a7846af8ead1797e6a2,work-8a7846af8ead1797e6a2,mapping-a34885d18177e40f2b59
mangataisho-2013-005,mangataisho-2013,unresolved,,,
mangataisho-2013-006,mangataisho-2013,included,candidate-29806fe5f9633b940747,work-29806fe5f9633b940747,mapping-e4ba4c221c83bd358aed
mangataisho-2013-007,mangataisho-2013,included,candidate-02410e1ffbf31c2cffc0,work-02410e1ffbf31c2cffc0,mapping-6b89fd193e2d4ce6a01e
mangataisho-2013-008,mangataisho-2013,unresolved,,,
mangataisho-2013-009,mangataisho-2013,unresolved,,,
mangataisho-2013-010,mangataisho-2013,duplicate,candidate-88e75622b83b794c03ac,work-88e75622b83b794c03ac,mapping-6d880d900e5c84587311
mangataisho-2013-011,mangataisho-2013,included,candidate-fb33d4d688782332c203,work-fb33d4d688782332c203,mapping-b29372b4966ca9b86a55
mangataisho-2013-012,mangataisho-2013,included,candidate-8c11eaa8b5cd763930d5,work-8c11eaa8b5cd763930d5,mapping-7703dac9b0220871bf34
mangataisho-2013-013,mangataisho-2013,included,candidate-859d4aeed35dd1da425c,work-859d4aeed35dd1da425c,mapping-90e1d2f86c6d9523decb
mangataisho-2013-014,mangataisho-2013,duplicate,candidate-3823ff0766f67c015c53,work-3823ff0766f67c015c53,mapping-e3f502dc3dd584aa8064
mangataisho-2013-015,mangataisho-2013,included,candidate-6cc5a5a8e78e48e6146b,work-6cc5a5a8e78e48e6146b,mapping-66d2346ac93f631bb299
mangataisho-2013-016,mangataisho-2013,included,candidate-19c3e776eecdbd1e2d8f,work-19c3e776eecdbd1e2d8f,mapping-9d0b368f8cc5be10e2fa
mangataisho-2013-017,mangataisho-2013,duplicate,candidate-550854424fc9cc94d585,work-550854424fc9cc94d585,mapping-37edbafa678ee83d937e
mangataisho-2013-018,mangataisho-2013,duplicate,candidate-655809e0d43ec6109015,work-655809e0d43ec6109015,mapping-dce72c1cea9ca4f06308
mangataisho-2013-019,mangataisho-2013,duplicate,candidate-d6da5a4e9ff3bb07783e,work-d6da5a4e9ff3bb07783e,mapping-89ec0ff9c75d19c65b00
mangataisho-2013-020,mangataisho-2013,included,candidate-87d3340aeaccad5f69a6,work-87d3340aeaccad5f69a6,mapping-326994a83020aa8ccb43
mangataisho-2013-021,mangataisho-2013,duplicate,candidate-bd42208a660912d9d95d,work-bd42208a660912d9d95d,mapping-9b32fb4041cf71748632
mangataisho-2013-022,mangataisho-2013,unresolved,,,
mangataisho-2013-023,mangataisho-2013,included,candidate-3a590adf9cfe0d725db3,work-3a590adf9cfe0d725db3,mapping-481f4a143aea6ea1c7c8
mangataisho-2013-024,mangataisho-2013,included,candidate-80a2f62ce5073ade2ec2,work-80a2f62ce5073ade2ec2,mapping-37ee2006a4e009592b7e
mangataisho-2013-025,mangataisho-2013,unresolved,,,
mangataisho-2013-026,mangataisho-2013,unresolved,,,
mangataisho-2013-027,mangataisho-2013,included,candidate-ee018730dbae5692a351,work-ee018730dbae5692a351,mapping-49ef3036c0b1c8072986
mangataisho-2013-028,mangataisho-2013,duplicate,candidate-171b262b7ad72871f795,work-171b262b7ad72871f795,mapping-8b0c0c367321ba5c2c8e
mangataisho-2013-029,mangataisho-2013,included,candidate-749da01d790325d81198,work-749da01d790325d81198,mapping-1384a830ce9062ba79b2
mangataisho-2013-030,mangataisho-2013,unresolved,,,
mangataisho-2013-031,mangataisho-2013,included,candidate-fd6e70a72344e8a3ef3b,work-fd6e70a72344e8a3ef3b,mapping-62700d1a8b0e866625e8
mangataisho-2013-032,mangataisho-2013,included,candidate-051ce38c242e92ec83d8,work-051ce38c242e92ec83d8,mapping-00917cc3189f907e0cc0
mangataisho-2013-033,mangataisho-2013,included,candidate-159ec8fd998859ffac85,work-159ec8fd998859ffac85,mapping-003da581a51d438b57a4
mangataisho-2013-034,mangataisho-2013,unresolved,,,
mangataisho-2013-035,mangataisho-2013,unresolved,,,
mangataisho-2013-036,mangataisho-2013,duplicate,candidate-8529fc4bf4898210cb2b,work-8529fc4bf4898210cb2b,mapping-bd507d1651fef046f2be
mangataisho-2013-037,mangataisho-2013,duplicate,candidate-319e39a597d16251efc9,work-319e39a597d16251efc9,mapping-d8b3bb027ca9ddcd1082
mangataisho-2013-038,mangataisho-2013,included,candidate-a4ca6e21e97927928e1a,work-a4ca6e21e97927928e1a,mapping-cdcdeae979d340adfd68
mangataisho-2013-039,mangataisho-2013,included,candidate-f5e145476399c2145323,work-f5e145476399c2145323,mapping-35829728f65b83d3da2d
mangataisho-2013-040,mangataisho-2013,unresolved,,,
mangataisho-2013-041,mangataisho-2013,included,candidate-db2d11a7fb2b7cf2841f,work-db2d11a7fb2b7cf2841f,mapping-302d86975ea157490315
mangataisho-2013-042,mangataisho-2013,included,candidate-78d44d381562e37dd94a,work-78d44d381562e37dd94a,mapping-f36f37675f4385a37878
mangataisho-2013-043,mangataisho-2013,included,candidate-4e8f5e4496b2118413e6,work-4e8f5e4496b2118413e6,mapping-b0a5eab3710a99d32e93
mangataisho-2013-044,mangataisho-2013,unresolved,,,
mangataisho-2013-045,mangataisho-2013,included,candidate-23fd39ffc819ea11b8a7,work-23fd39ffc819ea11b8a7,mapping-85800b2e8ec4623c88bd
mangataisho-2013-046,mangataisho-2013,included,candidate-2f1caacde7e8573146ef,work-2f1caacde7e8573146ef,mapping-1d794ee8735464d2041a
mangataisho-2013-047,mangataisho-2013,included,candidate-07b11ec79f10c7eb7e05,work-07b11ec79f10c7eb7e05,mapping-e7bcd15f5b81ec75f7d4
mangataisho-2013-048,mangataisho-2013,included,candidate-8ec916b978d347c360bd,work-8ec916b978d347c360bd,mapping-53d924543151056cdeec
mangataisho-2013-049,mangataisho-2013,included,candidate-2c4fe00df5255fc082f9,work-2c4fe00df5255fc082f9,mapping-ebdf076642fc378fcfbe
mangataisho-2013-050,mangataisho-2013,unresolved,,,
mangataisho-2013-051,mangataisho-2013,included,candidate-d0f8540d071099c25b8e,work-d0f8540d071099c25b8e,mapping-9fb77e64dee5cab3b682
mangataisho-2013-052,mangataisho-2013,included,candidate-42c7dd9e36b53939869a,work-42c7dd9e36b53939869a,mapping-57d182c09f2cd70653d1
mangataisho-2013-053,mangataisho-2013,included,candidate-43ebf010a490cfd4bb50,work-43ebf010a490cfd4bb50,mapping-6934340ecba311706d41
mangataisho-2013-054,mangataisho-2013,included,candidate-a0ef16551acd379eb984,work-a0ef16551acd379eb984,mapping-5dad78956dfd8bcf58fd
mangataisho-2013-055,mangataisho-2013,included,candidate-ab95f4d4997113e0687a,work-ab95f4d4997113e0687a,mapping-1d437e415d92e26f95f9
mangataisho-2013-056,mangataisho-2013,unresolved,,,
mangataisho-2013-057,mangataisho-2013,included,candidate-9de2b62d9ed781881670,work-9de2b62d9ed781881670,mapping-952e065e91a87f222f41
mangataisho-2013-058,mangataisho-2013,duplicate,candidate-b403d2f9699b4f8dd110,work-b403d2f9699b4f8dd110,mapping-27969d672d0e3cbd6f74
mangataisho-2013-059,mangataisho-2013,included,candidate-4c90a79f23cc8849ca9b,work-4c90a79f23cc8849ca9b,mapping-a3b087ef40bb9357a519
mangataisho-2013-060,mangataisho-2013,duplicate,candidate-19c2017b33c07f48634e,work-19c2017b33c07f48634e,mapping-da188d70750faa955eb0
mangataisho-2013-061,mangataisho-2013,included,candidate-1a084f8d1e59ba8ed260,work-1a084f8d1e59ba8ed260,mapping-7ad89c29478e4b478bd0
mangataisho-2013-062,mangataisho-2013,included,candidate-64cd212285dac5214c5f,work-64cd212285dac5214c5f,mapping-62eb18a855292cc69e6c
mangataisho-2013-063,mangataisho-2013,duplicate,candidate-84b7c7d7720447075c25,work-84b7c7d7720447075c25,mapping-d9d94f9029c95af5219b
mangataisho-2013-064,mangataisho-2013,included,candidate-b878ac041b9c56fdedee,work-b878ac041b9c56fdedee,mapping-e51a9bd5b4a46a0294e5
mangataisho-2013-065,mangataisho-2013,included,candidate-0b8f0f3bfc30d6da8ad0,work-0b8f0f3bfc30d6da8ad0,mapping-ce7c5ddb58b6b8741756
mangataisho-2013-066,mangataisho-2013,unresolved,,,
mangataisho-2013-067,mangataisho-2013,duplicate,candidate-fb89f119251610cf1648,work-fb89f119251610cf1648,mapping-254b7610c7b2123385ad
mangataisho-2013-068,mangataisho-2013,unresolved,,,
mangataisho-2013-069,mangataisho-2013,unresolved,,,
mangataisho-2013-070,mangataisho-2013,duplicate,candidate-1d5a3158e78e639f1973,work-1d5a3158e78e639f1973,mapping-9eea60c15988f73c5cfa
mangataisho-2013-071,mangataisho-2013,unresolved,,,
mangataisho-2013-072,mangataisho-2013,included,candidate-31b62d69a0227477db04,work-31b62d69a0227477db04,mapping-a1e7a591400d3d1dca93
mangataisho-2013-073,mangataisho-2013,included,candidate-a5ea58e7f117809f190c,work-a5ea58e7f117809f190c,mapping-f64a0c4131f065e1eacb
mangataisho-2013-074,mangataisho-2013,unresolved,,,
mangataisho-2013-075,mangataisho-2013,included,candidate-ce5919ff30d9ef01e3e1,work-ce5919ff30d9ef01e3e1,mapping-758d89b84aa771fec86a
mangataisho-2013-076,mangataisho-2013,included,candidate-88a18383d225bfbb8d3c,work-88a18383d225bfbb8d3c,mapping-f07971c1e72aed2aa959
mangataisho-2013-077,mangataisho-2013,included,candidate-0d10ae56716a82f0ae4e,work-0d10ae56716a82f0ae4e,mapping-a2ad89a23a60e9b2c920
mangataisho-2013-078,mangataisho-2013,duplicate,candidate-d768ebe57013e12e6e6e,work-d768ebe57013e12e6e6e,mapping-9145317d97f27461bd17
mangataisho-2013-079,mangataisho-2013,included,candidate-1894215d024b500e5392,work-1894215d024b500e5392,mapping-24952394df6a8ce632a3
mangataisho-2013-080,mangataisho-2013,unresolved,,,
mangataisho-2013-081,mangataisho-2013,unresolved,,,
mangataisho-2013-082,mangataisho-2013,unresolved,,,
mangataisho-2013-083,mangataisho-2013,duplicate,candidate-838a6f0ad2d1ef487588,work-838a6f0ad2d1ef487588,mapping-7174fe9dd268d11a70eb
mangataisho-2013-084,mangataisho-2013,duplicate,candidate-83510afea8d961aec880,work-83510afea8d961aec880,mapping-521d2cd5b37a3209440b
mangataisho-2013-085,mangataisho-2013,duplicate,candidate-9072892a767332254f00,work-9072892a767332254f00,mapping-fdac9df1bbd95ba843e3
mangataisho-2013-086,mangataisho-2013,duplicate,candidate-d735187a8421d0d33399,work-d735187a8421d0d33399,mapping-43285732c3f3c40acc45
mangataisho-2013-087,mangataisho-2013,included,candidate-595cf1b66258257c1daa,work-595cf1b66258257c1daa,mapping-8013cf8826b4ee72dbf9
mangataisho-2013-088,mangataisho-2013,duplicate,candidate-1ec3d48e64b228bb8a92,work-1ec3d48e64b228bb8a92,mapping-a6c3e153cc1b931d38a3
mangataisho-2013-089,mangataisho-2013,unresolved,,,
mangataisho-2013-090,mangataisho-2013,included,candidate-d61e626249f63ad3c7b9,work-d61e626249f63ad3c7b9,mapping-3ac9c9eb8b24f8d9d52a
mangataisho-2013-091,mangataisho-2013,included,candidate-8ff791cd14bf2b7e9495,work-8ff791cd14bf2b7e9495,mapping-2dfb91d4fe04f1877c42
mangataisho-2013-092,mangataisho-2013,duplicate,candidate-f72d1201aed72c0ad05e,work-f72d1201aed72c0ad05e,mapping-172eef4da0873d2c195f
mangataisho-2013-093,mangataisho-2013,included,candidate-929225f622a17899935c,work-929225f622a17899935c,mapping-e1ca7bd816a0636b2a20
mangataisho-2013-094,mangataisho-2013,duplicate,candidate-49be48c972a16985bd57,witchcraft-works,mapping-990b0a3eccc3dea5d37f
mangataisho-2013-095,mangataisho-2013,included,candidate-be54044322b24ee62dba,work-be54044322b24ee62dba,mapping-fbb944d2ab9e1958f9ee
mangataisho-2013-096,mangataisho-2013,included,candidate-a8a810cf55a64514d666,work-a8a810cf55a64514d666,mapping-dd5ea48cb68e99fd1963
mangataisho-2013-097,mangataisho-2013,included,candidate-abec8267e69f1b6e819e,work-abec8267e69f1b6e819e,mapping-6daf4c624d08c4a4d120
mangataisho-2013-098,mangataisho-2013,duplicate,candidate-ab9331f7fed1990f7dc6,work-ab9331f7fed1990f7dc6,mapping-2414419793ee4154136c
mangataisho-2013-099,mangataisho-2013,duplicate,candidate-a7e0062c7153978fc6fe,work-a7e0062c7153978fc6fe,mapping-a9d1ab3ba77f499900e9
mangataisho-2013-100,mangataisho-2013,duplicate,candidate-e658d3aee2e33c17aa38,work-e658d3aee2e33c17aa38,mapping-6d8fe1f41e1b204b23d1
mangataisho-2013-101,mangataisho-2013,unresolved,,,
mangataisho-2013-102,mangataisho-2013,unresolved,,,
mangataisho-2013-103,mangataisho-2013,duplicate,candidate-4b4e6afc71e786d97bac,work-4b4e6afc71e786d97bac,mapping-b8fe52a32c13af1bd1a1
mangataisho-2013-104,mangataisho-2013,included,candidate-8cc0a12e77a2c168029c,work-8cc0a12e77a2c168029c,mapping-75dbca2920e1fc0ca47a
mangataisho-2013-105,mangataisho-2013,included,candidate-41c8f07c2ed444461a1b,work-41c8f07c2ed444461a1b,mapping-bad38ba59ccbdbd67e24
mangataisho-2013-106,mangataisho-2013,included,candidate-32f3406fd7c8f2043c70,work-32f3406fd7c8f2043c70,mapping-67c352dfca39033387a6
mangataisho-2013-107,mangataisho-2013,duplicate,candidate-49f89814d519971761f9,your-lie-in-april,mapping-77f4da0a996c59dca74e
mangataisho-2013-108,mangataisho-2013,unresolved,,,
mangataisho-2013-109,mangataisho-2013,included,candidate-23077ad33a2066bef5a6,work-23077ad33a2066bef5a6,mapping-0f77ad10b4e18af51127
mangataisho-2013-110,mangataisho-2013,duplicate,candidate-d3306b3514f52c61afff,work-d3306b3514f52c61afff,mapping-f20bf6106813d4fa51d1
mangataisho-2013-111,mangataisho-2013,included,candidate-3ac01b0c3cd659f655bb,work-3ac01b0c3cd659f655bb,mapping-8bdfea49e54afb87aaf4
mangataisho-2013-112,mangataisho-2013,included,candidate-2356050c72240569e1c5,work-2356050c72240569e1c5,mapping-a341a73b6349c3758b94
mangataisho-2013-113,mangataisho-2013,duplicate,candidate-cc2d5952736da056de67,work-cc2d5952736da056de67,mapping-b505c8adbbc845f898e3
mangataisho-2013-114,mangataisho-2013,unresolved,,,
mangataisho-2013-115,mangataisho-2013,unresolved,,,
mangataisho-2013-116,mangataisho-2013,included,candidate-1b3afe12c434a9cf7603,work-1b3afe12c434a9cf7603,mapping-3f3610bb83147a599fc2
mangataisho-2013-117,mangataisho-2013,included,candidate-f31e6caa07e2253b3443,work-f31e6caa07e2253b3443,mapping-dcc2c1057b2e0d4b8e8b
mangataisho-2013-118,mangataisho-2013,included,candidate-a3ed52406fbf51370b41,work-a3ed52406fbf51370b41,mapping-0f9ce53d569e4644c96c
mangataisho-2013-119,mangataisho-2013,included,candidate-95e2ec757f3c1f3743d5,work-95e2ec757f3c1f3743d5,mapping-9e106a1f38ba25d22307
mangataisho-2013-120,mangataisho-2013,included,candidate-bb8ed9d87c9da1591e4c,work-bb8ed9d87c9da1591e4c,mapping-b133f1c0b1bb5d9a2385
mangataisho-2013-121,mangataisho-2013,included,candidate-5a197c8c67ae395c17be,work-5a197c8c67ae395c17be,mapping-3a75c4f84462a4f82752
mangataisho-2013-122,mangataisho-2013,included,candidate-fca82c83835eeacce10c,work-fca82c83835eeacce10c,mapping-578aeabfd242766394f5
mangataisho-2013-123,mangataisho-2013,duplicate,candidate-4b4bbe8c10859c46e726,work-4b4bbe8c10859c46e726,mapping-86a0eea2bc57e700f17f
mangataisho-2013-124,mangataisho-2013,duplicate,candidate-7b6eb2b48ac06ffa26eb,work-7b6eb2b48ac06ffa26eb,mapping-75620d5098005dc2bf41
mangataisho-2013-125,mangataisho-2013,included,candidate-0eff8190c0c6ff604527,work-0eff8190c0c6ff604527,mapping-79c0355668219024c61a
mangataisho-2013-126,mangataisho-2013,unresolved,,,
mangataisho-2013-127,mangataisho-2013,included,candidate-0c0301626306f5624d27,work-0c0301626306f5624d27,mapping-a79c2f161d79ad512876
mangataisho-2013-128,mangataisho-2013,included,candidate-053e1e86adbd269cc07a,work-053e1e86adbd269cc07a,mapping-69309a87fc6728703a9c
mangataisho-2013-129,mangataisho-2013,duplicate,candidate-2f799932ece28aa8c553,work-2f799932ece28aa8c553,mapping-9d9bbde5b897b631094c
mangataisho-2013-130,mangataisho-2013,included,candidate-d17ed75dcf05f7d96507,work-d17ed75dcf05f7d96507,mapping-5adbed6ed0a498fc53e4
mangataisho-2013-131,mangataisho-2013,duplicate,candidate-fc53cb5669aa4099ee4a,work-fc53cb5669aa4099ee4a,mapping-99ad7a342da0acd63b30
mangataisho-2013-132,mangataisho-2013,included,candidate-7fd53aa3074613979204,work-7fd53aa3074613979204,mapping-35badea68dc6ff96e589
mangataisho-2013-133,mangataisho-2013,included,candidate-e040638cf171d85d3f57,work-e040638cf171d85d3f57,mapping-4070473ef457f7aa3408
mangataisho-2013-134,mangataisho-2013,included,candidate-534e2816c5c98956ffe4,work-534e2816c5c98956ffe4,mapping-79353b4be11aaa75fc12
mangataisho-2013-135,mangataisho-2013,duplicate,candidate-6c6341781c12b590864f,work-6c6341781c12b590864f,mapping-76175ac745643e877167
mangataisho-2013-136,mangataisho-2013,duplicate,candidate-40b8c35b1d8c9a90144c,work-40b8c35b1d8c9a90144c,mapping-823f494de002eb866a20
mangataisho-2013-137,mangataisho-2013,unresolved,,,
mangataisho-2013-138,mangataisho-2013,unresolved,,,
mangataisho-2013-139,mangataisho-2013,unresolved,,,
mangataisho-2013-140,mangataisho-2013,unresolved,,,
mangataisho-2013-141,mangataisho-2013,included,candidate-79c18b26dfde8a532f73,work-79c18b26dfde8a532f73,mapping-d64c750213fb3dccaf91
mangataisho-2013-142,mangataisho-2013,included,candidate-fd5df88c9820bb00bb1f,work-fd5df88c9820bb00bb1f,mapping-6ab8e403d9ccbe35f0d8
mangataisho-2013-143,mangataisho-2013,included,candidate-e4c4435d459ab5ae1aa4,work-e4c4435d459ab5ae1aa4,mapping-ca8382a9a43b3d188688
mangataisho-2013-144,mangataisho-2013,duplicate,candidate-77008e04537e3fd889e2,work-77008e04537e3fd889e2,mapping-2f429e1ec3ddc99a0134
mangataisho-2013-145,mangataisho-2013,duplicate,candidate-a8349445836546a82934,work-a8349445836546a82934,mapping-fb41ca6a2aad2bfa1432
mangataisho-2013-146,mangataisho-2013,duplicate,candidate-a25bac53b4757f13f21a,work-a25bac53b4757f13f21a,mapping-402acad4757685e2a405
mangataisho-2013-147,mangataisho-2013,included,candidate-ac3ab83f61ea39ac15da,work-ac3ab83f61ea39ac15da,mapping-372fff6f6edb971dc0f2
mangataisho-2013-148,mangataisho-2013,unresolved,,,
mangataisho-2013-149,mangataisho-2013,included,candidate-7c5bcbd3edfb1772b18c,work-7c5bcbd3edfb1772b18c,mapping-6f3c275c1ebe0fae62b6
mangataisho-2013-150,mangataisho-2013,duplicate,candidate-c805c5b70111f75d6fb5,work-c805c5b70111f75d6fb5,mapping-0bb1618ad1b14b78812c
mangataisho-2013-151,mangataisho-2013,included,candidate-22265a6ee16f051d542e,work-22265a6ee16f051d542e,mapping-5fb4e76bcbf3b399c2d5
mangataisho-2013-152,mangataisho-2013,included,candidate-15f3aa6d47edb5852ea6,haikyu,mapping-f6c14d96a5fcfea3e1a1
mangataisho-2013-153,mangataisho-2013,unresolved,,,
mangataisho-2013-154,mangataisho-2013,unresolved,,,
mangataisho-2013-155,mangataisho-2013,unresolved,,,
mangataisho-2013-156,mangataisho-2013,included,candidate-aa1653001088732a33e0,work-aa1653001088732a33e0,mapping-5a68a74293293ea6a696
mangataisho-2013-157,mangataisho-2013,included,candidate-0f50eef4773267a0c1fa,work-0f50eef4773267a0c1fa,mapping-8290af6ff51aca33d7bd
mangataisho-2013-158,mangataisho-2013,included,candidate-9a0dc26c6ae8f8e675c4,work-9a0dc26c6ae8f8e675c4,mapping-cf7e672aaa631b9f9498
mangataisho-2013-159,mangataisho-2013,unresolved,,,
mangataisho-2013-160,mangataisho-2013,unresolved,,,
mangataisho-2013-161,mangataisho-2013,included,candidate-5d1d25fba80d0044182d,work-5d1d25fba80d0044182d,mapping-5e0172d5024b064dc42c
mangataisho-2013-162,mangataisho-2013,included,candidate-945f047caf044b612828,work-945f047caf044b612828,mapping-e19bb94a7c9ed1367a15
mangataisho-2013-163,mangataisho-2013,included,candidate-c50ea94bb66f72c679a2,work-c50ea94bb66f72c679a2,mapping-d4c56718ca3912f72668
mangataisho-2013-164,mangataisho-2013,included,candidate-761965451844ecb440fb,work-761965451844ecb440fb,mapping-c24d916755b46cd43b55
mangataisho-2013-165,mangataisho-2013,included,candidate-db9f621c30b6732888a7,work-db9f621c30b6732888a7,mapping-54144a7f229ec08c20a0
mangataisho-2013-166,mangataisho-2013,included,candidate-954b6f2a132cd6cdf07b,work-954b6f2a132cd6cdf07b,mapping-28d6fe3e905cda6d574d
mangataisho-2013-167,mangataisho-2013,included,candidate-a0fdd0c31f6b45d32172,work-a0fdd0c31f6b45d32172,mapping-bc45bd93c4188438671f
mangataisho-2013-168,mangataisho-2013,included,candidate-1d65bce561a9770057a6,work-1d65bce561a9770057a6,mapping-d61f9866ab602627f471
mangataisho-2013-169,mangataisho-2013,included,candidate-95880a6b2ca8a072e5b5,work-95880a6b2ca8a072e5b5,mapping-77eacbe86719b7c36a3c
mangataisho-2013-170,mangataisho-2013,duplicate,candidate-ada7dc2c1ce53daf775f,historie,mapping-3d7a7463773522beb9f8
mangataisho-2013-171,mangataisho-2013,included,candidate-9791d80d12670e9b87c5,work-9791d80d12670e9b87c5,mapping-e139dd2489411476c428
mangataisho-2013-172,mangataisho-2013,included,candidate-8be993fce62c22fa3702,work-8be993fce62c22fa3702,mapping-a3f66933adf5c098d2b1
mangataisho-2013-173,mangataisho-2013,unresolved,,,
mangataisho-2013-174,mangataisho-2013,included,candidate-355a6d64ff8f5b8cf438,work-355a6d64ff8f5b8cf438,mapping-10bcc507322fc3f1948a
mangataisho-2013-175,mangataisho-2013,unresolved,,,
mangataisho-2013-176,mangataisho-2013,duplicate,candidate-b708734262fb9b67f948,work-b708734262fb9b67f948,mapping-d47ee5ee2ce952c83397
mangataisho-2013-177,mangataisho-2013,included,candidate-bc8093205bdb1ae22eb2,work-bc8093205bdb1ae22eb2,mapping-8fc30c7defb4e55fc4db
mangataisho-2013-178,mangataisho-2013,unresolved,,,
mangataisho-2013-179,mangataisho-2013,duplicate,candidate-c5e8c957903bf1832dc5,work-c5e8c957903bf1832dc5,mapping-07f5b141f6b8cdf19217
mangataisho-2013-180,mangataisho-2013,duplicate,candidate-621170c75f41c495f8c0,showa-genroku-rakugo-shinju,mapping-5bf4d70e0766bfe247e3
mangataisho-2013-181,mangataisho-2013,included,candidate-6680ea8aa4ec87ba2364,work-6680ea8aa4ec87ba2364,mapping-38d85cc03c8e62957585
mangataisho-2013-182,mangataisho-2013,unresolved,,,
mangataisho-2013-183,mangataisho-2013,duplicate,candidate-fe35a5f01946f5153eb4,work-fe35a5f01946f5153eb4,mapping-8f486a874fd3e0ce79c7
mangataisho-2013-184,mangataisho-2013,included,candidate-93e9b2f4a6553f46930e,work-93e9b2f4a6553f46930e,mapping-378f4623f624748790f4
mangataisho-2013-185,mangataisho-2013,duplicate,candidate-1cdc6c5cca7c33fafe51,work-1cdc6c5cca7c33fafe51,mapping-9a0c8533abb0f7ef2252
mangataisho-2013-186,mangataisho-2013,duplicate,candidate-62fb5d8e9f6c6bbbeba9,work-62fb5d8e9f6c6bbbeba9,mapping-86f423f883a558657402
mangataisho-2013-187,mangataisho-2013,included,candidate-450870a60f915390316f,work-450870a60f915390316f,mapping-9e3199035fd137f73392
mangataisho-2013-188,mangataisho-2013,unresolved,,,
mangataisho-2013-189,mangataisho-2013,included,candidate-3419e3c5c5983389c6cf,work-3419e3c5c5983389c6cf,mapping-6bd99d2a6a5b6d2d0d41
mangataisho-2013-190,mangataisho-2013,duplicate,candidate-7f926a9557b6ae9f264b,what-did-you-eat-yesterday,mapping-9068edddb4a626eab63a
mangataisho-2013-191,mangataisho-2013,duplicate,candidate-5ad62e6413f67d351f1d,work-5ad62e6413f67d351f1d,mapping-ceeee161c510628fbba2
mangataisho-2013-192,mangataisho-2013,included,candidate-6e3e033ba6c1bdffe565,work-6e3e033ba6c1bdffe565,mapping-e5c9f803c2204d1e89ed
mangataisho-2013-193,mangataisho-2013,duplicate,candidate-672862529a341488245b,work-672862529a341488245b,mapping-fc29dda0da99b7c434c9
mangataisho-2013-194,mangataisho-2013,unresolved,,,
mangataisho-2013-195,mangataisho-2013,unresolved,,,
mangataisho-2013-196,mangataisho-2013,unresolved,,,
mangataisho-2013-197,mangataisho-2013,included,candidate-4e0e476ec9dcb9cf818c,lovely-muco,mapping-82c639c37ae85bc86b4c
mangataisho-2013-198,mangataisho-2013,unresolved,,,
mangataisho-2013-199,mangataisho-2013,included,candidate-98637340992f2f50107d,work-98637340992f2f50107d,mapping-8c59a739b032f889b9ac
mangataisho-2013-200,mangataisho-2013,included,candidate-42a19ee92cd5b07758d5,work-42a19ee92cd5b07758d5,mapping-3e9a1b7a0f121cccde59
mangataisho-2013-201,mangataisho-2013,included,candidate-b36492e3489351868c3a,work-b36492e3489351868c3a,mapping-f4c151d745c0e5c2032b
mangataisho-2013-202,mangataisho-2013,included,candidate-2aa625102f57ef93a165,work-2aa625102f57ef93a165,mapping-4d95c391cd1dfc9361e1
mangataisho-2013-203,mangataisho-2013,included,candidate-c0e989c7b8bb7447840b,work-c0e989c7b8bb7447840b,mapping-6b3f77714b1e490d13cf
mangataisho-2013-204,mangataisho-2013,unresolved,,,
mangataisho-2013-205,mangataisho-2013,unresolved,,,
mangataisho-2013-206,mangataisho-2013,included,candidate-fb80625ae19a58485d35,work-fb80625ae19a58485d35,mapping-11a287f45ea9efd4b1f3
mangataisho-2013-207,mangataisho-2013,unresolved,,,
mangataisho-2013-208,mangataisho-2013,included,candidate-3dcc27ff0937f7d2b9b0,work-3dcc27ff0937f7d2b9b0,mapping-ae0696d71d008d85ae1b
mangataisho-2013-209,mangataisho-2013,included,candidate-898846fd9f5d77e49ed7,work-898846fd9f5d77e49ed7,mapping-9c3d629ed903ba40e307
mangataisho-2013-210,mangataisho-2013,included,candidate-dfd10b4274f7ad62c6df,work-dfd10b4274f7ad62c6df,mapping-7a57acdb8a37f9b9daae
mangataisho-2013-211,mangataisho-2013,included,candidate-d3d93ac98ea6965963a0,work-d3d93ac98ea6965963a0,mapping-179d6e8b2518c61aca74
mangataisho-2013-212,mangataisho-2013,unresolved,,,
mangataisho-2013-213,mangataisho-2013,included,candidate-af98ab87f1e846c26e1a,work-af98ab87f1e846c26e1a,mapping-19791f8043e0c0576afe
mangataisho-2013-214,mangataisho-2013,included,candidate-df0b741309f3b8cce8fc,work-df0b741309f3b8cce8fc,mapping-1e6044e40c5edabc4afb
mangataisho-2013-215,mangataisho-2013,unresolved,,,
mangataisho-2013-216,mangataisho-2013,duplicate,candidate-188ba092c6195603bb3f,work-188ba092c6195603bb3f,mapping-bf404b93671809f74713
mangataisho-2013-217,mangataisho-2013,unresolved,,,
mangataisho-2013-218,mangataisho-2013,included,candidate-c3a1b26e0fc059b351ca,work-c3a1b26e0fc059b351ca,mapping-eccbb548acc5c53e280b
mangataisho-2013-219,mangataisho-2013,included,candidate-cdea0de31a3f18475c62,work-cdea0de31a3f18475c62,mapping-726dd32fac56de85a215
mangataisho-2013-220,mangataisho-2013,included,candidate-c65ce967e028013d13dd,work-c65ce967e028013d13dd,mapping-57cc13219e6f58f922a4
mangataisho-2013-221,mangataisho-2013,included,candidate-5cf2537c41f9ca296ae4,work-5cf2537c41f9ca296ae4,mapping-7d623183ffd109a765d4
mangataisho-2013-222,mangataisho-2013,included,candidate-a62a4e661d1b32d913de,work-a62a4e661d1b32d913de,mapping-12da39419d6b03d7530b
mangataisho-2013-223,mangataisho-2013,unresolved,,,
mangataisho-2013-224,mangataisho-2013,unresolved,,,
mangataisho-2013-225,mangataisho-2013,unresolved,,,
mangataisho-2013-226,mangataisho-2013,included,candidate-b837e5e17b849ba1f16c,work-b837e5e17b849ba1f16c,mapping-332710ff89e08a101d34
mangataisho-2013-227,mangataisho-2013,included,candidate-bad930ace10caa55d7e2,work-bad930ace10caa55d7e2,mapping-bfad79a3289792cf7638
mangataisho-2013-228,mangataisho-2013,unresolved,,,
mangataisho-2013-229,mangataisho-2013,duplicate,candidate-32a296894fa823b70e71,noragami-stray-god,mapping-91eb4b6d0887b7400b6b
mangataisho-2013-230,mangataisho-2013,included,candidate-0b358ab2fada71bc3c0f,work-0b358ab2fada71bc3c0f,mapping-4b92f6b599122033a93e
mangataisho-2013-231,mangataisho-2013,included,candidate-a77cc716088d067bec08,work-a77cc716088d067bec08,mapping-976a7ab2047bcbe4b79b
mangataisho-2013-232,mangataisho-2013,included,candidate-1563438b7ccf15a48ffe,mob-psycho-100,mapping-6fac3427314261ecbb69
mangataisho-2013-233,mangataisho-2013,included,candidate-4402b3de64e66a9a0139,work-4402b3de64e66a9a0139,mapping-ed0c43f9ee518c0d8271
mangataisho-2014-001,mangataisho-2014,duplicate,candidate-81fe28fdeda5f8e5ab35,a-brides-story,mapping-57162e025467e974a038
mangataisho-2014-002,mangataisho-2014,included,candidate-709876566e7697dc53e9,erased,mapping-8b0b56c3fa94cdc38391
mangataisho-2014-003,mangataisho-2014,included,candidate-502d99ee8ad948bf6944,work-502d99ee8ad948bf6944,mapping-d139a4e616ebdb17824a
mangataisho-2014-004,mangataisho-2014,included,candidate-13ed15a0d70ac2b2d0ef,the-seven-deadly-sins,mapping-ffc5091873bd7435dde0
mangataisho-2014-005,mangataisho-2014,included,candidate-63b43386b6985d608eb8,work-63b43386b6985d608eb8,mapping-b3279d042499cb3453ff
mangataisho-2014-006,mangataisho-2014,unresolved,,,
mangataisho-2014-007,mangataisho-2014,unresolved,,,
mangataisho-2014-008,mangataisho-2014,unresolved,,,
mangataisho-2014-009,mangataisho-2014,unresolved,,,
mangataisho-2014-010,mangataisho-2014,included,candidate-af3443bab1c30d470a76,work-af3443bab1c30d470a76,mapping-dc529c9afd021acbc20b
mangataisho-2014-011,mangataisho-2014,included,candidate-8069c29ceb2111cac4f0,work-8069c29ceb2111cac4f0,mapping-7e97d6377c5447a6f0c7
mangataisho-2014-012,mangataisho-2014,unresolved,,,
mangataisho-2014-013,mangataisho-2014,included,candidate-555bfdff9e7e5e6c8d11,work-555bfdff9e7e5e6c8d11,mapping-76599eab8da631708e9a
mangataisho-2014-014,mangataisho-2014,included,candidate-3e725951eb9c49771087,work-3e725951eb9c49771087,mapping-6404149aebeb6416747a
mangataisho-2014-015,mangataisho-2014,included,candidate-8db2b2190a8539797474,work-8db2b2190a8539797474,mapping-58b242dac79c16b4762f
mangataisho-2014-016,mangataisho-2014,included,candidate-4b1aee71ea9834cd0439,work-4b1aee71ea9834cd0439,mapping-447ad4fc0f173dcdebbc
mangataisho-2014-017,mangataisho-2014,unresolved,,,
mangataisho-2014-018,mangataisho-2014,included,candidate-209ff48c0b011c1f2ce1,work-209ff48c0b011c1f2ce1,mapping-eb3324b0b3ad904a86fb
mangataisho-2014-019,mangataisho-2014,included,candidate-d27a048a45e8d7b0e980,work-d27a048a45e8d7b0e980,mapping-28894ee09ef90201f8d7
mangataisho-2014-020,mangataisho-2014,included,candidate-e7c99b3b140c24e6d723,work-e7c99b3b140c24e6d723,mapping-e0078b27456bd289ca58
mangataisho-2014-021,mangataisho-2014,duplicate,candidate-319e39a597d16251efc9,work-319e39a597d16251efc9,mapping-7d2ce680ffea80eab92f
mangataisho-2014-022,mangataisho-2014,unresolved,,,
mangataisho-2014-023,mangataisho-2014,included,candidate-98496629236d52367540,work-98496629236d52367540,mapping-8a9e52d63236e1e4ba45
mangataisho-2014-024,mangataisho-2014,duplicate,candidate-7d40d89092e9e0ee4973,work-7d40d89092e9e0ee4973,mapping-e20000b6128dde042e5b
mangataisho-2014-025,mangataisho-2014,duplicate,candidate-4402b3de64e66a9a0139,work-4402b3de64e66a9a0139,mapping-c5071ae677b108522181
mangataisho-2014-026,mangataisho-2014,included,candidate-84070fd0173ebdabff01,work-84070fd0173ebdabff01,mapping-0885360947565b2a024f
mangataisho-2014-027,mangataisho-2014,included,candidate-5577e7229dee82594d6c,work-5577e7229dee82594d6c,mapping-97fe552c61f1f7e1b4d1
mangataisho-2014-028,mangataisho-2014,duplicate,candidate-8cc0a12e77a2c168029c,work-8cc0a12e77a2c168029c,mapping-a41ccd9c101e323c54ba
mangataisho-2014-029,mangataisho-2014,included,candidate-5527725f0c3bf381e6d3,work-5527725f0c3bf381e6d3,mapping-68b03a6900ee3f635f8e
mangataisho-2014-030,mangataisho-2014,unresolved,,,
mangataisho-2014-031,mangataisho-2014,unresolved,,,
mangataisho-2014-032,mangataisho-2014,unresolved,,,
mangataisho-2014-033,mangataisho-2014,included,candidate-90dcaac35aacdc4fd682,work-90dcaac35aacdc4fd682,mapping-c0936e31c909712bf93f
mangataisho-2014-034,mangataisho-2014,unresolved,,,
mangataisho-2014-035,mangataisho-2014,duplicate,candidate-3a4997017286df8424e0,work-3a4997017286df8424e0,mapping-513d6d8ff3d1d1e0e832
mangataisho-2014-036,mangataisho-2014,included,candidate-fb6339198a6a55033843,work-fb6339198a6a55033843,mapping-c5c5feb337bb13a1a5ad
mangataisho-2014-037,mangataisho-2014,included,candidate-438912a368ba4100e7ab,work-438912a368ba4100e7ab,mapping-731cd598d0fcdff6f512
mangataisho-2014-038,mangataisho-2014,included,candidate-4ac3883d7724c8c0a25a,work-4ac3883d7724c8c0a25a,mapping-bf413b133f3be99e0ca4
mangataisho-2014-039,mangataisho-2014,duplicate,candidate-07b11ec79f10c7eb7e05,work-07b11ec79f10c7eb7e05,mapping-e0c18f490984da010351
mangataisho-2014-040,mangataisho-2014,included,candidate-53eaab555f405b99ea75,work-53eaab555f405b99ea75,mapping-0d345de287843e0d7a6a
mangataisho-2014-041,mangataisho-2014,duplicate,candidate-f59be454d59478f33914,work-f59be454d59478f33914,mapping-e110d010f452b224b66d
mangataisho-2014-042,mangataisho-2014,unresolved,,,
mangataisho-2014-043,mangataisho-2014,included,candidate-118ebbabadf214274ac6,work-118ebbabadf214274ac6,mapping-dc7aa16bf2bea8ea36a8
mangataisho-2014-044,mangataisho-2014,duplicate,candidate-7abb6e8396c5e1252173,work-7abb6e8396c5e1252173,mapping-ab910a9a2d1abea4e61e
mangataisho-2014-045,mangataisho-2014,included,candidate-806ff9309e80488fb804,work-806ff9309e80488fb804,mapping-aa05468da521d51cc41a
mangataisho-2014-046,mangataisho-2014,included,candidate-dc3936af9eee0359e470,work-dc3936af9eee0359e470,mapping-6437cd4f4f504744942c
mangataisho-2014-047,mangataisho-2014,unresolved,,,
mangataisho-2014-048,mangataisho-2014,unresolved,,,
mangataisho-2014-049,mangataisho-2014,duplicate,candidate-d57fec7e1e61ff8809f2,work-d57fec7e1e61ff8809f2,mapping-7a332d0974f0d0ad04fb
mangataisho-2014-050,mangataisho-2014,duplicate,candidate-7f926a9557b6ae9f264b,what-did-you-eat-yesterday,mapping-9c88f78b769df3c5b30f
mangataisho-2014-051,mangataisho-2014,unresolved,,,
mangataisho-2014-052,mangataisho-2014,duplicate,candidate-a7e0062c7153978fc6fe,work-a7e0062c7153978fc6fe,mapping-2b9a72a2b170faa5243b
mangataisho-2014-053,mangataisho-2014,duplicate,candidate-3713ab561de583d709bc,work-3713ab561de583d709bc,mapping-226ddfd56a0433ad2307
mangataisho-2014-054,mangataisho-2014,included,candidate-557c4ffa7e2888066c1d,work-557c4ffa7e2888066c1d,mapping-2b40b63f533c4e09bb46
mangataisho-2014-055,mangataisho-2014,included,candidate-b8092c99183fc1709aa5,work-b8092c99183fc1709aa5,mapping-3e48c301a6dd264e4e32
mangataisho-2014-056,mangataisho-2014,unresolved,,,
mangataisho-2014-057,mangataisho-2014,included,candidate-847978afd758665173db,work-847978afd758665173db,mapping-a61040a3343d5e5a99c9
mangataisho-2014-058,mangataisho-2014,unresolved,,,
mangataisho-2014-059,mangataisho-2014,duplicate,candidate-2c4fe00df5255fc082f9,work-2c4fe00df5255fc082f9,mapping-6998524e2aec41ed01a7
mangataisho-2014-060,mangataisho-2014,unresolved,,,
mangataisho-2014-061,mangataisho-2014,unresolved,,,
mangataisho-2014-062,mangataisho-2014,unresolved,,,
mangataisho-2014-063,mangataisho-2014,unresolved,,,
mangataisho-2014-064,mangataisho-2014,included,candidate-1681d7aeefde0c5c9e5a,work-1681d7aeefde0c5c9e5a,mapping-91748ea7a5fc56770126
mangataisho-2014-065,mangataisho-2014,unresolved,,,
mangataisho-2014-066,mangataisho-2014,included,candidate-50ad1e8e5c1a9a9d7aa3,work-50ad1e8e5c1a9a9d7aa3,mapping-6e9242148d2b0560b013
mangataisho-2014-067,mangataisho-2014,included,candidate-42a7c7ad0497eb458d0f,work-42a7c7ad0497eb458d0f,mapping-6c399b50485dbce94b29
mangataisho-2014-068,mangataisho-2014,included,candidate-a47ba80532ff25bd84c0,work-a47ba80532ff25bd84c0,mapping-d7d147b6772483fe59c1
mangataisho-2014-069,mangataisho-2014,unresolved,,,
mangataisho-2014-070,mangataisho-2014,duplicate,candidate-ab9331f7fed1990f7dc6,work-ab9331f7fed1990f7dc6,mapping-e704473a873d6307822b
mangataisho-2014-071,mangataisho-2014,duplicate,candidate-8ff141505b0a27f8d630,work-8ff141505b0a27f8d630,mapping-b74a8863ab0bf73684b3
mangataisho-2014-072,mangataisho-2014,unresolved,,,
mangataisho-2014-073,mangataisho-2014,unresolved,,,
mangataisho-2014-074,mangataisho-2014,unresolved,,,
mangataisho-2014-075,mangataisho-2014,duplicate,candidate-c50ea94bb66f72c679a2,work-c50ea94bb66f72c679a2,mapping-b725bbd35a97f77b2c6e
mangataisho-2014-076,mangataisho-2014,included,candidate-8e3207bdaa057924de2c,work-8e3207bdaa057924de2c,mapping-ddb8bff0c781161061ce
mangataisho-2014-077,mangataisho-2014,included,candidate-1cecf966898e6d18439d,work-1cecf966898e6d18439d,mapping-2b9658ff4fe2d202c5d8
mangataisho-2014-078,mangataisho-2014,duplicate,candidate-7b1d0ad37dd2fb2a8045,blue-giant,mapping-1afac10d5e4ba69ca7b8
mangataisho-2014-079,mangataisho-2014,unresolved,,,
mangataisho-2014-080,mangataisho-2014,included,candidate-40df2a4b29e97c9c5059,work-40df2a4b29e97c9c5059,mapping-232ea9b49658d65423ad
mangataisho-2014-081,mangataisho-2014,unresolved,,,
mangataisho-2014-082,mangataisho-2014,duplicate,candidate-23077ad33a2066bef5a6,work-23077ad33a2066bef5a6,mapping-552d25c31f1b2b79bd08
mangataisho-2014-083,mangataisho-2014,unresolved,,,
mangataisho-2014-084,mangataisho-2014,duplicate,candidate-c0e989c7b8bb7447840b,work-c0e989c7b8bb7447840b,mapping-9f45a4b1cce6aaaa1dae
mangataisho-2014-085,mangataisho-2014,duplicate,candidate-cdea0de31a3f18475c62,work-cdea0de31a3f18475c62,mapping-2fb6dd8e1475aa6c9744
mangataisho-2014-086,mangataisho-2014,duplicate,candidate-d735187a8421d0d33399,work-d735187a8421d0d33399,mapping-6ec92e74bc0eb60c1786
mangataisho-2014-087,mangataisho-2014,duplicate,candidate-4e0e476ec9dcb9cf818c,lovely-muco,mapping-05203edc871a4b67b3d5
mangataisho-2014-088,mangataisho-2014,included,candidate-68d859ef39330accd090,work-68d859ef39330accd090,mapping-cbe456ae43e9dbde747d
mangataisho-2014-089,mangataisho-2014,duplicate,candidate-78d44d381562e37dd94a,work-78d44d381562e37dd94a,mapping-b34c0810a6b04b8fa6be
mangataisho-2014-090,mangataisho-2014,included,candidate-fb4fde98bbcda04c21eb,work-fb4fde98bbcda04c21eb,mapping-9b27b4bfcf3ae0bf2793
mangataisho-2014-091,mangataisho-2014,duplicate,candidate-4ff04bf87231d4574769,work-4ff04bf87231d4574769,mapping-cddf255e0a64ea8f31d5
mangataisho-2014-092,mangataisho-2014,included,candidate-6ace1179feff7f17f357,work-6ace1179feff7f17f357,mapping-99895ecd34142be7a942
mangataisho-2014-093,mangataisho-2014,included,candidate-1d7ca9dc1b4e67d8a6bc,work-1d7ca9dc1b4e67d8a6bc,mapping-b1ce7eab1fee22e05e5b
mangataisho-2014-094,mangataisho-2014,duplicate,candidate-ce5919ff30d9ef01e3e1,work-ce5919ff30d9ef01e3e1,mapping-c2e995b086d13bf1e319
mangataisho-2014-095,mangataisho-2014,duplicate,candidate-2f3c0cad1abdcbf5de00,the-full-time-wife-escapist,mapping-5ef044d1be12ec1b0162
mangataisho-2014-096,mangataisho-2014,unresolved,,,
mangataisho-2014-097,mangataisho-2014,unresolved,,,
mangataisho-2014-098,mangataisho-2014,duplicate,candidate-41c8f07c2ed444461a1b,work-41c8f07c2ed444461a1b,mapping-7765d4518e67eb8c07e6
mangataisho-2014-099,mangataisho-2014,duplicate,candidate-1b3afe12c434a9cf7603,work-1b3afe12c434a9cf7603,mapping-bead8cf1d1d51f5fc71d
mangataisho-2014-100,mangataisho-2014,unresolved,,,
mangataisho-2014-101,mangataisho-2014,duplicate,candidate-2356050c72240569e1c5,work-2356050c72240569e1c5,mapping-baaa529a2cbb045e6e14
mangataisho-2014-102,mangataisho-2014,included,candidate-84fa0be5101ebfc384f8,work-84fa0be5101ebfc384f8,mapping-50ad713d50a41ad1ae64
mangataisho-2014-103,mangataisho-2014,included,candidate-cc6eb4f6a20f26a720fe,work-cc6eb4f6a20f26a720fe,mapping-82876487f4c3a67fa65e
mangataisho-2014-104,mangataisho-2014,included,candidate-22863722e753645cf08e,work-22863722e753645cf08e,mapping-671862d1604528e750c9
mangataisho-2014-105,mangataisho-2014,duplicate,candidate-0eff8190c0c6ff604527,work-0eff8190c0c6ff604527,mapping-12b6dafae383d76d23c8
mangataisho-2014-106,mangataisho-2014,included,candidate-968c71abbaaa0b6801eb,work-968c71abbaaa0b6801eb,mapping-d841eadacf33749da35d
mangataisho-2014-107,mangataisho-2014,included,candidate-d5190eab71dd7e16f800,work-d5190eab71dd7e16f800,mapping-aad9acad06c6b0331d01
mangataisho-2014-108,mangataisho-2014,included,candidate-076beb86f844b642beef,work-076beb86f844b642beef,mapping-030f52d564f5fc2204fb
mangataisho-2014-109,mangataisho-2014,included,candidate-eed309ede383686af0bd,work-eed309ede383686af0bd,mapping-6a2b3aac0af2e9174ad8
mangataisho-2014-110,mangataisho-2014,duplicate,candidate-49be48c972a16985bd57,witchcraft-works,mapping-edc9e6647abf7b3df864
mangataisho-2014-111,mangataisho-2014,included,candidate-15cd524191c3fb7ce45f,work-15cd524191c3fb7ce45f,mapping-b0fcd7f7c0ec52bc3edb
mangataisho-2014-112,mangataisho-2014,included,candidate-57e57ac2ef9687d8c2ce,work-57e57ac2ef9687d8c2ce,mapping-9fcd137b894908b79f59
mangataisho-2014-113,mangataisho-2014,included,candidate-add0fc783fd6e097741a,work-add0fc783fd6e097741a,mapping-729b4b9434684ef84e5d
mangataisho-2014-114,mangataisho-2014,duplicate,candidate-188ba092c6195603bb3f,work-188ba092c6195603bb3f,mapping-798166f0cb0818bc13f9
mangataisho-2014-115,mangataisho-2014,included,candidate-fb5e29014d45e0ee12cf,work-fb5e29014d45e0ee12cf,mapping-3602621e6f0a4a2ed97b
mangataisho-2014-116,mangataisho-2014,duplicate,candidate-f5f0ee0b0ff16bc146e0,work-f5f0ee0b0ff16bc146e0,mapping-81803dd3d2efb5152746
mangataisho-2014-117,mangataisho-2014,duplicate,candidate-c3a1b26e0fc059b351ca,work-c3a1b26e0fc059b351ca,mapping-5d21de339bb5afb5c126
mangataisho-2014-118,mangataisho-2014,unresolved,,,
mangataisho-2014-119,mangataisho-2014,unresolved,,,
mangataisho-2014-120,mangataisho-2014,unresolved,,,
mangataisho-2014-121,mangataisho-2014,duplicate,candidate-98637340992f2f50107d,work-98637340992f2f50107d,mapping-d99381a272550e4d84c1
mangataisho-2014-122,mangataisho-2014,unresolved,,,
mangataisho-2014-123,mangataisho-2014,duplicate,candidate-6c6341781c12b590864f,work-6c6341781c12b590864f,mapping-068585dea912ad41473b
mangataisho-2014-124,mangataisho-2014,duplicate,candidate-5baea1ce0e7e74df34b9,work-5baea1ce0e7e74df34b9,mapping-1325100c6ea12a8130da
mangataisho-2014-125,mangataisho-2014,duplicate,candidate-672862529a341488245b,work-672862529a341488245b,mapping-56687fed3daf122d5b31
mangataisho-2014-126,mangataisho-2014,included,candidate-09ae4c1cbc4bff98eb1a,work-09ae4c1cbc4bff98eb1a,mapping-ad3e4bc8ba5156df9903
mangataisho-2014-127,mangataisho-2014,duplicate,candidate-d3d93ac98ea6965963a0,work-d3d93ac98ea6965963a0,mapping-aa56cc8012bd1f4ae521
mangataisho-2014-128,mangataisho-2014,included,candidate-ab44ee168274f2a74ed1,work-ab44ee168274f2a74ed1,mapping-e5304e1a3c5abfefd583
mangataisho-2014-129,mangataisho-2014,included,candidate-f1a075d36aa7783f1f64,work-f1a075d36aa7783f1f64,mapping-8fd2177d0cf59047ccf4
mangataisho-2014-130,mangataisho-2014,duplicate,candidate-fb89f119251610cf1648,work-fb89f119251610cf1648,mapping-4a3c137de82ecb08d696
mangataisho-2014-131,mangataisho-2014,included,candidate-25c44bf9036baf7168e3,work-25c44bf9036baf7168e3,mapping-d5dc103988ed09e050dd
mangataisho-2014-132,mangataisho-2014,included,candidate-622381212123640cb5de,work-622381212123640cb5de,mapping-46559f2af5c9819f3362
mangataisho-2014-133,mangataisho-2014,duplicate,candidate-62fb5d8e9f6c6bbbeba9,work-62fb5d8e9f6c6bbbeba9,mapping-025d18281b7a030d532d
mangataisho-2014-134,mangataisho-2014,unresolved,,,
mangataisho-2014-135,mangataisho-2014,included,candidate-96bba3c4328642674c32,work-96bba3c4328642674c32,mapping-e0118cd3e2b004f774ed
mangataisho-2014-136,mangataisho-2014,duplicate,candidate-ea19faa21a38167db8c4,work-ea19faa21a38167db8c4,mapping-71d5b726fb8a3a108e28
mangataisho-2014-137,mangataisho-2014,included,candidate-d4335ee2ac7f16316e59,work-d4335ee2ac7f16316e59,mapping-64237a7637d38f16931c
mangataisho-2014-138,mangataisho-2014,included,candidate-33e6270fa16cb43e8efb,work-33e6270fa16cb43e8efb,mapping-efe48457dd6a915f0fee
mangataisho-2014-139,mangataisho-2014,duplicate,candidate-77008e04537e3fd889e2,work-77008e04537e3fd889e2,mapping-1b5818671a98debfb12d
mangataisho-2014-140,mangataisho-2014,included,candidate-e86a34fbbb38ce4293a7,work-e86a34fbbb38ce4293a7,mapping-57abf548e7f74dadcdba
mangataisho-2014-141,mangataisho-2014,duplicate,candidate-6bbe7e275d0c00809904,work-6bbe7e275d0c00809904,mapping-16c219cdb51195916b97
mangataisho-2014-142,mangataisho-2014,included,candidate-c3d4d2e43bf3ecaf7f9a,work-c3d4d2e43bf3ecaf7f9a,mapping-afc7ac4383011d7ff785
mangataisho-2014-143,mangataisho-2014,duplicate,candidate-a4ca6e21e97927928e1a,work-a4ca6e21e97927928e1a,mapping-09a04e65688dd9b3f2dd
mangataisho-2014-144,mangataisho-2014,duplicate,candidate-40b8c35b1d8c9a90144c,work-40b8c35b1d8c9a90144c,mapping-e8205e85f747aa717ab9
mangataisho-2014-145,mangataisho-2014,duplicate,candidate-5ad62e6413f67d351f1d,work-5ad62e6413f67d351f1d,mapping-aa043b34f36c6e4c1110
mangataisho-2014-146,mangataisho-2014,unresolved,,,
mangataisho-2014-147,mangataisho-2014,included,candidate-d004b9c38f07ed80aebf,work-d004b9c38f07ed80aebf,mapping-50156a77b51c323777aa
mangataisho-2014-148,mangataisho-2014,duplicate,candidate-550854424fc9cc94d585,work-550854424fc9cc94d585,mapping-3c284ec6925b6abd792f
mangataisho-2014-149,mangataisho-2014,included,candidate-8b69986d0bbfa6abceb9,work-8b69986d0bbfa6abceb9,mapping-00064b75cd846796969b
mangataisho-2014-150,mangataisho-2014,unresolved,,,
mangataisho-2014-151,mangataisho-2014,included,candidate-acaaea5cc496f6c6124a,a-silent-voice,mapping-77ac066dc2333d7ef93c
mangataisho-2014-152,mangataisho-2014,unresolved,,,
mangataisho-2014-153,mangataisho-2014,included,candidate-5123e49da8a50eaade9c,work-5123e49da8a50eaade9c,mapping-33fe024ed4fe607426e8
mangataisho-2014-154,mangataisho-2014,duplicate,candidate-49f89814d519971761f9,your-lie-in-april,mapping-12ea3ee1a0e94c05a9d5
mangataisho-2014-155,mangataisho-2014,included,candidate-62289f61b425590d3f4e,work-62289f61b425590d3f4e,mapping-428c4b2c9511a82c174f
mangataisho-2014-156,mangataisho-2014,included,candidate-e3eacb6c3f326331e50d,work-e3eacb6c3f326331e50d,mapping-8004aee36418c5df5687
mangataisho-2014-157,mangataisho-2014,included,candidate-f6fa4c2d3a7e1dc5257b,work-f6fa4c2d3a7e1dc5257b,mapping-ee9393d73244cd3bc852
mangataisho-2014-158,mangataisho-2014,included,candidate-28663a81f12fb90640d8,work-28663a81f12fb90640d8,mapping-31e2283d7a0b45e7b266
mangataisho-2014-159,mangataisho-2014,included,candidate-ef7106f6a387c9860877,work-ef7106f6a387c9860877,mapping-fbb0d459467e177c009e
mangataisho-2014-160,mangataisho-2014,duplicate,candidate-43ebf010a490cfd4bb50,work-43ebf010a490cfd4bb50,mapping-d3635cdf7ba6ea126467
mangataisho-2014-161,mangataisho-2014,unresolved,,,
mangataisho-2014-162,mangataisho-2014,included,candidate-c9dfbc3276f178d51de6,work-c9dfbc3276f178d51de6,mapping-804599f0fcbbf3f42252
mangataisho-2014-163,mangataisho-2014,duplicate,candidate-132ce7172750a3b1fa53,work-132ce7172750a3b1fa53,mapping-a433a9f97f9d3f8e094a
mangataisho-2014-164,mangataisho-2014,duplicate,candidate-df29832c2155775e0e7c,work-df29832c2155775e0e7c,mapping-d431bc4b20baf658a638
mangataisho-2014-165,mangataisho-2014,included,candidate-1bce95b6c02673e59bcf,work-1bce95b6c02673e59bcf,mapping-112c7f0042ad2a8e823c
mangataisho-2014-166,mangataisho-2014,duplicate,candidate-c5e8c957903bf1832dc5,work-c5e8c957903bf1832dc5,mapping-bbd01a0f93ce8018a4fe
mangataisho-2014-167,mangataisho-2014,included,candidate-7e72bc605eebca48aa3d,work-7e72bc605eebca48aa3d,mapping-bc9e2bd6c48870680fdc
mangataisho-2014-168,mangataisho-2014,unresolved,,,
mangataisho-2014-169,mangataisho-2014,unresolved,,,
mangataisho-2014-170,mangataisho-2014,duplicate,candidate-ab95f4d4997113e0687a,work-ab95f4d4997113e0687a,mapping-4357717614b513c9a400
mangataisho-2014-171,mangataisho-2014,duplicate,candidate-ffc5b05df16409addd48,welcome-to-the-ballroom,mapping-921a216aef942551bfb0
mangataisho-2014-172,mangataisho-2014,included,candidate-268121469703c73b00d7,work-268121469703c73b00d7,mapping-c02dd96d599847440062
mangataisho-2014-173,mangataisho-2014,duplicate,candidate-5e30ab3c7e3fb43e51f2,work-5e30ab3c7e3fb43e51f2,mapping-bcc06c1fa6f6dcff9536
mangataisho-2014-174,mangataisho-2014,included,candidate-5efc931bb6240d9dc0ad,work-5efc931bb6240d9dc0ad,mapping-c8b0a77ba3d9fc6d48a3
mangataisho-2014-175,mangataisho-2014,included,candidate-200fa8832525f3437678,work-200fa8832525f3437678,mapping-2db92149329c7111b1a1
mangataisho-2014-176,mangataisho-2014,unresolved,,,
mangataisho-2014-177,mangataisho-2014,duplicate,candidate-a62a4e661d1b32d913de,work-a62a4e661d1b32d913de,mapping-9c9b32a0d6ef2a0a6a6a
mangataisho-2014-178,mangataisho-2014,included,candidate-26e7c545d71636545e18,work-26e7c545d71636545e18,mapping-fad277872c6bef6e59e8
mangataisho-2014-179,mangataisho-2014,included,candidate-a2dbffa203dc2a27aa25,work-a2dbffa203dc2a27aa25,mapping-043d3b76c9629c9d3453
mangataisho-2014-180,mangataisho-2014,duplicate,candidate-5ebbc9bede841d2faf7b,work-5ebbc9bede841d2faf7b,mapping-f6c1068faf7cff4862f6
mangataisho-2014-181,mangataisho-2014,unresolved,,,
mangataisho-2014-182,mangataisho-2014,included,candidate-e74460a914133493e11e,work-e74460a914133493e11e,mapping-446fdb1011e1cc0e7432
mangataisho-2014-183,mangataisho-2014,duplicate,candidate-9072892a767332254f00,work-9072892a767332254f00,mapping-e9e140b2b78d4aabafae
mangataisho-2014-184,mangataisho-2014,duplicate,candidate-5b7cf2105a4bc6f6b46c,work-5b7cf2105a4bc6f6b46c,mapping-8eeaf32216e285fff514
mangataisho-2014-185,mangataisho-2014,included,candidate-a249a1a5c8938ef5ab9e,work-a249a1a5c8938ef5ab9e,mapping-87c1007ca6edeac64dca
mangataisho-2014-186,mangataisho-2014,included,candidate-6c4fa1811e7a536260d6,work-6c4fa1811e7a536260d6,mapping-7e1ccded928959b098a9
mangataisho-2014-187,mangataisho-2014,duplicate,candidate-6a547c7beec7d7a73dc6,land-of-the-lustrous,mapping-97fe2ba93b4c17a81002
mangataisho-2014-188,mangataisho-2014,duplicate,candidate-79c18b26dfde8a532f73,work-79c18b26dfde8a532f73,mapping-75ae7bc83565945981b8
mangataisho-2014-189,mangataisho-2014,unresolved,,,
mangataisho-2014-190,mangataisho-2014,duplicate,candidate-7b6eb2b48ac06ffa26eb,work-7b6eb2b48ac06ffa26eb,mapping-e7fd5782392b8dc31eaf
mangataisho-2014-191,mangataisho-2014,included,candidate-418af771ae574eb15a99,work-418af771ae574eb15a99,mapping-29b90acce8b939a9bb3a
mangataisho-2014-192,mangataisho-2014,included,candidate-7281d838666983756309,work-7281d838666983756309,mapping-fe136f62aff289e5dc0a
mangataisho-2014-193,mangataisho-2014,included,candidate-b82f0f93fdd068ab5ade,work-b82f0f93fdd068ab5ade,mapping-0865cce16eb3d6f507d0
mangataisho-2014-194,mangataisho-2014,included,candidate-d532eab2aba5cb4a898f,work-d532eab2aba5cb4a898f,mapping-a7a32a7347e5b5e4a3ea
mangataisho-2014-195,mangataisho-2014,unresolved,,,
mangataisho-2014-196,mangataisho-2014,included,candidate-9204df77aa0e4c6b1622,work-9204df77aa0e4c6b1622,mapping-a69129f24eac8d8c7e6d
mangataisho-2014-197,mangataisho-2014,included,candidate-7094c349d7bbcc40129b,work-7094c349d7bbcc40129b,mapping-4b5c87861c79f7687933
mangataisho-2014-198,mangataisho-2014,duplicate,candidate-8a7846af8ead1797e6a2,work-8a7846af8ead1797e6a2,mapping-f7e9b586c93023354bc9
mangataisho-2014-199,mangataisho-2014,unresolved,,,
mangataisho-2014-200,mangataisho-2014,duplicate,candidate-29806fe5f9633b940747,work-29806fe5f9633b940747,mapping-8851265494ebe1a5d542
mangataisho-2014-201,mangataisho-2014,unresolved,,,
mangataisho-2014-202,mangataisho-2014,duplicate,candidate-88e75622b83b794c03ac,work-88e75622b83b794c03ac,mapping-dd807974fb48fc2a385b
mangataisho-2014-203,mangataisho-2014,included,candidate-7f27142cfed178db5059,work-7f27142cfed178db5059,mapping-7bbb2b0b8cfb3377becd
mangataisho-2014-204,mangataisho-2014,included,candidate-4c519b1e8a421d123fef,work-4c519b1e8a421d123fef,mapping-7635485184de1bbe7737
mangataisho-2014-205,mangataisho-2014,unresolved,,,
mangataisho-2014-206,mangataisho-2014,included,candidate-5ad2d778cc989ba7fd2a,work-5ad2d778cc989ba7fd2a,mapping-f699ad79b8cead0c8a2f
mangataisho-2014-207,mangataisho-2014,duplicate,candidate-9e98119539f60465ce66,work-9e98119539f60465ce66,mapping-4b8a0d017a241eb92f86
mangataisho-2014-208,mangataisho-2014,included,candidate-2141b420eca4795b6772,work-2141b420eca4795b6772,mapping-ed7d8dc3417cbedb6d6d
mangataisho-2014-209,mangataisho-2014,included,candidate-d655ea1cfb913f33cc9a,work-d655ea1cfb913f33cc9a,mapping-fa6961c51c2b6e15bbf6
mangataisho-2014-210,mangataisho-2014,duplicate,candidate-621170c75f41c495f8c0,showa-genroku-rakugo-shinju,mapping-e211196d3e1286a227ef
mangataisho-2014-211,mangataisho-2014,unresolved,,,
mangataisho-2014-212,mangataisho-2014,included,candidate-50622a5e07468f8c0df9,work-50622a5e07468f8c0df9,mapping-f9bcbef9591af86918c0
mangataisho-2014-213,mangataisho-2014,included,candidate-7e667fcf9c44138386d7,work-7e667fcf9c44138386d7,mapping-4385f7829b3ea397e024
mangataisho-2014-214,mangataisho-2014,unresolved,,,
mangataisho-2014-215,mangataisho-2014,included,candidate-d8f17d7482c8640c1acf,work-d8f17d7482c8640c1acf,mapping-25ba190b3b094ce7e279
mangataisho-2014-216,mangataisho-2014,unresolved,,,
mangataisho-2014-217,mangataisho-2014,included,candidate-5ab1b890f441d79d8f2d,work-5ab1b890f441d79d8f2d,mapping-929fbbced731034aa205
mangataisho-2014-218,mangataisho-2014,duplicate,candidate-84b7c7d7720447075c25,work-84b7c7d7720447075c25,mapping-05fd5e7b3b753eee8f65
mangataisho-2014-219,mangataisho-2014,included,candidate-091d231d37f037fb07e8,work-091d231d37f037fb07e8,mapping-a52073797efcc77c1b53
mangataisho-2014-220,mangataisho-2014,included,candidate-002459e5f390e41d63a2,work-002459e5f390e41d63a2,mapping-725086757842600560de
mangataisho-2014-221,mangataisho-2014,included,candidate-7b68ef4142fd6b797629,work-7b68ef4142fd6b797629,mapping-67e9d7e4a72e063fdfe3
mangataisho-2014-222,mangataisho-2014,included,candidate-d97ef7c1bc4fd286d55a,work-d97ef7c1bc4fd286d55a,mapping-9c5b428d19ead563c2ed
mangataisho-2014-223,mangataisho-2014,included,candidate-4a74999f17e4ae7fe724,work-4a74999f17e4ae7fe724,mapping-f1d973e869ac8e6d2951
mangataisho-2015-001,mangataisho-2015,duplicate,candidate-07b11ec79f10c7eb7e05,work-07b11ec79f10c7eb7e05,mapping-4e84c88edc31218eae60
mangataisho-2015-002,mangataisho-2015,unresolved,,,
mangataisho-2015-003,mangataisho-2015,duplicate,candidate-acaaea5cc496f6c6124a,a-silent-voice,mapping-bfc012fa730e52e0c054
mangataisho-2015-004,mangataisho-2015,duplicate,candidate-709876566e7697dc53e9,erased,mapping-918757ae581a4bf0d021
mangataisho-2015-005,mangataisho-2015,duplicate,candidate-7b1d0ad37dd2fb2a8045,blue-giant,mapping-6e6c29845af521143164
mangataisho-2015-006,mangataisho-2015,duplicate,candidate-ffc5b05df16409addd48,welcome-to-the-ballroom,mapping-711dcfa00902604a591b
mangataisho-2015-007,mangataisho-2015,duplicate,candidate-50622a5e07468f8c0df9,work-50622a5e07468f8c0df9,mapping-cf1d599cb2ffa6c46ba2
mangataisho-2015-008,mangataisho-2015,duplicate,candidate-bc030e8a35e7adf54ca6,my-hero-academia,mapping-2c323303b4cd52cf1b09
mangataisho-2015-009,mangataisho-2015,unresolved,,,
mangataisho-2015-010,mangataisho-2015,unresolved,,,
mangataisho-2015-011,mangataisho-2015,duplicate,candidate-ab95f4d4997113e0687a,work-ab95f4d4997113e0687a,mapping-d8ea1e6637cb8e09ad6c
mangataisho-2015-012,mangataisho-2015,duplicate,candidate-5b9a3ec60ac5fc90f444,work-5b9a3ec60ac5fc90f444,mapping-b24c645912f4ddfc2828
mangataisho-2015-013,mangataisho-2015,duplicate,candidate-6a547c7beec7d7a73dc6,land-of-the-lustrous,mapping-d8218b07ed089704f820
mangataisho-2015-014,mangataisho-2015,included,candidate-354c8e69d8a281712b7d,work-354c8e69d8a281712b7d,mapping-19e77d7d1683b486596c
mangataisho-2015-015,mangataisho-2015,included,candidate-d8bc7dc769d8e77adc27,work-d8bc7dc769d8e77adc27,mapping-53cc3f6a97cb26a8a710
mangataisho-2015-016,mangataisho-2015,included,candidate-590b8ecced818130cf51,work-590b8ecced818130cf51,mapping-c102c78cbe2c89eccfbe
mangataisho-2015-017,mangataisho-2015,duplicate,candidate-88e75622b83b794c03ac,work-88e75622b83b794c03ac,mapping-a4f66523b03f7cda64e7
mangataisho-2015-018,mangataisho-2015,included,candidate-f0f53d813f709aedec1d,work-f0f53d813f709aedec1d,mapping-7721136a5f1a47c6f8fd
mangataisho-2015-019,mangataisho-2015,duplicate,candidate-091d231d37f037fb07e8,work-091d231d37f037fb07e8,mapping-6a55efd8692e37a6d2af
mangataisho-2015-020,mangataisho-2015,included,candidate-b65fc340da602aa6a002,work-b65fc340da602aa6a002,mapping-db3a7691a0e6f14ddfe2
mangataisho-2015-021,mangataisho-2015,unresolved,,,
mangataisho-2015-022,mangataisho-2015,unresolved,,,
mangataisho-2015-023,mangataisho-2015,unresolved,,,
mangataisho-2015-024,mangataisho-2015,unresolved,,,
mangataisho-2015-025,mangataisho-2015,included,candidate-efbed1783d3de246e757,work-efbed1783d3de246e757,mapping-01dc1b13638f86327667
mangataisho-2015-026,mangataisho-2015,unresolved,,,
mangataisho-2015-027,mangataisho-2015,included,candidate-9819dc57951f1adb8729,work-9819dc57951f1adb8729,mapping-dc7c9400ad0384b88a89
mangataisho-2015-028,mangataisho-2015,included,candidate-961a49798df191311f42,work-961a49798df191311f42,mapping-d19632d96de8d2c26b9b
mangataisho-2015-029,mangataisho-2015,included,candidate-a3a198078e3623f56c86,work-a3a198078e3623f56c86,mapping-3b04ee78e22ecf84d5b5
mangataisho-2015-030,mangataisho-2015,unresolved,,,
mangataisho-2015-031,mangataisho-2015,duplicate,candidate-8069c29ceb2111cac4f0,work-8069c29ceb2111cac4f0,mapping-90d9f380635bc0222a7e
mangataisho-2015-032,mangataisho-2015,duplicate,candidate-d735187a8421d0d33399,work-d735187a8421d0d33399,mapping-60efcba6e8daf0802c1f
mangataisho-2015-033,mangataisho-2015,included,candidate-7df6bbafa7bdb01b0622,requiem-of-the-rose-king,mapping-f2dfd012989fb49d09ec
mangataisho-2015-034,mangataisho-2015,included,candidate-8368b177b7f729f782ee,work-8368b177b7f729f782ee,mapping-e33b344c4b6a837d24ff
mangataisho-2015-035,mangataisho-2015,included,candidate-c3396a2a9fa22ab73971,work-c3396a2a9fa22ab73971,mapping-0579300b09a81ed493bb
mangataisho-2015-036,mangataisho-2015,included,candidate-d818cf2deb73c04c7ef6,work-d818cf2deb73c04c7ef6,mapping-1d1ec374c31f3a072083
mangataisho-2015-037,mangataisho-2015,included,candidate-8e138477c31512a8cce3,work-8e138477c31512a8cce3,mapping-fe87acd3fc5f6c5d4f72
mangataisho-2015-038,mangataisho-2015,included,candidate-c13afa217a833f90bc3c,work-c13afa217a833f90bc3c,mapping-90120b7a3e0100b4c63d
mangataisho-2015-039,mangataisho-2015,unresolved,,,
mangataisho-2015-040,mangataisho-2015,duplicate,candidate-fb6339198a6a55033843,work-fb6339198a6a55033843,mapping-066e6b515fcd65a49459
mangataisho-2015-041,mangataisho-2015,included,candidate-bc50d9b0573bc07a986d,work-bc50d9b0573bc07a986d,mapping-0ff33188c14f25544568
mangataisho-2015-042,mangataisho-2015,unresolved,,,
mangataisho-2015-043,mangataisho-2015,unresolved,,,
mangataisho-2015-044,mangataisho-2015,included,candidate-a46aa6b40c164ff18925,work-a46aa6b40c164ff18925,mapping-d4279b3f654d4afbb358
mangataisho-2015-045,mangataisho-2015,unresolved,,,
mangataisho-2015-046,mangataisho-2015,duplicate,candidate-2aa625102f57ef93a165,work-2aa625102f57ef93a165,mapping-9b3c949c834c39d51eb1
mangataisho-2015-047,mangataisho-2015,unresolved,,,
mangataisho-2015-048,mangataisho-2015,duplicate,candidate-4e0e476ec9dcb9cf818c,lovely-muco,mapping-13bf4de15ce93bae7f70
mangataisho-2015-049,mangataisho-2015,included,candidate-715f201d0df3b3a6805e,work-715f201d0df3b3a6805e,mapping-e0122de89d0ae34ec2b9
mangataisho-2015-050,mangataisho-2015,duplicate,candidate-a2dbffa203dc2a27aa25,work-a2dbffa203dc2a27aa25,mapping-31f24a99a8611d096ea1
mangataisho-2015-051,mangataisho-2015,duplicate,candidate-e658d3aee2e33c17aa38,work-e658d3aee2e33c17aa38,mapping-3f80e403bfb0d358bd10
mangataisho-2015-052,mangataisho-2015,included,candidate-4b58e9c429e2c2849e76,work-4b58e9c429e2c2849e76,mapping-48eecb5662065259fd30
mangataisho-2015-053,mangataisho-2015,included,candidate-a82a20ac5a887ca519e4,work-a82a20ac5a887ca519e4,mapping-a46389a800693d7c31ad
mangataisho-2015-054,mangataisho-2015,included,candidate-62f4b10c360ed028992b,work-62f4b10c360ed028992b,mapping-3399cff02ad23e2f9d05
mangataisho-2015-055,mangataisho-2015,included,candidate-ec452fee9d555a052aeb,work-ec452fee9d555a052aeb,mapping-9edf27eeb22bb493b406
mangataisho-2015-056,mangataisho-2015,unresolved,,,
mangataisho-2015-057,mangataisho-2015,unresolved,,,
mangataisho-2015-058,mangataisho-2015,unresolved,,,
mangataisho-2015-059,mangataisho-2015,unresolved,,,
mangataisho-2015-060,mangataisho-2015,duplicate,candidate-9894bab2657809d62a14,work-9894bab2657809d62a14,mapping-b51554d9c9498958ff20
mangataisho-2015-061,mangataisho-2015,unresolved,,,
mangataisho-2015-062,mangataisho-2015,included,candidate-12a5eb9618886a507a6f,work-12a5eb9618886a507a6f,mapping-29a1eeb5fb0f31b5081b
mangataisho-2015-063,mangataisho-2015,included,candidate-7883b4538b78eb87fffb,work-7883b4538b78eb87fffb,mapping-75fd98a58caf6cd311d6
mangataisho-2015-064,mangataisho-2015,unresolved,,,
mangataisho-2015-065,mangataisho-2015,duplicate,candidate-076beb86f844b642beef,work-076beb86f844b642beef,mapping-2b25d7308948bfc5552a
mangataisho-2015-066,mangataisho-2015,unresolved,,,
mangataisho-2015-067,mangataisho-2015,duplicate,candidate-680837b0db4ec9d2932c,work-680837b0db4ec9d2932c,mapping-a8fbc9620053ba77f821
mangataisho-2015-068,mangataisho-2015,unresolved,,,
mangataisho-2015-069,mangataisho-2015,unresolved,,,
mangataisho-2015-070,mangataisho-2015,duplicate,candidate-477a6d9e4194575e5a94,work-477a6d9e4194575e5a94,mapping-ef13665e3265d3b3a69d
mangataisho-2015-071,mangataisho-2015,included,candidate-539a684079e86fe0ab53,work-539a684079e86fe0ab53,mapping-03438f2f65f79b1cbf1f
mangataisho-2015-072,mangataisho-2015,duplicate,candidate-d17ed75dcf05f7d96507,work-d17ed75dcf05f7d96507,mapping-9e9d2807b55248a61ff0
mangataisho-2015-073,mangataisho-2015,unresolved,,,
mangataisho-2015-074,mangataisho-2015,included,candidate-01f5afe5dcc86cc7b664,work-01f5afe5dcc86cc7b664,mapping-344cea5960b33d88a7e8
mangataisho-2015-075,mangataisho-2015,included,candidate-ca9e45ed0028858c0126,work-ca9e45ed0028858c0126,mapping-4806fdc62dd98cf2ae53
mangataisho-2015-076,mangataisho-2015,included,candidate-97d088086128a66d692d,work-97d088086128a66d692d,mapping-e9b1ade06c875d822172
mangataisho-2015-077,mangataisho-2015,unresolved,,,
mangataisho-2015-078,mangataisho-2015,included,candidate-f790f97e451eb4a1a893,work-f790f97e451eb4a1a893,mapping-e0eab0e559054fd74d1e
mangataisho-2015-079,mangataisho-2015,included,candidate-9ed6fa395060b8ee9851,work-9ed6fa395060b8ee9851,mapping-503a72bedff1fc604431
mangataisho-2015-080,mangataisho-2015,included,candidate-fa5f7e6238a0d3247a8c,work-fa5f7e6238a0d3247a8c,mapping-f3b51c357bd741b98f4f
mangataisho-2015-081,mangataisho-2015,duplicate,candidate-3713ab561de583d709bc,work-3713ab561de583d709bc,mapping-7fe3180e04c855d09127
mangataisho-2015-082,mangataisho-2015,duplicate,candidate-e7c99b3b140c24e6d723,work-e7c99b3b140c24e6d723,mapping-0520facc15b3b4850f6b
mangataisho-2015-083,mangataisho-2015,included,candidate-42a672642cff9f7cfb59,work-42a672642cff9f7cfb59,mapping-9f02ef51c0badbd364ae
mangataisho-2015-084,mangataisho-2015,included,candidate-78ca5a89590ad691bb34,work-78ca5a89590ad691bb34,mapping-4f8efb657496ee9fa779
mangataisho-2015-085,mangataisho-2015,unresolved,,,
mangataisho-2015-086,mangataisho-2015,unresolved,,,
mangataisho-2015-087,mangataisho-2015,unresolved,,,
mangataisho-2015-088,mangataisho-2015,included,candidate-be90023564b36a3b0eac,work-be90023564b36a3b0eac,mapping-70ab1499e45f6981e6a5
mangataisho-2015-089,mangataisho-2015,duplicate,candidate-bad930ace10caa55d7e2,work-bad930ace10caa55d7e2,mapping-032afaaa57682333ab34
mangataisho-2015-090,mangataisho-2015,unresolved,,,
mangataisho-2015-091,mangataisho-2015,included,candidate-f564a856e052f345ea54,work-f564a856e052f345ea54,mapping-4ef47ca65f015eee0ed3
mangataisho-2015-092,mangataisho-2015,unresolved,,,
mangataisho-2015-093,mangataisho-2015,duplicate,candidate-a4ca6e21e97927928e1a,work-a4ca6e21e97927928e1a,mapping-f11e0a42d412915baeb7
mangataisho-2015-094,mangataisho-2015,included,candidate-c8e86b62755ca0f07faf,work-c8e86b62755ca0f07faf,mapping-b48fff0739400b95de2e
mangataisho-2015-095,mangataisho-2015,included,candidate-6c4d17a533923de58e6a,work-6c4d17a533923de58e6a,mapping-bd8cb36822497414e3a2
mangataisho-2015-096,mangataisho-2015,unresolved,,,
mangataisho-2015-097,mangataisho-2015,duplicate,candidate-7f27142cfed178db5059,work-7f27142cfed178db5059,mapping-1a2ad06ee37c01e350c7
mangataisho-2015-098,mangataisho-2015,duplicate,candidate-98496629236d52367540,work-98496629236d52367540,mapping-4373493d9bc490169fe7
mangataisho-2015-099,mangataisho-2015,included,candidate-8fe3fc7e4a5c069b0a9f,work-8fe3fc7e4a5c069b0a9f,mapping-ac3674ca92d90c5bdf89
mangataisho-2015-100,mangataisho-2015,duplicate,candidate-c7e065f61bb7a176ee56,work-c7e065f61bb7a176ee56,mapping-085237a87cb27bd91764
mangataisho-2015-101,mangataisho-2015,duplicate,candidate-0d1ad77728a44df56508,work-0d1ad77728a44df56508,mapping-2f8cc9ced2c8985971b5
mangataisho-2015-102,mangataisho-2015,duplicate,candidate-0dabd1d17e5fcf2992b9,work-0dabd1d17e5fcf2992b9,mapping-9a7f1e74e7daef0f69a3
mangataisho-2015-103,mangataisho-2015,duplicate,candidate-5baea1ce0e7e74df34b9,work-5baea1ce0e7e74df34b9,mapping-6f29dbed4a910f37409c
mangataisho-2015-104,mangataisho-2015,included,candidate-93efef7aea4cca78ca31,work-93efef7aea4cca78ca31,mapping-ac3e1699d4c0a76f25d4
mangataisho-2015-105,mangataisho-2015,included,candidate-ddbbd4d4c1e6703df56d,work-ddbbd4d4c1e6703df56d,mapping-61f5df792c38ee1c770d
mangataisho-2015-106,mangataisho-2015,duplicate,candidate-9791d80d12670e9b87c5,work-9791d80d12670e9b87c5,mapping-03d3d8e6a0270b1f1519
mangataisho-2015-107,mangataisho-2015,duplicate,candidate-49c0073fd735f54ab8e2,work-49c0073fd735f54ab8e2,mapping-d309c046355f07b37baf
mangataisho-2015-108,mangataisho-2015,included,candidate-580d12e46b72fad34332,work-580d12e46b72fad34332,mapping-b9d2b81dc1ff1acf8db7
mangataisho-2015-109,mangataisho-2015,unresolved,,,
mangataisho-2015-110,mangataisho-2015,included,candidate-b8e8677c1cf0600ba9ae,work-b8e8677c1cf0600ba9ae,mapping-ecf86741c7767fe6a938
mangataisho-2015-111,mangataisho-2015,duplicate,candidate-2356050c72240569e1c5,work-2356050c72240569e1c5,mapping-7ce9b94734f5f9c54980
mangataisho-2015-112,mangataisho-2015,included,candidate-81cf263857ea33845b28,work-81cf263857ea33845b28,mapping-fc55a08efea814ff2fc0
mangataisho-2015-113,mangataisho-2015,included,candidate-e3b284d0d5dbc4382472,work-e3b284d0d5dbc4382472,mapping-6964ac0d52c54f073bbf
mangataisho-2015-114,mangataisho-2015,included,candidate-ca3b272242f844b81d5d,work-ca3b272242f844b81d5d,mapping-1433b55adad06f6daef7
mangataisho-2015-115,mangataisho-2015,unresolved,,,
mangataisho-2015-116,mangataisho-2015,duplicate,candidate-40b8c35b1d8c9a90144c,work-40b8c35b1d8c9a90144c,mapping-29b50499493b2734b607
mangataisho-2015-117,mangataisho-2015,included,candidate-56cfe3f157c6da083f35,work-56cfe3f157c6da083f35,mapping-43b812cf4b055843abc9
mangataisho-2015-118,mangataisho-2015,unresolved,,,
mangataisho-2015-119,mangataisho-2015,duplicate,candidate-7abb6e8396c5e1252173,work-7abb6e8396c5e1252173,mapping-ec7a190d2de80b533ecd
mangataisho-2015-120,mangataisho-2015,unresolved,,,
mangataisho-2015-121,mangataisho-2015,duplicate,candidate-a8a810cf55a64514d666,work-a8a810cf55a64514d666,mapping-8bc715eb4beb297bd158
mangataisho-2015-122,mangataisho-2015,duplicate,candidate-c50ea94bb66f72c679a2,work-c50ea94bb66f72c679a2,mapping-8e026245ed10516c0da4
mangataisho-2015-123,mangataisho-2015,duplicate,candidate-557c4ffa7e2888066c1d,work-557c4ffa7e2888066c1d,mapping-0d1d6cbb91cf6e55e986
mangataisho-2015-124,mangataisho-2015,unresolved,,,
mangataisho-2015-125,mangataisho-2015,duplicate,candidate-2f3c0cad1abdcbf5de00,the-full-time-wife-escapist,mapping-1ba5bbabe9a746bfe97a
mangataisho-2015-126,mangataisho-2015,included,candidate-b30deb01be407f4874d5,work-b30deb01be407f4874d5,mapping-0c9144bde8b73e25f4c8
mangataisho-2015-127,mangataisho-2015,included,candidate-c0a4903a040d0f704d18,work-c0a4903a040d0f704d18,mapping-834496851188fc1b9d5b
mangataisho-2015-128,mangataisho-2015,included,candidate-641e15c43d24c2481485,work-641e15c43d24c2481485,mapping-9ab27f1082c0c9798a47
mangataisho-2015-129,mangataisho-2015,included,candidate-a96d64f7be96aacf16b3,work-a96d64f7be96aacf16b3,mapping-a0bd65356ff7b96058ab
mangataisho-2015-130,mangataisho-2015,included,candidate-3756452c858147418fe2,work-3756452c858147418fe2,mapping-a0e8df3d6f14efd59fcc
mangataisho-2015-131,mangataisho-2015,unresolved,,,
mangataisho-2015-132,mangataisho-2015,included,candidate-92d498541928ccba7865,work-92d498541928ccba7865,mapping-53105422bcb0e60179ea
mangataisho-2015-133,mangataisho-2015,included,candidate-f4085acccd1c37fc1783,work-f4085acccd1c37fc1783,mapping-aee85e9fda8a686f7c4e
mangataisho-2015-134,mangataisho-2015,duplicate,candidate-132ce7172750a3b1fa53,work-132ce7172750a3b1fa53,mapping-9229ccbb00c26c177ac4
mangataisho-2015-135,mangataisho-2015,included,candidate-2b94b6742ee16e29f5d3,work-2b94b6742ee16e29f5d3,mapping-41a2edf1628ed8d13c89
mangataisho-2015-136,mangataisho-2015,included,candidate-aefa7ad21c5edcb200f2,work-aefa7ad21c5edcb200f2,mapping-816d57f8a6bc848766d4
mangataisho-2015-137,mangataisho-2015,duplicate,candidate-a5ea58e7f117809f190c,work-a5ea58e7f117809f190c,mapping-88e0be9f0d635cad0e4a
mangataisho-2015-138,mangataisho-2015,included,candidate-da9747a68dbee0670b08,work-da9747a68dbee0670b08,mapping-93eb0299d604e7138a1d
mangataisho-2015-139,mangataisho-2015,duplicate,candidate-64cd212285dac5214c5f,work-64cd212285dac5214c5f,mapping-770e408c946e8f36f5a2
mangataisho-2015-140,mangataisho-2015,included,candidate-867422e99320c757a340,work-867422e99320c757a340,mapping-e99ae86562b067464c35
mangataisho-2015-141,mangataisho-2015,included,candidate-44ff18e161ee0c10497e,work-44ff18e161ee0c10497e,mapping-06cf0f5a837a22dceb76
mangataisho-2015-142,mangataisho-2015,duplicate,candidate-9072892a767332254f00,work-9072892a767332254f00,mapping-85a4ad9e753f94d0b241
mangataisho-2015-143,mangataisho-2015,included,candidate-4bf5f17cb5da0a706064,work-4bf5f17cb5da0a706064,mapping-c2812ce5a25a775ce56c
mangataisho-2015-144,mangataisho-2015,duplicate,candidate-43ebf010a490cfd4bb50,work-43ebf010a490cfd4bb50,mapping-41789e40fe9083d74e70
mangataisho-2015-145,mangataisho-2015,included,candidate-ccd2699707d53f99e8c5,work-ccd2699707d53f99e8c5,mapping-bb2ad726b03ee95d6e2d
mangataisho-2015-146,mangataisho-2015,unresolved,,,
mangataisho-2015-147,mangataisho-2015,unresolved,,,
mangataisho-2015-148,mangataisho-2015,duplicate,candidate-7281d838666983756309,work-7281d838666983756309,mapping-e9ed39ce77de1d01185f
mangataisho-2015-149,mangataisho-2015,unresolved,,,
mangataisho-2015-150,mangataisho-2015,included,candidate-b0d9262b5faec57443d3,work-b0d9262b5faec57443d3,mapping-3f8b3b4ca4350d76c120
mangataisho-2015-151,mangataisho-2015,included,candidate-432af718ea660fe01699,work-432af718ea660fe01699,mapping-84b9dbdf6dbe56277b0a
mangataisho-2015-152,mangataisho-2015,included,candidate-166485add3d7262afb00,work-166485add3d7262afb00,mapping-b1989f705cf598d4bbfc
mangataisho-2015-153,mangataisho-2015,included,candidate-c6b3f1cb34d8b4a922dc,work-c6b3f1cb34d8b4a922dc,mapping-fb250d499de2e5b3972e
mangataisho-2015-154,mangataisho-2015,included,candidate-f1a4b39804a85f91fc1e,work-f1a4b39804a85f91fc1e,mapping-6a5f97fe4c9307257336
mangataisho-2015-155,mangataisho-2015,duplicate,candidate-49be48c972a16985bd57,witchcraft-works,mapping-e190797c40769db487c8
mangataisho-2015-156,mangataisho-2015,duplicate,candidate-5ebbc9bede841d2faf7b,work-5ebbc9bede841d2faf7b,mapping-3b993b6cee83b3267e6a
mangataisho-2015-157,mangataisho-2015,unresolved,,,
mangataisho-2015-158,mangataisho-2015,duplicate,candidate-1d447cc9026b530fb53d,work-1d447cc9026b530fb53d,mapping-0fd7e43da7183e5d6748
mangataisho-2015-159,mangataisho-2015,included,candidate-61a5fe43e48685c3fcf5,work-61a5fe43e48685c3fcf5,mapping-561b9755b3687ce9451b
mangataisho-2015-160,mangataisho-2015,duplicate,candidate-f59be454d59478f33914,work-f59be454d59478f33914,mapping-72f6190375c6889af4e0
mangataisho-2015-161,mangataisho-2015,duplicate,candidate-a47ba80532ff25bd84c0,work-a47ba80532ff25bd84c0,mapping-c89f60eed56d542d93ed
mangataisho-2015-162,mangataisho-2015,included,candidate-c88171b2210a4dc37f79,work-c88171b2210a4dc37f79,mapping-19871bd800588fb29285
mangataisho-2015-163,mangataisho-2015,unresolved,,,
mangataisho-2015-164,mangataisho-2015,included,candidate-480da6364966b47be4be,work-480da6364966b47be4be,mapping-f94605cea8cc90b33850
mangataisho-2015-165,mangataisho-2015,duplicate,candidate-1e9c4852863a22bba058,work-1e9c4852863a22bba058,mapping-7119cfee2bee288ba4ad
mangataisho-2015-166,mangataisho-2015,duplicate,candidate-2bf90cde47b156d1acb6,made-in-abyss,mapping-af1faa53402c9a83db20
mangataisho-2015-167,mangataisho-2015,unresolved,,,
mangataisho-2015-168,mangataisho-2015,duplicate,candidate-2c4fe00df5255fc082f9,work-2c4fe00df5255fc082f9,mapping-e163397269693555797f
mangataisho-2015-169,mangataisho-2015,included,candidate-e846148224265dc2cd39,work-e846148224265dc2cd39,mapping-4fea5b87d7aec61ce60b
mangataisho-2015-170,mangataisho-2015,unresolved,,,
mangataisho-2015-171,mangataisho-2015,included,candidate-5fbe9161a398e544a4dc,work-5fbe9161a398e544a4dc,mapping-5cce4e75dc578ceb344c
mangataisho-2015-172,mangataisho-2015,unresolved,,,
mangataisho-2015-173,mangataisho-2015,duplicate,candidate-1bce95b6c02673e59bcf,work-1bce95b6c02673e59bcf,mapping-65e4a985664781b0c4e3
mangataisho-2015-174,mangataisho-2015,unresolved,,,
mangataisho-2015-175,mangataisho-2015,included,candidate-3ab36dd110361fdc700d,work-3ab36dd110361fdc700d,mapping-9b211b872e73754653c0
mangataisho-2015-176,mangataisho-2015,included,candidate-efe3b9b2fc6373ae767a,work-efe3b9b2fc6373ae767a,mapping-04fe7e673b5ef5fb8272
mangataisho-2015-177,mangataisho-2015,unresolved,,,
mangataisho-2015-178,mangataisho-2015,included,candidate-90e7fb3bdbfb6d3ebab2,work-90e7fb3bdbfb6d3ebab2,mapping-72780e7050aa122ad53e
mangataisho-2015-179,mangataisho-2015,unresolved,,,
mangataisho-2015-180,mangataisho-2015,unresolved,,,
mangataisho-2015-181,mangataisho-2015,included,candidate-889bc957a60a0558af22,work-889bc957a60a0558af22,mapping-25c68384f226a5122189
mangataisho-2015-182,mangataisho-2015,unresolved,,,
mangataisho-2015-183,mangataisho-2015,duplicate,candidate-171b262b7ad72871f795,work-171b262b7ad72871f795,mapping-be978e4edcb64879f661
mangataisho-2015-184,mangataisho-2015,unresolved,,,
mangataisho-2015-185,mangataisho-2015,unresolved,,,
mangataisho-2015-186,mangataisho-2015,duplicate,candidate-d655ea1cfb913f33cc9a,work-d655ea1cfb913f33cc9a,mapping-cbb363e3facbc80aacc0
mangataisho-2015-187,mangataisho-2015,included,candidate-fcf4a94b4002d5d88acb,work-fcf4a94b4002d5d88acb,mapping-36145f8a6eabbbf2858c
mangataisho-2015-188,mangataisho-2015,included,candidate-edd5a737d6ae4a09bb55,work-edd5a737d6ae4a09bb55,mapping-45f303e122cc4eb68ebb
mangataisho-2015-189,mangataisho-2015,duplicate,candidate-174e7603bb0e71bb62ab,work-174e7603bb0e71bb62ab,mapping-444453635dbcc9552e54
mangataisho-2015-190,mangataisho-2015,included,candidate-01b06bd4f3e359d221dc,work-01b06bd4f3e359d221dc,mapping-ecc93985a775f2f6070a
mangataisho-2015-191,mangataisho-2015,included,candidate-a30c0fbb0769daac98cc,work-a30c0fbb0769daac98cc,mapping-63db5ac48e6138b00c50
mangataisho-2015-192,mangataisho-2015,duplicate,candidate-62e51d8166d487f9e6e3,work-62e51d8166d487f9e6e3,mapping-10ec1726aadd88302386
mangataisho-2015-193,mangataisho-2015,duplicate,candidate-9e98119539f60465ce66,work-9e98119539f60465ce66,mapping-305b66638e3e0ce3ca6a
mangataisho-2015-194,mangataisho-2015,included,candidate-03f8af97a21564c3601e,work-03f8af97a21564c3601e,mapping-3672b7c698a0eb34ad30
mangataisho-2015-195,mangataisho-2015,duplicate,candidate-5ad2d778cc989ba7fd2a,work-5ad2d778cc989ba7fd2a,mapping-5d75f6c25860e3fb5e87
mangataisho-2015-196,mangataisho-2015,unresolved,,,
mangataisho-2015-197,mangataisho-2015,included,candidate-1f9cbf84ad0fd7f3897e,work-1f9cbf84ad0fd7f3897e,mapping-5d6516007852de80f7a6
mangataisho-2015-198,mangataisho-2015,unresolved,,,
mangataisho-2015-199,mangataisho-2015,duplicate,candidate-4c519b1e8a421d123fef,work-4c519b1e8a421d123fef,mapping-f363e44f56edbe69d23b
mangataisho-2015-200,mangataisho-2015,included,candidate-366b0db13fa737e823aa,work-366b0db13fa737e823aa,mapping-4775c324807d1f4bc089
mangataisho-2015-201,mangataisho-2015,unresolved,,,
mangataisho-2015-202,mangataisho-2015,duplicate,candidate-d97ef7c1bc4fd286d55a,work-d97ef7c1bc4fd286d55a,mapping-f8b7b68148400e2d018f
mangataisho-2015-203,mangataisho-2015,included,candidate-6a462d4dc8f82651c836,work-6a462d4dc8f82651c836,mapping-9a1434bdeda60d83565c
mangataisho-2015-204,mangataisho-2015,included,candidate-003f3f37d4def277a23b,work-003f3f37d4def277a23b,mapping-f112ef06498023448243
mangataisho-2015-205,mangataisho-2015,included,candidate-4d9f1108aabbace31126,work-4d9f1108aabbace31126,mapping-550ecdd3b0686201982d
mangataisho-2015-206,mangataisho-2015,included,candidate-11f7290fc68cdf9635aa,work-11f7290fc68cdf9635aa,mapping-a1a80e86bd4be2d5d8e9
mangataisho-2015-207,mangataisho-2015,duplicate,candidate-7e667fcf9c44138386d7,work-7e667fcf9c44138386d7,mapping-1f4c80e05489b26304cf
mangataisho-2015-208,mangataisho-2015,included,candidate-4c5e29ca09aa2086be37,work-4c5e29ca09aa2086be37,mapping-9fb707b2ccfe864ea235
mangataisho-2015-209,mangataisho-2015,duplicate,candidate-ef7106f6a387c9860877,work-ef7106f6a387c9860877,mapping-0d7bc78f2b349c9e256a
mangataisho-2015-210,mangataisho-2015,unresolved,,,
mangataisho-2015-211,mangataisho-2015,duplicate,candidate-26e7c545d71636545e18,work-26e7c545d71636545e18,mapping-f20862911975cb61eec2
mangataisho-2015-212,mangataisho-2015,included,candidate-5f23120a034be3aebbe7,work-5f23120a034be3aebbe7,mapping-f89cc73bf3277fe0c2f4
mangataisho-2015-213,mangataisho-2015,included,candidate-7086ab99dd139f0ea353,tokyo-tarareba-girls,mapping-1a49d8a2c39e3e85bf9a
mangataisho-2015-214,mangataisho-2015,duplicate,candidate-f6fa4c2d3a7e1dc5257b,work-f6fa4c2d3a7e1dc5257b,mapping-b412ffcfbb98e3c7739c
mangataisho-2015-215,mangataisho-2015,duplicate,candidate-f4bfc29a5e0a9b5148d0,work-f4bfc29a5e0a9b5148d0,mapping-7504258543b161e87123
mangataisho-2015-216,mangataisho-2015,included,candidate-442996147b9d4e2aa02a,work-442996147b9d4e2aa02a,mapping-da69f46d262550cc5301
mangataisho-2015-217,mangataisho-2015,included,candidate-f026e913432b49d70ef0,work-f026e913432b49d70ef0,mapping-dda5e02a433f615390ac
mangataisho-2015-218,mangataisho-2015,included,candidate-20cc795ddb729a1e2b53,work-20cc795ddb729a1e2b53,mapping-7ac7a0b82c0f15f9d650
mangataisho-2015-219,mangataisho-2015,included,candidate-323baa7e8d1071236816,work-323baa7e8d1071236816,mapping-ba28bb0b46191f6bd63e
mangataisho-2015-220,mangataisho-2015,duplicate,candidate-79c18b26dfde8a532f73,work-79c18b26dfde8a532f73,mapping-c8268d88e5154bdab5c6
mangataisho-2015-221,mangataisho-2015,unresolved,,,
mangataisho-2015-222,mangataisho-2015,included,candidate-bcf6814e2f138e3d4b6e,work-bcf6814e2f138e3d4b6e,mapping-929289d7c4432016fde5
mangataisho-2015-223,mangataisho-2015,included,candidate-b2b928add359bc4daf20,work-b2b928add359bc4daf20,mapping-01e8f3bee337cf1b0b75
mangataisho-2015-224,mangataisho-2015,duplicate,candidate-f31a42ea4ad724acefa5,work-f31a42ea4ad724acefa5,mapping-dc7520f53be080ff1fc5
mangataisho-2015-225,mangataisho-2015,duplicate,candidate-621170c75f41c495f8c0,showa-genroku-rakugo-shinju,mapping-1f674c41aef899abc6fe
mangataisho-2015-226,mangataisho-2015,duplicate,candidate-5b7cf2105a4bc6f6b46c,work-5b7cf2105a4bc6f6b46c,mapping-ec775900b4d9093b852b
mangataisho-2015-227,mangataisho-2015,included,candidate-500bf1972a4c3b840ded,work-500bf1972a4c3b840ded,mapping-fff444db41fd7daac270
mangataisho-2015-228,mangataisho-2015,included,candidate-213e1ded93227144f197,work-213e1ded93227144f197,mapping-e61df12deb1014b9f05c
mangataisho-2015-229,mangataisho-2015,unresolved,,,
mangataisho-2015-230,mangataisho-2015,included,candidate-1c65e693efaeeca02c67,work-1c65e693efaeeca02c67,mapping-12fd2ad6bbdb765d595b
mangataisho-2015-231,mangataisho-2015,duplicate,candidate-84b7c7d7720447075c25,work-84b7c7d7720447075c25,mapping-2919caa2da1e222c43ef
mangataisho-2015-232,mangataisho-2015,unresolved,,,
mangataisho-2015-233,mangataisho-2015,unresolved,,,
mangataisho-2016-001,mangataisho-2016,duplicate,candidate-aea730e4f15b395ca222,golden-kamuy,mapping-70ed080a9a092ccef67c
mangataisho-2016-002,mangataisho-2016,duplicate,candidate-2f8f8ff0e042ac2e2f02,dungeon-meshi,mapping-a8e19453cb3eb014ec29
mangataisho-2016-003,mangataisho-2016,duplicate,candidate-7b1d0ad37dd2fb2a8045,blue-giant,mapping-a50ec0e1217b355970f7
mangataisho-2016-004,mangataisho-2016,duplicate,candidate-709876566e7697dc53e9,erased,mapping-406db58bb8ee2ea7a1cd
mangataisho-2016-005,mangataisho-2016,unresolved,,,
mangataisho-2016-006,mangataisho-2016,duplicate,candidate-094fec9e7639ddcbbc07,wave-listen-to-me,mapping-47cb93a7164e7db4e764
mangataisho-2016-007,mangataisho-2016,duplicate,candidate-8716f80d9b988bd0d055,work-8716f80d9b988bd0d055,mapping-83ffe3123d3799ad4174
mangataisho-2016-008,mangataisho-2016,duplicate,candidate-b0baba6c795643b1db91,work-b0baba6c795643b1db91,mapping-fbc40bbe54076b72f30e
mangataisho-2016-009,mangataisho-2016,duplicate,candidate-7086ab99dd139f0ea353,tokyo-tarareba-girls,mapping-6b0fac08eb86309043b1
mangataisho-2016-010,mangataisho-2016,unresolved,,,
mangataisho-2016-011,mangataisho-2016,unresolved,,,
mangataisho-2016-012,mangataisho-2016,unresolved,,,
mangataisho-2016-013,mangataisho-2016,unresolved,,,
mangataisho-2016-014,mangataisho-2016,unresolved,,,
mangataisho-2016-015,mangataisho-2016,unresolved,,,
mangataisho-2016-016,mangataisho-2016,unresolved,,,
mangataisho-2016-017,mangataisho-2016,unresolved,,,
mangataisho-2016-018,mangataisho-2016,unresolved,,,
mangataisho-2016-019,mangataisho-2016,unresolved,,,
mangataisho-2016-020,mangataisho-2016,unresolved,,,
mangataisho-2016-021,mangataisho-2016,unresolved,,,
mangataisho-2016-022,mangataisho-2016,unresolved,,,
mangataisho-2016-023,mangataisho-2016,unresolved,,,
mangataisho-2016-024,mangataisho-2016,unresolved,,,
mangataisho-2016-025,mangataisho-2016,unresolved,,,
mangataisho-2016-026,mangataisho-2016,unresolved,,,
mangataisho-2016-027,mangataisho-2016,unresolved,,,
mangataisho-2016-028,mangataisho-2016,unresolved,,,
mangataisho-2016-029,mangataisho-2016,unresolved,,,
mangataisho-2016-030,mangataisho-2016,unresolved,,,
mangataisho-2016-031,mangataisho-2016,unresolved,,,
mangataisho-2016-032,mangataisho-2016,unresolved,,,
mangataisho-2016-033,mangataisho-2016,unresolved,,,
mangataisho-2016-034,mangataisho-2016,unresolved,,,
mangataisho-2016-035,mangataisho-2016,unresolved,,,
mangataisho-2016-036,mangataisho-2016,unresolved,,,
mangataisho-2016-037,mangataisho-2016,unresolved,,,
mangataisho-2016-038,mangataisho-2016,unresolved,,,
mangataisho-2016-039,mangataisho-2016,unresolved,,,
mangataisho-2016-040,mangataisho-2016,unresolved,,,
mangataisho-2016-041,mangataisho-2016,unresolved,,,
mangataisho-2016-042,mangataisho-2016,unresolved,,,
mangataisho-2016-043,mangataisho-2016,unresolved,,,
mangataisho-2016-044,mangataisho-2016,unresolved,,,
mangataisho-2016-045,mangataisho-2016,unresolved,,,
mangataisho-2016-046,mangataisho-2016,unresolved,,,
mangataisho-2016-047,mangataisho-2016,unresolved,,,
mangataisho-2016-048,mangataisho-2016,unresolved,,,
mangataisho-2016-049,mangataisho-2016,unresolved,,,
mangataisho-2016-050,mangataisho-2016,unresolved,,,
mangataisho-2016-051,mangataisho-2016,unresolved,,,
mangataisho-2016-052,mangataisho-2016,unresolved,,,
mangataisho-2016-053,mangataisho-2016,unresolved,,,
mangataisho-2016-054,mangataisho-2016,unresolved,,,
mangataisho-2016-055,mangataisho-2016,unresolved,,,
mangataisho-2016-056,mangataisho-2016,unresolved,,,
mangataisho-2016-057,mangataisho-2016,unresolved,,,
mangataisho-2016-058,mangataisho-2016,unresolved,,,
mangataisho-2016-059,mangataisho-2016,unresolved,,,
mangataisho-2016-060,mangataisho-2016,unresolved,,,
mangataisho-2016-061,mangataisho-2016,unresolved,,,
mangataisho-2016-062,mangataisho-2016,unresolved,,,
mangataisho-2016-063,mangataisho-2016,unresolved,,,
mangataisho-2016-064,mangataisho-2016,unresolved,,,
mangataisho-2016-065,mangataisho-2016,unresolved,,,
mangataisho-2016-066,mangataisho-2016,unresolved,,,
mangataisho-2016-067,mangataisho-2016,unresolved,,,
mangataisho-2016-068,mangataisho-2016,unresolved,,,
mangataisho-2016-069,mangataisho-2016,unresolved,,,
mangataisho-2016-070,mangataisho-2016,unresolved,,,
mangataisho-2016-071,mangataisho-2016,unresolved,,,
mangataisho-2016-072,mangataisho-2016,unresolved,,,
mangataisho-2016-073,mangataisho-2016,unresolved,,,
mangataisho-2016-074,mangataisho-2016,unresolved,,,
mangataisho-2016-075,mangataisho-2016,unresolved,,,
mangataisho-2016-076,mangataisho-2016,unresolved,,,
mangataisho-2016-077,mangataisho-2016,unresolved,,,
mangataisho-2016-078,mangataisho-2016,unresolved,,,
mangataisho-2016-079,mangataisho-2016,unresolved,,,
mangataisho-2016-080,mangataisho-2016,unresolved,,,
mangataisho-2016-081,mangataisho-2016,unresolved,,,
mangataisho-2016-082,mangataisho-2016,unresolved,,,
mangataisho-2016-083,mangataisho-2016,unresolved,,,
mangataisho-2016-084,mangataisho-2016,unresolved,,,
mangataisho-2016-085,mangataisho-2016,unresolved,,,
mangataisho-2016-086,mangataisho-2016,unresolved,,,
mangataisho-2016-087,mangataisho-2016,unresolved,,,
mangataisho-2016-088,mangataisho-2016,unresolved,,,
mangataisho-2016-089,mangataisho-2016,unresolved,,,
mangataisho-2016-090,mangataisho-2016,unresolved,,,
mangataisho-2016-091,mangataisho-2016,unresolved,,,
mangataisho-2016-092,mangataisho-2016,unresolved,,,
mangataisho-2016-093,mangataisho-2016,unresolved,,,
mangataisho-2016-094,mangataisho-2016,unresolved,,,
mangataisho-2016-095,mangataisho-2016,unresolved,,,
mangataisho-2016-096,mangataisho-2016,unresolved,,,
mangataisho-2016-097,mangataisho-2016,unresolved,,,
mangataisho-2016-098,mangataisho-2016,unresolved,,,
mangataisho-2016-099,mangataisho-2016,unresolved,,,
mangataisho-2016-100,mangataisho-2016,unresolved,,,
mangataisho-2016-101,mangataisho-2016,unresolved,,,
mangataisho-2016-102,mangataisho-2016,unresolved,,,
mangataisho-2016-103,mangataisho-2016,unresolved,,,
mangataisho-2016-104,mangataisho-2016,unresolved,,,
mangataisho-2016-105,mangataisho-2016,unresolved,,,
mangataisho-2016-106,mangataisho-2016,unresolved,,,
mangataisho-2016-107,mangataisho-2016,unresolved,,,
mangataisho-2016-108,mangataisho-2016,unresolved,,,
mangataisho-2016-109,mangataisho-2016,unresolved,,,
mangataisho-2016-110,mangataisho-2016,unresolved,,,
mangataisho-2016-111,mangataisho-2016,unresolved,,,
mangataisho-2016-112,mangataisho-2016,unresolved,,,
mangataisho-2016-113,mangataisho-2016,unresolved,,,
mangataisho-2016-114,mangataisho-2016,unresolved,,,
mangataisho-2016-115,mangataisho-2016,unresolved,,,
mangataisho-2016-116,mangataisho-2016,unresolved,,,
mangataisho-2016-117,mangataisho-2016,unresolved,,,
mangataisho-2016-118,mangataisho-2016,unresolved,,,
mangataisho-2016-119,mangataisho-2016,unresolved,,,
mangataisho-2016-120,mangataisho-2016,unresolved,,,
mangataisho-2016-121,mangataisho-2016,unresolved,,,
mangataisho-2016-122,mangataisho-2016,unresolved,,,
mangataisho-2016-123,mangataisho-2016,unresolved,,,
mangataisho-2016-124,mangataisho-2016,unresolved,,,
mangataisho-2016-125,mangataisho-2016,unresolved,,,
mangataisho-2016-126,mangataisho-2016,unresolved,,,
mangataisho-2016-127,mangataisho-2016,unresolved,,,
mangataisho-2016-128,mangataisho-2016,unresolved,,,
mangataisho-2016-129,mangataisho-2016,unresolved,,,
mangataisho-2016-130,mangataisho-2016,unresolved,,,
mangataisho-2016-131,mangataisho-2016,unresolved,,,
mangataisho-2016-132,mangataisho-2016,unresolved,,,
mangataisho-2016-133,mangataisho-2016,unresolved,,,
mangataisho-2016-134,mangataisho-2016,unresolved,,,
mangataisho-2016-135,mangataisho-2016,unresolved,,,
mangataisho-2016-136,mangataisho-2016,unresolved,,,
mangataisho-2016-137,mangataisho-2016,unresolved,,,
mangataisho-2016-138,mangataisho-2016,unresolved,,,
mangataisho-2016-139,mangataisho-2016,unresolved,,,
mangataisho-2016-140,mangataisho-2016,unresolved,,,
mangataisho-2016-141,mangataisho-2016,unresolved,,,
mangataisho-2016-142,mangataisho-2016,unresolved,,,
mangataisho-2016-143,mangataisho-2016,unresolved,,,
mangataisho-2016-144,mangataisho-2016,unresolved,,,
mangataisho-2016-145,mangataisho-2016,unresolved,,,
mangataisho-2016-146,mangataisho-2016,unresolved,,,
mangataisho-2016-147,mangataisho-2016,unresolved,,,
mangataisho-2016-148,mangataisho-2016,unresolved,,,
mangataisho-2016-149,mangataisho-2016,unresolved,,,
mangataisho-2016-150,mangataisho-2016,unresolved,,,
mangataisho-2016-151,mangataisho-2016,unresolved,,,
mangataisho-2016-152,mangataisho-2016,unresolved,,,
mangataisho-2016-153,mangataisho-2016,unresolved,,,
mangataisho-2016-154,mangataisho-2016,unresolved,,,
mangataisho-2016-155,mangataisho-2016,unresolved,,,
mangataisho-2016-156,mangataisho-2016,unresolved,,,
mangataisho-2016-157,mangataisho-2016,unresolved,,,
mangataisho-2016-158,mangataisho-2016,unresolved,,,
mangataisho-2016-159,mangataisho-2016,unresolved,,,
mangataisho-2016-160,mangataisho-2016,unresolved,,,
mangataisho-2016-161,mangataisho-2016,unresolved,,,
mangataisho-2016-162,mangataisho-2016,unresolved,,,
mangataisho-2016-163,mangataisho-2016,unresolved,,,
mangataisho-2016-164,mangataisho-2016,unresolved,,,
mangataisho-2016-165,mangataisho-2016,unresolved,,,
mangataisho-2016-166,mangataisho-2016,unresolved,,,
mangataisho-2016-167,mangataisho-2016,unresolved,,,
mangataisho-2016-168,mangataisho-2016,unresolved,,,
mangataisho-2016-169,mangataisho-2016,unresolved,,,
mangataisho-2016-170,mangataisho-2016,unresolved,,,
mangataisho-2016-171,mangataisho-2016,unresolved,,,
mangataisho-2016-172,mangataisho-2016,unresolved,,,
mangataisho-2016-173,mangataisho-2016,unresolved,,,
mangataisho-2016-174,mangataisho-2016,unresolved,,,
mangataisho-2016-175,mangataisho-2016,unresolved,,,
mangataisho-2016-176,mangataisho-2016,unresolved,,,
mangataisho-2016-177,mangataisho-2016,unresolved,,,
mangataisho-2016-178,mangataisho-2016,unresolved,,,
mangataisho-2016-179,mangataisho-2016,unresolved,,,
mangataisho-2016-180,mangataisho-2016,unresolved,,,
mangataisho-2016-181,mangataisho-2016,unresolved,,,
mangataisho-2016-182,mangataisho-2016,unresolved,,,
mangataisho-2016-183,mangataisho-2016,unresolved,,,
mangataisho-2016-184,mangataisho-2016,unresolved,,,
mangataisho-2016-185,mangataisho-2016,unresolved,,,
mangataisho-2016-186,mangataisho-2016,unresolved,,,
mangataisho-2016-187,mangataisho-2016,unresolved,,,
mangataisho-2016-188,mangataisho-2016,unresolved,,,
mangataisho-2016-189,mangataisho-2016,unresolved,,,
mangataisho-2016-190,mangataisho-2016,unresolved,,,
mangataisho-2016-191,mangataisho-2016,unresolved,,,
mangataisho-2016-192,mangataisho-2016,unresolved,,,
mangataisho-2016-193,mangataisho-2016,unresolved,,,
mangataisho-2016-194,mangataisho-2016,unresolved,,,
mangataisho-2016-195,mangataisho-2016,unresolved,,,
mangataisho-2016-196,mangataisho-2016,unresolved,,,
mangataisho-2016-197,mangataisho-2016,unresolved,,,
mangataisho-2016-198,mangataisho-2016,unresolved,,,
mangataisho-2016-199,mangataisho-2016,unresolved,,,
mangataisho-2016-200,mangataisho-2016,unresolved,,,
mangataisho-2016-201,mangataisho-2016,unresolved,,,
mangataisho-2016-202,mangataisho-2016,unresolved,,,
mangataisho-2016-203,mangataisho-2016,unresolved,,,
mangataisho-2016-204,mangataisho-2016,unresolved,,,
mangataisho-2016-205,mangataisho-2016,unresolved,,,
mangataisho-2016-206,mangataisho-2016,unresolved,,,
mangataisho-2016-207,mangataisho-2016,unresolved,,,
mangataisho-2016-208,mangataisho-2016,unresolved,,,
mangataisho-2016-209,mangataisho-2016,unresolved,,,
mangataisho-2016-210,mangataisho-2016,unresolved,,,
mangataisho-2016-211,mangataisho-2016,unresolved,,,
mangataisho-2016-212,mangataisho-2016,unresolved,,,
mangataisho-2016-213,mangataisho-2016,unresolved,,,
mangataisho-2016-214,mangataisho-2016,unresolved,,,
mangataisho-2016-215,mangataisho-2016,unresolved,,,
mangataisho-2016-216,mangataisho-2016,unresolved,,,
mangataisho-2016-217,mangataisho-2016,unresolved,,,
mangataisho-2016-218,mangataisho-2016,unresolved,,,
mangataisho-2016-219,mangataisho-2016,unresolved,,,
mangataisho-2016-220,mangataisho-2016,unresolved,,,
mangataisho-2016-221,mangataisho-2016,unresolved,,,
mangataisho-2016-222,mangataisho-2016,unresolved,,,
mangataisho-2016-223,mangataisho-2016,unresolved,,,
mangataisho-2016-224,mangataisho-2016,unresolved,,,
mangataisho-2016-225,mangataisho-2016,unresolved,,,
mangataisho-2016-226,mangataisho-2016,unresolved,,,
mangataisho-2017-001,mangataisho-2017,unresolved,,,
mangataisho-2017-002,mangataisho-2017,included,candidate-be8ce654b5d7e7b3fdfb,work-be8ce654b5d7e7b3fdfb,mapping-e42fa99215da0290cd3e
mangataisho-2017-003,mangataisho-2017,duplicate,candidate-2f8f8ff0e042ac2e2f02,dungeon-meshi,mapping-c51923540dec9e13724b
mangataisho-2017-004,mangataisho-2017,unresolved,,,
mangataisho-2017-005,mangataisho-2017,duplicate,candidate-094fec9e7639ddcbbc07,wave-listen-to-me,mapping-4bd1f251aa1fb86a9e30
mangataisho-2017-006,mangataisho-2017,unresolved,,,
mangataisho-2017-007,mangataisho-2017,included,candidate-5e7eef6cc23d9738e034,work-5e7eef6cc23d9738e034,mapping-043d0435b3b5d123fded
mangataisho-2017-008,mangataisho-2017,included,candidate-0e036724913c69bb937a,work-0e036724913c69bb937a,mapping-24565c891653fc4efdd3
mangataisho-2017-009,mangataisho-2017,duplicate,candidate-8a7846af8ead1797e6a2,work-8a7846af8ead1797e6a2,mapping-f72a39d780e1da31185a
mangataisho-2017-010,mangataisho-2017,duplicate,candidate-174e7603bb0e71bb62ab,work-174e7603bb0e71bb62ab,mapping-6d263e93acf3b3bc3f0e
mangataisho-2017-011,mangataisho-2017,duplicate,candidate-07faf4019b12de5e877d,work-07faf4019b12de5e877d,mapping-7e5c4ff0485393a744c6
mangataisho-2017-012,mangataisho-2017,duplicate,candidate-7086ab99dd139f0ea353,tokyo-tarareba-girls,mapping-13860b65add33f44c36c
mangataisho-2017-013,mangataisho-2017,duplicate,candidate-f6cddc6b36f20bd0cc74,work-f6cddc6b36f20bd0cc74,mapping-042f405b44ea59e5e2e9
mangataisho-2017-014,mangataisho-2017,unresolved,,,
mangataisho-2017-015,mangataisho-2017,unresolved,,,
mangataisho-2017-016,mangataisho-2017,unresolved,,,
mangataisho-2017-017,mangataisho-2017,unresolved,,,
mangataisho-2017-018,mangataisho-2017,unresolved,,,
mangataisho-2017-019,mangataisho-2017,unresolved,,,
mangataisho-2017-020,mangataisho-2017,unresolved,,,
mangataisho-2017-021,mangataisho-2017,unresolved,,,
mangataisho-2017-022,mangataisho-2017,unresolved,,,
mangataisho-2017-023,mangataisho-2017,unresolved,,,
mangataisho-2017-024,mangataisho-2017,unresolved,,,
mangataisho-2017-025,mangataisho-2017,unresolved,,,
mangataisho-2017-026,mangataisho-2017,unresolved,,,
mangataisho-2017-027,mangataisho-2017,unresolved,,,
mangataisho-2017-028,mangataisho-2017,unresolved,,,
mangataisho-2017-029,mangataisho-2017,unresolved,,,
mangataisho-2017-030,mangataisho-2017,unresolved,,,
mangataisho-2017-031,mangataisho-2017,unresolved,,,
mangataisho-2017-032,mangataisho-2017,unresolved,,,
mangataisho-2017-033,mangataisho-2017,unresolved,,,
mangataisho-2017-034,mangataisho-2017,unresolved,,,
mangataisho-2017-035,mangataisho-2017,unresolved,,,
mangataisho-2017-036,mangataisho-2017,unresolved,,,
mangataisho-2017-037,mangataisho-2017,unresolved,,,
mangataisho-2017-038,mangataisho-2017,unresolved,,,
mangataisho-2017-039,mangataisho-2017,unresolved,,,
mangataisho-2017-040,mangataisho-2017,unresolved,,,
mangataisho-2017-041,mangataisho-2017,unresolved,,,
mangataisho-2017-042,mangataisho-2017,unresolved,,,
mangataisho-2017-043,mangataisho-2017,unresolved,,,
mangataisho-2017-044,mangataisho-2017,unresolved,,,
mangataisho-2017-045,mangataisho-2017,unresolved,,,
mangataisho-2017-046,mangataisho-2017,unresolved,,,
mangataisho-2017-047,mangataisho-2017,unresolved,,,
mangataisho-2017-048,mangataisho-2017,unresolved,,,
mangataisho-2017-049,mangataisho-2017,unresolved,,,
mangataisho-2017-050,mangataisho-2017,unresolved,,,
mangataisho-2017-051,mangataisho-2017,unresolved,,,
mangataisho-2017-052,mangataisho-2017,unresolved,,,
mangataisho-2017-053,mangataisho-2017,unresolved,,,
mangataisho-2017-054,mangataisho-2017,unresolved,,,
mangataisho-2017-055,mangataisho-2017,unresolved,,,
mangataisho-2017-056,mangataisho-2017,unresolved,,,
mangataisho-2017-057,mangataisho-2017,unresolved,,,
mangataisho-2017-058,mangataisho-2017,unresolved,,,
mangataisho-2017-059,mangataisho-2017,unresolved,,,
mangataisho-2017-060,mangataisho-2017,unresolved,,,
mangataisho-2017-061,mangataisho-2017,unresolved,,,
mangataisho-2017-062,mangataisho-2017,unresolved,,,
mangataisho-2017-063,mangataisho-2017,unresolved,,,
mangataisho-2017-064,mangataisho-2017,unresolved,,,
mangataisho-2017-065,mangataisho-2017,unresolved,,,
mangataisho-2017-066,mangataisho-2017,unresolved,,,
mangataisho-2017-067,mangataisho-2017,unresolved,,,
mangataisho-2017-068,mangataisho-2017,unresolved,,,
mangataisho-2017-069,mangataisho-2017,unresolved,,,
mangataisho-2017-070,mangataisho-2017,unresolved,,,
mangataisho-2017-071,mangataisho-2017,unresolved,,,
mangataisho-2017-072,mangataisho-2017,unresolved,,,
mangataisho-2017-073,mangataisho-2017,unresolved,,,
mangataisho-2017-074,mangataisho-2017,unresolved,,,
mangataisho-2017-075,mangataisho-2017,unresolved,,,
mangataisho-2017-076,mangataisho-2017,unresolved,,,
mangataisho-2017-077,mangataisho-2017,unresolved,,,
mangataisho-2017-078,mangataisho-2017,unresolved,,,
mangataisho-2017-079,mangataisho-2017,unresolved,,,
mangataisho-2017-080,mangataisho-2017,unresolved,,,
mangataisho-2017-081,mangataisho-2017,unresolved,,,
mangataisho-2017-082,mangataisho-2017,unresolved,,,
mangataisho-2017-083,mangataisho-2017,unresolved,,,
mangataisho-2017-084,mangataisho-2017,unresolved,,,
mangataisho-2017-085,mangataisho-2017,unresolved,,,
mangataisho-2017-086,mangataisho-2017,unresolved,,,
mangataisho-2017-087,mangataisho-2017,unresolved,,,
mangataisho-2017-088,mangataisho-2017,unresolved,,,
mangataisho-2017-089,mangataisho-2017,unresolved,,,
mangataisho-2017-090,mangataisho-2017,unresolved,,,
mangataisho-2017-091,mangataisho-2017,unresolved,,,
mangataisho-2017-092,mangataisho-2017,unresolved,,,
mangataisho-2017-093,mangataisho-2017,unresolved,,,
mangataisho-2017-094,mangataisho-2017,unresolved,,,
mangataisho-2017-095,mangataisho-2017,unresolved,,,
mangataisho-2017-096,mangataisho-2017,unresolved,,,
mangataisho-2017-097,mangataisho-2017,unresolved,,,
mangataisho-2017-098,mangataisho-2017,unresolved,,,
mangataisho-2017-099,mangataisho-2017,unresolved,,,
mangataisho-2017-100,mangataisho-2017,unresolved,,,
mangataisho-2017-101,mangataisho-2017,unresolved,,,
mangataisho-2017-102,mangataisho-2017,unresolved,,,
mangataisho-2017-103,mangataisho-2017,unresolved,,,
mangataisho-2017-104,mangataisho-2017,unresolved,,,
mangataisho-2017-105,mangataisho-2017,unresolved,,,
mangataisho-2017-106,mangataisho-2017,unresolved,,,
mangataisho-2017-107,mangataisho-2017,unresolved,,,
mangataisho-2017-108,mangataisho-2017,unresolved,,,
mangataisho-2017-109,mangataisho-2017,unresolved,,,
mangataisho-2017-110,mangataisho-2017,unresolved,,,
mangataisho-2017-111,mangataisho-2017,unresolved,,,
mangataisho-2017-112,mangataisho-2017,unresolved,,,
mangataisho-2017-113,mangataisho-2017,unresolved,,,
mangataisho-2017-114,mangataisho-2017,unresolved,,,
mangataisho-2017-115,mangataisho-2017,unresolved,,,
mangataisho-2017-116,mangataisho-2017,unresolved,,,
mangataisho-2017-117,mangataisho-2017,unresolved,,,
mangataisho-2017-118,mangataisho-2017,unresolved,,,
mangataisho-2017-119,mangataisho-2017,unresolved,,,
mangataisho-2017-120,mangataisho-2017,unresolved,,,
mangataisho-2017-121,mangataisho-2017,unresolved,,,
mangataisho-2017-122,mangataisho-2017,unresolved,,,
mangataisho-2017-123,mangataisho-2017,unresolved,,,
mangataisho-2017-124,mangataisho-2017,unresolved,,,
mangataisho-2017-125,mangataisho-2017,unresolved,,,
mangataisho-2017-126,mangataisho-2017,unresolved,,,
mangataisho-2017-127,mangataisho-2017,unresolved,,,
mangataisho-2017-128,mangataisho-2017,unresolved,,,
mangataisho-2017-129,mangataisho-2017,unresolved,,,
mangataisho-2017-130,mangataisho-2017,unresolved,,,
mangataisho-2017-131,mangataisho-2017,unresolved,,,
mangataisho-2017-132,mangataisho-2017,unresolved,,,
mangataisho-2017-133,mangataisho-2017,unresolved,,,
mangataisho-2017-134,mangataisho-2017,unresolved,,,
mangataisho-2017-135,mangataisho-2017,unresolved,,,
mangataisho-2017-136,mangataisho-2017,unresolved,,,
mangataisho-2017-137,mangataisho-2017,unresolved,,,
mangataisho-2017-138,mangataisho-2017,unresolved,,,
mangataisho-2017-139,mangataisho-2017,unresolved,,,
mangataisho-2017-140,mangataisho-2017,unresolved,,,
mangataisho-2017-141,mangataisho-2017,unresolved,,,
mangataisho-2017-142,mangataisho-2017,unresolved,,,
mangataisho-2017-143,mangataisho-2017,unresolved,,,
mangataisho-2017-144,mangataisho-2017,unresolved,,,
mangataisho-2017-145,mangataisho-2017,unresolved,,,
mangataisho-2017-146,mangataisho-2017,unresolved,,,
mangataisho-2017-147,mangataisho-2017,unresolved,,,
mangataisho-2017-148,mangataisho-2017,unresolved,,,
mangataisho-2017-149,mangataisho-2017,unresolved,,,
mangataisho-2017-150,mangataisho-2017,unresolved,,,
mangataisho-2017-151,mangataisho-2017,unresolved,,,
mangataisho-2017-152,mangataisho-2017,unresolved,,,
mangataisho-2017-153,mangataisho-2017,unresolved,,,
mangataisho-2017-154,mangataisho-2017,unresolved,,,
mangataisho-2017-155,mangataisho-2017,unresolved,,,
mangataisho-2017-156,mangataisho-2017,unresolved,,,
mangataisho-2017-157,mangataisho-2017,unresolved,,,
mangataisho-2017-158,mangataisho-2017,unresolved,,,
mangataisho-2017-159,mangataisho-2017,unresolved,,,
mangataisho-2017-160,mangataisho-2017,unresolved,,,
mangataisho-2017-161,mangataisho-2017,unresolved,,,
mangataisho-2017-162,mangataisho-2017,unresolved,,,
mangataisho-2017-163,mangataisho-2017,unresolved,,,
mangataisho-2017-164,mangataisho-2017,unresolved,,,
mangataisho-2017-165,mangataisho-2017,unresolved,,,
mangataisho-2017-166,mangataisho-2017,unresolved,,,
mangataisho-2017-167,mangataisho-2017,unresolved,,,
mangataisho-2017-168,mangataisho-2017,unresolved,,,
mangataisho-2017-169,mangataisho-2017,unresolved,,,
mangataisho-2017-170,mangataisho-2017,unresolved,,,
mangataisho-2017-171,mangataisho-2017,unresolved,,,
mangataisho-2017-172,mangataisho-2017,unresolved,,,
mangataisho-2017-173,mangataisho-2017,unresolved,,,
mangataisho-2017-174,mangataisho-2017,unresolved,,,
mangataisho-2017-175,mangataisho-2017,unresolved,,,
mangataisho-2017-176,mangataisho-2017,unresolved,,,
mangataisho-2017-177,mangataisho-2017,unresolved,,,
mangataisho-2017-178,mangataisho-2017,unresolved,,,
mangataisho-2017-179,mangataisho-2017,unresolved,,,
mangataisho-2017-180,mangataisho-2017,unresolved,,,
mangataisho-2017-181,mangataisho-2017,unresolved,,,
mangataisho-2017-182,mangataisho-2017,unresolved,,,
mangataisho-2017-183,mangataisho-2017,unresolved,,,
mangataisho-2017-184,mangataisho-2017,unresolved,,,
mangataisho-2017-185,mangataisho-2017,unresolved,,,
mangataisho-2017-186,mangataisho-2017,unresolved,,,
mangataisho-2017-187,mangataisho-2017,unresolved,,,
mangataisho-2017-188,mangataisho-2017,unresolved,,,
mangataisho-2017-189,mangataisho-2017,unresolved,,,
mangataisho-2017-190,mangataisho-2017,unresolved,,,
mangataisho-2017-191,mangataisho-2017,unresolved,,,
mangataisho-2017-192,mangataisho-2017,unresolved,,,
mangataisho-2017-193,mangataisho-2017,unresolved,,,
mangataisho-2017-194,mangataisho-2017,unresolved,,,
mangataisho-2017-195,mangataisho-2017,unresolved,,,
mangataisho-2017-196,mangataisho-2017,unresolved,,,
mangataisho-2017-197,mangataisho-2017,unresolved,,,
mangataisho-2017-198,mangataisho-2017,unresolved,,,
mangataisho-2017-199,mangataisho-2017,unresolved,,,
mangataisho-2017-200,mangataisho-2017,unresolved,,,
mangataisho-2017-201,mangataisho-2017,unresolved,,,
mangataisho-2017-202,mangataisho-2017,unresolved,,,
mangataisho-2017-203,mangataisho-2017,unresolved,,,
mangataisho-2017-204,mangataisho-2017,unresolved,,,
mangataisho-2017-205,mangataisho-2017,unresolved,,,
mangataisho-2017-206,mangataisho-2017,unresolved,,,
mangataisho-2017-207,mangataisho-2017,unresolved,,,
mangataisho-2017-208,mangataisho-2017,unresolved,,,
mangataisho-2017-209,mangataisho-2017,unresolved,,,
mangataisho-2017-210,mangataisho-2017,unresolved,,,
mangataisho-2017-211,mangataisho-2017,unresolved,,,
mangataisho-2017-212,mangataisho-2017,unresolved,,,
mangataisho-2017-213,mangataisho-2017,unresolved,,,
mangataisho-2017-214,mangataisho-2017,unresolved,,,
mangataisho-2017-215,mangataisho-2017,unresolved,,,
mangataisho-2017-216,mangataisho-2017,unresolved,,,
mangataisho-2017-217,mangataisho-2017,unresolved,,,
mangataisho-2017-218,mangataisho-2017,unresolved,,,
mangataisho-2017-219,mangataisho-2017,unresolved,,,
mangataisho-2017-220,mangataisho-2017,unresolved,,,
mangataisho-2017-221,mangataisho-2017,unresolved,,,
mangataisho-2017-222,mangataisho-2017,unresolved,,,
mangataisho-2017-223,mangataisho-2017,unresolved,,,
mangataisho-2017-224,mangataisho-2017,unresolved,,,
mangataisho-2017-225,mangataisho-2017,unresolved,,,
mangataisho-2017-226,mangataisho-2017,unresolved,,,
mangataisho-2017-227,mangataisho-2017,unresolved,,,
mangataisho-2017-228,mangataisho-2017,unresolved,,,
mangataisho-2017-229,mangataisho-2017,unresolved,,,
mangataisho-2017-230,mangataisho-2017,unresolved,,,
mangataisho-2017-231,mangataisho-2017,unresolved,,,
mangataisho-2017-232,mangataisho-2017,unresolved,,,
mangataisho-2017-233,mangataisho-2017,unresolved,,,
mangataisho-2017-234,mangataisho-2017,unresolved,,,
mangataisho-2017-235,mangataisho-2017,unresolved,,,
mangataisho-2017-236,mangataisho-2017,unresolved,,,
mangataisho-2017-237,mangataisho-2017,unresolved,,,
mangataisho-2017-238,mangataisho-2017,unresolved,,,
mangataisho-2017-239,mangataisho-2017,unresolved,,,
mangataisho-2017-240,mangataisho-2017,unresolved,,,
mangataisho-2017-241,mangataisho-2017,unresolved,,,
mangataisho-2017-242,mangataisho-2017,unresolved,,,
mangataisho-2017-243,mangataisho-2017,unresolved,,,
mangataisho-2017-244,mangataisho-2017,unresolved,,,
mangataisho-2017-245,mangataisho-2017,unresolved,,,
mangataisho-2017-246,mangataisho-2017,unresolved,,,
mangataisho-2017-247,mangataisho-2017,unresolved,,,
mangataisho-2017-248,mangataisho-2017,unresolved,,,
mangataisho-2018-001,mangataisho-2018,duplicate,candidate-65c2c6157aa1dc8dd746,work-65c2c6157aa1dc8dd746,mapping-56a26b420d6df8a2c732
mangataisho-2018-002,mangataisho-2018,included,candidate-f117d1a9a377b05fa84d,work-f117d1a9a377b05fa84d,mapping-f66f79a7b587ddfa2ec4
mangataisho-2018-003,mangataisho-2018,duplicate,candidate-daf65c6f2cce3e076dfa,work-daf65c6f2cce3e076dfa,mapping-6e2f8219f7bb6ee20d18
mangataisho-2018-004,mangataisho-2018,duplicate,candidate-2f8f8ff0e042ac2e2f02,dungeon-meshi,mapping-b0a2c6fc13f5c4ab232b
mangataisho-2018-005,mangataisho-2018,duplicate,candidate-0ede6921b81169dc2dda,work-0ede6921b81169dc2dda,mapping-88ac794e150225ec1148
mangataisho-2018-006,mangataisho-2018,duplicate,candidate-b96dd032786014446952,work-b96dd032786014446952,mapping-96ab2788b5e4e876aaaf
mangataisho-2018-007,mangataisho-2018,duplicate,candidate-8d6ba69eb9d5b3583c3e,witch-hat-atelier,mapping-90cd6210b39d5bbad279
mangataisho-2018-008,mangataisho-2018,duplicate,candidate-2bf90cde47b156d1acb6,made-in-abyss,mapping-1ec07ced155e6e1b2a60
mangataisho-2018-009,mangataisho-2018,duplicate,candidate-9ce9f67dfe1aef833c70,work-9ce9f67dfe1aef833c70,mapping-220757b227fe503529c7
mangataisho-2018-010,mangataisho-2018,included,candidate-80e097bc189aec3797e5,work-80e097bc189aec3797e5,mapping-209a4bf218c8e58f9462
mangataisho-2018-011,mangataisho-2018,unresolved,,,
mangataisho-2018-012,mangataisho-2018,duplicate,candidate-5e7eef6cc23d9738e034,work-5e7eef6cc23d9738e034,mapping-9819218504b67915bf11
mangataisho-2018-013,mangataisho-2018,unresolved,,,
mangataisho-2018-014,mangataisho-2018,unresolved,,,
mangataisho-2018-015,mangataisho-2018,unresolved,,,
mangataisho-2018-016,mangataisho-2018,unresolved,,,
mangataisho-2018-017,mangataisho-2018,unresolved,,,
mangataisho-2018-018,mangataisho-2018,unresolved,,,
mangataisho-2018-019,mangataisho-2018,unresolved,,,
mangataisho-2018-020,mangataisho-2018,unresolved,,,
mangataisho-2018-021,mangataisho-2018,unresolved,,,
mangataisho-2018-022,mangataisho-2018,unresolved,,,
mangataisho-2018-023,mangataisho-2018,unresolved,,,
mangataisho-2018-024,mangataisho-2018,unresolved,,,
mangataisho-2018-025,mangataisho-2018,unresolved,,,
mangataisho-2018-026,mangataisho-2018,unresolved,,,
mangataisho-2018-027,mangataisho-2018,unresolved,,,
mangataisho-2018-028,mangataisho-2018,unresolved,,,
mangataisho-2018-029,mangataisho-2018,unresolved,,,
mangataisho-2018-030,mangataisho-2018,unresolved,,,
mangataisho-2018-031,mangataisho-2018,unresolved,,,
mangataisho-2018-032,mangataisho-2018,unresolved,,,
mangataisho-2018-033,mangataisho-2018,unresolved,,,
mangataisho-2018-034,mangataisho-2018,unresolved,,,
mangataisho-2018-035,mangataisho-2018,unresolved,,,
mangataisho-2018-036,mangataisho-2018,unresolved,,,
mangataisho-2018-037,mangataisho-2018,unresolved,,,
mangataisho-2018-038,mangataisho-2018,unresolved,,,
mangataisho-2018-039,mangataisho-2018,unresolved,,,
mangataisho-2018-040,mangataisho-2018,unresolved,,,
mangataisho-2018-041,mangataisho-2018,unresolved,,,
mangataisho-2018-042,mangataisho-2018,unresolved,,,
mangataisho-2018-043,mangataisho-2018,unresolved,,,
mangataisho-2018-044,mangataisho-2018,unresolved,,,
mangataisho-2018-045,mangataisho-2018,unresolved,,,
mangataisho-2018-046,mangataisho-2018,unresolved,,,
mangataisho-2018-047,mangataisho-2018,unresolved,,,
mangataisho-2018-048,mangataisho-2018,unresolved,,,
mangataisho-2018-049,mangataisho-2018,unresolved,,,
mangataisho-2018-050,mangataisho-2018,unresolved,,,
mangataisho-2018-051,mangataisho-2018,unresolved,,,
mangataisho-2018-052,mangataisho-2018,unresolved,,,
mangataisho-2018-053,mangataisho-2018,unresolved,,,
mangataisho-2018-054,mangataisho-2018,unresolved,,,
mangataisho-2018-055,mangataisho-2018,unresolved,,,
mangataisho-2018-056,mangataisho-2018,unresolved,,,
mangataisho-2018-057,mangataisho-2018,unresolved,,,
mangataisho-2018-058,mangataisho-2018,unresolved,,,
mangataisho-2018-059,mangataisho-2018,unresolved,,,
mangataisho-2018-060,mangataisho-2018,unresolved,,,
mangataisho-2018-061,mangataisho-2018,unresolved,,,
mangataisho-2018-062,mangataisho-2018,unresolved,,,
mangataisho-2018-063,mangataisho-2018,unresolved,,,
mangataisho-2018-064,mangataisho-2018,unresolved,,,
mangataisho-2018-065,mangataisho-2018,unresolved,,,
mangataisho-2018-066,mangataisho-2018,unresolved,,,
mangataisho-2018-067,mangataisho-2018,unresolved,,,
mangataisho-2018-068,mangataisho-2018,unresolved,,,
mangataisho-2018-069,mangataisho-2018,unresolved,,,
mangataisho-2018-070,mangataisho-2018,unresolved,,,
mangataisho-2018-071,mangataisho-2018,unresolved,,,
mangataisho-2018-072,mangataisho-2018,unresolved,,,
mangataisho-2018-073,mangataisho-2018,unresolved,,,
mangataisho-2018-074,mangataisho-2018,unresolved,,,
mangataisho-2018-075,mangataisho-2018,unresolved,,,
mangataisho-2018-076,mangataisho-2018,unresolved,,,
mangataisho-2018-077,mangataisho-2018,unresolved,,,
mangataisho-2018-078,mangataisho-2018,unresolved,,,
mangataisho-2018-079,mangataisho-2018,unresolved,,,
mangataisho-2018-080,mangataisho-2018,unresolved,,,
mangataisho-2018-081,mangataisho-2018,unresolved,,,
mangataisho-2018-082,mangataisho-2018,unresolved,,,
mangataisho-2018-083,mangataisho-2018,unresolved,,,
mangataisho-2018-084,mangataisho-2018,unresolved,,,
mangataisho-2018-085,mangataisho-2018,unresolved,,,
mangataisho-2018-086,mangataisho-2018,unresolved,,,
mangataisho-2018-087,mangataisho-2018,unresolved,,,
mangataisho-2018-088,mangataisho-2018,unresolved,,,
mangataisho-2018-089,mangataisho-2018,unresolved,,,
mangataisho-2018-090,mangataisho-2018,unresolved,,,
mangataisho-2018-091,mangataisho-2018,unresolved,,,
mangataisho-2018-092,mangataisho-2018,unresolved,,,
mangataisho-2018-093,mangataisho-2018,unresolved,,,
mangataisho-2018-094,mangataisho-2018,unresolved,,,
mangataisho-2018-095,mangataisho-2018,unresolved,,,
mangataisho-2018-096,mangataisho-2018,unresolved,,,
mangataisho-2018-097,mangataisho-2018,unresolved,,,
mangataisho-2018-098,mangataisho-2018,unresolved,,,
mangataisho-2018-099,mangataisho-2018,unresolved,,,
mangataisho-2018-100,mangataisho-2018,unresolved,,,
mangataisho-2018-101,mangataisho-2018,unresolved,,,
mangataisho-2018-102,mangataisho-2018,unresolved,,,
mangataisho-2018-103,mangataisho-2018,unresolved,,,
mangataisho-2018-104,mangataisho-2018,unresolved,,,
mangataisho-2018-105,mangataisho-2018,unresolved,,,
mangataisho-2018-106,mangataisho-2018,unresolved,,,
mangataisho-2018-107,mangataisho-2018,unresolved,,,
mangataisho-2018-108,mangataisho-2018,unresolved,,,
mangataisho-2018-109,mangataisho-2018,unresolved,,,
mangataisho-2018-110,mangataisho-2018,unresolved,,,
mangataisho-2018-111,mangataisho-2018,unresolved,,,
mangataisho-2018-112,mangataisho-2018,unresolved,,,
mangataisho-2018-113,mangataisho-2018,unresolved,,,
mangataisho-2018-114,mangataisho-2018,unresolved,,,
mangataisho-2018-115,mangataisho-2018,unresolved,,,
mangataisho-2018-116,mangataisho-2018,unresolved,,,
mangataisho-2018-117,mangataisho-2018,unresolved,,,
mangataisho-2018-118,mangataisho-2018,unresolved,,,
mangataisho-2018-119,mangataisho-2018,unresolved,,,
mangataisho-2018-120,mangataisho-2018,unresolved,,,
mangataisho-2018-121,mangataisho-2018,unresolved,,,
mangataisho-2018-122,mangataisho-2018,unresolved,,,
mangataisho-2018-123,mangataisho-2018,unresolved,,,
mangataisho-2018-124,mangataisho-2018,unresolved,,,
mangataisho-2018-125,mangataisho-2018,unresolved,,,
mangataisho-2018-126,mangataisho-2018,unresolved,,,
mangataisho-2018-127,mangataisho-2018,unresolved,,,
mangataisho-2018-128,mangataisho-2018,unresolved,,,
mangataisho-2018-129,mangataisho-2018,unresolved,,,
mangataisho-2018-130,mangataisho-2018,unresolved,,,
mangataisho-2018-131,mangataisho-2018,unresolved,,,
mangataisho-2018-132,mangataisho-2018,unresolved,,,
mangataisho-2018-133,mangataisho-2018,unresolved,,,
mangataisho-2018-134,mangataisho-2018,unresolved,,,
mangataisho-2018-135,mangataisho-2018,unresolved,,,
mangataisho-2018-136,mangataisho-2018,unresolved,,,
mangataisho-2018-137,mangataisho-2018,unresolved,,,
mangataisho-2018-138,mangataisho-2018,unresolved,,,
mangataisho-2018-139,mangataisho-2018,unresolved,,,
mangataisho-2018-140,mangataisho-2018,unresolved,,,
mangataisho-2018-141,mangataisho-2018,unresolved,,,
mangataisho-2018-142,mangataisho-2018,unresolved,,,
mangataisho-2018-143,mangataisho-2018,unresolved,,,
mangataisho-2018-144,mangataisho-2018,unresolved,,,
mangataisho-2018-145,mangataisho-2018,unresolved,,,
mangataisho-2018-146,mangataisho-2018,unresolved,,,
mangataisho-2018-147,mangataisho-2018,unresolved,,,
mangataisho-2018-148,mangataisho-2018,unresolved,,,
mangataisho-2018-149,mangataisho-2018,unresolved,,,
mangataisho-2018-150,mangataisho-2018,unresolved,,,
mangataisho-2018-151,mangataisho-2018,unresolved,,,
mangataisho-2018-152,mangataisho-2018,unresolved,,,
mangataisho-2018-153,mangataisho-2018,unresolved,,,
mangataisho-2018-154,mangataisho-2018,unresolved,,,
mangataisho-2018-155,mangataisho-2018,unresolved,,,
mangataisho-2018-156,mangataisho-2018,unresolved,,,
mangataisho-2018-157,mangataisho-2018,unresolved,,,
mangataisho-2018-158,mangataisho-2018,unresolved,,,
mangataisho-2018-159,mangataisho-2018,unresolved,,,
mangataisho-2018-160,mangataisho-2018,unresolved,,,
mangataisho-2018-161,mangataisho-2018,unresolved,,,
mangataisho-2018-162,mangataisho-2018,unresolved,,,
mangataisho-2018-163,mangataisho-2018,unresolved,,,
mangataisho-2018-164,mangataisho-2018,unresolved,,,
mangataisho-2018-165,mangataisho-2018,unresolved,,,
mangataisho-2018-166,mangataisho-2018,unresolved,,,
mangataisho-2018-167,mangataisho-2018,unresolved,,,
mangataisho-2018-168,mangataisho-2018,unresolved,,,
mangataisho-2018-169,mangataisho-2018,unresolved,,,
mangataisho-2018-170,mangataisho-2018,unresolved,,,
mangataisho-2018-171,mangataisho-2018,unresolved,,,
mangataisho-2018-172,mangataisho-2018,unresolved,,,
mangataisho-2018-173,mangataisho-2018,unresolved,,,
mangataisho-2018-174,mangataisho-2018,unresolved,,,
mangataisho-2018-175,mangataisho-2018,unresolved,,,
mangataisho-2018-176,mangataisho-2018,unresolved,,,
mangataisho-2018-177,mangataisho-2018,unresolved,,,
mangataisho-2018-178,mangataisho-2018,unresolved,,,
mangataisho-2018-179,mangataisho-2018,unresolved,,,
mangataisho-2018-180,mangataisho-2018,unresolved,,,
mangataisho-2018-181,mangataisho-2018,unresolved,,,
mangataisho-2018-182,mangataisho-2018,unresolved,,,
mangataisho-2018-183,mangataisho-2018,unresolved,,,
mangataisho-2018-184,mangataisho-2018,unresolved,,,
mangataisho-2018-185,mangataisho-2018,unresolved,,,
mangataisho-2018-186,mangataisho-2018,unresolved,,,
mangataisho-2018-187,mangataisho-2018,unresolved,,,
mangataisho-2018-188,mangataisho-2018,unresolved,,,
mangataisho-2018-189,mangataisho-2018,unresolved,,,
mangataisho-2018-190,mangataisho-2018,unresolved,,,
mangataisho-2018-191,mangataisho-2018,unresolved,,,
mangataisho-2018-192,mangataisho-2018,unresolved,,,
mangataisho-2018-193,mangataisho-2018,unresolved,,,
mangataisho-2018-194,mangataisho-2018,unresolved,,,
mangataisho-2018-195,mangataisho-2018,unresolved,,,
mangataisho-2018-196,mangataisho-2018,unresolved,,,
mangataisho-2018-197,mangataisho-2018,unresolved,,,
mangataisho-2018-198,mangataisho-2018,unresolved,,,
mangataisho-2018-199,mangataisho-2018,unresolved,,,
mangataisho-2018-200,mangataisho-2018,unresolved,,,
mangataisho-2018-201,mangataisho-2018,unresolved,,,
mangataisho-2018-202,mangataisho-2018,unresolved,,,
mangataisho-2018-203,mangataisho-2018,unresolved,,,
mangataisho-2018-204,mangataisho-2018,unresolved,,,
mangataisho-2018-205,mangataisho-2018,unresolved,,,
mangataisho-2018-206,mangataisho-2018,unresolved,,,
mangataisho-2018-207,mangataisho-2018,unresolved,,,
mangataisho-2018-208,mangataisho-2018,unresolved,,,
mangataisho-2018-209,mangataisho-2018,unresolved,,,
mangataisho-2018-210,mangataisho-2018,unresolved,,,
mangataisho-2018-211,mangataisho-2018,unresolved,,,
mangataisho-2018-212,mangataisho-2018,unresolved,,,
mangataisho-2018-213,mangataisho-2018,unresolved,,,
mangataisho-2018-214,mangataisho-2018,unresolved,,,
mangataisho-2018-215,mangataisho-2018,unresolved,,,
mangataisho-2018-216,mangataisho-2018,unresolved,,,
mangataisho-2018-217,mangataisho-2018,unresolved,,,
mangataisho-2018-218,mangataisho-2018,unresolved,,,
mangataisho-2018-219,mangataisho-2018,unresolved,,,
mangataisho-2018-220,mangataisho-2018,unresolved,,,
mangataisho-2018-221,mangataisho-2018,unresolved,,,
mangataisho-2018-222,mangataisho-2018,unresolved,,,
mangataisho-2018-223,mangataisho-2018,unresolved,,,
mangataisho-2018-224,mangataisho-2018,unresolved,,,
mangataisho-2018-225,mangataisho-2018,unresolved,,,
mangataisho-2018-226,mangataisho-2018,unresolved,,,
mangataisho-2018-227,mangataisho-2018,unresolved,,,
mangataisho-2018-228,mangataisho-2018,unresolved,,,
mangataisho-2018-229,mangataisho-2018,unresolved,,,
mangataisho-2018-230,mangataisho-2018,unresolved,,,
mangataisho-2018-231,mangataisho-2018,unresolved,,,
mangataisho-2018-232,mangataisho-2018,unresolved,,,
mangataisho-2018-233,mangataisho-2018,unresolved,,,
mangataisho-2018-234,mangataisho-2018,unresolved,,,
mangataisho-2018-235,mangataisho-2018,unresolved,,,
mangataisho-2018-236,mangataisho-2018,unresolved,,,
mangataisho-2018-237,mangataisho-2018,unresolved,,,
mangataisho-2018-238,mangataisho-2018,unresolved,,,
mangataisho-2018-239,mangataisho-2018,unresolved,,,
mangataisho-2018-240,mangataisho-2018,unresolved,,,
mangataisho-2018-241,mangataisho-2018,unresolved,,,
mangataisho-2018-242,mangataisho-2018,unresolved,,,
mangataisho-2018-243,mangataisho-2018,unresolved,,,
mangataisho-2018-244,mangataisho-2018,unresolved,,,
mangataisho-2018-245,mangataisho-2018,unresolved,,,
mangataisho-2018-246,mangataisho-2018,unresolved,,,
mangataisho-2018-247,mangataisho-2018,unresolved,,,
mangataisho-2018-248,mangataisho-2018,unresolved,,,
mangataisho-2018-249,mangataisho-2018,unresolved,,,
mangataisho-2018-250,mangataisho-2018,unresolved,,,
mangataisho-2018-251,mangataisho-2018,unresolved,,,
mangataisho-2019-001,mangataisho-2019,included,candidate-0a72f4e304b688a6d9f0,work-0a72f4e304b688a6d9f0,mapping-897d4ceff3e668fbe61c
mangataisho-2019-002,mangataisho-2019,duplicate,candidate-55d2c61694878eb046d5,mystery-to-iu-nakare,mapping-b0eef256067288e7806c
mangataisho-2019-003,mangataisho-2019,duplicate,candidate-4eda8d2a9b04837b0e29,blue-period,mapping-406e9a853f9b6ce039d8
mangataisho-2019-004,mangataisho-2019,duplicate,candidate-0153a125c5a56225b06c,work-0153a125c5a56225b06c,mapping-da99b06213c88b2d71c7
mangataisho-2019-005,mangataisho-2019,included,candidate-2e2e54a255eda38f89c2,work-2e2e54a255eda38f89c2,mapping-9de2172d0306a52bcdd0
mangataisho-2019-006,mangataisho-2019,included,candidate-34bba03e2a127ef29cd7,work-34bba03e2a127ef29cd7,mapping-db5dc09a684277455798
mangataisho-2019-007,mangataisho-2019,duplicate,candidate-5340c060bb9129c1df57,work-5340c060bb9129c1df57,mapping-e66c0e2bb4fc8b07e6fc
mangataisho-2019-008,mangataisho-2019,included,candidate-d0a927fd10c26eb77059,metamorphose-no-engawa,mapping-32e8035482c2845653f1
mangataisho-2019-009,mangataisho-2019,duplicate,candidate-f59be454d59478f33914,work-f59be454d59478f33914,mapping-83c4111efaf44d018562
mangataisho-2019-010,mangataisho-2019,duplicate,candidate-daf65c6f2cce3e076dfa,work-daf65c6f2cce3e076dfa,mapping-7bce410abda1d21f293d
mangataisho-2019-011,mangataisho-2019,duplicate,candidate-2f8f8ff0e042ac2e2f02,dungeon-meshi,mapping-3a0311a61c02509471d2
mangataisho-2019-012,mangataisho-2019,duplicate,candidate-5e7eef6cc23d9738e034,work-5e7eef6cc23d9738e034,mapping-e76ff78282c2c6af7f91
mangataisho-2019-013,mangataisho-2019,included,candidate-b986b14ce64ba5081a4c,work-b986b14ce64ba5081a4c,mapping-348c9629bf6749b12869
mangataisho-2019-014,mangataisho-2019,unresolved,,,
mangataisho-2019-015,mangataisho-2019,unresolved,,,
mangataisho-2019-016,mangataisho-2019,unresolved,,,
mangataisho-2019-017,mangataisho-2019,unresolved,,,
mangataisho-2019-018,mangataisho-2019,unresolved,,,
mangataisho-2019-019,mangataisho-2019,unresolved,,,
mangataisho-2019-020,mangataisho-2019,unresolved,,,
mangataisho-2019-021,mangataisho-2019,unresolved,,,
mangataisho-2019-022,mangataisho-2019,unresolved,,,
mangataisho-2019-023,mangataisho-2019,unresolved,,,
mangataisho-2019-024,mangataisho-2019,unresolved,,,
mangataisho-2019-025,mangataisho-2019,unresolved,,,
mangataisho-2019-026,mangataisho-2019,unresolved,,,
mangataisho-2019-027,mangataisho-2019,unresolved,,,
mangataisho-2019-028,mangataisho-2019,unresolved,,,
mangataisho-2019-029,mangataisho-2019,unresolved,,,
mangataisho-2019-030,mangataisho-2019,unresolved,,,
mangataisho-2019-031,mangataisho-2019,unresolved,,,
mangataisho-2019-032,mangataisho-2019,unresolved,,,
mangataisho-2019-033,mangataisho-2019,unresolved,,,
mangataisho-2019-034,mangataisho-2019,unresolved,,,
mangataisho-2019-035,mangataisho-2019,unresolved,,,
mangataisho-2019-036,mangataisho-2019,unresolved,,,
mangataisho-2019-037,mangataisho-2019,unresolved,,,
mangataisho-2019-038,mangataisho-2019,unresolved,,,
mangataisho-2019-039,mangataisho-2019,unresolved,,,
mangataisho-2019-040,mangataisho-2019,unresolved,,,
mangataisho-2019-041,mangataisho-2019,unresolved,,,
mangataisho-2019-042,mangataisho-2019,unresolved,,,
mangataisho-2019-043,mangataisho-2019,unresolved,,,
mangataisho-2019-044,mangataisho-2019,unresolved,,,
mangataisho-2019-045,mangataisho-2019,unresolved,,,
mangataisho-2019-046,mangataisho-2019,unresolved,,,
mangataisho-2019-047,mangataisho-2019,unresolved,,,
mangataisho-2019-048,mangataisho-2019,unresolved,,,
mangataisho-2019-049,mangataisho-2019,unresolved,,,
mangataisho-2019-050,mangataisho-2019,unresolved,,,
mangataisho-2019-051,mangataisho-2019,unresolved,,,
mangataisho-2019-052,mangataisho-2019,unresolved,,,
mangataisho-2019-053,mangataisho-2019,unresolved,,,
mangataisho-2019-054,mangataisho-2019,unresolved,,,
mangataisho-2019-055,mangataisho-2019,unresolved,,,
mangataisho-2019-056,mangataisho-2019,unresolved,,,
mangataisho-2019-057,mangataisho-2019,unresolved,,,
mangataisho-2019-058,mangataisho-2019,unresolved,,,
mangataisho-2019-059,mangataisho-2019,unresolved,,,
mangataisho-2019-060,mangataisho-2019,unresolved,,,
mangataisho-2019-061,mangataisho-2019,unresolved,,,
mangataisho-2019-062,mangataisho-2019,unresolved,,,
mangataisho-2019-063,mangataisho-2019,unresolved,,,
mangataisho-2019-064,mangataisho-2019,unresolved,,,
mangataisho-2019-065,mangataisho-2019,unresolved,,,
mangataisho-2019-066,mangataisho-2019,unresolved,,,
mangataisho-2019-067,mangataisho-2019,unresolved,,,
mangataisho-2019-068,mangataisho-2019,unresolved,,,
mangataisho-2019-069,mangataisho-2019,unresolved,,,
mangataisho-2019-070,mangataisho-2019,unresolved,,,
mangataisho-2019-071,mangataisho-2019,unresolved,,,
mangataisho-2019-072,mangataisho-2019,unresolved,,,
mangataisho-2019-073,mangataisho-2019,unresolved,,,
mangataisho-2019-074,mangataisho-2019,unresolved,,,
mangataisho-2019-075,mangataisho-2019,unresolved,,,
mangataisho-2019-076,mangataisho-2019,unresolved,,,
mangataisho-2019-077,mangataisho-2019,unresolved,,,
mangataisho-2019-078,mangataisho-2019,unresolved,,,
mangataisho-2019-079,mangataisho-2019,unresolved,,,
mangataisho-2019-080,mangataisho-2019,unresolved,,,
mangataisho-2019-081,mangataisho-2019,unresolved,,,
mangataisho-2019-082,mangataisho-2019,unresolved,,,
mangataisho-2019-083,mangataisho-2019,unresolved,,,
mangataisho-2019-084,mangataisho-2019,unresolved,,,
mangataisho-2019-085,mangataisho-2019,unresolved,,,
mangataisho-2019-086,mangataisho-2019,unresolved,,,
mangataisho-2019-087,mangataisho-2019,unresolved,,,
mangataisho-2019-088,mangataisho-2019,unresolved,,,
mangataisho-2019-089,mangataisho-2019,unresolved,,,
mangataisho-2019-090,mangataisho-2019,unresolved,,,
mangataisho-2019-091,mangataisho-2019,unresolved,,,
mangataisho-2019-092,mangataisho-2019,unresolved,,,
mangataisho-2019-093,mangataisho-2019,unresolved,,,
mangataisho-2019-094,mangataisho-2019,unresolved,,,
mangataisho-2019-095,mangataisho-2019,unresolved,,,
mangataisho-2019-096,mangataisho-2019,unresolved,,,
mangataisho-2019-097,mangataisho-2019,unresolved,,,
mangataisho-2019-098,mangataisho-2019,unresolved,,,
mangataisho-2019-099,mangataisho-2019,unresolved,,,
mangataisho-2019-100,mangataisho-2019,unresolved,,,
mangataisho-2019-101,mangataisho-2019,unresolved,,,
mangataisho-2019-102,mangataisho-2019,unresolved,,,
mangataisho-2019-103,mangataisho-2019,unresolved,,,
mangataisho-2019-104,mangataisho-2019,unresolved,,,
mangataisho-2019-105,mangataisho-2019,unresolved,,,
mangataisho-2019-106,mangataisho-2019,unresolved,,,
mangataisho-2019-107,mangataisho-2019,unresolved,,,
mangataisho-2019-108,mangataisho-2019,unresolved,,,
mangataisho-2019-109,mangataisho-2019,unresolved,,,
mangataisho-2019-110,mangataisho-2019,unresolved,,,
mangataisho-2019-111,mangataisho-2019,unresolved,,,
mangataisho-2019-112,mangataisho-2019,unresolved,,,
mangataisho-2019-113,mangataisho-2019,unresolved,,,
mangataisho-2019-114,mangataisho-2019,unresolved,,,
mangataisho-2019-115,mangataisho-2019,unresolved,,,
mangataisho-2019-116,mangataisho-2019,unresolved,,,
mangataisho-2019-117,mangataisho-2019,unresolved,,,
mangataisho-2019-118,mangataisho-2019,unresolved,,,
mangataisho-2019-119,mangataisho-2019,unresolved,,,
mangataisho-2019-120,mangataisho-2019,unresolved,,,
mangataisho-2019-121,mangataisho-2019,unresolved,,,
mangataisho-2019-122,mangataisho-2019,unresolved,,,
mangataisho-2019-123,mangataisho-2019,unresolved,,,
mangataisho-2019-124,mangataisho-2019,unresolved,,,
mangataisho-2019-125,mangataisho-2019,unresolved,,,
mangataisho-2019-126,mangataisho-2019,unresolved,,,
mangataisho-2019-127,mangataisho-2019,unresolved,,,
mangataisho-2019-128,mangataisho-2019,unresolved,,,
mangataisho-2019-129,mangataisho-2019,unresolved,,,
mangataisho-2019-130,mangataisho-2019,unresolved,,,
mangataisho-2019-131,mangataisho-2019,unresolved,,,
mangataisho-2019-132,mangataisho-2019,unresolved,,,
mangataisho-2019-133,mangataisho-2019,unresolved,,,
mangataisho-2019-134,mangataisho-2019,unresolved,,,
mangataisho-2019-135,mangataisho-2019,unresolved,,,
mangataisho-2019-136,mangataisho-2019,unresolved,,,
mangataisho-2019-137,mangataisho-2019,unresolved,,,
mangataisho-2019-138,mangataisho-2019,unresolved,,,
mangataisho-2019-139,mangataisho-2019,unresolved,,,
mangataisho-2019-140,mangataisho-2019,unresolved,,,
mangataisho-2019-141,mangataisho-2019,unresolved,,,
mangataisho-2019-142,mangataisho-2019,unresolved,,,
mangataisho-2019-143,mangataisho-2019,unresolved,,,
mangataisho-2019-144,mangataisho-2019,unresolved,,,
mangataisho-2019-145,mangataisho-2019,unresolved,,,
mangataisho-2019-146,mangataisho-2019,unresolved,,,
mangataisho-2019-147,mangataisho-2019,unresolved,,,
mangataisho-2019-148,mangataisho-2019,unresolved,,,
mangataisho-2019-149,mangataisho-2019,unresolved,,,
mangataisho-2019-150,mangataisho-2019,unresolved,,,
mangataisho-2019-151,mangataisho-2019,unresolved,,,
mangataisho-2019-152,mangataisho-2019,unresolved,,,
mangataisho-2019-153,mangataisho-2019,unresolved,,,
mangataisho-2019-154,mangataisho-2019,unresolved,,,
mangataisho-2019-155,mangataisho-2019,unresolved,,,
mangataisho-2019-156,mangataisho-2019,unresolved,,,
mangataisho-2019-157,mangataisho-2019,unresolved,,,
mangataisho-2019-158,mangataisho-2019,unresolved,,,
mangataisho-2019-159,mangataisho-2019,unresolved,,,
mangataisho-2019-160,mangataisho-2019,unresolved,,,
mangataisho-2019-161,mangataisho-2019,unresolved,,,
mangataisho-2019-162,mangataisho-2019,unresolved,,,
mangataisho-2019-163,mangataisho-2019,unresolved,,,
mangataisho-2019-164,mangataisho-2019,unresolved,,,
mangataisho-2019-165,mangataisho-2019,unresolved,,,
mangataisho-2019-166,mangataisho-2019,unresolved,,,
mangataisho-2019-167,mangataisho-2019,unresolved,,,
mangataisho-2019-168,mangataisho-2019,unresolved,,,
mangataisho-2019-169,mangataisho-2019,unresolved,,,
mangataisho-2019-170,mangataisho-2019,unresolved,,,
mangataisho-2019-171,mangataisho-2019,unresolved,,,
mangataisho-2019-172,mangataisho-2019,unresolved,,,
mangataisho-2019-173,mangataisho-2019,unresolved,,,
mangataisho-2019-174,mangataisho-2019,unresolved,,,
mangataisho-2019-175,mangataisho-2019,unresolved,,,
mangataisho-2019-176,mangataisho-2019,unresolved,,,
mangataisho-2019-177,mangataisho-2019,unresolved,,,
mangataisho-2019-178,mangataisho-2019,unresolved,,,
mangataisho-2019-179,mangataisho-2019,unresolved,,,
mangataisho-2019-180,mangataisho-2019,unresolved,,,
mangataisho-2019-181,mangataisho-2019,unresolved,,,
mangataisho-2019-182,mangataisho-2019,unresolved,,,
mangataisho-2019-183,mangataisho-2019,unresolved,,,
mangataisho-2019-184,mangataisho-2019,unresolved,,,
mangataisho-2019-185,mangataisho-2019,unresolved,,,
mangataisho-2019-186,mangataisho-2019,unresolved,,,
mangataisho-2019-187,mangataisho-2019,unresolved,,,
mangataisho-2019-188,mangataisho-2019,unresolved,,,
mangataisho-2019-189,mangataisho-2019,unresolved,,,
mangataisho-2019-190,mangataisho-2019,unresolved,,,
mangataisho-2019-191,mangataisho-2019,unresolved,,,
mangataisho-2019-192,mangataisho-2019,unresolved,,,
mangataisho-2019-193,mangataisho-2019,unresolved,,,
mangataisho-2019-194,mangataisho-2019,unresolved,,,
mangataisho-2019-195,mangataisho-2019,unresolved,,,
mangataisho-2019-196,mangataisho-2019,unresolved,,,
mangataisho-2019-197,mangataisho-2019,unresolved,,,
mangataisho-2019-198,mangataisho-2019,unresolved,,,
mangataisho-2019-199,mangataisho-2019,unresolved,,,
mangataisho-2019-200,mangataisho-2019,unresolved,,,
mangataisho-2019-201,mangataisho-2019,unresolved,,,
mangataisho-2019-202,mangataisho-2019,unresolved,,,
mangataisho-2019-203,mangataisho-2019,unresolved,,,
mangataisho-2019-204,mangataisho-2019,unresolved,,,
mangataisho-2019-205,mangataisho-2019,unresolved,,,
mangataisho-2019-206,mangataisho-2019,unresolved,,,
mangataisho-2019-207,mangataisho-2019,unresolved,,,
mangataisho-2019-208,mangataisho-2019,unresolved,,,
mangataisho-2019-209,mangataisho-2019,unresolved,,,
mangataisho-2019-210,mangataisho-2019,unresolved,,,
mangataisho-2019-211,mangataisho-2019,unresolved,,,
mangataisho-2019-212,mangataisho-2019,unresolved,,,
mangataisho-2019-213,mangataisho-2019,unresolved,,,
mangataisho-2019-214,mangataisho-2019,unresolved,,,
mangataisho-2019-215,mangataisho-2019,unresolved,,,
mangataisho-2019-216,mangataisho-2019,unresolved,,,
mangataisho-2019-217,mangataisho-2019,unresolved,,,
mangataisho-2019-218,mangataisho-2019,unresolved,,,
mangataisho-2019-219,mangataisho-2019,unresolved,,,
mangataisho-2019-220,mangataisho-2019,unresolved,,,
mangataisho-2019-221,mangataisho-2019,unresolved,,,
mangataisho-2019-222,mangataisho-2019,unresolved,,,
mangataisho-2019-223,mangataisho-2019,unresolved,,,
mangataisho-2019-224,mangataisho-2019,unresolved,,,
mangataisho-2019-225,mangataisho-2019,unresolved,,,
mangataisho-2019-226,mangataisho-2019,unresolved,,,
mangataisho-2019-227,mangataisho-2019,unresolved,,,
mangataisho-2019-228,mangataisho-2019,unresolved,,,
mangataisho-2019-229,mangataisho-2019,unresolved,,,
mangataisho-2019-230,mangataisho-2019,unresolved,,,
mangataisho-2019-231,mangataisho-2019,unresolved,,,
mangataisho-2019-232,mangataisho-2019,unresolved,,,
mangataisho-2019-233,mangataisho-2019,unresolved,,,
mangataisho-2019-234,mangataisho-2019,unresolved,,,
mangataisho-2019-235,mangataisho-2019,unresolved,,,
mangataisho-2019-236,mangataisho-2019,unresolved,,,
mangataisho-2019-237,mangataisho-2019,unresolved,,,
mangataisho-2019-238,mangataisho-2019,unresolved,,,
mangataisho-2019-239,mangataisho-2019,unresolved,,,
mangataisho-2019-240,mangataisho-2019,unresolved,,,
mangataisho-2019-241,mangataisho-2019,unresolved,,,
mangataisho-2019-242,mangataisho-2019,unresolved,,,
mangataisho-2019-243,mangataisho-2019,unresolved,,,
mangataisho-2019-244,mangataisho-2019,unresolved,,,
mangataisho-2020-001,mangataisho-2020,duplicate,candidate-4eda8d2a9b04837b0e29,blue-period,mapping-f78653d449b1ad537058
mangataisho-2020-002,mangataisho-2020,duplicate,candidate-088bd94cfdd1dd6e192d,spy-family,mapping-9213b38ffb7fbf5e77d8
mangataisho-2020-003,mangataisho-2020,duplicate,candidate-a0cf232c6e526adba12f,skip-and-loafer,mapping-7e9083ed57b19d28fe8c
mangataisho-2020-004,mangataisho-2020,duplicate,candidate-094fec9e7639ddcbbc07,wave-listen-to-me,mapping-afae3ed185f9b63f6293
mangataisho-2020-005,mangataisho-2020,duplicate,candidate-ced7a8e6d9c3b8147702,work-ced7a8e6d9c3b8147702,mapping-4ab70b026bcda22040a4
mangataisho-2020-006,mangataisho-2020,duplicate,candidate-55d2c61694878eb046d5,mystery-to-iu-nakare,mapping-d08e3aba7b080a412e16
mangataisho-2020-007,mangataisho-2020,duplicate,candidate-7c8931bc010e2f28f7ec,work-7c8931bc010e2f28f7ec,mapping-a5a4fecda28fc754a78e
mangataisho-2020-008,mangataisho-2020,duplicate,candidate-9ad564d206d2c1a6c4ef,chainsaw-man,mapping-78df1fed315d4e4cae7a
mangataisho-2020-009,mangataisho-2020,included,candidate-11f13ef455c9bc9d68b4,work-11f13ef455c9bc9d68b4,mapping-9d5f90b7e06dcf1eac55
mangataisho-2020-010,mangataisho-2020,duplicate,candidate-0153a125c5a56225b06c,work-0153a125c5a56225b06c,mapping-51ce0eb95bc62c0cf586
mangataisho-2020-011,mangataisho-2020,duplicate,candidate-84a6a139c55f2760544e,work-84a6a139c55f2760544e,mapping-8222b7f6e12512bac026
mangataisho-2020-012,mangataisho-2020,duplicate,candidate-9bd00739b995d84e2494,work-9bd00739b995d84e2494,mapping-7a51983f8fa1085f15cf
mangataisho-2020-013,mangataisho-2020,unresolved,,,
mangataisho-2020-014,mangataisho-2020,unresolved,,,
mangataisho-2020-015,mangataisho-2020,unresolved,,,
mangataisho-2020-016,mangataisho-2020,unresolved,,,
mangataisho-2020-017,mangataisho-2020,unresolved,,,
mangataisho-2020-018,mangataisho-2020,unresolved,,,
mangataisho-2020-019,mangataisho-2020,unresolved,,,
mangataisho-2020-020,mangataisho-2020,unresolved,,,
mangataisho-2020-021,mangataisho-2020,unresolved,,,
mangataisho-2020-022,mangataisho-2020,unresolved,,,
mangataisho-2020-023,mangataisho-2020,unresolved,,,
mangataisho-2020-024,mangataisho-2020,unresolved,,,
mangataisho-2020-025,mangataisho-2020,unresolved,,,
mangataisho-2020-026,mangataisho-2020,unresolved,,,
mangataisho-2020-027,mangataisho-2020,unresolved,,,
mangataisho-2020-028,mangataisho-2020,unresolved,,,
mangataisho-2020-029,mangataisho-2020,unresolved,,,
mangataisho-2020-030,mangataisho-2020,unresolved,,,
mangataisho-2020-031,mangataisho-2020,unresolved,,,
mangataisho-2020-032,mangataisho-2020,unresolved,,,
mangataisho-2020-033,mangataisho-2020,unresolved,,,
mangataisho-2020-034,mangataisho-2020,unresolved,,,
mangataisho-2020-035,mangataisho-2020,unresolved,,,
mangataisho-2020-036,mangataisho-2020,unresolved,,,
mangataisho-2020-037,mangataisho-2020,unresolved,,,
mangataisho-2020-038,mangataisho-2020,unresolved,,,
mangataisho-2020-039,mangataisho-2020,unresolved,,,
mangataisho-2020-040,mangataisho-2020,unresolved,,,
mangataisho-2020-041,mangataisho-2020,unresolved,,,
mangataisho-2020-042,mangataisho-2020,unresolved,,,
mangataisho-2020-043,mangataisho-2020,unresolved,,,
mangataisho-2020-044,mangataisho-2020,unresolved,,,
mangataisho-2020-045,mangataisho-2020,unresolved,,,
mangataisho-2020-046,mangataisho-2020,unresolved,,,
mangataisho-2020-047,mangataisho-2020,unresolved,,,
mangataisho-2020-048,mangataisho-2020,unresolved,,,
mangataisho-2020-049,mangataisho-2020,unresolved,,,
mangataisho-2020-050,mangataisho-2020,unresolved,,,
mangataisho-2020-051,mangataisho-2020,unresolved,,,
mangataisho-2020-052,mangataisho-2020,unresolved,,,
mangataisho-2020-053,mangataisho-2020,unresolved,,,
mangataisho-2020-054,mangataisho-2020,unresolved,,,
mangataisho-2020-055,mangataisho-2020,unresolved,,,
mangataisho-2020-056,mangataisho-2020,unresolved,,,
mangataisho-2020-057,mangataisho-2020,unresolved,,,
mangataisho-2020-058,mangataisho-2020,unresolved,,,
mangataisho-2020-059,mangataisho-2020,unresolved,,,
mangataisho-2020-060,mangataisho-2020,unresolved,,,
mangataisho-2020-061,mangataisho-2020,unresolved,,,
mangataisho-2020-062,mangataisho-2020,unresolved,,,
mangataisho-2020-063,mangataisho-2020,unresolved,,,
mangataisho-2020-064,mangataisho-2020,unresolved,,,
mangataisho-2020-065,mangataisho-2020,unresolved,,,
mangataisho-2020-066,mangataisho-2020,unresolved,,,
mangataisho-2020-067,mangataisho-2020,unresolved,,,
mangataisho-2020-068,mangataisho-2020,unresolved,,,
mangataisho-2020-069,mangataisho-2020,unresolved,,,
mangataisho-2020-070,mangataisho-2020,unresolved,,,
mangataisho-2020-071,mangataisho-2020,unresolved,,,
mangataisho-2020-072,mangataisho-2020,unresolved,,,
mangataisho-2020-073,mangataisho-2020,unresolved,,,
mangataisho-2020-074,mangataisho-2020,unresolved,,,
mangataisho-2020-075,mangataisho-2020,unresolved,,,
mangataisho-2020-076,mangataisho-2020,unresolved,,,
mangataisho-2020-077,mangataisho-2020,unresolved,,,
mangataisho-2020-078,mangataisho-2020,unresolved,,,
mangataisho-2020-079,mangataisho-2020,unresolved,,,
mangataisho-2020-080,mangataisho-2020,unresolved,,,
mangataisho-2020-081,mangataisho-2020,unresolved,,,
mangataisho-2020-082,mangataisho-2020,unresolved,,,
mangataisho-2020-083,mangataisho-2020,unresolved,,,
mangataisho-2020-084,mangataisho-2020,unresolved,,,
mangataisho-2020-085,mangataisho-2020,unresolved,,,
mangataisho-2020-086,mangataisho-2020,unresolved,,,
mangataisho-2020-087,mangataisho-2020,unresolved,,,
mangataisho-2020-088,mangataisho-2020,unresolved,,,
mangataisho-2020-089,mangataisho-2020,unresolved,,,
mangataisho-2020-090,mangataisho-2020,unresolved,,,
mangataisho-2020-091,mangataisho-2020,unresolved,,,
mangataisho-2020-092,mangataisho-2020,unresolved,,,
mangataisho-2020-093,mangataisho-2020,unresolved,,,
mangataisho-2020-094,mangataisho-2020,unresolved,,,
mangataisho-2020-095,mangataisho-2020,unresolved,,,
mangataisho-2020-096,mangataisho-2020,unresolved,,,
mangataisho-2020-097,mangataisho-2020,unresolved,,,
mangataisho-2020-098,mangataisho-2020,unresolved,,,
mangataisho-2020-099,mangataisho-2020,unresolved,,,
mangataisho-2020-100,mangataisho-2020,unresolved,,,
mangataisho-2020-101,mangataisho-2020,unresolved,,,
mangataisho-2020-102,mangataisho-2020,unresolved,,,
mangataisho-2020-103,mangataisho-2020,unresolved,,,
mangataisho-2020-104,mangataisho-2020,unresolved,,,
mangataisho-2020-105,mangataisho-2020,unresolved,,,
mangataisho-2020-106,mangataisho-2020,unresolved,,,
mangataisho-2020-107,mangataisho-2020,unresolved,,,
mangataisho-2020-108,mangataisho-2020,unresolved,,,
mangataisho-2020-109,mangataisho-2020,unresolved,,,
mangataisho-2020-110,mangataisho-2020,unresolved,,,
mangataisho-2020-111,mangataisho-2020,unresolved,,,
mangataisho-2020-112,mangataisho-2020,unresolved,,,
mangataisho-2020-113,mangataisho-2020,unresolved,,,
mangataisho-2020-114,mangataisho-2020,unresolved,,,
mangataisho-2020-115,mangataisho-2020,unresolved,,,
mangataisho-2020-116,mangataisho-2020,unresolved,,,
mangataisho-2020-117,mangataisho-2020,unresolved,,,
mangataisho-2020-118,mangataisho-2020,unresolved,,,
mangataisho-2020-119,mangataisho-2020,unresolved,,,
mangataisho-2020-120,mangataisho-2020,unresolved,,,
mangataisho-2020-121,mangataisho-2020,unresolved,,,
mangataisho-2020-122,mangataisho-2020,unresolved,,,
mangataisho-2020-123,mangataisho-2020,unresolved,,,
mangataisho-2020-124,mangataisho-2020,unresolved,,,
mangataisho-2020-125,mangataisho-2020,unresolved,,,
mangataisho-2020-126,mangataisho-2020,unresolved,,,
mangataisho-2020-127,mangataisho-2020,unresolved,,,
mangataisho-2020-128,mangataisho-2020,unresolved,,,
mangataisho-2020-129,mangataisho-2020,unresolved,,,
mangataisho-2020-130,mangataisho-2020,unresolved,,,
mangataisho-2020-131,mangataisho-2020,unresolved,,,
mangataisho-2020-132,mangataisho-2020,unresolved,,,
mangataisho-2020-133,mangataisho-2020,unresolved,,,
mangataisho-2020-134,mangataisho-2020,unresolved,,,
mangataisho-2020-135,mangataisho-2020,unresolved,,,
mangataisho-2020-136,mangataisho-2020,unresolved,,,
mangataisho-2020-137,mangataisho-2020,unresolved,,,
mangataisho-2020-138,mangataisho-2020,unresolved,,,
mangataisho-2020-139,mangataisho-2020,unresolved,,,
mangataisho-2020-140,mangataisho-2020,unresolved,,,
mangataisho-2020-141,mangataisho-2020,unresolved,,,
mangataisho-2020-142,mangataisho-2020,unresolved,,,
mangataisho-2020-143,mangataisho-2020,unresolved,,,
mangataisho-2020-144,mangataisho-2020,unresolved,,,
mangataisho-2020-145,mangataisho-2020,unresolved,,,
mangataisho-2020-146,mangataisho-2020,unresolved,,,
mangataisho-2020-147,mangataisho-2020,unresolved,,,
mangataisho-2020-148,mangataisho-2020,unresolved,,,
mangataisho-2020-149,mangataisho-2020,unresolved,,,
mangataisho-2020-150,mangataisho-2020,unresolved,,,
mangataisho-2020-151,mangataisho-2020,unresolved,,,
mangataisho-2020-152,mangataisho-2020,unresolved,,,
mangataisho-2020-153,mangataisho-2020,unresolved,,,
mangataisho-2020-154,mangataisho-2020,unresolved,,,
mangataisho-2020-155,mangataisho-2020,unresolved,,,
mangataisho-2020-156,mangataisho-2020,unresolved,,,
mangataisho-2020-157,mangataisho-2020,unresolved,,,
mangataisho-2020-158,mangataisho-2020,unresolved,,,
mangataisho-2020-159,mangataisho-2020,unresolved,,,
mangataisho-2020-160,mangataisho-2020,unresolved,,,
mangataisho-2020-161,mangataisho-2020,unresolved,,,
mangataisho-2020-162,mangataisho-2020,unresolved,,,
mangataisho-2020-163,mangataisho-2020,unresolved,,,
mangataisho-2020-164,mangataisho-2020,unresolved,,,
mangataisho-2020-165,mangataisho-2020,unresolved,,,
mangataisho-2020-166,mangataisho-2020,unresolved,,,
mangataisho-2020-167,mangataisho-2020,unresolved,,,
mangataisho-2020-168,mangataisho-2020,unresolved,,,
mangataisho-2020-169,mangataisho-2020,unresolved,,,
mangataisho-2020-170,mangataisho-2020,unresolved,,,
mangataisho-2020-171,mangataisho-2020,unresolved,,,
mangataisho-2020-172,mangataisho-2020,unresolved,,,
mangataisho-2020-173,mangataisho-2020,unresolved,,,
mangataisho-2020-174,mangataisho-2020,unresolved,,,
mangataisho-2020-175,mangataisho-2020,unresolved,,,
mangataisho-2020-176,mangataisho-2020,unresolved,,,
mangataisho-2020-177,mangataisho-2020,unresolved,,,
mangataisho-2020-178,mangataisho-2020,unresolved,,,
mangataisho-2020-179,mangataisho-2020,unresolved,,,
mangataisho-2020-180,mangataisho-2020,unresolved,,,
mangataisho-2020-181,mangataisho-2020,unresolved,,,
mangataisho-2020-182,mangataisho-2020,unresolved,,,
mangataisho-2020-183,mangataisho-2020,unresolved,,,
mangataisho-2020-184,mangataisho-2020,unresolved,,,
mangataisho-2020-185,mangataisho-2020,unresolved,,,
mangataisho-2020-186,mangataisho-2020,unresolved,,,
mangataisho-2020-187,mangataisho-2020,unresolved,,,
mangataisho-2020-188,mangataisho-2020,unresolved,,,
mangataisho-2020-189,mangataisho-2020,unresolved,,,
mangataisho-2020-190,mangataisho-2020,unresolved,,,
mangataisho-2020-191,mangataisho-2020,unresolved,,,
mangataisho-2020-192,mangataisho-2020,unresolved,,,
mangataisho-2020-193,mangataisho-2020,unresolved,,,
mangataisho-2020-194,mangataisho-2020,unresolved,,,
mangataisho-2020-195,mangataisho-2020,unresolved,,,
mangataisho-2020-196,mangataisho-2020,unresolved,,,
mangataisho-2020-197,mangataisho-2020,unresolved,,,
mangataisho-2020-198,mangataisho-2020,unresolved,,,
mangataisho-2020-199,mangataisho-2020,unresolved,,,
mangataisho-2020-200,mangataisho-2020,unresolved,,,
mangataisho-2020-201,mangataisho-2020,unresolved,,,
mangataisho-2020-202,mangataisho-2020,unresolved,,,
mangataisho-2020-203,mangataisho-2020,unresolved,,,
mangataisho-2020-204,mangataisho-2020,unresolved,,,
mangataisho-2020-205,mangataisho-2020,unresolved,,,
mangataisho-2020-206,mangataisho-2020,unresolved,,,
mangataisho-2020-207,mangataisho-2020,unresolved,,,
mangataisho-2020-208,mangataisho-2020,unresolved,,,
mangataisho-2020-209,mangataisho-2020,unresolved,,,
mangataisho-2020-210,mangataisho-2020,unresolved,,,
mangataisho-2020-211,mangataisho-2020,unresolved,,,
mangataisho-2020-212,mangataisho-2020,unresolved,,,
mangataisho-2020-213,mangataisho-2020,unresolved,,,
mangataisho-2020-214,mangataisho-2020,unresolved,,,
mangataisho-2020-215,mangataisho-2020,unresolved,,,
mangataisho-2020-216,mangataisho-2020,unresolved,,,
mangataisho-2020-217,mangataisho-2020,unresolved,,,
mangataisho-2020-218,mangataisho-2020,unresolved,,,
mangataisho-2020-219,mangataisho-2020,unresolved,,,
mangataisho-2020-220,mangataisho-2020,unresolved,,,
mangataisho-2020-221,mangataisho-2020,unresolved,,,
mangataisho-2020-222,mangataisho-2020,unresolved,,,
mangataisho-2020-223,mangataisho-2020,unresolved,,,
mangataisho-2020-224,mangataisho-2020,unresolved,,,
mangataisho-2020-225,mangataisho-2020,unresolved,,,
mangataisho-2020-226,mangataisho-2020,unresolved,,,
mangataisho-2020-227,mangataisho-2020,unresolved,,,
mangataisho-2020-228,mangataisho-2020,unresolved,,,
mangataisho-2020-229,mangataisho-2020,unresolved,,,
mangataisho-2020-230,mangataisho-2020,unresolved,,,
mangataisho-2020-231,mangataisho-2020,unresolved,,,
mangataisho-2020-232,mangataisho-2020,unresolved,,,
mangataisho-2020-233,mangataisho-2020,unresolved,,,
mangataisho-2020-234,mangataisho-2020,unresolved,,,
mangataisho-2020-235,mangataisho-2020,unresolved,,,
mangataisho-2020-236,mangataisho-2020,unresolved,,,
mangataisho-2020-237,mangataisho-2020,unresolved,,,
mangataisho-2020-238,mangataisho-2020,unresolved,,,
mangataisho-2021-001,mangataisho-2021,duplicate,candidate-ab586cc8c5de02fad336,frieren,mapping-7e31dc828a5d91e2a340
mangataisho-2021-002,mangataisho-2021,unresolved,,,
mangataisho-2021-003,mangataisho-2021,duplicate,candidate-c2df32661c0b925ff74f,work-c2df32661c0b925ff74f,mapping-149bb167e684ea60c6f2
mangataisho-2021-004,mangataisho-2021,duplicate,candidate-ced7a8e6d9c3b8147702,work-ced7a8e6d9c3b8147702,mapping-0700a005256d7df0af81
mangataisho-2021-005,mangataisho-2021,duplicate,candidate-0029e59a039dce3f6e74,work-0029e59a039dce3f6e74,mapping-1354960cf97f92149517
mangataisho-2021-006,mangataisho-2021,duplicate,candidate-23851cd7ccf1d0c676cc,work-23851cd7ccf1d0c676cc,mapping-a7823127077e210a19aa
mangataisho-2021-007,mangataisho-2021,duplicate,candidate-d489f5a2229689aa5115,work-d489f5a2229689aa5115,mapping-10b1b27c2269cafb7ffd
mangataisho-2021-008,mangataisho-2021,duplicate,candidate-d0a927fd10c26eb77059,metamorphose-no-engawa,mapping-8fbd9abe33ebd12d36a5
mangataisho-2021-009,mangataisho-2021,duplicate,candidate-c61aa83d0482e2863eb3,kowloon-generic-romance,mapping-eae76f1c3dca4335f811
mangataisho-2021-010,mangataisho-2021,duplicate,candidate-088bd94cfdd1dd6e192d,spy-family,mapping-780c82f3b0c4effdc1d2
mangataisho-2021-011,mangataisho-2021,unresolved,,,
mangataisho-2021-012,mangataisho-2021,unresolved,,,
mangataisho-2021-013,mangataisho-2021,unresolved,,,
mangataisho-2021-014,mangataisho-2021,unresolved,,,
mangataisho-2021-015,mangataisho-2021,unresolved,,,
mangataisho-2021-016,mangataisho-2021,unresolved,,,
mangataisho-2021-017,mangataisho-2021,unresolved,,,
mangataisho-2021-018,mangataisho-2021,unresolved,,,
mangataisho-2021-019,mangataisho-2021,unresolved,,,
mangataisho-2021-020,mangataisho-2021,unresolved,,,
mangataisho-2021-021,mangataisho-2021,unresolved,,,
mangataisho-2021-022,mangataisho-2021,unresolved,,,
mangataisho-2021-023,mangataisho-2021,unresolved,,,
mangataisho-2021-024,mangataisho-2021,unresolved,,,
mangataisho-2021-025,mangataisho-2021,unresolved,,,
mangataisho-2021-026,mangataisho-2021,unresolved,,,
mangataisho-2021-027,mangataisho-2021,unresolved,,,
mangataisho-2021-028,mangataisho-2021,unresolved,,,
mangataisho-2021-029,mangataisho-2021,unresolved,,,
mangataisho-2021-030,mangataisho-2021,unresolved,,,
mangataisho-2021-031,mangataisho-2021,unresolved,,,
mangataisho-2021-032,mangataisho-2021,unresolved,,,
mangataisho-2021-033,mangataisho-2021,unresolved,,,
mangataisho-2021-034,mangataisho-2021,unresolved,,,
mangataisho-2021-035,mangataisho-2021,unresolved,,,
mangataisho-2021-036,mangataisho-2021,unresolved,,,
mangataisho-2021-037,mangataisho-2021,unresolved,,,
mangataisho-2021-038,mangataisho-2021,unresolved,,,
mangataisho-2021-039,mangataisho-2021,unresolved,,,
mangataisho-2021-040,mangataisho-2021,unresolved,,,
mangataisho-2021-041,mangataisho-2021,unresolved,,,
mangataisho-2021-042,mangataisho-2021,unresolved,,,
mangataisho-2021-043,mangataisho-2021,unresolved,,,
mangataisho-2021-044,mangataisho-2021,unresolved,,,
mangataisho-2021-045,mangataisho-2021,unresolved,,,
mangataisho-2021-046,mangataisho-2021,unresolved,,,
mangataisho-2021-047,mangataisho-2021,unresolved,,,
mangataisho-2021-048,mangataisho-2021,unresolved,,,
mangataisho-2021-049,mangataisho-2021,unresolved,,,
mangataisho-2021-050,mangataisho-2021,unresolved,,,
mangataisho-2021-051,mangataisho-2021,unresolved,,,
mangataisho-2021-052,mangataisho-2021,unresolved,,,
mangataisho-2021-053,mangataisho-2021,unresolved,,,
mangataisho-2021-054,mangataisho-2021,unresolved,,,
mangataisho-2021-055,mangataisho-2021,unresolved,,,
mangataisho-2021-056,mangataisho-2021,unresolved,,,
mangataisho-2021-057,mangataisho-2021,unresolved,,,
mangataisho-2021-058,mangataisho-2021,unresolved,,,
mangataisho-2021-059,mangataisho-2021,unresolved,,,
mangataisho-2021-060,mangataisho-2021,unresolved,,,
mangataisho-2021-061,mangataisho-2021,unresolved,,,
mangataisho-2021-062,mangataisho-2021,unresolved,,,
mangataisho-2021-063,mangataisho-2021,unresolved,,,
mangataisho-2021-064,mangataisho-2021,unresolved,,,
mangataisho-2021-065,mangataisho-2021,unresolved,,,
mangataisho-2021-066,mangataisho-2021,unresolved,,,
mangataisho-2021-067,mangataisho-2021,unresolved,,,
mangataisho-2021-068,mangataisho-2021,unresolved,,,
mangataisho-2021-069,mangataisho-2021,unresolved,,,
mangataisho-2021-070,mangataisho-2021,unresolved,,,
mangataisho-2021-071,mangataisho-2021,unresolved,,,
mangataisho-2021-072,mangataisho-2021,unresolved,,,
mangataisho-2021-073,mangataisho-2021,unresolved,,,
mangataisho-2021-074,mangataisho-2021,unresolved,,,
mangataisho-2021-075,mangataisho-2021,unresolved,,,
mangataisho-2021-076,mangataisho-2021,unresolved,,,
mangataisho-2021-077,mangataisho-2021,unresolved,,,
mangataisho-2021-078,mangataisho-2021,unresolved,,,
mangataisho-2021-079,mangataisho-2021,unresolved,,,
mangataisho-2021-080,mangataisho-2021,unresolved,,,
mangataisho-2021-081,mangataisho-2021,unresolved,,,
mangataisho-2021-082,mangataisho-2021,unresolved,,,
mangataisho-2021-083,mangataisho-2021,unresolved,,,
mangataisho-2021-084,mangataisho-2021,unresolved,,,
mangataisho-2021-085,mangataisho-2021,unresolved,,,
mangataisho-2021-086,mangataisho-2021,unresolved,,,
mangataisho-2021-087,mangataisho-2021,unresolved,,,
mangataisho-2021-088,mangataisho-2021,unresolved,,,
mangataisho-2021-089,mangataisho-2021,unresolved,,,
mangataisho-2021-090,mangataisho-2021,unresolved,,,
mangataisho-2021-091,mangataisho-2021,unresolved,,,
mangataisho-2021-092,mangataisho-2021,unresolved,,,
mangataisho-2021-093,mangataisho-2021,unresolved,,,
mangataisho-2021-094,mangataisho-2021,unresolved,,,
mangataisho-2021-095,mangataisho-2021,unresolved,,,
mangataisho-2021-096,mangataisho-2021,unresolved,,,
mangataisho-2021-097,mangataisho-2021,unresolved,,,
mangataisho-2021-098,mangataisho-2021,unresolved,,,
mangataisho-2021-099,mangataisho-2021,unresolved,,,
mangataisho-2021-100,mangataisho-2021,unresolved,,,
mangataisho-2021-101,mangataisho-2021,unresolved,,,
mangataisho-2021-102,mangataisho-2021,unresolved,,,
mangataisho-2021-103,mangataisho-2021,unresolved,,,
mangataisho-2021-104,mangataisho-2021,unresolved,,,
mangataisho-2021-105,mangataisho-2021,unresolved,,,
mangataisho-2021-106,mangataisho-2021,unresolved,,,
mangataisho-2021-107,mangataisho-2021,unresolved,,,
mangataisho-2021-108,mangataisho-2021,unresolved,,,
mangataisho-2021-109,mangataisho-2021,unresolved,,,
mangataisho-2021-110,mangataisho-2021,unresolved,,,
mangataisho-2021-111,mangataisho-2021,unresolved,,,
mangataisho-2021-112,mangataisho-2021,unresolved,,,
mangataisho-2021-113,mangataisho-2021,unresolved,,,
mangataisho-2021-114,mangataisho-2021,unresolved,,,
mangataisho-2021-115,mangataisho-2021,unresolved,,,
mangataisho-2021-116,mangataisho-2021,unresolved,,,
mangataisho-2021-117,mangataisho-2021,unresolved,,,
mangataisho-2021-118,mangataisho-2021,unresolved,,,
mangataisho-2021-119,mangataisho-2021,unresolved,,,
mangataisho-2021-120,mangataisho-2021,unresolved,,,
mangataisho-2021-121,mangataisho-2021,unresolved,,,
mangataisho-2021-122,mangataisho-2021,unresolved,,,
mangataisho-2021-123,mangataisho-2021,unresolved,,,
mangataisho-2021-124,mangataisho-2021,unresolved,,,
mangataisho-2021-125,mangataisho-2021,unresolved,,,
mangataisho-2021-126,mangataisho-2021,unresolved,,,
mangataisho-2021-127,mangataisho-2021,unresolved,,,
mangataisho-2021-128,mangataisho-2021,unresolved,,,
mangataisho-2021-129,mangataisho-2021,unresolved,,,
mangataisho-2021-130,mangataisho-2021,unresolved,,,
mangataisho-2021-131,mangataisho-2021,unresolved,,,
mangataisho-2021-132,mangataisho-2021,unresolved,,,
mangataisho-2021-133,mangataisho-2021,unresolved,,,
mangataisho-2021-134,mangataisho-2021,unresolved,,,
mangataisho-2021-135,mangataisho-2021,unresolved,,,
mangataisho-2021-136,mangataisho-2021,unresolved,,,
mangataisho-2021-137,mangataisho-2021,unresolved,,,
mangataisho-2021-138,mangataisho-2021,unresolved,,,
mangataisho-2021-139,mangataisho-2021,unresolved,,,
mangataisho-2021-140,mangataisho-2021,unresolved,,,
mangataisho-2021-141,mangataisho-2021,unresolved,,,
mangataisho-2021-142,mangataisho-2021,unresolved,,,
mangataisho-2021-143,mangataisho-2021,unresolved,,,
mangataisho-2021-144,mangataisho-2021,unresolved,,,
mangataisho-2021-145,mangataisho-2021,unresolved,,,
mangataisho-2021-146,mangataisho-2021,unresolved,,,
mangataisho-2021-147,mangataisho-2021,unresolved,,,
mangataisho-2021-148,mangataisho-2021,unresolved,,,
mangataisho-2021-149,mangataisho-2021,unresolved,,,
mangataisho-2021-150,mangataisho-2021,unresolved,,,
mangataisho-2021-151,mangataisho-2021,unresolved,,,
mangataisho-2021-152,mangataisho-2021,unresolved,,,
mangataisho-2021-153,mangataisho-2021,unresolved,,,
mangataisho-2021-154,mangataisho-2021,unresolved,,,
mangataisho-2021-155,mangataisho-2021,unresolved,,,
mangataisho-2021-156,mangataisho-2021,unresolved,,,
mangataisho-2021-157,mangataisho-2021,unresolved,,,
mangataisho-2021-158,mangataisho-2021,unresolved,,,
mangataisho-2021-159,mangataisho-2021,unresolved,,,
mangataisho-2021-160,mangataisho-2021,unresolved,,,
mangataisho-2021-161,mangataisho-2021,unresolved,,,
mangataisho-2021-162,mangataisho-2021,unresolved,,,
mangataisho-2021-163,mangataisho-2021,unresolved,,,
mangataisho-2021-164,mangataisho-2021,unresolved,,,
mangataisho-2021-165,mangataisho-2021,unresolved,,,
mangataisho-2021-166,mangataisho-2021,unresolved,,,
mangataisho-2021-167,mangataisho-2021,unresolved,,,
mangataisho-2021-168,mangataisho-2021,unresolved,,,
mangataisho-2021-169,mangataisho-2021,unresolved,,,
mangataisho-2021-170,mangataisho-2021,unresolved,,,
mangataisho-2021-171,mangataisho-2021,unresolved,,,
mangataisho-2021-172,mangataisho-2021,unresolved,,,
mangataisho-2021-173,mangataisho-2021,unresolved,,,
mangataisho-2021-174,mangataisho-2021,unresolved,,,
mangataisho-2021-175,mangataisho-2021,unresolved,,,
mangataisho-2021-176,mangataisho-2021,unresolved,,,
mangataisho-2021-177,mangataisho-2021,unresolved,,,
mangataisho-2021-178,mangataisho-2021,unresolved,,,
mangataisho-2021-179,mangataisho-2021,unresolved,,,
mangataisho-2021-180,mangataisho-2021,unresolved,,,
mangataisho-2021-181,mangataisho-2021,unresolved,,,
mangataisho-2021-182,mangataisho-2021,unresolved,,,
mangataisho-2021-183,mangataisho-2021,unresolved,,,
mangataisho-2021-184,mangataisho-2021,unresolved,,,
mangataisho-2021-185,mangataisho-2021,unresolved,,,
mangataisho-2021-186,mangataisho-2021,unresolved,,,
mangataisho-2021-187,mangataisho-2021,unresolved,,,
mangataisho-2021-188,mangataisho-2021,unresolved,,,
mangataisho-2021-189,mangataisho-2021,unresolved,,,
mangataisho-2021-190,mangataisho-2021,unresolved,,,
mangataisho-2021-191,mangataisho-2021,unresolved,,,
mangataisho-2021-192,mangataisho-2021,unresolved,,,
mangataisho-2021-193,mangataisho-2021,unresolved,,,
mangataisho-2021-194,mangataisho-2021,unresolved,,,
mangataisho-2021-195,mangataisho-2021,unresolved,,,
mangataisho-2021-196,mangataisho-2021,unresolved,,,
mangataisho-2021-197,mangataisho-2021,unresolved,,,
mangataisho-2021-198,mangataisho-2021,unresolved,,,
mangataisho-2021-199,mangataisho-2021,unresolved,,,
mangataisho-2021-200,mangataisho-2021,unresolved,,,
mangataisho-2021-201,mangataisho-2021,unresolved,,,
mangataisho-2021-202,mangataisho-2021,unresolved,,,
mangataisho-2021-203,mangataisho-2021,unresolved,,,
mangataisho-2021-204,mangataisho-2021,unresolved,,,
mangataisho-2021-205,mangataisho-2021,unresolved,,,
mangataisho-2021-206,mangataisho-2021,unresolved,,,
mangataisho-2021-207,mangataisho-2021,unresolved,,,
mangataisho-2021-208,mangataisho-2021,unresolved,,,
mangataisho-2021-209,mangataisho-2021,unresolved,,,
mangataisho-2021-210,mangataisho-2021,unresolved,,,
mangataisho-2021-211,mangataisho-2021,unresolved,,,
mangataisho-2021-212,mangataisho-2021,unresolved,,,
mangataisho-2021-213,mangataisho-2021,unresolved,,,
mangataisho-2021-214,mangataisho-2021,unresolved,,,
mangataisho-2021-215,mangataisho-2021,unresolved,,,
mangataisho-2021-216,mangataisho-2021,unresolved,,,
mangataisho-2022-001,mangataisho-2022,duplicate,candidate-ae9ec8e0da7f3c8fa3c9,the-darwin-incident,mapping-7e66b561953a9c1849cf
mangataisho-2022-002,mangataisho-2022,duplicate,candidate-741deb03d9f59e723929,work-741deb03d9f59e723929,mapping-07529d309e06631d60d3
mangataisho-2022-003,mangataisho-2022,included,candidate-88cb26a0229ad7b83263,work-88cb26a0229ad7b83263,mapping-2d26e0d06a242e4af03d
mangataisho-2022-004,mangataisho-2022,duplicate,candidate-d489f5a2229689aa5115,work-d489f5a2229689aa5115,mapping-40534b6600d03efdc1bc
mangataisho-2022-005,mangataisho-2022,unresolved,,,
mangataisho-2022-006,mangataisho-2022,duplicate,candidate-e906b3eaa9ef9eafe23c,work-e906b3eaa9ef9eafe23c,mapping-a29cbc29287f55eb82ae
mangataisho-2022-007,mangataisho-2022,duplicate,candidate-cdf549d4b1888153e146,work-cdf549d4b1888153e146,mapping-aa230f2ba86ddaf0b4c7
mangataisho-2022-008,mangataisho-2022,duplicate,candidate-0029e59a039dce3f6e74,work-0029e59a039dce3f6e74,mapping-1a85389cc013ece22423
mangataisho-2022-009,mangataisho-2022,duplicate,candidate-3588928ab8f6a2520923,work-3588928ab8f6a2520923,mapping-04df2ddb689e7c9acc8f
mangataisho-2022-010,mangataisho-2022,unresolved,,,
mangataisho-2022-011,mangataisho-2022,unresolved,,,
mangataisho-2022-012,mangataisho-2022,unresolved,,,
mangataisho-2022-013,mangataisho-2022,unresolved,,,
mangataisho-2022-014,mangataisho-2022,unresolved,,,
mangataisho-2022-015,mangataisho-2022,unresolved,,,
mangataisho-2022-016,mangataisho-2022,unresolved,,,
mangataisho-2022-017,mangataisho-2022,unresolved,,,
mangataisho-2022-018,mangataisho-2022,unresolved,,,
mangataisho-2022-019,mangataisho-2022,unresolved,,,
mangataisho-2022-020,mangataisho-2022,unresolved,,,
mangataisho-2022-021,mangataisho-2022,unresolved,,,
mangataisho-2022-022,mangataisho-2022,unresolved,,,
mangataisho-2022-023,mangataisho-2022,unresolved,,,
mangataisho-2022-024,mangataisho-2022,unresolved,,,
mangataisho-2022-025,mangataisho-2022,unresolved,,,
mangataisho-2022-026,mangataisho-2022,unresolved,,,
mangataisho-2022-027,mangataisho-2022,unresolved,,,
mangataisho-2022-028,mangataisho-2022,unresolved,,,
mangataisho-2022-029,mangataisho-2022,unresolved,,,
mangataisho-2022-030,mangataisho-2022,unresolved,,,
mangataisho-2022-031,mangataisho-2022,unresolved,,,
mangataisho-2022-032,mangataisho-2022,unresolved,,,
mangataisho-2022-033,mangataisho-2022,unresolved,,,
mangataisho-2022-034,mangataisho-2022,unresolved,,,
mangataisho-2022-035,mangataisho-2022,unresolved,,,
mangataisho-2022-036,mangataisho-2022,unresolved,,,
mangataisho-2022-037,mangataisho-2022,unresolved,,,
mangataisho-2022-038,mangataisho-2022,unresolved,,,
mangataisho-2022-039,mangataisho-2022,excluded-webtoon,,,exclusion-03f59949ce302c759186
mangataisho-2022-040,mangataisho-2022,unresolved,,,
mangataisho-2022-041,mangataisho-2022,unresolved,,,
mangataisho-2022-042,mangataisho-2022,unresolved,,,
mangataisho-2022-043,mangataisho-2022,unresolved,,,
mangataisho-2022-044,mangataisho-2022,unresolved,,,
mangataisho-2022-045,mangataisho-2022,unresolved,,,
mangataisho-2022-046,mangataisho-2022,unresolved,,,
mangataisho-2022-047,mangataisho-2022,unresolved,,,
mangataisho-2022-048,mangataisho-2022,unresolved,,,
mangataisho-2022-049,mangataisho-2022,unresolved,,,
mangataisho-2022-050,mangataisho-2022,unresolved,,,
mangataisho-2022-051,mangataisho-2022,unresolved,,,
mangataisho-2022-052,mangataisho-2022,unresolved,,,
mangataisho-2022-053,mangataisho-2022,unresolved,,,
mangataisho-2022-054,mangataisho-2022,unresolved,,,
mangataisho-2022-055,mangataisho-2022,unresolved,,,
mangataisho-2022-056,mangataisho-2022,unresolved,,,
mangataisho-2022-057,mangataisho-2022,unresolved,,,
mangataisho-2022-058,mangataisho-2022,unresolved,,,
mangataisho-2022-059,mangataisho-2022,unresolved,,,
mangataisho-2022-060,mangataisho-2022,unresolved,,,
mangataisho-2022-061,mangataisho-2022,unresolved,,,
mangataisho-2022-062,mangataisho-2022,unresolved,,,
mangataisho-2022-063,mangataisho-2022,unresolved,,,
mangataisho-2022-064,mangataisho-2022,unresolved,,,
mangataisho-2022-065,mangataisho-2022,unresolved,,,
mangataisho-2022-066,mangataisho-2022,unresolved,,,
mangataisho-2022-067,mangataisho-2022,unresolved,,,
mangataisho-2022-068,mangataisho-2022,unresolved,,,
mangataisho-2022-069,mangataisho-2022,unresolved,,,
mangataisho-2022-070,mangataisho-2022,unresolved,,,
mangataisho-2022-071,mangataisho-2022,unresolved,,,
mangataisho-2022-072,mangataisho-2022,unresolved,,,
mangataisho-2022-073,mangataisho-2022,unresolved,,,
mangataisho-2022-074,mangataisho-2022,unresolved,,,
mangataisho-2022-075,mangataisho-2022,unresolved,,,
mangataisho-2022-076,mangataisho-2022,unresolved,,,
mangataisho-2022-077,mangataisho-2022,unresolved,,,
mangataisho-2022-078,mangataisho-2022,unresolved,,,
mangataisho-2022-079,mangataisho-2022,unresolved,,,
mangataisho-2022-080,mangataisho-2022,unresolved,,,
mangataisho-2022-081,mangataisho-2022,unresolved,,,
mangataisho-2022-082,mangataisho-2022,unresolved,,,
mangataisho-2022-083,mangataisho-2022,unresolved,,,
mangataisho-2022-084,mangataisho-2022,unresolved,,,
mangataisho-2022-085,mangataisho-2022,unresolved,,,
mangataisho-2022-086,mangataisho-2022,unresolved,,,
mangataisho-2022-087,mangataisho-2022,unresolved,,,
mangataisho-2022-088,mangataisho-2022,unresolved,,,
mangataisho-2022-089,mangataisho-2022,unresolved,,,
mangataisho-2022-090,mangataisho-2022,unresolved,,,
mangataisho-2022-091,mangataisho-2022,unresolved,,,
mangataisho-2022-092,mangataisho-2022,unresolved,,,
mangataisho-2022-093,mangataisho-2022,unresolved,,,
mangataisho-2022-094,mangataisho-2022,unresolved,,,
mangataisho-2022-095,mangataisho-2022,unresolved,,,
mangataisho-2022-096,mangataisho-2022,unresolved,,,
mangataisho-2022-097,mangataisho-2022,unresolved,,,
mangataisho-2022-098,mangataisho-2022,unresolved,,,
mangataisho-2022-099,mangataisho-2022,unresolved,,,
mangataisho-2022-100,mangataisho-2022,unresolved,,,
mangataisho-2022-101,mangataisho-2022,unresolved,,,
mangataisho-2022-102,mangataisho-2022,unresolved,,,
mangataisho-2022-103,mangataisho-2022,unresolved,,,
mangataisho-2022-104,mangataisho-2022,unresolved,,,
mangataisho-2022-105,mangataisho-2022,unresolved,,,
mangataisho-2022-106,mangataisho-2022,unresolved,,,
mangataisho-2022-107,mangataisho-2022,unresolved,,,
mangataisho-2022-108,mangataisho-2022,unresolved,,,
mangataisho-2022-109,mangataisho-2022,unresolved,,,
mangataisho-2022-110,mangataisho-2022,unresolved,,,
mangataisho-2022-111,mangataisho-2022,unresolved,,,
mangataisho-2022-112,mangataisho-2022,unresolved,,,
mangataisho-2022-113,mangataisho-2022,unresolved,,,
mangataisho-2022-114,mangataisho-2022,unresolved,,,
mangataisho-2022-115,mangataisho-2022,unresolved,,,
mangataisho-2022-116,mangataisho-2022,unresolved,,,
mangataisho-2022-117,mangataisho-2022,unresolved,,,
mangataisho-2022-118,mangataisho-2022,unresolved,,,
mangataisho-2022-119,mangataisho-2022,unresolved,,,
mangataisho-2022-120,mangataisho-2022,unresolved,,,
mangataisho-2022-121,mangataisho-2022,unresolved,,,
mangataisho-2022-122,mangataisho-2022,unresolved,,,
mangataisho-2022-123,mangataisho-2022,unresolved,,,
mangataisho-2022-124,mangataisho-2022,unresolved,,,
mangataisho-2022-125,mangataisho-2022,unresolved,,,
mangataisho-2022-126,mangataisho-2022,unresolved,,,
mangataisho-2022-127,mangataisho-2022,unresolved,,,
mangataisho-2022-128,mangataisho-2022,unresolved,,,
mangataisho-2022-129,mangataisho-2022,unresolved,,,
mangataisho-2022-130,mangataisho-2022,unresolved,,,
mangataisho-2022-131,mangataisho-2022,unresolved,,,
mangataisho-2022-132,mangataisho-2022,unresolved,,,
mangataisho-2022-133,mangataisho-2022,unresolved,,,
mangataisho-2022-134,mangataisho-2022,unresolved,,,
mangataisho-2022-135,mangataisho-2022,unresolved,,,
mangataisho-2022-136,mangataisho-2022,unresolved,,,
mangataisho-2022-137,mangataisho-2022,unresolved,,,
mangataisho-2022-138,mangataisho-2022,unresolved,,,
mangataisho-2022-139,mangataisho-2022,unresolved,,,
mangataisho-2022-140,mangataisho-2022,unresolved,,,
mangataisho-2022-141,mangataisho-2022,unresolved,,,
mangataisho-2022-142,mangataisho-2022,unresolved,,,
mangataisho-2022-143,mangataisho-2022,unresolved,,,
mangataisho-2022-144,mangataisho-2022,unresolved,,,
mangataisho-2022-145,mangataisho-2022,unresolved,,,
mangataisho-2022-146,mangataisho-2022,unresolved,,,
mangataisho-2022-147,mangataisho-2022,unresolved,,,
mangataisho-2022-148,mangataisho-2022,unresolved,,,
mangataisho-2022-149,mangataisho-2022,unresolved,,,
mangataisho-2022-150,mangataisho-2022,unresolved,,,
mangataisho-2022-151,mangataisho-2022,unresolved,,,
mangataisho-2022-152,mangataisho-2022,unresolved,,,
mangataisho-2022-153,mangataisho-2022,unresolved,,,
mangataisho-2022-154,mangataisho-2022,unresolved,,,
mangataisho-2022-155,mangataisho-2022,unresolved,,,
mangataisho-2022-156,mangataisho-2022,unresolved,,,
mangataisho-2022-157,mangataisho-2022,unresolved,,,
mangataisho-2022-158,mangataisho-2022,unresolved,,,
mangataisho-2022-159,mangataisho-2022,unresolved,,,
mangataisho-2022-160,mangataisho-2022,unresolved,,,
mangataisho-2022-161,mangataisho-2022,unresolved,,,
mangataisho-2022-162,mangataisho-2022,unresolved,,,
mangataisho-2022-163,mangataisho-2022,unresolved,,,
mangataisho-2022-164,mangataisho-2022,unresolved,,,
mangataisho-2022-165,mangataisho-2022,unresolved,,,
mangataisho-2022-166,mangataisho-2022,unresolved,,,
mangataisho-2022-167,mangataisho-2022,unresolved,,,
mangataisho-2022-168,mangataisho-2022,unresolved,,,
mangataisho-2022-169,mangataisho-2022,unresolved,,,
mangataisho-2022-170,mangataisho-2022,unresolved,,,
mangataisho-2022-171,mangataisho-2022,unresolved,,,
mangataisho-2022-172,mangataisho-2022,unresolved,,,
mangataisho-2022-173,mangataisho-2022,unresolved,,,
mangataisho-2022-174,mangataisho-2022,unresolved,,,
mangataisho-2022-175,mangataisho-2022,unresolved,,,
mangataisho-2022-176,mangataisho-2022,unresolved,,,
mangataisho-2022-177,mangataisho-2022,unresolved,,,
mangataisho-2022-178,mangataisho-2022,unresolved,,,
mangataisho-2022-179,mangataisho-2022,unresolved,,,
mangataisho-2022-180,mangataisho-2022,unresolved,,,
mangataisho-2022-181,mangataisho-2022,unresolved,,,
mangataisho-2022-182,mangataisho-2022,unresolved,,,
mangataisho-2022-183,mangataisho-2022,unresolved,,,
mangataisho-2022-184,mangataisho-2022,unresolved,,,
mangataisho-2022-185,mangataisho-2022,unresolved,,,
mangataisho-2022-186,mangataisho-2022,unresolved,,,
mangataisho-2022-187,mangataisho-2022,unresolved,,,
mangataisho-2022-188,mangataisho-2022,unresolved,,,
mangataisho-2022-189,mangataisho-2022,unresolved,,,
mangataisho-2022-190,mangataisho-2022,unresolved,,,
mangataisho-2022-191,mangataisho-2022,unresolved,,,
mangataisho-2022-192,mangataisho-2022,unresolved,,,
mangataisho-2022-193,mangataisho-2022,unresolved,,,
mangataisho-2022-194,mangataisho-2022,unresolved,,,
mangataisho-2022-195,mangataisho-2022,unresolved,,,
mangataisho-2022-196,mangataisho-2022,unresolved,,,
mangataisho-2022-197,mangataisho-2022,unresolved,,,
mangataisho-2022-198,mangataisho-2022,unresolved,,,
mangataisho-2022-199,mangataisho-2022,unresolved,,,
mangataisho-2022-200,mangataisho-2022,unresolved,,,
mangataisho-2022-201,mangataisho-2022,unresolved,,,
mangataisho-2022-202,mangataisho-2022,unresolved,,,
mangataisho-2022-203,mangataisho-2022,unresolved,,,
mangataisho-2022-204,mangataisho-2022,unresolved,,,
mangataisho-2022-205,mangataisho-2022,unresolved,,,
mangataisho-2022-206,mangataisho-2022,unresolved,,,
mangataisho-2022-207,mangataisho-2022,unresolved,,,
mangataisho-2022-208,mangataisho-2022,unresolved,,,
mangataisho-2022-209,mangataisho-2022,unresolved,,,
mangataisho-2022-210,mangataisho-2022,unresolved,,,
mangataisho-2022-211,mangataisho-2022,unresolved,,,
mangataisho-2022-212,mangataisho-2022,unresolved,,,
mangataisho-2022-213,mangataisho-2022,unresolved,,,
mangataisho-2022-214,mangataisho-2022,unresolved,,,
mangataisho-2022-215,mangataisho-2022,unresolved,,,
mangataisho-2022-216,mangataisho-2022,unresolved,,,
mangataisho-2022-217,mangataisho-2022,unresolved,,,
mangataisho-2022-218,mangataisho-2022,unresolved,,,
mangataisho-2022-219,mangataisho-2022,unresolved,,,
mangataisho-2022-220,mangataisho-2022,unresolved,,,
mangataisho-2022-221,mangataisho-2022,unresolved,,,
mangataisho-2022-222,mangataisho-2022,unresolved,,,
mangataisho-2022-223,mangataisho-2022,unresolved,,,
mangataisho-2022-224,mangataisho-2022,unresolved,,,
mangataisho-2022-225,mangataisho-2022,unresolved,,,
mangataisho-2022-226,mangataisho-2022,unresolved,,,
mangataisho-2022-227,mangataisho-2022,unresolved,,,
mangataisho-2022-228,mangataisho-2022,unresolved,,,
mangataisho-2022-229,mangataisho-2022,unresolved,,,
mangataisho-2022-230,mangataisho-2022,unresolved,,,
mangataisho-2022-231,mangataisho-2022,unresolved,,,
mangataisho-2022-232,mangataisho-2022,unresolved,,,
mangataisho-2022-233,mangataisho-2022,unresolved,,,
mangataisho-2023-001,mangataisho-2023,duplicate,candidate-e049c9aaf92ba31da8b0,work-e049c9aaf92ba31da8b0,mapping-b68592616a9cffb6dc36
mangataisho-2023-002,mangataisho-2023,duplicate,candidate-3a5c2d4efe50fc0e21cb,work-3a5c2d4efe50fc0e21cb,mapping-435d2695a9bcfec63f10
mangataisho-2023-003,mangataisho-2023,duplicate,candidate-d489f5a2229689aa5115,work-d489f5a2229689aa5115,mapping-de8a53400c45b3aaa1d1
mangataisho-2023-004,mangataisho-2023,duplicate,candidate-4c784fc78dfd9b139c3f,work-4c784fc78dfd9b139c3f,mapping-b303dfaa82084ff18b35
mangataisho-2023-005,mangataisho-2023,duplicate,candidate-b2c37bdb52e2a78dfd41,work-b2c37bdb52e2a78dfd41,mapping-1518c4e906ba13050393
mangataisho-2023-006,mangataisho-2023,included,candidate-08b79a6106a40f70e790,work-08b79a6106a40f70e790,mapping-e2667d27b74420804757
mangataisho-2023-007,mangataisho-2023,duplicate,candidate-eef84d07d90ba2b040cf,work-eef84d07d90ba2b040cf,mapping-7d322fd177239c86a7d1
mangataisho-2023-008,mangataisho-2023,duplicate,candidate-98b7d2ef065bde405972,work-98b7d2ef065bde405972,mapping-5f7fa0d98a6317f0e374
mangataisho-2023-009,mangataisho-2023,duplicate,candidate-3ba6e8e3cfdec674eae3,work-3ba6e8e3cfdec674eae3,mapping-35fb9d9fffdfd5360335
mangataisho-2023-010,mangataisho-2023,duplicate,candidate-ef1bdac46a0956a87f7f,work-ef1bdac46a0956a87f7f,mapping-6253f13af641ec91c169
mangataisho-2023-011,mangataisho-2023,duplicate,candidate-bf93a2347af2a15a05d8,the-summer-hikaru-died,mapping-62fb4c60f89a2c92d723
mangataisho-2023-012,mangataisho-2023,unresolved,,,
mangataisho-2023-013,mangataisho-2023,unresolved,,,
mangataisho-2023-014,mangataisho-2023,unresolved,,,
mangataisho-2023-015,mangataisho-2023,unresolved,,,
mangataisho-2023-016,mangataisho-2023,unresolved,,,
mangataisho-2023-017,mangataisho-2023,unresolved,,,
mangataisho-2023-018,mangataisho-2023,unresolved,,,
mangataisho-2023-019,mangataisho-2023,unresolved,,,
mangataisho-2023-020,mangataisho-2023,unresolved,,,
mangataisho-2023-021,mangataisho-2023,unresolved,,,
mangataisho-2023-022,mangataisho-2023,unresolved,,,
mangataisho-2023-023,mangataisho-2023,unresolved,,,
mangataisho-2023-024,mangataisho-2023,unresolved,,,
mangataisho-2023-025,mangataisho-2023,unresolved,,,
mangataisho-2023-026,mangataisho-2023,unresolved,,,
mangataisho-2023-027,mangataisho-2023,unresolved,,,
mangataisho-2023-028,mangataisho-2023,unresolved,,,
mangataisho-2023-029,mangataisho-2023,unresolved,,,
mangataisho-2023-030,mangataisho-2023,unresolved,,,
mangataisho-2023-031,mangataisho-2023,unresolved,,,
mangataisho-2023-032,mangataisho-2023,unresolved,,,
mangataisho-2023-033,mangataisho-2023,unresolved,,,
mangataisho-2023-034,mangataisho-2023,unresolved,,,
mangataisho-2023-035,mangataisho-2023,unresolved,,,
mangataisho-2023-036,mangataisho-2023,unresolved,,,
mangataisho-2023-037,mangataisho-2023,unresolved,,,
mangataisho-2023-038,mangataisho-2023,unresolved,,,
mangataisho-2023-039,mangataisho-2023,unresolved,,,
mangataisho-2023-040,mangataisho-2023,unresolved,,,
mangataisho-2023-041,mangataisho-2023,unresolved,,,
mangataisho-2023-042,mangataisho-2023,unresolved,,,
mangataisho-2023-043,mangataisho-2023,unresolved,,,
mangataisho-2023-044,mangataisho-2023,unresolved,,,
mangataisho-2023-045,mangataisho-2023,unresolved,,,
mangataisho-2023-046,mangataisho-2023,unresolved,,,
mangataisho-2023-047,mangataisho-2023,unresolved,,,
mangataisho-2023-048,mangataisho-2023,unresolved,,,
mangataisho-2023-049,mangataisho-2023,unresolved,,,
mangataisho-2023-050,mangataisho-2023,unresolved,,,
mangataisho-2023-051,mangataisho-2023,unresolved,,,
mangataisho-2023-052,mangataisho-2023,unresolved,,,
mangataisho-2023-053,mangataisho-2023,unresolved,,,
mangataisho-2023-054,mangataisho-2023,unresolved,,,
mangataisho-2023-055,mangataisho-2023,unresolved,,,
mangataisho-2023-056,mangataisho-2023,unresolved,,,
mangataisho-2023-057,mangataisho-2023,unresolved,,,
mangataisho-2023-058,mangataisho-2023,unresolved,,,
mangataisho-2023-059,mangataisho-2023,unresolved,,,
mangataisho-2023-060,mangataisho-2023,unresolved,,,
mangataisho-2023-061,mangataisho-2023,unresolved,,,
mangataisho-2023-062,mangataisho-2023,unresolved,,,
mangataisho-2023-063,mangataisho-2023,unresolved,,,
mangataisho-2023-064,mangataisho-2023,unresolved,,,
mangataisho-2023-065,mangataisho-2023,unresolved,,,
mangataisho-2023-066,mangataisho-2023,unresolved,,,
mangataisho-2023-067,mangataisho-2023,unresolved,,,
mangataisho-2023-068,mangataisho-2023,unresolved,,,
mangataisho-2023-069,mangataisho-2023,unresolved,,,
mangataisho-2023-070,mangataisho-2023,unresolved,,,
mangataisho-2023-071,mangataisho-2023,unresolved,,,
mangataisho-2023-072,mangataisho-2023,unresolved,,,
mangataisho-2023-073,mangataisho-2023,unresolved,,,
mangataisho-2023-074,mangataisho-2023,unresolved,,,
mangataisho-2023-075,mangataisho-2023,unresolved,,,
mangataisho-2023-076,mangataisho-2023,unresolved,,,
mangataisho-2023-077,mangataisho-2023,unresolved,,,
mangataisho-2023-078,mangataisho-2023,unresolved,,,
mangataisho-2023-079,mangataisho-2023,unresolved,,,
mangataisho-2023-080,mangataisho-2023,unresolved,,,
mangataisho-2023-081,mangataisho-2023,unresolved,,,
mangataisho-2023-082,mangataisho-2023,unresolved,,,
mangataisho-2023-083,mangataisho-2023,unresolved,,,
mangataisho-2023-084,mangataisho-2023,unresolved,,,
mangataisho-2023-085,mangataisho-2023,unresolved,,,
mangataisho-2023-086,mangataisho-2023,unresolved,,,
mangataisho-2023-087,mangataisho-2023,unresolved,,,
mangataisho-2023-088,mangataisho-2023,unresolved,,,
mangataisho-2023-089,mangataisho-2023,unresolved,,,
mangataisho-2023-090,mangataisho-2023,unresolved,,,
mangataisho-2023-091,mangataisho-2023,unresolved,,,
mangataisho-2023-092,mangataisho-2023,unresolved,,,
mangataisho-2023-093,mangataisho-2023,unresolved,,,
mangataisho-2023-094,mangataisho-2023,unresolved,,,
mangataisho-2023-095,mangataisho-2023,unresolved,,,
mangataisho-2023-096,mangataisho-2023,unresolved,,,
mangataisho-2023-097,mangataisho-2023,unresolved,,,
mangataisho-2023-098,mangataisho-2023,unresolved,,,
mangataisho-2023-099,mangataisho-2023,unresolved,,,
mangataisho-2023-100,mangataisho-2023,unresolved,,,
mangataisho-2023-101,mangataisho-2023,unresolved,,,
mangataisho-2023-102,mangataisho-2023,unresolved,,,
mangataisho-2023-103,mangataisho-2023,unresolved,,,
mangataisho-2023-104,mangataisho-2023,unresolved,,,
mangataisho-2023-105,mangataisho-2023,unresolved,,,
mangataisho-2023-106,mangataisho-2023,unresolved,,,
mangataisho-2023-107,mangataisho-2023,unresolved,,,
mangataisho-2023-108,mangataisho-2023,unresolved,,,
mangataisho-2023-109,mangataisho-2023,unresolved,,,
mangataisho-2023-110,mangataisho-2023,unresolved,,,
mangataisho-2023-111,mangataisho-2023,unresolved,,,
mangataisho-2023-112,mangataisho-2023,unresolved,,,
mangataisho-2023-113,mangataisho-2023,unresolved,,,
mangataisho-2023-114,mangataisho-2023,unresolved,,,
mangataisho-2023-115,mangataisho-2023,unresolved,,,
mangataisho-2023-116,mangataisho-2023,unresolved,,,
mangataisho-2023-117,mangataisho-2023,unresolved,,,
mangataisho-2023-118,mangataisho-2023,unresolved,,,
mangataisho-2023-119,mangataisho-2023,unresolved,,,
mangataisho-2023-120,mangataisho-2023,unresolved,,,
mangataisho-2023-121,mangataisho-2023,unresolved,,,
mangataisho-2023-122,mangataisho-2023,unresolved,,,
mangataisho-2023-123,mangataisho-2023,unresolved,,,
mangataisho-2023-124,mangataisho-2023,unresolved,,,
mangataisho-2023-125,mangataisho-2023,unresolved,,,
mangataisho-2023-126,mangataisho-2023,unresolved,,,
mangataisho-2023-127,mangataisho-2023,unresolved,,,
mangataisho-2023-128,mangataisho-2023,unresolved,,,
mangataisho-2023-129,mangataisho-2023,unresolved,,,
mangataisho-2023-130,mangataisho-2023,unresolved,,,
mangataisho-2023-131,mangataisho-2023,unresolved,,,
mangataisho-2023-132,mangataisho-2023,unresolved,,,
mangataisho-2023-133,mangataisho-2023,unresolved,,,
mangataisho-2023-134,mangataisho-2023,unresolved,,,
mangataisho-2023-135,mangataisho-2023,unresolved,,,
mangataisho-2023-136,mangataisho-2023,unresolved,,,
mangataisho-2023-137,mangataisho-2023,unresolved,,,
mangataisho-2023-138,mangataisho-2023,unresolved,,,
mangataisho-2023-139,mangataisho-2023,unresolved,,,
mangataisho-2023-140,mangataisho-2023,unresolved,,,
mangataisho-2023-141,mangataisho-2023,unresolved,,,
mangataisho-2023-142,mangataisho-2023,unresolved,,,
mangataisho-2023-143,mangataisho-2023,unresolved,,,
mangataisho-2023-144,mangataisho-2023,unresolved,,,
mangataisho-2023-145,mangataisho-2023,unresolved,,,
mangataisho-2023-146,mangataisho-2023,unresolved,,,
mangataisho-2023-147,mangataisho-2023,unresolved,,,
mangataisho-2023-148,mangataisho-2023,unresolved,,,
mangataisho-2023-149,mangataisho-2023,unresolved,,,
mangataisho-2023-150,mangataisho-2023,unresolved,,,
mangataisho-2023-151,mangataisho-2023,unresolved,,,
mangataisho-2023-152,mangataisho-2023,unresolved,,,
mangataisho-2023-153,mangataisho-2023,unresolved,,,
mangataisho-2023-154,mangataisho-2023,unresolved,,,
mangataisho-2023-155,mangataisho-2023,unresolved,,,
mangataisho-2023-156,mangataisho-2023,unresolved,,,
mangataisho-2023-157,mangataisho-2023,unresolved,,,
mangataisho-2023-158,mangataisho-2023,unresolved,,,
mangataisho-2023-159,mangataisho-2023,unresolved,,,
mangataisho-2023-160,mangataisho-2023,unresolved,,,
mangataisho-2023-161,mangataisho-2023,unresolved,,,
mangataisho-2023-162,mangataisho-2023,unresolved,,,
mangataisho-2023-163,mangataisho-2023,unresolved,,,
mangataisho-2023-164,mangataisho-2023,unresolved,,,
mangataisho-2023-165,mangataisho-2023,unresolved,,,
mangataisho-2023-166,mangataisho-2023,unresolved,,,
mangataisho-2023-167,mangataisho-2023,unresolved,,,
mangataisho-2023-168,mangataisho-2023,unresolved,,,
mangataisho-2023-169,mangataisho-2023,unresolved,,,
mangataisho-2023-170,mangataisho-2023,unresolved,,,
mangataisho-2023-171,mangataisho-2023,unresolved,,,
mangataisho-2023-172,mangataisho-2023,unresolved,,,
mangataisho-2023-173,mangataisho-2023,unresolved,,,
mangataisho-2023-174,mangataisho-2023,unresolved,,,
mangataisho-2023-175,mangataisho-2023,unresolved,,,
mangataisho-2023-176,mangataisho-2023,unresolved,,,
mangataisho-2023-177,mangataisho-2023,unresolved,,,
mangataisho-2023-178,mangataisho-2023,unresolved,,,
mangataisho-2023-179,mangataisho-2023,unresolved,,,
mangataisho-2023-180,mangataisho-2023,unresolved,,,
mangataisho-2023-181,mangataisho-2023,unresolved,,,
mangataisho-2023-182,mangataisho-2023,unresolved,,,
mangataisho-2023-183,mangataisho-2023,unresolved,,,
mangataisho-2023-184,mangataisho-2023,unresolved,,,
mangataisho-2023-185,mangataisho-2023,unresolved,,,
mangataisho-2023-186,mangataisho-2023,unresolved,,,
mangataisho-2023-187,mangataisho-2023,unresolved,,,
mangataisho-2023-188,mangataisho-2023,unresolved,,,
mangataisho-2023-189,mangataisho-2023,unresolved,,,
mangataisho-2023-190,mangataisho-2023,unresolved,,,
mangataisho-2023-191,mangataisho-2023,unresolved,,,
mangataisho-2023-192,mangataisho-2023,unresolved,,,
mangataisho-2023-193,mangataisho-2023,unresolved,,,
mangataisho-2023-194,mangataisho-2023,unresolved,,,
mangataisho-2023-195,mangataisho-2023,unresolved,,,
mangataisho-2023-196,mangataisho-2023,unresolved,,,
mangataisho-2023-197,mangataisho-2023,unresolved,,,
mangataisho-2023-198,mangataisho-2023,unresolved,,,
mangataisho-2023-199,mangataisho-2023,unresolved,,,
mangataisho-2023-200,mangataisho-2023,unresolved,,,
mangataisho-2023-201,mangataisho-2023,unresolved,,,
mangataisho-2023-202,mangataisho-2023,unresolved,,,
mangataisho-2023-203,mangataisho-2023,unresolved,,,
mangataisho-2023-204,mangataisho-2023,unresolved,,,
mangataisho-2023-205,mangataisho-2023,unresolved,,,
mangataisho-2023-206,mangataisho-2023,unresolved,,,
mangataisho-2023-207,mangataisho-2023,unresolved,,,
mangataisho-2023-208,mangataisho-2023,unresolved,,,
mangataisho-2023-209,mangataisho-2023,unresolved,,,
mangataisho-2023-210,mangataisho-2023,unresolved,,,
mangataisho-2023-211,mangataisho-2023,unresolved,,,
mangataisho-2023-212,mangataisho-2023,unresolved,,,
mangataisho-2023-213,mangataisho-2023,unresolved,,,
mangataisho-2023-214,mangataisho-2023,unresolved,,,
mangataisho-2023-215,mangataisho-2023,unresolved,,,
mangataisho-2023-216,mangataisho-2023,unresolved,,,
mangataisho-2023-217,mangataisho-2023,unresolved,,,
mangataisho-2023-218,mangataisho-2023,unresolved,,,
mangataisho-2023-219,mangataisho-2023,unresolved,,,
mangataisho-2023-220,mangataisho-2023,unresolved,,,
mangataisho-2023-221,mangataisho-2023,unresolved,,,
mangataisho-2023-222,mangataisho-2023,unresolved,,,
mangataisho-2023-223,mangataisho-2023,unresolved,,,
mangataisho-2023-224,mangataisho-2023,unresolved,,,
mangataisho-2023-225,mangataisho-2023,unresolved,,,
mangataisho-2023-226,mangataisho-2023,unresolved,,,
mangataisho-2023-227,mangataisho-2023,unresolved,,,
mangataisho-2023-228,mangataisho-2023,unresolved,,,
mangataisho-2023-229,mangataisho-2023,unresolved,,,
mangataisho-2023-230,mangataisho-2023,unresolved,,,
mangataisho-2023-231,mangataisho-2023,unresolved,,,
mangataisho-2023-232,mangataisho-2023,unresolved,,,
mangataisho-2023-233,mangataisho-2023,unresolved,,,
mangataisho-2023-234,mangataisho-2023,unresolved,,,
mangataisho-2023-235,mangataisho-2023,unresolved,,,
mangataisho-2023-236,mangataisho-2023,unresolved,,,
mangataisho-2023-237,mangataisho-2023,unresolved,,,
mangataisho-2023-238,mangataisho-2023,unresolved,,,
mangataisho-2023-239,mangataisho-2023,unresolved,,,
mangataisho-2023-240,mangataisho-2023,unresolved,,,
mangataisho-2023-241,mangataisho-2023,unresolved,,,
mangataisho-2023-242,mangataisho-2023,unresolved,,,
mangataisho-2024-001,mangataisho-2024,duplicate,candidate-7730845c9cf7ba0cccc8,work-7730845c9cf7ba0cccc8,mapping-0118f5a50597ccc2b009
mangataisho-2024-002,mangataisho-2024,duplicate,candidate-0cf463005cc77eeded8e,work-0cf463005cc77eeded8e,mapping-2ce12f0d7f668d1c63d0
mangataisho-2024-003,mangataisho-2024,unresolved,,,
mangataisho-2024-004,mangataisho-2024,duplicate,candidate-ac4059b89f3366ca7a17,work-ac4059b89f3366ca7a17,mapping-2e6110af62285402b437
mangataisho-2024-005,mangataisho-2024,duplicate,candidate-081e75d8bbc53ac64713,work-081e75d8bbc53ac64713,mapping-b5c95afbbd853fd05e0c
mangataisho-2024-006,mangataisho-2024,duplicate,candidate-b2c37bdb52e2a78dfd41,work-b2c37bdb52e2a78dfd41,mapping-a88fb06038c35592b2af
mangataisho-2024-007,mangataisho-2024,duplicate,candidate-4c784fc78dfd9b139c3f,work-4c784fc78dfd9b139c3f,mapping-f4d05a6b2e97ee4f48bb
mangataisho-2024-008,mangataisho-2024,duplicate,candidate-44d0000353478596369e,work-44d0000353478596369e,mapping-562cdcf66a785f919405
mangataisho-2024-009,mangataisho-2024,duplicate,candidate-88cb26a0229ad7b83263,work-88cb26a0229ad7b83263,mapping-82ebcab60a20701ad259
mangataisho-2024-010,mangataisho-2024,included,candidate-10f4cbd157b818a1f3ce,work-10f4cbd157b818a1f3ce,mapping-12e35ad44a8837cb4467
mangataisho-2024-011,mangataisho-2024,unresolved,,,
mangataisho-2024-012,mangataisho-2024,unresolved,,,
mangataisho-2024-013,mangataisho-2024,unresolved,,,
mangataisho-2024-014,mangataisho-2024,unresolved,,,
mangataisho-2024-015,mangataisho-2024,unresolved,,,
mangataisho-2024-016,mangataisho-2024,unresolved,,,
mangataisho-2024-017,mangataisho-2024,unresolved,,,
mangataisho-2024-018,mangataisho-2024,unresolved,,,
mangataisho-2024-019,mangataisho-2024,unresolved,,,
mangataisho-2024-020,mangataisho-2024,unresolved,,,
mangataisho-2024-021,mangataisho-2024,unresolved,,,
mangataisho-2024-022,mangataisho-2024,unresolved,,,
mangataisho-2024-023,mangataisho-2024,unresolved,,,
mangataisho-2024-024,mangataisho-2024,unresolved,,,
mangataisho-2024-025,mangataisho-2024,unresolved,,,
mangataisho-2024-026,mangataisho-2024,unresolved,,,
mangataisho-2024-027,mangataisho-2024,unresolved,,,
mangataisho-2024-028,mangataisho-2024,unresolved,,,
mangataisho-2024-029,mangataisho-2024,unresolved,,,
mangataisho-2024-030,mangataisho-2024,unresolved,,,
mangataisho-2024-031,mangataisho-2024,unresolved,,,
mangataisho-2024-032,mangataisho-2024,unresolved,,,
mangataisho-2024-033,mangataisho-2024,unresolved,,,
mangataisho-2024-034,mangataisho-2024,unresolved,,,
mangataisho-2024-035,mangataisho-2024,unresolved,,,
mangataisho-2024-036,mangataisho-2024,unresolved,,,
mangataisho-2024-037,mangataisho-2024,unresolved,,,
mangataisho-2024-038,mangataisho-2024,unresolved,,,
mangataisho-2024-039,mangataisho-2024,unresolved,,,
mangataisho-2024-040,mangataisho-2024,unresolved,,,
mangataisho-2024-041,mangataisho-2024,unresolved,,,
mangataisho-2024-042,mangataisho-2024,unresolved,,,
mangataisho-2024-043,mangataisho-2024,unresolved,,,
mangataisho-2024-044,mangataisho-2024,unresolved,,,
mangataisho-2024-045,mangataisho-2024,unresolved,,,
mangataisho-2024-046,mangataisho-2024,unresolved,,,
mangataisho-2024-047,mangataisho-2024,unresolved,,,
mangataisho-2024-048,mangataisho-2024,unresolved,,,
mangataisho-2024-049,mangataisho-2024,unresolved,,,
mangataisho-2024-050,mangataisho-2024,unresolved,,,
mangataisho-2024-051,mangataisho-2024,unresolved,,,
mangataisho-2024-052,mangataisho-2024,unresolved,,,
mangataisho-2024-053,mangataisho-2024,unresolved,,,
mangataisho-2024-054,mangataisho-2024,unresolved,,,
mangataisho-2024-055,mangataisho-2024,unresolved,,,
mangataisho-2024-056,mangataisho-2024,unresolved,,,
mangataisho-2024-057,mangataisho-2024,unresolved,,,
mangataisho-2024-058,mangataisho-2024,unresolved,,,
mangataisho-2024-059,mangataisho-2024,unresolved,,,
mangataisho-2024-060,mangataisho-2024,unresolved,,,
mangataisho-2024-061,mangataisho-2024,unresolved,,,
mangataisho-2024-062,mangataisho-2024,unresolved,,,
mangataisho-2024-063,mangataisho-2024,unresolved,,,
mangataisho-2024-064,mangataisho-2024,unresolved,,,
mangataisho-2024-065,mangataisho-2024,unresolved,,,
mangataisho-2024-066,mangataisho-2024,unresolved,,,
mangataisho-2024-067,mangataisho-2024,unresolved,,,
mangataisho-2024-068,mangataisho-2024,unresolved,,,
mangataisho-2024-069,mangataisho-2024,unresolved,,,
mangataisho-2024-070,mangataisho-2024,unresolved,,,
mangataisho-2024-071,mangataisho-2024,unresolved,,,
mangataisho-2024-072,mangataisho-2024,unresolved,,,
mangataisho-2024-073,mangataisho-2024,unresolved,,,
mangataisho-2024-074,mangataisho-2024,unresolved,,,
mangataisho-2024-075,mangataisho-2024,excluded-webtoon,,,exclusion-623ac7a0411ee2e2d953
mangataisho-2024-076,mangataisho-2024,unresolved,,,
mangataisho-2024-077,mangataisho-2024,unresolved,,,
mangataisho-2024-078,mangataisho-2024,unresolved,,,
mangataisho-2024-079,mangataisho-2024,unresolved,,,
mangataisho-2024-080,mangataisho-2024,unresolved,,,
mangataisho-2024-081,mangataisho-2024,unresolved,,,
mangataisho-2024-082,mangataisho-2024,unresolved,,,
mangataisho-2024-083,mangataisho-2024,unresolved,,,
mangataisho-2024-084,mangataisho-2024,unresolved,,,
mangataisho-2024-085,mangataisho-2024,unresolved,,,
mangataisho-2024-086,mangataisho-2024,unresolved,,,
mangataisho-2024-087,mangataisho-2024,unresolved,,,
mangataisho-2024-088,mangataisho-2024,unresolved,,,
mangataisho-2024-089,mangataisho-2024,unresolved,,,
mangataisho-2024-090,mangataisho-2024,unresolved,,,
mangataisho-2024-091,mangataisho-2024,unresolved,,,
mangataisho-2024-092,mangataisho-2024,unresolved,,,
mangataisho-2024-093,mangataisho-2024,unresolved,,,
mangataisho-2024-094,mangataisho-2024,unresolved,,,
mangataisho-2024-095,mangataisho-2024,unresolved,,,
mangataisho-2024-096,mangataisho-2024,unresolved,,,
mangataisho-2024-097,mangataisho-2024,unresolved,,,
mangataisho-2024-098,mangataisho-2024,unresolved,,,
mangataisho-2024-099,mangataisho-2024,unresolved,,,
mangataisho-2024-100,mangataisho-2024,unresolved,,,
mangataisho-2024-101,mangataisho-2024,unresolved,,,
mangataisho-2024-102,mangataisho-2024,unresolved,,,
mangataisho-2024-103,mangataisho-2024,unresolved,,,
mangataisho-2024-104,mangataisho-2024,unresolved,,,
mangataisho-2024-105,mangataisho-2024,unresolved,,,
mangataisho-2024-106,mangataisho-2024,unresolved,,,
mangataisho-2024-107,mangataisho-2024,unresolved,,,
mangataisho-2024-108,mangataisho-2024,unresolved,,,
mangataisho-2024-109,mangataisho-2024,unresolved,,,
mangataisho-2024-110,mangataisho-2024,unresolved,,,
mangataisho-2024-111,mangataisho-2024,unresolved,,,
mangataisho-2024-112,mangataisho-2024,unresolved,,,
mangataisho-2024-113,mangataisho-2024,unresolved,,,
mangataisho-2024-114,mangataisho-2024,unresolved,,,
mangataisho-2024-115,mangataisho-2024,unresolved,,,
mangataisho-2024-116,mangataisho-2024,unresolved,,,
mangataisho-2024-117,mangataisho-2024,unresolved,,,
mangataisho-2024-118,mangataisho-2024,unresolved,,,
mangataisho-2024-119,mangataisho-2024,unresolved,,,
mangataisho-2024-120,mangataisho-2024,unresolved,,,
mangataisho-2024-121,mangataisho-2024,unresolved,,,
mangataisho-2024-122,mangataisho-2024,unresolved,,,
mangataisho-2024-123,mangataisho-2024,unresolved,,,
mangataisho-2024-124,mangataisho-2024,unresolved,,,
mangataisho-2024-125,mangataisho-2024,unresolved,,,
mangataisho-2024-126,mangataisho-2024,unresolved,,,
mangataisho-2024-127,mangataisho-2024,unresolved,,,
mangataisho-2024-128,mangataisho-2024,unresolved,,,
mangataisho-2024-129,mangataisho-2024,unresolved,,,
mangataisho-2024-130,mangataisho-2024,unresolved,,,
mangataisho-2024-131,mangataisho-2024,unresolved,,,
mangataisho-2024-132,mangataisho-2024,unresolved,,,
mangataisho-2024-133,mangataisho-2024,unresolved,,,
mangataisho-2024-134,mangataisho-2024,unresolved,,,
mangataisho-2024-135,mangataisho-2024,unresolved,,,
mangataisho-2024-136,mangataisho-2024,unresolved,,,
mangataisho-2024-137,mangataisho-2024,unresolved,,,
mangataisho-2024-138,mangataisho-2024,unresolved,,,
mangataisho-2024-139,mangataisho-2024,unresolved,,,
mangataisho-2024-140,mangataisho-2024,unresolved,,,
mangataisho-2024-141,mangataisho-2024,unresolved,,,
mangataisho-2024-142,mangataisho-2024,unresolved,,,
mangataisho-2024-143,mangataisho-2024,unresolved,,,
mangataisho-2024-144,mangataisho-2024,unresolved,,,
mangataisho-2024-145,mangataisho-2024,unresolved,,,
mangataisho-2024-146,mangataisho-2024,unresolved,,,
mangataisho-2024-147,mangataisho-2024,unresolved,,,
mangataisho-2024-148,mangataisho-2024,unresolved,,,
mangataisho-2024-149,mangataisho-2024,unresolved,,,
mangataisho-2024-150,mangataisho-2024,unresolved,,,
mangataisho-2024-151,mangataisho-2024,unresolved,,,
mangataisho-2024-152,mangataisho-2024,unresolved,,,
mangataisho-2024-153,mangataisho-2024,unresolved,,,
mangataisho-2024-154,mangataisho-2024,unresolved,,,
mangataisho-2024-155,mangataisho-2024,unresolved,,,
mangataisho-2024-156,mangataisho-2024,unresolved,,,
mangataisho-2024-157,mangataisho-2024,unresolved,,,
mangataisho-2024-158,mangataisho-2024,unresolved,,,
mangataisho-2024-159,mangataisho-2024,unresolved,,,
mangataisho-2024-160,mangataisho-2024,unresolved,,,
mangataisho-2024-161,mangataisho-2024,unresolved,,,
mangataisho-2024-162,mangataisho-2024,unresolved,,,
mangataisho-2024-163,mangataisho-2024,unresolved,,,
mangataisho-2024-164,mangataisho-2024,unresolved,,,
mangataisho-2024-165,mangataisho-2024,unresolved,,,
mangataisho-2024-166,mangataisho-2024,unresolved,,,
mangataisho-2024-167,mangataisho-2024,unresolved,,,
mangataisho-2024-168,mangataisho-2024,unresolved,,,
mangataisho-2024-169,mangataisho-2024,unresolved,,,
mangataisho-2024-170,mangataisho-2024,unresolved,,,
mangataisho-2024-171,mangataisho-2024,unresolved,,,
mangataisho-2024-172,mangataisho-2024,unresolved,,,
mangataisho-2024-173,mangataisho-2024,unresolved,,,
mangataisho-2024-174,mangataisho-2024,unresolved,,,
mangataisho-2024-175,mangataisho-2024,unresolved,,,
mangataisho-2024-176,mangataisho-2024,unresolved,,,
mangataisho-2024-177,mangataisho-2024,unresolved,,,
mangataisho-2024-178,mangataisho-2024,unresolved,,,
mangataisho-2024-179,mangataisho-2024,unresolved,,,
mangataisho-2024-180,mangataisho-2024,unresolved,,,
mangataisho-2024-181,mangataisho-2024,unresolved,,,
mangataisho-2024-182,mangataisho-2024,unresolved,,,
mangataisho-2024-183,mangataisho-2024,unresolved,,,
mangataisho-2024-184,mangataisho-2024,unresolved,,,
mangataisho-2024-185,mangataisho-2024,unresolved,,,
mangataisho-2024-186,mangataisho-2024,unresolved,,,
mangataisho-2024-187,mangataisho-2024,unresolved,,,
mangataisho-2024-188,mangataisho-2024,unresolved,,,
mangataisho-2024-189,mangataisho-2024,unresolved,,,
mangataisho-2024-190,mangataisho-2024,unresolved,,,
mangataisho-2024-191,mangataisho-2024,unresolved,,,
mangataisho-2024-192,mangataisho-2024,unresolved,,,
mangataisho-2024-193,mangataisho-2024,unresolved,,,
mangataisho-2024-194,mangataisho-2024,unresolved,,,
mangataisho-2024-195,mangataisho-2024,unresolved,,,
mangataisho-2024-196,mangataisho-2024,unresolved,,,
mangataisho-2024-197,mangataisho-2024,unresolved,,,
mangataisho-2024-198,mangataisho-2024,unresolved,,,
mangataisho-2024-199,mangataisho-2024,unresolved,,,
mangataisho-2024-200,mangataisho-2024,unresolved,,,
mangataisho-2024-201,mangataisho-2024,unresolved,,,
mangataisho-2024-202,mangataisho-2024,unresolved,,,
mangataisho-2024-203,mangataisho-2024,unresolved,,,
mangataisho-2024-204,mangataisho-2024,unresolved,,,
mangataisho-2024-205,mangataisho-2024,unresolved,,,
mangataisho-2024-206,mangataisho-2024,unresolved,,,
mangataisho-2024-207,mangataisho-2024,unresolved,,,
mangataisho-2024-208,mangataisho-2024,unresolved,,,
mangataisho-2024-209,mangataisho-2024,unresolved,,,
mangataisho-2024-210,mangataisho-2024,unresolved,,,
mangataisho-2024-211,mangataisho-2024,unresolved,,,
mangataisho-2024-212,mangataisho-2024,unresolved,,,
mangataisho-2024-213,mangataisho-2024,unresolved,,,
mangataisho-2024-214,mangataisho-2024,unresolved,,,
mangataisho-2024-215,mangataisho-2024,unresolved,,,
mangataisho-2024-216,mangataisho-2024,unresolved,,,
mangataisho-2024-217,mangataisho-2024,unresolved,,,
mangataisho-2024-218,mangataisho-2024,unresolved,,,
mangataisho-2024-219,mangataisho-2024,unresolved,,,
mangataisho-2024-220,mangataisho-2024,unresolved,,,
mangataisho-2024-221,mangataisho-2024,unresolved,,,
mangataisho-2024-222,mangataisho-2024,unresolved,,,
mangataisho-2024-223,mangataisho-2024,unresolved,,,
mangataisho-2024-224,mangataisho-2024,unresolved,,,
mangataisho-2024-225,mangataisho-2024,unresolved,,,
mangataisho-2024-226,mangataisho-2024,unresolved,,,
mangataisho-2024-227,mangataisho-2024,unresolved,,,
mangataisho-2024-228,mangataisho-2024,unresolved,,,
mangataisho-2024-229,mangataisho-2024,unresolved,,,
mangataisho-2024-230,mangataisho-2024,unresolved,,,
mangataisho-2024-231,mangataisho-2024,unresolved,,,
mangataisho-2024-232,mangataisho-2024,unresolved,,,
mangataisho-2024-233,mangataisho-2024,unresolved,,,
mangataisho-2024-234,mangataisho-2024,unresolved,,,
mangataisho-2024-235,mangataisho-2024,unresolved,,,
mangataisho-2024-236,mangataisho-2024,unresolved,,,
mangataisho-2024-237,mangataisho-2024,unresolved,,,
mangataisho-2024-238,mangataisho-2024,unresolved,,,
mangataisho-2024-239,mangataisho-2024,unresolved,,,
mangataisho-2024-240,mangataisho-2024,unresolved,,,
mangataisho-2024-241,mangataisho-2024,unresolved,,,
mangataisho-2024-242,mangataisho-2024,unresolved,,,
mangataisho-2024-243,mangataisho-2024,unresolved,,,
mangataisho-2024-244,mangataisho-2024,unresolved,,,
mangataisho-2024-245,mangataisho-2024,unresolved,,,
mangataisho-2024-246,mangataisho-2024,unresolved,,,
mangataisho-2024-247,mangataisho-2024,unresolved,,,
mangataisho-2024-248,mangataisho-2024,unresolved,,,
mangataisho-2024-249,mangataisho-2024,unresolved,,,
mangataisho-2024-250,mangataisho-2024,unresolved,,,
mangataisho-2024-251,mangataisho-2024,unresolved,,,
mangataisho-2024-252,mangataisho-2024,unresolved,,,
mangataisho-2024-253,mangataisho-2024,unresolved,,,
mangataisho-2024-254,mangataisho-2024,unresolved,,,
mangataisho-2024-255,mangataisho-2024,unresolved,,,
mangataisho-2024-256,mangataisho-2024,unresolved,,,
mangataisho-2024-257,mangataisho-2024,unresolved,,,
mangataisho-2025-001,mangataisho-2025,duplicate,candidate-b3ea582f72fd539f881c,work-b3ea582f72fd539f881c,mapping-5c9c0e11459f79db9953
mangataisho-2025-002,mangataisho-2025,duplicate,candidate-37ecced0b2392d7af9b2,work-37ecced0b2392d7af9b2,mapping-08fc54650d265465f96a
mangataisho-2025-003,mangataisho-2025,included,candidate-268e1fa3599955359969,work-268e1fa3599955359969,mapping-b649d1175dc24a634cf8
mangataisho-2025-004,mangataisho-2025,duplicate,candidate-7975d62582a89492a35f,work-7975d62582a89492a35f,mapping-866362f4d14a30f2844b
mangataisho-2025-005,mangataisho-2025,included,candidate-5dd63a5243d0adbf8a60,work-5dd63a5243d0adbf8a60,mapping-89f89c34807d188fd51b
mangataisho-2025-006,mangataisho-2025,unresolved,,,
mangataisho-2025-007,mangataisho-2025,duplicate,candidate-d489f5a2229689aa5115,work-d489f5a2229689aa5115,mapping-a03df695bbd83bd8430f
mangataisho-2025-008,mangataisho-2025,duplicate,candidate-064c0062e7a8e29cfbed,work-064c0062e7a8e29cfbed,mapping-90573e79c791e9fb2450
mangataisho-2025-009,mangataisho-2025,included,candidate-f1c85d1691e352350511,work-f1c85d1691e352350511,mapping-754d954443a462725e77
mangataisho-2025-010,mangataisho-2025,included,candidate-a3d922576a1a1ecc8e3e,work-a3d922576a1a1ecc8e3e,mapping-3e73ee79fa15b4969e3d
mangataisho-2025-011,mangataisho-2025,unresolved,,,
mangataisho-2025-012,mangataisho-2025,unresolved,,,
mangataisho-2025-013,mangataisho-2025,unresolved,,,
mangataisho-2025-014,mangataisho-2025,unresolved,,,
mangataisho-2025-015,mangataisho-2025,unresolved,,,
mangataisho-2025-016,mangataisho-2025,unresolved,,,
mangataisho-2025-017,mangataisho-2025,unresolved,,,
mangataisho-2025-018,mangataisho-2025,unresolved,,,
mangataisho-2025-019,mangataisho-2025,unresolved,,,
mangataisho-2025-020,mangataisho-2025,unresolved,,,
mangataisho-2025-021,mangataisho-2025,unresolved,,,
mangataisho-2025-022,mangataisho-2025,unresolved,,,
mangataisho-2025-023,mangataisho-2025,unresolved,,,
mangataisho-2025-024,mangataisho-2025,unresolved,,,
mangataisho-2025-025,mangataisho-2025,unresolved,,,
mangataisho-2025-026,mangataisho-2025,unresolved,,,
mangataisho-2025-027,mangataisho-2025,unresolved,,,
mangataisho-2025-028,mangataisho-2025,unresolved,,,
mangataisho-2025-029,mangataisho-2025,unresolved,,,
mangataisho-2025-030,mangataisho-2025,unresolved,,,
mangataisho-2025-031,mangataisho-2025,unresolved,,,
mangataisho-2025-032,mangataisho-2025,unresolved,,,
mangataisho-2025-033,mangataisho-2025,unresolved,,,
mangataisho-2025-034,mangataisho-2025,unresolved,,,
mangataisho-2025-035,mangataisho-2025,unresolved,,,
mangataisho-2025-036,mangataisho-2025,unresolved,,,
mangataisho-2025-037,mangataisho-2025,unresolved,,,
mangataisho-2025-038,mangataisho-2025,unresolved,,,
mangataisho-2025-039,mangataisho-2025,unresolved,,,
mangataisho-2025-040,mangataisho-2025,unresolved,,,
mangataisho-2025-041,mangataisho-2025,unresolved,,,
mangataisho-2025-042,mangataisho-2025,unresolved,,,
mangataisho-2025-043,mangataisho-2025,unresolved,,,
mangataisho-2025-044,mangataisho-2025,unresolved,,,
mangataisho-2025-045,mangataisho-2025,unresolved,,,
mangataisho-2025-046,mangataisho-2025,unresolved,,,
mangataisho-2025-047,mangataisho-2025,unresolved,,,
mangataisho-2025-048,mangataisho-2025,unresolved,,,
mangataisho-2025-049,mangataisho-2025,unresolved,,,
mangataisho-2025-050,mangataisho-2025,unresolved,,,
mangataisho-2025-051,mangataisho-2025,unresolved,,,
mangataisho-2025-052,mangataisho-2025,unresolved,,,
mangataisho-2025-053,mangataisho-2025,unresolved,,,
mangataisho-2025-054,mangataisho-2025,unresolved,,,
mangataisho-2025-055,mangataisho-2025,unresolved,,,
mangataisho-2025-056,mangataisho-2025,unresolved,,,
mangataisho-2025-057,mangataisho-2025,unresolved,,,
mangataisho-2025-058,mangataisho-2025,unresolved,,,
mangataisho-2025-059,mangataisho-2025,unresolved,,,
mangataisho-2025-060,mangataisho-2025,unresolved,,,
mangataisho-2025-061,mangataisho-2025,unresolved,,,
mangataisho-2025-062,mangataisho-2025,unresolved,,,
mangataisho-2025-063,mangataisho-2025,unresolved,,,
mangataisho-2025-064,mangataisho-2025,unresolved,,,
mangataisho-2025-065,mangataisho-2025,unresolved,,,
mangataisho-2025-066,mangataisho-2025,unresolved,,,
mangataisho-2025-067,mangataisho-2025,unresolved,,,
mangataisho-2025-068,mangataisho-2025,unresolved,,,
mangataisho-2025-069,mangataisho-2025,unresolved,,,
mangataisho-2025-070,mangataisho-2025,unresolved,,,
mangataisho-2025-071,mangataisho-2025,unresolved,,,
mangataisho-2025-072,mangataisho-2025,unresolved,,,
mangataisho-2025-073,mangataisho-2025,unresolved,,,
mangataisho-2025-074,mangataisho-2025,unresolved,,,
mangataisho-2025-075,mangataisho-2025,unresolved,,,
mangataisho-2025-076,mangataisho-2025,unresolved,,,
mangataisho-2025-077,mangataisho-2025,unresolved,,,
mangataisho-2025-078,mangataisho-2025,unresolved,,,
mangataisho-2025-079,mangataisho-2025,unresolved,,,
mangataisho-2025-080,mangataisho-2025,unresolved,,,
mangataisho-2025-081,mangataisho-2025,unresolved,,,
mangataisho-2025-082,mangataisho-2025,unresolved,,,
mangataisho-2025-083,mangataisho-2025,unresolved,,,
mangataisho-2025-084,mangataisho-2025,unresolved,,,
mangataisho-2025-085,mangataisho-2025,unresolved,,,
mangataisho-2025-086,mangataisho-2025,unresolved,,,
mangataisho-2025-087,mangataisho-2025,unresolved,,,
mangataisho-2025-088,mangataisho-2025,unresolved,,,
mangataisho-2025-089,mangataisho-2025,unresolved,,,
mangataisho-2025-090,mangataisho-2025,unresolved,,,
mangataisho-2025-091,mangataisho-2025,unresolved,,,
mangataisho-2025-092,mangataisho-2025,unresolved,,,
mangataisho-2025-093,mangataisho-2025,unresolved,,,
mangataisho-2025-094,mangataisho-2025,unresolved,,,
mangataisho-2025-095,mangataisho-2025,unresolved,,,
mangataisho-2025-096,mangataisho-2025,unresolved,,,
mangataisho-2025-097,mangataisho-2025,unresolved,,,
mangataisho-2025-098,mangataisho-2025,unresolved,,,
mangataisho-2025-099,mangataisho-2025,unresolved,,,
mangataisho-2025-100,mangataisho-2025,unresolved,,,
mangataisho-2025-101,mangataisho-2025,unresolved,,,
mangataisho-2025-102,mangataisho-2025,unresolved,,,
mangataisho-2025-103,mangataisho-2025,unresolved,,,
mangataisho-2025-104,mangataisho-2025,unresolved,,,
mangataisho-2025-105,mangataisho-2025,unresolved,,,
mangataisho-2025-106,mangataisho-2025,unresolved,,,
mangataisho-2025-107,mangataisho-2025,unresolved,,,
mangataisho-2025-108,mangataisho-2025,unresolved,,,
mangataisho-2025-109,mangataisho-2025,unresolved,,,
mangataisho-2025-110,mangataisho-2025,unresolved,,,
mangataisho-2025-111,mangataisho-2025,unresolved,,,
mangataisho-2025-112,mangataisho-2025,unresolved,,,
mangataisho-2025-113,mangataisho-2025,unresolved,,,
mangataisho-2025-114,mangataisho-2025,unresolved,,,
mangataisho-2025-115,mangataisho-2025,unresolved,,,
mangataisho-2025-116,mangataisho-2025,unresolved,,,
mangataisho-2025-117,mangataisho-2025,unresolved,,,
mangataisho-2025-118,mangataisho-2025,unresolved,,,
mangataisho-2025-119,mangataisho-2025,unresolved,,,
mangataisho-2025-120,mangataisho-2025,unresolved,,,
mangataisho-2025-121,mangataisho-2025,unresolved,,,
mangataisho-2025-122,mangataisho-2025,unresolved,,,
mangataisho-2025-123,mangataisho-2025,unresolved,,,
mangataisho-2025-124,mangataisho-2025,unresolved,,,
mangataisho-2025-125,mangataisho-2025,unresolved,,,
mangataisho-2025-126,mangataisho-2025,unresolved,,,
mangataisho-2025-127,mangataisho-2025,unresolved,,,
mangataisho-2025-128,mangataisho-2025,unresolved,,,
mangataisho-2025-129,mangataisho-2025,unresolved,,,
mangataisho-2025-130,mangataisho-2025,unresolved,,,
mangataisho-2025-131,mangataisho-2025,unresolved,,,
mangataisho-2025-132,mangataisho-2025,unresolved,,,
mangataisho-2025-133,mangataisho-2025,unresolved,,,
mangataisho-2025-134,mangataisho-2025,unresolved,,,
mangataisho-2025-135,mangataisho-2025,unresolved,,,
mangataisho-2025-136,mangataisho-2025,unresolved,,,
mangataisho-2025-137,mangataisho-2025,unresolved,,,
mangataisho-2025-138,mangataisho-2025,unresolved,,,
mangataisho-2025-139,mangataisho-2025,unresolved,,,
mangataisho-2025-140,mangataisho-2025,unresolved,,,
mangataisho-2025-141,mangataisho-2025,unresolved,,,
mangataisho-2025-142,mangataisho-2025,unresolved,,,
mangataisho-2025-143,mangataisho-2025,unresolved,,,
mangataisho-2025-144,mangataisho-2025,unresolved,,,
mangataisho-2025-145,mangataisho-2025,unresolved,,,
mangataisho-2025-146,mangataisho-2025,unresolved,,,
mangataisho-2025-147,mangataisho-2025,unresolved,,,
mangataisho-2025-148,mangataisho-2025,unresolved,,,
mangataisho-2025-149,mangataisho-2025,unresolved,,,
mangataisho-2025-150,mangataisho-2025,unresolved,,,
mangataisho-2025-151,mangataisho-2025,unresolved,,,
mangataisho-2025-152,mangataisho-2025,unresolved,,,
mangataisho-2025-153,mangataisho-2025,unresolved,,,
mangataisho-2025-154,mangataisho-2025,unresolved,,,
mangataisho-2025-155,mangataisho-2025,unresolved,,,
mangataisho-2025-156,mangataisho-2025,unresolved,,,
mangataisho-2025-157,mangataisho-2025,unresolved,,,
mangataisho-2025-158,mangataisho-2025,unresolved,,,
mangataisho-2025-159,mangataisho-2025,unresolved,,,
mangataisho-2025-160,mangataisho-2025,unresolved,,,
mangataisho-2025-161,mangataisho-2025,unresolved,,,
mangataisho-2025-162,mangataisho-2025,unresolved,,,
mangataisho-2025-163,mangataisho-2025,unresolved,,,
mangataisho-2025-164,mangataisho-2025,unresolved,,,
mangataisho-2025-165,mangataisho-2025,unresolved,,,
mangataisho-2025-166,mangataisho-2025,unresolved,,,
mangataisho-2025-167,mangataisho-2025,unresolved,,,
mangataisho-2025-168,mangataisho-2025,unresolved,,,
mangataisho-2025-169,mangataisho-2025,unresolved,,,
mangataisho-2025-170,mangataisho-2025,unresolved,,,
mangataisho-2025-171,mangataisho-2025,unresolved,,,
mangataisho-2025-172,mangataisho-2025,unresolved,,,
mangataisho-2025-173,mangataisho-2025,unresolved,,,
mangataisho-2025-174,mangataisho-2025,unresolved,,,
mangataisho-2025-175,mangataisho-2025,unresolved,,,
mangataisho-2025-176,mangataisho-2025,unresolved,,,
mangataisho-2025-177,mangataisho-2025,unresolved,,,
mangataisho-2025-178,mangataisho-2025,unresolved,,,
mangataisho-2025-179,mangataisho-2025,unresolved,,,
mangataisho-2025-180,mangataisho-2025,unresolved,,,
mangataisho-2025-181,mangataisho-2025,unresolved,,,
mangataisho-2025-182,mangataisho-2025,unresolved,,,
mangataisho-2025-183,mangataisho-2025,unresolved,,,
mangataisho-2025-184,mangataisho-2025,unresolved,,,
mangataisho-2025-185,mangataisho-2025,unresolved,,,
mangataisho-2025-186,mangataisho-2025,unresolved,,,
mangataisho-2025-187,mangataisho-2025,unresolved,,,
mangataisho-2025-188,mangataisho-2025,unresolved,,,
mangataisho-2025-189,mangataisho-2025,unresolved,,,
mangataisho-2025-190,mangataisho-2025,unresolved,,,
mangataisho-2025-191,mangataisho-2025,unresolved,,,
mangataisho-2025-192,mangataisho-2025,unresolved,,,
mangataisho-2025-193,mangataisho-2025,unresolved,,,
mangataisho-2025-194,mangataisho-2025,unresolved,,,
mangataisho-2025-195,mangataisho-2025,unresolved,,,
mangataisho-2025-196,mangataisho-2025,unresolved,,,
mangataisho-2025-197,mangataisho-2025,unresolved,,,
mangataisho-2025-198,mangataisho-2025,unresolved,,,
mangataisho-2025-199,mangataisho-2025,unresolved,,,
mangataisho-2025-200,mangataisho-2025,unresolved,,,
mangataisho-2025-201,mangataisho-2025,unresolved,,,
mangataisho-2025-202,mangataisho-2025,unresolved,,,
mangataisho-2025-203,mangataisho-2025,unresolved,,,
mangataisho-2025-204,mangataisho-2025,unresolved,,,
mangataisho-2025-205,mangataisho-2025,unresolved,,,
mangataisho-2025-206,mangataisho-2025,unresolved,,,
mangataisho-2025-207,mangataisho-2025,unresolved,,,
mangataisho-2025-208,mangataisho-2025,unresolved,,,
mangataisho-2025-209,mangataisho-2025,unresolved,,,
mangataisho-2025-210,mangataisho-2025,unresolved,,,
mangataisho-2025-211,mangataisho-2025,unresolved,,,
mangataisho-2025-212,mangataisho-2025,unresolved,,,
mangataisho-2025-213,mangataisho-2025,unresolved,,,
mangataisho-2025-214,mangataisho-2025,unresolved,,,
mangataisho-2025-215,mangataisho-2025,unresolved,,,
mangataisho-2025-216,mangataisho-2025,unresolved,,,
mangataisho-2025-217,mangataisho-2025,unresolved,,,
mangataisho-2025-218,mangataisho-2025,unresolved,,,
mangataisho-2025-219,mangataisho-2025,unresolved,,,
mangataisho-2025-220,mangataisho-2025,unresolved,,,
mangataisho-2025-221,mangataisho-2025,unresolved,,,
mangataisho-2025-222,mangataisho-2025,unresolved,,,
mangataisho-2025-223,mangataisho-2025,unresolved,,,
mangataisho-2025-224,mangataisho-2025,unresolved,,,
mangataisho-2025-225,mangataisho-2025,unresolved,,,
mangataisho-2025-226,mangataisho-2025,unresolved,,,
mangataisho-2025-227,mangataisho-2025,unresolved,,,
mangataisho-2025-228,mangataisho-2025,unresolved,,,
mangataisho-2025-229,mangataisho-2025,unresolved,,,
mangataisho-2025-230,mangataisho-2025,unresolved,,,
mangataisho-2025-231,mangataisho-2025,unresolved,,,
mangataisho-2025-232,mangataisho-2025,unresolved,,,
mangataisho-2025-233,mangataisho-2025,unresolved,,,
mangataisho-2025-234,mangataisho-2025,unresolved,,,
mangataisho-2025-235,mangataisho-2025,unresolved,,,
mangataisho-2025-236,mangataisho-2025,unresolved,,,
mangataisho-2025-237,mangataisho-2025,unresolved,,,
mangataisho-2025-238,mangataisho-2025,unresolved,,,
mangataisho-2026-001,mangataisho-2026,duplicate,candidate-192cbecc59e9c028142b,work-192cbecc59e9c028142b,mapping-ae3a4aa43d2765a4d9b5
mangataisho-2026-002,mangataisho-2026,included,candidate-5702b6d631ece35b62ea,work-5702b6d631ece35b62ea,mapping-fb1ff6109bb4ca71cdf9
mangataisho-2026-003,mangataisho-2026,included,candidate-925f371723beac5227f7,work-925f371723beac5227f7,mapping-26f5dd27afac59b7ee62
mangataisho-2026-004,mangataisho-2026,included,candidate-d5b5f321d1aebdfc3117,work-d5b5f321d1aebdfc3117,mapping-d8e15c21f09e59bc32a1
mangataisho-2026-005,mangataisho-2026,unresolved,,,
mangataisho-2026-006,mangataisho-2026,included,candidate-5eafe74dcfdc64fbe5f0,work-5eafe74dcfdc64fbe5f0,mapping-49e8541f7c3fd0f0d52e
mangataisho-2026-007,mangataisho-2026,duplicate,candidate-37ecced0b2392d7af9b2,work-37ecced0b2392d7af9b2,mapping-7c8ca1711bcad54413fb
mangataisho-2026-008,mangataisho-2026,included,candidate-ccf0ddff9c6410c4de14,work-ccf0ddff9c6410c4de14,mapping-fa68bfd0b30cf48f1879
mangataisho-2026-009,mangataisho-2026,unresolved,,,
mangataisho-2026-010,mangataisho-2026,duplicate,candidate-7ec5c82be5c9a60ef16d,work-7ec5c82be5c9a60ef16d,mapping-d3673dfc88d1d5c89aa9
mangataisho-2026-011,mangataisho-2026,included,candidate-3a8fad3ee287d9f72281,work-3a8fad3ee287d9f72281,mapping-1bcd823a90816426cde0
mangataisho-2026-012,mangataisho-2026,duplicate,candidate-bc213d5c418d27ebcf2a,work-bc213d5c418d27ebcf2a,mapping-5aeeec38544e65b66f47
mangataisho-2026-013,mangataisho-2026,unresolved,,,
mangataisho-2026-014,mangataisho-2026,unresolved,,,
mangataisho-2026-015,mangataisho-2026,unresolved,,,
mangataisho-2026-016,mangataisho-2026,unresolved,,,
mangataisho-2026-017,mangataisho-2026,unresolved,,,
mangataisho-2026-018,mangataisho-2026,unresolved,,,
mangataisho-2026-019,mangataisho-2026,unresolved,,,
mangataisho-2026-020,mangataisho-2026,unresolved,,,
mangataisho-2026-021,mangataisho-2026,unresolved,,,
mangataisho-2026-022,mangataisho-2026,unresolved,,,
mangataisho-2026-023,mangataisho-2026,unresolved,,,
mangataisho-2026-024,mangataisho-2026,unresolved,,,
mangataisho-2026-025,mangataisho-2026,unresolved,,,
mangataisho-2026-026,mangataisho-2026,unresolved,,,
mangataisho-2026-027,mangataisho-2026,unresolved,,,
mangataisho-2026-028,mangataisho-2026,unresolved,,,
mangataisho-2026-029,mangataisho-2026,unresolved,,,
mangataisho-2026-030,mangataisho-2026,unresolved,,,
mangataisho-2026-031,mangataisho-2026,unresolved,,,
mangataisho-2026-032,mangataisho-2026,unresolved,,,
mangataisho-2026-033,mangataisho-2026,unresolved,,,
mangataisho-2026-034,mangataisho-2026,unresolved,,,
mangataisho-2026-035,mangataisho-2026,unresolved,,,
mangataisho-2026-036,mangataisho-2026,unresolved,,,
mangataisho-2026-037,mangataisho-2026,unresolved,,,
mangataisho-2026-038,mangataisho-2026,unresolved,,,
mangataisho-2026-039,mangataisho-2026,unresolved,,,
mangataisho-2026-040,mangataisho-2026,unresolved,,,
mangataisho-2026-041,mangataisho-2026,unresolved,,,
mangataisho-2026-042,mangataisho-2026,unresolved,,,
mangataisho-2026-043,mangataisho-2026,unresolved,,,
mangataisho-2026-044,mangataisho-2026,unresolved,,,
mangataisho-2026-045,mangataisho-2026,unresolved,,,
mangataisho-2026-046,mangataisho-2026,unresolved,,,
mangataisho-2026-047,mangataisho-2026,unresolved,,,
mangataisho-2026-048,mangataisho-2026,unresolved,,,
mangataisho-2026-049,mangataisho-2026,unresolved,,,
mangataisho-2026-050,mangataisho-2026,unresolved,,,
mangataisho-2026-051,mangataisho-2026,unresolved,,,
mangataisho-2026-052,mangataisho-2026,unresolved,,,
mangataisho-2026-053,mangataisho-2026,unresolved,,,
mangataisho-2026-054,mangataisho-2026,unresolved,,,
mangataisho-2026-055,mangataisho-2026,unresolved,,,
mangataisho-2026-056,mangataisho-2026,unresolved,,,
mangataisho-2026-057,mangataisho-2026,unresolved,,,
mangataisho-2026-058,mangataisho-2026,unresolved,,,
mangataisho-2026-059,mangataisho-2026,unresolved,,,
mangataisho-2026-060,mangataisho-2026,unresolved,,,
mangataisho-2026-061,mangataisho-2026,unresolved,,,
mangataisho-2026-062,mangataisho-2026,unresolved,,,
mangataisho-2026-063,mangataisho-2026,unresolved,,,
mangataisho-2026-064,mangataisho-2026,unresolved,,,
mangataisho-2026-065,mangataisho-2026,unresolved,,,
mangataisho-2026-066,mangataisho-2026,unresolved,,,
mangataisho-2026-067,mangataisho-2026,unresolved,,,
mangataisho-2026-068,mangataisho-2026,unresolved,,,
mangataisho-2026-069,mangataisho-2026,unresolved,,,
mangataisho-2026-070,mangataisho-2026,unresolved,,,
mangataisho-2026-071,mangataisho-2026,unresolved,,,
mangataisho-2026-072,mangataisho-2026,unresolved,,,
mangataisho-2026-073,mangataisho-2026,unresolved,,,
mangataisho-2026-074,mangataisho-2026,unresolved,,,
mangataisho-2026-075,mangataisho-2026,unresolved,,,
mangataisho-2026-076,mangataisho-2026,unresolved,,,
mangataisho-2026-077,mangataisho-2026,unresolved,,,
mangataisho-2026-078,mangataisho-2026,unresolved,,,
mangataisho-2026-079,mangataisho-2026,unresolved,,,
mangataisho-2026-080,mangataisho-2026,unresolved,,,
mangataisho-2026-081,mangataisho-2026,unresolved,,,
mangataisho-2026-082,mangataisho-2026,unresolved,,,
mangataisho-2026-083,mangataisho-2026,unresolved,,,
mangataisho-2026-084,mangataisho-2026,unresolved,,,
mangataisho-2026-085,mangataisho-2026,unresolved,,,
mangataisho-2026-086,mangataisho-2026,unresolved,,,
mangataisho-2026-087,mangataisho-2026,unresolved,,,
mangataisho-2026-088,mangataisho-2026,unresolved,,,
mangataisho-2026-089,mangataisho-2026,unresolved,,,
mangataisho-2026-090,mangataisho-2026,unresolved,,,
mangataisho-2026-091,mangataisho-2026,unresolved,,,
mangataisho-2026-092,mangataisho-2026,unresolved,,,
mangataisho-2026-093,mangataisho-2026,unresolved,,,
mangataisho-2026-094,mangataisho-2026,unresolved,,,
mangataisho-2026-095,mangataisho-2026,unresolved,,,
mangataisho-2026-096,mangataisho-2026,unresolved,,,
mangataisho-2026-097,mangataisho-2026,unresolved,,,
mangataisho-2026-098,mangataisho-2026,unresolved,,,
mangataisho-2026-099,mangataisho-2026,unresolved,,,
mangataisho-2026-100,mangataisho-2026,unresolved,,,
mangataisho-2026-101,mangataisho-2026,unresolved,,,
mangataisho-2026-102,mangataisho-2026,unresolved,,,
mangataisho-2026-103,mangataisho-2026,unresolved,,,
mangataisho-2026-104,mangataisho-2026,unresolved,,,
mangataisho-2026-105,mangataisho-2026,unresolved,,,
mangataisho-2026-106,mangataisho-2026,unresolved,,,
mangataisho-2026-107,mangataisho-2026,unresolved,,,
mangataisho-2026-108,mangataisho-2026,unresolved,,,
mangataisho-2026-109,mangataisho-2026,unresolved,,,
mangataisho-2026-110,mangataisho-2026,unresolved,,,
mangataisho-2026-111,mangataisho-2026,unresolved,,,
mangataisho-2026-112,mangataisho-2026,unresolved,,,
mangataisho-2026-113,mangataisho-2026,unresolved,,,
mangataisho-2026-114,mangataisho-2026,unresolved,,,
mangataisho-2026-115,mangataisho-2026,unresolved,,,
mangataisho-2026-116,mangataisho-2026,unresolved,,,
mangataisho-2026-117,mangataisho-2026,unresolved,,,
mangataisho-2026-118,mangataisho-2026,unresolved,,,
mangataisho-2026-119,mangataisho-2026,unresolved,,,
mangataisho-2026-120,mangataisho-2026,unresolved,,,
mangataisho-2026-121,mangataisho-2026,unresolved,,,
mangataisho-2026-122,mangataisho-2026,unresolved,,,
mangataisho-2026-123,mangataisho-2026,unresolved,,,
mangataisho-2026-124,mangataisho-2026,unresolved,,,
mangataisho-2026-125,mangataisho-2026,unresolved,,,
mangataisho-2026-126,mangataisho-2026,unresolved,,,
mangataisho-2026-127,mangataisho-2026,unresolved,,,
mangataisho-2026-128,mangataisho-2026,unresolved,,,
mangataisho-2026-129,mangataisho-2026,unresolved,,,
mangataisho-2026-130,mangataisho-2026,unresolved,,,
mangataisho-2026-131,mangataisho-2026,unresolved,,,
mangataisho-2026-132,mangataisho-2026,unresolved,,,
mangataisho-2026-133,mangataisho-2026,unresolved,,,
mangataisho-2026-134,mangataisho-2026,unresolved,,,
mangataisho-2026-135,mangataisho-2026,unresolved,,,
mangataisho-2026-136,mangataisho-2026,unresolved,,,
mangataisho-2026-137,mangataisho-2026,unresolved,,,
mangataisho-2026-138,mangataisho-2026,unresolved,,,
mangataisho-2026-139,mangataisho-2026,unresolved,,,
mangataisho-2026-140,mangataisho-2026,unresolved,,,
mangataisho-2026-141,mangataisho-2026,unresolved,,,
mangataisho-2026-142,mangataisho-2026,unresolved,,,
mangataisho-2026-143,mangataisho-2026,unresolved,,,
mangataisho-2026-144,mangataisho-2026,unresolved,,,
mangataisho-2026-145,mangataisho-2026,unresolved,,,
mangataisho-2026-146,mangataisho-2026,unresolved,,,
mangataisho-2026-147,mangataisho-2026,unresolved,,,
mangataisho-2026-148,mangataisho-2026,unresolved,,,
mangataisho-2026-149,mangataisho-2026,unresolved,,,
mangataisho-2026-150,mangataisho-2026,unresolved,,,
mangataisho-2026-151,mangataisho-2026,unresolved,,,
mangataisho-2026-152,mangataisho-2026,unresolved,,,
mangataisho-2026-153,mangataisho-2026,unresolved,,,
mangataisho-2026-154,mangataisho-2026,unresolved,,,
mangataisho-2026-155,mangataisho-2026,unresolved,,,
mangataisho-2026-156,mangataisho-2026,unresolved,,,
mangataisho-2026-157,mangataisho-2026,unresolved,,,
mangataisho-2026-158,mangataisho-2026,unresolved,,,
mangataisho-2026-159,mangataisho-2026,unresolved,,,
mangataisho-2026-160,mangataisho-2026,unresolved,,,
mangataisho-2026-161,mangataisho-2026,unresolved,,,
mangataisho-2026-162,mangataisho-2026,unresolved,,,
mangataisho-2026-163,mangataisho-2026,unresolved,,,
mangataisho-2026-164,mangataisho-2026,unresolved,,,
mangataisho-2026-165,mangataisho-2026,unresolved,,,
mangataisho-2026-166,mangataisho-2026,unresolved,,,
mangataisho-2026-167,mangataisho-2026,unresolved,,,
mangataisho-2026-168,mangataisho-2026,unresolved,,,
mangataisho-2026-169,mangataisho-2026,unresolved,,,
mangataisho-2026-170,mangataisho-2026,unresolved,,,
mangataisho-2026-171,mangataisho-2026,unresolved,,,
mangataisho-2026-172,mangataisho-2026,unresolved,,,
mangataisho-2026-173,mangataisho-2026,unresolved,,,
mangataisho-2026-174,mangataisho-2026,unresolved,,,
mangataisho-2026-175,mangataisho-2026,unresolved,,,
mangataisho-2026-176,mangataisho-2026,unresolved,,,
mangataisho-2026-177,mangataisho-2026,unresolved,,,
mangataisho-2026-178,mangataisho-2026,unresolved,,,
mangataisho-2026-179,mangataisho-2026,unresolved,,,
mangataisho-2026-180,mangataisho-2026,unresolved,,,
mangataisho-2026-181,mangataisho-2026,unresolved,,,
mangataisho-2026-182,mangataisho-2026,unresolved,,,
mangataisho-2026-183,mangataisho-2026,unresolved,,,
mangataisho-2026-184,mangataisho-2026,unresolved,,,
mangataisho-2026-185,mangataisho-2026,unresolved,,,
mangataisho-2026-186,mangataisho-2026,unresolved,,,
mangataisho-2026-187,mangataisho-2026,unresolved,,,
mangataisho-2026-188,mangataisho-2026,unresolved,,,
mangataisho-2026-189,mangataisho-2026,unresolved,,,
mangataisho-2026-190,mangataisho-2026,unresolved,,,
mangataisho-2026-191,mangataisho-2026,unresolved,,,
mangataisho-2026-192,mangataisho-2026,unresolved,,,
mangataisho-2026-193,mangataisho-2026,unresolved,,,
mangataisho-2026-194,mangataisho-2026,unresolved,,,
mangataisho-2026-195,mangataisho-2026,unresolved,,,
mangataisho-2026-196,mangataisho-2026,unresolved,,,
mangataisho-2026-197,mangataisho-2026,unresolved,,,
mangataisho-2026-198,mangataisho-2026,unresolved,,,
mangataisho-2026-199,mangataisho-2026,unresolved,,,
mangataisho-2026-200,mangataisho-2026,unresolved,,,
mangataisho-2026-201,mangataisho-2026,unresolved,,,
mangataisho-2026-202,mangataisho-2026,unresolved,,,
mangataisho-2026-203,mangataisho-2026,unresolved,,,
mangataisho-2026-204,mangataisho-2026,unresolved,,,
mangataisho-2026-205,mangataisho-2026,unresolved,,,
mangataisho-2026-206,mangataisho-2026,unresolved,,,
mangataisho-2026-207,mangataisho-2026,unresolved,,,
mangataisho-2026-208,mangataisho-2026,unresolved,,,
mangataisho-2026-209,mangataisho-2026,unresolved,,,
mangataisho-2026-210,mangataisho-2026,unresolved,,,
mangataisho-2026-211,mangataisho-2026,unresolved,,,
mangataisho-2026-212,mangataisho-2026,unresolved,,,
mangataisho-2026-213,mangataisho-2026,unresolved,,,
mangataisho-2026-214,mangataisho-2026,unresolved,,,
mangataisho-2026-215,mangataisho-2026,unresolved,,,
mangataisho-2026-216,mangataisho-2026,unresolved,,,
mangataisho-2026-217,mangataisho-2026,unresolved,,,
mangataisho-2026-218,mangataisho-2026,unresolved,,,
mangataisho-2026-219,mangataisho-2026,unresolved,,,
mangataisho-2026-220,mangataisho-2026,unresolved,,,
mangataisho-2026-221,mangataisho-2026,unresolved,,,
mangataisho-2026-222,mangataisho-2026,unresolved,,,
mangataisho-2026-223,mangataisho-2026,unresolved,,,
mangataisho-2026-224,mangataisho-2026,unresolved,,,
mangataisho-2026-225,mangataisho-2026,unresolved,,,
mangataisho-2026-226,mangataisho-2026,unresolved,,,
mangataisho-2026-227,mangataisho-2026,unresolved,,,
mangataisho-2026-228,mangataisho-2026,unresolved,,,
mangataisho-2026-229,mangataisho-2026,unresolved,,,
mangataisho-2026-230,mangataisho-2026,unresolved,,,
mangataisho-2026-231,mangataisho-2026,unresolved,,,
mangataisho-2026-232,mangataisho-2026,unresolved,,,
mangataisho-2026-233,mangataisho-2026,unresolved,,,
mangataisho-2026-234,mangataisho-2026,unresolved,,,
mangataisho-2026-235,mangataisho-2026,unresolved,,,
mangataisho-2026-236,mangataisho-2026,unresolved,,,
mangataisho-2026-237,mangataisho-2026,unresolved,,,
mangataisho-2026-238,mangataisho-2026,unresolved,,,
mangataisho-2026-239,mangataisho-2026,unresolved,,,
mangataisho-2026-240,mangataisho-2026,unresolved,,,
mangataisho-2026-241,mangataisho-2026,unresolved,,,
mangataisho-2026-242,mangataisho-2026,unresolved,,,
mangataisho-2026-243,mangataisho-2026,unresolved,,,
mangataisho-2026-244,mangataisho-2026,unresolved,,,
mangataisho-2026-245,mangataisho-2026,unresolved,,,
mangataisho-2026-246,mangataisho-2026,unresolved,,,
mangataisho-2026-247,mangataisho-2026,unresolved,,,
mangataisho-2026-248,mangataisho-2026,unresolved,,,
mangataisho-2026-249,mangataisho-2026,unresolved,,,
nippan-bookseller-recommendations-2006-001,nippan-bookseller-recommendations-2006,included,candidate-93a7507ad6a0965f4491,work-93a7507ad6a0965f4491,mapping-fbfc0eb80ecca295b17f
nippan-bookseller-recommendations-2006-002,nippan-bookseller-recommendations-2006,included,candidate-db48ea2327eb5a3ddc09,work-db48ea2327eb5a3ddc09,mapping-fa4eff6c69cda0958352
nippan-bookseller-recommendations-2006-003,nippan-bookseller-recommendations-2006,duplicate,candidate-724c064d491faf4c7414,work-724c064d491faf4c7414,mapping-9a98681829f30b41c36b
nippan-bookseller-recommendations-2007-001,nippan-bookseller-recommendations-2007,duplicate,candidate-04f35b4c99514d50231d,work-04f35b4c99514d50231d,mapping-eb24c121b11cef4faedb
nippan-bookseller-recommendations-2007-002,nippan-bookseller-recommendations-2007,unresolved,,,
nippan-bookseller-recommendations-2007-003,nippan-bookseller-recommendations-2007,duplicate,candidate-d09b50b5ea9bc881b613,vinland-saga,mapping-55f6fcaee13b0c72831c
nippan-bookseller-recommendations-2007-004,nippan-bookseller-recommendations-2007,unresolved,,,
nippan-bookseller-recommendations-2007-005,nippan-bookseller-recommendations-2007,included,candidate-92de7bd198cf0cd8a3a2,work-92de7bd198cf0cd8a3a2,mapping-faca1701233d8636785e
nippan-bookseller-recommendations-2008-001,nippan-bookseller-recommendations-2008,unresolved,,,
nippan-bookseller-recommendations-2008-002,nippan-bookseller-recommendations-2008,duplicate,candidate-8147aefccc365b0ecb4d,work-8147aefccc365b0ecb4d,mapping-5fe6b70c26f8aa9d1e9e
nippan-bookseller-recommendations-2008-003,nippan-bookseller-recommendations-2008,included,candidate-e8d29ca977ebb296d54b,work-e8d29ca977ebb296d54b,mapping-bdd023044250f8d73331
nippan-bookseller-recommendations-2008-004,nippan-bookseller-recommendations-2008,duplicate,candidate-634f34830600e07d8f17,work-634f34830600e07d8f17,mapping-ad19e32010e2a639fa2a
nippan-bookseller-recommendations-2009-001,nippan-bookseller-recommendations-2009,duplicate,candidate-d47c7eccefdeccb2b323,march-comes-in-like-a-lion,mapping-359bc7bacb22bd324477
nippan-bookseller-recommendations-2009-002,nippan-bookseller-recommendations-2009,duplicate,candidate-f38c9ef2f1a0e3ec66fa,chihayafuru,mapping-2e6462c926c57e8df195
nippan-bookseller-recommendations-2009-003,nippan-bookseller-recommendations-2009,included,candidate-0fe64d3cc470022fd3b9,work-0fe64d3cc470022fd3b9,mapping-72db632ffff058e30366
nippan-bookseller-recommendations-2009-004,nippan-bookseller-recommendations-2009,duplicate,candidate-7d259c925286a9f91310,work-7d259c925286a9f91310,mapping-19bcfced1bc8207a3802
nippan-bookseller-recommendations-2009-005,nippan-bookseller-recommendations-2009,included,candidate-c76c68896af3ef46e620,work-c76c68896af3ef46e620,mapping-c4cb600db58e449131f8
nippan-bookseller-recommendations-2010-001,nippan-bookseller-recommendations-2010,duplicate,candidate-9072892a767332254f00,work-9072892a767332254f00,mapping-9cbd3cb65423e11742b9
nippan-bookseller-recommendations-2010-002,nippan-bookseller-recommendations-2010,duplicate,candidate-81fe28fdeda5f8e5ab35,a-brides-story,mapping-6db745068939e56c5669
nippan-bookseller-recommendations-2010-003,nippan-bookseller-recommendations-2010,duplicate,candidate-da98a01b4d345bd9c415,work-da98a01b4d345bd9c415,mapping-3e839e6e7adbb20419af
nippan-bookseller-recommendations-2010-004,nippan-bookseller-recommendations-2010,duplicate,candidate-7d259c925286a9f91310,work-7d259c925286a9f91310,mapping-e2be2a6790f844b66ed2
nippan-bookseller-recommendations-2010-005,nippan-bookseller-recommendations-2010,included,candidate-86f88e23bba7eaa71afd,work-86f88e23bba7eaa71afd,mapping-e54dc89fde7a1f99841f
nippan-bookseller-recommendations-2010-006,nippan-bookseller-recommendations-2010,included,candidate-c2564ae48ae5e689ea66,work-c2564ae48ae5e689ea66,mapping-e636e3aa29a1d29ff702
nippan-bookseller-recommendations-2010-007,nippan-bookseller-recommendations-2010,unresolved,,,
nippan-bookseller-recommendations-2010-008,nippan-bookseller-recommendations-2010,duplicate,candidate-a7413b6e35e0d316a538,work-a7413b6e35e0d316a538,mapping-66aae25c983f65566065
nippan-bookseller-recommendations-2010-009,nippan-bookseller-recommendations-2010,included,candidate-fc544c9e011fe4f04ec6,work-fc544c9e011fe4f04ec6,mapping-3056d4737db5dbb2b8f6
nippan-bookseller-recommendations-2010-010,nippan-bookseller-recommendations-2010,duplicate,candidate-7a4e7ba45413e1b8af34,work-7a4e7ba45413e1b8af34,mapping-d953b2d25357bf11eaee
nippan-bookseller-recommendations-2010-011,nippan-bookseller-recommendations-2010,duplicate,candidate-7f926a9557b6ae9f264b,what-did-you-eat-yesterday,mapping-8ea412a5b5355ff95340
nippan-bookseller-recommendations-2010-012,nippan-bookseller-recommendations-2010,included,candidate-7ae0ebf353e9ca1d67e2,work-7ae0ebf353e9ca1d67e2,mapping-5cb9174431c3dbbc4125
nippan-bookseller-recommendations-2010-013,nippan-bookseller-recommendations-2010,duplicate,candidate-ff9b025f58d7e12f3cb1,work-ff9b025f58d7e12f3cb1,mapping-435e3dffea32c0dfd7b2
nippan-bookseller-recommendations-2010-014,nippan-bookseller-recommendations-2010,duplicate,candidate-d63a83030a8819ff553c,work-d63a83030a8819ff553c,mapping-ea6ecf5f2b00f5aaeb82
nippan-bookseller-recommendations-2010-015,nippan-bookseller-recommendations-2010,duplicate,candidate-f5f0ee0b0ff16bc146e0,work-f5f0ee0b0ff16bc146e0,mapping-9dee10f9036afd2d04b0
nippan-bookseller-recommendations-2011-001,nippan-bookseller-recommendations-2011,duplicate,candidate-5408c1ad813b876ee13f,attack-on-titan,mapping-88e32904ebd24a017eaf
nippan-bookseller-recommendations-2011-002,nippan-bookseller-recommendations-2011,duplicate,candidate-d47c7eccefdeccb2b323,march-comes-in-like-a-lion,mapping-4778a12848bd744cae43
nippan-bookseller-recommendations-2011-003,nippan-bookseller-recommendations-2011,unresolved,,,
nippan-bookseller-recommendations-2011-004,nippan-bookseller-recommendations-2011,duplicate,candidate-f391e591282e435a3c1d,work-f391e591282e435a3c1d,mapping-d9ffb2bf604bca46f77c
nippan-bookseller-recommendations-2011-005,nippan-bookseller-recommendations-2011,duplicate,candidate-fd2a957c501c36047ed0,work-fd2a957c501c36047ed0,mapping-966851224dcf966d0ea6
nippan-bookseller-recommendations-2011-006,nippan-bookseller-recommendations-2011,included,candidate-1f853c16f6cebca63ffc,work-1f853c16f6cebca63ffc,mapping-99e850448f1c19402a2b
nippan-bookseller-recommendations-2011-007,nippan-bookseller-recommendations-2011,duplicate,candidate-f5f0ee0b0ff16bc146e0,work-f5f0ee0b0ff16bc146e0,mapping-81588252f2a563ee93d2
nippan-bookseller-recommendations-2011-008,nippan-bookseller-recommendations-2011,unresolved,,,
nippan-bookseller-recommendations-2011-009,nippan-bookseller-recommendations-2011,duplicate,candidate-3823ff0766f67c015c53,work-3823ff0766f67c015c53,mapping-f4d64d75a0f1bfa00424
nippan-bookseller-recommendations-2011-010,nippan-bookseller-recommendations-2011,duplicate,candidate-9072892a767332254f00,work-9072892a767332254f00,mapping-ab0a321d41aacd2569b1
nippan-bookseller-recommendations-2011-011,nippan-bookseller-recommendations-2011,included,candidate-d130ae58f0d7c0b64d36,work-d130ae58f0d7c0b64d36,mapping-a251580124ea6afb5260
nippan-bookseller-recommendations-2011-012,nippan-bookseller-recommendations-2011,duplicate,candidate-319e39a597d16251efc9,work-319e39a597d16251efc9,mapping-fb9989dc4ffc363b7f15
nippan-bookseller-recommendations-2011-013,nippan-bookseller-recommendations-2011,duplicate,candidate-ea41ee65245a0dbdc4a8,work-ea41ee65245a0dbdc4a8,mapping-d6decb9dcde2415d4278
nippan-bookseller-recommendations-2011-014,nippan-bookseller-recommendations-2011,duplicate,candidate-bd42208a660912d9d95d,work-bd42208a660912d9d95d,mapping-01f7abf4eaabe85b0057
nippan-bookseller-recommendations-2011-015,nippan-bookseller-recommendations-2011,duplicate,candidate-81fe28fdeda5f8e5ab35,a-brides-story,mapping-1cc9bb698cafb11ded61
nippan-bookseller-recommendations-2012-001,nippan-bookseller-recommendations-2012,duplicate,candidate-a25bac53b4757f13f21a,work-a25bac53b4757f13f21a,mapping-420f466e2a32eaed1f28
nippan-bookseller-recommendations-2012-002,nippan-bookseller-recommendations-2012,duplicate,candidate-61f2b70ee9f8217b3604,work-61f2b70ee9f8217b3604,mapping-ae2b0aab18edc35799d4
nippan-bookseller-recommendations-2012-003,nippan-bookseller-recommendations-2012,duplicate,candidate-fc53cb5669aa4099ee4a,work-fc53cb5669aa4099ee4a,mapping-3306aeb65536074647f8
nippan-bookseller-recommendations-2012-004,nippan-bookseller-recommendations-2012,duplicate,candidate-df29832c2155775e0e7c,work-df29832c2155775e0e7c,mapping-eee14c387462b9d2c6b4
nippan-bookseller-recommendations-2012-005,nippan-bookseller-recommendations-2012,duplicate,candidate-d735187a8421d0d33399,work-d735187a8421d0d33399,mapping-e7e4223f0f055e7d88de
nippan-bookseller-recommendations-2012-006,nippan-bookseller-recommendations-2012,duplicate,candidate-3823ff0766f67c015c53,work-3823ff0766f67c015c53,mapping-ab9a86d5f3e483217347
nippan-bookseller-recommendations-2012-007,nippan-bookseller-recommendations-2012,duplicate,candidate-838a6f0ad2d1ef487588,work-838a6f0ad2d1ef487588,mapping-751a6a767120835d3848
nippan-bookseller-recommendations-2012-008,nippan-bookseller-recommendations-2012,included,candidate-19f7ccc2693b36d742e4,work-19f7ccc2693b36d742e4,mapping-2c034a76ba2d3036ad98
nippan-bookseller-recommendations-2012-009,nippan-bookseller-recommendations-2012,duplicate,candidate-5e20323e014d6d390aaf,work-5e20323e014d6d390aaf,mapping-dc17c3ad300ee4fcf8f6
nippan-bookseller-recommendations-2012-010,nippan-bookseller-recommendations-2012,included,candidate-6ae8e5141f75a8df7781,work-6ae8e5141f75a8df7781,mapping-42f18c28fab759690f85
nippan-bookseller-recommendations-2012-011,nippan-bookseller-recommendations-2012,duplicate,candidate-81fe28fdeda5f8e5ab35,a-brides-story,mapping-7bfc0191563987e77d89
nippan-bookseller-recommendations-2012-012,nippan-bookseller-recommendations-2012,unresolved,,,
nippan-bookseller-recommendations-2012-013,nippan-bookseller-recommendations-2012,duplicate,candidate-8733067e6afcaeadbd8d,work-8733067e6afcaeadbd8d,mapping-5c4ae54ef9838adf88a6
nippan-bookseller-recommendations-2012-014,nippan-bookseller-recommendations-2012,included,candidate-2f6ab113628039681849,work-2f6ab113628039681849,mapping-1c927201f614dab9cc55
nippan-bookseller-recommendations-2012-015,nippan-bookseller-recommendations-2012,duplicate,candidate-f5f0ee0b0ff16bc146e0,work-f5f0ee0b0ff16bc146e0,mapping-79fd0b2556e136e4fd6a
nippan-bookseller-recommendations-2013-001,nippan-bookseller-recommendations-2013,duplicate,candidate-29806fe5f9633b940747,work-29806fe5f9633b940747,mapping-df334772d2b0a89dae38
nippan-bookseller-recommendations-2013-002,nippan-bookseller-recommendations-2013,included,candidate-be718dc826c927adf274,work-be718dc826c927adf274,mapping-e099c4c6d90562d2f751
nippan-bookseller-recommendations-2013-003,nippan-bookseller-recommendations-2013,duplicate,candidate-ab95f4d4997113e0687a,work-ab95f4d4997113e0687a,mapping-aa85ea74b0876d470965
nippan-bookseller-recommendations-2013-004,nippan-bookseller-recommendations-2013,unresolved,,,
nippan-bookseller-recommendations-2013-005,nippan-bookseller-recommendations-2013,included,candidate-62fbc6b2253b895e3a66,work-62fbc6b2253b895e3a66,mapping-e3cffe19ecd4057b8c29
nippan-bookseller-recommendations-2013-006,nippan-bookseller-recommendations-2013,duplicate,candidate-4e0e476ec9dcb9cf818c,lovely-muco,mapping-00e7740e3ee00a8b0bc6
nippan-bookseller-recommendations-2013-007,nippan-bookseller-recommendations-2013,duplicate,candidate-ffc5b05df16409addd48,welcome-to-the-ballroom,mapping-3a619d0bda1d23ac43d9
nippan-bookseller-recommendations-2013-008,nippan-bookseller-recommendations-2013,unresolved,,,
nippan-bookseller-recommendations-2013-009,nippan-bookseller-recommendations-2013,included,candidate-c14e82937201df34495d,work-c14e82937201df34495d,mapping-5e4934322895e909d6dd
nippan-bookseller-recommendations-2013-010,nippan-bookseller-recommendations-2013,duplicate,candidate-84b7c7d7720447075c25,work-84b7c7d7720447075c25,mapping-66d59cff9389d1008f20
nippan-bookseller-recommendations-2013-011,nippan-bookseller-recommendations-2013,duplicate,candidate-78d44d381562e37dd94a,work-78d44d381562e37dd94a,mapping-4a4cc4f4ad36145e15f5
nippan-bookseller-recommendations-2013-012,nippan-bookseller-recommendations-2013,duplicate,candidate-80a2f62ce5073ade2ec2,work-80a2f62ce5073ade2ec2,mapping-44088507b47f8daf2255
nippan-bookseller-recommendations-2013-013,nippan-bookseller-recommendations-2013,unresolved,,,
nippan-bookseller-recommendations-2013-014,nippan-bookseller-recommendations-2013,included,candidate-59cf691b7487a62a4077,work-59cf691b7487a62a4077,mapping-08e947398908ca502eb9
nippan-bookseller-recommendations-2013-015,nippan-bookseller-recommendations-2013,included,candidate-1ce4c2c1010c1442593d,work-1ce4c2c1010c1442593d,mapping-ce58fc28461b1203890a
nippan-bookseller-recommendations-2014-001,nippan-bookseller-recommendations-2014,duplicate,candidate-af3443bab1c30d470a76,work-af3443bab1c30d470a76,mapping-f99a548590ac897770db
nippan-bookseller-recommendations-2014-002,nippan-bookseller-recommendations-2014,unresolved,,,
nippan-bookseller-recommendations-2014-003,nippan-bookseller-recommendations-2014,unresolved,,,
nippan-bookseller-recommendations-2014-004,nippan-bookseller-recommendations-2014,duplicate,candidate-13ed15a0d70ac2b2d0ef,the-seven-deadly-sins,mapping-b7c99f100b7355f24da5
nippan-bookseller-recommendations-2014-005,nippan-bookseller-recommendations-2014,duplicate,candidate-c14e82937201df34495d,work-c14e82937201df34495d,mapping-f1b25fc58505ab06e125
nippan-bookseller-recommendations-2014-006,nippan-bookseller-recommendations-2014,unresolved,,,
nippan-bookseller-recommendations-2014-007,nippan-bookseller-recommendations-2014,unresolved,,,
nippan-bookseller-recommendations-2014-008,nippan-bookseller-recommendations-2014,duplicate,candidate-a4ca6e21e97927928e1a,work-a4ca6e21e97927928e1a,mapping-10066524ffb304faa7a5
nippan-bookseller-recommendations-2014-009,nippan-bookseller-recommendations-2014,unresolved,,,
nippan-bookseller-recommendations-2014-010,nippan-bookseller-recommendations-2014,duplicate,candidate-f6fa4c2d3a7e1dc5257b,work-f6fa4c2d3a7e1dc5257b,mapping-5b63a47a596c80a1bc44
nippan-bookseller-recommendations-2014-011,nippan-bookseller-recommendations-2014,unresolved,,,
nippan-bookseller-recommendations-2014-012,nippan-bookseller-recommendations-2014,unresolved,,,
nippan-bookseller-recommendations-2014-013,nippan-bookseller-recommendations-2014,duplicate,candidate-d655ea1cfb913f33cc9a,work-d655ea1cfb913f33cc9a,mapping-3382341c7a10bb99ce47
nippan-bookseller-recommendations-2014-014,nippan-bookseller-recommendations-2014,included,candidate-e16a1c7a8841a4c19515,work-e16a1c7a8841a4c19515,mapping-3f13b89bb601f13d3b95
nippan-bookseller-recommendations-2014-015,nippan-bookseller-recommendations-2014,duplicate,candidate-98637340992f2f50107d,work-98637340992f2f50107d,mapping-8710dc3ab5f5014da73e
nippan-bookseller-recommendations-2015-001,nippan-bookseller-recommendations-2015,duplicate,candidate-5b9a3ec60ac5fc90f444,work-5b9a3ec60ac5fc90f444,mapping-903f243e92629ded1dc3
nippan-bookseller-recommendations-2015-002,nippan-bookseller-recommendations-2015,duplicate,candidate-bc030e8a35e7adf54ca6,my-hero-academia,mapping-8bc1af9a58638ef69748
nippan-bookseller-recommendations-2015-003,nippan-bookseller-recommendations-2015,unresolved,,,
nippan-bookseller-recommendations-2015-004,nippan-bookseller-recommendations-2015,included,candidate-c1304bfa319ba318368e,work-c1304bfa319ba318368e,mapping-08943f0bbc75e59bcfd7
nippan-bookseller-recommendations-2015-005,nippan-bookseller-recommendations-2015,duplicate,candidate-40b8c35b1d8c9a90144c,work-40b8c35b1d8c9a90144c,mapping-34a29a0530dc19cf9502
nippan-bookseller-recommendations-2015-006,nippan-bookseller-recommendations-2015,excluded-webtoon,,,exclusion-ed9609ed3407aed716d7
nippan-bookseller-recommendations-2015-007,nippan-bookseller-recommendations-2015,included,candidate-1194dc9f1d6f72a56dbd,work-1194dc9f1d6f72a56dbd,mapping-81b5ac54949475938bf4
nippan-bookseller-recommendations-2015-008,nippan-bookseller-recommendations-2015,included,candidate-51bd6adb1e1c3afb0374,the-heroic-legend-of-arslan,mapping-c43a1c3ebe2989eb2724
nippan-bookseller-recommendations-2015-009,nippan-bookseller-recommendations-2015,unresolved,,,
nippan-bookseller-recommendations-2015-010,nippan-bookseller-recommendations-2015,duplicate,candidate-7abb6e8396c5e1252173,work-7abb6e8396c5e1252173,mapping-0057c58bd3ca22bd4ea1
nippan-bookseller-recommendations-2015-011,nippan-bookseller-recommendations-2015,duplicate,candidate-5ebbc9bede841d2faf7b,work-5ebbc9bede841d2faf7b,mapping-ed52d02b427407b2fb9b
nippan-bookseller-recommendations-2015-012,nippan-bookseller-recommendations-2015,duplicate,candidate-961a49798df191311f42,work-961a49798df191311f42,mapping-327fd64ba2a9c340a47e
nippan-bookseller-recommendations-2015-013,nippan-bookseller-recommendations-2015,included,candidate-cc64c0784ed6b3bae423,work-cc64c0784ed6b3bae423,mapping-c9c680d3bc915729b1f3
nippan-bookseller-recommendations-2015-014,nippan-bookseller-recommendations-2015,unresolved,,,
nippan-bookseller-recommendations-2015-015,nippan-bookseller-recommendations-2015,duplicate,candidate-1d447cc9026b530fb53d,work-1d447cc9026b530fb53d,mapping-82292ef1560e0e6b7e8e
nippan-bookseller-recommendations-2016-001,nippan-bookseller-recommendations-2016,duplicate,candidate-2f8f8ff0e042ac2e2f02,dungeon-meshi,mapping-531b0e9c7eb9f1af3c60
nippan-bookseller-recommendations-2016-002,nippan-bookseller-recommendations-2016,duplicate,candidate-1416d5a9fd062e979aef,cells-at-work,mapping-453e9c0e69c1a4e77f07
nippan-bookseller-recommendations-2016-003,nippan-bookseller-recommendations-2016,unresolved,,,
nippan-bookseller-recommendations-2016-004,nippan-bookseller-recommendations-2016,duplicate,candidate-8716f80d9b988bd0d055,work-8716f80d9b988bd0d055,mapping-238cf085104550de5535
nippan-bookseller-recommendations-2016-005,nippan-bookseller-recommendations-2016,duplicate,candidate-1d447cc9026b530fb53d,work-1d447cc9026b530fb53d,mapping-bdfbca3e9d8b24c5affa
nippan-bookseller-recommendations-2016-006,nippan-bookseller-recommendations-2016,duplicate,candidate-40b8c35b1d8c9a90144c,work-40b8c35b1d8c9a90144c,mapping-4806f6f9ee00c668dbb6
nippan-bookseller-recommendations-2016-007,nippan-bookseller-recommendations-2016,duplicate,candidate-aea730e4f15b395ca222,golden-kamuy,mapping-768b89ea0894ea7c397c
nippan-bookseller-recommendations-2016-008,nippan-bookseller-recommendations-2016,unresolved,,,
nippan-bookseller-recommendations-2016-009,nippan-bookseller-recommendations-2016,duplicate,candidate-e2f095e08fc5e08d5a2b,work-e2f095e08fc5e08d5a2b,mapping-10610060d0b40cf0fab3
nippan-bookseller-recommendations-2016-010,nippan-bookseller-recommendations-2016,duplicate,candidate-0f3a44f5dcab9623d1be,work-0f3a44f5dcab9623d1be,mapping-c992543cb1e4dfb86cc7
nippan-bookseller-recommendations-2016-011,nippan-bookseller-recommendations-2016,included,candidate-acd21b368e5f8056c433,work-acd21b368e5f8056c433,mapping-c24074c54a62a77860d0
nippan-bookseller-recommendations-2016-012,nippan-bookseller-recommendations-2016,duplicate,candidate-7086ab99dd139f0ea353,tokyo-tarareba-girls,mapping-9d26333c8c592f12812a
nippan-bookseller-recommendations-2016-013,nippan-bookseller-recommendations-2016,duplicate,candidate-5ebbc9bede841d2faf7b,work-5ebbc9bede841d2faf7b,mapping-342c9537eb4adb0d56a1
nippan-bookseller-recommendations-2016-014,nippan-bookseller-recommendations-2016,included,candidate-38a8f3ebc17bb7f4db44,work-38a8f3ebc17bb7f4db44,mapping-ba35cb8a70bd75c63ad3
nippan-bookseller-recommendations-2016-015,nippan-bookseller-recommendations-2016,duplicate,candidate-680837b0db4ec9d2932c,work-680837b0db4ec9d2932c,mapping-a59d8543bfc03c586201
nippan-bookseller-recommendations-2017-001,nippan-bookseller-recommendations-2017,duplicate,candidate-174e7603bb0e71bb62ab,work-174e7603bb0e71bb62ab,mapping-e3a0b4b77b6cb0f959d9
nippan-bookseller-recommendations-2017-002,nippan-bookseller-recommendations-2017,included,candidate-a31925593fef2aaca2e2,work-a31925593fef2aaca2e2,mapping-f0309c26a0db38d456f3
nippan-bookseller-recommendations-2017-003,nippan-bookseller-recommendations-2017,unresolved,,,
nippan-bookseller-recommendations-2017-004,nippan-bookseller-recommendations-2017,unresolved,,,
nippan-bookseller-recommendations-2017-005,nippan-bookseller-recommendations-2017,unresolved,,,
nippan-bookseller-recommendations-2017-006,nippan-bookseller-recommendations-2017,duplicate,candidate-07faf4019b12de5e877d,work-07faf4019b12de5e877d,mapping-9b8324ab4bd5b0dd9740
nippan-bookseller-recommendations-2017-007,nippan-bookseller-recommendations-2017,included,candidate-6fc940c8e254550c8f98,work-6fc940c8e254550c8f98,mapping-df50ac1cb6da54b44e6e
nippan-bookseller-recommendations-2017-008,nippan-bookseller-recommendations-2017,duplicate,candidate-1416d5a9fd062e979aef,cells-at-work,mapping-05bf853f213ec1017626
nippan-bookseller-recommendations-2017-009,nippan-bookseller-recommendations-2017,unresolved,,,
nippan-bookseller-recommendations-2017-010,nippan-bookseller-recommendations-2017,included,candidate-7f0f63c5d80083f2be7f,work-7f0f63c5d80083f2be7f,mapping-f9e7499b9ec7fd03cb30
nippan-bookseller-recommendations-2017-011,nippan-bookseller-recommendations-2017,included,candidate-11296a590b885cb73b66,work-11296a590b885cb73b66,mapping-526a451df3cfede0f323
nippan-bookseller-recommendations-2017-012,nippan-bookseller-recommendations-2017,unresolved,,,
nippan-bookseller-recommendations-2017-013,nippan-bookseller-recommendations-2017,included,candidate-ef29e3038497d59e3c0c,fire-force,mapping-b494bc9889751f25071d
nippan-bookseller-recommendations-2017-014,nippan-bookseller-recommendations-2017,duplicate,candidate-ca2c6203e55caa0969f6,demon-slayer,mapping-153663c2d68c94278292
nippan-bookseller-recommendations-2017-015,nippan-bookseller-recommendations-2017,duplicate,candidate-0e036724913c69bb937a,work-0e036724913c69bb937a,mapping-ad741e03f9a0f755b5c5
nippan-bookseller-recommendations-2018-001,nippan-bookseller-recommendations-2018,duplicate,candidate-8d6ba69eb9d5b3583c3e,witch-hat-atelier,mapping-f884d1298e150d985599
nippan-bookseller-recommendations-2018-002,nippan-bookseller-recommendations-2018,unresolved,,,
nippan-bookseller-recommendations-2018-003,nippan-bookseller-recommendations-2018,duplicate,candidate-6f849a8e785deee3d5dc,work-6f849a8e785deee3d5dc,mapping-fa17d6e8c6d09f06ab9f
nippan-bookseller-recommendations-2018-004,nippan-bookseller-recommendations-2018,duplicate,candidate-41c84778af2d8cd376f2,dr-stone,mapping-23f71aa807d7324a33a9
nippan-bookseller-recommendations-2018-005,nippan-bookseller-recommendations-2018,duplicate,candidate-f6cddc6b36f20bd0cc74,work-f6cddc6b36f20bd0cc74,mapping-0f585aa51b9baf5076f5
nippan-bookseller-recommendations-2018-006,nippan-bookseller-recommendations-2018,included,candidate-c318fd52f1da01533910,work-c318fd52f1da01533910,mapping-ef9f0ca3efb6e9ca5bdb
nippan-bookseller-recommendations-2018-007,nippan-bookseller-recommendations-2018,included,candidate-3756cbfd509f5240c688,work-3756cbfd509f5240c688,mapping-80c0a91b38d29c324935
nippan-bookseller-recommendations-2018-008,nippan-bookseller-recommendations-2018,duplicate,candidate-d8a87d01c1f35d58e791,work-d8a87d01c1f35d58e791,mapping-991a2fc764341d77ca29
nippan-bookseller-recommendations-2018-009,nippan-bookseller-recommendations-2018,included,candidate-69956bdf9bad6ba947bc,work-69956bdf9bad6ba947bc,mapping-68ced3f381eaa7ba2e72
nippan-bookseller-recommendations-2018-010,nippan-bookseller-recommendations-2018,included,candidate-6083dc87d385741c9e90,work-6083dc87d385741c9e90,mapping-77d2f8d531559fa4fffe
nippan-bookseller-recommendations-2018-011,nippan-bookseller-recommendations-2018,included,candidate-fe36cd3eb836d1655a94,work-fe36cd3eb836d1655a94,mapping-875cce3af280045bc7c9
nippan-bookseller-recommendations-2018-012,nippan-bookseller-recommendations-2018,duplicate,candidate-34bba03e2a127ef29cd7,work-34bba03e2a127ef29cd7,mapping-cff8c58fe6678775454c
nippan-bookseller-recommendations-2018-013,nippan-bookseller-recommendations-2018,included,candidate-58516b2e576ac0229077,work-58516b2e576ac0229077,mapping-4d7a5769c9531113888f
nippan-bookseller-recommendations-2018-014,nippan-bookseller-recommendations-2018,included,candidate-37967ba285bff1dd6c6d,work-37967ba285bff1dd6c6d,mapping-581e64837314814ac4e4
nippan-bookseller-recommendations-2018-015,nippan-bookseller-recommendations-2018,included,candidate-f46d92f042fd61982ea3,work-f46d92f042fd61982ea3,mapping-db0af665bee326c7a975
nippan-bookseller-recommendations-2019-001,nippan-bookseller-recommendations-2019,duplicate,candidate-ad594a078835b140605a,jujutsu-kaisen,mapping-861b827ddaba23a9e291
nippan-bookseller-recommendations-2019-002,nippan-bookseller-recommendations-2019,included,candidate-722251ce58a03d2b6985,work-722251ce58a03d2b6985,mapping-353ec2d1a0338e0f3a5c
nippan-bookseller-recommendations-2019-003,nippan-bookseller-recommendations-2019,unresolved,,,
nippan-bookseller-recommendations-2019-004,nippan-bookseller-recommendations-2019,included,candidate-e1b5ab2dd9de583305b6,work-e1b5ab2dd9de583305b6,mapping-f2e7820eddece11db04e
nippan-bookseller-recommendations-2019-005,nippan-bookseller-recommendations-2019,unresolved,,,
nippan-bookseller-recommendations-2019-006,nippan-bookseller-recommendations-2019,unresolved,,,
nippan-bookseller-recommendations-2019-007,nippan-bookseller-recommendations-2019,included,candidate-12addce786ee4fbb6a2c,work-12addce786ee4fbb6a2c,mapping-3f768cee99b034a4944a
nippan-bookseller-recommendations-2019-008,nippan-bookseller-recommendations-2019,unresolved,,,
nippan-bookseller-recommendations-2019-009,nippan-bookseller-recommendations-2019,duplicate,candidate-55d2c61694878eb046d5,mystery-to-iu-nakare,mapping-02ec763f6fa6c80117e4
nippan-bookseller-recommendations-2019-010,nippan-bookseller-recommendations-2019,duplicate,candidate-8d07714ac462efd374de,a-condition-called-love,mapping-47c5e8fe51dbbc99228d
nippan-bookseller-recommendations-2019-011,nippan-bookseller-recommendations-2019,duplicate,candidate-bd5c323a3dbc9f3a04d4,work-bd5c323a3dbc9f3a04d4,mapping-a647c7bdfdb3d10952be
nippan-bookseller-recommendations-2019-012,nippan-bookseller-recommendations-2019,duplicate,candidate-7975d62582a89492a35f,work-7975d62582a89492a35f,mapping-e3e693b7d3a05348eb38
nippan-bookseller-recommendations-2019-013,nippan-bookseller-recommendations-2019,included,candidate-e90794db2fd0302e0eec,work-e90794db2fd0302e0eec,mapping-46fda13a995de9feb9db
nippan-bookseller-recommendations-2019-014,nippan-bookseller-recommendations-2019,unresolved,,,
nippan-bookseller-recommendations-2019-015,nippan-bookseller-recommendations-2019,unresolved,,,
nippan-bookseller-recommendations-2020-001,nippan-bookseller-recommendations-2020,duplicate,candidate-088bd94cfdd1dd6e192d,spy-family,mapping-5777a3793678cb7d2908
nippan-bookseller-recommendations-2020-002,nippan-bookseller-recommendations-2020,duplicate,candidate-9ad564d206d2c1a6c4ef,chainsaw-man,mapping-c93446f89b450199fb05
nippan-bookseller-recommendations-2020-003,nippan-bookseller-recommendations-2020,duplicate,candidate-40ea287aae6305289cf6,work-40ea287aae6305289cf6,mapping-6690c0b14b9a6f550d2a
nippan-bookseller-recommendations-2020-004,nippan-bookseller-recommendations-2020,duplicate,candidate-3ad85a2ffdc026007d61,work-3ad85a2ffdc026007d61,mapping-4c85af7ea692f69d5d79
nippan-bookseller-recommendations-2020-005,nippan-bookseller-recommendations-2020,duplicate,candidate-ed0eae57affd8e19670d,the-apothecary-diaries,mapping-6848051a9a736aaf3418
nippan-bookseller-recommendations-2020-006,nippan-bookseller-recommendations-2020,duplicate,candidate-27d993f99ff7042b5338,sweat-and-soap,mapping-d01da3b48f145a3f9780
nippan-bookseller-recommendations-2020-007,nippan-bookseller-recommendations-2020,duplicate,candidate-7d4568dcc8e9175d35ba,work-7d4568dcc8e9175d35ba,mapping-342e03e34db5e2575f25
nippan-bookseller-recommendations-2020-008,nippan-bookseller-recommendations-2020,included,candidate-5625fc2de8c5a33e98b2,work-5625fc2de8c5a33e98b2,mapping-e9ca5abb14e3fedcd11f
nippan-bookseller-recommendations-2020-009,nippan-bookseller-recommendations-2020,included,candidate-090c010b942b581825db,mieruko-chan,mapping-ffb9a08921fe4e75d18f
nippan-bookseller-recommendations-2020-010,nippan-bookseller-recommendations-2020,duplicate,candidate-81c561ca6bb74a301cf8,work-81c561ca6bb74a301cf8,mapping-02188655e90e21469a7e
nippan-bookseller-recommendations-2020-011,nippan-bookseller-recommendations-2020,included,candidate-23950c7ba1f06f7c7d79,work-23950c7ba1f06f7c7d79,mapping-851f0f350004e20d1d33
nippan-bookseller-recommendations-2020-012,nippan-bookseller-recommendations-2020,duplicate,candidate-ae0ac8a5acfc5fbb7dd6,work-ae0ac8a5acfc5fbb7dd6,mapping-6f4c43ea62b7f881fd92
nippan-bookseller-recommendations-2020-013,nippan-bookseller-recommendations-2020,duplicate,candidate-84a6a139c55f2760544e,work-84a6a139c55f2760544e,mapping-cf158172735971126cba
nippan-bookseller-recommendations-2020-014,nippan-bookseller-recommendations-2020,unresolved,,,
nippan-bookseller-recommendations-2020-015,nippan-bookseller-recommendations-2020,included,candidate-db2e3e16c8568d6ff928,work-db2e3e16c8568d6ff928,mapping-ef91ffccabb9e9c83845
nippan-bookseller-recommendations-2021-001,nippan-bookseller-recommendations-2021,unresolved,,,
nippan-bookseller-recommendations-2021-002,nippan-bookseller-recommendations-2021,duplicate,candidate-ab586cc8c5de02fad336,frieren,mapping-82327b34d424ff6dce0f
nippan-bookseller-recommendations-2021-003,nippan-bookseller-recommendations-2021,unresolved,,,
nippan-bookseller-recommendations-2021-004,nippan-bookseller-recommendations-2021,unresolved,,,
nippan-bookseller-recommendations-2021-005,nippan-bookseller-recommendations-2021,duplicate,candidate-c5c2695ad33fd05af945,work-c5c2695ad33fd05af945,mapping-2bd75869937b494975dc
nippan-bookseller-recommendations-2021-006,nippan-bookseller-recommendations-2021,duplicate,candidate-53fb816835ab36e40a1f,work-53fb816835ab36e40a1f,mapping-bbb1cdd9e9026e1c8cc2
nippan-bookseller-recommendations-2021-007,nippan-bookseller-recommendations-2021,unresolved,,,
nippan-bookseller-recommendations-2021-008,nippan-bookseller-recommendations-2021,duplicate,candidate-9036a98c069b5ef8cd54,work-9036a98c069b5ef8cd54,mapping-877d15ad7f01566ff38b
nippan-bookseller-recommendations-2021-009,nippan-bookseller-recommendations-2021,included,candidate-75114a2ee2082b4f4630,work-75114a2ee2082b4f4630,mapping-0468a20ab2226c09032b
nippan-bookseller-recommendations-2021-010,nippan-bookseller-recommendations-2021,duplicate,candidate-090c010b942b581825db,mieruko-chan,mapping-fbfaeffc593481cd4c2e
nippan-bookseller-recommendations-2021-011,nippan-bookseller-recommendations-2021,unresolved,,,
nippan-bookseller-recommendations-2021-012,nippan-bookseller-recommendations-2021,duplicate,candidate-d489f5a2229689aa5115,work-d489f5a2229689aa5115,mapping-9a82b8ee6789ad527c8a
nippan-bookseller-recommendations-2021-013,nippan-bookseller-recommendations-2021,duplicate,candidate-3dfaf6231e21133620c6,work-3dfaf6231e21133620c6,mapping-745df7d2d6136afb1b78
nippan-bookseller-recommendations-2021-014,nippan-bookseller-recommendations-2021,duplicate,candidate-e81955a9fc5c4d84580f,work-e81955a9fc5c4d84580f,mapping-1459f1616c1809885782
nippan-bookseller-recommendations-2021-015,nippan-bookseller-recommendations-2021,duplicate,candidate-bd651877af1038890ba4,medalist,mapping-0acd690a987e66e627e2
nippan-bookseller-recommendations-2022-001,nippan-bookseller-recommendations-2022,duplicate,candidate-cdf549d4b1888153e146,work-cdf549d4b1888153e146,mapping-0063bb4f8c74ccf12e1b
nippan-bookseller-recommendations-2022-002,nippan-bookseller-recommendations-2022,duplicate,candidate-23851cd7ccf1d0c676cc,work-23851cd7ccf1d0c676cc,mapping-bd553ce845c880f24584
nippan-bookseller-recommendations-2022-003,nippan-bookseller-recommendations-2022,unresolved,,,
nippan-bookseller-recommendations-2022-004,nippan-bookseller-recommendations-2022,duplicate,candidate-c133f39d62dde2fa3e1d,blue-box,mapping-8faae65f78a0e061fe3c
nippan-bookseller-recommendations-2022-005,nippan-bookseller-recommendations-2022,unresolved,,,
nippan-bookseller-recommendations-2022-006,nippan-bookseller-recommendations-2022,duplicate,candidate-71e824df2e6bc2125294,work-71e824df2e6bc2125294,mapping-f9a18566eaac0360f0d7
nippan-bookseller-recommendations-2022-007,nippan-bookseller-recommendations-2022,unresolved,,,
nippan-bookseller-recommendations-2022-008,nippan-bookseller-recommendations-2022,duplicate,candidate-db80d94709b62aa8823f,work-db80d94709b62aa8823f,mapping-8a3b735396b43ce9aad6
nippan-bookseller-recommendations-2022-009,nippan-bookseller-recommendations-2022,duplicate,candidate-d489f5a2229689aa5115,work-d489f5a2229689aa5115,mapping-be59bb68085123e4aee1
nippan-bookseller-recommendations-2022-010,nippan-bookseller-recommendations-2022,unresolved,,,
nippan-bookseller-recommendations-2022-011,nippan-bookseller-recommendations-2022,duplicate,candidate-bbeeaad9e37ab267dc29,work-bbeeaad9e37ab267dc29,mapping-faa0c909c662e83d6695
nippan-bookseller-recommendations-2022-012,nippan-bookseller-recommendations-2022,duplicate,candidate-bd651877af1038890ba4,medalist,mapping-977ab92947b831600c70
nippan-bookseller-recommendations-2022-013,nippan-bookseller-recommendations-2022,unresolved,,,
nippan-bookseller-recommendations-2022-014,nippan-bookseller-recommendations-2022,included,candidate-1ccf4922ae88d4a273af,work-1ccf4922ae88d4a273af,mapping-2484ecc56975a74806cc
nippan-bookseller-recommendations-2022-015,nippan-bookseller-recommendations-2022,unresolved,,,
nippan-bookseller-recommendations-2023-001,nippan-bookseller-recommendations-2023,unresolved,,,
nippan-bookseller-recommendations-2023-002,nippan-bookseller-recommendations-2023,unresolved,,,
nippan-bookseller-recommendations-2023-003,nippan-bookseller-recommendations-2023,unresolved,,,
nippan-bookseller-recommendations-2023-004,nippan-bookseller-recommendations-2023,unresolved,,,
nippan-bookseller-recommendations-2023-005,nippan-bookseller-recommendations-2023,unresolved,,,
nippan-bookseller-recommendations-2023-006,nippan-bookseller-recommendations-2023,unresolved,,,
nippan-bookseller-recommendations-2023-007,nippan-bookseller-recommendations-2023,unresolved,,,
nippan-bookseller-recommendations-2023-008,nippan-bookseller-recommendations-2023,unresolved,,,
nippan-bookseller-recommendations-2023-009,nippan-bookseller-recommendations-2023,unresolved,,,
nippan-bookseller-recommendations-2023-010,nippan-bookseller-recommendations-2023,unresolved,,,
nippan-bookseller-recommendations-2023-011,nippan-bookseller-recommendations-2023,unresolved,,,
nippan-bookseller-recommendations-2023-012,nippan-bookseller-recommendations-2023,unresolved,,,
nippan-bookseller-recommendations-2023-013,nippan-bookseller-recommendations-2023,unresolved,,,
nippan-bookseller-recommendations-2023-014,nippan-bookseller-recommendations-2023,unresolved,,,
nippan-bookseller-recommendations-2023-015,nippan-bookseller-recommendations-2023,unresolved,,,
nippan-bookseller-recommendations-2024-001,nippan-bookseller-recommendations-2024,unresolved,,,
nippan-bookseller-recommendations-2024-002,nippan-bookseller-recommendations-2024,duplicate,candidate-4c784fc78dfd9b139c3f,work-4c784fc78dfd9b139c3f,mapping-7735a4f6de6e3fc93595
nippan-bookseller-recommendations-2024-003,nippan-bookseller-recommendations-2024,unresolved,,,
nippan-bookseller-recommendations-2024-004,nippan-bookseller-recommendations-2024,duplicate,candidate-081e75d8bbc53ac64713,work-081e75d8bbc53ac64713,mapping-63193edc90c1b3627abe
nippan-bookseller-recommendations-2024-005,nippan-bookseller-recommendations-2024,duplicate,candidate-f8cb26831612e0c6ece5,work-f8cb26831612e0c6ece5,mapping-558575681b195cc3d410
nippan-bookseller-recommendations-2024-006,nippan-bookseller-recommendations-2024,excluded-webtoon,,,exclusion-9bec97f0195bda766a1e
nippan-bookseller-recommendations-2024-007,nippan-bookseller-recommendations-2024,duplicate,candidate-2df743e085adef5e9bd3,work-2df743e085adef5e9bd3,mapping-e9b516ef92259721c64b
nippan-bookseller-recommendations-2024-008,nippan-bookseller-recommendations-2024,included,candidate-009db86ba32a4a5f3afe,work-009db86ba32a4a5f3afe,mapping-e94ca1f30d07614fcb94
nippan-bookseller-recommendations-2024-009,nippan-bookseller-recommendations-2024,unresolved,,,
nippan-bookseller-recommendations-2024-010,nippan-bookseller-recommendations-2024,unresolved,,,
nippan-bookseller-recommendations-2024-011,nippan-bookseller-recommendations-2024,duplicate,candidate-c7280f9dcc2754d3f864,work-c7280f9dcc2754d3f864,mapping-1c002873a4e8629b6545
nippan-bookseller-recommendations-2024-012,nippan-bookseller-recommendations-2024,unresolved,,,
nippan-bookseller-recommendations-2024-013,nippan-bookseller-recommendations-2024,unresolved,,,
nippan-bookseller-recommendations-2024-014,nippan-bookseller-recommendations-2024,unresolved,,,
nippan-bookseller-recommendations-2024-015,nippan-bookseller-recommendations-2024,included,candidate-364e62bd7dfd73149d14,work-364e62bd7dfd73149d14,mapping-4a15fb0a301a2860cc83
nippan-bookseller-recommendations-2025-001,nippan-bookseller-recommendations-2025,unresolved,,,
nippan-bookseller-recommendations-2025-002,nippan-bookseller-recommendations-2025,duplicate,candidate-c9e32218e26c6c6292f9,work-c9e32218e26c6c6292f9,mapping-0bc8af110512d1f5fe71
nippan-bookseller-recommendations-2025-003,nippan-bookseller-recommendations-2025,duplicate,candidate-7730845c9cf7ba0cccc8,work-7730845c9cf7ba0cccc8,mapping-e5cb3efbdaeb0f64c8a7
nippan-bookseller-recommendations-2025-004,nippan-bookseller-recommendations-2025,unresolved,,,
nippan-bookseller-recommendations-2025-005,nippan-bookseller-recommendations-2025,unresolved,,,
nippan-bookseller-recommendations-2025-006,nippan-bookseller-recommendations-2025,duplicate,candidate-a3d922576a1a1ecc8e3e,work-a3d922576a1a1ecc8e3e,mapping-087a67102dfce7b0b589
nippan-bookseller-recommendations-2025-007,nippan-bookseller-recommendations-2025,included,candidate-1eea4768a5da9d66bba0,work-1eea4768a5da9d66bba0,mapping-47ea1934147705345eaa
nippan-bookseller-recommendations-2025-008,nippan-bookseller-recommendations-2025,duplicate,candidate-2d385ad0525742330e70,work-2d385ad0525742330e70,mapping-a2738f8c3b887031854a
nippan-bookseller-recommendations-2025-009,nippan-bookseller-recommendations-2025,duplicate,candidate-37ecced0b2392d7af9b2,work-37ecced0b2392d7af9b2,mapping-816ccb40b00b42319ada
nippan-bookseller-recommendations-2025-010,nippan-bookseller-recommendations-2025,duplicate,candidate-025c8ab93483a39c9330,work-025c8ab93483a39c9330,mapping-c557b84e22cc60e1a8c2
nippan-bookseller-recommendations-2025-011,nippan-bookseller-recommendations-2025,duplicate,candidate-2f1d1c3ad0f943f1562f,work-2f1d1c3ad0f943f1562f,mapping-69ee0201c6cf38dbf94a
nippan-bookseller-recommendations-2025-012,nippan-bookseller-recommendations-2025,included,candidate-dfcc697136737c439fe5,work-dfcc697136737c439fe5,mapping-ca19bc49e8d212c0786b
nippan-bookseller-recommendations-2025-013,nippan-bookseller-recommendations-2025,duplicate,candidate-c2f3864045578cebb590,work-c2f3864045578cebb590,mapping-7c1e7f3ddbd964a5dd91
nippan-bookseller-recommendations-2025-014,nippan-bookseller-recommendations-2025,duplicate,candidate-131ba7a362fa9e38a10a,work-131ba7a362fa9e38a10a,mapping-d8d4b5d9f63c4a3ca446
nippan-bookseller-recommendations-2025-015,nippan-bookseller-recommendations-2025,duplicate,candidate-112589a161d1596ec97f,work-112589a161d1596ec97f,mapping-87fe03d5597ad6e5e1c6
nippan-bookseller-recommendations-2026-001,nippan-bookseller-recommendations-2026,unresolved,,,
nippan-bookseller-recommendations-2026-002,nippan-bookseller-recommendations-2026,duplicate,candidate-192cbecc59e9c028142b,work-192cbecc59e9c028142b,mapping-368d17922d6afd3b993b
nippan-bookseller-recommendations-2026-003,nippan-bookseller-recommendations-2026,unresolved,,,
nippan-bookseller-recommendations-2026-004,nippan-bookseller-recommendations-2026,duplicate,candidate-aa85b65d02f367e76a07,work-aa85b65d02f367e76a07,mapping-b9b69bf82098be7cd23e
nippan-bookseller-recommendations-2026-005,nippan-bookseller-recommendations-2026,included,candidate-482db909fdba0c38b2ee,work-482db909fdba0c38b2ee,mapping-92f5b7ced7483bfeb72f
nippan-bookseller-recommendations-2026-006,nippan-bookseller-recommendations-2026,unresolved,,,
nippan-bookseller-recommendations-2026-007,nippan-bookseller-recommendations-2026,included,candidate-0f790fe4cb2b3d2a8f34,work-0f790fe4cb2b3d2a8f34,mapping-fe96d7ded7b9a091ba96
nippan-bookseller-recommendations-2026-008,nippan-bookseller-recommendations-2026,included,candidate-d9a098f6f282e841faf9,work-d9a098f6f282e841faf9,mapping-a9f11fd5b3c531fac3c1
nippan-bookseller-recommendations-2026-009,nippan-bookseller-recommendations-2026,duplicate,candidate-ccf0ddff9c6410c4de14,work-ccf0ddff9c6410c4de14,mapping-bb424b2bf30e2c040d04
nippan-bookseller-recommendations-2026-010,nippan-bookseller-recommendations-2026,included,candidate-b9b5c17e13ccb24f624c,work-b9b5c17e13ccb24f624c,mapping-ef9f7a2183ff59fd7f09
nippan-bookseller-recommendations-2026-011,nippan-bookseller-recommendations-2026,duplicate,candidate-a960372ed5efa4031896,work-a960372ed5efa4031896,mapping-1805173a2bd398b5a9a0
nippan-bookseller-recommendations-2026-012,nippan-bookseller-recommendations-2026,included,candidate-1c08e020ca3edbdb268c,work-1c08e020ca3edbdb268c,mapping-88d43d3a3c0970c616b9
nippan-bookseller-recommendations-2026-013,nippan-bookseller-recommendations-2026,duplicate,candidate-925f371723beac5227f7,work-925f371723beac5227f7,mapping-6d299761c1faf6deb0f5
nippan-bookseller-recommendations-2026-014,nippan-bookseller-recommendations-2026,included,candidate-697868a39adc4b0467cb,work-697868a39adc4b0467cb,mapping-26f46a2f418000acaa5c
nippan-bookseller-recommendations-2026-015,nippan-bookseller-recommendations-2026,duplicate,candidate-65f856a6fa2078f21d2f,work-65f856a6fa2078f21d2f,mapping-fdc18030569928fe7836
dc-lovecome-manga-award-poll-2024-002,dc-lovecome-manga-award-poll-2024,unresolved,,,
dc-lovecome-manga-award-poll-2024-003,dc-lovecome-manga-award-poll-2024,unresolved,,,
dc-lovecome-manga-award-poll-2024-004,dc-lovecome-manga-award-poll-2024,unresolved,,,
dc-lovecome-manga-award-poll-2024-005,dc-lovecome-manga-award-poll-2024,unresolved,,,
dc-lovecome-manga-award-poll-2024-006,dc-lovecome-manga-award-poll-2024,unresolved,,,
dc-lovecome-manga-award-poll-2024-007,dc-lovecome-manga-award-poll-2024,unresolved,,,
dc-lovecome-manga-award-poll-2024-008,dc-lovecome-manga-award-poll-2024,unresolved,,,
dc-lovecome-manga-award-poll-2024-009,dc-lovecome-manga-award-poll-2024,unresolved,,,
dc-lovecome-manga-award-poll-2024-010,dc-lovecome-manga-award-poll-2024,unresolved,,,
dc-lovecome-manga-award-poll-2024-011,dc-lovecome-manga-award-poll-2024,unresolved,,,
dc-lovecome-manga-award-poll-2024-012,dc-lovecome-manga-award-poll-2024,unresolved,,,
dc-lovecome-manga-award-poll-2024-013,dc-lovecome-manga-award-poll-2024,unresolved,,,
dc-lovecome-manga-award-poll-2024-014,dc-lovecome-manga-award-poll-2024,unresolved,,,
dc-lovecome-manga-award-poll-2024-015,dc-lovecome-manga-award-poll-2024,unresolved,,,
dc-lovecome-manga-award-poll-2024-016,dc-lovecome-manga-award-poll-2024,unresolved,,,
dc-lovecome-manga-award-poll-2024-017,dc-lovecome-manga-award-poll-2024,unresolved,,,
dc-lovecome-manga-award-poll-2024-018,dc-lovecome-manga-award-poll-2024,unresolved,,,
dc-lovecome-manga-award-poll-2024-019,dc-lovecome-manga-award-poll-2024,unresolved,,,
dc-lovecome-manga-award-poll-2024-020,dc-lovecome-manga-award-poll-2024,unresolved,,,
dc-lovecome-manga-award-poll-2024-021,dc-lovecome-manga-award-poll-2024,unresolved,,,
dc-lovecome-manga-award-poll-2024-022,dc-lovecome-manga-award-poll-2024,unresolved,,,
dc-lovecome-manga-award-poll-2024-023,dc-lovecome-manga-award-poll-2024,unresolved,,,
shogakukan-manga-award-01-001,shogakukan-manga-award-01,unresolved,,,
shogakukan-manga-award-02-001,shogakukan-manga-award-02,unresolved,,,
shogakukan-manga-award-02-002,shogakukan-manga-award-02,unresolved,,,
shogakukan-manga-award-03-001,shogakukan-manga-award-03,included,candidate-5d482661243e553d2716,work-5d482661243e553d2716,mapping-0d13e2b700c0a121ed7a
shogakukan-manga-award-03-002,shogakukan-manga-award-03,unresolved,,,
shogakukan-manga-award-04-001,shogakukan-manga-award-04,unresolved,,,
shogakukan-manga-award-04-002,shogakukan-manga-award-04,unresolved,,,
shogakukan-manga-award-05-001,shogakukan-manga-award-05,unresolved,,,
shogakukan-manga-award-05-002,shogakukan-manga-award-05,unresolved,,,
shogakukan-manga-award-05-003,shogakukan-manga-award-05,unresolved,,,
shogakukan-manga-award-06-001,shogakukan-manga-award-06,unresolved,,,
shogakukan-manga-award-07-001,shogakukan-manga-award-07,unresolved,,,
shogakukan-manga-award-08-001,shogakukan-manga-award-08,unresolved,,,
shogakukan-manga-award-08-002,shogakukan-manga-award-08,unresolved,,,
shogakukan-manga-award-09-001,shogakukan-manga-award-09,unresolved,,,
shogakukan-manga-award-09-002,shogakukan-manga-award-09,unresolved,,,
shogakukan-manga-award-10-001,shogakukan-manga-award-10,included,candidate-fd88144bf7334c4aae39,work-fd88144bf7334c4aae39,mapping-49e0af6f30135763c0fa
shogakukan-manga-award-11-001,shogakukan-manga-award-11,unresolved,,,
shogakukan-manga-award-11-002,shogakukan-manga-award-11,unresolved,,,
shogakukan-manga-award-12-001,shogakukan-manga-award-12,unresolved,,,
shogakukan-manga-award-13-001,shogakukan-manga-award-13,unresolved,,,
shogakukan-manga-award-13-002,shogakukan-manga-award-13,unresolved,,,
shogakukan-manga-award-14-001,shogakukan-manga-award-14,unresolved,,,
shogakukan-manga-award-14-002,shogakukan-manga-award-14,included,candidate-0efbd1c37e95f5845317,work-0efbd1c37e95f5845317,mapping-9f178a0285ba2b95d6d3
shogakukan-manga-award-15-001,shogakukan-manga-award-15,unresolved,,,
shogakukan-manga-award-16-001,shogakukan-manga-award-16,unresolved,,,
shogakukan-manga-award-16-002,shogakukan-manga-award-16,unresolved,,,
shogakukan-manga-award-16-003,shogakukan-manga-award-16,unresolved,,,
shogakukan-manga-award-17-001,shogakukan-manga-award-17,unresolved,,,
shogakukan-manga-award-17-002,shogakukan-manga-award-17,unresolved,,,
shogakukan-manga-award-18-001,shogakukan-manga-award-18,unresolved,,,
shogakukan-manga-award-18-002,shogakukan-manga-award-18,unresolved,,,
shogakukan-manga-award-19-001,shogakukan-manga-award-19,included,candidate-5b2987a5b9f05de7769a,work-5b2987a5b9f05de7769a,mapping-5692fd15e8dbd6057c7a
shogakukan-manga-award-19-002,shogakukan-manga-award-19,unresolved,,,
shogakukan-manga-award-20-001,shogakukan-manga-award-20,included,candidate-98d513b70560f2f96a38,work-98d513b70560f2f96a38,mapping-d1166294d20d30b2b49c
shogakukan-manga-award-21-001,shogakukan-manga-award-21,included,candidate-9d5d64262dbc2893acd4,work-9d5d64262dbc2893acd4,mapping-cf8e23384afa8a530316
shogakukan-manga-award-21-002,shogakukan-manga-award-21,included,candidate-f50fa290eb4116a7078e,work-f50fa290eb4116a7078e,mapping-a4e26c437285da621a78
shogakukan-manga-award-21-003,shogakukan-manga-award-21,included,candidate-0262dcaa820443c3185d,work-0262dcaa820443c3185d,mapping-0e8b6e378c86c8a96513
shogakukan-manga-award-22-001,shogakukan-manga-award-22,included,candidate-53e54c95f637b66c4fb2,work-53e54c95f637b66c4fb2,mapping-f22d9346fe07b8cae138
shogakukan-manga-award-22-002,shogakukan-manga-award-22,included,candidate-5924760a1dde711fff88,work-5924760a1dde711fff88,mapping-96b2c9a9080b8b22f453
shogakukan-manga-award-22-003,shogakukan-manga-award-22,unresolved,,,
shogakukan-manga-award-22-004,shogakukan-manga-award-22,included,candidate-45a6a913d4ee5881afb6,work-45a6a913d4ee5881afb6,mapping-f1de0c3e270eb87f47ac
shogakukan-manga-award-23-001,shogakukan-manga-award-23,included,candidate-19a26f01512166856a6a,work-19a26f01512166856a6a,mapping-bd69da64af38235c30ac
shogakukan-manga-award-23-002,shogakukan-manga-award-23,unresolved,,,
shogakukan-manga-award-23-003,shogakukan-manga-award-23,included,candidate-02d5d329c9ef85e481cb,work-02d5d329c9ef85e481cb,mapping-09ab36e92ed53e932807
shogakukan-manga-award-24-001,shogakukan-manga-award-24,included,candidate-cb61c70a466a77afa0ea,work-cb61c70a466a77afa0ea,mapping-fbee3866d8ad30da3780
shogakukan-manga-award-24-002,shogakukan-manga-award-24,included,candidate-eeead0338f5f55c4120c,work-eeead0338f5f55c4120c,mapping-a87dc42f8de0504cdfd2
shogakukan-manga-award-25-001,shogakukan-manga-award-25,included,candidate-1b839a7f7034e313c8d1,work-1b839a7f7034e313c8d1,mapping-42b84f46bd4d83524f04
shogakukan-manga-award-25-002,shogakukan-manga-award-25,included,candidate-83fc3c4366e51b35b821,work-83fc3c4366e51b35b821,mapping-2ca0b5a2481582097aa9
shogakukan-manga-award-25-003,shogakukan-manga-award-25,included,candidate-a85b2872b13e76305087,work-a85b2872b13e76305087,mapping-6777ce2e2a478f078164
shogakukan-manga-award-26-001,shogakukan-manga-award-26,included,candidate-a089c0eef91d1213da38,work-a089c0eef91d1213da38,mapping-6133bfa09897f0af4443
shogakukan-manga-award-26-002,shogakukan-manga-award-26,included,candidate-e0975e7ae2e7a87b16c4,work-e0975e7ae2e7a87b16c4,mapping-1884db7872518c7a0c17
shogakukan-manga-award-26-003,shogakukan-manga-award-26,unresolved,,,
shogakukan-manga-award-26-004,shogakukan-manga-award-26,unresolved,,,
shogakukan-manga-award-27-001,shogakukan-manga-award-27,unresolved,,,
shogakukan-manga-award-27-002,shogakukan-manga-award-27,unresolved,,,
shogakukan-manga-award-27-003,shogakukan-manga-award-27,unresolved,,,
shogakukan-manga-award-27-004,shogakukan-manga-award-27,unresolved,,,
shogakukan-manga-award-28-001,shogakukan-manga-award-28,unresolved,,,
shogakukan-manga-award-28-002,shogakukan-manga-award-28,unresolved,,,
shogakukan-manga-award-28-003,shogakukan-manga-award-28,included,candidate-1d9c4fcacb0b35e9fa5a,work-1d9c4fcacb0b35e9fa5a,mapping-5cf099122950275a6729
shogakukan-manga-award-28-004,shogakukan-manga-award-28,included,candidate-e06f360662b30911db76,work-e06f360662b30911db76,mapping-5ca23f21dc3f26428e39
shogakukan-manga-award-28-005,shogakukan-manga-award-28,included,candidate-9b486df34cdf8853a038,work-9b486df34cdf8853a038,mapping-9c9c3d5184d90f240a30
shogakukan-manga-award-29-001,shogakukan-manga-award-29,included,candidate-b6b8409e88b672767bf5,work-b6b8409e88b672767bf5,mapping-42b34600ce8715f217c4
shogakukan-manga-award-29-002,shogakukan-manga-award-29,included,candidate-207bb1ca28b7472fbe1d,work-207bb1ca28b7472fbe1d,mapping-10116e3812f80d2d51e0
shogakukan-manga-award-29-003,shogakukan-manga-award-29,included,candidate-1e27731b880d0d9012f8,work-1e27731b880d0d9012f8,mapping-e901bc610ea1217de84c
shogakukan-manga-award-29-004,shogakukan-manga-award-29,unresolved,,,
shogakukan-manga-award-29-005,shogakukan-manga-award-29,included,candidate-671e3453cf9e1df2ee87,work-671e3453cf9e1df2ee87,mapping-7da5883bdaf3a6547512
shogakukan-manga-award-30-001,shogakukan-manga-award-30,included,candidate-933cc90d605b25f3d24a,work-933cc90d605b25f3d24a,mapping-c7da9cf47084045dbc91
shogakukan-manga-award-30-002,shogakukan-manga-award-30,included,candidate-0d6c496878e276979e3c,work-0d6c496878e276979e3c,mapping-74492fe9689fd124f831
shogakukan-manga-award-30-003,shogakukan-manga-award-30,unresolved,,,
shogakukan-manga-award-30-004,shogakukan-manga-award-30,included,candidate-fb7a0ed6a88db7d7bc71,work-fb7a0ed6a88db7d7bc71,mapping-ce814cf41fd0f1847d73
shogakukan-manga-award-30-005,shogakukan-manga-award-30,included,candidate-b7a7f8c204d15a5c0543,work-b7a7f8c204d15a5c0543,mapping-41c098a74e63cfdb5e65
shogakukan-manga-award-31-001,shogakukan-manga-award-31,included,candidate-db2dcc1ea0999bd3c12b,work-db2dcc1ea0999bd3c12b,mapping-c64465e17c2858287efe
shogakukan-manga-award-31-002,shogakukan-manga-award-31,unresolved,,,
shogakukan-manga-award-31-003,shogakukan-manga-award-31,unresolved,,,
shogakukan-manga-award-31-004,shogakukan-manga-award-31,included,candidate-7bc312490676870399a5,work-7bc312490676870399a5,mapping-0510ecf19c5269aa076c
shogakukan-manga-award-31-005,shogakukan-manga-award-31,unresolved,,,
shogakukan-manga-award-32-001,shogakukan-manga-award-32,included,candidate-10417d42e6e36614454b,work-10417d42e6e36614454b,mapping-b5bdcab3dfc9523c3f38
shogakukan-manga-award-32-002,shogakukan-manga-award-32,unresolved,,,
shogakukan-manga-award-32-003,shogakukan-manga-award-32,included,candidate-f5847c45d30753150364,work-f5847c45d30753150364,mapping-c6d9e5c5fc2397f9643d
shogakukan-manga-award-32-004,shogakukan-manga-award-32,unresolved,,,
shogakukan-manga-award-33-001,shogakukan-manga-award-33,included,candidate-03d7687838b304cde377,work-03d7687838b304cde377,mapping-e1da5ff6c526e58bdcc5
shogakukan-manga-award-33-002,shogakukan-manga-award-33,included,candidate-f98c044c5e5e97027806,work-f98c044c5e5e97027806,mapping-3fef12ea5644833d620f
shogakukan-manga-award-33-003,shogakukan-manga-award-33,included,candidate-b016fb45e3491836d5ce,work-b016fb45e3491836d5ce,mapping-ca348cc5d9cea9949aee
shogakukan-manga-award-33-004,shogakukan-manga-award-33,included,candidate-d429fe417d732ca14f10,work-d429fe417d732ca14f10,mapping-d58fd4f13f9664f7399e
shogakukan-manga-award-33-005,shogakukan-manga-award-33,unresolved,,,
shogakukan-manga-award-33-006,shogakukan-manga-award-33,unresolved,,,
shogakukan-manga-award-34-001,shogakukan-manga-award-34,included,candidate-1d00f523bae2dfe510eb,work-1d00f523bae2dfe510eb,mapping-b2696173a3e2f3d4299a
shogakukan-manga-award-34-002,shogakukan-manga-award-34,included,candidate-b73dec44c4920042dcae,work-b73dec44c4920042dcae,mapping-7bc6f6f4b7e873a5749e
shogakukan-manga-award-34-003,shogakukan-manga-award-34,included,candidate-c5bfedbb9ee87b8dea2b,work-c5bfedbb9ee87b8dea2b,mapping-bea87c381b3cd1d030fd
shogakukan-manga-award-34-004,shogakukan-manga-award-34,unresolved,,,
shogakukan-manga-award-35-001,shogakukan-manga-award-35,unresolved,,,
shogakukan-manga-award-35-002,shogakukan-manga-award-35,included,candidate-95dae802c37593fcc9ab,work-95dae802c37593fcc9ab,mapping-0d2f767313f189e3b49d
shogakukan-manga-award-35-003,shogakukan-manga-award-35,included,candidate-ad2b80b81b7bc9b602a3,work-ad2b80b81b7bc9b602a3,mapping-50636fccc84e607d9055
shogakukan-manga-award-35-004,shogakukan-manga-award-35,included,candidate-14e489bf1afd1587c44a,work-14e489bf1afd1587c44a,mapping-5731dd2a98a4f0712af0
shogakukan-manga-award-36-001,shogakukan-manga-award-36,unresolved,,,
shogakukan-manga-award-36-002,shogakukan-manga-award-36,included,candidate-5cafd57db6b870a71a05,work-5cafd57db6b870a71a05,mapping-6e2683c7de613a595f8b
shogakukan-manga-award-36-003,shogakukan-manga-award-36,unresolved,,,
shogakukan-manga-award-36-004,shogakukan-manga-award-36,included,candidate-a86074a0fe7023187fa0,work-a86074a0fe7023187fa0,mapping-a72955508cea10416903
shogakukan-manga-award-36-005,shogakukan-manga-award-36,unresolved,,,
shogakukan-manga-award-37-001,shogakukan-manga-award-37,unresolved,,,
shogakukan-manga-award-37-002,shogakukan-manga-award-37,unresolved,,,
shogakukan-manga-award-37-003,shogakukan-manga-award-37,included,candidate-7db69a2d438752c429cc,work-7db69a2d438752c429cc,mapping-d47fd782ffe796837d8c
shogakukan-manga-award-37-004,shogakukan-manga-award-37,included,candidate-1ff116a3c975bfb50a03,work-1ff116a3c975bfb50a03,mapping-f6335db1fab7e7e0590d
shogakukan-manga-award-37-005,shogakukan-manga-award-37,included,candidate-1dc5eed44438268f78cd,work-1dc5eed44438268f78cd,mapping-c6c0634b742c08d3cc02
shogakukan-manga-award-37-006,shogakukan-manga-award-37,unresolved,,,
shogakukan-manga-award-38-001,shogakukan-manga-award-38,included,candidate-fabc7f5d853e361acaf3,work-fabc7f5d853e361acaf3,mapping-45203fe3dcb849ebfd9b
shogakukan-manga-award-38-002,shogakukan-manga-award-38,unresolved,,,
shogakukan-manga-award-38-003,shogakukan-manga-award-38,unresolved,,,
shogakukan-manga-award-38-004,shogakukan-manga-award-38,included,candidate-f09840faaea9207deb5b,work-f09840faaea9207deb5b,mapping-74e94598556451379734
shogakukan-manga-award-38-005,shogakukan-manga-award-38,included,candidate-b9d10a19087fe9608c87,work-b9d10a19087fe9608c87,mapping-1c56f9148a47cba0930b
shogakukan-manga-award-39-001,shogakukan-manga-award-39,included,candidate-40e18fd954b5dff1eb7d,work-40e18fd954b5dff1eb7d,mapping-1d7a47ae8771c879b685
shogakukan-manga-award-39-002,shogakukan-manga-award-39,unresolved,,,
shogakukan-manga-award-39-003,shogakukan-manga-award-39,included,candidate-e7654f6737cf01051e67,work-e7654f6737cf01051e67,mapping-3513230e174d6f959ba3
shogakukan-manga-award-39-004,shogakukan-manga-award-39,included,candidate-7263fe749c8d032e8cf1,work-7263fe749c8d032e8cf1,mapping-8fe710df5a92870d5bd9
shogakukan-manga-award-40-001,shogakukan-manga-award-40,included,candidate-2aded24fd8a309ef5d2f,work-2aded24fd8a309ef5d2f,mapping-50dcaa3a7f471fe631d1
shogakukan-manga-award-40-002,shogakukan-manga-award-40,unresolved,,,
shogakukan-manga-award-40-003,shogakukan-manga-award-40,included,candidate-3779f1e546391e61c158,work-3779f1e546391e61c158,mapping-c84d96f69278194ae524
shogakukan-manga-award-40-004,shogakukan-manga-award-40,included,candidate-518d7ed42dd9253679c3,work-518d7ed42dd9253679c3,mapping-364d61514f85a141c637
shogakukan-manga-award-41-001,shogakukan-manga-award-41,included,candidate-a9a854e6a05c6f444428,work-a9a854e6a05c6f444428,mapping-9e7a6af473a285e718ce
shogakukan-manga-award-41-002,shogakukan-manga-award-41,unresolved,,,
shogakukan-manga-award-41-003,shogakukan-manga-award-41,included,candidate-de95d79779aa86260278,work-de95d79779aa86260278,mapping-51d3b5dd0ad619fea8be
shogakukan-manga-award-41-004,shogakukan-manga-award-41,included,candidate-303d0a9d67a606a817af,work-303d0a9d67a606a817af,mapping-201bbc466dae6c1b4a7e
shogakukan-manga-award-41-005,shogakukan-manga-award-41,unresolved,,,
shogakukan-manga-award-41-006,shogakukan-manga-award-41,unresolved,,,
shogakukan-manga-award-42-001,shogakukan-manga-award-42,included,candidate-a83fea90f846cb4acd9d,work-a83fea90f846cb4acd9d,mapping-4fd74317502bcedabf44
shogakukan-manga-award-42-002,shogakukan-manga-award-42,included,candidate-312aa7f134372423fce0,work-312aa7f134372423fce0,mapping-77f21bfefc3d25ec3250
shogakukan-manga-award-42-003,shogakukan-manga-award-42,included,candidate-9d437b1a9711aeb3471d,work-9d437b1a9711aeb3471d,mapping-0588ae0e9b57af90bcf9
shogakukan-manga-award-42-004,shogakukan-manga-award-42,unresolved,,,
shogakukan-manga-award-43-001,shogakukan-manga-award-43,included,candidate-67d56a79da3d9a178ec2,work-67d56a79da3d9a178ec2,mapping-df180a2a393d698dbe8e
shogakukan-manga-award-43-002,shogakukan-manga-award-43,unresolved,,,
shogakukan-manga-award-43-003,shogakukan-manga-award-43,included,candidate-76c038b398f4b28b7748,work-76c038b398f4b28b7748,mapping-1d4ae273af93c6b277e9
shogakukan-manga-award-43-004,shogakukan-manga-award-43,included,candidate-2f39795212f5ad8db155,work-2f39795212f5ad8db155,mapping-98989b33564041234228
shogakukan-manga-award-44-001,shogakukan-manga-award-44,included,candidate-9bb7bc1f5f40a377ed68,work-9bb7bc1f5f40a377ed68,mapping-dbf4a7ed840217ee3670
shogakukan-manga-award-44-002,shogakukan-manga-award-44,unresolved,,,
shogakukan-manga-award-44-003,shogakukan-manga-award-44,unresolved,,,
shogakukan-manga-award-45-001,shogakukan-manga-award-45,unresolved,,,
shogakukan-manga-award-45-002,shogakukan-manga-award-45,included,candidate-1cf7a0bb5f55e0d69b27,work-1cf7a0bb5f55e0d69b27,mapping-b50005de144a3790d81f
shogakukan-manga-award-45-003,shogakukan-manga-award-45,included,candidate-05fd7a8974ddb2e3cbf0,work-05fd7a8974ddb2e3cbf0,mapping-8647ad4ce01fe5b340b1
shogakukan-manga-award-45-004,shogakukan-manga-award-45,included,candidate-440f93a4e60ef906685b,work-440f93a4e60ef906685b,mapping-0808bf85bad80207699b
shogakukan-manga-award-45-005,shogakukan-manga-award-45,unresolved,,,
shogakukan-manga-award-45-006,shogakukan-manga-award-45,unresolved,,,
shogakukan-manga-award-46-001,shogakukan-manga-award-46,unresolved,,,
shogakukan-manga-award-46-002,shogakukan-manga-award-46,included,candidate-39555fe7402dada0d79f,work-39555fe7402dada0d79f,mapping-1798f279ed292b869524
shogakukan-manga-award-46-003,shogakukan-manga-award-46,included,candidate-4041eac49a3884db9248,work-4041eac49a3884db9248,mapping-5dc939ddecb09046e2de
shogakukan-manga-award-46-004,shogakukan-manga-award-46,included,candidate-4a8a22fc766bf9bc4c59,work-4a8a22fc766bf9bc4c59,mapping-16ca39094b3c39294e69
shogakukan-manga-award-46-005,shogakukan-manga-award-46,included,candidate-f8f501d3402016f5d7ba,monster,mapping-ace004f5f2fdeb43941f
shogakukan-manga-award-47-001,shogakukan-manga-award-47,included,candidate-dd6de46fd1faf1d80fe9,work-dd6de46fd1faf1d80fe9,mapping-d0a12bc80a23f9d2866b
shogakukan-manga-award-47-002,shogakukan-manga-award-47,included,candidate-57a5e6cde2616095fb4b,inuyasha,mapping-16e3bc3acd5fe3bf2347
shogakukan-manga-award-47-003,shogakukan-manga-award-47,unresolved,,,
shogakukan-manga-award-47-004,shogakukan-manga-award-47,unresolved,,,
shogakukan-manga-award-47-005,shogakukan-manga-award-47,unresolved,,,
shogakukan-manga-award-47-006,shogakukan-manga-award-47,unresolved,,,
shogakukan-manga-award-48-001,shogakukan-manga-award-48,included,candidate-ac251a545ef997db9598,work-ac251a545ef997db9598,mapping-0e4e90b23a8ec34c22cd
shogakukan-manga-award-48-002,shogakukan-manga-award-48,included,candidate-057321eada0f5983975e,work-057321eada0f5983975e,mapping-b7a2d4081f1f0a7b5fc4
shogakukan-manga-award-48-003,shogakukan-manga-award-48,unresolved,,,
shogakukan-manga-award-48-004,shogakukan-manga-award-48,included,candidate-c4abbc1b44fa5706bce3,work-c4abbc1b44fa5706bce3,mapping-36cb494523b4d52c473a
shogakukan-manga-award-48-005,shogakukan-manga-award-48,included,candidate-544a6417f8c8f73e1a37,20th-century-boys,mapping-205daf9c8a4217e5def7
shogakukan-manga-award-49-001,shogakukan-manga-award-49,included,candidate-88567a8a7b0cacf777c6,work-88567a8a7b0cacf777c6,mapping-52d3bdb8d186879bd2b9
shogakukan-manga-award-49-002,shogakukan-manga-award-49,included,candidate-79420552f3fa0a01ad71,fullmetal-alchemist,mapping-aa4e6964a99710a15db2
shogakukan-manga-award-49-003,shogakukan-manga-award-49,included,candidate-5ce35f71e0a90cb8fd95,work-5ce35f71e0a90cb8fd95,mapping-8cdd5889891247de178f
shogakukan-manga-award-49-004,shogakukan-manga-award-49,unresolved,,,
shogakukan-manga-award-49-005,shogakukan-manga-award-49,included,candidate-b4b21d2ebe5b8efc84ea,work-b4b21d2ebe5b8efc84ea,mapping-3f9deeb16e5c5da02504
shogakukan-manga-award-50-001,shogakukan-manga-award-50,included,candidate-a59481c00155de21d75f,work-a59481c00155de21d75f,mapping-78ee69c12d807999ed82
shogakukan-manga-award-50-002,shogakukan-manga-award-50,unresolved,,,
shogakukan-manga-award-50-003,shogakukan-manga-award-50,included,candidate-335e47351a159b8445a3,work-335e47351a159b8445a3,mapping-44d0dde180cbeaa39cf5
shogakukan-manga-award-50-004,shogakukan-manga-award-50,included,candidate-504b8583675a177bd69b,work-504b8583675a177bd69b,mapping-9d63647645ec5bfc5121
shogakukan-manga-award-50-005,shogakukan-manga-award-50,unresolved,,,
shogakukan-manga-award-50-006,shogakukan-manga-award-50,unresolved,,,
shogakukan-manga-award-50-007,shogakukan-manga-award-50,duplicate,candidate-0262dcaa820443c3185d,work-0262dcaa820443c3185d,mapping-68e74b4f4f371a557275
shogakukan-manga-award-50-008,shogakukan-manga-award-50,included,candidate-a42530eb1460613ddb66,work-a42530eb1460613ddb66,mapping-5d70a4bc9b443c1088f7
shogakukan-manga-award-51-001,shogakukan-manga-award-51,included,candidate-e77bba43057fae9a479b,work-e77bba43057fae9a479b,mapping-23d417b7d50f558fd4f2
shogakukan-manga-award-51-002,shogakukan-manga-award-51,included,candidate-5f4e7613821fb55ebb37,work-5f4e7613821fb55ebb37,mapping-ea013af295baa2570817
shogakukan-manga-award-51-003,shogakukan-manga-award-51,included,candidate-3c318d785a9edb674c82,work-3c318d785a9edb674c82,mapping-9aefec6aef528fd4537c
shogakukan-manga-award-51-004,shogakukan-manga-award-51,included,candidate-ec7d4acc56def479b441,work-ec7d4acc56def479b441,mapping-9474736089bc33651cb8
shogakukan-manga-award-51-005,shogakukan-manga-award-51,unresolved,,,
shogakukan-manga-award-52-001,shogakukan-manga-award-52,included,candidate-88b6ddbe403959af0452,work-88b6ddbe403959af0452,mapping-846468f2894efea028a8
shogakukan-manga-award-52-002,shogakukan-manga-award-52,included,candidate-434a5822bd4435e02b05,work-434a5822bd4435e02b05,mapping-67f77963ea5e934f8c94
shogakukan-manga-award-52-003,shogakukan-manga-award-52,included,candidate-c2a0771485686391ac82,7seeds,mapping-4c643f28540face647bc
shogakukan-manga-award-52-004,shogakukan-manga-award-52,duplicate,candidate-3a5be382f1399b15f4fb,work-3a5be382f1399b15f4fb,mapping-5f983dee51fe3e3fdf4e
shogakukan-manga-award-52-005,shogakukan-manga-award-52,unresolved,,,
shogakukan-manga-award-53-001,shogakukan-manga-award-53,included,candidate-cb8cbf442782052b23a3,work-cb8cbf442782052b23a3,mapping-0ea5a89a3950d6ad97bc
shogakukan-manga-award-53-002,shogakukan-manga-award-53,duplicate,candidate-ca1f317f8da177453f1e,ace-of-the-diamond,mapping-485c7384ecd3dea7760f
shogakukan-manga-award-53-003,shogakukan-manga-award-53,included,candidate-5402adec0b3d726fdc43,work-5402adec0b3d726fdc43,mapping-8655ab5dc60e55891acb
shogakukan-manga-award-53-004,shogakukan-manga-award-53,included,candidate-1c1cf67a3118c01ffaad,work-1c1cf67a3118c01ffaad,mapping-93dc13c482573fc68dfa
shogakukan-manga-award-53-005,shogakukan-manga-award-53,unresolved,,,
shogakukan-manga-award-54-001,shogakukan-manga-award-54,included,candidate-a724b1e9c5ce4de26fa5,work-a724b1e9c5ce4de26fa5,mapping-436e16aebe6ab0ab0544
shogakukan-manga-award-54-002,shogakukan-manga-award-54,included,candidate-66071f237c2e7c313a57,work-66071f237c2e7c313a57,mapping-74cf04b4482f1a88459d
shogakukan-manga-award-54-003,shogakukan-manga-award-54,included,candidate-8f7c9c4dc5e8c7adb655,work-8f7c9c4dc5e8c7adb655,mapping-a21eb73b64b4f8ec3bdd
shogakukan-manga-award-54-004,shogakukan-manga-award-54,unresolved,,,
shogakukan-manga-award-55-001,shogakukan-manga-award-55,included,candidate-a27bbfd85487a68b974a,work-a27bbfd85487a68b974a,mapping-4e068e90f71e5f8fe26b
shogakukan-manga-award-55-002,shogakukan-manga-award-55,included,candidate-19bf120239dd0661fdc0,work-19bf120239dd0661fdc0,mapping-5c522f7c94fcf5ac216e
shogakukan-manga-award-55-003,shogakukan-manga-award-55,duplicate,candidate-c8243866b7c8a6d9a2f8,work-c8243866b7c8a6d9a2f8,mapping-f2996ebbb5cd0b470d06
shogakukan-manga-award-55-004,shogakukan-manga-award-55,duplicate,candidate-d7e64b0b5479ca943edd,work-d7e64b0b5479ca943edd,mapping-ab342c699053d20c03ad
shogakukan-manga-award-55-005,shogakukan-manga-award-55,unresolved,,,
shogakukan-manga-award-56-001,shogakukan-manga-award-56,included,candidate-cd3cb029fa0bf74fbafb,work-cd3cb029fa0bf74fbafb,mapping-94b0b9150fe02ece6713
shogakukan-manga-award-56-002,shogakukan-manga-award-56,unresolved,,,
shogakukan-manga-award-56-003,shogakukan-manga-award-56,duplicate,candidate-464322afcd10013437b9,work-464322afcd10013437b9,mapping-c7e60c3aebf52f3e9a6c
shogakukan-manga-award-56-004,shogakukan-manga-award-56,unresolved,,,
shogakukan-manga-award-56-005,shogakukan-manga-award-56,included,candidate-0d894a02becb714986db,work-0d894a02becb714986db,mapping-f5cfc42628c1f094d6bc
shogakukan-manga-award-57-001,shogakukan-manga-award-57,included,candidate-fa77bfdba2ca19a57d9a,work-fa77bfdba2ca19a57d9a,mapping-3f633cbae4c2232aa1b1
shogakukan-manga-award-57-002,shogakukan-manga-award-57,duplicate,candidate-838a6f0ad2d1ef487588,work-838a6f0ad2d1ef487588,mapping-bfa3499752c96175c00e
shogakukan-manga-award-57-003,shogakukan-manga-award-57,included,candidate-fa738018edf898e49958,work-fa738018edf898e49958,mapping-7fa3770740fe94e4648f
shogakukan-manga-award-57-004,shogakukan-manga-award-57,duplicate,candidate-205e576ef057e3aed1ab,work-205e576ef057e3aed1ab,mapping-21e5638721e083ea4ca2
shogakukan-manga-award-58-001,shogakukan-manga-award-58,included,candidate-da1db472744ee5e5b9a8,work-da1db472744ee5e5b9a8,mapping-bb291b02de881dc85402
shogakukan-manga-award-58-002,shogakukan-manga-award-58,duplicate,candidate-61f2b70ee9f8217b3604,work-61f2b70ee9f8217b3604,mapping-a73e74993492690744a6
shogakukan-manga-award-58-003,shogakukan-manga-award-58,unresolved,,,
shogakukan-manga-award-58-004,shogakukan-manga-award-58,duplicate,candidate-f391e591282e435a3c1d,work-f391e591282e435a3c1d,mapping-594a37445626cb67da05
shogakukan-manga-award-59-001,shogakukan-manga-award-59,included,candidate-71527cb7fe3f42ef36ca,work-71527cb7fe3f42ef36ca,mapping-e89be0229a5211a79677
shogakukan-manga-award-59-002,shogakukan-manga-award-59,unresolved,,,
shogakukan-manga-award-59-003,shogakukan-manga-award-59,included,candidate-40ce339f7ba7a6e08167,work-40ce339f7ba7a6e08167,mapping-624522cb164297d24a1a
shogakukan-manga-award-59-004,shogakukan-manga-award-59,unresolved,,,
shogakukan-manga-award-59-005,shogakukan-manga-award-59,duplicate,candidate-db2dcc1ea0999bd3c12b,work-db2dcc1ea0999bd3c12b,mapping-b42144e3642112bd705f
shogakukan-manga-award-60-001,shogakukan-manga-award-60,unresolved,,,
shogakukan-manga-award-60-002,shogakukan-manga-award-60,unresolved,,,
shogakukan-manga-award-60-003,shogakukan-manga-award-60,duplicate,candidate-5e30ab3c7e3fb43e51f2,work-5e30ab3c7e3fb43e51f2,mapping-247c4b08262806745dc3
shogakukan-manga-award-60-004,shogakukan-manga-award-60,duplicate,candidate-5e20323e014d6d390aaf,work-5e20323e014d6d390aaf,mapping-a62ac6a24a6a1c9aaec5
shogakukan-manga-award-60-005,shogakukan-manga-award-60,duplicate,candidate-b2be97620643b3342637,work-b2be97620643b3342637,mapping-a7df0b74fdff4431304d
shogakukan-manga-award-61-001,shogakukan-manga-award-61,included,candidate-c78d636e59db94289c27,work-c78d636e59db94289c27,mapping-2850baca1daeeff98108
shogakukan-manga-award-61-002,shogakukan-manga-award-61,unresolved,,,
shogakukan-manga-award-61-003,shogakukan-manga-award-61,duplicate,candidate-62fbc6b2253b895e3a66,work-62fbc6b2253b895e3a66,mapping-ee805d68eb8ae3b67db3
shogakukan-manga-award-61-004,shogakukan-manga-award-61,duplicate,candidate-a7a1e0666169f1b2e8c0,work-a7a1e0666169f1b2e8c0,mapping-a6b3ec4688e7310d3b53
shogakukan-manga-award-61-005,shogakukan-manga-award-61,duplicate,candidate-23077ad33a2066bef5a6,work-23077ad33a2066bef5a6,mapping-8012d40639d3ad3c1557
shogakukan-manga-award-62-001,shogakukan-manga-award-62,unresolved,,,
shogakukan-manga-award-62-002,shogakukan-manga-award-62,duplicate,candidate-1563438b7ccf15a48ffe,mob-psycho-100,mapping-6cbe43440c0966b8383e
shogakukan-manga-award-62-003,shogakukan-manga-award-62,included,candidate-1237a0e89a427c736fac,work-1237a0e89a427c736fac,mapping-bb3620021dbd0580c2f9
shogakukan-manga-award-62-004,shogakukan-manga-award-62,duplicate,candidate-7b1d0ad37dd2fb2a8045,blue-giant,mapping-190d19360e7ba2a44f56
shogakukan-manga-award-62-005,shogakukan-manga-award-62,duplicate,candidate-90e7fb3bdbfb6d3ebab2,work-90e7fb3bdbfb6d3ebab2,mapping-66de2a048cec2db89a7f
shogakukan-manga-award-62-006,shogakukan-manga-award-62,unresolved,,,
shogakukan-manga-award-63-001,shogakukan-manga-award-63,included,candidate-3278e6baf1b041f07a47,work-3278e6baf1b041f07a47,mapping-4fa1a6e3c2a7f23f894c
shogakukan-manga-award-63-002,shogakukan-manga-award-63,duplicate,candidate-643cd4bcff411fdc670a,promised-neverland,mapping-56a96fd6dfa52ef280b1
shogakukan-manga-award-63-003,shogakukan-manga-award-63,duplicate,candidate-7f0f63c5d80083f2be7f,work-7f0f63c5d80083f2be7f,mapping-d0e7678a59323fe60896
shogakukan-manga-award-63-004,shogakukan-manga-award-63,included,candidate-be770c8b3ea29cdbf874,work-be770c8b3ea29cdbf874,mapping-c27d90533e71d878a1de
shogakukan-manga-award-63-005,shogakukan-manga-award-63,duplicate,candidate-8716f80d9b988bd0d055,work-8716f80d9b988bd0d055,mapping-743c7ea6238122fc3d3b
shogakukan-manga-award-64-001,shogakukan-manga-award-64,included,candidate-70d0fe9965dc9cb5e5c6,work-70d0fe9965dc9cb5e5c6,mapping-5b2c9721fb7cdc866df1
shogakukan-manga-award-64-002,shogakukan-manga-award-64,duplicate,candidate-41c84778af2d8cd376f2,dr-stone,mapping-79752d1b3da828ce9852
shogakukan-manga-award-64-003,shogakukan-manga-award-64,included,candidate-5d60aac40d8bd36bb83f,work-5d60aac40d8bd36bb83f,mapping-87c57c839887c9813d1e
shogakukan-manga-award-64-004,shogakukan-manga-award-64,included,candidate-6420394c30e480d4e3e0,work-6420394c30e480d4e3e0,mapping-2dffb2d403924d09f50c
shogakukan-manga-award-64-005,shogakukan-manga-award-64,duplicate,candidate-61a5fe43e48685c3fcf5,work-61a5fe43e48685c3fcf5,mapping-5779f207d78e06695cc0
shogakukan-manga-award-65-001,shogakukan-manga-award-65,included,candidate-3c836bbd37acf921ed12,work-3c836bbd37acf921ed12,mapping-9b9baff10141aae3d6af
shogakukan-manga-award-65-002,shogakukan-manga-award-65,duplicate,candidate-4da37cd884e6077f2072,work-4da37cd884e6077f2072,mapping-79a05f016a8e9f0d9999
shogakukan-manga-award-65-003,shogakukan-manga-award-65,duplicate,candidate-daf65c6f2cce3e076dfa,work-daf65c6f2cce3e076dfa,mapping-d986bd9a69a94d6d70de
shogakukan-manga-award-65-004,shogakukan-manga-award-65,unresolved,,,
shogakukan-manga-award-65-005,shogakukan-manga-award-65,unresolved,,,
shogakukan-manga-award-65-006,shogakukan-manga-award-65,unresolved,,,
shogakukan-manga-award-65-007,shogakukan-manga-award-65,included,candidate-b8f6b96bf69d3054f73d,work-b8f6b96bf69d3054f73d,mapping-08863db059725672676f
shogakukan-manga-award-66-001,shogakukan-manga-award-66,unresolved,,,
shogakukan-manga-award-66-002,shogakukan-manga-award-66,included,candidate-9a375ef7844b5d6e69af,work-9a375ef7844b5d6e69af,mapping-f0dc020c14ccec55b8c0
shogakukan-manga-award-66-003,shogakukan-manga-award-66,duplicate,candidate-174e7603bb0e71bb62ab,work-174e7603bb0e71bb62ab,mapping-a49e076a384a540b8b00
shogakukan-manga-award-66-004,shogakukan-manga-award-66,duplicate,candidate-9ad564d206d2c1a6c4ef,chainsaw-man,mapping-76993bcd41a6573b8d11
shogakukan-manga-award-66-005,shogakukan-manga-award-66,included,candidate-f148f0c5d7cf61a97c73,work-f148f0c5d7cf61a97c73,mapping-215f3318800eda4f38bb
shogakukan-manga-award-66-006,shogakukan-manga-award-66,duplicate,candidate-f31a42ea4ad724acefa5,work-f31a42ea4ad724acefa5,mapping-82df7eb7768e2787dc4e
shogakukan-manga-award-66-007,shogakukan-manga-award-66,unresolved,,,
shogakukan-manga-award-67-001,shogakukan-manga-award-67,duplicate,candidate-98626de1d3e25186d1bb,work-98626de1d3e25186d1bb,mapping-a77351a169e36fa37d1e
shogakukan-manga-award-67-002,shogakukan-manga-award-67,included,candidate-e2d431f732c0714c090b,work-e2d431f732c0714c090b,mapping-4410f31252e036a678ce
shogakukan-manga-award-67-003,shogakukan-manga-award-67,unresolved,,,
shogakukan-manga-award-67-004,shogakukan-manga-award-67,duplicate,candidate-55d2c61694878eb046d5,mystery-to-iu-nakare,mapping-b435c60425d1fb351821
shogakukan-manga-award-68-001,shogakukan-manga-award-68,included,candidate-2f96453b568685326a51,work-2f96453b568685326a51,mapping-5c4bed32a724b219671a
shogakukan-manga-award-68-002,shogakukan-manga-award-68,duplicate,candidate-9036a98c069b5ef8cd54,work-9036a98c069b5ef8cd54,mapping-65a351092988da2464f0
shogakukan-manga-award-68-003,shogakukan-manga-award-68,included,candidate-f24f4ffab61f77de3ae3,work-f24f4ffab61f77de3ae3,mapping-59872462fe4baed3a69f
shogakukan-manga-award-68-004,shogakukan-manga-award-68,included,candidate-42738b05ed35f25c491f,work-42738b05ed35f25c491f,mapping-dcda9626884efc558869
shogakukan-manga-award-68-005,shogakukan-manga-award-68,duplicate,candidate-bd651877af1038890ba4,medalist,mapping-364b9614015ab3c9d3eb
shogakukan-manga-award-69-001,shogakukan-manga-award-69,duplicate,candidate-ab586cc8c5de02fad336,frieren,mapping-fd4f497ffdd92d1a3536
shogakukan-manga-award-69-002,shogakukan-manga-award-69,duplicate,candidate-db80d94709b62aa8823f,work-db80d94709b62aa8823f,mapping-e33bd407e1b060f47ee7
shogakukan-manga-award-69-003,shogakukan-manga-award-69,included,candidate-4ccde2fa2f805de60def,work-4ccde2fa2f805de60def,mapping-935ac125fc1441ca4780
shogakukan-manga-award-69-004,shogakukan-manga-award-69,duplicate,candidate-e906b3eaa9ef9eafe23c,work-e906b3eaa9ef9eafe23c,mapping-3208f8c54b2a97a47734
shogakukan-manga-award-70-001,shogakukan-manga-award-70,duplicate,candidate-e049c9aaf92ba31da8b0,work-e049c9aaf92ba31da8b0,mapping-5dc8870ac340bc240556
shogakukan-manga-award-70-002,shogakukan-manga-award-70,included,candidate-38d0a8cfc133863a1ee0,work-38d0a8cfc133863a1ee0,mapping-79dadeedf926a6fed397
shogakukan-manga-award-70-003,shogakukan-manga-award-70,duplicate,candidate-ccbb3649a83639ac4da6,work-ccbb3649a83639ac4da6,mapping-98436ac0047723a13c3f
shogakukan-manga-award-70-004,shogakukan-manga-award-70,included,candidate-fd47a8534bdee3a0181e,work-fd47a8534bdee3a0181e,mapping-ab8313560912bc9ec8a5
shogakukan-manga-award-71-001,shogakukan-manga-award-71,duplicate,candidate-7926c93b4fef38dd0704,work-7926c93b4fef38dd0704,mapping-cef97b8d0fe850c2e208
shogakukan-manga-award-71-002,shogakukan-manga-award-71,duplicate,candidate-064c0062e7a8e29cfbed,work-064c0062e7a8e29cfbed,mapping-20d7127d0cfc7e35470a
shogakukan-manga-award-71-003,shogakukan-manga-award-71,duplicate,candidate-cdf549d4b1888153e146,work-cdf549d4b1888153e146,mapping-9fa8e89cd40c59e07e9f
shogakukan-manga-award-71-004,shogakukan-manga-award-71,included,candidate-7d4713147b1de577d668,work-7d4713147b1de577d668,mapping-3a6646e2097e216075ac
shogakukan-manga-award-71-005,shogakukan-manga-award-71,duplicate,candidate-88cb26a0229ad7b83263,work-88cb26a0229ad7b83263,mapping-ccdc6140443b4a7fb3d8
