workId,axisId,state,value,confidence,authorityClass,sourceType,sourceUrl,edition,scopeMapping,pageOrTimeRefs,sampleCount,contexts,observation,limitation,reviewStatus
fruits-basket,artRealism,known,1,0.86,publisherAuthorizedPlatform,manual,https://bookwalker.jp/de50cbd88f-80f8-447d-a968-2f7da4b1f0f9/?sample=1,standard Japanese Volume 1; ISBN 9784592171614,The observed official or licensed Japanese Volume 1 interior is within original volumes 1-3 and maps directly to entry_1_3_volumes.,BOOK WALKER reader page 5/50; BOOK WALKER reader page 9/50; BOOK WALKER reader page 13/50; BOOK WALKER reader page 17/50; BOOK WALKER reader page 21/50; BOOK WALKER reader page 25/50,6,family home and tent exterior; school corridor and classroom; forest night conversation,Strong stylization and simplified proportions dominate while actions remain readable.,At least six distinct official or licensed interior pages across at least two contexts were inspected; cover art and lettering were excluded; panel approval remains pending.,modelObservedPendingPanel
fruits-basket,artDensity,known,2,0.86,publisherAuthorizedPlatform,manual,https://bookwalker.jp/de50cbd88f-80f8-447d-a968-2f7da4b1f0f9/?sample=1,standard Japanese Volume 1; ISBN 9784592171614,The observed official or licensed Japanese Volume 1 interior is within original volumes 1-3 and maps directly to entry_1_3_volumes.,BOOK WALKER reader page 5/50; BOOK WALKER reader page 9/50; BOOK WALKER reader page 13/50; BOOK WALKER reader page 17/50; BOOK WALKER reader page 21/50; BOOK WALKER reader page 25/50,6,family home and tent exterior; school corridor and classroom; forest night conversation,Readable setting detail and white space are balanced across the cited pages; lettering was excluded.,At least six distinct official or licensed interior pages across at least two contexts were inspected; cover art and lettering were excluded; panel approval remains pending.,modelObservedPendingPanel
fruits-basket,visualSoftness,known,4,0.86,publisherAuthorizedPlatform,manual,https://bookwalker.jp/de50cbd88f-80f8-447d-a968-2f7da4b1f0f9/?sample=1,standard Japanese Volume 1; ISBN 9784592171614,The observed official or licensed Japanese Volume 1 interior is within original volumes 1-3 and maps directly to entry_1_3_volumes.,BOOK WALKER reader page 5/50; BOOK WALKER reader page 9/50; BOOK WALKER reader page 13/50; BOOK WALKER reader page 17/50; BOOK WALKER reader page 21/50; BOOK WALKER reader page 25/50,6,family home and tent exterior; school corridor and classroom; forest night conversation,"Highly rounded forms, delicate linework, and airy tonal treatment create a very soft presentation.",At least six distinct official or licensed interior pages across at least two contexts were inspected; cover art and lettering were excluded; panel approval remains pending.,modelObservedPendingPanel
fruits-basket,motionImpact,unknown,,,publisherAuthorizedPlatform,manual,https://bookwalker.jp/de50cbd88f-80f8-447d-a968-2f7da4b1f0f9/?sample=1,standard Japanese Volume 1; ISBN 9784592171614,The observed official or licensed Japanese Volume 1 interior is within original volumes 1-3 and maps directly to entry_1_3_volumes.,BOOK WALKER reader page 5/50; BOOK WALKER reader page 9/50; BOOK WALKER reader page 13/50; BOOK WALKER reader page 17/50; BOOK WALKER reader page 21/50; BOOK WALKER reader page 25/50,6,family home and tent exterior; school corridor and classroom; forest night conversation,The cited sample does not establish a sufficiently representative continuous physical-action sequence.,The inspected sample did not establish a representative continuous physical-action sequence across entry_1_3_volumes; no 0-4 value is assigned.,modelObservedPendingPanel
inuyasha,artRealism,known,2,0.86,originalPublisher,publisher,https://shogakukan-comic.jp/viewer-open?jdcn=091252010000d0000000&u1=https%3A%2F%2Fshogakukan-comic.jp%2Fbook%3Fjdcn%3D091252010000d0000000,standard Japanese Volume 1; ISBN 9784091252012,The observed official or licensed Japanese Volume 1 interior is within original volumes 1-3 and maps directly to entry_1_3_volumes.,printed page 26; printed page 27; printed page 28; printed page 29; printed page 30; printed page 31; printed page 32; printed page 33; printed page 34; printed page 35; printed page 36,11,village and shrine conversation; forest centipede attack; tree-bound awakening,Conventional manga stylization and functional anatomy recur across the cited pages.,At least six distinct official or licensed interior pages across at least two contexts were inspected; cover art and lettering were excluded; panel approval remains pending.,modelObservedPendingPanel
inuyasha,artDensity,known,3,0.86,originalPublisher,publisher,https://shogakukan-comic.jp/viewer-open?jdcn=091252010000d0000000&u1=https%3A%2F%2Fshogakukan-comic.jp%2Fbook%3Fjdcn%3D091252010000d0000000,standard Japanese Volume 1; ISBN 9784091252012,The observed official or licensed Japanese Volume 1 interior is within original volumes 1-3 and maps directly to entry_1_3_volumes.,printed page 26; printed page 27; printed page 28; printed page 29; printed page 30; printed page 31; printed page 32; printed page 33; printed page 34; printed page 35; printed page 36,11,village and shrine conversation; forest centipede attack; tree-bound awakening,"Layered backgrounds, tones, and object detail produce above-balanced density; lettering was excluded.",At least six distinct official or licensed interior pages across at least two contexts were inspected; cover art and lettering were excluded; panel approval remains pending.,modelObservedPendingPanel
inuyasha,visualSoftness,known,2,0.86,originalPublisher,publisher,https://shogakukan-comic.jp/viewer-open?jdcn=091252010000d0000000&u1=https%3A%2F%2Fshogakukan-comic.jp%2Fbook%3Fjdcn%3D091252010000d0000000,standard Japanese Volume 1; ISBN 9784091252012,The observed official or licensed Japanese Volume 1 interior is within original volumes 1-3 and maps directly to entry_1_3_volumes.,printed page 26; printed page 27; printed page 28; printed page 29; printed page 30; printed page 31; printed page 32; printed page 33; printed page 34; printed page 35; printed page 36,11,village and shrine conversation; forest centipede attack; tree-bound awakening,"Rounded and angular forms remain balanced, producing a neutral visual softness.",At least six distinct official or licensed interior pages across at least two contexts were inspected; cover art and lettering were excluded; panel approval remains pending.,modelObservedPendingPanel
inuyasha,motionImpact,known,4,0.84,originalPublisher,publisher,https://shogakukan-comic.jp/viewer-open?jdcn=091252010000d0000000&u1=https%3A%2F%2Fshogakukan-comic.jp%2Fbook%3Fjdcn%3D091252010000d0000000,standard Japanese Volume 1; ISBN 9784091252012,The observed official or licensed Japanese Volume 1 interior is within original volumes 1-3 and maps directly to entry_1_3_volumes.,printed pages 31-36,6,village and shrine conversation; forest centipede attack; tree-bound awakening,"A directly observed continuous action sequence uses strong speed lines, abrupt framing, and high-impact body movement.",The cited continuous numbered sequence was directly inspected; panel approval and broader entry-range review remain pending.,modelObservedPendingPanel
space-brothers,artRealism,known,3,0.86,originalPublisher,publisher,https://www.kodansha.co.jp/comic/products/0000013802/trial,standard Japanese Volume 1; ISBN 9784063726749,The observed official or licensed Japanese Volume 1 interior is within original volumes 1-3 and maps directly to entry_1_3_volumes.,Kodansha reader state after 2 left turns; Kodansha reader state after 4 left turns; Kodansha reader state after 6 left turns; Kodansha reader state after 8 left turns; Kodansha reader state after 10 left turns; Kodansha reader state after 12 left turns,6,childhood family and television; night field and UFO memory; adult design office and home,"Grounded anatomy, clothing, and settings outweigh comic deformation across the cited pages.",At least six distinct official or licensed interior pages across at least two contexts were inspected; cover art and lettering were excluded; panel approval remains pending.,modelObservedPendingPanel
space-brothers,artDensity,known,3,0.86,originalPublisher,publisher,https://www.kodansha.co.jp/comic/products/0000013802/trial,standard Japanese Volume 1; ISBN 9784063726749,The observed official or licensed Japanese Volume 1 interior is within original volumes 1-3 and maps directly to entry_1_3_volumes.,Kodansha reader state after 2 left turns; Kodansha reader state after 4 left turns; Kodansha reader state after 6 left turns; Kodansha reader state after 8 left turns; Kodansha reader state after 10 left turns; Kodansha reader state after 12 left turns,6,childhood family and television; night field and UFO memory; adult design office and home,"Layered backgrounds, tones, and object detail produce above-balanced density; lettering was excluded.",At least six distinct official or licensed interior pages across at least two contexts were inspected; cover art and lettering were excluded; panel approval remains pending.,modelObservedPendingPanel
space-brothers,visualSoftness,known,2,0.86,originalPublisher,publisher,https://www.kodansha.co.jp/comic/products/0000013802/trial,standard Japanese Volume 1; ISBN 9784063726749,The observed official or licensed Japanese Volume 1 interior is within original volumes 1-3 and maps directly to entry_1_3_volumes.,Kodansha reader state after 2 left turns; Kodansha reader state after 4 left turns; Kodansha reader state after 6 left turns; Kodansha reader state after 8 left turns; Kodansha reader state after 10 left turns; Kodansha reader state after 12 left turns,6,childhood family and television; night field and UFO memory; adult design office and home,"Rounded and angular forms remain balanced, producing a neutral visual softness.",At least six distinct official or licensed interior pages across at least two contexts were inspected; cover art and lettering were excluded; panel approval remains pending.,modelObservedPendingPanel
space-brothers,motionImpact,unknown,,,originalPublisher,publisher,https://www.kodansha.co.jp/comic/products/0000013802/trial,standard Japanese Volume 1; ISBN 9784063726749,The observed official or licensed Japanese Volume 1 interior is within original volumes 1-3 and maps directly to entry_1_3_volumes.,Kodansha reader state after 2 left turns; Kodansha reader state after 4 left turns; Kodansha reader state after 6 left turns; Kodansha reader state after 8 left turns; Kodansha reader state after 10 left turns; Kodansha reader state after 12 left turns,6,childhood family and television; night field and UFO memory; adult design office and home,The cited sample does not establish a sufficiently representative continuous physical-action sequence.,The inspected sample did not establish a representative continuous physical-action sequence across entry_1_3_volumes; no 0-4 value is assigned.,modelObservedPendingPanel
blue-giant,artRealism,known,3,0.86,originalPublisher,publisher,https://sc-portal.tameshiyo.me/9784091856784,standard Japanese Volume 1; ISBN 9784091856784,The observed official or licensed Japanese Volume 1 interior is within original volumes 1-3 and maps directly to entry_1_3_volumes.,viewer page 3/24; viewer page 4/24; viewer page 5/24; viewer page 6/24; viewer page 7/24; viewer page 8/24,6,riverside saxophone performance; school classroom and bicycle commute; gymnasium basketball,"Grounded anatomy, clothing, and settings outweigh comic deformation across the cited pages.",At least six distinct official or licensed interior pages across at least two contexts were inspected; cover art and lettering were excluded; panel approval remains pending.,modelObservedPendingPanel
blue-giant,artDensity,known,3,0.86,originalPublisher,publisher,https://sc-portal.tameshiyo.me/9784091856784,standard Japanese Volume 1; ISBN 9784091856784,The observed official or licensed Japanese Volume 1 interior is within original volumes 1-3 and maps directly to entry_1_3_volumes.,viewer page 3/24; viewer page 4/24; viewer page 5/24; viewer page 6/24; viewer page 7/24; viewer page 8/24,6,riverside saxophone performance; school classroom and bicycle commute; gymnasium basketball,"Layered backgrounds, tones, and object detail produce above-balanced density; lettering was excluded.",At least six distinct official or licensed interior pages across at least two contexts were inspected; cover art and lettering were excluded; panel approval remains pending.,modelObservedPendingPanel
blue-giant,visualSoftness,known,2,0.86,originalPublisher,publisher,https://sc-portal.tameshiyo.me/9784091856784,standard Japanese Volume 1; ISBN 9784091856784,The observed official or licensed Japanese Volume 1 interior is within original volumes 1-3 and maps directly to entry_1_3_volumes.,viewer page 3/24; viewer page 4/24; viewer page 5/24; viewer page 6/24; viewer page 7/24; viewer page 8/24,6,riverside saxophone performance; school classroom and bicycle commute; gymnasium basketball,"Rounded and angular forms remain balanced, producing a neutral visual softness.",At least six distinct official or licensed interior pages across at least two contexts were inspected; cover art and lettering were excluded; panel approval remains pending.,modelObservedPendingPanel
blue-giant,motionImpact,unknown,,,originalPublisher,publisher,https://sc-portal.tameshiyo.me/9784091856784,standard Japanese Volume 1; ISBN 9784091856784,The observed official or licensed Japanese Volume 1 interior is within original volumes 1-3 and maps directly to entry_1_3_volumes.,viewer page 3/24; viewer page 4/24; viewer page 5/24; viewer page 6/24; viewer page 7/24; viewer page 8/24,6,riverside saxophone performance; school classroom and bicycle commute; gymnasium basketball,The cited sample does not establish a sufficiently representative continuous physical-action sequence.,The inspected sample did not establish a representative continuous physical-action sequence across entry_1_3_volumes; no 0-4 value is assigned.,modelObservedPendingPanel
blue-period,artRealism,known,2,0.86,originalPublisher,publisher,https://www.kodansha.co.jp/comic/products/0000052420/trial,standard Japanese Volume 1; ISBN 9784065105863,The observed official or licensed Japanese Volume 1 interior is within original volumes 1-3 and maps directly to entry_1_3_volumes.,Kodansha reader state after 2 left turns; Kodansha reader state after 4 left turns; Kodansha reader state after 6 left turns; Kodansha reader state after 8 left turns; Kodansha reader state after 10 left turns; Kodansha reader state after 12 left turns,6,Shibuya street and restaurant; school classroom and corridor; fine-arts club painting,Conventional manga stylization and functional anatomy recur across the cited pages.,At least six distinct official or licensed interior pages across at least two contexts were inspected; cover art and lettering were excluded; panel approval remains pending.,modelObservedPendingPanel
blue-period,artDensity,known,3,0.86,originalPublisher,publisher,https://www.kodansha.co.jp/comic/products/0000052420/trial,standard Japanese Volume 1; ISBN 9784065105863,The observed official or licensed Japanese Volume 1 interior is within original volumes 1-3 and maps directly to entry_1_3_volumes.,Kodansha reader state after 2 left turns; Kodansha reader state after 4 left turns; Kodansha reader state after 6 left turns; Kodansha reader state after 8 left turns; Kodansha reader state after 10 left turns; Kodansha reader state after 12 left turns,6,Shibuya street and restaurant; school classroom and corridor; fine-arts club painting,"Layered backgrounds, tones, and object detail produce above-balanced density; lettering was excluded.",At least six distinct official or licensed interior pages across at least two contexts were inspected; cover art and lettering were excluded; panel approval remains pending.,modelObservedPendingPanel
blue-period,visualSoftness,known,3,0.86,originalPublisher,publisher,https://www.kodansha.co.jp/comic/products/0000052420/trial,standard Japanese Volume 1; ISBN 9784065105863,The observed official or licensed Japanese Volume 1 interior is within original volumes 1-3 and maps directly to entry_1_3_volumes.,Kodansha reader state after 2 left turns; Kodansha reader state after 4 left turns; Kodansha reader state after 6 left turns; Kodansha reader state after 8 left turns; Kodansha reader state after 10 left turns; Kodansha reader state after 12 left turns,6,Shibuya street and restaurant; school classroom and corridor; fine-arts club painting,"Gentle curves, clean tones, and restrained line weight create a soft presentation.",At least six distinct official or licensed interior pages across at least two contexts were inspected; cover art and lettering were excluded; panel approval remains pending.,modelObservedPendingPanel
blue-period,motionImpact,unknown,,,originalPublisher,publisher,https://www.kodansha.co.jp/comic/products/0000052420/trial,standard Japanese Volume 1; ISBN 9784065105863,The observed official or licensed Japanese Volume 1 interior is within original volumes 1-3 and maps directly to entry_1_3_volumes.,Kodansha reader state after 2 left turns; Kodansha reader state after 4 left turns; Kodansha reader state after 6 left turns; Kodansha reader state after 8 left turns; Kodansha reader state after 10 left turns; Kodansha reader state after 12 left turns,6,Shibuya street and restaurant; school classroom and corridor; fine-arts club painting,The cited sample does not establish a sufficiently representative continuous physical-action sequence.,The inspected sample did not establish a representative continuous physical-action sequence across entry_1_3_volumes; no 0-4 value is assigned.,modelObservedPendingPanel
the-apothecary-diaries,artRealism,known,2,0.86,originalPublisher,publisher,https://magazine.jp.square-enix.com/biggangan/tachiyomi/kusuriya_01/,standard Japanese Volume 1; ISBN 9784757554894,The observed official or licensed Japanese Volume 1 interior is within original volumes 1-3 and maps directly to entry_1_3_volumes.,Square Enix reader state after 2 left turns; Square Enix reader state after 4 left turns; Square Enix reader state after 6 left turns; Square Enix reader state after 8 left turns; Square Enix reader state after 10 left turns; Square Enix reader state after 12 left turns; Square Enix reader state after 14 left turns; Square Enix reader state after 16 left turns,8,palace grounds and abduction memory; servants quarters and medical observation; court corridor and official summons,Conventional manga stylization and functional anatomy recur across the cited pages.,At least six distinct official or licensed interior pages across at least two contexts were inspected; cover art and lettering were excluded; panel approval remains pending.,modelObservedPendingPanel
the-apothecary-diaries,artDensity,known,3,0.86,originalPublisher,publisher,https://magazine.jp.square-enix.com/biggangan/tachiyomi/kusuriya_01/,standard Japanese Volume 1; ISBN 9784757554894,The observed official or licensed Japanese Volume 1 interior is within original volumes 1-3 and maps directly to entry_1_3_volumes.,Square Enix reader state after 2 left turns; Square Enix reader state after 4 left turns; Square Enix reader state after 6 left turns; Square Enix reader state after 8 left turns; Square Enix reader state after 10 left turns; Square Enix reader state after 12 left turns; Square Enix reader state after 14 left turns; Square Enix reader state after 16 left turns,8,palace grounds and abduction memory; servants quarters and medical observation; court corridor and official summons,"Layered backgrounds, tones, and object detail produce above-balanced density; lettering was excluded.",At least six distinct official or licensed interior pages across at least two contexts were inspected; cover art and lettering were excluded; panel approval remains pending.,modelObservedPendingPanel
the-apothecary-diaries,visualSoftness,known,2,0.86,originalPublisher,publisher,https://magazine.jp.square-enix.com/biggangan/tachiyomi/kusuriya_01/,standard Japanese Volume 1; ISBN 9784757554894,The observed official or licensed Japanese Volume 1 interior is within original volumes 1-3 and maps directly to entry_1_3_volumes.,Square Enix reader state after 2 left turns; Square Enix reader state after 4 left turns; Square Enix reader state after 6 left turns; Square Enix reader state after 8 left turns; Square Enix reader state after 10 left turns; Square Enix reader state after 12 left turns; Square Enix reader state after 14 left turns; Square Enix reader state after 16 left turns,8,palace grounds and abduction memory; servants quarters and medical observation; court corridor and official summons,"Rounded and angular forms remain balanced, producing a neutral visual softness.",At least six distinct official or licensed interior pages across at least two contexts were inspected; cover art and lettering were excluded; panel approval remains pending.,modelObservedPendingPanel
the-apothecary-diaries,motionImpact,unknown,,,originalPublisher,publisher,https://magazine.jp.square-enix.com/biggangan/tachiyomi/kusuriya_01/,standard Japanese Volume 1; ISBN 9784757554894,The observed official or licensed Japanese Volume 1 interior is within original volumes 1-3 and maps directly to entry_1_3_volumes.,Square Enix reader state after 2 left turns; Square Enix reader state after 4 left turns; Square Enix reader state after 6 left turns; Square Enix reader state after 8 left turns; Square Enix reader state after 10 left turns; Square Enix reader state after 12 left turns; Square Enix reader state after 14 left turns; Square Enix reader state after 16 left turns,8,palace grounds and abduction memory; servants quarters and medical observation; court corridor and official summons,The cited sample does not establish a sufficiently representative continuous physical-action sequence.,The inspected sample did not establish a representative continuous physical-action sequence across entry_1_3_volumes; no 0-4 value is assigned.,modelObservedPendingPanel
dorohedoro,artRealism,known,2,0.86,originalPublisher,publisher,https://e-comi.shogakukan.co.jp/viewer/open?jdcn=091882710000d0000000,standard Japanese Volume 1; ISBN 9784091882714,The observed official or licensed Japanese Volume 1 interior is within original volumes 1-3 and maps directly to entry_1_3_volumes.,e-comi reader state after 6 left turns; e-comi reader state after 8 left turns; e-comi reader state after 10 left turns; e-comi reader state after 12 left turns; e-comi reader state after 14 left turns; e-comi reader state after 16 left turns,6,industrial ruin confrontation; masked combat and magic attack; monster aftermath,Conventional manga stylization and functional anatomy recur across the cited pages.,At least six distinct official or licensed interior pages across at least two contexts were inspected; cover art and lettering were excluded; panel approval remains pending.,modelObservedPendingPanel
dorohedoro,artDensity,known,4,0.86,originalPublisher,publisher,https://e-comi.shogakukan.co.jp/viewer/open?jdcn=091882710000d0000000,standard Japanese Volume 1; ISBN 9784091882714,The observed official or licensed Japanese Volume 1 interior is within original volumes 1-3 and maps directly to entry_1_3_volumes.,e-comi reader state after 6 left turns; e-comi reader state after 8 left turns; e-comi reader state after 10 left turns; e-comi reader state after 12 left turns; e-comi reader state after 14 left turns; e-comi reader state after 16 left turns,6,industrial ruin confrontation; masked combat and magic attack; monster aftermath,"Dense linework, textures, architecture, and environmental information dominate; lettering was excluded.",At least six distinct official or licensed interior pages across at least two contexts were inspected; cover art and lettering were excluded; panel approval remains pending.,modelObservedPendingPanel
dorohedoro,visualSoftness,known,0,0.86,originalPublisher,publisher,https://e-comi.shogakukan.co.jp/viewer/open?jdcn=091882710000d0000000,standard Japanese Volume 1; ISBN 9784091882714,The observed official or licensed Japanese Volume 1 interior is within original volumes 1-3 and maps directly to entry_1_3_volumes.,e-comi reader state after 6 left turns; e-comi reader state after 8 left turns; e-comi reader state after 10 left turns; e-comi reader state after 12 left turns; e-comi reader state after 14 left turns; e-comi reader state after 16 left turns,6,industrial ruin confrontation; masked combat and magic attack; monster aftermath,"Rough, angular lines and hard contrast create a consistently severe presentation.",At least six distinct official or licensed interior pages across at least two contexts were inspected; cover art and lettering were excluded; panel approval remains pending.,modelObservedPendingPanel
dorohedoro,motionImpact,unknown,,,originalPublisher,publisher,https://e-comi.shogakukan.co.jp/viewer/open?jdcn=091882710000d0000000,standard Japanese Volume 1; ISBN 9784091882714,The observed official or licensed Japanese Volume 1 interior is within original volumes 1-3 and maps directly to entry_1_3_volumes.,e-comi reader state after 6 left turns; e-comi reader state after 8 left turns; e-comi reader state after 10 left turns; e-comi reader state after 12 left turns; e-comi reader state after 14 left turns; e-comi reader state after 16 left turns,6,industrial ruin confrontation; masked combat and magic attack; monster aftermath,The cited sample does not establish a sufficiently representative continuous physical-action sequence.,The inspected sample did not establish a representative continuous physical-action sequence across entry_1_3_volumes; no 0-4 value is assigned.,modelObservedPendingPanel
sweat-and-soap,artRealism,known,2,0.86,originalPublisher,publisher,https://www.kodansha.co.jp/comic/products/0000314272/trial,standard Japanese Volume 1; ISBN 9784065133422,The observed official or licensed Japanese Volume 1 interior is within original volumes 1-3 and maps directly to entry_1_3_volumes.,Kodansha reader state after 14 left turns; Kodansha reader state after 16 left turns; Kodansha reader state after 18 left turns; Kodansha reader state after 20 left turns; Kodansha reader state after 22 left turns; Kodansha reader state after 24 left turns; Kodansha reader state after 26 left turns; Kodansha reader state after 28 left turns,8,office corridor introduction; restaurant product discussion; company entrance and outdoor walk,Conventional manga stylization and functional anatomy recur across the cited pages.,At least six distinct official or licensed interior pages across at least two contexts were inspected; cover art and lettering were excluded; panel approval remains pending.,modelObservedPendingPanel
sweat-and-soap,artDensity,known,2,0.86,originalPublisher,publisher,https://www.kodansha.co.jp/comic/products/0000314272/trial,standard Japanese Volume 1; ISBN 9784065133422,The observed official or licensed Japanese Volume 1 interior is within original volumes 1-3 and maps directly to entry_1_3_volumes.,Kodansha reader state after 14 left turns; Kodansha reader state after 16 left turns; Kodansha reader state after 18 left turns; Kodansha reader state after 20 left turns; Kodansha reader state after 22 left turns; Kodansha reader state after 24 left turns; Kodansha reader state after 26 left turns; Kodansha reader state after 28 left turns,8,office corridor introduction; restaurant product discussion; company entrance and outdoor walk,Readable setting detail and white space are balanced across the cited pages; lettering was excluded.,At least six distinct official or licensed interior pages across at least two contexts were inspected; cover art and lettering were excluded; panel approval remains pending.,modelObservedPendingPanel
sweat-and-soap,visualSoftness,known,3,0.86,originalPublisher,publisher,https://www.kodansha.co.jp/comic/products/0000314272/trial,standard Japanese Volume 1; ISBN 9784065133422,The observed official or licensed Japanese Volume 1 interior is within original volumes 1-3 and maps directly to entry_1_3_volumes.,Kodansha reader state after 14 left turns; Kodansha reader state after 16 left turns; Kodansha reader state after 18 left turns; Kodansha reader state after 20 left turns; Kodansha reader state after 22 left turns; Kodansha reader state after 24 left turns; Kodansha reader state after 26 left turns; Kodansha reader state after 28 left turns,8,office corridor introduction; restaurant product discussion; company entrance and outdoor walk,"Gentle curves, clean tones, and restrained line weight create a soft presentation.",At least six distinct official or licensed interior pages across at least two contexts were inspected; cover art and lettering were excluded; panel approval remains pending.,modelObservedPendingPanel
sweat-and-soap,motionImpact,unknown,,,originalPublisher,publisher,https://www.kodansha.co.jp/comic/products/0000314272/trial,standard Japanese Volume 1; ISBN 9784065133422,The observed official or licensed Japanese Volume 1 interior is within original volumes 1-3 and maps directly to entry_1_3_volumes.,Kodansha reader state after 14 left turns; Kodansha reader state after 16 left turns; Kodansha reader state after 18 left turns; Kodansha reader state after 20 left turns; Kodansha reader state after 22 left turns; Kodansha reader state after 24 left turns; Kodansha reader state after 26 left turns; Kodansha reader state after 28 left turns,8,office corridor introduction; restaurant product discussion; company entrance and outdoor walk,The cited sample does not establish a sufficiently representative continuous physical-action sequence.,The inspected sample did not establish a representative continuous physical-action sequence across entry_1_3_volumes; no 0-4 value is assigned.,modelObservedPendingPanel
a-condition-called-love,artRealism,known,1,0.86,originalPublisher,publisher,https://www.kodansha.co.jp/comic/products/0000116236/trial,standard Japanese Volume 1; ISBN 9784065114698,The observed official or licensed Japanese Volume 1 interior is within original volumes 1-3 and maps directly to entry_1_3_volumes.,Kodansha reader state after 14 left turns; Kodansha reader state after 16 left turns; Kodansha reader state after 18 left turns; Kodansha reader state after 20 left turns; Kodansha reader state after 22 left turns; Kodansha reader state after 24 left turns; Kodansha reader state after 26 left turns; Kodansha reader state after 28 left turns,8,school entrance and classroom; clinic waiting area; snowy street and restaurant,Strong stylization and simplified proportions dominate while actions remain readable.,At least six distinct official or licensed interior pages across at least two contexts were inspected; cover art and lettering were excluded; panel approval remains pending.,modelObservedPendingPanel
a-condition-called-love,artDensity,known,2,0.86,originalPublisher,publisher,https://www.kodansha.co.jp/comic/products/0000116236/trial,standard Japanese Volume 1; ISBN 9784065114698,The observed official or licensed Japanese Volume 1 interior is within original volumes 1-3 and maps directly to entry_1_3_volumes.,Kodansha reader state after 14 left turns; Kodansha reader state after 16 left turns; Kodansha reader state after 18 left turns; Kodansha reader state after 20 left turns; Kodansha reader state after 22 left turns; Kodansha reader state after 24 left turns; Kodansha reader state after 26 left turns; Kodansha reader state after 28 left turns,8,school entrance and classroom; clinic waiting area; snowy street and restaurant,Readable setting detail and white space are balanced across the cited pages; lettering was excluded.,At least six distinct official or licensed interior pages across at least two contexts were inspected; cover art and lettering were excluded; panel approval remains pending.,modelObservedPendingPanel
a-condition-called-love,visualSoftness,known,4,0.86,originalPublisher,publisher,https://www.kodansha.co.jp/comic/products/0000116236/trial,standard Japanese Volume 1; ISBN 9784065114698,The observed official or licensed Japanese Volume 1 interior is within original volumes 1-3 and maps directly to entry_1_3_volumes.,Kodansha reader state after 14 left turns; Kodansha reader state after 16 left turns; Kodansha reader state after 18 left turns; Kodansha reader state after 20 left turns; Kodansha reader state after 22 left turns; Kodansha reader state after 24 left turns; Kodansha reader state after 26 left turns; Kodansha reader state after 28 left turns,8,school entrance and classroom; clinic waiting area; snowy street and restaurant,"Highly rounded forms, delicate linework, and airy tonal treatment create a very soft presentation.",At least six distinct official or licensed interior pages across at least two contexts were inspected; cover art and lettering were excluded; panel approval remains pending.,modelObservedPendingPanel
a-condition-called-love,motionImpact,unknown,,,originalPublisher,publisher,https://www.kodansha.co.jp/comic/products/0000116236/trial,standard Japanese Volume 1; ISBN 9784065114698,The observed official or licensed Japanese Volume 1 interior is within original volumes 1-3 and maps directly to entry_1_3_volumes.,Kodansha reader state after 14 left turns; Kodansha reader state after 16 left turns; Kodansha reader state after 18 left turns; Kodansha reader state after 20 left turns; Kodansha reader state after 22 left turns; Kodansha reader state after 24 left turns; Kodansha reader state after 26 left turns; Kodansha reader state after 28 left turns,8,school entrance and classroom; clinic waiting area; snowy street and restaurant,The cited sample does not establish a sufficiently representative continuous physical-action sequence.,The inspected sample did not establish a representative continuous physical-action sequence across entry_1_3_volumes; no 0-4 value is assigned.,modelObservedPendingPanel
she-loves-to-cook-and-she-loves-to-eat,artRealism,known,2,0.86,originalPublisher,publisher,https://comic-walker.com/detail/KC_002798_S/episodes/KC_0027980000100011_E?episodeType=first,standard Japanese Volume 1; ISBN 9784049136517,The observed official or licensed Japanese Volume 1 interior is within original volumes 1-3 and maps directly to entry_1_3_volumes.,KadoComi reader turn 2; KadoComi reader turn 3; KadoComi reader turn 4; KadoComi reader turn 5; KadoComi reader turn 6; KadoComi reader turn 7; KadoComi reader turn 8,7,home cooking and meal photography; apartment corridor encounter; neighbor meal invitation,Conventional manga stylization and functional anatomy recur across the cited pages.,At least six distinct official or licensed interior pages across at least two contexts were inspected; cover art and lettering were excluded; panel approval remains pending.,modelObservedPendingPanel
she-loves-to-cook-and-she-loves-to-eat,artDensity,known,2,0.86,originalPublisher,publisher,https://comic-walker.com/detail/KC_002798_S/episodes/KC_0027980000100011_E?episodeType=first,standard Japanese Volume 1; ISBN 9784049136517,The observed official or licensed Japanese Volume 1 interior is within original volumes 1-3 and maps directly to entry_1_3_volumes.,KadoComi reader turn 2; KadoComi reader turn 3; KadoComi reader turn 4; KadoComi reader turn 5; KadoComi reader turn 6; KadoComi reader turn 7; KadoComi reader turn 8,7,home cooking and meal photography; apartment corridor encounter; neighbor meal invitation,Readable setting detail and white space are balanced across the cited pages; lettering was excluded.,At least six distinct official or licensed interior pages across at least two contexts were inspected; cover art and lettering were excluded; panel approval remains pending.,modelObservedPendingPanel
she-loves-to-cook-and-she-loves-to-eat,visualSoftness,known,3,0.86,originalPublisher,publisher,https://comic-walker.com/detail/KC_002798_S/episodes/KC_0027980000100011_E?episodeType=first,standard Japanese Volume 1; ISBN 9784049136517,The observed official or licensed Japanese Volume 1 interior is within original volumes 1-3 and maps directly to entry_1_3_volumes.,KadoComi reader turn 2; KadoComi reader turn 3; KadoComi reader turn 4; KadoComi reader turn 5; KadoComi reader turn 6; KadoComi reader turn 7; KadoComi reader turn 8,7,home cooking and meal photography; apartment corridor encounter; neighbor meal invitation,"Gentle curves, clean tones, and restrained line weight create a soft presentation.",At least six distinct official or licensed interior pages across at least two contexts were inspected; cover art and lettering were excluded; panel approval remains pending.,modelObservedPendingPanel
she-loves-to-cook-and-she-loves-to-eat,motionImpact,unknown,,,originalPublisher,publisher,https://comic-walker.com/detail/KC_002798_S/episodes/KC_0027980000100011_E?episodeType=first,standard Japanese Volume 1; ISBN 9784049136517,The observed official or licensed Japanese Volume 1 interior is within original volumes 1-3 and maps directly to entry_1_3_volumes.,KadoComi reader turn 2; KadoComi reader turn 3; KadoComi reader turn 4; KadoComi reader turn 5; KadoComi reader turn 6; KadoComi reader turn 7; KadoComi reader turn 8,7,home cooking and meal photography; apartment corridor encounter; neighbor meal invitation,The cited sample does not establish a sufficiently representative continuous physical-action sequence.,The inspected sample did not establish a representative continuous physical-action sequence across entry_1_3_volumes; no 0-4 value is assigned.,modelObservedPendingPanel
my-brothers-husband,artRealism,known,3,0.86,publisherAuthorizedPlatform,manual,https://bookwalker.jp/def8abc8fa-6d64-4eb6-abb1-6641fe747559/?sample=1,standard Japanese Volume 1; ISBN 9784575846256,The observed official or licensed Japanese Volume 1 interior is within original volumes 1-3 and maps directly to entry_1_3_volumes.,BOOK WALKER reader page 3/20; BOOK WALKER reader page 7/20; BOOK WALKER reader page 9/20; BOOK WALKER reader page 11/20; BOOK WALKER reader page 13/20; BOOK WALKER reader page 15/20; BOOK WALKER reader page 17/20,7,funeral and family memory; morning home and cooking; visitor arrival and embrace,"Grounded anatomy, clothing, and settings outweigh comic deformation across the cited pages.",At least six distinct official or licensed interior pages across at least two contexts were inspected; cover art and lettering were excluded; panel approval remains pending.,modelObservedPendingPanel
my-brothers-husband,artDensity,known,2,0.86,publisherAuthorizedPlatform,manual,https://bookwalker.jp/def8abc8fa-6d64-4eb6-abb1-6641fe747559/?sample=1,standard Japanese Volume 1; ISBN 9784575846256,The observed official or licensed Japanese Volume 1 interior is within original volumes 1-3 and maps directly to entry_1_3_volumes.,BOOK WALKER reader page 3/20; BOOK WALKER reader page 7/20; BOOK WALKER reader page 9/20; BOOK WALKER reader page 11/20; BOOK WALKER reader page 13/20; BOOK WALKER reader page 15/20; BOOK WALKER reader page 17/20,7,funeral and family memory; morning home and cooking; visitor arrival and embrace,Readable setting detail and white space are balanced across the cited pages; lettering was excluded.,At least six distinct official or licensed interior pages across at least two contexts were inspected; cover art and lettering were excluded; panel approval remains pending.,modelObservedPendingPanel
my-brothers-husband,visualSoftness,known,2,0.86,publisherAuthorizedPlatform,manual,https://bookwalker.jp/def8abc8fa-6d64-4eb6-abb1-6641fe747559/?sample=1,standard Japanese Volume 1; ISBN 9784575846256,The observed official or licensed Japanese Volume 1 interior is within original volumes 1-3 and maps directly to entry_1_3_volumes.,BOOK WALKER reader page 3/20; BOOK WALKER reader page 7/20; BOOK WALKER reader page 9/20; BOOK WALKER reader page 11/20; BOOK WALKER reader page 13/20; BOOK WALKER reader page 15/20; BOOK WALKER reader page 17/20,7,funeral and family memory; morning home and cooking; visitor arrival and embrace,"Rounded and angular forms remain balanced, producing a neutral visual softness.",At least six distinct official or licensed interior pages across at least two contexts were inspected; cover art and lettering were excluded; panel approval remains pending.,modelObservedPendingPanel
my-brothers-husband,motionImpact,unknown,,,publisherAuthorizedPlatform,manual,https://bookwalker.jp/def8abc8fa-6d64-4eb6-abb1-6641fe747559/?sample=1,standard Japanese Volume 1; ISBN 9784575846256,The observed official or licensed Japanese Volume 1 interior is within original volumes 1-3 and maps directly to entry_1_3_volumes.,BOOK WALKER reader page 3/20; BOOK WALKER reader page 7/20; BOOK WALKER reader page 9/20; BOOK WALKER reader page 11/20; BOOK WALKER reader page 13/20; BOOK WALKER reader page 15/20; BOOK WALKER reader page 17/20,7,funeral and family memory; morning home and cooking; visitor arrival and embrace,The cited sample does not establish a sufficiently representative continuous physical-action sequence.,The inspected sample did not establish a representative continuous physical-action sequence across entry_1_3_volumes; no 0-4 value is assigned.,modelObservedPendingPanel
our-dreams-at-dusk,artRealism,known,2,0.86,originalPublisher,publisher,https://e-comi.shogakukan.co.jp/viewer/open?jdcn=091874190000d0000000,standard Japanese Volume 1; ISBN 9784091874191,The observed official or licensed Japanese Volume 1 interior is within original volumes 1-3 and maps directly to entry_1_3_volumes.,e-comi reader state after 4 left turns; e-comi reader state after 8 left turns; e-comi reader state after 10 left turns; e-comi reader state after 12 left turns; e-comi reader state after 14 left turns; e-comi reader state after 16 left turns,6,school classroom isolation; coastal town and leap from window; old-house community room,Conventional manga stylization and functional anatomy recur across the cited pages.,At least six distinct official or licensed interior pages across at least two contexts were inspected; cover art and lettering were excluded; panel approval remains pending.,modelObservedPendingPanel
our-dreams-at-dusk,artDensity,known,2,0.86,originalPublisher,publisher,https://e-comi.shogakukan.co.jp/viewer/open?jdcn=091874190000d0000000,standard Japanese Volume 1; ISBN 9784091874191,The observed official or licensed Japanese Volume 1 interior is within original volumes 1-3 and maps directly to entry_1_3_volumes.,e-comi reader state after 4 left turns; e-comi reader state after 8 left turns; e-comi reader state after 10 left turns; e-comi reader state after 12 left turns; e-comi reader state after 14 left turns; e-comi reader state after 16 left turns,6,school classroom isolation; coastal town and leap from window; old-house community room,Readable setting detail and white space are balanced across the cited pages; lettering was excluded.,At least six distinct official or licensed interior pages across at least two contexts were inspected; cover art and lettering were excluded; panel approval remains pending.,modelObservedPendingPanel
our-dreams-at-dusk,visualSoftness,known,3,0.86,originalPublisher,publisher,https://e-comi.shogakukan.co.jp/viewer/open?jdcn=091874190000d0000000,standard Japanese Volume 1; ISBN 9784091874191,The observed official or licensed Japanese Volume 1 interior is within original volumes 1-3 and maps directly to entry_1_3_volumes.,e-comi reader state after 4 left turns; e-comi reader state after 8 left turns; e-comi reader state after 10 left turns; e-comi reader state after 12 left turns; e-comi reader state after 14 left turns; e-comi reader state after 16 left turns,6,school classroom isolation; coastal town and leap from window; old-house community room,"Gentle curves, clean tones, and restrained line weight create a soft presentation.",At least six distinct official or licensed interior pages across at least two contexts were inspected; cover art and lettering were excluded; panel approval remains pending.,modelObservedPendingPanel
our-dreams-at-dusk,motionImpact,unknown,,,originalPublisher,publisher,https://e-comi.shogakukan.co.jp/viewer/open?jdcn=091874190000d0000000,standard Japanese Volume 1; ISBN 9784091874191,The observed official or licensed Japanese Volume 1 interior is within original volumes 1-3 and maps directly to entry_1_3_volumes.,e-comi reader state after 4 left turns; e-comi reader state after 8 left turns; e-comi reader state after 10 left turns; e-comi reader state after 12 left turns; e-comi reader state after 14 left turns; e-comi reader state after 16 left turns,6,school classroom isolation; coastal town and leap from window; old-house community room,The cited sample does not establish a sufficiently representative continuous physical-action sequence.,The inspected sample did not establish a representative continuous physical-action sequence across entry_1_3_volumes; no 0-4 value is assigned.,modelObservedPendingPanel
nina-the-starry-bride,artRealism,known,1,0.86,originalPublisher,publisher,https://www.kodansha.co.jp/comic/products/0000337875/trial,standard Japanese Volume 1; ISBN 9784065187173,The observed official or licensed Japanese Volume 1 interior is within original volumes 1-3 and maps directly to entry_1_3_volumes.,Kodansha reader state after 14 left turns; Kodansha reader state after 16 left turns; Kodansha reader state after 18 left turns; Kodansha reader state after 20 left turns; Kodansha reader state after 22 left turns; Kodansha reader state after 24 left turns; Kodansha reader state after 26 left turns; Kodansha reader state after 28 left turns,8,slum home and siblings; fantasy city street; carriage attack and royal encounter,Strong stylization and simplified proportions dominate while actions remain readable.,At least six distinct official or licensed interior pages across at least two contexts were inspected; cover art and lettering were excluded; panel approval remains pending.,modelObservedPendingPanel
nina-the-starry-bride,artDensity,known,3,0.86,originalPublisher,publisher,https://www.kodansha.co.jp/comic/products/0000337875/trial,standard Japanese Volume 1; ISBN 9784065187173,The observed official or licensed Japanese Volume 1 interior is within original volumes 1-3 and maps directly to entry_1_3_volumes.,Kodansha reader state after 14 left turns; Kodansha reader state after 16 left turns; Kodansha reader state after 18 left turns; Kodansha reader state after 20 left turns; Kodansha reader state after 22 left turns; Kodansha reader state after 24 left turns; Kodansha reader state after 26 left turns; Kodansha reader state after 28 left turns,8,slum home and siblings; fantasy city street; carriage attack and royal encounter,"Layered backgrounds, tones, and object detail produce above-balanced density; lettering was excluded.",At least six distinct official or licensed interior pages across at least two contexts were inspected; cover art and lettering were excluded; panel approval remains pending.,modelObservedPendingPanel
nina-the-starry-bride,visualSoftness,known,3,0.86,originalPublisher,publisher,https://www.kodansha.co.jp/comic/products/0000337875/trial,standard Japanese Volume 1; ISBN 9784065187173,The observed official or licensed Japanese Volume 1 interior is within original volumes 1-3 and maps directly to entry_1_3_volumes.,Kodansha reader state after 14 left turns; Kodansha reader state after 16 left turns; Kodansha reader state after 18 left turns; Kodansha reader state after 20 left turns; Kodansha reader state after 22 left turns; Kodansha reader state after 24 left turns; Kodansha reader state after 26 left turns; Kodansha reader state after 28 left turns,8,slum home and siblings; fantasy city street; carriage attack and royal encounter,"Gentle curves, clean tones, and restrained line weight create a soft presentation.",At least six distinct official or licensed interior pages across at least two contexts were inspected; cover art and lettering were excluded; panel approval remains pending.,modelObservedPendingPanel
nina-the-starry-bride,motionImpact,unknown,,,originalPublisher,publisher,https://www.kodansha.co.jp/comic/products/0000337875/trial,standard Japanese Volume 1; ISBN 9784065187173,The observed official or licensed Japanese Volume 1 interior is within original volumes 1-3 and maps directly to entry_1_3_volumes.,Kodansha reader state after 14 left turns; Kodansha reader state after 16 left turns; Kodansha reader state after 18 left turns; Kodansha reader state after 20 left turns; Kodansha reader state after 22 left turns; Kodansha reader state after 24 left turns; Kodansha reader state after 26 left turns; Kodansha reader state after 28 left turns,8,slum home and siblings; fantasy city street; carriage attack and royal encounter,The cited sample does not establish a sufficiently representative continuous physical-action sequence.,The inspected sample did not establish a representative continuous physical-action sequence across entry_1_3_volumes; no 0-4 value is assigned.,modelObservedPendingPanel
baby-steps,artRealism,known,2,0.86,originalPublisher,publisher,https://www.kodansha.co.jp/comic/products/0000012347/trial,standard Japanese Volume 1; ISBN 9784063639575,The observed official or licensed Japanese Volume 1 interior is within original volumes 1-3 and maps directly to entry_1_3_volumes.,Kodansha reader state after 14 left turns; Kodansha reader state after 16 left turns; Kodansha reader state after 18 left turns; Kodansha reader state after 20 left turns; Kodansha reader state after 22 left turns; Kodansha reader state after 24 left turns; Kodansha reader state after 26 left turns; Kodansha reader state after 28 left turns,8,school classroom introduction; riverside walk and study notes; classmate sports discussion,Conventional manga stylization and functional anatomy recur across the cited pages.,At least six distinct official or licensed interior pages across at least two contexts were inspected; cover art and lettering were excluded; panel approval remains pending.,modelObservedPendingPanel
baby-steps,artDensity,known,2,0.86,originalPublisher,publisher,https://www.kodansha.co.jp/comic/products/0000012347/trial,standard Japanese Volume 1; ISBN 9784063639575,The observed official or licensed Japanese Volume 1 interior is within original volumes 1-3 and maps directly to entry_1_3_volumes.,Kodansha reader state after 14 left turns; Kodansha reader state after 16 left turns; Kodansha reader state after 18 left turns; Kodansha reader state after 20 left turns; Kodansha reader state after 22 left turns; Kodansha reader state after 24 left turns; Kodansha reader state after 26 left turns; Kodansha reader state after 28 left turns,8,school classroom introduction; riverside walk and study notes; classmate sports discussion,Readable setting detail and white space are balanced across the cited pages; lettering was excluded.,At least six distinct official or licensed interior pages across at least two contexts were inspected; cover art and lettering were excluded; panel approval remains pending.,modelObservedPendingPanel
baby-steps,visualSoftness,known,2,0.86,originalPublisher,publisher,https://www.kodansha.co.jp/comic/products/0000012347/trial,standard Japanese Volume 1; ISBN 9784063639575,The observed official or licensed Japanese Volume 1 interior is within original volumes 1-3 and maps directly to entry_1_3_volumes.,Kodansha reader state after 14 left turns; Kodansha reader state after 16 left turns; Kodansha reader state after 18 left turns; Kodansha reader state after 20 left turns; Kodansha reader state after 22 left turns; Kodansha reader state after 24 left turns; Kodansha reader state after 26 left turns; Kodansha reader state after 28 left turns,8,school classroom introduction; riverside walk and study notes; classmate sports discussion,"Rounded and angular forms remain balanced, producing a neutral visual softness.",At least six distinct official or licensed interior pages across at least two contexts were inspected; cover art and lettering were excluded; panel approval remains pending.,modelObservedPendingPanel
baby-steps,motionImpact,unknown,,,originalPublisher,publisher,https://www.kodansha.co.jp/comic/products/0000012347/trial,standard Japanese Volume 1; ISBN 9784063639575,The observed official or licensed Japanese Volume 1 interior is within original volumes 1-3 and maps directly to entry_1_3_volumes.,Kodansha reader state after 14 left turns; Kodansha reader state after 16 left turns; Kodansha reader state after 18 left turns; Kodansha reader state after 20 left turns; Kodansha reader state after 22 left turns; Kodansha reader state after 24 left turns; Kodansha reader state after 26 left turns; Kodansha reader state after 28 left turns,8,school classroom introduction; riverside walk and study notes; classmate sports discussion,The cited sample does not establish a sufficiently representative continuous physical-action sequence.,The inspected sample did not establish a representative continuous physical-action sequence across entry_1_3_volumes; no 0-4 value is assigned.,modelObservedPendingPanel
capeta,artRealism,known,2,0.86,originalPublisher,publisher,https://www.kodansha.co.jp/comic/products/0000035404/trial,standard Japanese Volume 1; ISBN 9784063347852,The observed official or licensed Japanese Volume 1 interior is within original volumes 1-3 and maps directly to entry_1_3_volumes.,Kodansha reader state after 16 left turns; Kodansha reader state after 18 left turns; Kodansha reader state after 20 left turns; Kodansha reader state after 22 left turns; Kodansha reader state after 24 left turns; Kodansha reader state after 26 left turns; Kodansha reader state after 28 left turns,7,childhood sports day; track race and cheering crowd; family conversation and meal,Conventional manga stylization and functional anatomy recur across the cited pages.,At least six distinct official or licensed interior pages across at least two contexts were inspected; cover art and lettering were excluded; panel approval remains pending.,modelObservedPendingPanel
capeta,artDensity,known,3,0.86,originalPublisher,publisher,https://www.kodansha.co.jp/comic/products/0000035404/trial,standard Japanese Volume 1; ISBN 9784063347852,The observed official or licensed Japanese Volume 1 interior is within original volumes 1-3 and maps directly to entry_1_3_volumes.,Kodansha reader state after 16 left turns; Kodansha reader state after 18 left turns; Kodansha reader state after 20 left turns; Kodansha reader state after 22 left turns; Kodansha reader state after 24 left turns; Kodansha reader state after 26 left turns; Kodansha reader state after 28 left turns,7,childhood sports day; track race and cheering crowd; family conversation and meal,"Layered backgrounds, tones, and object detail produce above-balanced density; lettering was excluded.",At least six distinct official or licensed interior pages across at least two contexts were inspected; cover art and lettering were excluded; panel approval remains pending.,modelObservedPendingPanel
capeta,visualSoftness,known,1,0.86,originalPublisher,publisher,https://www.kodansha.co.jp/comic/products/0000035404/trial,standard Japanese Volume 1; ISBN 9784063347852,The observed official or licensed Japanese Volume 1 interior is within original volumes 1-3 and maps directly to entry_1_3_volumes.,Kodansha reader state after 16 left turns; Kodansha reader state after 18 left turns; Kodansha reader state after 20 left turns; Kodansha reader state after 22 left turns; Kodansha reader state after 24 left turns; Kodansha reader state after 26 left turns; Kodansha reader state after 28 left turns,7,childhood sports day; track race and cheering crowd; family conversation and meal,"Firm contours, angular forms, and hard shadows lean visually sharp.",At least six distinct official or licensed interior pages across at least two contexts were inspected; cover art and lettering were excluded; panel approval remains pending.,modelObservedPendingPanel
capeta,motionImpact,unknown,,,originalPublisher,publisher,https://www.kodansha.co.jp/comic/products/0000035404/trial,standard Japanese Volume 1; ISBN 9784063347852,The observed official or licensed Japanese Volume 1 interior is within original volumes 1-3 and maps directly to entry_1_3_volumes.,Kodansha reader state after 16 left turns; Kodansha reader state after 18 left turns; Kodansha reader state after 20 left turns; Kodansha reader state after 22 left turns; Kodansha reader state after 24 left turns; Kodansha reader state after 26 left turns; Kodansha reader state after 28 left turns,7,childhood sports day; track race and cheering crowd; family conversation and meal,The cited sample does not establish a sufficiently representative continuous physical-action sequence.,The inspected sample did not establish a representative continuous physical-action sequence across entry_1_3_volumes; no 0-4 value is assigned.,modelObservedPendingPanel
yowamushi-pedal,artRealism,known,1,0.86,originalPublisher,publisher,https://arc.akitashoten.co.jp/comics/wccomic/30933,standard Japanese Volume 1; ISBN 9784253214513,The observed official or licensed Japanese Volume 1 interior is within original volumes 1-3 and maps directly to entry_1_3_volumes.,Akita reader page 3/16; Akita reader page 4/16; Akita reader page 5/16; Akita reader page 6/16; Akita reader page 7/16; Akita reader page 8/16; Akita reader page 9/16,7,Akihabara shopping district; school and bicycle commute; roadside bicycle incident,Strong stylization and simplified proportions dominate while actions remain readable.,At least six distinct official or licensed interior pages across at least two contexts were inspected; cover art and lettering were excluded; panel approval remains pending.,modelObservedPendingPanel
yowamushi-pedal,artDensity,known,3,0.86,originalPublisher,publisher,https://arc.akitashoten.co.jp/comics/wccomic/30933,standard Japanese Volume 1; ISBN 9784253214513,The observed official or licensed Japanese Volume 1 interior is within original volumes 1-3 and maps directly to entry_1_3_volumes.,Akita reader page 3/16; Akita reader page 4/16; Akita reader page 5/16; Akita reader page 6/16; Akita reader page 7/16; Akita reader page 8/16; Akita reader page 9/16,7,Akihabara shopping district; school and bicycle commute; roadside bicycle incident,"Layered backgrounds, tones, and object detail produce above-balanced density; lettering was excluded.",At least six distinct official or licensed interior pages across at least two contexts were inspected; cover art and lettering were excluded; panel approval remains pending.,modelObservedPendingPanel
yowamushi-pedal,visualSoftness,known,1,0.86,originalPublisher,publisher,https://arc.akitashoten.co.jp/comics/wccomic/30933,standard Japanese Volume 1; ISBN 9784253214513,The observed official or licensed Japanese Volume 1 interior is within original volumes 1-3 and maps directly to entry_1_3_volumes.,Akita reader page 3/16; Akita reader page 4/16; Akita reader page 5/16; Akita reader page 6/16; Akita reader page 7/16; Akita reader page 8/16; Akita reader page 9/16,7,Akihabara shopping district; school and bicycle commute; roadside bicycle incident,"Firm contours, angular forms, and hard shadows lean visually sharp.",At least six distinct official or licensed interior pages across at least two contexts were inspected; cover art and lettering were excluded; panel approval remains pending.,modelObservedPendingPanel
yowamushi-pedal,motionImpact,known,4,0.84,originalPublisher,publisher,https://arc.akitashoten.co.jp/comics/wccomic/30933,standard Japanese Volume 1; ISBN 9784253214513,The observed official or licensed Japanese Volume 1 interior is within original volumes 1-3 and maps directly to entry_1_3_volumes.,printed pages 16-17,2,Akihabara shopping district; school and bicycle commute; roadside bicycle incident,"A directly observed continuous action sequence uses strong speed lines, abrupt framing, and high-impact body movement.",The cited continuous numbered sequence was directly inspected; panel approval and broader entry-range review remain pending.,modelObservedPendingPanel
moon-land,artRealism,known,2,0.86,originalPublisher,publisher,https://shonenjumpplus.com/episode/10834108156641674566,standard Japanese Volume 1; ISBN 9784088817828,The observed official or licensed Japanese Volume 1 interior is within original volumes 1-3 and maps directly to entry_1_3_volumes.,Jump Plus reader turn 2; Jump Plus reader turn 3; Jump Plus reader turn 4; Jump Plus reader turn 5; Jump Plus reader turn 6; Jump Plus reader turn 7; Jump Plus reader turn 8,7,gymnastics club practice; school and coach conversation; outdoor training memory,Conventional manga stylization and functional anatomy recur across the cited pages.,At least six distinct official or licensed interior pages across at least two contexts were inspected; cover art and lettering were excluded; panel approval remains pending.,modelObservedPendingPanel
moon-land,artDensity,known,3,0.86,originalPublisher,publisher,https://shonenjumpplus.com/episode/10834108156641674566,standard Japanese Volume 1; ISBN 9784088817828,The observed official or licensed Japanese Volume 1 interior is within original volumes 1-3 and maps directly to entry_1_3_volumes.,Jump Plus reader turn 2; Jump Plus reader turn 3; Jump Plus reader turn 4; Jump Plus reader turn 5; Jump Plus reader turn 6; Jump Plus reader turn 7; Jump Plus reader turn 8,7,gymnastics club practice; school and coach conversation; outdoor training memory,"Layered backgrounds, tones, and object detail produce above-balanced density; lettering was excluded.",At least six distinct official or licensed interior pages across at least two contexts were inspected; cover art and lettering were excluded; panel approval remains pending.,modelObservedPendingPanel
moon-land,visualSoftness,known,2,0.86,originalPublisher,publisher,https://shonenjumpplus.com/episode/10834108156641674566,standard Japanese Volume 1; ISBN 9784088817828,The observed official or licensed Japanese Volume 1 interior is within original volumes 1-3 and maps directly to entry_1_3_volumes.,Jump Plus reader turn 2; Jump Plus reader turn 3; Jump Plus reader turn 4; Jump Plus reader turn 5; Jump Plus reader turn 6; Jump Plus reader turn 7; Jump Plus reader turn 8,7,gymnastics club practice; school and coach conversation; outdoor training memory,"Rounded and angular forms remain balanced, producing a neutral visual softness.",At least six distinct official or licensed interior pages across at least two contexts were inspected; cover art and lettering were excluded; panel approval remains pending.,modelObservedPendingPanel
moon-land,motionImpact,unknown,,,originalPublisher,publisher,https://shonenjumpplus.com/episode/10834108156641674566,standard Japanese Volume 1; ISBN 9784088817828,The observed official or licensed Japanese Volume 1 interior is within original volumes 1-3 and maps directly to entry_1_3_volumes.,Jump Plus reader turn 2; Jump Plus reader turn 3; Jump Plus reader turn 4; Jump Plus reader turn 5; Jump Plus reader turn 6; Jump Plus reader turn 7; Jump Plus reader turn 8,7,gymnastics club practice; school and coach conversation; outdoor training memory,The cited sample does not establish a sufficiently representative continuous physical-action sequence.,The inspected sample did not establish a representative continuous physical-action sequence across entry_1_3_volumes; no 0-4 value is assigned.,modelObservedPendingPanel
giant-killing,artRealism,known,3,0.86,originalPublisher,publisher,https://comic-days.com/episode/13932016480029857119,standard Japanese Volume 1; ISBN 9784063725933,The observed official or licensed Japanese Volume 1 interior is within original volumes 1-3 and maps directly to entry_1_3_volumes.,Comic DAYS reader turn 1; Comic DAYS reader turn 2; Comic DAYS reader turn 3; Comic DAYS reader turn 4; Comic DAYS reader turn 5; Comic DAYS reader turn 6; Comic DAYS reader turn 7; Comic DAYS reader turn 8,8,football pitch and supporters; English town streets and pub; club office and manager meeting,"Grounded anatomy, clothing, and settings outweigh comic deformation across the cited pages.",At least six distinct official or licensed interior pages across at least two contexts were inspected; cover art and lettering were excluded; panel approval remains pending.,modelObservedPendingPanel
giant-killing,artDensity,known,3,0.86,originalPublisher,publisher,https://comic-days.com/episode/13932016480029857119,standard Japanese Volume 1; ISBN 9784063725933,The observed official or licensed Japanese Volume 1 interior is within original volumes 1-3 and maps directly to entry_1_3_volumes.,Comic DAYS reader turn 1; Comic DAYS reader turn 2; Comic DAYS reader turn 3; Comic DAYS reader turn 4; Comic DAYS reader turn 5; Comic DAYS reader turn 6; Comic DAYS reader turn 7; Comic DAYS reader turn 8,8,football pitch and supporters; English town streets and pub; club office and manager meeting,"Layered backgrounds, tones, and object detail produce above-balanced density; lettering was excluded.",At least six distinct official or licensed interior pages across at least two contexts were inspected; cover art and lettering were excluded; panel approval remains pending.,modelObservedPendingPanel
giant-killing,visualSoftness,known,1,0.86,originalPublisher,publisher,https://comic-days.com/episode/13932016480029857119,standard Japanese Volume 1; ISBN 9784063725933,The observed official or licensed Japanese Volume 1 interior is within original volumes 1-3 and maps directly to entry_1_3_volumes.,Comic DAYS reader turn 1; Comic DAYS reader turn 2; Comic DAYS reader turn 3; Comic DAYS reader turn 4; Comic DAYS reader turn 5; Comic DAYS reader turn 6; Comic DAYS reader turn 7; Comic DAYS reader turn 8,8,football pitch and supporters; English town streets and pub; club office and manager meeting,"Firm contours, angular forms, and hard shadows lean visually sharp.",At least six distinct official or licensed interior pages across at least two contexts were inspected; cover art and lettering were excluded; panel approval remains pending.,modelObservedPendingPanel
giant-killing,motionImpact,unknown,,,originalPublisher,publisher,https://comic-days.com/episode/13932016480029857119,standard Japanese Volume 1; ISBN 9784063725933,The observed official or licensed Japanese Volume 1 interior is within original volumes 1-3 and maps directly to entry_1_3_volumes.,Comic DAYS reader turn 1; Comic DAYS reader turn 2; Comic DAYS reader turn 3; Comic DAYS reader turn 4; Comic DAYS reader turn 5; Comic DAYS reader turn 6; Comic DAYS reader turn 7; Comic DAYS reader turn 8,8,football pitch and supporters; English town streets and pub; club office and manager meeting,The cited sample does not establish a sufficiently representative continuous physical-action sequence.,The inspected sample did not establish a representative continuous physical-action sequence across entry_1_3_volumes; no 0-4 value is assigned.,modelObservedPendingPanel
dragon-head,artRealism,known,4,0.86,originalPublisher,publisher,https://www.kodansha.co.jp/comic/products/0000006806/trial,standard Japanese Volume 1; ISBN 9784063235197,The observed official or licensed Japanese Volume 1 interior is within original volumes 1-3 and maps directly to entry_1_3_volumes.,Kodansha reader state after 28 left turns; Kodansha reader state after 30 left turns; Kodansha reader state after 32 left turns; Kodansha reader state after 34 left turns; Kodansha reader state after 38 left turns; Kodansha reader state after 40 left turns; Kodansha reader state after 42 left turns,7,collapsed train carriage survival; fire-lit tunnel search; second-chapter wreckage,"Realistic anatomy, perspective, textures, and environmental observation dominate the cited pages.",At least six distinct official or licensed interior pages across at least two contexts were inspected; cover art and lettering were excluded; panel approval remains pending.,modelObservedPendingPanel
dragon-head,artDensity,known,4,0.86,originalPublisher,publisher,https://www.kodansha.co.jp/comic/products/0000006806/trial,standard Japanese Volume 1; ISBN 9784063235197,The observed official or licensed Japanese Volume 1 interior is within original volumes 1-3 and maps directly to entry_1_3_volumes.,Kodansha reader state after 28 left turns; Kodansha reader state after 30 left turns; Kodansha reader state after 32 left turns; Kodansha reader state after 34 left turns; Kodansha reader state after 38 left turns; Kodansha reader state after 40 left turns; Kodansha reader state after 42 left turns,7,collapsed train carriage survival; fire-lit tunnel search; second-chapter wreckage,"Dense linework, textures, architecture, and environmental information dominate; lettering was excluded.",At least six distinct official or licensed interior pages across at least two contexts were inspected; cover art and lettering were excluded; panel approval remains pending.,modelObservedPendingPanel
dragon-head,visualSoftness,known,0,0.86,originalPublisher,publisher,https://www.kodansha.co.jp/comic/products/0000006806/trial,standard Japanese Volume 1; ISBN 9784063235197,The observed official or licensed Japanese Volume 1 interior is within original volumes 1-3 and maps directly to entry_1_3_volumes.,Kodansha reader state after 28 left turns; Kodansha reader state after 30 left turns; Kodansha reader state after 32 left turns; Kodansha reader state after 34 left turns; Kodansha reader state after 38 left turns; Kodansha reader state after 40 left turns; Kodansha reader state after 42 left turns,7,collapsed train carriage survival; fire-lit tunnel search; second-chapter wreckage,"Rough, angular lines and hard contrast create a consistently severe presentation.",At least six distinct official or licensed interior pages across at least two contexts were inspected; cover art and lettering were excluded; panel approval remains pending.,modelObservedPendingPanel
dragon-head,motionImpact,unknown,,,originalPublisher,publisher,https://www.kodansha.co.jp/comic/products/0000006806/trial,standard Japanese Volume 1; ISBN 9784063235197,The observed official or licensed Japanese Volume 1 interior is within original volumes 1-3 and maps directly to entry_1_3_volumes.,Kodansha reader state after 28 left turns; Kodansha reader state after 30 left turns; Kodansha reader state after 32 left turns; Kodansha reader state after 34 left turns; Kodansha reader state after 38 left turns; Kodansha reader state after 40 left turns; Kodansha reader state after 42 left turns,7,collapsed train carriage survival; fire-lit tunnel search; second-chapter wreckage,The cited sample does not establish a sufficiently representative continuous physical-action sequence.,The inspected sample did not establish a representative continuous physical-action sequence across entry_1_3_volumes; no 0-4 value is assigned.,modelObservedPendingPanel
kasane,artRealism,known,2,0.86,originalPublisher,publisher,https://www.kodansha.co.jp/comic/products/0000038876/trial,standard Japanese Volume 1; ISBN 9784063524857,The observed official or licensed Japanese Volume 1 interior is within original volumes 1-3 and maps directly to entry_1_3_volumes.,Kodansha reader state after 16 left turns; Kodansha reader state after 18 left turns; Kodansha reader state after 20 left turns; Kodansha reader state after 22 left turns; Kodansha reader state after 24 left turns; Kodansha reader state after 26 left turns; Kodansha reader state after 28 left turns,7,dark bedroom memory; school stage and backstage; classmate confrontation,Conventional manga stylization and functional anatomy recur across the cited pages.,At least six distinct official or licensed interior pages across at least two contexts were inspected; cover art and lettering were excluded; panel approval remains pending.,modelObservedPendingPanel
kasane,artDensity,known,3,0.86,originalPublisher,publisher,https://www.kodansha.co.jp/comic/products/0000038876/trial,standard Japanese Volume 1; ISBN 9784063524857,The observed official or licensed Japanese Volume 1 interior is within original volumes 1-3 and maps directly to entry_1_3_volumes.,Kodansha reader state after 16 left turns; Kodansha reader state after 18 left turns; Kodansha reader state after 20 left turns; Kodansha reader state after 22 left turns; Kodansha reader state after 24 left turns; Kodansha reader state after 26 left turns; Kodansha reader state after 28 left turns,7,dark bedroom memory; school stage and backstage; classmate confrontation,"Layered backgrounds, tones, and object detail produce above-balanced density; lettering was excluded.",At least six distinct official or licensed interior pages across at least two contexts were inspected; cover art and lettering were excluded; panel approval remains pending.,modelObservedPendingPanel
kasane,visualSoftness,known,1,0.86,originalPublisher,publisher,https://www.kodansha.co.jp/comic/products/0000038876/trial,standard Japanese Volume 1; ISBN 9784063524857,The observed official or licensed Japanese Volume 1 interior is within original volumes 1-3 and maps directly to entry_1_3_volumes.,Kodansha reader state after 16 left turns; Kodansha reader state after 18 left turns; Kodansha reader state after 20 left turns; Kodansha reader state after 22 left turns; Kodansha reader state after 24 left turns; Kodansha reader state after 26 left turns; Kodansha reader state after 28 left turns,7,dark bedroom memory; school stage and backstage; classmate confrontation,"Firm contours, angular forms, and hard shadows lean visually sharp.",At least six distinct official or licensed interior pages across at least two contexts were inspected; cover art and lettering were excluded; panel approval remains pending.,modelObservedPendingPanel
kasane,motionImpact,unknown,,,originalPublisher,publisher,https://www.kodansha.co.jp/comic/products/0000038876/trial,standard Japanese Volume 1; ISBN 9784063524857,The observed official or licensed Japanese Volume 1 interior is within original volumes 1-3 and maps directly to entry_1_3_volumes.,Kodansha reader state after 16 left turns; Kodansha reader state after 18 left turns; Kodansha reader state after 20 left turns; Kodansha reader state after 22 left turns; Kodansha reader state after 24 left turns; Kodansha reader state after 26 left turns; Kodansha reader state after 28 left turns,7,dark bedroom memory; school stage and backstage; classmate confrontation,The cited sample does not establish a sufficiently representative continuous physical-action sequence.,The inspected sample did not establish a representative continuous physical-action sequence across entry_1_3_volumes; no 0-4 value is assigned.,modelObservedPendingPanel
homunculus,artRealism,known,4,0.86,originalPublisher,publisher,https://e-comi.shogakukan.co.jp/viewer/open?jdcn=091870710000d0000000,standard Japanese Volume 1; ISBN 9784091870711,The observed official or licensed Japanese Volume 1 interior is within original volumes 1-3 and maps directly to entry_1_3_volumes.,e-comi reader state after 4 left turns; e-comi reader state after 6 left turns; e-comi reader state after 8 left turns; e-comi reader state after 10 left turns; e-comi reader state after 12 left turns; e-comi reader state after 14 left turns; e-comi reader state after 16 left turns,7,car interior and city street; park encampment; hotel district and bench,"Realistic anatomy, perspective, textures, and environmental observation dominate the cited pages.",At least six distinct official or licensed interior pages across at least two contexts were inspected; cover art and lettering were excluded; panel approval remains pending.,modelObservedPendingPanel
homunculus,artDensity,known,4,0.86,originalPublisher,publisher,https://e-comi.shogakukan.co.jp/viewer/open?jdcn=091870710000d0000000,standard Japanese Volume 1; ISBN 9784091870711,The observed official or licensed Japanese Volume 1 interior is within original volumes 1-3 and maps directly to entry_1_3_volumes.,e-comi reader state after 4 left turns; e-comi reader state after 6 left turns; e-comi reader state after 8 left turns; e-comi reader state after 10 left turns; e-comi reader state after 12 left turns; e-comi reader state after 14 left turns; e-comi reader state after 16 left turns,7,car interior and city street; park encampment; hotel district and bench,"Dense linework, textures, architecture, and environmental information dominate; lettering was excluded.",At least six distinct official or licensed interior pages across at least two contexts were inspected; cover art and lettering were excluded; panel approval remains pending.,modelObservedPendingPanel
homunculus,visualSoftness,known,1,0.86,originalPublisher,publisher,https://e-comi.shogakukan.co.jp/viewer/open?jdcn=091870710000d0000000,standard Japanese Volume 1; ISBN 9784091870711,The observed official or licensed Japanese Volume 1 interior is within original volumes 1-3 and maps directly to entry_1_3_volumes.,e-comi reader state after 4 left turns; e-comi reader state after 6 left turns; e-comi reader state after 8 left turns; e-comi reader state after 10 left turns; e-comi reader state after 12 left turns; e-comi reader state after 14 left turns; e-comi reader state after 16 left turns,7,car interior and city street; park encampment; hotel district and bench,"Firm contours, angular forms, and hard shadows lean visually sharp.",At least six distinct official or licensed interior pages across at least two contexts were inspected; cover art and lettering were excluded; panel approval remains pending.,modelObservedPendingPanel
homunculus,motionImpact,unknown,,,originalPublisher,publisher,https://e-comi.shogakukan.co.jp/viewer/open?jdcn=091870710000d0000000,standard Japanese Volume 1; ISBN 9784091870711,The observed official or licensed Japanese Volume 1 interior is within original volumes 1-3 and maps directly to entry_1_3_volumes.,e-comi reader state after 4 left turns; e-comi reader state after 6 left turns; e-comi reader state after 8 left turns; e-comi reader state after 10 left turns; e-comi reader state after 12 left turns; e-comi reader state after 14 left turns; e-comi reader state after 16 left turns,7,car interior and city street; park encampment; hotel district and bench,The cited sample does not establish a sufficiently representative continuous physical-action sequence.,The inspected sample did not establish a representative continuous physical-action sequence across entry_1_3_volumes; no 0-4 value is assigned.,modelObservedPendingPanel
fort-of-apocalypse,artRealism,known,2,0.86,originalPublisher,publisher,https://www.kodansha.co.jp/comic/products/0000046091/trial,standard Japanese Volume 1; ISBN 9784063802078,The observed official or licensed Japanese Volume 1 interior is within original volumes 1-3 and maps directly to entry_1_3_volumes.,Kodansha reader state after 14 left turns; Kodansha reader state after 16 left turns; Kodansha reader state after 18 left turns; Kodansha reader state after 20 left turns; Kodansha reader state after 22 left turns; Kodansha reader state after 24 left turns; Kodansha reader state after 26 left turns; Kodansha reader state after 28 left turns,8,juvenile detention intake; cell block and inmates; prison yard confrontation,Conventional manga stylization and functional anatomy recur across the cited pages.,At least six distinct official or licensed interior pages across at least two contexts were inspected; cover art and lettering were excluded; panel approval remains pending.,modelObservedPendingPanel
fort-of-apocalypse,artDensity,known,3,0.86,originalPublisher,publisher,https://www.kodansha.co.jp/comic/products/0000046091/trial,standard Japanese Volume 1; ISBN 9784063802078,The observed official or licensed Japanese Volume 1 interior is within original volumes 1-3 and maps directly to entry_1_3_volumes.,Kodansha reader state after 14 left turns; Kodansha reader state after 16 left turns; Kodansha reader state after 18 left turns; Kodansha reader state after 20 left turns; Kodansha reader state after 22 left turns; Kodansha reader state after 24 left turns; Kodansha reader state after 26 left turns; Kodansha reader state after 28 left turns,8,juvenile detention intake; cell block and inmates; prison yard confrontation,"Layered backgrounds, tones, and object detail produce above-balanced density; lettering was excluded.",At least six distinct official or licensed interior pages across at least two contexts were inspected; cover art and lettering were excluded; panel approval remains pending.,modelObservedPendingPanel
fort-of-apocalypse,visualSoftness,known,1,0.86,originalPublisher,publisher,https://www.kodansha.co.jp/comic/products/0000046091/trial,standard Japanese Volume 1; ISBN 9784063802078,The observed official or licensed Japanese Volume 1 interior is within original volumes 1-3 and maps directly to entry_1_3_volumes.,Kodansha reader state after 14 left turns; Kodansha reader state after 16 left turns; Kodansha reader state after 18 left turns; Kodansha reader state after 20 left turns; Kodansha reader state after 22 left turns; Kodansha reader state after 24 left turns; Kodansha reader state after 26 left turns; Kodansha reader state after 28 left turns,8,juvenile detention intake; cell block and inmates; prison yard confrontation,"Firm contours, angular forms, and hard shadows lean visually sharp.",At least six distinct official or licensed interior pages across at least two contexts were inspected; cover art and lettering were excluded; panel approval remains pending.,modelObservedPendingPanel
fort-of-apocalypse,motionImpact,unknown,,,originalPublisher,publisher,https://www.kodansha.co.jp/comic/products/0000046091/trial,standard Japanese Volume 1; ISBN 9784063802078,The observed official or licensed Japanese Volume 1 interior is within original volumes 1-3 and maps directly to entry_1_3_volumes.,Kodansha reader state after 14 left turns; Kodansha reader state after 16 left turns; Kodansha reader state after 18 left turns; Kodansha reader state after 20 left turns; Kodansha reader state after 22 left turns; Kodansha reader state after 24 left turns; Kodansha reader state after 26 left turns; Kodansha reader state after 28 left turns,8,juvenile detention intake; cell block and inmates; prison yard confrontation,The cited sample does not establish a sufficiently representative continuous physical-action sequence.,The inspected sample did not establish a representative continuous physical-action sequence across entry_1_3_volumes; no 0-4 value is assigned.,modelObservedPendingPanel
a-brides-story,artRealism,known,4,0.86,publisherAuthorizedPlatform,manual,https://bookwalker.jp/dee44ace55-bb05-49d0-a7c9-0b58d1ce2133/?sample=1,standard Japanese Volume 1; ISBN 9784047260764,The observed official or licensed Japanese Volume 1 interior is within original volumes 1-3 and maps directly to entry_1_3_volumes.,BOOK WALKER reader page 5/19; BOOK WALKER reader page 7/19; BOOK WALKER reader page 9/19; BOOK WALKER reader page 11/19; BOOK WALKER reader page 13/19; BOOK WALKER reader page 15/19; BOOK WALKER reader page 17/19,7,Central Asian wedding clothing; family portrait and village landscape; household tea and conversation,"Realistic anatomy, perspective, textures, and environmental observation dominate the cited pages.",At least six distinct official or licensed interior pages across at least two contexts were inspected; cover art and lettering were excluded; panel approval remains pending.,modelObservedPendingPanel
a-brides-story,artDensity,known,4,0.86,publisherAuthorizedPlatform,manual,https://bookwalker.jp/dee44ace55-bb05-49d0-a7c9-0b58d1ce2133/?sample=1,standard Japanese Volume 1; ISBN 9784047260764,The observed official or licensed Japanese Volume 1 interior is within original volumes 1-3 and maps directly to entry_1_3_volumes.,BOOK WALKER reader page 5/19; BOOK WALKER reader page 7/19; BOOK WALKER reader page 9/19; BOOK WALKER reader page 11/19; BOOK WALKER reader page 13/19; BOOK WALKER reader page 15/19; BOOK WALKER reader page 17/19,7,Central Asian wedding clothing; family portrait and village landscape; household tea and conversation,"Dense linework, textures, architecture, and environmental information dominate; lettering was excluded.",At least six distinct official or licensed interior pages across at least two contexts were inspected; cover art and lettering were excluded; panel approval remains pending.,modelObservedPendingPanel
a-brides-story,visualSoftness,known,2,0.86,publisherAuthorizedPlatform,manual,https://bookwalker.jp/dee44ace55-bb05-49d0-a7c9-0b58d1ce2133/?sample=1,standard Japanese Volume 1; ISBN 9784047260764,The observed official or licensed Japanese Volume 1 interior is within original volumes 1-3 and maps directly to entry_1_3_volumes.,BOOK WALKER reader page 5/19; BOOK WALKER reader page 7/19; BOOK WALKER reader page 9/19; BOOK WALKER reader page 11/19; BOOK WALKER reader page 13/19; BOOK WALKER reader page 15/19; BOOK WALKER reader page 17/19,7,Central Asian wedding clothing; family portrait and village landscape; household tea and conversation,"Rounded and angular forms remain balanced, producing a neutral visual softness.",At least six distinct official or licensed interior pages across at least two contexts were inspected; cover art and lettering were excluded; panel approval remains pending.,modelObservedPendingPanel
a-brides-story,motionImpact,unknown,,,publisherAuthorizedPlatform,manual,https://bookwalker.jp/dee44ace55-bb05-49d0-a7c9-0b58d1ce2133/?sample=1,standard Japanese Volume 1; ISBN 9784047260764,The observed official or licensed Japanese Volume 1 interior is within original volumes 1-3 and maps directly to entry_1_3_volumes.,BOOK WALKER reader page 5/19; BOOK WALKER reader page 7/19; BOOK WALKER reader page 9/19; BOOK WALKER reader page 11/19; BOOK WALKER reader page 13/19; BOOK WALKER reader page 15/19; BOOK WALKER reader page 17/19,7,Central Asian wedding clothing; family portrait and village landscape; household tea and conversation,The cited sample does not establish a sufficiently representative continuous physical-action sequence.,The inspected sample did not establish a representative continuous physical-action sequence across entry_1_3_volumes; no 0-4 value is assigned.,modelObservedPendingPanel
isabella-bird-in-wonderland,artRealism,known,3,0.86,originalPublisher,publisher,https://comic-walker.com/detail/KC_000652_S/episodes/KC_0006520000100012_E?episodeType=first,standard Japanese Volume 1; ISBN 9784047305137,The observed official or licensed Japanese Volume 1 interior is within original volumes 1-3 and maps directly to entry_1_3_volumes.,KadoComi reader turn 1; KadoComi reader turn 2; KadoComi reader turn 3; KadoComi reader turn 4; KadoComi reader turn 5; KadoComi reader turn 6; KadoComi reader turn 7; KadoComi reader turn 8,8,Yokohama harbor arrival; hotel and interpreter meeting; Meiji street and office,"Grounded anatomy, clothing, and settings outweigh comic deformation across the cited pages.",At least six distinct official or licensed interior pages across at least two contexts were inspected; cover art and lettering were excluded; panel approval remains pending.,modelObservedPendingPanel
isabella-bird-in-wonderland,artDensity,known,3,0.86,originalPublisher,publisher,https://comic-walker.com/detail/KC_000652_S/episodes/KC_0006520000100012_E?episodeType=first,standard Japanese Volume 1; ISBN 9784047305137,The observed official or licensed Japanese Volume 1 interior is within original volumes 1-3 and maps directly to entry_1_3_volumes.,KadoComi reader turn 1; KadoComi reader turn 2; KadoComi reader turn 3; KadoComi reader turn 4; KadoComi reader turn 5; KadoComi reader turn 6; KadoComi reader turn 7; KadoComi reader turn 8,8,Yokohama harbor arrival; hotel and interpreter meeting; Meiji street and office,"Layered backgrounds, tones, and object detail produce above-balanced density; lettering was excluded.",At least six distinct official or licensed interior pages across at least two contexts were inspected; cover art and lettering were excluded; panel approval remains pending.,modelObservedPendingPanel
isabella-bird-in-wonderland,visualSoftness,known,2,0.86,originalPublisher,publisher,https://comic-walker.com/detail/KC_000652_S/episodes/KC_0006520000100012_E?episodeType=first,standard Japanese Volume 1; ISBN 9784047305137,The observed official or licensed Japanese Volume 1 interior is within original volumes 1-3 and maps directly to entry_1_3_volumes.,KadoComi reader turn 1; KadoComi reader turn 2; KadoComi reader turn 3; KadoComi reader turn 4; KadoComi reader turn 5; KadoComi reader turn 6; KadoComi reader turn 7; KadoComi reader turn 8,8,Yokohama harbor arrival; hotel and interpreter meeting; Meiji street and office,"Rounded and angular forms remain balanced, producing a neutral visual softness.",At least six distinct official or licensed interior pages across at least two contexts were inspected; cover art and lettering were excluded; panel approval remains pending.,modelObservedPendingPanel
isabella-bird-in-wonderland,motionImpact,unknown,,,originalPublisher,publisher,https://comic-walker.com/detail/KC_000652_S/episodes/KC_0006520000100012_E?episodeType=first,standard Japanese Volume 1; ISBN 9784047305137,The observed official or licensed Japanese Volume 1 interior is within original volumes 1-3 and maps directly to entry_1_3_volumes.,KadoComi reader turn 1; KadoComi reader turn 2; KadoComi reader turn 3; KadoComi reader turn 4; KadoComi reader turn 5; KadoComi reader turn 6; KadoComi reader turn 7; KadoComi reader turn 8,8,Yokohama harbor arrival; hotel and interpreter meeting; Meiji street and office,The cited sample does not establish a sufficiently representative continuous physical-action sequence.,The inspected sample did not establish a representative continuous physical-action sequence across entry_1_3_volumes; no 0-4 value is assigned.,modelObservedPendingPanel
arte,artRealism,known,3,0.86,originalPublisher,publisher,https://comic-zenon.com/episode/10834108156693612671,standard Japanese Volume 1; ISBN 9784199802034,The observed official or licensed Japanese Volume 1 interior is within original volumes 1-3 and maps directly to entry_1_3_volumes.,Comic Zenon reader turn 1; Comic Zenon reader turn 2; Comic Zenon reader turn 3; Comic Zenon reader turn 4; Comic Zenon reader turn 5; Comic Zenon reader turn 6; Comic Zenon reader turn 7; Comic Zenon reader turn 8,8,Florence city and studio; painting practice and family home; atelier labor and guild street,"Grounded anatomy, clothing, and settings outweigh comic deformation across the cited pages.",At least six distinct official or licensed interior pages across at least two contexts were inspected; cover art and lettering were excluded; panel approval remains pending.,modelObservedPendingPanel
arte,artDensity,known,4,0.86,originalPublisher,publisher,https://comic-zenon.com/episode/10834108156693612671,standard Japanese Volume 1; ISBN 9784199802034,The observed official or licensed Japanese Volume 1 interior is within original volumes 1-3 and maps directly to entry_1_3_volumes.,Comic Zenon reader turn 1; Comic Zenon reader turn 2; Comic Zenon reader turn 3; Comic Zenon reader turn 4; Comic Zenon reader turn 5; Comic Zenon reader turn 6; Comic Zenon reader turn 7; Comic Zenon reader turn 8,8,Florence city and studio; painting practice and family home; atelier labor and guild street,"Dense linework, textures, architecture, and environmental information dominate; lettering was excluded.",At least six distinct official or licensed interior pages across at least two contexts were inspected; cover art and lettering were excluded; panel approval remains pending.,modelObservedPendingPanel
arte,visualSoftness,known,2,0.86,originalPublisher,publisher,https://comic-zenon.com/episode/10834108156693612671,standard Japanese Volume 1; ISBN 9784199802034,The observed official or licensed Japanese Volume 1 interior is within original volumes 1-3 and maps directly to entry_1_3_volumes.,Comic Zenon reader turn 1; Comic Zenon reader turn 2; Comic Zenon reader turn 3; Comic Zenon reader turn 4; Comic Zenon reader turn 5; Comic Zenon reader turn 6; Comic Zenon reader turn 7; Comic Zenon reader turn 8,8,Florence city and studio; painting practice and family home; atelier labor and guild street,"Rounded and angular forms remain balanced, producing a neutral visual softness.",At least six distinct official or licensed interior pages across at least two contexts were inspected; cover art and lettering were excluded; panel approval remains pending.,modelObservedPendingPanel
arte,motionImpact,unknown,,,originalPublisher,publisher,https://comic-zenon.com/episode/10834108156693612671,standard Japanese Volume 1; ISBN 9784199802034,The observed official or licensed Japanese Volume 1 interior is within original volumes 1-3 and maps directly to entry_1_3_volumes.,Comic Zenon reader turn 1; Comic Zenon reader turn 2; Comic Zenon reader turn 3; Comic Zenon reader turn 4; Comic Zenon reader turn 5; Comic Zenon reader turn 6; Comic Zenon reader turn 7; Comic Zenon reader turn 8,8,Florence city and studio; painting practice and family home; atelier labor and guild street,The cited sample does not establish a sufficiently representative continuous physical-action sequence.,The inspected sample did not establish a representative continuous physical-action sequence across entry_1_3_volumes; no 0-4 value is assigned.,modelObservedPendingPanel
thermae-romae,artRealism,known,4,0.86,publisherAuthorizedPlatform,manual,https://bookwalker.jp/deb36ff3ef-e829-4613-a9f3-d0f0a456d9e7/?sample=1,standard Japanese Volume 1; ISBN 9784047261273,The observed official or licensed Japanese Volume 1 interior is within original volumes 1-3 and maps directly to entry_1_3_volumes.,BOOK WALKER reader page 5/18; BOOK WALKER reader page 7/18; BOOK WALKER reader page 9/18; BOOK WALKER reader page 11/18; BOOK WALKER reader page 13/18; BOOK WALKER reader page 15/18; BOOK WALKER reader page 17/18,7,ancient Roman street; public bath and conversation; water immersion and unfamiliar bath,"Realistic anatomy, perspective, textures, and environmental observation dominate the cited pages.",At least six distinct official or licensed interior pages across at least two contexts were inspected; cover art and lettering were excluded; panel approval remains pending.,modelObservedPendingPanel
thermae-romae,artDensity,known,4,0.86,publisherAuthorizedPlatform,manual,https://bookwalker.jp/deb36ff3ef-e829-4613-a9f3-d0f0a456d9e7/?sample=1,standard Japanese Volume 1; ISBN 9784047261273,The observed official or licensed Japanese Volume 1 interior is within original volumes 1-3 and maps directly to entry_1_3_volumes.,BOOK WALKER reader page 5/18; BOOK WALKER reader page 7/18; BOOK WALKER reader page 9/18; BOOK WALKER reader page 11/18; BOOK WALKER reader page 13/18; BOOK WALKER reader page 15/18; BOOK WALKER reader page 17/18,7,ancient Roman street; public bath and conversation; water immersion and unfamiliar bath,"Dense linework, textures, architecture, and environmental information dominate; lettering was excluded.",At least six distinct official or licensed interior pages across at least two contexts were inspected; cover art and lettering were excluded; panel approval remains pending.,modelObservedPendingPanel
thermae-romae,visualSoftness,known,1,0.86,publisherAuthorizedPlatform,manual,https://bookwalker.jp/deb36ff3ef-e829-4613-a9f3-d0f0a456d9e7/?sample=1,standard Japanese Volume 1; ISBN 9784047261273,The observed official or licensed Japanese Volume 1 interior is within original volumes 1-3 and maps directly to entry_1_3_volumes.,BOOK WALKER reader page 5/18; BOOK WALKER reader page 7/18; BOOK WALKER reader page 9/18; BOOK WALKER reader page 11/18; BOOK WALKER reader page 13/18; BOOK WALKER reader page 15/18; BOOK WALKER reader page 17/18,7,ancient Roman street; public bath and conversation; water immersion and unfamiliar bath,"Firm contours, angular forms, and hard shadows lean visually sharp.",At least six distinct official or licensed interior pages across at least two contexts were inspected; cover art and lettering were excluded; panel approval remains pending.,modelObservedPendingPanel
thermae-romae,motionImpact,unknown,,,publisherAuthorizedPlatform,manual,https://bookwalker.jp/deb36ff3ef-e829-4613-a9f3-d0f0a456d9e7/?sample=1,standard Japanese Volume 1; ISBN 9784047261273,The observed official or licensed Japanese Volume 1 interior is within original volumes 1-3 and maps directly to entry_1_3_volumes.,BOOK WALKER reader page 5/18; BOOK WALKER reader page 7/18; BOOK WALKER reader page 9/18; BOOK WALKER reader page 11/18; BOOK WALKER reader page 13/18; BOOK WALKER reader page 15/18; BOOK WALKER reader page 17/18,7,ancient Roman street; public bath and conversation; water immersion and unfamiliar bath,The cited sample does not establish a sufficiently representative continuous physical-action sequence.,The inspected sample did not establish a representative continuous physical-action sequence across entry_1_3_volumes; no 0-4 value is assigned.,modelObservedPendingPanel
knights-of-sidonia,artRealism,known,2,0.86,originalPublisher,publisher,https://www.kodansha.co.jp/comic/products/0000029415/trial,standard Japanese Volume 1; ISBN 9784063145977,The observed official or licensed Japanese Volume 1 interior is within original volumes 1-3 and maps directly to entry_1_3_volumes.,Kodansha reader state after 16 left turns; Kodansha reader state after 18 left turns; Kodansha reader state after 20 left turns; Kodansha reader state after 22 left turns; Kodansha reader state after 24 left turns; Kodansha reader state after 26 left turns; Kodansha reader state after 28 left turns,7,colony train and industrial corridor; injury and medical room; residential district introduction,Conventional manga stylization and functional anatomy recur across the cited pages.,At least six distinct official or licensed interior pages across at least two contexts were inspected; cover art and lettering were excluded; panel approval remains pending.,modelObservedPendingPanel
knights-of-sidonia,artDensity,known,3,0.86,originalPublisher,publisher,https://www.kodansha.co.jp/comic/products/0000029415/trial,standard Japanese Volume 1; ISBN 9784063145977,The observed official or licensed Japanese Volume 1 interior is within original volumes 1-3 and maps directly to entry_1_3_volumes.,Kodansha reader state after 16 left turns; Kodansha reader state after 18 left turns; Kodansha reader state after 20 left turns; Kodansha reader state after 22 left turns; Kodansha reader state after 24 left turns; Kodansha reader state after 26 left turns; Kodansha reader state after 28 left turns,7,colony train and industrial corridor; injury and medical room; residential district introduction,"Layered backgrounds, tones, and object detail produce above-balanced density; lettering was excluded.",At least six distinct official or licensed interior pages across at least two contexts were inspected; cover art and lettering were excluded; panel approval remains pending.,modelObservedPendingPanel
knights-of-sidonia,visualSoftness,known,1,0.86,originalPublisher,publisher,https://www.kodansha.co.jp/comic/products/0000029415/trial,standard Japanese Volume 1; ISBN 9784063145977,The observed official or licensed Japanese Volume 1 interior is within original volumes 1-3 and maps directly to entry_1_3_volumes.,Kodansha reader state after 16 left turns; Kodansha reader state after 18 left turns; Kodansha reader state after 20 left turns; Kodansha reader state after 22 left turns; Kodansha reader state after 24 left turns; Kodansha reader state after 26 left turns; Kodansha reader state after 28 left turns,7,colony train and industrial corridor; injury and medical room; residential district introduction,"Firm contours, angular forms, and hard shadows lean visually sharp.",At least six distinct official or licensed interior pages across at least two contexts were inspected; cover art and lettering were excluded; panel approval remains pending.,modelObservedPendingPanel
knights-of-sidonia,motionImpact,unknown,,,originalPublisher,publisher,https://www.kodansha.co.jp/comic/products/0000029415/trial,standard Japanese Volume 1; ISBN 9784063145977,The observed official or licensed Japanese Volume 1 interior is within original volumes 1-3 and maps directly to entry_1_3_volumes.,Kodansha reader state after 16 left turns; Kodansha reader state after 18 left turns; Kodansha reader state after 20 left turns; Kodansha reader state after 22 left turns; Kodansha reader state after 24 left turns; Kodansha reader state after 26 left turns; Kodansha reader state after 28 left turns,7,colony train and industrial corridor; injury and medical room; residential district introduction,The cited sample does not establish a sufficiently representative continuous physical-action sequence.,The inspected sample did not establish a representative continuous physical-action sequence across entry_1_3_volumes; no 0-4 value is assigned.,modelObservedPendingPanel
saturn-apartments,artRealism,known,2,0.86,originalPublisher,publisher,https://e-comi.shogakukan.co.jp/viewer/open?jdcn=091883390000d0000000,standard Japanese Volume 1; ISBN 9784091883391,The observed official or licensed Japanese Volume 1 interior is within original volumes 1-3 and maps directly to entry_1_3_volumes.,e-comi reader state after 4 left turns; e-comi reader state after 6 left turns; e-comi reader state after 8 left turns; e-comi reader state after 10 left turns; e-comi reader state after 12 left turns; e-comi reader state after 14 left turns; e-comi reader state after 16 left turns,7,orbital ring exterior; school and city walkway; tower-side apartment district,Conventional manga stylization and functional anatomy recur across the cited pages.,At least six distinct official or licensed interior pages across at least two contexts were inspected; cover art and lettering were excluded; panel approval remains pending.,modelObservedPendingPanel
saturn-apartments,artDensity,known,2,0.86,originalPublisher,publisher,https://e-comi.shogakukan.co.jp/viewer/open?jdcn=091883390000d0000000,standard Japanese Volume 1; ISBN 9784091883391,The observed official or licensed Japanese Volume 1 interior is within original volumes 1-3 and maps directly to entry_1_3_volumes.,e-comi reader state after 4 left turns; e-comi reader state after 6 left turns; e-comi reader state after 8 left turns; e-comi reader state after 10 left turns; e-comi reader state after 12 left turns; e-comi reader state after 14 left turns; e-comi reader state after 16 left turns,7,orbital ring exterior; school and city walkway; tower-side apartment district,Readable setting detail and white space are balanced across the cited pages; lettering was excluded.,At least six distinct official or licensed interior pages across at least two contexts were inspected; cover art and lettering were excluded; panel approval remains pending.,modelObservedPendingPanel
saturn-apartments,visualSoftness,known,4,0.86,originalPublisher,publisher,https://e-comi.shogakukan.co.jp/viewer/open?jdcn=091883390000d0000000,standard Japanese Volume 1; ISBN 9784091883391,The observed official or licensed Japanese Volume 1 interior is within original volumes 1-3 and maps directly to entry_1_3_volumes.,e-comi reader state after 4 left turns; e-comi reader state after 6 left turns; e-comi reader state after 8 left turns; e-comi reader state after 10 left turns; e-comi reader state after 12 left turns; e-comi reader state after 14 left turns; e-comi reader state after 16 left turns,7,orbital ring exterior; school and city walkway; tower-side apartment district,"Highly rounded forms, delicate linework, and airy tonal treatment create a very soft presentation.",At least six distinct official or licensed interior pages across at least two contexts were inspected; cover art and lettering were excluded; panel approval remains pending.,modelObservedPendingPanel
saturn-apartments,motionImpact,unknown,,,originalPublisher,publisher,https://e-comi.shogakukan.co.jp/viewer/open?jdcn=091883390000d0000000,standard Japanese Volume 1; ISBN 9784091883391,The observed official or licensed Japanese Volume 1 interior is within original volumes 1-3 and maps directly to entry_1_3_volumes.,e-comi reader state after 4 left turns; e-comi reader state after 6 left turns; e-comi reader state after 8 left turns; e-comi reader state after 10 left turns; e-comi reader state after 12 left turns; e-comi reader state after 14 left turns; e-comi reader state after 16 left turns,7,orbital ring exterior; school and city walkway; tower-side apartment district,The cited sample does not establish a sufficiently representative continuous physical-action sequence.,The inspected sample did not establish a representative continuous physical-action sequence across entry_1_3_volumes; no 0-4 value is assigned.,modelObservedPendingPanel
origin,artRealism,known,4,0.86,originalPublisher,publisher,https://www.kodansha.co.jp/comic/products/0000016712/trial,standard Japanese Volume 1; ISBN 9784063829082,The observed official or licensed Japanese Volume 1 interior is within original volumes 1-3 and maps directly to entry_1_3_volumes.,Kodansha reader state after 14 left turns; Kodansha reader state after 16 left turns; Kodansha reader state after 18 left turns; Kodansha reader state after 20 left turns; Kodansha reader state after 22 left turns; Kodansha reader state after 24 left turns; Kodansha reader state after 26 left turns; Kodansha reader state after 28 left turns,8,nightclub and vehicle departure; snowy city street; office confrontation,"Realistic anatomy, perspective, textures, and environmental observation dominate the cited pages.",At least six distinct official or licensed interior pages across at least two contexts were inspected; cover art and lettering were excluded; panel approval remains pending.,modelObservedPendingPanel
origin,artDensity,known,4,0.86,originalPublisher,publisher,https://www.kodansha.co.jp/comic/products/0000016712/trial,standard Japanese Volume 1; ISBN 9784063829082,The observed official or licensed Japanese Volume 1 interior is within original volumes 1-3 and maps directly to entry_1_3_volumes.,Kodansha reader state after 14 left turns; Kodansha reader state after 16 left turns; Kodansha reader state after 18 left turns; Kodansha reader state after 20 left turns; Kodansha reader state after 22 left turns; Kodansha reader state after 24 left turns; Kodansha reader state after 26 left turns; Kodansha reader state after 28 left turns,8,nightclub and vehicle departure; snowy city street; office confrontation,"Dense linework, textures, architecture, and environmental information dominate; lettering was excluded.",At least six distinct official or licensed interior pages across at least two contexts were inspected; cover art and lettering were excluded; panel approval remains pending.,modelObservedPendingPanel
origin,visualSoftness,known,0,0.86,originalPublisher,publisher,https://www.kodansha.co.jp/comic/products/0000016712/trial,standard Japanese Volume 1; ISBN 9784063829082,The observed official or licensed Japanese Volume 1 interior is within original volumes 1-3 and maps directly to entry_1_3_volumes.,Kodansha reader state after 14 left turns; Kodansha reader state after 16 left turns; Kodansha reader state after 18 left turns; Kodansha reader state after 20 left turns; Kodansha reader state after 22 left turns; Kodansha reader state after 24 left turns; Kodansha reader state after 26 left turns; Kodansha reader state after 28 left turns,8,nightclub and vehicle departure; snowy city street; office confrontation,"Rough, angular lines and hard contrast create a consistently severe presentation.",At least six distinct official or licensed interior pages across at least two contexts were inspected; cover art and lettering were excluded; panel approval remains pending.,modelObservedPendingPanel
origin,motionImpact,unknown,,,originalPublisher,publisher,https://www.kodansha.co.jp/comic/products/0000016712/trial,standard Japanese Volume 1; ISBN 9784063829082,The observed official or licensed Japanese Volume 1 interior is within original volumes 1-3 and maps directly to entry_1_3_volumes.,Kodansha reader state after 14 left turns; Kodansha reader state after 16 left turns; Kodansha reader state after 18 left turns; Kodansha reader state after 20 left turns; Kodansha reader state after 22 left turns; Kodansha reader state after 24 left turns; Kodansha reader state after 26 left turns; Kodansha reader state after 28 left turns,8,nightclub and vehicle departure; snowy city street; office confrontation,The cited sample does not establish a sufficiently representative continuous physical-action sequence.,The inspected sample did not establish a representative continuous physical-action sequence across entry_1_3_volumes; no 0-4 value is assigned.,modelObservedPendingPanel
accomplishments-of-the-dukes-daughter,artRealism,known,1,0.86,originalPublisher,publisher,https://comic-walker.com/detail/KC_003712_S/episodes/KC_0037120000100011_E?episodeType=first,standard Japanese Volume 1; ISBN 9784041048023,The observed official or licensed Japanese Volume 1 interior is within original volumes 1-3 and maps directly to entry_1_3_volumes.,KadoComi reader turn 1; KadoComi reader turn 2; KadoComi reader turn 3; KadoComi reader turn 4; KadoComi reader turn 5; KadoComi reader turn 6; KadoComi reader turn 7; KadoComi reader turn 8,8,modern game memory; night road accident; fantasy school hearing and awakening,Strong stylization and simplified proportions dominate while actions remain readable.,At least six distinct official or licensed interior pages across at least two contexts were inspected; cover art and lettering were excluded; panel approval remains pending.,modelObservedPendingPanel
accomplishments-of-the-dukes-daughter,artDensity,known,2,0.86,originalPublisher,publisher,https://comic-walker.com/detail/KC_003712_S/episodes/KC_0037120000100011_E?episodeType=first,standard Japanese Volume 1; ISBN 9784041048023,The observed official or licensed Japanese Volume 1 interior is within original volumes 1-3 and maps directly to entry_1_3_volumes.,KadoComi reader turn 1; KadoComi reader turn 2; KadoComi reader turn 3; KadoComi reader turn 4; KadoComi reader turn 5; KadoComi reader turn 6; KadoComi reader turn 7; KadoComi reader turn 8,8,modern game memory; night road accident; fantasy school hearing and awakening,Readable setting detail and white space are balanced across the cited pages; lettering was excluded.,At least six distinct official or licensed interior pages across at least two contexts were inspected; cover art and lettering were excluded; panel approval remains pending.,modelObservedPendingPanel
accomplishments-of-the-dukes-daughter,visualSoftness,known,3,0.86,originalPublisher,publisher,https://comic-walker.com/detail/KC_003712_S/episodes/KC_0037120000100011_E?episodeType=first,standard Japanese Volume 1; ISBN 9784041048023,The observed official or licensed Japanese Volume 1 interior is within original volumes 1-3 and maps directly to entry_1_3_volumes.,KadoComi reader turn 1; KadoComi reader turn 2; KadoComi reader turn 3; KadoComi reader turn 4; KadoComi reader turn 5; KadoComi reader turn 6; KadoComi reader turn 7; KadoComi reader turn 8,8,modern game memory; night road accident; fantasy school hearing and awakening,"Gentle curves, clean tones, and restrained line weight create a soft presentation.",At least six distinct official or licensed interior pages across at least two contexts were inspected; cover art and lettering were excluded; panel approval remains pending.,modelObservedPendingPanel
accomplishments-of-the-dukes-daughter,motionImpact,unknown,,,originalPublisher,publisher,https://comic-walker.com/detail/KC_003712_S/episodes/KC_0037120000100011_E?episodeType=first,standard Japanese Volume 1; ISBN 9784041048023,The observed official or licensed Japanese Volume 1 interior is within original volumes 1-3 and maps directly to entry_1_3_volumes.,KadoComi reader turn 1; KadoComi reader turn 2; KadoComi reader turn 3; KadoComi reader turn 4; KadoComi reader turn 5; KadoComi reader turn 6; KadoComi reader turn 7; KadoComi reader turn 8,8,modern game memory; night road accident; fantasy school hearing and awakening,The cited sample does not establish a sufficiently representative continuous physical-action sequence.,The inspected sample did not establish a representative continuous physical-action sequence across entry_1_3_volumes; no 0-4 value is assigned.,modelObservedPendingPanel
the-heroic-legend-of-arslan,artRealism,known,2,0.86,originalPublisher,publisher,https://www.kodansha.co.jp/comic/products/0000019131/trial,standard Japanese Volume 1; ISBN 9784063950502,The observed official or licensed Japanese Volume 1 interior is within original volumes 1-3 and maps directly to entry_1_3_volumes.,Kodansha reader state after 14 left turns; Kodansha reader state after 16 left turns; Kodansha reader state after 18 left turns; Kodansha reader state after 20 left turns; Kodansha reader state after 22 left turns; Kodansha reader state after 24 left turns; Kodansha reader state after 26 left turns; Kodansha reader state after 28 left turns,8,palace corridor and royal audience; capital procession; stable and street encounter,Conventional manga stylization and functional anatomy recur across the cited pages.,At least six distinct official or licensed interior pages across at least two contexts were inspected; cover art and lettering were excluded; panel approval remains pending.,modelObservedPendingPanel
the-heroic-legend-of-arslan,artDensity,known,3,0.86,originalPublisher,publisher,https://www.kodansha.co.jp/comic/products/0000019131/trial,standard Japanese Volume 1; ISBN 9784063950502,The observed official or licensed Japanese Volume 1 interior is within original volumes 1-3 and maps directly to entry_1_3_volumes.,Kodansha reader state after 14 left turns; Kodansha reader state after 16 left turns; Kodansha reader state after 18 left turns; Kodansha reader state after 20 left turns; Kodansha reader state after 22 left turns; Kodansha reader state after 24 left turns; Kodansha reader state after 26 left turns; Kodansha reader state after 28 left turns,8,palace corridor and royal audience; capital procession; stable and street encounter,"Layered backgrounds, tones, and object detail produce above-balanced density; lettering was excluded.",At least six distinct official or licensed interior pages across at least two contexts were inspected; cover art and lettering were excluded; panel approval remains pending.,modelObservedPendingPanel
the-heroic-legend-of-arslan,visualSoftness,known,2,0.86,originalPublisher,publisher,https://www.kodansha.co.jp/comic/products/0000019131/trial,standard Japanese Volume 1; ISBN 9784063950502,The observed official or licensed Japanese Volume 1 interior is within original volumes 1-3 and maps directly to entry_1_3_volumes.,Kodansha reader state after 14 left turns; Kodansha reader state after 16 left turns; Kodansha reader state after 18 left turns; Kodansha reader state after 20 left turns; Kodansha reader state after 22 left turns; Kodansha reader state after 24 left turns; Kodansha reader state after 26 left turns; Kodansha reader state after 28 left turns,8,palace corridor and royal audience; capital procession; stable and street encounter,"Rounded and angular forms remain balanced, producing a neutral visual softness.",At least six distinct official or licensed interior pages across at least two contexts were inspected; cover art and lettering were excluded; panel approval remains pending.,modelObservedPendingPanel
the-heroic-legend-of-arslan,motionImpact,unknown,,,originalPublisher,publisher,https://www.kodansha.co.jp/comic/products/0000019131/trial,standard Japanese Volume 1; ISBN 9784063950502,The observed official or licensed Japanese Volume 1 interior is within original volumes 1-3 and maps directly to entry_1_3_volumes.,Kodansha reader state after 14 left turns; Kodansha reader state after 16 left turns; Kodansha reader state after 18 left turns; Kodansha reader state after 20 left turns; Kodansha reader state after 22 left turns; Kodansha reader state after 24 left turns; Kodansha reader state after 26 left turns; Kodansha reader state after 28 left turns,8,palace corridor and royal audience; capital procession; stable and street encounter,The cited sample does not establish a sufficiently representative continuous physical-action sequence.,The inspected sample did not establish a representative continuous physical-action sequence across entry_1_3_volumes; no 0-4 value is assigned.,modelObservedPendingPanel
