workId,axisId,state,value,confidence,evidenceId
dungeon-meshi,progression,known,1,0.83,ev-g1-adjudicated-dungeon-meshi
dungeon-meshi,problemSolving,known,4,0.98,ev-g1-adjudicated-dungeon-meshi
dungeon-meshi,strategy,known,2,0.93,ev-g1-adjudicated-dungeon-meshi
dungeon-meshi,pacing,known,3,0.92,ev-g1-adjudicated-dungeon-meshi
dungeon-meshi,mysteryReveal,known,3,0.91,ev-g1-adjudicated-dungeon-meshi
dungeon-meshi,worldBuilding,known,4,0.99,ev-g1-adjudicated-dungeon-meshi
dungeon-meshi,characterArcWeight,known,2,0.90,ev-g1-adjudicated-dungeon-meshi
dungeon-meshi,relationshipStructure,known,2,0.95,ev-g1-adjudicated-dungeon-meshi
dungeon-meshi,comedy,known,4,0.96,ev-g1-adjudicated-dungeon-meshi
dungeon-meshi,darkness,known,2,0.93,ev-g1-adjudicated-dungeon-meshi
dungeon-meshi,mentalStress,known,2,0.90,ev-g1-adjudicated-dungeon-meshi
dungeon-meshi,romance,unknown,,,ev-g1-adjudicated-dungeon-meshi
dungeon-meshi,emotionalWarmth,known,3,0.94,ev-g1-adjudicated-dungeon-meshi
dungeon-meshi,artRealism,known,2,0.88,ev-g1-art-dungeon-meshi
dungeon-meshi,artDensity,known,3,0.89,ev-g1-art-dungeon-meshi
dungeon-meshi,visualSoftness,known,2,0.84,ev-g1-art-dungeon-meshi
dungeon-meshi,motionImpact,known,3,0.86,ev-g1-art-dungeon-meshi
kingdom,progression,known,3,0.94,ev-g1-adjudicated-kingdom
kingdom,problemSolving,known,2,0.92,ev-g1-adjudicated-kingdom
kingdom,strategy,known,4,0.96,ev-g1-adjudicated-kingdom
kingdom,pacing,known,4,0.96,ev-g1-adjudicated-kingdom
kingdom,mysteryReveal,known,1,0.80,ev-g1-adjudicated-kingdom
kingdom,worldBuilding,known,4,0.98,ev-g1-adjudicated-kingdom
kingdom,characterArcWeight,known,3,0.93,ev-g1-adjudicated-kingdom
kingdom,relationshipStructure,known,3,0.92,ev-g1-adjudicated-kingdom
kingdom,comedy,known,1,0.72,ev-g1-adjudicated-kingdom
kingdom,darkness,known,3,0.94,ev-g1-adjudicated-kingdom
kingdom,mentalStress,known,2,0.91,ev-g1-adjudicated-kingdom
kingdom,romance,unknown,,,ev-g1-adjudicated-kingdom
kingdom,emotionalWarmth,known,2,0.91,ev-g1-adjudicated-kingdom
kingdom,artRealism,known,4,0.92,ev-g1-art-kingdom
kingdom,artDensity,known,4,0.94,ev-g1-art-kingdom
kingdom,visualSoftness,known,0,0.91,ev-g1-art-kingdom
kingdom,motionImpact,unknown,,,ev-g1-art-kingdom
fullmetal-alchemist,progression,known,1,0.74,ev-fullmetal-alchemist
fullmetal-alchemist,problemSolving,known,4,0.95,ev-fullmetal-alchemist
fullmetal-alchemist,strategy,known,2,0.83,ev-fullmetal-alchemist
fullmetal-alchemist,pacing,known,4,0.93,ev-fullmetal-alchemist
fullmetal-alchemist,mysteryReveal,known,4,0.96,ev-fullmetal-alchemist
fullmetal-alchemist,worldBuilding,known,4,0.96,ev-fullmetal-alchemist
fullmetal-alchemist,characterArcWeight,known,3,0.90,ev-fullmetal-alchemist
fullmetal-alchemist,relationshipStructure,known,3,0.89,ev-fullmetal-alchemist
fullmetal-alchemist,comedy,known,2,0.92,ev-fullmetal-alchemist
fullmetal-alchemist,darkness,known,4,0.97,ev-fullmetal-alchemist
fullmetal-alchemist,mentalStress,known,3,0.92,ev-fullmetal-alchemist
fullmetal-alchemist,romance,known,0,0.88,ev-fullmetal-alchemist
fullmetal-alchemist,emotionalWarmth,known,3,0.89,ev-fullmetal-alchemist
fullmetal-alchemist,artRealism,known,2,0.90,ev-g1-art-fullmetal-alchemist
fullmetal-alchemist,artDensity,known,2,0.89,ev-g1-art-fullmetal-alchemist
fullmetal-alchemist,visualSoftness,known,1,0.86,ev-g1-art-fullmetal-alchemist
fullmetal-alchemist,motionImpact,known,4,0.94,ev-g1-art-fullmetal-alchemist
death-note,progression,known,1,0.72,ev-death-note
death-note,problemSolving,known,4,0.99,ev-death-note
death-note,strategy,known,4,0.98,ev-death-note
death-note,pacing,known,4,0.94,ev-death-note
death-note,mysteryReveal,known,4,0.98,ev-death-note
death-note,worldBuilding,known,3,0.90,ev-death-note
death-note,characterArcWeight,known,2,0.85,ev-death-note
death-note,relationshipStructure,known,3,0.88,ev-death-note
death-note,comedy,known,0,0.91,ev-death-note
death-note,darkness,known,4,0.99,ev-death-note
death-note,mentalStress,known,4,0.97,ev-death-note
death-note,romance,known,0,0.95,ev-death-note
death-note,emotionalWarmth,known,0,0.94,ev-death-note
death-note,artRealism,known,4,0.95,ev-g1-art-death-note
death-note,artDensity,known,3,0.88,ev-g1-art-death-note
death-note,visualSoftness,known,1,0.87,ev-g1-art-death-note
death-note,motionImpact,unknown,,,ev-g1-art-death-note
spy-family,progression,known,2,0.82,ev-spy-family
spy-family,problemSolving,known,3,0.88,ev-spy-family
spy-family,strategy,known,3,0.91,ev-spy-family
spy-family,pacing,known,4,0.93,ev-spy-family
spy-family,mysteryReveal,known,2,0.78,ev-spy-family
spy-family,worldBuilding,known,3,0.86,ev-spy-family
spy-family,characterArcWeight,known,3,0.90,ev-spy-family
spy-family,relationshipStructure,known,3,0.91,ev-spy-family
spy-family,comedy,known,4,0.98,ev-spy-family
spy-family,darkness,known,2,0.88,ev-spy-family
spy-family,mentalStress,known,1,0.84,ev-spy-family
spy-family,romance,known,1,0.75,ev-spy-family
spy-family,emotionalWarmth,known,4,0.95,ev-spy-family
spy-family,artRealism,known,2,0.88,ev-g1-art-spy-family
spy-family,artDensity,known,2,0.88,ev-g1-art-spy-family
spy-family,visualSoftness,known,3,0.87,ev-g1-art-spy-family
spy-family,motionImpact,unknown,,,ev-g1-art-spy-family
frieren,progression,known,1,0.76,ev-frieren
frieren,problemSolving,known,2,0.83,ev-frieren
frieren,strategy,known,1,0.78,ev-frieren
frieren,pacing,known,3,0.91,ev-frieren
frieren,mysteryReveal,known,2,0.82,ev-frieren
frieren,worldBuilding,known,4,0.95,ev-frieren
frieren,characterArcWeight,known,4,0.98,ev-frieren
frieren,relationshipStructure,known,2,0.94,ev-frieren
frieren,comedy,known,2,0.90,ev-frieren
frieren,darkness,known,2,0.92,ev-frieren
frieren,mentalStress,known,1,0.87,ev-frieren
frieren,romance,unknown,,,ev-frieren
frieren,emotionalWarmth,known,4,0.97,ev-frieren
frieren,artRealism,known,2,0.91,ev-g1-art-frieren
frieren,artDensity,known,2,0.89,ev-g1-art-frieren
frieren,visualSoftness,known,3,0.92,ev-g1-art-frieren
frieren,motionImpact,unknown,,,ev-g1-art-frieren
chainsaw-man,progression,known,1,0.79,ev-chainsaw-man
chainsaw-man,problemSolving,known,2,0.88,ev-chainsaw-man
chainsaw-man,strategy,known,1,0.84,ev-chainsaw-man
chainsaw-man,pacing,known,4,0.99,ev-chainsaw-man
chainsaw-man,mysteryReveal,known,2,0.92,ev-chainsaw-man
chainsaw-man,worldBuilding,known,3,0.95,ev-chainsaw-man
chainsaw-man,characterArcWeight,known,3,0.92,ev-chainsaw-man
chainsaw-man,relationshipStructure,known,3,0.94,ev-chainsaw-man
chainsaw-man,comedy,known,3,0.97,ev-chainsaw-man
chainsaw-man,darkness,known,4,0.99,ev-chainsaw-man
chainsaw-man,mentalStress,known,3,0.94,ev-chainsaw-man
chainsaw-man,romance,known,2,0.93,ev-chainsaw-man
chainsaw-man,emotionalWarmth,known,1,0.86,ev-chainsaw-man
chainsaw-man,artRealism,known,2,0.91,ev-g1-art-chainsaw-man
chainsaw-man,artDensity,known,2,0.91,ev-g1-art-chainsaw-man
chainsaw-man,visualSoftness,known,0,0.98,ev-g1-art-chainsaw-man
chainsaw-man,motionImpact,known,4,0.99,ev-g1-art-chainsaw-man
blue-lock,progression,known,4,0.98,ev-g1-adjudicated-blue-lock
blue-lock,problemSolving,known,3,0.90,ev-g1-adjudicated-blue-lock
blue-lock,strategy,known,2,0.94,ev-g1-adjudicated-blue-lock
blue-lock,pacing,known,4,0.95,ev-g1-adjudicated-blue-lock
blue-lock,mysteryReveal,known,0,0.88,ev-g1-adjudicated-blue-lock
blue-lock,worldBuilding,known,2,0.94,ev-g1-adjudicated-blue-lock
blue-lock,characterArcWeight,known,3,0.93,ev-g1-adjudicated-blue-lock
blue-lock,relationshipStructure,known,2,0.93,ev-g1-adjudicated-blue-lock
blue-lock,comedy,known,1,0.62,ev-g1-adjudicated-blue-lock
blue-lock,darkness,known,1,0.86,ev-g1-adjudicated-blue-lock
blue-lock,mentalStress,known,4,0.97,ev-g1-adjudicated-blue-lock
blue-lock,romance,unknown,,,ev-g1-adjudicated-blue-lock
blue-lock,emotionalWarmth,unknown,,,ev-g1-adjudicated-blue-lock
blue-lock,artRealism,known,3,0.94,ev-g1-art-blue-lock
blue-lock,artDensity,known,3,0.96,ev-g1-art-blue-lock
blue-lock,visualSoftness,known,0,0.98,ev-g1-art-blue-lock
blue-lock,motionImpact,known,4,0.99,ev-g1-art-blue-lock
monster,progression,known,0,0.88,ev-g1-adjudicated-monster
monster,problemSolving,known,3,0.86,ev-g1-adjudicated-monster
monster,strategy,known,1,0.78,ev-g1-adjudicated-monster
monster,pacing,known,3,0.90,ev-g1-adjudicated-monster
monster,mysteryReveal,known,4,0.99,ev-g1-adjudicated-monster
monster,worldBuilding,known,2,0.90,ev-g1-adjudicated-monster
monster,characterArcWeight,known,4,0.96,ev-g1-adjudicated-monster
monster,relationshipStructure,known,3,0.88,ev-g1-adjudicated-monster
monster,comedy,known,0,0.90,ev-g1-adjudicated-monster
monster,darkness,known,4,0.99,ev-g1-adjudicated-monster
monster,mentalStress,known,4,0.98,ev-g1-adjudicated-monster
monster,romance,known,1,0.86,ev-g1-adjudicated-monster
monster,emotionalWarmth,unknown,,,ev-g1-adjudicated-monster
monster,artRealism,known,4,0.99,ev-g1-art-monster
monster,artDensity,known,3,0.97,ev-g1-art-monster
monster,visualSoftness,known,1,0.95,ev-g1-art-monster
monster,motionImpact,unknown,,,ev-g1-art-monster
yotsuba-to,progression,known,1,0.80,ev-yotsuba-to
yotsuba-to,problemSolving,known,0,0.93,ev-yotsuba-to
yotsuba-to,strategy,known,0,0.99,ev-yotsuba-to
yotsuba-to,pacing,known,0,0.99,ev-yotsuba-to
yotsuba-to,mysteryReveal,known,0,0.99,ev-yotsuba-to
yotsuba-to,worldBuilding,known,0,0.98,ev-yotsuba-to
yotsuba-to,characterArcWeight,known,2,0.90,ev-yotsuba-to
yotsuba-to,relationshipStructure,known,2,0.95,ev-yotsuba-to
yotsuba-to,comedy,known,4,0.99,ev-yotsuba-to
yotsuba-to,darkness,known,0,0.99,ev-yotsuba-to
yotsuba-to,mentalStress,known,0,0.99,ev-yotsuba-to
yotsuba-to,romance,known,0,0.99,ev-yotsuba-to
yotsuba-to,emotionalWarmth,known,4,0.99,ev-yotsuba-to
yotsuba-to,artRealism,known,3,0.97,ev-g1-art-yotsuba-to
yotsuba-to,artDensity,known,2,0.95,ev-g1-art-yotsuba-to
yotsuba-to,visualSoftness,known,3,0.98,ev-g1-art-yotsuba-to
yotsuba-to,motionImpact,known,2,0.92,ev-g1-art-yotsuba-to
blame,progression,known,0,0.91,ev-blame
blame,problemSolving,known,2,0.82,ev-blame
blame,strategy,known,0,0.91,ev-blame
blame,pacing,known,2,0.84,ev-blame
blame,mysteryReveal,known,3,0.89,ev-blame
blame,worldBuilding,known,4,0.99,ev-blame
blame,characterArcWeight,known,0,0.92,ev-blame
blame,relationshipStructure,known,1,0.88,ev-blame
blame,comedy,known,0,0.99,ev-blame
blame,darkness,known,4,0.99,ev-blame
blame,mentalStress,known,1,0.84,ev-blame
blame,romance,known,0,0.97,ev-blame
blame,emotionalWarmth,known,0,0.95,ev-blame
blame,artRealism,known,3,0.91,ev-g1-art-blame
blame,artDensity,known,4,0.99,ev-g1-art-blame
blame,visualSoftness,known,0,0.97,ev-g1-art-blame
blame,motionImpact,known,4,0.96,ev-g1-art-blame
one-piece,progression,known,2,0.84,ev-one-piece
one-piece,problemSolving,known,2,0.80,ev-one-piece
one-piece,strategy,known,0,0.78,ev-one-piece
one-piece,pacing,known,4,0.92,ev-one-piece
one-piece,mysteryReveal,known,2,0.78,ev-one-piece
one-piece,worldBuilding,known,4,0.92,ev-one-piece
one-piece,characterArcWeight,known,4,0.88,ev-one-piece
one-piece,relationshipStructure,known,2,0.86,ev-one-piece
one-piece,comedy,known,4,0.94,ev-one-piece
one-piece,darkness,known,2,0.84,ev-one-piece
one-piece,mentalStress,known,1,0.78,ev-one-piece
one-piece,romance,known,0,0.88,ev-one-piece
one-piece,emotionalWarmth,known,4,0.90,ev-one-piece
one-piece,artRealism,known,0,0.86,ev-g1-art-one-piece
one-piece,artDensity,known,2,0.80,ev-g1-art-one-piece
one-piece,visualSoftness,known,0,0.82,ev-g1-art-one-piece
one-piece,motionImpact,unknown,,,ev-g1-art-one-piece
naruto,progression,known,4,0.90,ev-naruto
naruto,problemSolving,known,2,0.84,ev-naruto
naruto,strategy,known,2,0.84,ev-naruto
naruto,pacing,known,4,0.91,ev-naruto
naruto,mysteryReveal,known,2,0.80,ev-naruto
naruto,worldBuilding,known,4,0.91,ev-naruto
naruto,characterArcWeight,known,4,0.90,ev-naruto
naruto,relationshipStructure,known,2,0.86,ev-naruto
naruto,comedy,known,4,0.90,ev-naruto
naruto,darkness,known,2,0.86,ev-naruto
naruto,mentalStress,known,2,0.82,ev-naruto
naruto,romance,known,1,0.78,ev-naruto
naruto,emotionalWarmth,known,4,0.88,ev-naruto
naruto,artRealism,known,2,0.84,ev-g1-art-naruto
naruto,artDensity,known,2,0.82,ev-g1-art-naruto
naruto,visualSoftness,known,2,0.80,ev-g1-art-naruto
naruto,motionImpact,unknown,,,ev-g1-art-naruto
dragon-ball,progression,known,2,0.84,ev-dragon-ball
dragon-ball,problemSolving,known,2,0.84,ev-dragon-ball
dragon-ball,strategy,known,0,0.84,ev-dragon-ball
dragon-ball,pacing,known,4,0.94,ev-dragon-ball
dragon-ball,mysteryReveal,known,0,0.86,ev-dragon-ball
dragon-ball,worldBuilding,known,2,0.86,ev-dragon-ball
dragon-ball,characterArcWeight,known,2,0.84,ev-dragon-ball
dragon-ball,relationshipStructure,known,2,0.84,ev-dragon-ball
dragon-ball,comedy,known,4,0.96,ev-dragon-ball
dragon-ball,darkness,known,0,0.92,ev-dragon-ball
dragon-ball,mentalStress,known,0,0.92,ev-dragon-ball
dragon-ball,romance,known,2,0.80,ev-dragon-ball
dragon-ball,emotionalWarmth,known,2,0.84,ev-dragon-ball
dragon-ball,artRealism,known,0,0.90,ev-g1-art-dragon-ball
dragon-ball,artDensity,known,2,0.84,ev-g1-art-dragon-ball
dragon-ball,visualSoftness,known,2,0.84,ev-g1-art-dragon-ball
dragon-ball,motionImpact,unknown,,,ev-g1-art-dragon-ball
attack-on-titan,progression,known,2,0.80,ev-attack-on-titan
attack-on-titan,problemSolving,known,2,0.84,ev-attack-on-titan
attack-on-titan,strategy,known,2,0.82,ev-attack-on-titan
attack-on-titan,pacing,known,4,0.94,ev-attack-on-titan
attack-on-titan,mysteryReveal,known,4,0.90,ev-attack-on-titan
attack-on-titan,worldBuilding,known,4,0.94,ev-attack-on-titan
attack-on-titan,characterArcWeight,known,4,0.92,ev-attack-on-titan
attack-on-titan,relationshipStructure,known,4,0.90,ev-attack-on-titan
attack-on-titan,comedy,known,0,0.94,ev-attack-on-titan
attack-on-titan,darkness,known,4,0.98,ev-attack-on-titan
attack-on-titan,mentalStress,known,4,0.96,ev-attack-on-titan
attack-on-titan,romance,known,0,0.90,ev-attack-on-titan
attack-on-titan,emotionalWarmth,known,2,0.82,ev-attack-on-titan
attack-on-titan,artRealism,known,2,0.80,ev-g1-art-attack-on-titan
attack-on-titan,artDensity,known,2,0.78,ev-g1-art-attack-on-titan
attack-on-titan,visualSoftness,known,0,0.90,ev-g1-art-attack-on-titan
attack-on-titan,motionImpact,unknown,,,ev-g1-art-attack-on-titan
demon-slayer,progression,known,4,0.90,ev-demon-slayer
demon-slayer,problemSolving,known,2,0.84,ev-demon-slayer
demon-slayer,strategy,known,2,0.82,ev-demon-slayer
demon-slayer,pacing,known,4,0.92,ev-demon-slayer
demon-slayer,mysteryReveal,known,2,0.80,ev-demon-slayer
demon-slayer,worldBuilding,known,4,0.90,ev-demon-slayer
demon-slayer,characterArcWeight,known,4,0.92,ev-demon-slayer
demon-slayer,relationshipStructure,known,2,0.86,ev-demon-slayer
demon-slayer,comedy,known,2,0.86,ev-demon-slayer
demon-slayer,darkness,known,4,0.94,ev-demon-slayer
demon-slayer,mentalStress,known,2,0.84,ev-demon-slayer
demon-slayer,romance,known,0,0.92,ev-demon-slayer
demon-slayer,emotionalWarmth,known,4,0.92,ev-demon-slayer
demon-slayer,artRealism,known,2,0.82,ev-g1-art-demon-slayer
demon-slayer,artDensity,known,2,0.80,ev-g1-art-demon-slayer
demon-slayer,visualSoftness,known,2,0.82,ev-g1-art-demon-slayer
demon-slayer,motionImpact,unknown,,,ev-g1-art-demon-slayer
jujutsu-kaisen,progression,known,2,0.84,ev-jujutsu-kaisen
jujutsu-kaisen,problemSolving,known,2,0.84,ev-jujutsu-kaisen
jujutsu-kaisen,strategy,known,2,0.84,ev-jujutsu-kaisen
jujutsu-kaisen,pacing,known,4,0.94,ev-jujutsu-kaisen
jujutsu-kaisen,mysteryReveal,known,2,0.82,ev-jujutsu-kaisen
jujutsu-kaisen,worldBuilding,known,4,0.92,ev-jujutsu-kaisen
jujutsu-kaisen,characterArcWeight,known,2,0.84,ev-jujutsu-kaisen
jujutsu-kaisen,relationshipStructure,known,2,0.86,ev-jujutsu-kaisen
jujutsu-kaisen,comedy,known,2,0.86,ev-jujutsu-kaisen
jujutsu-kaisen,darkness,known,4,0.96,ev-jujutsu-kaisen
jujutsu-kaisen,mentalStress,known,4,0.92,ev-jujutsu-kaisen
jujutsu-kaisen,romance,known,0,0.94,ev-jujutsu-kaisen
jujutsu-kaisen,emotionalWarmth,known,2,0.82,ev-jujutsu-kaisen
jujutsu-kaisen,artRealism,known,2,0.84,ev-g1-art-jujutsu-kaisen
jujutsu-kaisen,artDensity,known,2,0.82,ev-g1-art-jujutsu-kaisen
jujutsu-kaisen,visualSoftness,known,0,0.88,ev-g1-art-jujutsu-kaisen
jujutsu-kaisen,motionImpact,unknown,,,ev-g1-art-jujutsu-kaisen
my-hero-academia,progression,known,4,0.94,ev-my-hero-academia
my-hero-academia,problemSolving,known,2,0.84,ev-my-hero-academia
my-hero-academia,strategy,known,2,0.86,ev-my-hero-academia
my-hero-academia,pacing,known,4,0.92,ev-my-hero-academia
my-hero-academia,mysteryReveal,known,0,0.86,ev-my-hero-academia
my-hero-academia,worldBuilding,known,4,0.92,ev-my-hero-academia
my-hero-academia,characterArcWeight,known,4,0.92,ev-my-hero-academia
my-hero-academia,relationshipStructure,known,2,0.90,ev-my-hero-academia
my-hero-academia,comedy,known,2,0.86,ev-my-hero-academia
my-hero-academia,darkness,known,2,0.84,ev-my-hero-academia
my-hero-academia,mentalStress,known,2,0.82,ev-my-hero-academia
my-hero-academia,romance,known,1,0.76,ev-my-hero-academia
my-hero-academia,emotionalWarmth,known,2,0.90,ev-my-hero-academia
my-hero-academia,artRealism,known,1,0.90,ev-g1-art-my-hero-academia
my-hero-academia,artDensity,known,3,0.86,ev-g1-art-my-hero-academia
my-hero-academia,visualSoftness,known,1,0.87,ev-g1-art-my-hero-academia
my-hero-academia,motionImpact,known,4,0.94,ev-g1-art-my-hero-academia
hunter-x-hunter,progression,known,2,0.84,ev-hunter-x-hunter
hunter-x-hunter,problemSolving,known,4,0.92,ev-hunter-x-hunter
hunter-x-hunter,strategy,known,2,0.90,ev-hunter-x-hunter
hunter-x-hunter,pacing,known,4,0.92,ev-hunter-x-hunter
hunter-x-hunter,mysteryReveal,known,2,0.82,ev-hunter-x-hunter
hunter-x-hunter,worldBuilding,known,4,0.92,ev-hunter-x-hunter
hunter-x-hunter,characterArcWeight,known,4,0.88,ev-hunter-x-hunter
hunter-x-hunter,relationshipStructure,known,2,0.88,ev-hunter-x-hunter
hunter-x-hunter,comedy,known,2,0.84,ev-hunter-x-hunter
hunter-x-hunter,darkness,known,2,0.84,ev-hunter-x-hunter
hunter-x-hunter,mentalStress,known,2,0.82,ev-hunter-x-hunter
hunter-x-hunter,romance,known,0,0.92,ev-hunter-x-hunter
hunter-x-hunter,emotionalWarmth,known,4,0.88,ev-hunter-x-hunter
hunter-x-hunter,artRealism,known,2,0.82,ev-g1-art-hunter-x-hunter
hunter-x-hunter,artDensity,known,2,0.82,ev-g1-art-hunter-x-hunter
hunter-x-hunter,visualSoftness,known,2,0.82,ev-g1-art-hunter-x-hunter
hunter-x-hunter,motionImpact,unknown,,,ev-g1-art-hunter-x-hunter
jojo-bizarre-adventure,progression,known,2,0.84,ev-g1-adjudicated-jojo-bizarre-adventure
jojo-bizarre-adventure,problemSolving,known,2,0.80,ev-g1-adjudicated-jojo-bizarre-adventure
jojo-bizarre-adventure,strategy,known,2,0.76,ev-g1-adjudicated-jojo-bizarre-adventure
jojo-bizarre-adventure,pacing,known,4,0.93,ev-g1-adjudicated-jojo-bizarre-adventure
jojo-bizarre-adventure,mysteryReveal,known,4,0.92,ev-g1-adjudicated-jojo-bizarre-adventure
jojo-bizarre-adventure,worldBuilding,known,2,0.88,ev-g1-adjudicated-jojo-bizarre-adventure
jojo-bizarre-adventure,characterArcWeight,known,4,0.92,ev-g1-adjudicated-jojo-bizarre-adventure
jojo-bizarre-adventure,relationshipStructure,known,2,0.88,ev-g1-adjudicated-jojo-bizarre-adventure
jojo-bizarre-adventure,comedy,known,2,0.76,ev-g1-adjudicated-jojo-bizarre-adventure
jojo-bizarre-adventure,darkness,known,4,0.96,ev-g1-adjudicated-jojo-bizarre-adventure
jojo-bizarre-adventure,mentalStress,known,3,0.86,ev-g1-adjudicated-jojo-bizarre-adventure
jojo-bizarre-adventure,romance,known,2,0.72,ev-g1-adjudicated-jojo-bizarre-adventure
jojo-bizarre-adventure,emotionalWarmth,known,2,0.82,ev-g1-adjudicated-jojo-bizarre-adventure
jojo-bizarre-adventure,artRealism,known,4,0.90,ev-g1-art-jojo-bizarre-adventure
jojo-bizarre-adventure,artDensity,known,4,0.88,ev-g1-art-jojo-bizarre-adventure
jojo-bizarre-adventure,visualSoftness,known,0,0.90,ev-g1-art-jojo-bizarre-adventure
jojo-bizarre-adventure,motionImpact,unknown,,,ev-g1-art-jojo-bizarre-adventure
berserk,progression,unknown,,,ev-g1-adjudicated-berserk
berserk,problemSolving,known,0,0.86,ev-g1-adjudicated-berserk
berserk,strategy,known,0,0.82,ev-g1-adjudicated-berserk
berserk,pacing,known,4,0.90,ev-g1-adjudicated-berserk
berserk,mysteryReveal,known,4,0.91,ev-g1-adjudicated-berserk
berserk,worldBuilding,known,4,0.91,ev-g1-adjudicated-berserk
berserk,characterArcWeight,known,3,0.86,ev-g1-adjudicated-berserk
berserk,relationshipStructure,known,1,0.90,ev-g1-adjudicated-berserk
berserk,comedy,known,2,0.80,ev-g1-adjudicated-berserk
berserk,darkness,known,4,0.99,ev-g1-adjudicated-berserk
berserk,mentalStress,known,3,0.88,ev-g1-adjudicated-berserk
berserk,romance,unknown,,,ev-g1-adjudicated-berserk
berserk,emotionalWarmth,known,1,0.78,ev-g1-adjudicated-berserk
berserk,artRealism,known,3,0.86,ev-g1-art-berserk
berserk,artDensity,known,4,0.91,ev-g1-art-berserk
berserk,visualSoftness,known,0,0.88,ev-g1-art-berserk
berserk,motionImpact,unknown,,,ev-g1-art-berserk
vinland-saga,progression,known,2,0.82,ev-vinland-saga
vinland-saga,problemSolving,known,2,0.82,ev-vinland-saga
vinland-saga,strategy,known,2,0.84,ev-vinland-saga
vinland-saga,pacing,known,4,0.92,ev-vinland-saga
vinland-saga,mysteryReveal,known,0,0.84,ev-vinland-saga
vinland-saga,worldBuilding,known,4,0.94,ev-vinland-saga
vinland-saga,characterArcWeight,known,4,0.94,ev-vinland-saga
vinland-saga,relationshipStructure,known,4,0.90,ev-vinland-saga
vinland-saga,comedy,known,0,0.88,ev-vinland-saga
vinland-saga,darkness,known,4,0.96,ev-vinland-saga
vinland-saga,mentalStress,known,4,0.92,ev-vinland-saga
vinland-saga,romance,known,0,0.92,ev-vinland-saga
vinland-saga,emotionalWarmth,known,2,0.82,ev-vinland-saga
vinland-saga,artRealism,known,3,0.88,ev-g1-art-vinland-saga
vinland-saga,artDensity,known,4,0.93,ev-g1-art-vinland-saga
vinland-saga,visualSoftness,known,1,0.82,ev-g1-art-vinland-saga
vinland-saga,motionImpact,known,4,0.86,ev-g1-art-vinland-saga
vagabond,progression,known,4,0.92,ev-vagabond
vagabond,problemSolving,known,2,0.82,ev-vagabond
vagabond,strategy,known,2,0.84,ev-vagabond
vagabond,pacing,known,2,0.86,ev-vagabond
vagabond,mysteryReveal,known,0,0.86,ev-vagabond
vagabond,worldBuilding,known,2,0.82,ev-vagabond
vagabond,characterArcWeight,known,4,0.94,ev-vagabond
vagabond,relationshipStructure,known,2,0.84,ev-vagabond
vagabond,comedy,known,0,0.88,ev-vagabond
vagabond,darkness,known,4,0.94,ev-vagabond
vagabond,mentalStress,known,4,0.90,ev-vagabond
vagabond,romance,known,2,0.82,ev-vagabond
vagabond,emotionalWarmth,known,2,0.80,ev-vagabond
vagabond,artRealism,known,4,0.96,ev-g1-art-vagabond
vagabond,artDensity,known,4,0.94,ev-g1-art-vagabond
vagabond,visualSoftness,known,0,0.94,ev-g1-art-vagabond
vagabond,motionImpact,unknown,,,ev-g1-art-vagabond-motion
golden-kamuy,progression,known,0,0.88,ev-golden-kamuy
golden-kamuy,problemSolving,known,4,0.92,ev-golden-kamuy
golden-kamuy,strategy,known,2,0.86,ev-golden-kamuy
golden-kamuy,pacing,known,4,0.92,ev-golden-kamuy
golden-kamuy,mysteryReveal,known,4,0.92,ev-golden-kamuy
golden-kamuy,worldBuilding,known,4,0.94,ev-golden-kamuy
golden-kamuy,characterArcWeight,known,4,0.90,ev-golden-kamuy
golden-kamuy,relationshipStructure,known,4,0.90,ev-golden-kamuy
golden-kamuy,comedy,known,4,0.94,ev-golden-kamuy
golden-kamuy,darkness,known,4,0.92,ev-golden-kamuy
golden-kamuy,mentalStress,known,2,0.82,ev-golden-kamuy
golden-kamuy,romance,known,0,0.88,ev-golden-kamuy
golden-kamuy,emotionalWarmth,known,4,0.90,ev-golden-kamuy
golden-kamuy,artRealism,known,4,0.92,ev-g1-art-golden-kamuy
golden-kamuy,artDensity,known,4,0.90,ev-g1-art-golden-kamuy
golden-kamuy,visualSoftness,known,0,0.90,ev-g1-art-golden-kamuy
golden-kamuy,motionImpact,known,4,0.93,ev-g1-art-golden-kamuy
made-in-abyss,progression,known,2,0.84,ev-made-in-abyss
made-in-abyss,problemSolving,known,2,0.86,ev-made-in-abyss
made-in-abyss,strategy,known,0,0.82,ev-made-in-abyss
made-in-abyss,pacing,known,4,0.90,ev-made-in-abyss
made-in-abyss,mysteryReveal,known,4,0.93,ev-made-in-abyss
made-in-abyss,worldBuilding,known,4,0.95,ev-made-in-abyss
made-in-abyss,characterArcWeight,known,2,0.84,ev-made-in-abyss
made-in-abyss,relationshipStructure,known,2,0.88,ev-made-in-abyss
made-in-abyss,comedy,known,2,0.82,ev-made-in-abyss
made-in-abyss,darkness,known,4,0.92,ev-made-in-abyss
made-in-abyss,mentalStress,known,4,0.90,ev-made-in-abyss
made-in-abyss,romance,known,0,0.88,ev-made-in-abyss
made-in-abyss,emotionalWarmth,known,2,0.86,ev-made-in-abyss
made-in-abyss,artRealism,known,0,0.95,ev-g1-art-made-in-abyss
made-in-abyss,artDensity,known,4,0.96,ev-g1-art-made-in-abyss
made-in-abyss,visualSoftness,known,4,0.94,ev-g1-art-made-in-abyss
made-in-abyss,motionImpact,unknown,,,ev-g1-art-made-in-abyss
land-of-the-lustrous,progression,known,2,0.86,ev-land-of-the-lustrous
land-of-the-lustrous,problemSolving,known,2,0.82,ev-land-of-the-lustrous
land-of-the-lustrous,strategy,known,0,0.84,ev-land-of-the-lustrous
land-of-the-lustrous,pacing,known,2,0.86,ev-land-of-the-lustrous
land-of-the-lustrous,mysteryReveal,known,4,0.84,ev-land-of-the-lustrous
land-of-the-lustrous,worldBuilding,known,4,0.94,ev-land-of-the-lustrous
land-of-the-lustrous,characterArcWeight,known,4,0.93,ev-land-of-the-lustrous
land-of-the-lustrous,relationshipStructure,known,4,0.88,ev-land-of-the-lustrous
land-of-the-lustrous,comedy,known,2,0.82,ev-land-of-the-lustrous
land-of-the-lustrous,darkness,known,2,0.85,ev-land-of-the-lustrous
land-of-the-lustrous,mentalStress,known,2,0.83,ev-land-of-the-lustrous
land-of-the-lustrous,romance,known,0,0.89,ev-land-of-the-lustrous
land-of-the-lustrous,emotionalWarmth,known,2,0.82,ev-land-of-the-lustrous
land-of-the-lustrous,artRealism,known,0,0.94,ev-g1-art-land-of-the-lustrous
land-of-the-lustrous,artDensity,known,2,0.93,ev-g1-art-land-of-the-lustrous
land-of-the-lustrous,visualSoftness,known,4,0.95,ev-g1-art-land-of-the-lustrous
land-of-the-lustrous,motionImpact,unknown,,,ev-g1-art-land-of-the-lustrous
mushishi,progression,known,0,0.93,ev-mushishi
mushishi,problemSolving,known,4,0.94,ev-mushishi
mushishi,strategy,known,0,0.88,ev-mushishi
mushishi,pacing,known,0,0.90,ev-mushishi
mushishi,mysteryReveal,known,4,0.95,ev-mushishi
mushishi,worldBuilding,known,4,0.93,ev-mushishi
mushishi,characterArcWeight,known,2,0.84,ev-mushishi
mushishi,relationshipStructure,known,0,0.92,ev-mushishi
mushishi,comedy,known,0,0.92,ev-mushishi
mushishi,darkness,known,2,0.88,ev-mushishi
mushishi,mentalStress,known,2,0.84,ev-mushishi
mushishi,romance,known,0,0.90,ev-mushishi
mushishi,emotionalWarmth,known,2,0.87,ev-mushishi
mushishi,artRealism,known,2,0.91,ev-g1-art-mushishi
mushishi,artDensity,known,2,0.90,ev-g1-art-mushishi
mushishi,visualSoftness,known,4,0.93,ev-g1-art-mushishi
mushishi,motionImpact,unknown,,,ev-g1-art-mushishi
dr-stone,progression,known,4,0.98,ev-g1-adjudicated-dr-stone
dr-stone,problemSolving,known,4,0.98,ev-g1-adjudicated-dr-stone
dr-stone,strategy,known,2,0.90,ev-g1-adjudicated-dr-stone
dr-stone,pacing,known,4,0.95,ev-g1-adjudicated-dr-stone
dr-stone,mysteryReveal,known,2,0.88,ev-g1-adjudicated-dr-stone
dr-stone,worldBuilding,known,4,0.96,ev-g1-adjudicated-dr-stone
dr-stone,characterArcWeight,known,2,0.86,ev-g1-adjudicated-dr-stone
dr-stone,relationshipStructure,known,2,0.90,ev-g1-adjudicated-dr-stone
dr-stone,comedy,known,4,0.92,ev-g1-adjudicated-dr-stone
dr-stone,darkness,known,2,0.88,ev-g1-adjudicated-dr-stone
dr-stone,mentalStress,known,2,0.84,ev-g1-adjudicated-dr-stone
dr-stone,romance,known,2,0.91,ev-g1-adjudicated-dr-stone
dr-stone,emotionalWarmth,known,4,0.93,ev-g1-adjudicated-dr-stone
dr-stone,artRealism,known,2,0.93,ev-g1-art-dr-stone
dr-stone,artDensity,known,4,0.95,ev-g1-art-dr-stone
dr-stone,visualSoftness,known,0,0.92,ev-g1-art-dr-stone
dr-stone,motionImpact,known,4,0.92,ev-g1-art-dr-stone
promised-neverland,progression,known,0,0.88,ev-promised-neverland
promised-neverland,problemSolving,known,4,0.96,ev-promised-neverland
promised-neverland,strategy,known,4,0.96,ev-promised-neverland
promised-neverland,pacing,known,4,0.93,ev-promised-neverland
promised-neverland,mysteryReveal,known,4,0.96,ev-promised-neverland
promised-neverland,worldBuilding,known,2,0.86,ev-promised-neverland
promised-neverland,characterArcWeight,known,4,0.92,ev-promised-neverland
promised-neverland,relationshipStructure,known,4,0.93,ev-promised-neverland
promised-neverland,comedy,known,0,0.90,ev-promised-neverland
promised-neverland,darkness,known,4,0.95,ev-promised-neverland
promised-neverland,mentalStress,known,4,0.95,ev-promised-neverland
promised-neverland,romance,known,0,0.92,ev-promised-neverland
promised-neverland,emotionalWarmth,known,4,0.89,ev-promised-neverland
promised-neverland,artRealism,known,2,0.91,ev-g1-art-promised-neverland
promised-neverland,artDensity,known,2,0.90,ev-g1-art-promised-neverland
promised-neverland,visualSoftness,known,2,0.90,ev-g1-art-promised-neverland
promised-neverland,motionImpact,unknown,,,ev-g1-art-promised-neverland
erased,progression,known,0,0.87,ev-erased
erased,problemSolving,known,2,0.88,ev-erased
erased,strategy,known,2,0.84,ev-erased
erased,pacing,known,4,0.90,ev-erased
erased,mysteryReveal,known,4,0.94,ev-erased
erased,worldBuilding,known,2,0.82,ev-erased
erased,characterArcWeight,known,4,0.92,ev-erased
erased,relationshipStructure,known,2,0.86,ev-erased
erased,comedy,known,0,0.88,ev-erased
erased,darkness,known,4,0.91,ev-erased
erased,mentalStress,known,4,0.93,ev-erased
erased,romance,known,0,0.82,ev-erased
erased,emotionalWarmth,known,2,0.86,ev-erased
erased,artRealism,known,2,0.92,ev-g1-art-erased
erased,artDensity,known,2,0.91,ev-g1-art-erased
erased,visualSoftness,known,2,0.89,ev-g1-art-erased
erased,motionImpact,unknown,,,ev-g1-art-erased
20th-century-boys,progression,unknown,,,ev-g1-adjudicated-20th-century-boys
20th-century-boys,problemSolving,known,3,0.92,ev-g1-adjudicated-20th-century-boys
20th-century-boys,strategy,known,2,0.85,ev-g1-adjudicated-20th-century-boys
20th-century-boys,pacing,known,4,0.96,ev-g1-adjudicated-20th-century-boys
20th-century-boys,mysteryReveal,known,4,0.99,ev-g1-adjudicated-20th-century-boys
20th-century-boys,worldBuilding,known,2,0.86,ev-g1-adjudicated-20th-century-boys
20th-century-boys,characterArcWeight,known,3,0.90,ev-g1-adjudicated-20th-century-boys
20th-century-boys,relationshipStructure,known,3,0.92,ev-g1-adjudicated-20th-century-boys
20th-century-boys,comedy,unknown,,,ev-g1-adjudicated-20th-century-boys
20th-century-boys,darkness,known,4,0.97,ev-g1-adjudicated-20th-century-boys
20th-century-boys,mentalStress,known,3,0.92,ev-g1-adjudicated-20th-century-boys
20th-century-boys,romance,known,1,0.68,ev-g1-adjudicated-20th-century-boys
20th-century-boys,emotionalWarmth,known,2,0.85,ev-g1-adjudicated-20th-century-boys
20th-century-boys,artRealism,known,4,0.96,ev-g1-art-20th-century-boys
20th-century-boys,artDensity,known,4,0.95,ev-g1-art-20th-century-boys
20th-century-boys,visualSoftness,known,2,0.91,ev-g1-art-20th-century-boys
20th-century-boys,motionImpact,unknown,,,ev-g1-art-20th-century-boys
pluto,progression,known,0,0.92,ev-pluto
pluto,problemSolving,known,4,0.95,ev-pluto
pluto,strategy,known,2,0.86,ev-pluto
pluto,pacing,known,2,0.88,ev-pluto
pluto,mysteryReveal,known,4,0.96,ev-pluto
pluto,worldBuilding,known,4,0.94,ev-pluto
pluto,characterArcWeight,known,4,0.94,ev-pluto
pluto,relationshipStructure,known,4,0.91,ev-pluto
pluto,comedy,known,0,0.93,ev-pluto
pluto,darkness,known,4,0.94,ev-pluto
pluto,mentalStress,known,4,0.92,ev-pluto
pluto,romance,known,0,0.90,ev-pluto
pluto,emotionalWarmth,known,2,0.87,ev-pluto
pluto,artRealism,known,4,0.96,ev-g1-art-pluto
pluto,artDensity,known,4,0.95,ev-g1-art-pluto
pluto,visualSoftness,known,2,0.91,ev-g1-art-pluto
pluto,motionImpact,unknown,,,ev-g1-art-pluto
ghost-in-the-shell,progression,known,0,0.91,ev-ghost-in-the-shell
ghost-in-the-shell,problemSolving,known,4,0.94,ev-ghost-in-the-shell
ghost-in-the-shell,strategy,known,2,0.87,ev-ghost-in-the-shell
ghost-in-the-shell,pacing,known,2,0.86,ev-ghost-in-the-shell
ghost-in-the-shell,mysteryReveal,known,2,0.85,ev-ghost-in-the-shell
ghost-in-the-shell,worldBuilding,known,4,0.96,ev-ghost-in-the-shell
ghost-in-the-shell,characterArcWeight,known,2,0.82,ev-ghost-in-the-shell
ghost-in-the-shell,relationshipStructure,known,2,0.88,ev-ghost-in-the-shell
ghost-in-the-shell,comedy,known,2,0.84,ev-ghost-in-the-shell
ghost-in-the-shell,darkness,known,2,0.90,ev-g1-ghost-in-the-shell-darkness
ghost-in-the-shell,mentalStress,known,1,0.80,ev-g1-ghost-in-the-shell-mental-stress
ghost-in-the-shell,romance,known,0,0.90,ev-ghost-in-the-shell
ghost-in-the-shell,emotionalWarmth,known,1,0.72,ev-g1-ghost-in-the-shell-emotional-warmth
ghost-in-the-shell,artRealism,known,4,0.95,ev-g1-art-ghost-in-the-shell
ghost-in-the-shell,artDensity,known,4,0.97,ev-g1-art-ghost-in-the-shell
ghost-in-the-shell,visualSoftness,known,0,0.94,ev-g1-art-ghost-in-the-shell
ghost-in-the-shell,motionImpact,known,4,0.93,ev-g1-art-ghost-in-the-shell
akira,progression,known,0,0.91,ev-akira
akira,problemSolving,known,0,0.86,ev-akira
akira,strategy,known,2,0.84,ev-akira
akira,pacing,known,4,0.95,ev-akira
akira,mysteryReveal,known,4,0.93,ev-akira
akira,worldBuilding,known,4,0.95,ev-akira
akira,characterArcWeight,known,2,0.85,ev-akira
akira,relationshipStructure,known,4,0.90,ev-akira
akira,comedy,known,0,0.91,ev-akira
akira,darkness,known,4,0.94,ev-akira
akira,mentalStress,known,4,0.91,ev-akira
akira,romance,known,0,0.91,ev-akira
akira,emotionalWarmth,known,0,0.87,ev-akira
akira,artRealism,known,4,0.93,ev-g1-art-akira
akira,artDensity,known,4,0.94,ev-g1-art-akira
akira,visualSoftness,known,0,0.90,ev-g1-art-akira
akira,motionImpact,known,4,0.95,ev-g1-art-akira
witch-hat-atelier,progression,known,4,0.94,ev-witch-hat-atelier
witch-hat-atelier,problemSolving,known,4,0.94,ev-witch-hat-atelier
witch-hat-atelier,strategy,known,2,0.82,ev-witch-hat-atelier
witch-hat-atelier,pacing,known,2,0.87,ev-witch-hat-atelier
witch-hat-atelier,mysteryReveal,known,2,0.86,ev-witch-hat-atelier
witch-hat-atelier,worldBuilding,known,4,0.96,ev-witch-hat-atelier
witch-hat-atelier,characterArcWeight,known,4,0.93,ev-witch-hat-atelier
witch-hat-atelier,relationshipStructure,known,2,0.88,ev-witch-hat-atelier
witch-hat-atelier,comedy,known,2,0.82,ev-witch-hat-atelier
witch-hat-atelier,darkness,known,2,0.84,ev-witch-hat-atelier
witch-hat-atelier,mentalStress,known,2,0.84,ev-witch-hat-atelier
witch-hat-atelier,romance,known,0,0.91,ev-witch-hat-atelier
witch-hat-atelier,emotionalWarmth,known,4,0.93,ev-witch-hat-atelier
witch-hat-atelier,artRealism,known,2,0.94,ev-g1-art-witch-hat-atelier
witch-hat-atelier,artDensity,known,4,0.97,ev-g1-art-witch-hat-atelier
witch-hat-atelier,visualSoftness,known,4,0.96,ev-g1-art-witch-hat-atelier
witch-hat-atelier,motionImpact,unknown,,,ev-g1-art-witch-hat-atelier
mob-psycho-100,progression,known,2,0.91,ev-mob-psycho-100
mob-psycho-100,problemSolving,known,2,0.84,ev-mob-psycho-100
mob-psycho-100,strategy,known,0,0.89,ev-mob-psycho-100
mob-psycho-100,pacing,known,4,0.92,ev-mob-psycho-100
mob-psycho-100,mysteryReveal,known,0,0.86,ev-mob-psycho-100
mob-psycho-100,worldBuilding,known,2,0.82,ev-mob-psycho-100
mob-psycho-100,characterArcWeight,known,4,0.95,ev-mob-psycho-100
mob-psycho-100,relationshipStructure,known,2,0.88,ev-mob-psycho-100
mob-psycho-100,comedy,known,4,0.96,ev-mob-psycho-100
mob-psycho-100,darkness,known,2,0.82,ev-mob-psycho-100
mob-psycho-100,mentalStress,known,2,0.84,ev-mob-psycho-100
mob-psycho-100,romance,known,2,0.86,ev-mob-psycho-100
mob-psycho-100,emotionalWarmth,known,4,0.94,ev-mob-psycho-100
mob-psycho-100,artRealism,known,0,0.96,ev-g1-art-mob-psycho-100
mob-psycho-100,artDensity,known,0,0.94,ev-g1-art-mob-psycho-100
mob-psycho-100,visualSoftness,known,0,0.93,ev-g1-art-mob-psycho-100
mob-psycho-100,motionImpact,unknown,,,ev-g1-art-mob-psycho-100
natsumes-book-of-friends,progression,known,0,0.90,ev-g1c-natsumes-book-of-friends
natsumes-book-of-friends,problemSolving,known,2,0.86,ev-g1c-natsumes-book-of-friends
natsumes-book-of-friends,strategy,known,0,0.91,ev-g1c-natsumes-book-of-friends
natsumes-book-of-friends,pacing,known,2,0.86,ev-g1c-natsumes-book-of-friends
natsumes-book-of-friends,mysteryReveal,known,2,0.82,ev-g1c-natsumes-book-of-friends
natsumes-book-of-friends,worldBuilding,known,4,0.91,ev-g1c-natsumes-book-of-friends
natsumes-book-of-friends,characterArcWeight,known,4,0.94,ev-g1c-natsumes-book-of-friends
natsumes-book-of-friends,relationshipStructure,known,2,0.90,ev-g1c-natsumes-book-of-friends
natsumes-book-of-friends,comedy,known,2,0.88,ev-g1c-natsumes-book-of-friends
natsumes-book-of-friends,darkness,known,2,0.84,ev-g1c-natsumes-book-of-friends
natsumes-book-of-friends,mentalStress,known,2,0.88,ev-g1c-natsumes-book-of-friends
natsumes-book-of-friends,romance,known,0,0.91,ev-g1c-natsumes-book-of-friends
natsumes-book-of-friends,emotionalWarmth,known,4,0.95,ev-g1c-natsumes-book-of-friends
natsumes-book-of-friends,artRealism,known,2,0.78,ev-g1-art-natsumes-book-of-friends
natsumes-book-of-friends,artDensity,known,2,0.76,ev-g1-art-natsumes-book-of-friends
natsumes-book-of-friends,visualSoftness,known,4,0.84,ev-g1-art-natsumes-book-of-friends
natsumes-book-of-friends,motionImpact,known,2,0.82,ev-g1-art-natsumes-book-of-friends
march-comes-in-like-a-lion,progression,known,2,0.88,ev-g1c-march-comes-in-like-a-lion
march-comes-in-like-a-lion,problemSolving,known,4,0.96,ev-g1c-march-comes-in-like-a-lion
march-comes-in-like-a-lion,strategy,known,2,0.96,ev-g1c-march-comes-in-like-a-lion
march-comes-in-like-a-lion,pacing,known,0,0.86,ev-g1c-march-comes-in-like-a-lion
march-comes-in-like-a-lion,mysteryReveal,known,0,0.91,ev-g1c-march-comes-in-like-a-lion
march-comes-in-like-a-lion,worldBuilding,known,2,0.90,ev-g1c-march-comes-in-like-a-lion
march-comes-in-like-a-lion,characterArcWeight,known,4,0.97,ev-g1c-march-comes-in-like-a-lion
march-comes-in-like-a-lion,relationshipStructure,known,4,0.97,ev-g1c-march-comes-in-like-a-lion
march-comes-in-like-a-lion,comedy,known,2,0.90,ev-g1c-march-comes-in-like-a-lion
march-comes-in-like-a-lion,darkness,known,2,0.89,ev-g1c-march-comes-in-like-a-lion
march-comes-in-like-a-lion,mentalStress,known,4,0.96,ev-g1c-march-comes-in-like-a-lion
march-comes-in-like-a-lion,romance,known,0,0.84,ev-g1c-march-comes-in-like-a-lion
march-comes-in-like-a-lion,emotionalWarmth,known,4,0.97,ev-g1c-march-comes-in-like-a-lion
march-comes-in-like-a-lion,artRealism,known,2,0.80,ev-g1-art-march-comes-in-like-a-lion
march-comes-in-like-a-lion,artDensity,known,2,0.78,ev-g1-art-march-comes-in-like-a-lion
march-comes-in-like-a-lion,visualSoftness,known,4,0.85,ev-g1-art-march-comes-in-like-a-lion
march-comes-in-like-a-lion,motionImpact,unknown,,,ev-g1-art-march-comes-in-like-a-lion
a-silent-voice,progression,known,2,0.92,ev-g1c-a-silent-voice
a-silent-voice,problemSolving,known,0,0.94,ev-g1c-a-silent-voice
a-silent-voice,strategy,known,0,0.94,ev-g1c-a-silent-voice
a-silent-voice,pacing,known,2,0.90,ev-g1c-a-silent-voice
a-silent-voice,mysteryReveal,known,2,0.80,ev-g1c-a-silent-voice
a-silent-voice,worldBuilding,known,0,0.93,ev-g1c-a-silent-voice
a-silent-voice,characterArcWeight,known,4,0.98,ev-g1c-a-silent-voice
a-silent-voice,relationshipStructure,known,4,0.96,ev-g1c-a-silent-voice
a-silent-voice,comedy,known,0,0.86,ev-g1c-a-silent-voice
a-silent-voice,darkness,known,2,0.94,ev-g1c-a-silent-voice
a-silent-voice,mentalStress,known,4,0.98,ev-g1c-a-silent-voice
a-silent-voice,romance,known,2,0.84,ev-g1c-a-silent-voice
a-silent-voice,emotionalWarmth,known,2,0.89,ev-g1c-a-silent-voice
a-silent-voice,artRealism,known,4,0.86,ev-g1-art-a-silent-voice
a-silent-voice,artDensity,known,2,0.78,ev-g1-art-a-silent-voice
a-silent-voice,visualSoftness,known,2,0.80,ev-g1-art-a-silent-voice
a-silent-voice,motionImpact,known,2,0.84,ev-g1-art-a-silent-voice
your-lie-in-april,progression,known,4,0.97,ev-g1c-your-lie-in-april
your-lie-in-april,problemSolving,known,2,0.85,ev-g1c-your-lie-in-april
your-lie-in-april,strategy,known,0,0.91,ev-g1c-your-lie-in-april
your-lie-in-april,pacing,known,2,0.88,ev-g1c-your-lie-in-april
your-lie-in-april,mysteryReveal,known,2,0.79,ev-g1c-your-lie-in-april
your-lie-in-april,worldBuilding,known,2,0.88,ev-g1c-your-lie-in-april
your-lie-in-april,characterArcWeight,known,4,0.98,ev-g1c-your-lie-in-april
your-lie-in-april,relationshipStructure,known,2,0.91,ev-g1c-your-lie-in-april
your-lie-in-april,comedy,known,2,0.87,ev-g1c-your-lie-in-april
your-lie-in-april,darkness,known,2,0.93,ev-g1c-your-lie-in-april
your-lie-in-april,mentalStress,known,4,0.97,ev-g1c-your-lie-in-april
your-lie-in-april,romance,known,4,0.98,ev-g1c-your-lie-in-april
your-lie-in-april,emotionalWarmth,known,2,0.90,ev-g1c-your-lie-in-april
your-lie-in-april,artRealism,known,2,0.80,ev-g1-art-your-lie-in-april
your-lie-in-april,artDensity,known,2,0.78,ev-g1-art-your-lie-in-april
your-lie-in-april,visualSoftness,known,4,0.85,ev-g1-art-your-lie-in-april
your-lie-in-april,motionImpact,known,4,0.87,ev-g1-art-your-lie-in-april
kaguya-sama,progression,known,0,0.94,ev-g1c-kaguya-sama
kaguya-sama,problemSolving,known,4,0.98,ev-g1c-kaguya-sama
kaguya-sama,strategy,known,2,0.99,ev-g1c-kaguya-sama
kaguya-sama,pacing,known,2,0.91,ev-g1c-kaguya-sama
kaguya-sama,mysteryReveal,known,0,0.94,ev-g1c-kaguya-sama
kaguya-sama,worldBuilding,known,0,0.95,ev-g1c-kaguya-sama
kaguya-sama,characterArcWeight,known,2,0.92,ev-g1c-kaguya-sama
kaguya-sama,relationshipStructure,known,2,0.96,ev-g1c-kaguya-sama
kaguya-sama,comedy,known,4,0.99,ev-g1c-kaguya-sama
kaguya-sama,darkness,known,0,0.96,ev-g1c-kaguya-sama
kaguya-sama,mentalStress,known,2,0.86,ev-g1c-kaguya-sama
kaguya-sama,romance,known,4,0.99,ev-g1c-kaguya-sama
kaguya-sama,emotionalWarmth,known,2,0.90,ev-g1c-kaguya-sama
kaguya-sama,artRealism,known,2,0.80,ev-g1-art-kaguya-sama
kaguya-sama,artDensity,known,2,0.76,ev-g1-art-kaguya-sama
kaguya-sama,visualSoftness,known,2,0.78,ev-g1-art-kaguya-sama
kaguya-sama,motionImpact,unknown,,,ev-g1-art-kaguya-sama
horimiya,progression,known,2,0.88,ev-g1c-horimiya
horimiya,problemSolving,known,0,0.95,ev-g1c-horimiya
horimiya,strategy,known,0,0.95,ev-g1c-horimiya
horimiya,pacing,known,2,0.91,ev-g1c-horimiya
horimiya,mysteryReveal,known,2,0.84,ev-g1c-horimiya
horimiya,worldBuilding,known,0,0.94,ev-g1c-horimiya
horimiya,characterArcWeight,known,4,0.98,ev-g1c-horimiya
horimiya,relationshipStructure,known,4,0.98,ev-g1c-horimiya
horimiya,comedy,known,2,0.94,ev-g1c-horimiya
horimiya,darkness,known,0,0.95,ev-g1c-horimiya
horimiya,mentalStress,known,2,0.90,ev-g1c-horimiya
horimiya,romance,known,4,0.98,ev-g1c-horimiya
horimiya,emotionalWarmth,known,4,0.98,ev-g1c-horimiya
horimiya,artRealism,known,2,0.81,ev-g1-art-horimiya
horimiya,artDensity,known,2,0.78,ev-g1-art-horimiya
horimiya,visualSoftness,known,4,0.85,ev-g1-art-horimiya
horimiya,motionImpact,unknown,,,ev-g1-art-horimiya
kimi-ni-todoke,progression,known,2,0.92,ev-g1c-kimi-ni-todoke
kimi-ni-todoke,problemSolving,known,0,0.95,ev-g1c-kimi-ni-todoke
kimi-ni-todoke,strategy,known,0,0.95,ev-g1c-kimi-ni-todoke
kimi-ni-todoke,pacing,known,0,0.90,ev-g1c-kimi-ni-todoke
kimi-ni-todoke,mysteryReveal,known,0,0.94,ev-g1c-kimi-ni-todoke
kimi-ni-todoke,worldBuilding,known,0,0.95,ev-g1c-kimi-ni-todoke
kimi-ni-todoke,characterArcWeight,known,4,0.98,ev-g1c-kimi-ni-todoke
kimi-ni-todoke,relationshipStructure,known,4,0.98,ev-g1c-kimi-ni-todoke
kimi-ni-todoke,comedy,known,2,0.92,ev-g1c-kimi-ni-todoke
kimi-ni-todoke,darkness,known,0,0.95,ev-g1c-kimi-ni-todoke
kimi-ni-todoke,mentalStress,known,2,0.92,ev-g1c-kimi-ni-todoke
kimi-ni-todoke,romance,known,4,0.98,ev-g1c-kimi-ni-todoke
kimi-ni-todoke,emotionalWarmth,known,4,0.98,ev-g1c-kimi-ni-todoke
kimi-ni-todoke,artRealism,known,2,0.80,ev-g1-art-kimi-ni-todoke
kimi-ni-todoke,artDensity,known,2,0.78,ev-g1-art-kimi-ni-todoke
kimi-ni-todoke,visualSoftness,known,4,0.87,ev-g1-art-kimi-ni-todoke
kimi-ni-todoke,motionImpact,unknown,,,ev-g1-art-kimi-ni-todoke
nana,progression,known,2,0.90,ev-g1c-nana
nana,problemSolving,known,0,0.92,ev-g1c-nana
nana,strategy,known,0,0.93,ev-g1c-nana
nana,pacing,known,2,0.89,ev-g1c-nana
nana,mysteryReveal,known,0,0.88,ev-g1c-nana
nana,worldBuilding,known,2,0.87,ev-g1c-nana
nana,characterArcWeight,known,4,0.97,ev-g1c-nana
nana,relationshipStructure,known,4,0.98,ev-g1c-nana
nana,comedy,known,2,0.91,ev-g1c-nana
nana,darkness,known,2,0.91,ev-g1c-nana
nana,mentalStress,known,4,0.96,ev-g1c-nana
nana,romance,known,4,0.98,ev-g1c-nana
nana,emotionalWarmth,known,2,0.89,ev-g1c-nana
nana,artRealism,known,4,0.85,ev-g1-art-nana
nana,artDensity,known,2,0.78,ev-g1-art-nana
nana,visualSoftness,known,2,0.80,ev-g1-art-nana
nana,motionImpact,unknown,,,ev-g1-art-nana
skip-and-loafer,progression,known,2,0.91,ev-g1c-skip-and-loafer
skip-and-loafer,problemSolving,known,2,0.82,ev-g1c-skip-and-loafer
skip-and-loafer,strategy,known,0,0.94,ev-g1c-skip-and-loafer
skip-and-loafer,pacing,known,2,0.93,ev-g1c-skip-and-loafer
skip-and-loafer,mysteryReveal,known,0,0.90,ev-g1c-skip-and-loafer
skip-and-loafer,worldBuilding,known,0,0.93,ev-g1c-skip-and-loafer
skip-and-loafer,characterArcWeight,known,4,0.98,ev-g1c-skip-and-loafer
skip-and-loafer,relationshipStructure,known,4,0.97,ev-g1c-skip-and-loafer
skip-and-loafer,comedy,known,2,0.95,ev-g1c-skip-and-loafer
skip-and-loafer,darkness,known,0,0.95,ev-g1c-skip-and-loafer
skip-and-loafer,mentalStress,known,2,0.91,ev-g1c-skip-and-loafer
skip-and-loafer,romance,known,2,0.88,ev-g1c-skip-and-loafer
skip-and-loafer,emotionalWarmth,known,4,0.99,ev-g1c-skip-and-loafer
skip-and-loafer,artRealism,known,2,0.82,ev-g1-art-skip-and-loafer
skip-and-loafer,artDensity,known,2,0.78,ev-g1-art-skip-and-loafer
skip-and-loafer,visualSoftness,known,4,0.87,ev-g1-art-skip-and-loafer
skip-and-loafer,motionImpact,known,2,0.82,ev-g1-art-skip-and-loafer
bocchi-the-rock,progression,known,4,0.96,ev-g1-adjudicated-bocchi-the-rock
bocchi-the-rock,problemSolving,unknown,,,ev-g1-adjudicated-bocchi-the-rock
bocchi-the-rock,strategy,unknown,,,ev-g1-adjudicated-bocchi-the-rock
bocchi-the-rock,pacing,known,2,0.86,ev-g1-adjudicated-bocchi-the-rock
bocchi-the-rock,mysteryReveal,known,0,0.80,ev-g1-adjudicated-bocchi-the-rock
bocchi-the-rock,worldBuilding,known,2,0.84,ev-g1-adjudicated-bocchi-the-rock
bocchi-the-rock,characterArcWeight,known,4,0.97,ev-g1-adjudicated-bocchi-the-rock
bocchi-the-rock,relationshipStructure,known,2,0.94,ev-g1-adjudicated-bocchi-the-rock
bocchi-the-rock,comedy,known,4,0.98,ev-g1-adjudicated-bocchi-the-rock
bocchi-the-rock,darkness,known,0,0.86,ev-g1-adjudicated-bocchi-the-rock
bocchi-the-rock,mentalStress,known,4,0.98,ev-g1-adjudicated-bocchi-the-rock
bocchi-the-rock,romance,unknown,,,ev-g1-adjudicated-bocchi-the-rock
bocchi-the-rock,emotionalWarmth,known,4,0.94,ev-g1-adjudicated-bocchi-the-rock
bocchi-the-rock,artRealism,known,0,0.88,ev-g1-art-bocchi-the-rock
bocchi-the-rock,artDensity,known,0,0.80,ev-g1-art-bocchi-the-rock
bocchi-the-rock,visualSoftness,known,4,0.80,ev-g1-art-bocchi-the-rock
bocchi-the-rock,motionImpact,unknown,,,ev-g1-art-bocchi-the-rock
haikyu,progression,known,4,0.99,ev-g1c-haikyu
haikyu,problemSolving,known,4,0.96,ev-g1c-haikyu
haikyu,strategy,known,2,0.98,ev-g1c-haikyu
haikyu,pacing,known,4,0.99,ev-g1c-haikyu
haikyu,mysteryReveal,known,0,0.97,ev-g1c-haikyu
haikyu,worldBuilding,known,2,0.94,ev-g1c-haikyu
haikyu,characterArcWeight,known,2,0.91,ev-g1c-haikyu
haikyu,relationshipStructure,known,2,0.99,ev-g1c-haikyu
haikyu,comedy,known,2,0.96,ev-g1c-haikyu
haikyu,darkness,known,0,0.97,ev-g1c-haikyu
haikyu,mentalStress,known,2,0.93,ev-g1c-haikyu
haikyu,romance,known,0,0.99,ev-g1c-haikyu
haikyu,emotionalWarmth,known,4,0.98,ev-g1c-haikyu
haikyu,artRealism,known,2,0.88,ev-g1-art-haikyu
haikyu,artDensity,known,2,0.86,ev-g1-art-haikyu
haikyu,visualSoftness,known,0,0.90,ev-g1-art-haikyu
haikyu,motionImpact,known,4,0.99,ev-g1-art-haikyu
hajime-no-ippo,progression,known,4,0.99,ev-g1c-hajime-no-ippo
hajime-no-ippo,problemSolving,known,2,0.91,ev-g1c-hajime-no-ippo
hajime-no-ippo,strategy,known,2,0.97,ev-g1c-hajime-no-ippo
hajime-no-ippo,pacing,known,4,0.98,ev-g1c-hajime-no-ippo
hajime-no-ippo,mysteryReveal,known,0,0.96,ev-g1c-hajime-no-ippo
hajime-no-ippo,worldBuilding,known,2,0.94,ev-g1c-hajime-no-ippo
hajime-no-ippo,characterArcWeight,known,4,0.98,ev-g1c-hajime-no-ippo
hajime-no-ippo,relationshipStructure,known,2,0.92,ev-g1c-hajime-no-ippo
hajime-no-ippo,comedy,known,2,0.90,ev-g1c-hajime-no-ippo
hajime-no-ippo,darkness,known,2,0.91,ev-g1c-hajime-no-ippo
hajime-no-ippo,mentalStress,known,2,0.92,ev-g1c-hajime-no-ippo
hajime-no-ippo,romance,known,0,0.97,ev-g1c-hajime-no-ippo
hajime-no-ippo,emotionalWarmth,known,2,0.91,ev-g1c-hajime-no-ippo
hajime-no-ippo,artRealism,known,2,0.90,ev-g1-art-hajime-no-ippo
hajime-no-ippo,artDensity,known,4,0.94,ev-g1-art-hajime-no-ippo
hajime-no-ippo,visualSoftness,known,0,0.92,ev-g1-art-hajime-no-ippo
hajime-no-ippo,motionImpact,known,4,0.99,ev-g1-art-hajime-no-ippo
beyond-the-clouds,progression,known,1,0.85,blind-replacement-v1-reconciled-beyond-the-clouds
beyond-the-clouds,problemSolving,known,2,0.85,blind-replacement-v1-reconciled-beyond-the-clouds
beyond-the-clouds,strategy,known,0,0.90,blind-replacement-v1-reconciled-beyond-the-clouds
beyond-the-clouds,pacing,known,2,0.85,blind-replacement-v1-reconciled-beyond-the-clouds
beyond-the-clouds,mysteryReveal,known,2,0.85,blind-replacement-v1-reconciled-beyond-the-clouds
beyond-the-clouds,worldBuilding,known,2,0.85,blind-replacement-v1-reconciled-beyond-the-clouds
beyond-the-clouds,characterArcWeight,known,2,0.85,blind-replacement-v1-reconciled-beyond-the-clouds
beyond-the-clouds,relationshipStructure,known,2,0.85,blind-replacement-v1-reconciled-beyond-the-clouds
beyond-the-clouds,comedy,known,1,0.85,blind-replacement-v1-reconciled-beyond-the-clouds
beyond-the-clouds,darkness,known,1,0.85,blind-replacement-v1-reconciled-beyond-the-clouds
beyond-the-clouds,mentalStress,known,1,0.85,blind-replacement-v1-reconciled-beyond-the-clouds
beyond-the-clouds,romance,known,1,0.85,blind-replacement-v1-reconciled-beyond-the-clouds
beyond-the-clouds,emotionalWarmth,known,3,0.90,blind-replacement-v1-reconciled-beyond-the-clouds
noragami-stray-god,progression,known,2,0.90,blind-replacement-v1-reconciled-noragami-stray-god
noragami-stray-god,problemSolving,known,2,0.90,blind-replacement-v1-reconciled-noragami-stray-god
noragami-stray-god,strategy,known,1,0.85,blind-replacement-v1-reconciled-noragami-stray-god
noragami-stray-god,pacing,known,2,0.90,blind-replacement-v1-reconciled-noragami-stray-god
noragami-stray-god,mysteryReveal,known,2,0.85,blind-replacement-v1-reconciled-noragami-stray-god
noragami-stray-god,worldBuilding,known,3,0.90,blind-replacement-v1-reconciled-noragami-stray-god
noragami-stray-god,characterArcWeight,known,3,0.90,blind-replacement-v1-reconciled-noragami-stray-god
noragami-stray-god,relationshipStructure,known,2,0.90,blind-replacement-v1-reconciled-noragami-stray-god
noragami-stray-god,comedy,known,2,0.90,blind-replacement-v1-reconciled-noragami-stray-god
noragami-stray-god,darkness,known,2,0.90,blind-replacement-v1-reconciled-noragami-stray-god
noragami-stray-god,mentalStress,known,2,0.90,blind-replacement-v1-reconciled-noragami-stray-god
noragami-stray-god,romance,known,1,0.85,blind-replacement-v1-reconciled-noragami-stray-god
noragami-stray-god,emotionalWarmth,known,2,0.90,blind-replacement-v1-reconciled-noragami-stray-god
beyond-the-clouds,artRealism,known,1,0.88,ev-g1-art-beyond-the-clouds
beyond-the-clouds,artDensity,known,3,0.92,ev-g1-art-beyond-the-clouds
beyond-the-clouds,visualSoftness,known,4,0.95,ev-g1-art-beyond-the-clouds
beyond-the-clouds,motionImpact,unknown,,,ev-g1-art-beyond-the-clouds
noragami-stray-god,artRealism,known,2,0.90,ev-g1-art-noragami-stray-god
noragami-stray-god,artDensity,known,2,0.90,ev-g1-art-noragami-stray-god
noragami-stray-god,visualSoftness,known,2,0.88,ev-g1-art-noragami-stray-god
noragami-stray-god,motionImpact,known,2,0.86,ev-g1-art-noragami-stray-god
chis-sweet-adventures,progression,known,0,0.95,blind-replacement-v1-reconciled-chis-sweet-adventures
chis-sweet-adventures,problemSolving,known,0,0.95,blind-replacement-v1-reconciled-chis-sweet-adventures
chis-sweet-adventures,strategy,known,0,0.95,blind-replacement-v1-reconciled-chis-sweet-adventures
chis-sweet-adventures,pacing,known,0,0.90,blind-replacement-v1-reconciled-chis-sweet-adventures
chis-sweet-adventures,mysteryReveal,known,0,0.95,blind-replacement-v1-reconciled-chis-sweet-adventures
chis-sweet-adventures,worldBuilding,known,0,0.95,blind-replacement-v1-reconciled-chis-sweet-adventures
chis-sweet-adventures,characterArcWeight,known,1,0.90,blind-replacement-v1-reconciled-chis-sweet-adventures
chis-sweet-adventures,relationshipStructure,known,2,0.90,blind-replacement-v1-reconciled-chis-sweet-adventures
chis-sweet-adventures,comedy,known,3,0.90,blind-replacement-v1-reconciled-chis-sweet-adventures
chis-sweet-adventures,darkness,known,0,0.95,blind-replacement-v1-reconciled-chis-sweet-adventures
chis-sweet-adventures,mentalStress,known,0,0.95,blind-replacement-v1-reconciled-chis-sweet-adventures
chis-sweet-adventures,romance,known,0,0.95,blind-replacement-v1-reconciled-chis-sweet-adventures
chis-sweet-adventures,emotionalWarmth,known,4,0.95,blind-replacement-v1-reconciled-chis-sweet-adventures
chis-sweet-adventures,artRealism,known,0,0.95,ev-g2-reuse-art-chis-sweet-adventures
chis-sweet-adventures,artDensity,known,1,0.90,ev-g2-reuse-art-chis-sweet-adventures
chis-sweet-adventures,visualSoftness,known,4,0.95,ev-g2-reuse-art-chis-sweet-adventures
chis-sweet-adventures,motionImpact,known,2,0.82,ev-g2-reuse-art-chis-sweet-adventures
lovely-muco,progression,known,0,0.95,blind-replacement-v1-reconciled-lovely-muco
lovely-muco,problemSolving,known,0,0.95,blind-replacement-v1-reconciled-lovely-muco
lovely-muco,strategy,known,0,0.95,blind-replacement-v1-reconciled-lovely-muco
lovely-muco,pacing,known,0,0.90,blind-replacement-v1-reconciled-lovely-muco
lovely-muco,mysteryReveal,known,0,0.95,blind-replacement-v1-reconciled-lovely-muco
lovely-muco,worldBuilding,known,1,0.85,blind-replacement-v1-reconciled-lovely-muco
lovely-muco,characterArcWeight,known,1,0.90,blind-replacement-v1-reconciled-lovely-muco
lovely-muco,relationshipStructure,known,2,0.90,blind-replacement-v1-reconciled-lovely-muco
lovely-muco,comedy,known,4,0.95,blind-replacement-v1-reconciled-lovely-muco
lovely-muco,darkness,known,0,0.95,blind-replacement-v1-reconciled-lovely-muco
lovely-muco,mentalStress,known,0,0.95,blind-replacement-v1-reconciled-lovely-muco
lovely-muco,romance,known,0,0.95,blind-replacement-v1-reconciled-lovely-muco
lovely-muco,emotionalWarmth,known,4,0.95,blind-replacement-v1-reconciled-lovely-muco
lovely-muco,artRealism,known,0,0.93,ev-g2-reuse-art-lovely-muco
lovely-muco,artDensity,known,1,0.90,ev-g2-reuse-art-lovely-muco
lovely-muco,visualSoftness,known,3,0.90,ev-g2-reuse-art-lovely-muco
lovely-muco,motionImpact,known,2,0.82,ev-g2-reuse-art-lovely-muco
penguin-and-house,progression,known,0,0.95,blind-replacement-v1-reconciled-penguin-and-house
penguin-and-house,problemSolving,known,1,0.85,blind-replacement-v1-reconciled-penguin-and-house
penguin-and-house,strategy,known,0,0.95,blind-replacement-v1-reconciled-penguin-and-house
penguin-and-house,pacing,known,0,0.90,blind-replacement-v1-reconciled-penguin-and-house
penguin-and-house,mysteryReveal,known,0,0.95,blind-replacement-v1-reconciled-penguin-and-house
penguin-and-house,worldBuilding,known,0,0.85,blind-replacement-v1-reconciled-penguin-and-house
penguin-and-house,characterArcWeight,known,1,0.90,blind-replacement-v1-reconciled-penguin-and-house
penguin-and-house,relationshipStructure,known,2,0.85,blind-replacement-v1-reconciled-penguin-and-house
penguin-and-house,comedy,known,3,0.90,blind-replacement-v1-reconciled-penguin-and-house
penguin-and-house,darkness,known,0,0.95,blind-replacement-v1-reconciled-penguin-and-house
penguin-and-house,mentalStress,known,0,0.95,blind-replacement-v1-reconciled-penguin-and-house
penguin-and-house,romance,known,0,0.95,blind-replacement-v1-reconciled-penguin-and-house
penguin-and-house,emotionalWarmth,known,4,0.95,blind-replacement-v1-reconciled-penguin-and-house
penguin-and-house,artRealism,known,0,0.95,ev-g2-reuse-art-penguin-and-house
penguin-and-house,artDensity,known,1,0.90,ev-g2-reuse-art-penguin-and-house
penguin-and-house,visualSoftness,known,3,0.88,ev-g2-reuse-art-penguin-and-house
penguin-and-house,motionImpact,known,2,0.84,ev-g2-reuse-art-penguin-and-house
sheetas-little-big-world,progression,known,1,0.85,blind-replacement-v1-reconciled-sheetas-little-big-world
sheetas-little-big-world,problemSolving,known,2,0.85,blind-replacement-v1-reconciled-sheetas-little-big-world
sheetas-little-big-world,strategy,known,1,0.85,blind-replacement-v1-reconciled-sheetas-little-big-world
sheetas-little-big-world,pacing,known,2,0.85,blind-replacement-v1-reconciled-sheetas-little-big-world
sheetas-little-big-world,mysteryReveal,known,1,0.85,blind-replacement-v1-reconciled-sheetas-little-big-world
sheetas-little-big-world,worldBuilding,known,3,0.90,blind-replacement-v1-reconciled-sheetas-little-big-world
sheetas-little-big-world,characterArcWeight,known,2,0.85,blind-replacement-v1-reconciled-sheetas-little-big-world
sheetas-little-big-world,relationshipStructure,known,2,0.85,blind-replacement-v1-reconciled-sheetas-little-big-world
sheetas-little-big-world,comedy,known,2,0.85,blind-replacement-v1-reconciled-sheetas-little-big-world
sheetas-little-big-world,darkness,known,1,0.85,blind-replacement-v1-reconciled-sheetas-little-big-world
sheetas-little-big-world,mentalStress,known,1,0.85,blind-replacement-v1-reconciled-sheetas-little-big-world
sheetas-little-big-world,romance,known,0,0.95,blind-replacement-v1-reconciled-sheetas-little-big-world
sheetas-little-big-world,emotionalWarmth,known,4,0.90,blind-replacement-v1-reconciled-sheetas-little-big-world
sheetas-little-big-world,artRealism,known,2,0.88,ev-g2-reuse-art-sheetas-little-big-world
sheetas-little-big-world,artDensity,known,4,0.95,ev-g2-reuse-art-sheetas-little-big-world
sheetas-little-big-world,visualSoftness,known,2,0.84,ev-g2-reuse-art-sheetas-little-big-world
sheetas-little-big-world,motionImpact,unknown,,,ev-g2-reuse-art-sheetas-little-big-world
fairy-tail,progression,known,2,0.90,blind-replacement-v1-reconciled-fairy-tail
fairy-tail,problemSolving,known,1,0.90,blind-replacement-v1-reconciled-fairy-tail
fairy-tail,strategy,known,0,0.85,blind-replacement-v1-reconciled-fairy-tail
fairy-tail,pacing,known,3,0.90,blind-replacement-v1-reconciled-fairy-tail
fairy-tail,mysteryReveal,known,1,0.85,blind-replacement-v1-reconciled-fairy-tail
fairy-tail,worldBuilding,known,2,0.90,blind-replacement-v1-reconciled-fairy-tail
fairy-tail,characterArcWeight,known,2,0.90,blind-replacement-v1-reconciled-fairy-tail
fairy-tail,relationshipStructure,known,2,0.90,blind-replacement-v1-reconciled-fairy-tail
fairy-tail,comedy,known,3,0.90,blind-replacement-v1-reconciled-fairy-tail
fairy-tail,darkness,known,1,0.90,blind-replacement-v1-reconciled-fairy-tail
fairy-tail,mentalStress,known,1,0.90,blind-replacement-v1-reconciled-fairy-tail
fairy-tail,romance,known,1,0.85,blind-replacement-v1-reconciled-fairy-tail
fairy-tail,emotionalWarmth,known,3,0.90,blind-replacement-v1-reconciled-fairy-tail
fairy-tail,artRealism,known,2,0.90,ev-g2-reuse-art-fairy-tail
fairy-tail,artDensity,known,3,0.90,ev-g2-reuse-art-fairy-tail
fairy-tail,visualSoftness,known,2,0.86,ev-g2-reuse-art-fairy-tail
fairy-tail,motionImpact,unknown,,,ev-g2-reuse-art-fairy-tail
fire-force,progression,known,2,0.90,blind-replacement-v1-reconciled-fire-force
fire-force,problemSolving,known,2,0.90,blind-replacement-v1-reconciled-fire-force
fire-force,strategy,known,2,0.85,blind-replacement-v1-reconciled-fire-force
fire-force,pacing,known,3,0.90,blind-replacement-v1-reconciled-fire-force
fire-force,mysteryReveal,known,3,0.90,blind-replacement-v1-reconciled-fire-force
fire-force,worldBuilding,known,3,0.90,blind-replacement-v1-reconciled-fire-force
fire-force,characterArcWeight,known,2,0.90,blind-replacement-v1-reconciled-fire-force
fire-force,relationshipStructure,known,2,0.90,blind-replacement-v1-reconciled-fire-force
fire-force,comedy,known,2,0.85,blind-replacement-v1-reconciled-fire-force
fire-force,darkness,known,2,0.90,blind-replacement-v1-reconciled-fire-force
fire-force,mentalStress,known,2,0.90,blind-replacement-v1-reconciled-fire-force
fire-force,romance,known,1,0.85,blind-replacement-v1-reconciled-fire-force
fire-force,emotionalWarmth,known,2,0.85,blind-replacement-v1-reconciled-fire-force
fire-force,artRealism,known,2,0.90,ev-g2-reuse-art-fire-force
fire-force,artDensity,known,3,0.94,ev-g2-reuse-art-fire-force
fire-force,visualSoftness,known,1,0.90,ev-g2-reuse-art-fire-force
fire-force,motionImpact,known,4,0.92,ev-g2-reuse-art-fire-force
the-seven-deadly-sins,progression,known,2,0.90,blind-replacement-v1-reconciled-the-seven-deadly-sins
the-seven-deadly-sins,problemSolving,known,1,0.90,blind-replacement-v1-reconciled-the-seven-deadly-sins
the-seven-deadly-sins,strategy,known,1,0.85,blind-replacement-v1-reconciled-the-seven-deadly-sins
the-seven-deadly-sins,pacing,known,3,0.90,blind-replacement-v1-reconciled-the-seven-deadly-sins
the-seven-deadly-sins,mysteryReveal,known,2,0.90,blind-replacement-v1-reconciled-the-seven-deadly-sins
the-seven-deadly-sins,worldBuilding,known,3,0.90,blind-replacement-v1-reconciled-the-seven-deadly-sins
the-seven-deadly-sins,characterArcWeight,known,2,0.90,blind-replacement-v1-reconciled-the-seven-deadly-sins
the-seven-deadly-sins,relationshipStructure,known,2,0.90,blind-replacement-v1-reconciled-the-seven-deadly-sins
the-seven-deadly-sins,comedy,known,3,0.90,blind-replacement-v1-reconciled-the-seven-deadly-sins
the-seven-deadly-sins,darkness,known,2,0.90,blind-replacement-v1-reconciled-the-seven-deadly-sins
the-seven-deadly-sins,mentalStress,known,1,0.90,blind-replacement-v1-reconciled-the-seven-deadly-sins
the-seven-deadly-sins,romance,known,2,0.85,blind-replacement-v1-reconciled-the-seven-deadly-sins
the-seven-deadly-sins,emotionalWarmth,known,2,0.85,blind-replacement-v1-reconciled-the-seven-deadly-sins
the-seven-deadly-sins,artRealism,known,2,0.86,ev-g2-reuse-art-the-seven-deadly-sins
the-seven-deadly-sins,artDensity,known,3,0.94,ev-g2-reuse-art-the-seven-deadly-sins
the-seven-deadly-sins,visualSoftness,known,1,0.88,ev-g2-reuse-art-the-seven-deadly-sins
the-seven-deadly-sins,motionImpact,unknown,,,ev-g2-reuse-art-the-seven-deadly-sins
tokyo-revengers,progression,known,2,0.90,blind-replacement-v1-reconciled-tokyo-revengers
tokyo-revengers,problemSolving,known,3,0.90,blind-replacement-v1-reconciled-tokyo-revengers
tokyo-revengers,strategy,known,2,0.85,blind-replacement-v1-reconciled-tokyo-revengers
tokyo-revengers,pacing,known,4,0.95,blind-replacement-v1-reconciled-tokyo-revengers
tokyo-revengers,mysteryReveal,known,3,0.90,blind-replacement-v1-reconciled-tokyo-revengers
tokyo-revengers,worldBuilding,known,2,0.85,blind-replacement-v1-reconciled-tokyo-revengers
tokyo-revengers,characterArcWeight,known,4,0.95,blind-replacement-v1-reconciled-tokyo-revengers
tokyo-revengers,relationshipStructure,known,3,0.90,blind-replacement-v1-reconciled-tokyo-revengers
tokyo-revengers,comedy,known,1,0.85,blind-replacement-v1-reconciled-tokyo-revengers
tokyo-revengers,darkness,known,3,0.90,blind-replacement-v1-reconciled-tokyo-revengers
tokyo-revengers,mentalStress,known,4,0.95,blind-replacement-v1-reconciled-tokyo-revengers
tokyo-revengers,romance,known,2,0.85,blind-replacement-v1-reconciled-tokyo-revengers
tokyo-revengers,emotionalWarmth,known,2,0.85,blind-replacement-v1-reconciled-tokyo-revengers
tokyo-revengers,artRealism,known,3,0.92,ev-g2-reuse-art-tokyo-revengers
tokyo-revengers,artDensity,known,2,0.88,ev-g2-reuse-art-tokyo-revengers
tokyo-revengers,visualSoftness,known,1,0.90,ev-g2-reuse-art-tokyo-revengers
tokyo-revengers,motionImpact,unknown,,,ev-g2-reuse-art-tokyo-revengers
medalist,progression,known,4,0.82,ev-g2-fresh-a-annotation-medalist
medalist,problemSolving,known,2,0.82,ev-g2-fresh-a-annotation-medalist
medalist,strategy,known,2,0.82,ev-g2-fresh-a-annotation-medalist
medalist,pacing,known,3,0.82,ev-g2-fresh-a-annotation-medalist
medalist,mysteryReveal,known,0,0.82,ev-g2-fresh-a-annotation-medalist
medalist,worldBuilding,known,2,0.82,ev-g2-fresh-a-annotation-medalist
medalist,characterArcWeight,known,4,0.82,ev-g2-fresh-a-annotation-medalist
medalist,relationshipStructure,known,2,0.82,ev-g2-fresh-a-annotation-medalist
medalist,comedy,known,2,0.82,ev-g2-fresh-a-annotation-medalist
medalist,darkness,known,1,0.82,ev-g2-fresh-a-annotation-medalist
medalist,mentalStress,known,3,0.82,ev-g2-fresh-a-annotation-medalist
medalist,romance,known,0,0.82,ev-g2-fresh-a-annotation-medalist
medalist,emotionalWarmth,known,4,0.82,ev-g2-fresh-a-annotation-medalist
medalist,artRealism,known,2,0.86,ev-g2-fresh-a-art-medalist
medalist,artDensity,known,3,0.86,ev-g2-fresh-a-art-medalist
medalist,visualSoftness,known,3,0.86,ev-g2-fresh-a-art-medalist
medalist,motionImpact,unknown,,,ev-g2-fresh-a-art-medalist
chihayafuru,progression,known,4,0.82,ev-g2-fresh-a-annotation-chihayafuru
chihayafuru,problemSolving,known,2,0.82,ev-g2-fresh-a-annotation-chihayafuru
chihayafuru,strategy,known,2,0.82,ev-g2-fresh-a-annotation-chihayafuru
chihayafuru,pacing,known,3,0.82,ev-g2-fresh-a-annotation-chihayafuru
chihayafuru,mysteryReveal,known,0,0.82,ev-g2-fresh-a-annotation-chihayafuru
chihayafuru,worldBuilding,known,3,0.82,ev-g2-fresh-a-annotation-chihayafuru
chihayafuru,characterArcWeight,known,4,0.82,ev-g2-fresh-a-annotation-chihayafuru
chihayafuru,relationshipStructure,known,3,0.82,ev-g2-fresh-a-annotation-chihayafuru
chihayafuru,comedy,known,2,0.82,ev-g2-fresh-a-annotation-chihayafuru
chihayafuru,darkness,known,1,0.82,ev-g2-fresh-a-annotation-chihayafuru
chihayafuru,mentalStress,known,2,0.82,ev-g2-fresh-a-annotation-chihayafuru
chihayafuru,romance,known,2,0.82,ev-g2-fresh-a-annotation-chihayafuru
chihayafuru,emotionalWarmth,known,3,0.82,ev-g2-fresh-a-annotation-chihayafuru
chihayafuru,artRealism,known,2,0.86,ev-g2-fresh-a-art-chihayafuru
chihayafuru,artDensity,known,2,0.86,ev-g2-fresh-a-art-chihayafuru
chihayafuru,visualSoftness,known,3,0.86,ev-g2-fresh-a-art-chihayafuru
chihayafuru,motionImpact,unknown,,,ev-g2-fresh-a-art-chihayafuru
that-time-i-got-reincarnated-as-a-slime,progression,known,4,0.82,ev-g2-fresh-a-annotation-that-time-i-got-reincarnated-as-a-slime
that-time-i-got-reincarnated-as-a-slime,problemSolving,known,3,0.82,ev-g2-fresh-a-annotation-that-time-i-got-reincarnated-as-a-slime
that-time-i-got-reincarnated-as-a-slime,strategy,known,3,0.82,ev-g2-fresh-a-annotation-that-time-i-got-reincarnated-as-a-slime
that-time-i-got-reincarnated-as-a-slime,pacing,known,4,0.82,ev-g2-fresh-a-annotation-that-time-i-got-reincarnated-as-a-slime
that-time-i-got-reincarnated-as-a-slime,mysteryReveal,known,1,0.82,ev-g2-fresh-a-annotation-that-time-i-got-reincarnated-as-a-slime
that-time-i-got-reincarnated-as-a-slime,worldBuilding,known,4,0.82,ev-g2-fresh-a-annotation-that-time-i-got-reincarnated-as-a-slime
that-time-i-got-reincarnated-as-a-slime,characterArcWeight,known,2,0.82,ev-g2-fresh-a-annotation-that-time-i-got-reincarnated-as-a-slime
that-time-i-got-reincarnated-as-a-slime,relationshipStructure,known,2,0.82,ev-g2-fresh-a-annotation-that-time-i-got-reincarnated-as-a-slime
that-time-i-got-reincarnated-as-a-slime,comedy,known,3,0.82,ev-g2-fresh-a-annotation-that-time-i-got-reincarnated-as-a-slime
that-time-i-got-reincarnated-as-a-slime,darkness,known,2,0.82,ev-g2-fresh-a-annotation-that-time-i-got-reincarnated-as-a-slime
that-time-i-got-reincarnated-as-a-slime,mentalStress,known,1,0.82,ev-g2-fresh-a-annotation-that-time-i-got-reincarnated-as-a-slime
that-time-i-got-reincarnated-as-a-slime,romance,known,0,0.82,ev-g2-fresh-a-annotation-that-time-i-got-reincarnated-as-a-slime
that-time-i-got-reincarnated-as-a-slime,emotionalWarmth,known,3,0.82,ev-g2-fresh-a-annotation-that-time-i-got-reincarnated-as-a-slime
that-time-i-got-reincarnated-as-a-slime,artRealism,known,2,0.86,ev-g2-fresh-a-art-that-time-i-got-reincarnated-as-a-slime
that-time-i-got-reincarnated-as-a-slime,artDensity,known,2,0.86,ev-g2-fresh-a-art-that-time-i-got-reincarnated-as-a-slime
that-time-i-got-reincarnated-as-a-slime,visualSoftness,known,2,0.86,ev-g2-fresh-a-art-that-time-i-got-reincarnated-as-a-slime
that-time-i-got-reincarnated-as-a-slime,motionImpact,unknown,,,ev-g2-fresh-a-art-that-time-i-got-reincarnated-as-a-slime
welcome-to-the-ballroom,progression,known,4,0.82,ev-g2-fresh-a-annotation-welcome-to-the-ballroom
welcome-to-the-ballroom,problemSolving,known,2,0.82,ev-g2-fresh-a-annotation-welcome-to-the-ballroom
welcome-to-the-ballroom,strategy,known,2,0.82,ev-g2-fresh-a-annotation-welcome-to-the-ballroom
welcome-to-the-ballroom,pacing,known,3,0.82,ev-g2-fresh-a-annotation-welcome-to-the-ballroom
welcome-to-the-ballroom,mysteryReveal,known,0,0.82,ev-g2-fresh-a-annotation-welcome-to-the-ballroom
welcome-to-the-ballroom,worldBuilding,known,3,0.82,ev-g2-fresh-a-annotation-welcome-to-the-ballroom
welcome-to-the-ballroom,characterArcWeight,known,4,0.82,ev-g2-fresh-a-annotation-welcome-to-the-ballroom
welcome-to-the-ballroom,relationshipStructure,known,3,0.82,ev-g2-fresh-a-annotation-welcome-to-the-ballroom
welcome-to-the-ballroom,comedy,known,2,0.82,ev-g2-fresh-a-annotation-welcome-to-the-ballroom
welcome-to-the-ballroom,darkness,known,1,0.82,ev-g2-fresh-a-annotation-welcome-to-the-ballroom
welcome-to-the-ballroom,mentalStress,known,3,0.82,ev-g2-fresh-a-annotation-welcome-to-the-ballroom
welcome-to-the-ballroom,romance,known,1,0.82,ev-g2-fresh-a-annotation-welcome-to-the-ballroom
welcome-to-the-ballroom,emotionalWarmth,known,3,0.82,ev-g2-fresh-a-annotation-welcome-to-the-ballroom
welcome-to-the-ballroom,artRealism,known,3,0.86,ev-g2-fresh-a-art-welcome-to-the-ballroom
welcome-to-the-ballroom,artDensity,known,3,0.86,ev-g2-fresh-a-art-welcome-to-the-ballroom
welcome-to-the-ballroom,visualSoftness,known,2,0.86,ev-g2-fresh-a-art-welcome-to-the-ballroom
welcome-to-the-ballroom,motionImpact,unknown,,,ev-g2-fresh-a-art-welcome-to-the-ballroom
a-sign-of-affection,progression,known,1,0.82,ev-g2-fresh-a-annotation-a-sign-of-affection
a-sign-of-affection,problemSolving,known,1,0.82,ev-g2-fresh-a-annotation-a-sign-of-affection
a-sign-of-affection,strategy,known,0,0.82,ev-g2-fresh-a-annotation-a-sign-of-affection
a-sign-of-affection,pacing,known,2,0.82,ev-g2-fresh-a-annotation-a-sign-of-affection
a-sign-of-affection,mysteryReveal,known,0,0.82,ev-g2-fresh-a-annotation-a-sign-of-affection
a-sign-of-affection,worldBuilding,known,2,0.82,ev-g2-fresh-a-annotation-a-sign-of-affection
a-sign-of-affection,characterArcWeight,known,4,0.82,ev-g2-fresh-a-annotation-a-sign-of-affection
a-sign-of-affection,relationshipStructure,known,3,0.82,ev-g2-fresh-a-annotation-a-sign-of-affection
a-sign-of-affection,comedy,known,2,0.82,ev-g2-fresh-a-annotation-a-sign-of-affection
a-sign-of-affection,darkness,known,0,0.82,ev-g2-fresh-a-annotation-a-sign-of-affection
a-sign-of-affection,mentalStress,known,1,0.82,ev-g2-fresh-a-annotation-a-sign-of-affection
a-sign-of-affection,romance,known,4,0.82,ev-g2-fresh-a-annotation-a-sign-of-affection
a-sign-of-affection,emotionalWarmth,known,4,0.82,ev-g2-fresh-a-annotation-a-sign-of-affection
a-sign-of-affection,artRealism,known,2,0.86,ev-g2-fresh-a-art-a-sign-of-affection
a-sign-of-affection,artDensity,known,2,0.86,ev-g2-fresh-a-art-a-sign-of-affection
a-sign-of-affection,visualSoftness,known,4,0.86,ev-g2-fresh-a-art-a-sign-of-affection
a-sign-of-affection,motionImpact,unknown,,,ev-g2-fresh-a-art-a-sign-of-affection
heavenly-delusion,progression,known,2,0.82,ev-g2-fresh-a-annotation-heavenly-delusion
heavenly-delusion,problemSolving,known,3,0.82,ev-g2-fresh-a-annotation-heavenly-delusion
heavenly-delusion,strategy,known,2,0.82,ev-g2-fresh-a-annotation-heavenly-delusion
heavenly-delusion,pacing,known,4,0.82,ev-g2-fresh-a-annotation-heavenly-delusion
heavenly-delusion,mysteryReveal,known,4,0.82,ev-g2-fresh-a-annotation-heavenly-delusion
heavenly-delusion,worldBuilding,known,4,0.82,ev-g2-fresh-a-annotation-heavenly-delusion
heavenly-delusion,characterArcWeight,known,3,0.82,ev-g2-fresh-a-annotation-heavenly-delusion
heavenly-delusion,relationshipStructure,known,3,0.82,ev-g2-fresh-a-annotation-heavenly-delusion
heavenly-delusion,comedy,known,2,0.82,ev-g2-fresh-a-annotation-heavenly-delusion
heavenly-delusion,darkness,known,4,0.82,ev-g2-fresh-a-annotation-heavenly-delusion
heavenly-delusion,mentalStress,known,4,0.82,ev-g2-fresh-a-annotation-heavenly-delusion
heavenly-delusion,romance,known,1,0.82,ev-g2-fresh-a-annotation-heavenly-delusion
heavenly-delusion,emotionalWarmth,known,2,0.82,ev-g2-fresh-a-annotation-heavenly-delusion
heavenly-delusion,artRealism,known,2,0.86,ev-g2-fresh-a-art-heavenly-delusion
heavenly-delusion,artDensity,known,2,0.86,ev-g2-fresh-a-art-heavenly-delusion
heavenly-delusion,visualSoftness,known,2,0.86,ev-g2-fresh-a-art-heavenly-delusion
heavenly-delusion,motionImpact,unknown,,,ev-g2-fresh-a-art-heavenly-delusion
ajin,progression,known,2,0.82,ev-g2-fresh-a-annotation-ajin
ajin,problemSolving,known,4,0.82,ev-g2-fresh-a-annotation-ajin
ajin,strategy,known,3,0.82,ev-g2-fresh-a-annotation-ajin
ajin,pacing,known,4,0.82,ev-g2-fresh-a-annotation-ajin
ajin,mysteryReveal,known,3,0.82,ev-g2-fresh-a-annotation-ajin
ajin,worldBuilding,known,4,0.82,ev-g2-fresh-a-annotation-ajin
ajin,characterArcWeight,known,3,0.82,ev-g2-fresh-a-annotation-ajin
ajin,relationshipStructure,known,3,0.82,ev-g2-fresh-a-annotation-ajin
ajin,comedy,known,0,0.82,ev-g2-fresh-a-annotation-ajin
ajin,darkness,known,4,0.82,ev-g2-fresh-a-annotation-ajin
ajin,mentalStress,known,4,0.82,ev-g2-fresh-a-annotation-ajin
ajin,romance,known,0,0.82,ev-g2-fresh-a-annotation-ajin
ajin,emotionalWarmth,known,0,0.82,ev-g2-fresh-a-annotation-ajin
ajin,artRealism,known,2,0.86,ev-g2-fresh-a-art-ajin
ajin,artDensity,known,2,0.86,ev-g2-fresh-a-art-ajin
ajin,visualSoftness,known,2,0.86,ev-g2-fresh-a-art-ajin
ajin,motionImpact,unknown,,,ev-g2-fresh-a-art-ajin
historie,progression,known,2,0.82,ev-g2-fresh-a-annotation-historie
historie,problemSolving,known,4,0.82,ev-g2-fresh-a-annotation-historie
historie,strategy,known,4,0.82,ev-g2-fresh-a-annotation-historie
historie,pacing,known,3,0.82,ev-g2-fresh-a-annotation-historie
historie,mysteryReveal,known,1,0.82,ev-g2-fresh-a-annotation-historie
historie,worldBuilding,known,4,0.82,ev-g2-fresh-a-annotation-historie
historie,characterArcWeight,known,4,0.82,ev-g2-fresh-a-annotation-historie
historie,relationshipStructure,known,3,0.82,ev-g2-fresh-a-annotation-historie
historie,comedy,known,1,0.82,ev-g2-fresh-a-annotation-historie
historie,darkness,known,4,0.82,ev-g2-fresh-a-annotation-historie
historie,mentalStress,known,3,0.82,ev-g2-fresh-a-annotation-historie
historie,romance,known,1,0.82,ev-g2-fresh-a-annotation-historie
historie,emotionalWarmth,known,1,0.82,ev-g2-fresh-a-annotation-historie
historie,artRealism,known,4,0.86,ev-g2-fresh-a-art-historie
historie,artDensity,known,4,0.86,ev-g2-fresh-a-art-historie
historie,visualSoftness,known,1,0.86,ev-g2-fresh-a-art-historie
historie,motionImpact,unknown,,,ev-g2-fresh-a-art-historie
what-did-you-eat-yesterday,progression,known,0,0.82,ev-g2-fresh-a-annotation-what-did-you-eat-yesterday
what-did-you-eat-yesterday,problemSolving,known,2,0.82,ev-g2-fresh-a-annotation-what-did-you-eat-yesterday
what-did-you-eat-yesterday,strategy,known,1,0.82,ev-g2-fresh-a-annotation-what-did-you-eat-yesterday
what-did-you-eat-yesterday,pacing,known,0,0.82,ev-g2-fresh-a-annotation-what-did-you-eat-yesterday
what-did-you-eat-yesterday,mysteryReveal,known,0,0.82,ev-g2-fresh-a-annotation-what-did-you-eat-yesterday
what-did-you-eat-yesterday,worldBuilding,known,1,0.82,ev-g2-fresh-a-annotation-what-did-you-eat-yesterday
what-did-you-eat-yesterday,characterArcWeight,known,4,0.82,ev-g2-fresh-a-annotation-what-did-you-eat-yesterday
what-did-you-eat-yesterday,relationshipStructure,known,3,0.82,ev-g2-fresh-a-annotation-what-did-you-eat-yesterday
what-did-you-eat-yesterday,comedy,known,3,0.82,ev-g2-fresh-a-annotation-what-did-you-eat-yesterday
what-did-you-eat-yesterday,darkness,known,1,0.82,ev-g2-fresh-a-annotation-what-did-you-eat-yesterday
what-did-you-eat-yesterday,mentalStress,known,1,0.82,ev-g2-fresh-a-annotation-what-did-you-eat-yesterday
what-did-you-eat-yesterday,romance,known,3,0.82,ev-g2-fresh-a-annotation-what-did-you-eat-yesterday
what-did-you-eat-yesterday,emotionalWarmth,known,4,0.82,ev-g2-fresh-a-annotation-what-did-you-eat-yesterday
what-did-you-eat-yesterday,artRealism,known,3,0.86,ev-g2-fresh-a-art-what-did-you-eat-yesterday
what-did-you-eat-yesterday,artDensity,known,2,0.86,ev-g2-fresh-a-art-what-did-you-eat-yesterday
what-did-you-eat-yesterday,visualSoftness,known,2,0.86,ev-g2-fresh-a-art-what-did-you-eat-yesterday
what-did-you-eat-yesterday,motionImpact,unknown,,,ev-g2-fresh-a-art-what-did-you-eat-yesterday
the-full-time-wife-escapist,progression,known,2,0.82,ev-g2-fresh-a-annotation-the-full-time-wife-escapist
the-full-time-wife-escapist,problemSolving,known,4,0.82,ev-g2-fresh-a-annotation-the-full-time-wife-escapist
the-full-time-wife-escapist,strategy,known,3,0.82,ev-g2-fresh-a-annotation-the-full-time-wife-escapist
the-full-time-wife-escapist,pacing,known,3,0.82,ev-g2-fresh-a-annotation-the-full-time-wife-escapist
the-full-time-wife-escapist,mysteryReveal,known,0,0.82,ev-g2-fresh-a-annotation-the-full-time-wife-escapist
the-full-time-wife-escapist,worldBuilding,known,2,0.82,ev-g2-fresh-a-annotation-the-full-time-wife-escapist
the-full-time-wife-escapist,characterArcWeight,known,4,0.82,ev-g2-fresh-a-annotation-the-full-time-wife-escapist
the-full-time-wife-escapist,relationshipStructure,known,3,0.82,ev-g2-fresh-a-annotation-the-full-time-wife-escapist
the-full-time-wife-escapist,comedy,known,3,0.82,ev-g2-fresh-a-annotation-the-full-time-wife-escapist
the-full-time-wife-escapist,darkness,known,1,0.82,ev-g2-fresh-a-annotation-the-full-time-wife-escapist
the-full-time-wife-escapist,mentalStress,known,3,0.82,ev-g2-fresh-a-annotation-the-full-time-wife-escapist
the-full-time-wife-escapist,romance,known,4,0.82,ev-g2-fresh-a-annotation-the-full-time-wife-escapist
the-full-time-wife-escapist,emotionalWarmth,known,3,0.82,ev-g2-fresh-a-annotation-the-full-time-wife-escapist
the-full-time-wife-escapist,artRealism,known,2,0.86,ev-g2-fresh-a-art-the-full-time-wife-escapist
the-full-time-wife-escapist,artDensity,known,2,0.86,ev-g2-fresh-a-art-the-full-time-wife-escapist
the-full-time-wife-escapist,visualSoftness,known,3,0.86,ev-g2-fresh-a-art-the-full-time-wife-escapist
the-full-time-wife-escapist,motionImpact,unknown,,,ev-g2-fresh-a-art-the-full-time-wife-escapist
dance-dance-danseur,progression,known,4,0.82,ev-g2-fresh-a-annotation-dance-dance-danseur
dance-dance-danseur,problemSolving,known,2,0.82,ev-g2-fresh-a-annotation-dance-dance-danseur
dance-dance-danseur,strategy,known,2,0.82,ev-g2-fresh-a-annotation-dance-dance-danseur
dance-dance-danseur,pacing,known,3,0.82,ev-g2-fresh-a-annotation-dance-dance-danseur
dance-dance-danseur,mysteryReveal,known,0,0.82,ev-g2-fresh-a-annotation-dance-dance-danseur
dance-dance-danseur,worldBuilding,known,3,0.82,ev-g2-fresh-a-annotation-dance-dance-danseur
dance-dance-danseur,characterArcWeight,known,4,0.82,ev-g2-fresh-a-annotation-dance-dance-danseur
dance-dance-danseur,relationshipStructure,known,3,0.82,ev-g2-fresh-a-annotation-dance-dance-danseur
dance-dance-danseur,comedy,known,2,0.82,ev-g2-fresh-a-annotation-dance-dance-danseur
dance-dance-danseur,darkness,known,1,0.82,ev-g2-fresh-a-annotation-dance-dance-danseur
dance-dance-danseur,mentalStress,known,3,0.82,ev-g2-fresh-a-annotation-dance-dance-danseur
dance-dance-danseur,romance,known,2,0.82,ev-g2-fresh-a-annotation-dance-dance-danseur
dance-dance-danseur,emotionalWarmth,known,2,0.82,ev-g2-fresh-a-annotation-dance-dance-danseur
dance-dance-danseur,artRealism,known,3,0.86,ev-g2-fresh-a-art-dance-dance-danseur
dance-dance-danseur,artDensity,known,3,0.86,ev-g2-fresh-a-art-dance-dance-danseur
dance-dance-danseur,visualSoftness,known,2,0.86,ev-g2-fresh-a-art-dance-dance-danseur
dance-dance-danseur,motionImpact,unknown,,,ev-g2-fresh-a-art-dance-dance-danseur
chi-on-the-movements-of-the-earth,progression,known,1,0.82,ev-g2-fresh-a-annotation-chi-on-the-movements-of-the-earth
chi-on-the-movements-of-the-earth,problemSolving,known,4,0.82,ev-g2-fresh-a-annotation-chi-on-the-movements-of-the-earth
chi-on-the-movements-of-the-earth,strategy,known,3,0.82,ev-g2-fresh-a-annotation-chi-on-the-movements-of-the-earth
chi-on-the-movements-of-the-earth,pacing,known,4,0.82,ev-g2-fresh-a-annotation-chi-on-the-movements-of-the-earth
chi-on-the-movements-of-the-earth,mysteryReveal,known,3,0.82,ev-g2-fresh-a-annotation-chi-on-the-movements-of-the-earth
chi-on-the-movements-of-the-earth,worldBuilding,known,4,0.82,ev-g2-fresh-a-annotation-chi-on-the-movements-of-the-earth
chi-on-the-movements-of-the-earth,characterArcWeight,known,4,0.82,ev-g2-fresh-a-annotation-chi-on-the-movements-of-the-earth
chi-on-the-movements-of-the-earth,relationshipStructure,known,3,0.82,ev-g2-fresh-a-annotation-chi-on-the-movements-of-the-earth
chi-on-the-movements-of-the-earth,comedy,known,0,0.82,ev-g2-fresh-a-annotation-chi-on-the-movements-of-the-earth
chi-on-the-movements-of-the-earth,darkness,known,4,0.82,ev-g2-fresh-a-annotation-chi-on-the-movements-of-the-earth
chi-on-the-movements-of-the-earth,mentalStress,known,4,0.82,ev-g2-fresh-a-annotation-chi-on-the-movements-of-the-earth
chi-on-the-movements-of-the-earth,romance,known,0,0.82,ev-g2-fresh-a-annotation-chi-on-the-movements-of-the-earth
chi-on-the-movements-of-the-earth,emotionalWarmth,known,1,0.82,ev-g2-fresh-a-annotation-chi-on-the-movements-of-the-earth
chi-on-the-movements-of-the-earth,artRealism,known,3,0.86,ev-g2-fresh-a-art-chi-on-the-movements-of-the-earth
chi-on-the-movements-of-the-earth,artDensity,known,3,0.86,ev-g2-fresh-a-art-chi-on-the-movements-of-the-earth
chi-on-the-movements-of-the-earth,visualSoftness,known,1,0.86,ev-g2-fresh-a-art-chi-on-the-movements-of-the-earth
chi-on-the-movements-of-the-earth,motionImpact,unknown,,,ev-g2-fresh-a-art-chi-on-the-movements-of-the-earth
mystery-to-iu-nakare,progression,known,0,0.82,ev-g2-fresh-a-annotation-mystery-to-iu-nakare
mystery-to-iu-nakare,problemSolving,known,4,0.82,ev-g2-fresh-a-annotation-mystery-to-iu-nakare
mystery-to-iu-nakare,strategy,known,1,0.82,ev-g2-fresh-a-annotation-mystery-to-iu-nakare
mystery-to-iu-nakare,pacing,known,3,0.82,ev-g2-fresh-a-annotation-mystery-to-iu-nakare
mystery-to-iu-nakare,mysteryReveal,known,4,0.82,ev-g2-fresh-a-annotation-mystery-to-iu-nakare
mystery-to-iu-nakare,worldBuilding,known,1,0.82,ev-g2-fresh-a-annotation-mystery-to-iu-nakare
mystery-to-iu-nakare,characterArcWeight,known,4,0.82,ev-g2-fresh-a-annotation-mystery-to-iu-nakare
mystery-to-iu-nakare,relationshipStructure,known,3,0.82,ev-g2-fresh-a-annotation-mystery-to-iu-nakare
mystery-to-iu-nakare,comedy,known,2,0.82,ev-g2-fresh-a-annotation-mystery-to-iu-nakare
mystery-to-iu-nakare,darkness,known,3,0.82,ev-g2-fresh-a-annotation-mystery-to-iu-nakare
mystery-to-iu-nakare,mentalStress,known,3,0.82,ev-g2-fresh-a-annotation-mystery-to-iu-nakare
mystery-to-iu-nakare,romance,known,0,0.82,ev-g2-fresh-a-annotation-mystery-to-iu-nakare
mystery-to-iu-nakare,emotionalWarmth,known,2,0.82,ev-g2-fresh-a-annotation-mystery-to-iu-nakare
mystery-to-iu-nakare,artRealism,known,3,0.86,ev-g2-fresh-a-art-mystery-to-iu-nakare
mystery-to-iu-nakare,artDensity,known,2,0.86,ev-g2-fresh-a-art-mystery-to-iu-nakare
mystery-to-iu-nakare,visualSoftness,known,2,0.86,ev-g2-fresh-a-art-mystery-to-iu-nakare
mystery-to-iu-nakare,motionImpact,unknown,,,ev-g2-fresh-a-art-mystery-to-iu-nakare
aoashi,progression,known,4,0.82,ev-g2-fresh-a-annotation-aoashi
aoashi,problemSolving,known,3,0.82,ev-g2-fresh-a-annotation-aoashi
aoashi,strategy,known,2,0.82,ev-g2-fresh-a-annotation-aoashi
aoashi,pacing,known,3,0.82,ev-g2-fresh-a-annotation-aoashi
aoashi,mysteryReveal,known,0,0.82,ev-g2-fresh-a-annotation-aoashi
aoashi,worldBuilding,known,3,0.82,ev-g2-fresh-a-annotation-aoashi
aoashi,characterArcWeight,known,4,0.82,ev-g2-fresh-a-annotation-aoashi
aoashi,relationshipStructure,known,3,0.82,ev-g2-fresh-a-annotation-aoashi
aoashi,comedy,known,2,0.82,ev-g2-fresh-a-annotation-aoashi
aoashi,darkness,known,1,0.82,ev-g2-fresh-a-annotation-aoashi
aoashi,mentalStress,known,3,0.82,ev-g2-fresh-a-annotation-aoashi
aoashi,romance,known,1,0.82,ev-g2-fresh-a-annotation-aoashi
aoashi,emotionalWarmth,known,3,0.82,ev-g2-fresh-a-annotation-aoashi
aoashi,artRealism,known,3,0.86,ev-g2-fresh-a-art-aoashi
aoashi,artDensity,known,3,0.86,ev-g2-fresh-a-art-aoashi
aoashi,visualSoftness,known,1,0.86,ev-g2-fresh-a-art-aoashi
aoashi,motionImpact,unknown,,,ev-g2-fresh-a-art-aoashi
blood-on-the-tracks,progression,known,0,0.82,ev-g2-fresh-a-annotation-blood-on-the-tracks
blood-on-the-tracks,problemSolving,known,1,0.82,ev-g2-fresh-a-annotation-blood-on-the-tracks
blood-on-the-tracks,strategy,known,1,0.82,ev-g2-fresh-a-annotation-blood-on-the-tracks
blood-on-the-tracks,pacing,known,1,0.82,ev-g2-fresh-a-annotation-blood-on-the-tracks
blood-on-the-tracks,mysteryReveal,known,3,0.82,ev-g2-fresh-a-annotation-blood-on-the-tracks
blood-on-the-tracks,worldBuilding,known,1,0.82,ev-g2-fresh-a-annotation-blood-on-the-tracks
blood-on-the-tracks,characterArcWeight,known,4,0.82,ev-g2-fresh-a-annotation-blood-on-the-tracks
blood-on-the-tracks,relationshipStructure,known,2,0.82,ev-g2-fresh-a-annotation-blood-on-the-tracks
blood-on-the-tracks,comedy,known,0,0.82,ev-g2-fresh-a-annotation-blood-on-the-tracks
blood-on-the-tracks,darkness,known,4,0.82,ev-g2-fresh-a-annotation-blood-on-the-tracks
blood-on-the-tracks,mentalStress,known,4,0.82,ev-g2-fresh-a-annotation-blood-on-the-tracks
blood-on-the-tracks,romance,known,0,0.82,ev-g2-fresh-a-annotation-blood-on-the-tracks
blood-on-the-tracks,emotionalWarmth,known,0,0.82,ev-g2-fresh-a-annotation-blood-on-the-tracks
blood-on-the-tracks,artRealism,known,4,0.86,ev-g2-fresh-a-art-blood-on-the-tracks
blood-on-the-tracks,artDensity,known,1,0.86,ev-g2-fresh-a-art-blood-on-the-tracks
blood-on-the-tracks,visualSoftness,known,3,0.86,ev-g2-fresh-a-art-blood-on-the-tracks
blood-on-the-tracks,motionImpact,unknown,,,ev-g2-fresh-a-art-blood-on-the-tracks
7seeds,progression,known,3,0.82,ev-g2-fresh-a-annotation-7seeds
7seeds,problemSolving,known,3,0.82,ev-g2-fresh-a-annotation-7seeds
7seeds,strategy,known,3,0.82,ev-g2-fresh-a-annotation-7seeds
7seeds,pacing,known,4,0.82,ev-g2-fresh-a-annotation-7seeds
7seeds,mysteryReveal,known,4,0.82,ev-g2-fresh-a-annotation-7seeds
7seeds,worldBuilding,known,4,0.82,ev-g2-fresh-a-annotation-7seeds
7seeds,characterArcWeight,known,4,0.82,ev-g2-fresh-a-annotation-7seeds
7seeds,relationshipStructure,known,4,0.82,ev-g2-fresh-a-annotation-7seeds
7seeds,comedy,known,1,0.82,ev-g2-fresh-a-annotation-7seeds
7seeds,darkness,known,4,0.82,ev-g2-fresh-a-annotation-7seeds
7seeds,mentalStress,known,4,0.82,ev-g2-fresh-a-annotation-7seeds
7seeds,romance,known,1,0.82,ev-g2-fresh-a-annotation-7seeds
7seeds,emotionalWarmth,known,2,0.82,ev-g2-fresh-a-annotation-7seeds
7seeds,artRealism,known,2,0.86,ev-g2-fresh-a-art-7seeds
7seeds,artDensity,known,2,0.86,ev-g2-fresh-a-art-7seeds
7seeds,visualSoftness,known,2,0.86,ev-g2-fresh-a-art-7seeds
7seeds,motionImpact,unknown,,,ev-g2-fresh-a-art-7seeds
mieruko-chan,progression,known,1,0.82,ev-g2-fresh-a-annotation-mieruko-chan
mieruko-chan,problemSolving,known,3,0.82,ev-g2-fresh-a-annotation-mieruko-chan
mieruko-chan,strategy,known,2,0.82,ev-g2-fresh-a-annotation-mieruko-chan
mieruko-chan,pacing,known,3,0.82,ev-g2-fresh-a-annotation-mieruko-chan
mieruko-chan,mysteryReveal,known,2,0.82,ev-g2-fresh-a-annotation-mieruko-chan
mieruko-chan,worldBuilding,known,3,0.82,ev-g2-fresh-a-annotation-mieruko-chan
mieruko-chan,characterArcWeight,known,3,0.82,ev-g2-fresh-a-annotation-mieruko-chan
mieruko-chan,relationshipStructure,known,2,0.82,ev-g2-fresh-a-annotation-mieruko-chan
mieruko-chan,comedy,known,3,0.82,ev-g2-fresh-a-annotation-mieruko-chan
mieruko-chan,darkness,known,4,0.82,ev-g2-fresh-a-annotation-mieruko-chan
mieruko-chan,mentalStress,known,4,0.82,ev-g2-fresh-a-annotation-mieruko-chan
mieruko-chan,romance,known,0,0.82,ev-g2-fresh-a-annotation-mieruko-chan
mieruko-chan,emotionalWarmth,known,2,0.82,ev-g2-fresh-a-annotation-mieruko-chan
mieruko-chan,artRealism,known,2,0.86,ev-g2-fresh-a-art-mieruko-chan
mieruko-chan,artDensity,known,3,0.86,ev-g2-fresh-a-art-mieruko-chan
mieruko-chan,visualSoftness,known,1,0.86,ev-g2-fresh-a-art-mieruko-chan
mieruko-chan,motionImpact,unknown,,,ev-g2-fresh-a-art-mieruko-chan
the-summer-hikaru-died,progression,known,0,0.82,ev-g2-fresh-a-annotation-the-summer-hikaru-died
the-summer-hikaru-died,problemSolving,known,2,0.82,ev-g2-fresh-a-annotation-the-summer-hikaru-died
the-summer-hikaru-died,strategy,known,1,0.82,ev-g2-fresh-a-annotation-the-summer-hikaru-died
the-summer-hikaru-died,pacing,known,2,0.82,ev-g2-fresh-a-annotation-the-summer-hikaru-died
the-summer-hikaru-died,mysteryReveal,known,4,0.82,ev-g2-fresh-a-annotation-the-summer-hikaru-died
the-summer-hikaru-died,worldBuilding,known,3,0.82,ev-g2-fresh-a-annotation-the-summer-hikaru-died
the-summer-hikaru-died,characterArcWeight,known,4,0.82,ev-g2-fresh-a-annotation-the-summer-hikaru-died
the-summer-hikaru-died,relationshipStructure,known,2,0.82,ev-g2-fresh-a-annotation-the-summer-hikaru-died
the-summer-hikaru-died,comedy,known,1,0.82,ev-g2-fresh-a-annotation-the-summer-hikaru-died
the-summer-hikaru-died,darkness,known,4,0.82,ev-g2-fresh-a-annotation-the-summer-hikaru-died
the-summer-hikaru-died,mentalStress,known,4,0.82,ev-g2-fresh-a-annotation-the-summer-hikaru-died
the-summer-hikaru-died,romance,known,1,0.82,ev-g2-fresh-a-annotation-the-summer-hikaru-died
the-summer-hikaru-died,emotionalWarmth,known,1,0.82,ev-g2-fresh-a-annotation-the-summer-hikaru-died
the-summer-hikaru-died,artRealism,known,3,0.86,ev-g2-fresh-a-art-the-summer-hikaru-died
the-summer-hikaru-died,artDensity,known,3,0.86,ev-g2-fresh-a-art-the-summer-hikaru-died
the-summer-hikaru-died,visualSoftness,known,1,0.86,ev-g2-fresh-a-art-the-summer-hikaru-died
the-summer-hikaru-died,motionImpact,unknown,,,ev-g2-fresh-a-art-the-summer-hikaru-died
my-love-story-with-yamada-kun-at-lv999,progression,known,1,0.82,ev-g2-fresh-a-annotation-my-love-story-with-yamada-kun-at-lv999
my-love-story-with-yamada-kun-at-lv999,problemSolving,known,1,0.82,ev-g2-fresh-a-annotation-my-love-story-with-yamada-kun-at-lv999
my-love-story-with-yamada-kun-at-lv999,strategy,known,0,0.82,ev-g2-fresh-a-annotation-my-love-story-with-yamada-kun-at-lv999
my-love-story-with-yamada-kun-at-lv999,pacing,known,2,0.82,ev-g2-fresh-a-annotation-my-love-story-with-yamada-kun-at-lv999
my-love-story-with-yamada-kun-at-lv999,mysteryReveal,known,0,0.82,ev-g2-fresh-a-annotation-my-love-story-with-yamada-kun-at-lv999
my-love-story-with-yamada-kun-at-lv999,worldBuilding,known,2,0.82,ev-g2-fresh-a-annotation-my-love-story-with-yamada-kun-at-lv999
my-love-story-with-yamada-kun-at-lv999,characterArcWeight,known,4,0.82,ev-g2-fresh-a-annotation-my-love-story-with-yamada-kun-at-lv999
my-love-story-with-yamada-kun-at-lv999,relationshipStructure,known,3,0.82,ev-g2-fresh-a-annotation-my-love-story-with-yamada-kun-at-lv999
my-love-story-with-yamada-kun-at-lv999,comedy,known,3,0.82,ev-g2-fresh-a-annotation-my-love-story-with-yamada-kun-at-lv999
my-love-story-with-yamada-kun-at-lv999,darkness,known,0,0.82,ev-g2-fresh-a-annotation-my-love-story-with-yamada-kun-at-lv999
my-love-story-with-yamada-kun-at-lv999,mentalStress,known,2,0.82,ev-g2-fresh-a-annotation-my-love-story-with-yamada-kun-at-lv999
my-love-story-with-yamada-kun-at-lv999,romance,known,4,0.82,ev-g2-fresh-a-annotation-my-love-story-with-yamada-kun-at-lv999
my-love-story-with-yamada-kun-at-lv999,emotionalWarmth,known,4,0.82,ev-g2-fresh-a-annotation-my-love-story-with-yamada-kun-at-lv999
my-love-story-with-yamada-kun-at-lv999,artRealism,known,2,0.86,ev-g2-fresh-a-art-my-love-story-with-yamada-kun-at-lv999
my-love-story-with-yamada-kun-at-lv999,artDensity,known,2,0.86,ev-g2-fresh-a-art-my-love-story-with-yamada-kun-at-lv999
my-love-story-with-yamada-kun-at-lv999,visualSoftness,known,3,0.86,ev-g2-fresh-a-art-my-love-story-with-yamada-kun-at-lv999
my-love-story-with-yamada-kun-at-lv999,motionImpact,unknown,,,ev-g2-fresh-a-art-my-love-story-with-yamada-kun-at-lv999
metamorphose-no-engawa,progression,known,1,0.82,ev-g2-fresh-a-annotation-metamorphose-no-engawa
metamorphose-no-engawa,problemSolving,known,1,0.82,ev-g2-fresh-a-annotation-metamorphose-no-engawa
metamorphose-no-engawa,strategy,known,0,0.82,ev-g2-fresh-a-annotation-metamorphose-no-engawa
metamorphose-no-engawa,pacing,known,1,0.82,ev-g2-fresh-a-annotation-metamorphose-no-engawa
metamorphose-no-engawa,mysteryReveal,known,0,0.82,ev-g2-fresh-a-annotation-metamorphose-no-engawa
metamorphose-no-engawa,worldBuilding,known,1,0.82,ev-g2-fresh-a-annotation-metamorphose-no-engawa
metamorphose-no-engawa,characterArcWeight,known,4,0.82,ev-g2-fresh-a-annotation-metamorphose-no-engawa
metamorphose-no-engawa,relationshipStructure,known,2,0.82,ev-g2-fresh-a-annotation-metamorphose-no-engawa
metamorphose-no-engawa,comedy,known,2,0.82,ev-g2-fresh-a-annotation-metamorphose-no-engawa
metamorphose-no-engawa,darkness,known,0,0.82,ev-g2-fresh-a-annotation-metamorphose-no-engawa
metamorphose-no-engawa,mentalStress,known,1,0.82,ev-g2-fresh-a-annotation-metamorphose-no-engawa
metamorphose-no-engawa,romance,known,0,0.82,ev-g2-fresh-a-annotation-metamorphose-no-engawa
metamorphose-no-engawa,emotionalWarmth,known,4,0.82,ev-g2-fresh-a-annotation-metamorphose-no-engawa
metamorphose-no-engawa,artRealism,known,2,0.86,ev-g2-fresh-a-art-metamorphose-no-engawa
metamorphose-no-engawa,artDensity,known,2,0.86,ev-g2-fresh-a-art-metamorphose-no-engawa
metamorphose-no-engawa,visualSoftness,known,3,0.86,ev-g2-fresh-a-art-metamorphose-no-engawa
metamorphose-no-engawa,motionImpact,unknown,,,ev-g2-fresh-a-art-metamorphose-no-engawa
real,progression,known,3,0.82,ev-g2-fresh-a-annotation-real
real,problemSolving,known,2,0.82,ev-g2-fresh-a-annotation-real
real,strategy,known,2,0.82,ev-g2-fresh-a-annotation-real
real,pacing,known,2,0.82,ev-g2-fresh-a-annotation-real
real,mysteryReveal,known,0,0.82,ev-g2-fresh-a-annotation-real
real,worldBuilding,known,3,0.82,ev-g2-fresh-a-annotation-real
real,characterArcWeight,known,4,0.82,ev-g2-fresh-a-annotation-real
real,relationshipStructure,known,4,0.82,ev-g2-fresh-a-annotation-real
real,comedy,known,1,0.82,ev-g2-fresh-a-annotation-real
real,darkness,known,3,0.82,ev-g2-fresh-a-annotation-real
real,mentalStress,known,4,0.82,ev-g2-fresh-a-annotation-real
real,romance,known,1,0.82,ev-g2-fresh-a-annotation-real
real,emotionalWarmth,known,2,0.82,ev-g2-fresh-a-annotation-real
real,artRealism,known,4,0.86,ev-g2-fresh-a-art-real
real,artDensity,known,4,0.86,ev-g2-fresh-a-art-real
real,visualSoftness,known,1,0.86,ev-g2-fresh-a-art-real
real,motionImpact,unknown,,,ev-g2-fresh-a-art-real
summer-time-rendering,progression,known,2,0.82,ev-g2-fresh-a-annotation-summer-time-rendering
summer-time-rendering,problemSolving,known,4,0.82,ev-g2-fresh-a-annotation-summer-time-rendering
summer-time-rendering,strategy,known,4,0.82,ev-g2-fresh-a-annotation-summer-time-rendering
summer-time-rendering,pacing,known,4,0.82,ev-g2-fresh-a-annotation-summer-time-rendering
summer-time-rendering,mysteryReveal,known,4,0.82,ev-g2-fresh-a-annotation-summer-time-rendering
summer-time-rendering,worldBuilding,known,4,0.82,ev-g2-fresh-a-annotation-summer-time-rendering
summer-time-rendering,characterArcWeight,known,3,0.82,ev-g2-fresh-a-annotation-summer-time-rendering
summer-time-rendering,relationshipStructure,known,3,0.82,ev-g2-fresh-a-annotation-summer-time-rendering
summer-time-rendering,comedy,known,1,0.82,ev-g2-fresh-a-annotation-summer-time-rendering
summer-time-rendering,darkness,known,4,0.82,ev-g2-fresh-a-annotation-summer-time-rendering
summer-time-rendering,mentalStress,known,4,0.82,ev-g2-fresh-a-annotation-summer-time-rendering
summer-time-rendering,romance,known,2,0.82,ev-g2-fresh-a-annotation-summer-time-rendering
summer-time-rendering,emotionalWarmth,known,1,0.82,ev-g2-fresh-a-annotation-summer-time-rendering
summer-time-rendering,artRealism,known,3,0.86,ev-g2-fresh-a-art-summer-time-rendering
summer-time-rendering,artDensity,known,3,0.86,ev-g2-fresh-a-art-summer-time-rendering
summer-time-rendering,visualSoftness,known,2,0.86,ev-g2-fresh-a-art-summer-time-rendering
summer-time-rendering,motionImpact,unknown,,,ev-g2-fresh-a-art-summer-time-rendering
kowloon-generic-romance,progression,known,0,0.82,ev-g2-fresh-a-annotation-kowloon-generic-romance
kowloon-generic-romance,problemSolving,known,2,0.82,ev-g2-fresh-a-annotation-kowloon-generic-romance
kowloon-generic-romance,strategy,known,1,0.82,ev-g2-fresh-a-annotation-kowloon-generic-romance
kowloon-generic-romance,pacing,known,2,0.82,ev-g2-fresh-a-annotation-kowloon-generic-romance
kowloon-generic-romance,mysteryReveal,known,4,0.82,ev-g2-fresh-a-annotation-kowloon-generic-romance
kowloon-generic-romance,worldBuilding,known,4,0.82,ev-g2-fresh-a-annotation-kowloon-generic-romance
kowloon-generic-romance,characterArcWeight,known,4,0.82,ev-g2-fresh-a-annotation-kowloon-generic-romance
kowloon-generic-romance,relationshipStructure,known,3,0.82,ev-g2-fresh-a-annotation-kowloon-generic-romance
kowloon-generic-romance,comedy,known,2,0.82,ev-g2-fresh-a-annotation-kowloon-generic-romance
kowloon-generic-romance,darkness,known,2,0.82,ev-g2-fresh-a-annotation-kowloon-generic-romance
kowloon-generic-romance,mentalStress,known,3,0.82,ev-g2-fresh-a-annotation-kowloon-generic-romance
kowloon-generic-romance,romance,known,4,0.82,ev-g2-fresh-a-annotation-kowloon-generic-romance
kowloon-generic-romance,emotionalWarmth,known,2,0.82,ev-g2-fresh-a-annotation-kowloon-generic-romance
kowloon-generic-romance,artRealism,known,4,0.86,ev-g2-fresh-a-art-kowloon-generic-romance
kowloon-generic-romance,artDensity,known,4,0.86,ev-g2-fresh-a-art-kowloon-generic-romance
kowloon-generic-romance,visualSoftness,known,2,0.86,ev-g2-fresh-a-art-kowloon-generic-romance
kowloon-generic-romance,motionImpact,unknown,,,ev-g2-fresh-a-art-kowloon-generic-romance
my-happy-marriage,progression,known,1,0.82,ev-g2-fresh-a-annotation-my-happy-marriage
my-happy-marriage,problemSolving,known,2,0.82,ev-g2-fresh-a-annotation-my-happy-marriage
my-happy-marriage,strategy,known,1,0.82,ev-g2-fresh-a-annotation-my-happy-marriage
my-happy-marriage,pacing,known,3,0.82,ev-g2-fresh-a-annotation-my-happy-marriage
my-happy-marriage,mysteryReveal,known,2,0.82,ev-g2-fresh-a-annotation-my-happy-marriage
my-happy-marriage,worldBuilding,known,3,0.82,ev-g2-fresh-a-annotation-my-happy-marriage
my-happy-marriage,characterArcWeight,known,4,0.82,ev-g2-fresh-a-annotation-my-happy-marriage
my-happy-marriage,relationshipStructure,known,3,0.82,ev-g2-fresh-a-annotation-my-happy-marriage
my-happy-marriage,comedy,known,0,0.82,ev-g2-fresh-a-annotation-my-happy-marriage
my-happy-marriage,darkness,known,3,0.82,ev-g2-fresh-a-annotation-my-happy-marriage
my-happy-marriage,mentalStress,known,4,0.82,ev-g2-fresh-a-annotation-my-happy-marriage
my-happy-marriage,romance,known,4,0.82,ev-g2-fresh-a-annotation-my-happy-marriage
my-happy-marriage,emotionalWarmth,known,3,0.82,ev-g2-fresh-a-annotation-my-happy-marriage
my-happy-marriage,artRealism,known,2,0.86,ev-g2-fresh-a-art-my-happy-marriage
my-happy-marriage,artDensity,known,3,0.86,ev-g2-fresh-a-art-my-happy-marriage
my-happy-marriage,visualSoftness,known,4,0.86,ev-g2-fresh-a-art-my-happy-marriage
my-happy-marriage,motionImpact,unknown,,,ev-g2-fresh-a-art-my-happy-marriage
my-next-life-as-a-villainess,progression,known,3,0.82,ev-g2-fresh-a-annotation-my-next-life-as-a-villainess
my-next-life-as-a-villainess,problemSolving,known,4,0.82,ev-g2-fresh-a-annotation-my-next-life-as-a-villainess
my-next-life-as-a-villainess,strategy,known,3,0.82,ev-g2-fresh-a-annotation-my-next-life-as-a-villainess
my-next-life-as-a-villainess,pacing,known,3,0.82,ev-g2-fresh-a-annotation-my-next-life-as-a-villainess
my-next-life-as-a-villainess,mysteryReveal,known,2,0.82,ev-g2-fresh-a-annotation-my-next-life-as-a-villainess
my-next-life-as-a-villainess,worldBuilding,known,3,0.82,ev-g2-fresh-a-annotation-my-next-life-as-a-villainess
my-next-life-as-a-villainess,characterArcWeight,known,3,0.82,ev-g2-fresh-a-annotation-my-next-life-as-a-villainess
my-next-life-as-a-villainess,relationshipStructure,known,2,0.82,ev-g2-fresh-a-annotation-my-next-life-as-a-villainess
my-next-life-as-a-villainess,comedy,known,4,0.82,ev-g2-fresh-a-annotation-my-next-life-as-a-villainess
my-next-life-as-a-villainess,darkness,known,1,0.82,ev-g2-fresh-a-annotation-my-next-life-as-a-villainess
my-next-life-as-a-villainess,mentalStress,known,1,0.82,ev-g2-fresh-a-annotation-my-next-life-as-a-villainess
my-next-life-as-a-villainess,romance,known,3,0.82,ev-g2-fresh-a-annotation-my-next-life-as-a-villainess
my-next-life-as-a-villainess,emotionalWarmth,known,4,0.82,ev-g2-fresh-a-annotation-my-next-life-as-a-villainess
my-next-life-as-a-villainess,artRealism,known,1,0.86,ev-g2-fresh-a-art-my-next-life-as-a-villainess
my-next-life-as-a-villainess,artDensity,known,2,0.86,ev-g2-fresh-a-art-my-next-life-as-a-villainess
my-next-life-as-a-villainess,visualSoftness,known,4,0.86,ev-g2-fresh-a-art-my-next-life-as-a-villainess
my-next-life-as-a-villainess,motionImpact,unknown,,,ev-g2-fresh-a-art-my-next-life-as-a-villainess
how-a-realist-hero-rebuilt-the-kingdom,progression,known,4,0.82,ev-g2-fresh-a-annotation-how-a-realist-hero-rebuilt-the-kingdom
how-a-realist-hero-rebuilt-the-kingdom,problemSolving,known,4,0.82,ev-g2-fresh-a-annotation-how-a-realist-hero-rebuilt-the-kingdom
how-a-realist-hero-rebuilt-the-kingdom,strategy,known,4,0.82,ev-g2-fresh-a-annotation-how-a-realist-hero-rebuilt-the-kingdom
how-a-realist-hero-rebuilt-the-kingdom,pacing,known,3,0.82,ev-g2-fresh-a-annotation-how-a-realist-hero-rebuilt-the-kingdom
how-a-realist-hero-rebuilt-the-kingdom,mysteryReveal,known,1,0.82,ev-g2-fresh-a-annotation-how-a-realist-hero-rebuilt-the-kingdom
how-a-realist-hero-rebuilt-the-kingdom,worldBuilding,known,4,0.82,ev-g2-fresh-a-annotation-how-a-realist-hero-rebuilt-the-kingdom
how-a-realist-hero-rebuilt-the-kingdom,characterArcWeight,known,2,0.82,ev-g2-fresh-a-annotation-how-a-realist-hero-rebuilt-the-kingdom
how-a-realist-hero-rebuilt-the-kingdom,relationshipStructure,known,2,0.82,ev-g2-fresh-a-annotation-how-a-realist-hero-rebuilt-the-kingdom
how-a-realist-hero-rebuilt-the-kingdom,comedy,known,2,0.82,ev-g2-fresh-a-annotation-how-a-realist-hero-rebuilt-the-kingdom
how-a-realist-hero-rebuilt-the-kingdom,darkness,known,2,0.82,ev-g2-fresh-a-annotation-how-a-realist-hero-rebuilt-the-kingdom
how-a-realist-hero-rebuilt-the-kingdom,mentalStress,known,2,0.82,ev-g2-fresh-a-annotation-how-a-realist-hero-rebuilt-the-kingdom
how-a-realist-hero-rebuilt-the-kingdom,romance,known,1,0.82,ev-g2-fresh-a-annotation-how-a-realist-hero-rebuilt-the-kingdom
how-a-realist-hero-rebuilt-the-kingdom,emotionalWarmth,known,2,0.82,ev-g2-fresh-a-annotation-how-a-realist-hero-rebuilt-the-kingdom
how-a-realist-hero-rebuilt-the-kingdom,artRealism,known,2,0.86,ev-g2-fresh-a-art-how-a-realist-hero-rebuilt-the-kingdom
how-a-realist-hero-rebuilt-the-kingdom,artDensity,known,2,0.86,ev-g2-fresh-a-art-how-a-realist-hero-rebuilt-the-kingdom
how-a-realist-hero-rebuilt-the-kingdom,visualSoftness,known,3,0.86,ev-g2-fresh-a-art-how-a-realist-hero-rebuilt-the-kingdom
how-a-realist-hero-rebuilt-the-kingdom,motionImpact,unknown,,,ev-g2-fresh-a-art-how-a-realist-hero-rebuilt-the-kingdom
boys-run-the-riot,progression,known,2,0.82,ev-g2-fresh-a-annotation-boys-run-the-riot
boys-run-the-riot,problemSolving,known,2,0.82,ev-g2-fresh-a-annotation-boys-run-the-riot
boys-run-the-riot,strategy,known,1,0.82,ev-g2-fresh-a-annotation-boys-run-the-riot
boys-run-the-riot,pacing,known,2,0.82,ev-g2-fresh-a-annotation-boys-run-the-riot
boys-run-the-riot,mysteryReveal,known,0,0.82,ev-g2-fresh-a-annotation-boys-run-the-riot
boys-run-the-riot,worldBuilding,known,1,0.82,ev-g2-fresh-a-annotation-boys-run-the-riot
boys-run-the-riot,characterArcWeight,known,4,0.82,ev-g2-fresh-a-annotation-boys-run-the-riot
boys-run-the-riot,relationshipStructure,known,3,0.82,ev-g2-fresh-a-annotation-boys-run-the-riot
boys-run-the-riot,comedy,known,1,0.82,ev-g2-fresh-a-annotation-boys-run-the-riot
boys-run-the-riot,darkness,known,2,0.82,ev-g2-fresh-a-annotation-boys-run-the-riot
boys-run-the-riot,mentalStress,known,4,0.82,ev-g2-fresh-a-annotation-boys-run-the-riot
boys-run-the-riot,romance,known,1,0.82,ev-g2-fresh-a-annotation-boys-run-the-riot
boys-run-the-riot,emotionalWarmth,known,2,0.82,ev-g2-fresh-a-annotation-boys-run-the-riot
boys-run-the-riot,artRealism,known,3,0.86,ev-g2-fresh-a-art-boys-run-the-riot
boys-run-the-riot,artDensity,known,2,0.86,ev-g2-fresh-a-art-boys-run-the-riot
boys-run-the-riot,visualSoftness,known,2,0.86,ev-g2-fresh-a-art-boys-run-the-riot
boys-run-the-riot,motionImpact,unknown,,,ev-g2-fresh-a-art-boys-run-the-riot
blue-box,progression,known,3,0.82,ev-g2-fresh-a-annotation-blue-box
blue-box,problemSolving,known,2,0.82,ev-g2-fresh-a-annotation-blue-box
blue-box,strategy,known,1,0.82,ev-g2-fresh-a-annotation-blue-box
blue-box,pacing,known,2,0.82,ev-g2-fresh-a-annotation-blue-box
blue-box,mysteryReveal,known,0,0.82,ev-g2-fresh-a-annotation-blue-box
blue-box,worldBuilding,known,2,0.82,ev-g2-fresh-a-annotation-blue-box
blue-box,characterArcWeight,known,4,0.82,ev-g2-fresh-a-annotation-blue-box
blue-box,relationshipStructure,known,3,0.82,ev-g2-fresh-a-annotation-blue-box
blue-box,comedy,known,2,0.82,ev-g2-fresh-a-annotation-blue-box
blue-box,darkness,known,0,0.82,ev-g2-fresh-a-annotation-blue-box
blue-box,mentalStress,known,2,0.82,ev-g2-fresh-a-annotation-blue-box
blue-box,romance,known,4,0.82,ev-g2-fresh-a-annotation-blue-box
blue-box,emotionalWarmth,known,4,0.82,ev-g2-fresh-a-annotation-blue-box
blue-box,artRealism,known,2,0.86,ev-g2-fresh-a-art-blue-box
blue-box,artDensity,known,2,0.86,ev-g2-fresh-a-art-blue-box
blue-box,visualSoftness,known,3,0.86,ev-g2-fresh-a-art-blue-box
blue-box,motionImpact,unknown,,,ev-g2-fresh-a-art-blue-box
the-darwin-incident,progression,known,1,0.82,ev-g2-fresh-a-annotation-the-darwin-incident
the-darwin-incident,problemSolving,known,4,0.82,ev-g2-fresh-a-annotation-the-darwin-incident
the-darwin-incident,strategy,known,3,0.82,ev-g2-fresh-a-annotation-the-darwin-incident
the-darwin-incident,pacing,known,4,0.82,ev-g2-fresh-a-annotation-the-darwin-incident
the-darwin-incident,mysteryReveal,known,3,0.82,ev-g2-fresh-a-annotation-the-darwin-incident
the-darwin-incident,worldBuilding,known,4,0.82,ev-g2-fresh-a-annotation-the-darwin-incident
the-darwin-incident,characterArcWeight,known,3,0.82,ev-g2-fresh-a-annotation-the-darwin-incident
the-darwin-incident,relationshipStructure,known,3,0.82,ev-g2-fresh-a-annotation-the-darwin-incident
the-darwin-incident,comedy,known,0,0.82,ev-g2-fresh-a-annotation-the-darwin-incident
the-darwin-incident,darkness,known,4,0.82,ev-g2-fresh-a-annotation-the-darwin-incident
the-darwin-incident,mentalStress,known,4,0.82,ev-g2-fresh-a-annotation-the-darwin-incident
the-darwin-incident,romance,known,0,0.82,ev-g2-fresh-a-annotation-the-darwin-incident
the-darwin-incident,emotionalWarmth,known,1,0.82,ev-g2-fresh-a-annotation-the-darwin-incident
the-darwin-incident,artRealism,known,3,0.86,ev-g2-fresh-a-art-the-darwin-incident
the-darwin-incident,artDensity,known,2,0.86,ev-g2-fresh-a-art-the-darwin-incident
the-darwin-incident,visualSoftness,known,2,0.86,ev-g2-fresh-a-art-the-darwin-incident
the-darwin-incident,motionImpact,unknown,,,ev-g2-fresh-a-art-the-darwin-incident
requiem-of-the-rose-king,progression,known,2,0.82,ev-g2-fresh-a-annotation-requiem-of-the-rose-king
requiem-of-the-rose-king,problemSolving,known,2,0.82,ev-g2-fresh-a-annotation-requiem-of-the-rose-king
requiem-of-the-rose-king,strategy,known,4,0.82,ev-g2-fresh-a-annotation-requiem-of-the-rose-king
requiem-of-the-rose-king,pacing,known,3,0.82,ev-g2-fresh-a-annotation-requiem-of-the-rose-king
requiem-of-the-rose-king,mysteryReveal,known,2,0.82,ev-g2-fresh-a-annotation-requiem-of-the-rose-king
requiem-of-the-rose-king,worldBuilding,known,4,0.82,ev-g2-fresh-a-annotation-requiem-of-the-rose-king
requiem-of-the-rose-king,characterArcWeight,known,4,0.82,ev-g2-fresh-a-annotation-requiem-of-the-rose-king
requiem-of-the-rose-king,relationshipStructure,known,4,0.82,ev-g2-fresh-a-annotation-requiem-of-the-rose-king
requiem-of-the-rose-king,comedy,known,0,0.82,ev-g2-fresh-a-annotation-requiem-of-the-rose-king
requiem-of-the-rose-king,darkness,known,4,0.82,ev-g2-fresh-a-annotation-requiem-of-the-rose-king
requiem-of-the-rose-king,mentalStress,known,4,0.82,ev-g2-fresh-a-annotation-requiem-of-the-rose-king
requiem-of-the-rose-king,romance,known,3,0.82,ev-g2-fresh-a-annotation-requiem-of-the-rose-king
requiem-of-the-rose-king,emotionalWarmth,known,1,0.82,ev-g2-fresh-a-annotation-requiem-of-the-rose-king
requiem-of-the-rose-king,artRealism,known,3,0.86,ev-g2-fresh-a-art-requiem-of-the-rose-king
requiem-of-the-rose-king,artDensity,known,4,0.86,ev-g2-fresh-a-art-requiem-of-the-rose-king
requiem-of-the-rose-king,visualSoftness,known,2,0.86,ev-g2-fresh-a-art-requiem-of-the-rose-king
requiem-of-the-rose-king,motionImpact,unknown,,,ev-g2-fresh-a-art-requiem-of-the-rose-king
i-think-our-son-is-gay,progression,known,0,0.82,ev-g2-fresh-a-annotation-i-think-our-son-is-gay
i-think-our-son-is-gay,problemSolving,known,1,0.82,ev-g2-fresh-a-annotation-i-think-our-son-is-gay
i-think-our-son-is-gay,strategy,known,0,0.82,ev-g2-fresh-a-annotation-i-think-our-son-is-gay
i-think-our-son-is-gay,pacing,known,1,0.82,ev-g2-fresh-a-annotation-i-think-our-son-is-gay
i-think-our-son-is-gay,mysteryReveal,known,0,0.82,ev-g2-fresh-a-annotation-i-think-our-son-is-gay
i-think-our-son-is-gay,worldBuilding,known,0,0.82,ev-g2-fresh-a-annotation-i-think-our-son-is-gay
i-think-our-son-is-gay,characterArcWeight,known,4,0.82,ev-g2-fresh-a-annotation-i-think-our-son-is-gay
i-think-our-son-is-gay,relationshipStructure,known,2,0.82,ev-g2-fresh-a-annotation-i-think-our-son-is-gay
i-think-our-son-is-gay,comedy,known,3,0.82,ev-g2-fresh-a-annotation-i-think-our-son-is-gay
i-think-our-son-is-gay,darkness,known,0,0.82,ev-g2-fresh-a-annotation-i-think-our-son-is-gay
i-think-our-son-is-gay,mentalStress,known,1,0.82,ev-g2-fresh-a-annotation-i-think-our-son-is-gay
i-think-our-son-is-gay,romance,known,0,0.82,ev-g2-fresh-a-annotation-i-think-our-son-is-gay
i-think-our-son-is-gay,emotionalWarmth,known,4,0.82,ev-g2-fresh-a-annotation-i-think-our-son-is-gay
i-think-our-son-is-gay,artRealism,known,1,0.86,ev-g2-fresh-a-art-i-think-our-son-is-gay
i-think-our-son-is-gay,artDensity,known,1,0.86,ev-g2-fresh-a-art-i-think-our-son-is-gay
i-think-our-son-is-gay,visualSoftness,known,3,0.86,ev-g2-fresh-a-art-i-think-our-son-is-gay
i-think-our-son-is-gay,motionImpact,unknown,,,ev-g2-fresh-a-art-i-think-our-son-is-gay
fruits-basket,progression,known,1,0.82,ev-g2-fresh-b-annotation-fruits-basket
fruits-basket,problemSolving,known,1,0.82,ev-g2-fresh-b-annotation-fruits-basket
fruits-basket,strategy,known,0,0.82,ev-g2-fresh-b-annotation-fruits-basket
fruits-basket,pacing,known,2,0.82,ev-g2-fresh-b-annotation-fruits-basket
fruits-basket,mysteryReveal,known,2,0.82,ev-g2-fresh-b-annotation-fruits-basket
fruits-basket,worldBuilding,known,3,0.82,ev-g2-fresh-b-annotation-fruits-basket
fruits-basket,characterArcWeight,known,4,0.82,ev-g2-fresh-b-annotation-fruits-basket
fruits-basket,relationshipStructure,known,4,0.82,ev-g2-fresh-b-annotation-fruits-basket
fruits-basket,comedy,known,3,0.82,ev-g2-fresh-b-annotation-fruits-basket
fruits-basket,darkness,known,2,0.82,ev-g2-fresh-b-annotation-fruits-basket
fruits-basket,mentalStress,known,3,0.82,ev-g2-fresh-b-annotation-fruits-basket
fruits-basket,romance,known,3,0.82,ev-g2-fresh-b-annotation-fruits-basket
fruits-basket,emotionalWarmth,known,4,0.82,ev-g2-fresh-b-annotation-fruits-basket
fruits-basket,artRealism,known,1,0.86,ev-g2-fresh-b-art-fruits-basket
fruits-basket,artDensity,known,2,0.86,ev-g2-fresh-b-art-fruits-basket
fruits-basket,visualSoftness,known,4,0.86,ev-g2-fresh-b-art-fruits-basket
fruits-basket,motionImpact,unknown,,,ev-g2-fresh-b-art-fruits-basket
inuyasha,progression,known,2,0.82,ev-g2-fresh-b-annotation-inuyasha
inuyasha,problemSolving,known,1,0.82,ev-g2-fresh-b-annotation-inuyasha
inuyasha,strategy,known,0,0.82,ev-g2-fresh-b-annotation-inuyasha
inuyasha,pacing,known,4,0.82,ev-g2-fresh-b-annotation-inuyasha
inuyasha,mysteryReveal,known,2,0.82,ev-g2-fresh-b-annotation-inuyasha
inuyasha,worldBuilding,known,3,0.82,ev-g2-fresh-b-annotation-inuyasha
inuyasha,characterArcWeight,known,2,0.82,ev-g2-fresh-b-annotation-inuyasha
inuyasha,relationshipStructure,known,2,0.82,ev-g2-fresh-b-annotation-inuyasha
inuyasha,comedy,known,2,0.82,ev-g2-fresh-b-annotation-inuyasha
inuyasha,darkness,known,2,0.82,ev-g2-fresh-b-annotation-inuyasha
inuyasha,mentalStress,known,1,0.82,ev-g2-fresh-b-annotation-inuyasha
inuyasha,romance,known,2,0.82,ev-g2-fresh-b-annotation-inuyasha
inuyasha,emotionalWarmth,known,2,0.82,ev-g2-fresh-b-annotation-inuyasha
inuyasha,artRealism,known,2,0.86,ev-g2-fresh-b-art-inuyasha
inuyasha,artDensity,known,3,0.86,ev-g2-fresh-b-art-inuyasha
inuyasha,visualSoftness,known,2,0.86,ev-g2-fresh-b-art-inuyasha
inuyasha,motionImpact,known,4,0.84,ev-g2-fresh-b-art-inuyasha
space-brothers,progression,known,4,0.82,ev-g2-fresh-b-annotation-space-brothers
space-brothers,problemSolving,known,3,0.82,ev-g2-fresh-b-annotation-space-brothers
space-brothers,strategy,known,2,0.82,ev-g2-fresh-b-annotation-space-brothers
space-brothers,pacing,known,2,0.82,ev-g2-fresh-b-annotation-space-brothers
space-brothers,mysteryReveal,known,0,0.82,ev-g2-fresh-b-annotation-space-brothers
space-brothers,worldBuilding,known,3,0.82,ev-g2-fresh-b-annotation-space-brothers
space-brothers,characterArcWeight,known,4,0.82,ev-g2-fresh-b-annotation-space-brothers
space-brothers,relationshipStructure,known,3,0.82,ev-g2-fresh-b-annotation-space-brothers
space-brothers,comedy,known,2,0.82,ev-g2-fresh-b-annotation-space-brothers
space-brothers,darkness,known,1,0.82,ev-g2-fresh-b-annotation-space-brothers
space-brothers,mentalStress,known,2,0.82,ev-g2-fresh-b-annotation-space-brothers
space-brothers,romance,known,0,0.82,ev-g2-fresh-b-annotation-space-brothers
space-brothers,emotionalWarmth,known,4,0.82,ev-g2-fresh-b-annotation-space-brothers
space-brothers,artRealism,known,3,0.86,ev-g2-fresh-b-art-space-brothers
space-brothers,artDensity,known,3,0.86,ev-g2-fresh-b-art-space-brothers
space-brothers,visualSoftness,known,2,0.86,ev-g2-fresh-b-art-space-brothers
space-brothers,motionImpact,unknown,,,ev-g2-fresh-b-art-space-brothers
blue-giant,progression,known,4,0.82,ev-g2-fresh-b-annotation-blue-giant
blue-giant,problemSolving,known,1,0.82,ev-g2-fresh-b-annotation-blue-giant
blue-giant,strategy,known,0,0.82,ev-g2-fresh-b-annotation-blue-giant
blue-giant,pacing,known,2,0.82,ev-g2-fresh-b-annotation-blue-giant
blue-giant,mysteryReveal,known,0,0.82,ev-g2-fresh-b-annotation-blue-giant
blue-giant,worldBuilding,known,2,0.82,ev-g2-fresh-b-annotation-blue-giant
blue-giant,characterArcWeight,known,4,0.82,ev-g2-fresh-b-annotation-blue-giant
blue-giant,relationshipStructure,known,2,0.82,ev-g2-fresh-b-annotation-blue-giant
blue-giant,comedy,known,1,0.82,ev-g2-fresh-b-annotation-blue-giant
blue-giant,darkness,known,0,0.82,ev-g2-fresh-b-annotation-blue-giant
blue-giant,mentalStress,known,2,0.82,ev-g2-fresh-b-annotation-blue-giant
blue-giant,romance,known,0,0.82,ev-g2-fresh-b-annotation-blue-giant
blue-giant,emotionalWarmth,known,3,0.82,ev-g2-fresh-b-annotation-blue-giant
blue-giant,artRealism,known,3,0.86,ev-g2-fresh-b-art-blue-giant
blue-giant,artDensity,known,3,0.86,ev-g2-fresh-b-art-blue-giant
blue-giant,visualSoftness,known,2,0.86,ev-g2-fresh-b-art-blue-giant
blue-giant,motionImpact,unknown,,,ev-g2-fresh-b-art-blue-giant
blue-period,progression,known,4,0.82,ev-g2-fresh-b-annotation-blue-period
blue-period,problemSolving,known,3,0.82,ev-g2-fresh-b-annotation-blue-period
blue-period,strategy,known,2,0.82,ev-g2-fresh-b-annotation-blue-period
blue-period,pacing,known,2,0.82,ev-g2-fresh-b-annotation-blue-period
blue-period,mysteryReveal,known,0,0.82,ev-g2-fresh-b-annotation-blue-period
blue-period,worldBuilding,known,3,0.82,ev-g2-fresh-b-annotation-blue-period
blue-period,characterArcWeight,known,4,0.82,ev-g2-fresh-b-annotation-blue-period
blue-period,relationshipStructure,known,3,0.82,ev-g2-fresh-b-annotation-blue-period
blue-period,comedy,known,1,0.82,ev-g2-fresh-b-annotation-blue-period
blue-period,darkness,known,1,0.82,ev-g2-fresh-b-annotation-blue-period
blue-period,mentalStress,known,4,0.82,ev-g2-fresh-b-annotation-blue-period
blue-period,romance,known,0,0.82,ev-g2-fresh-b-annotation-blue-period
blue-period,emotionalWarmth,known,2,0.82,ev-g2-fresh-b-annotation-blue-period
blue-period,artRealism,known,2,0.86,ev-g2-fresh-b-art-blue-period
blue-period,artDensity,known,3,0.86,ev-g2-fresh-b-art-blue-period
blue-period,visualSoftness,known,3,0.86,ev-g2-fresh-b-art-blue-period
blue-period,motionImpact,unknown,,,ev-g2-fresh-b-art-blue-period
the-apothecary-diaries,progression,known,1,0.82,ev-g2-fresh-b-annotation-the-apothecary-diaries
the-apothecary-diaries,problemSolving,known,4,0.82,ev-g2-fresh-b-annotation-the-apothecary-diaries
the-apothecary-diaries,strategy,known,3,0.82,ev-g2-fresh-b-annotation-the-apothecary-diaries
the-apothecary-diaries,pacing,known,3,0.82,ev-g2-fresh-b-annotation-the-apothecary-diaries
the-apothecary-diaries,mysteryReveal,known,4,0.82,ev-g2-fresh-b-annotation-the-apothecary-diaries
the-apothecary-diaries,worldBuilding,known,4,0.82,ev-g2-fresh-b-annotation-the-apothecary-diaries
the-apothecary-diaries,characterArcWeight,known,3,0.82,ev-g2-fresh-b-annotation-the-apothecary-diaries
the-apothecary-diaries,relationshipStructure,known,2,0.82,ev-g2-fresh-b-annotation-the-apothecary-diaries
the-apothecary-diaries,comedy,known,2,0.82,ev-g2-fresh-b-annotation-the-apothecary-diaries
the-apothecary-diaries,darkness,known,2,0.82,ev-g2-fresh-b-annotation-the-apothecary-diaries
the-apothecary-diaries,mentalStress,known,2,0.82,ev-g2-fresh-b-annotation-the-apothecary-diaries
the-apothecary-diaries,romance,known,1,0.82,ev-g2-fresh-b-annotation-the-apothecary-diaries
the-apothecary-diaries,emotionalWarmth,known,1,0.82,ev-g2-fresh-b-annotation-the-apothecary-diaries
the-apothecary-diaries,artRealism,known,2,0.86,ev-g2-fresh-b-art-the-apothecary-diaries
the-apothecary-diaries,artDensity,known,3,0.86,ev-g2-fresh-b-art-the-apothecary-diaries
the-apothecary-diaries,visualSoftness,known,2,0.86,ev-g2-fresh-b-art-the-apothecary-diaries
the-apothecary-diaries,motionImpact,unknown,,,ev-g2-fresh-b-art-the-apothecary-diaries
dorohedoro,progression,known,2,0.82,ev-g2-fresh-b-annotation-dorohedoro
dorohedoro,problemSolving,known,1,0.82,ev-g2-fresh-b-annotation-dorohedoro
dorohedoro,strategy,known,1,0.82,ev-g2-fresh-b-annotation-dorohedoro
dorohedoro,pacing,known,4,0.82,ev-g2-fresh-b-annotation-dorohedoro
dorohedoro,mysteryReveal,known,4,0.82,ev-g2-fresh-b-annotation-dorohedoro
dorohedoro,worldBuilding,known,4,0.82,ev-g2-fresh-b-annotation-dorohedoro
dorohedoro,characterArcWeight,known,3,0.82,ev-g2-fresh-b-annotation-dorohedoro
dorohedoro,relationshipStructure,known,4,0.82,ev-g2-fresh-b-annotation-dorohedoro
dorohedoro,comedy,known,3,0.82,ev-g2-fresh-b-annotation-dorohedoro
dorohedoro,darkness,known,4,0.82,ev-g2-fresh-b-annotation-dorohedoro
dorohedoro,mentalStress,known,2,0.82,ev-g2-fresh-b-annotation-dorohedoro
dorohedoro,romance,known,0,0.82,ev-g2-fresh-b-annotation-dorohedoro
dorohedoro,emotionalWarmth,known,2,0.82,ev-g2-fresh-b-annotation-dorohedoro
dorohedoro,artRealism,known,2,0.86,ev-g2-fresh-b-art-dorohedoro
dorohedoro,artDensity,known,4,0.86,ev-g2-fresh-b-art-dorohedoro
dorohedoro,visualSoftness,known,0,0.86,ev-g2-fresh-b-art-dorohedoro
dorohedoro,motionImpact,unknown,,,ev-g2-fresh-b-art-dorohedoro
sweat-and-soap,progression,known,1,0.82,ev-g2-fresh-b-annotation-sweat-and-soap
sweat-and-soap,problemSolving,known,1,0.82,ev-g2-fresh-b-annotation-sweat-and-soap
sweat-and-soap,strategy,known,0,0.82,ev-g2-fresh-b-annotation-sweat-and-soap
sweat-and-soap,pacing,known,3,0.82,ev-g2-fresh-b-annotation-sweat-and-soap
sweat-and-soap,mysteryReveal,known,0,0.82,ev-g2-fresh-b-annotation-sweat-and-soap
sweat-and-soap,worldBuilding,known,1,0.82,ev-g2-fresh-b-annotation-sweat-and-soap
sweat-and-soap,characterArcWeight,known,4,0.82,ev-g2-fresh-b-annotation-sweat-and-soap
sweat-and-soap,relationshipStructure,known,2,0.82,ev-g2-fresh-b-annotation-sweat-and-soap
sweat-and-soap,comedy,known,2,0.82,ev-g2-fresh-b-annotation-sweat-and-soap
sweat-and-soap,darkness,known,0,0.82,ev-g2-fresh-b-annotation-sweat-and-soap
sweat-and-soap,mentalStress,known,2,0.82,ev-g2-fresh-b-annotation-sweat-and-soap
sweat-and-soap,romance,known,4,0.82,ev-g2-fresh-b-annotation-sweat-and-soap
sweat-and-soap,emotionalWarmth,known,4,0.82,ev-g2-fresh-b-annotation-sweat-and-soap
sweat-and-soap,artRealism,known,2,0.86,ev-g2-fresh-b-art-sweat-and-soap
sweat-and-soap,artDensity,known,2,0.86,ev-g2-fresh-b-art-sweat-and-soap
sweat-and-soap,visualSoftness,known,3,0.86,ev-g2-fresh-b-art-sweat-and-soap
sweat-and-soap,motionImpact,unknown,,,ev-g2-fresh-b-art-sweat-and-soap
a-condition-called-love,progression,known,1,0.82,ev-g2-fresh-b-annotation-a-condition-called-love
a-condition-called-love,problemSolving,known,1,0.82,ev-g2-fresh-b-annotation-a-condition-called-love
a-condition-called-love,strategy,known,0,0.82,ev-g2-fresh-b-annotation-a-condition-called-love
a-condition-called-love,pacing,known,2,0.82,ev-g2-fresh-b-annotation-a-condition-called-love
a-condition-called-love,mysteryReveal,known,0,0.82,ev-g2-fresh-b-annotation-a-condition-called-love
a-condition-called-love,worldBuilding,known,0,0.82,ev-g2-fresh-b-annotation-a-condition-called-love
a-condition-called-love,characterArcWeight,known,4,0.82,ev-g2-fresh-b-annotation-a-condition-called-love
a-condition-called-love,relationshipStructure,known,2,0.82,ev-g2-fresh-b-annotation-a-condition-called-love
a-condition-called-love,comedy,known,1,0.82,ev-g2-fresh-b-annotation-a-condition-called-love
a-condition-called-love,darkness,known,1,0.82,ev-g2-fresh-b-annotation-a-condition-called-love
a-condition-called-love,mentalStress,known,4,0.82,ev-g2-fresh-b-annotation-a-condition-called-love
a-condition-called-love,romance,known,4,0.82,ev-g2-fresh-b-annotation-a-condition-called-love
a-condition-called-love,emotionalWarmth,known,3,0.82,ev-g2-fresh-b-annotation-a-condition-called-love
a-condition-called-love,artRealism,known,1,0.86,ev-g2-fresh-b-art-a-condition-called-love
a-condition-called-love,artDensity,known,2,0.86,ev-g2-fresh-b-art-a-condition-called-love
a-condition-called-love,visualSoftness,known,4,0.86,ev-g2-fresh-b-art-a-condition-called-love
a-condition-called-love,motionImpact,unknown,,,ev-g2-fresh-b-art-a-condition-called-love
she-loves-to-cook-and-she-loves-to-eat,progression,known,0,0.82,ev-g2-fresh-b-annotation-she-loves-to-cook-and-she-loves-to-eat
she-loves-to-cook-and-she-loves-to-eat,problemSolving,known,2,0.82,ev-g2-fresh-b-annotation-she-loves-to-cook-and-she-loves-to-eat
she-loves-to-cook-and-she-loves-to-eat,strategy,known,0,0.82,ev-g2-fresh-b-annotation-she-loves-to-cook-and-she-loves-to-eat
she-loves-to-cook-and-she-loves-to-eat,pacing,known,1,0.82,ev-g2-fresh-b-annotation-she-loves-to-cook-and-she-loves-to-eat
she-loves-to-cook-and-she-loves-to-eat,mysteryReveal,known,0,0.82,ev-g2-fresh-b-annotation-she-loves-to-cook-and-she-loves-to-eat
she-loves-to-cook-and-she-loves-to-eat,worldBuilding,known,1,0.82,ev-g2-fresh-b-annotation-she-loves-to-cook-and-she-loves-to-eat
she-loves-to-cook-and-she-loves-to-eat,characterArcWeight,known,3,0.82,ev-g2-fresh-b-annotation-she-loves-to-cook-and-she-loves-to-eat
she-loves-to-cook-and-she-loves-to-eat,relationshipStructure,known,2,0.82,ev-g2-fresh-b-annotation-she-loves-to-cook-and-she-loves-to-eat
she-loves-to-cook-and-she-loves-to-eat,comedy,known,2,0.82,ev-g2-fresh-b-annotation-she-loves-to-cook-and-she-loves-to-eat
she-loves-to-cook-and-she-loves-to-eat,darkness,known,0,0.82,ev-g2-fresh-b-annotation-she-loves-to-cook-and-she-loves-to-eat
she-loves-to-cook-and-she-loves-to-eat,mentalStress,known,1,0.82,ev-g2-fresh-b-annotation-she-loves-to-cook-and-she-loves-to-eat
she-loves-to-cook-and-she-loves-to-eat,romance,known,3,0.82,ev-g2-fresh-b-annotation-she-loves-to-cook-and-she-loves-to-eat
she-loves-to-cook-and-she-loves-to-eat,emotionalWarmth,known,4,0.82,ev-g2-fresh-b-annotation-she-loves-to-cook-and-she-loves-to-eat
she-loves-to-cook-and-she-loves-to-eat,artRealism,known,2,0.86,ev-g2-fresh-b-art-she-loves-to-cook-and-she-loves-to-eat
she-loves-to-cook-and-she-loves-to-eat,artDensity,known,2,0.86,ev-g2-fresh-b-art-she-loves-to-cook-and-she-loves-to-eat
she-loves-to-cook-and-she-loves-to-eat,visualSoftness,known,3,0.86,ev-g2-fresh-b-art-she-loves-to-cook-and-she-loves-to-eat
she-loves-to-cook-and-she-loves-to-eat,motionImpact,unknown,,,ev-g2-fresh-b-art-she-loves-to-cook-and-she-loves-to-eat
my-brothers-husband,progression,known,0,0.82,ev-g2-fresh-b-annotation-my-brothers-husband
my-brothers-husband,problemSolving,known,2,0.82,ev-g2-fresh-b-annotation-my-brothers-husband
my-brothers-husband,strategy,known,0,0.82,ev-g2-fresh-b-annotation-my-brothers-husband
my-brothers-husband,pacing,known,1,0.82,ev-g2-fresh-b-annotation-my-brothers-husband
my-brothers-husband,mysteryReveal,known,0,0.82,ev-g2-fresh-b-annotation-my-brothers-husband
my-brothers-husband,worldBuilding,known,1,0.82,ev-g2-fresh-b-annotation-my-brothers-husband
my-brothers-husband,characterArcWeight,known,4,0.82,ev-g2-fresh-b-annotation-my-brothers-husband
my-brothers-husband,relationshipStructure,known,2,0.82,ev-g2-fresh-b-annotation-my-brothers-husband
my-brothers-husband,comedy,known,1,0.82,ev-g2-fresh-b-annotation-my-brothers-husband
my-brothers-husband,darkness,known,1,0.82,ev-g2-fresh-b-annotation-my-brothers-husband
my-brothers-husband,mentalStress,known,2,0.82,ev-g2-fresh-b-annotation-my-brothers-husband
my-brothers-husband,romance,known,0,0.82,ev-g2-fresh-b-annotation-my-brothers-husband
my-brothers-husband,emotionalWarmth,known,4,0.82,ev-g2-fresh-b-annotation-my-brothers-husband
my-brothers-husband,artRealism,known,3,0.86,ev-g2-fresh-b-art-my-brothers-husband
my-brothers-husband,artDensity,known,2,0.86,ev-g2-fresh-b-art-my-brothers-husband
my-brothers-husband,visualSoftness,known,2,0.86,ev-g2-fresh-b-art-my-brothers-husband
my-brothers-husband,motionImpact,unknown,,,ev-g2-fresh-b-art-my-brothers-husband
our-dreams-at-dusk,progression,known,0,0.82,ev-g2-fresh-b-annotation-our-dreams-at-dusk
our-dreams-at-dusk,problemSolving,known,1,0.82,ev-g2-fresh-b-annotation-our-dreams-at-dusk
our-dreams-at-dusk,strategy,known,0,0.82,ev-g2-fresh-b-annotation-our-dreams-at-dusk
our-dreams-at-dusk,pacing,known,2,0.82,ev-g2-fresh-b-annotation-our-dreams-at-dusk
our-dreams-at-dusk,mysteryReveal,known,1,0.82,ev-g2-fresh-b-annotation-our-dreams-at-dusk
our-dreams-at-dusk,worldBuilding,known,1,0.82,ev-g2-fresh-b-annotation-our-dreams-at-dusk
our-dreams-at-dusk,characterArcWeight,known,4,0.82,ev-g2-fresh-b-annotation-our-dreams-at-dusk
our-dreams-at-dusk,relationshipStructure,known,4,0.82,ev-g2-fresh-b-annotation-our-dreams-at-dusk
our-dreams-at-dusk,comedy,known,0,0.82,ev-g2-fresh-b-annotation-our-dreams-at-dusk
our-dreams-at-dusk,darkness,known,2,0.82,ev-g2-fresh-b-annotation-our-dreams-at-dusk
our-dreams-at-dusk,mentalStress,known,4,0.82,ev-g2-fresh-b-annotation-our-dreams-at-dusk
our-dreams-at-dusk,romance,known,1,0.82,ev-g2-fresh-b-annotation-our-dreams-at-dusk
our-dreams-at-dusk,emotionalWarmth,known,2,0.82,ev-g2-fresh-b-annotation-our-dreams-at-dusk
our-dreams-at-dusk,artRealism,known,2,0.86,ev-g2-fresh-b-art-our-dreams-at-dusk
our-dreams-at-dusk,artDensity,known,2,0.86,ev-g2-fresh-b-art-our-dreams-at-dusk
our-dreams-at-dusk,visualSoftness,known,3,0.86,ev-g2-fresh-b-art-our-dreams-at-dusk
our-dreams-at-dusk,motionImpact,unknown,,,ev-g2-fresh-b-art-our-dreams-at-dusk
nina-the-starry-bride,progression,known,2,0.82,ev-g2-fresh-b-annotation-nina-the-starry-bride
nina-the-starry-bride,problemSolving,known,3,0.82,ev-g2-fresh-b-annotation-nina-the-starry-bride
nina-the-starry-bride,strategy,known,3,0.82,ev-g2-fresh-b-annotation-nina-the-starry-bride
nina-the-starry-bride,pacing,known,4,0.82,ev-g2-fresh-b-annotation-nina-the-starry-bride
nina-the-starry-bride,mysteryReveal,known,2,0.82,ev-g2-fresh-b-annotation-nina-the-starry-bride
nina-the-starry-bride,worldBuilding,known,4,0.82,ev-g2-fresh-b-annotation-nina-the-starry-bride
nina-the-starry-bride,characterArcWeight,known,4,0.82,ev-g2-fresh-b-annotation-nina-the-starry-bride
nina-the-starry-bride,relationshipStructure,known,2,0.82,ev-g2-fresh-b-annotation-nina-the-starry-bride
nina-the-starry-bride,comedy,known,1,0.82,ev-g2-fresh-b-annotation-nina-the-starry-bride
nina-the-starry-bride,darkness,known,2,0.82,ev-g2-fresh-b-annotation-nina-the-starry-bride
nina-the-starry-bride,mentalStress,known,3,0.82,ev-g2-fresh-b-annotation-nina-the-starry-bride
nina-the-starry-bride,romance,known,4,0.82,ev-g2-fresh-b-annotation-nina-the-starry-bride
nina-the-starry-bride,emotionalWarmth,known,2,0.82,ev-g2-fresh-b-annotation-nina-the-starry-bride
nina-the-starry-bride,artRealism,known,1,0.86,ev-g2-fresh-b-art-nina-the-starry-bride
nina-the-starry-bride,artDensity,known,3,0.86,ev-g2-fresh-b-art-nina-the-starry-bride
nina-the-starry-bride,visualSoftness,known,3,0.86,ev-g2-fresh-b-art-nina-the-starry-bride
nina-the-starry-bride,motionImpact,unknown,,,ev-g2-fresh-b-art-nina-the-starry-bride
baby-steps,progression,known,4,0.82,ev-g2-fresh-b-annotation-baby-steps
baby-steps,problemSolving,known,4,0.82,ev-g2-fresh-b-annotation-baby-steps
baby-steps,strategy,known,2,0.82,ev-g2-fresh-b-annotation-baby-steps
baby-steps,pacing,known,2,0.82,ev-g2-fresh-b-annotation-baby-steps
baby-steps,mysteryReveal,known,0,0.82,ev-g2-fresh-b-annotation-baby-steps
baby-steps,worldBuilding,known,3,0.82,ev-g2-fresh-b-annotation-baby-steps
baby-steps,characterArcWeight,known,3,0.82,ev-g2-fresh-b-annotation-baby-steps
baby-steps,relationshipStructure,known,2,0.82,ev-g2-fresh-b-annotation-baby-steps
baby-steps,comedy,known,1,0.82,ev-g2-fresh-b-annotation-baby-steps
baby-steps,darkness,known,0,0.82,ev-g2-fresh-b-annotation-baby-steps
baby-steps,mentalStress,known,2,0.82,ev-g2-fresh-b-annotation-baby-steps
baby-steps,romance,known,1,0.82,ev-g2-fresh-b-annotation-baby-steps
baby-steps,emotionalWarmth,known,3,0.82,ev-g2-fresh-b-annotation-baby-steps
baby-steps,artRealism,known,2,0.86,ev-g2-fresh-b-art-baby-steps
baby-steps,artDensity,known,2,0.86,ev-g2-fresh-b-art-baby-steps
baby-steps,visualSoftness,known,2,0.86,ev-g2-fresh-b-art-baby-steps
baby-steps,motionImpact,unknown,,,ev-g2-fresh-b-art-baby-steps
capeta,progression,known,4,0.82,ev-g2-fresh-b-annotation-capeta
capeta,problemSolving,known,3,0.82,ev-g2-fresh-b-annotation-capeta
capeta,strategy,known,2,0.82,ev-g2-fresh-b-annotation-capeta
capeta,pacing,known,3,0.82,ev-g2-fresh-b-annotation-capeta
capeta,mysteryReveal,known,0,0.82,ev-g2-fresh-b-annotation-capeta
capeta,worldBuilding,known,3,0.82,ev-g2-fresh-b-annotation-capeta
capeta,characterArcWeight,known,4,0.82,ev-g2-fresh-b-annotation-capeta
capeta,relationshipStructure,known,3,0.82,ev-g2-fresh-b-annotation-capeta
capeta,comedy,known,1,0.82,ev-g2-fresh-b-annotation-capeta
capeta,darkness,known,1,0.82,ev-g2-fresh-b-annotation-capeta
capeta,mentalStress,known,3,0.82,ev-g2-fresh-b-annotation-capeta
capeta,romance,known,0,0.82,ev-g2-fresh-b-annotation-capeta
capeta,emotionalWarmth,known,4,0.82,ev-g2-fresh-b-annotation-capeta
capeta,artRealism,known,2,0.86,ev-g2-fresh-b-art-capeta
capeta,artDensity,known,3,0.86,ev-g2-fresh-b-art-capeta
capeta,visualSoftness,known,1,0.86,ev-g2-fresh-b-art-capeta
capeta,motionImpact,unknown,,,ev-g2-fresh-b-art-capeta
yowamushi-pedal,progression,known,4,0.82,ev-g2-fresh-b-annotation-yowamushi-pedal
yowamushi-pedal,problemSolving,known,3,0.82,ev-g2-fresh-b-annotation-yowamushi-pedal
yowamushi-pedal,strategy,known,2,0.82,ev-g2-fresh-b-annotation-yowamushi-pedal
yowamushi-pedal,pacing,known,4,0.82,ev-g2-fresh-b-annotation-yowamushi-pedal
yowamushi-pedal,mysteryReveal,known,0,0.82,ev-g2-fresh-b-annotation-yowamushi-pedal
yowamushi-pedal,worldBuilding,known,3,0.82,ev-g2-fresh-b-annotation-yowamushi-pedal
yowamushi-pedal,characterArcWeight,known,3,0.82,ev-g2-fresh-b-annotation-yowamushi-pedal
yowamushi-pedal,relationshipStructure,known,2,0.82,ev-g2-fresh-b-annotation-yowamushi-pedal
yowamushi-pedal,comedy,known,3,0.82,ev-g2-fresh-b-annotation-yowamushi-pedal
yowamushi-pedal,darkness,known,0,0.82,ev-g2-fresh-b-annotation-yowamushi-pedal
yowamushi-pedal,mentalStress,known,2,0.82,ev-g2-fresh-b-annotation-yowamushi-pedal
yowamushi-pedal,romance,known,0,0.82,ev-g2-fresh-b-annotation-yowamushi-pedal
yowamushi-pedal,emotionalWarmth,known,4,0.82,ev-g2-fresh-b-annotation-yowamushi-pedal
yowamushi-pedal,artRealism,known,1,0.86,ev-g2-fresh-b-art-yowamushi-pedal
yowamushi-pedal,artDensity,known,3,0.86,ev-g2-fresh-b-art-yowamushi-pedal
yowamushi-pedal,visualSoftness,known,1,0.86,ev-g2-fresh-b-art-yowamushi-pedal
yowamushi-pedal,motionImpact,known,4,0.84,ev-g2-fresh-b-art-yowamushi-pedal
moon-land,progression,known,4,0.82,ev-g2-fresh-b-annotation-moon-land
moon-land,problemSolving,known,4,0.82,ev-g2-fresh-b-annotation-moon-land
moon-land,strategy,known,2,0.82,ev-g2-fresh-b-annotation-moon-land
moon-land,pacing,known,3,0.82,ev-g2-fresh-b-annotation-moon-land
moon-land,mysteryReveal,known,0,0.82,ev-g2-fresh-b-annotation-moon-land
moon-land,worldBuilding,known,3,0.82,ev-g2-fresh-b-annotation-moon-land
moon-land,characterArcWeight,known,4,0.82,ev-g2-fresh-b-annotation-moon-land
moon-land,relationshipStructure,known,3,0.82,ev-g2-fresh-b-annotation-moon-land
moon-land,comedy,known,1,0.82,ev-g2-fresh-b-annotation-moon-land
moon-land,darkness,known,0,0.82,ev-g2-fresh-b-annotation-moon-land
moon-land,mentalStress,known,2,0.82,ev-g2-fresh-b-annotation-moon-land
moon-land,romance,known,0,0.82,ev-g2-fresh-b-annotation-moon-land
moon-land,emotionalWarmth,known,3,0.82,ev-g2-fresh-b-annotation-moon-land
moon-land,artRealism,known,2,0.86,ev-g2-fresh-b-art-moon-land
moon-land,artDensity,known,3,0.86,ev-g2-fresh-b-art-moon-land
moon-land,visualSoftness,known,2,0.86,ev-g2-fresh-b-art-moon-land
moon-land,motionImpact,unknown,,,ev-g2-fresh-b-art-moon-land
giant-killing,progression,known,2,0.82,ev-g2-fresh-b-annotation-giant-killing
giant-killing,problemSolving,known,4,0.82,ev-g2-fresh-b-annotation-giant-killing
giant-killing,strategy,known,4,0.82,ev-g2-fresh-b-annotation-giant-killing
giant-killing,pacing,known,3,0.82,ev-g2-fresh-b-annotation-giant-killing
giant-killing,mysteryReveal,known,1,0.82,ev-g2-fresh-b-annotation-giant-killing
giant-killing,worldBuilding,known,4,0.82,ev-g2-fresh-b-annotation-giant-killing
giant-killing,characterArcWeight,known,3,0.82,ev-g2-fresh-b-annotation-giant-killing
giant-killing,relationshipStructure,known,2,0.82,ev-g2-fresh-b-annotation-giant-killing
giant-killing,comedy,known,1,0.82,ev-g2-fresh-b-annotation-giant-killing
giant-killing,darkness,known,0,0.82,ev-g2-fresh-b-annotation-giant-killing
giant-killing,mentalStress,known,2,0.82,ev-g2-fresh-b-annotation-giant-killing
giant-killing,romance,known,0,0.82,ev-g2-fresh-b-annotation-giant-killing
giant-killing,emotionalWarmth,known,3,0.82,ev-g2-fresh-b-annotation-giant-killing
giant-killing,artRealism,known,3,0.86,ev-g2-fresh-b-art-giant-killing
giant-killing,artDensity,known,3,0.86,ev-g2-fresh-b-art-giant-killing
giant-killing,visualSoftness,known,1,0.86,ev-g2-fresh-b-art-giant-killing
giant-killing,motionImpact,unknown,,,ev-g2-fresh-b-art-giant-killing
dragon-head,progression,known,0,0.82,ev-g2-fresh-b-annotation-dragon-head
dragon-head,problemSolving,known,3,0.82,ev-g2-fresh-b-annotation-dragon-head
dragon-head,strategy,known,1,0.82,ev-g2-fresh-b-annotation-dragon-head
dragon-head,pacing,known,3,0.82,ev-g2-fresh-b-annotation-dragon-head
dragon-head,mysteryReveal,known,4,0.82,ev-g2-fresh-b-annotation-dragon-head
dragon-head,worldBuilding,known,3,0.82,ev-g2-fresh-b-annotation-dragon-head
dragon-head,characterArcWeight,known,3,0.82,ev-g2-fresh-b-annotation-dragon-head
dragon-head,relationshipStructure,known,2,0.82,ev-g2-fresh-b-annotation-dragon-head
dragon-head,comedy,known,0,0.82,ev-g2-fresh-b-annotation-dragon-head
dragon-head,darkness,known,4,0.82,ev-g2-fresh-b-annotation-dragon-head
dragon-head,mentalStress,known,4,0.82,ev-g2-fresh-b-annotation-dragon-head
dragon-head,romance,known,0,0.82,ev-g2-fresh-b-annotation-dragon-head
dragon-head,emotionalWarmth,known,0,0.82,ev-g2-fresh-b-annotation-dragon-head
dragon-head,artRealism,known,4,0.86,ev-g2-fresh-b-art-dragon-head
dragon-head,artDensity,known,4,0.86,ev-g2-fresh-b-art-dragon-head
dragon-head,visualSoftness,known,0,0.86,ev-g2-fresh-b-art-dragon-head
dragon-head,motionImpact,unknown,,,ev-g2-fresh-b-art-dragon-head
kasane,progression,known,2,0.82,ev-g2-fresh-b-annotation-kasane
kasane,problemSolving,known,3,0.82,ev-g2-fresh-b-annotation-kasane
kasane,strategy,known,3,0.82,ev-g2-fresh-b-annotation-kasane
kasane,pacing,known,3,0.82,ev-g2-fresh-b-annotation-kasane
kasane,mysteryReveal,known,4,0.82,ev-g2-fresh-b-annotation-kasane
kasane,worldBuilding,known,2,0.82,ev-g2-fresh-b-annotation-kasane
kasane,characterArcWeight,known,4,0.82,ev-g2-fresh-b-annotation-kasane
kasane,relationshipStructure,known,3,0.82,ev-g2-fresh-b-annotation-kasane
kasane,comedy,known,0,0.82,ev-g2-fresh-b-annotation-kasane
kasane,darkness,known,4,0.82,ev-g2-fresh-b-annotation-kasane
kasane,mentalStress,known,4,0.82,ev-g2-fresh-b-annotation-kasane
kasane,romance,known,2,0.82,ev-g2-fresh-b-annotation-kasane
kasane,emotionalWarmth,known,0,0.82,ev-g2-fresh-b-annotation-kasane
kasane,artRealism,known,2,0.86,ev-g2-fresh-b-art-kasane
kasane,artDensity,known,3,0.86,ev-g2-fresh-b-art-kasane
kasane,visualSoftness,known,1,0.86,ev-g2-fresh-b-art-kasane
kasane,motionImpact,unknown,,,ev-g2-fresh-b-art-kasane
homunculus,progression,known,0,0.82,ev-g2-fresh-b-annotation-homunculus
homunculus,problemSolving,known,2,0.82,ev-g2-fresh-b-annotation-homunculus
homunculus,strategy,known,1,0.82,ev-g2-fresh-b-annotation-homunculus
homunculus,pacing,known,2,0.82,ev-g2-fresh-b-annotation-homunculus
homunculus,mysteryReveal,known,4,0.82,ev-g2-fresh-b-annotation-homunculus
homunculus,worldBuilding,known,3,0.82,ev-g2-fresh-b-annotation-homunculus
homunculus,characterArcWeight,known,4,0.82,ev-g2-fresh-b-annotation-homunculus
homunculus,relationshipStructure,known,2,0.82,ev-g2-fresh-b-annotation-homunculus
homunculus,comedy,known,0,0.82,ev-g2-fresh-b-annotation-homunculus
homunculus,darkness,known,4,0.82,ev-g2-fresh-b-annotation-homunculus
homunculus,mentalStress,known,4,0.82,ev-g2-fresh-b-annotation-homunculus
homunculus,romance,known,0,0.82,ev-g2-fresh-b-annotation-homunculus
homunculus,emotionalWarmth,known,0,0.82,ev-g2-fresh-b-annotation-homunculus
homunculus,artRealism,known,4,0.86,ev-g2-fresh-b-art-homunculus
homunculus,artDensity,known,4,0.86,ev-g2-fresh-b-art-homunculus
homunculus,visualSoftness,known,1,0.86,ev-g2-fresh-b-art-homunculus
homunculus,motionImpact,unknown,,,ev-g2-fresh-b-art-homunculus
fort-of-apocalypse,progression,known,2,0.82,ev-g2-fresh-b-annotation-fort-of-apocalypse
fort-of-apocalypse,problemSolving,known,3,0.82,ev-g2-fresh-b-annotation-fort-of-apocalypse
fort-of-apocalypse,strategy,known,2,0.82,ev-g2-fresh-b-annotation-fort-of-apocalypse
fort-of-apocalypse,pacing,known,4,0.82,ev-g2-fresh-b-annotation-fort-of-apocalypse
fort-of-apocalypse,mysteryReveal,known,3,0.82,ev-g2-fresh-b-annotation-fort-of-apocalypse
fort-of-apocalypse,worldBuilding,known,3,0.82,ev-g2-fresh-b-annotation-fort-of-apocalypse
fort-of-apocalypse,characterArcWeight,known,3,0.82,ev-g2-fresh-b-annotation-fort-of-apocalypse
fort-of-apocalypse,relationshipStructure,known,3,0.82,ev-g2-fresh-b-annotation-fort-of-apocalypse
fort-of-apocalypse,comedy,known,1,0.82,ev-g2-fresh-b-annotation-fort-of-apocalypse
fort-of-apocalypse,darkness,known,4,0.82,ev-g2-fresh-b-annotation-fort-of-apocalypse
fort-of-apocalypse,mentalStress,known,4,0.82,ev-g2-fresh-b-annotation-fort-of-apocalypse
fort-of-apocalypse,romance,known,0,0.82,ev-g2-fresh-b-annotation-fort-of-apocalypse
fort-of-apocalypse,emotionalWarmth,known,1,0.82,ev-g2-fresh-b-annotation-fort-of-apocalypse
fort-of-apocalypse,artRealism,known,2,0.86,ev-g2-fresh-b-art-fort-of-apocalypse
fort-of-apocalypse,artDensity,known,3,0.86,ev-g2-fresh-b-art-fort-of-apocalypse
fort-of-apocalypse,visualSoftness,known,1,0.86,ev-g2-fresh-b-art-fort-of-apocalypse
fort-of-apocalypse,motionImpact,unknown,,,ev-g2-fresh-b-art-fort-of-apocalypse
a-brides-story,progression,known,0,0.82,ev-g2-fresh-b-annotation-a-brides-story
a-brides-story,problemSolving,known,2,0.82,ev-g2-fresh-b-annotation-a-brides-story
a-brides-story,strategy,known,1,0.82,ev-g2-fresh-b-annotation-a-brides-story
a-brides-story,pacing,known,1,0.82,ev-g2-fresh-b-annotation-a-brides-story
a-brides-story,mysteryReveal,known,0,0.82,ev-g2-fresh-b-annotation-a-brides-story
a-brides-story,worldBuilding,known,4,0.82,ev-g2-fresh-b-annotation-a-brides-story
a-brides-story,characterArcWeight,known,4,0.82,ev-g2-fresh-b-annotation-a-brides-story
a-brides-story,relationshipStructure,known,4,0.82,ev-g2-fresh-b-annotation-a-brides-story
a-brides-story,comedy,known,1,0.82,ev-g2-fresh-b-annotation-a-brides-story
a-brides-story,darkness,known,1,0.82,ev-g2-fresh-b-annotation-a-brides-story
a-brides-story,mentalStress,known,2,0.82,ev-g2-fresh-b-annotation-a-brides-story
a-brides-story,romance,known,4,0.82,ev-g2-fresh-b-annotation-a-brides-story
a-brides-story,emotionalWarmth,known,4,0.82,ev-g2-fresh-b-annotation-a-brides-story
a-brides-story,artRealism,known,4,0.86,ev-g2-fresh-b-art-a-brides-story
a-brides-story,artDensity,known,4,0.86,ev-g2-fresh-b-art-a-brides-story
a-brides-story,visualSoftness,known,2,0.86,ev-g2-fresh-b-art-a-brides-story
a-brides-story,motionImpact,unknown,,,ev-g2-fresh-b-art-a-brides-story
isabella-bird-in-wonderland,progression,known,0,0.82,ev-g2-fresh-b-annotation-isabella-bird-in-wonderland
isabella-bird-in-wonderland,problemSolving,known,4,0.82,ev-g2-fresh-b-annotation-isabella-bird-in-wonderland
isabella-bird-in-wonderland,strategy,known,2,0.82,ev-g2-fresh-b-annotation-isabella-bird-in-wonderland
isabella-bird-in-wonderland,pacing,known,2,0.82,ev-g2-fresh-b-annotation-isabella-bird-in-wonderland
isabella-bird-in-wonderland,mysteryReveal,known,0,0.82,ev-g2-fresh-b-annotation-isabella-bird-in-wonderland
isabella-bird-in-wonderland,worldBuilding,known,4,0.82,ev-g2-fresh-b-annotation-isabella-bird-in-wonderland
isabella-bird-in-wonderland,characterArcWeight,known,4,0.82,ev-g2-fresh-b-annotation-isabella-bird-in-wonderland
isabella-bird-in-wonderland,relationshipStructure,known,2,0.82,ev-g2-fresh-b-annotation-isabella-bird-in-wonderland
isabella-bird-in-wonderland,comedy,known,1,0.82,ev-g2-fresh-b-annotation-isabella-bird-in-wonderland
isabella-bird-in-wonderland,darkness,known,1,0.82,ev-g2-fresh-b-annotation-isabella-bird-in-wonderland
isabella-bird-in-wonderland,mentalStress,known,2,0.82,ev-g2-fresh-b-annotation-isabella-bird-in-wonderland
isabella-bird-in-wonderland,romance,known,0,0.82,ev-g2-fresh-b-annotation-isabella-bird-in-wonderland
isabella-bird-in-wonderland,emotionalWarmth,known,2,0.82,ev-g2-fresh-b-annotation-isabella-bird-in-wonderland
isabella-bird-in-wonderland,artRealism,known,3,0.86,ev-g2-fresh-b-art-isabella-bird-in-wonderland
isabella-bird-in-wonderland,artDensity,known,3,0.86,ev-g2-fresh-b-art-isabella-bird-in-wonderland
isabella-bird-in-wonderland,visualSoftness,known,2,0.86,ev-g2-fresh-b-art-isabella-bird-in-wonderland
isabella-bird-in-wonderland,motionImpact,unknown,,,ev-g2-fresh-b-art-isabella-bird-in-wonderland
arte,progression,known,4,0.82,ev-g2-fresh-b-annotation-arte
arte,problemSolving,known,3,0.82,ev-g2-fresh-b-annotation-arte
arte,strategy,known,2,0.82,ev-g2-fresh-b-annotation-arte
arte,pacing,known,2,0.82,ev-g2-fresh-b-annotation-arte
arte,mysteryReveal,known,0,0.82,ev-g2-fresh-b-annotation-arte
arte,worldBuilding,known,4,0.82,ev-g2-fresh-b-annotation-arte
arte,characterArcWeight,known,4,0.82,ev-g2-fresh-b-annotation-arte
arte,relationshipStructure,known,3,0.82,ev-g2-fresh-b-annotation-arte
arte,comedy,known,1,0.82,ev-g2-fresh-b-annotation-arte
arte,darkness,known,1,0.82,ev-g2-fresh-b-annotation-arte
arte,mentalStress,known,2,0.82,ev-g2-fresh-b-annotation-arte
arte,romance,known,1,0.82,ev-g2-fresh-b-annotation-arte
arte,emotionalWarmth,known,3,0.82,ev-g2-fresh-b-annotation-arte
arte,artRealism,known,3,0.86,ev-g2-fresh-b-art-arte
arte,artDensity,known,4,0.86,ev-g2-fresh-b-art-arte
arte,visualSoftness,known,2,0.86,ev-g2-fresh-b-art-arte
arte,motionImpact,unknown,,,ev-g2-fresh-b-art-arte
thermae-romae,progression,known,1,0.82,ev-g2-fresh-b-annotation-thermae-romae
thermae-romae,problemSolving,known,4,0.82,ev-g2-fresh-b-annotation-thermae-romae
thermae-romae,strategy,known,1,0.82,ev-g2-fresh-b-annotation-thermae-romae
thermae-romae,pacing,known,4,0.82,ev-g2-fresh-b-annotation-thermae-romae
thermae-romae,mysteryReveal,known,0,0.82,ev-g2-fresh-b-annotation-thermae-romae
thermae-romae,worldBuilding,known,4,0.82,ev-g2-fresh-b-annotation-thermae-romae
thermae-romae,characterArcWeight,known,2,0.82,ev-g2-fresh-b-annotation-thermae-romae
thermae-romae,relationshipStructure,known,2,0.82,ev-g2-fresh-b-annotation-thermae-romae
thermae-romae,comedy,known,4,0.82,ev-g2-fresh-b-annotation-thermae-romae
thermae-romae,darkness,known,0,0.82,ev-g2-fresh-b-annotation-thermae-romae
thermae-romae,mentalStress,known,1,0.82,ev-g2-fresh-b-annotation-thermae-romae
thermae-romae,romance,known,0,0.82,ev-g2-fresh-b-annotation-thermae-romae
thermae-romae,emotionalWarmth,known,3,0.82,ev-g2-fresh-b-annotation-thermae-romae
thermae-romae,artRealism,known,4,0.86,ev-g2-fresh-b-art-thermae-romae
thermae-romae,artDensity,known,4,0.86,ev-g2-fresh-b-art-thermae-romae
thermae-romae,visualSoftness,known,1,0.86,ev-g2-fresh-b-art-thermae-romae
thermae-romae,motionImpact,unknown,,,ev-g2-fresh-b-art-thermae-romae
knights-of-sidonia,progression,known,3,0.82,ev-g2-fresh-b-annotation-knights-of-sidonia
knights-of-sidonia,problemSolving,known,3,0.82,ev-g2-fresh-b-annotation-knights-of-sidonia
knights-of-sidonia,strategy,known,4,0.82,ev-g2-fresh-b-annotation-knights-of-sidonia
knights-of-sidonia,pacing,known,4,0.82,ev-g2-fresh-b-annotation-knights-of-sidonia
knights-of-sidonia,mysteryReveal,known,4,0.82,ev-g2-fresh-b-annotation-knights-of-sidonia
knights-of-sidonia,worldBuilding,known,4,0.82,ev-g2-fresh-b-annotation-knights-of-sidonia
knights-of-sidonia,characterArcWeight,known,3,0.82,ev-g2-fresh-b-annotation-knights-of-sidonia
knights-of-sidonia,relationshipStructure,known,2,0.82,ev-g2-fresh-b-annotation-knights-of-sidonia
knights-of-sidonia,comedy,known,1,0.82,ev-g2-fresh-b-annotation-knights-of-sidonia
knights-of-sidonia,darkness,known,4,0.82,ev-g2-fresh-b-annotation-knights-of-sidonia
knights-of-sidonia,mentalStress,known,3,0.82,ev-g2-fresh-b-annotation-knights-of-sidonia
knights-of-sidonia,romance,known,2,0.82,ev-g2-fresh-b-annotation-knights-of-sidonia
knights-of-sidonia,emotionalWarmth,known,1,0.82,ev-g2-fresh-b-annotation-knights-of-sidonia
knights-of-sidonia,artRealism,known,2,0.86,ev-g2-fresh-b-art-knights-of-sidonia
knights-of-sidonia,artDensity,known,3,0.86,ev-g2-fresh-b-art-knights-of-sidonia
knights-of-sidonia,visualSoftness,known,1,0.86,ev-g2-fresh-b-art-knights-of-sidonia
knights-of-sidonia,motionImpact,unknown,,,ev-g2-fresh-b-art-knights-of-sidonia
saturn-apartments,progression,known,1,0.82,ev-g2-fresh-b-annotation-saturn-apartments
saturn-apartments,problemSolving,known,3,0.82,ev-g2-fresh-b-annotation-saturn-apartments
saturn-apartments,strategy,known,1,0.82,ev-g2-fresh-b-annotation-saturn-apartments
saturn-apartments,pacing,known,1,0.82,ev-g2-fresh-b-annotation-saturn-apartments
saturn-apartments,mysteryReveal,known,2,0.82,ev-g2-fresh-b-annotation-saturn-apartments
saturn-apartments,worldBuilding,known,4,0.82,ev-g2-fresh-b-annotation-saturn-apartments
saturn-apartments,characterArcWeight,known,4,0.82,ev-g2-fresh-b-annotation-saturn-apartments
saturn-apartments,relationshipStructure,known,3,0.82,ev-g2-fresh-b-annotation-saturn-apartments
saturn-apartments,comedy,known,1,0.82,ev-g2-fresh-b-annotation-saturn-apartments
saturn-apartments,darkness,known,1,0.82,ev-g2-fresh-b-annotation-saturn-apartments
saturn-apartments,mentalStress,known,2,0.82,ev-g2-fresh-b-annotation-saturn-apartments
saturn-apartments,romance,known,0,0.82,ev-g2-fresh-b-annotation-saturn-apartments
saturn-apartments,emotionalWarmth,known,4,0.82,ev-g2-fresh-b-annotation-saturn-apartments
saturn-apartments,artRealism,known,2,0.86,ev-g2-fresh-b-art-saturn-apartments
saturn-apartments,artDensity,known,2,0.86,ev-g2-fresh-b-art-saturn-apartments
saturn-apartments,visualSoftness,known,4,0.86,ev-g2-fresh-b-art-saturn-apartments
saturn-apartments,motionImpact,unknown,,,ev-g2-fresh-b-art-saturn-apartments
origin,progression,known,3,0.82,ev-g2-fresh-b-annotation-origin
origin,problemSolving,known,4,0.82,ev-g2-fresh-b-annotation-origin
origin,strategy,known,3,0.82,ev-g2-fresh-b-annotation-origin
origin,pacing,known,4,0.82,ev-g2-fresh-b-annotation-origin
origin,mysteryReveal,known,3,0.82,ev-g2-fresh-b-annotation-origin
origin,worldBuilding,known,4,0.82,ev-g2-fresh-b-annotation-origin
origin,characterArcWeight,known,3,0.82,ev-g2-fresh-b-annotation-origin
origin,relationshipStructure,known,2,0.82,ev-g2-fresh-b-annotation-origin
origin,comedy,known,1,0.82,ev-g2-fresh-b-annotation-origin
origin,darkness,known,4,0.82,ev-g2-fresh-b-annotation-origin
origin,mentalStress,known,2,0.82,ev-g2-fresh-b-annotation-origin
origin,romance,known,0,0.82,ev-g2-fresh-b-annotation-origin
origin,emotionalWarmth,known,0,0.82,ev-g2-fresh-b-annotation-origin
origin,artRealism,known,4,0.86,ev-g2-fresh-b-art-origin
origin,artDensity,known,4,0.86,ev-g2-fresh-b-art-origin
origin,visualSoftness,known,0,0.86,ev-g2-fresh-b-art-origin
origin,motionImpact,unknown,,,ev-g2-fresh-b-art-origin
accomplishments-of-the-dukes-daughter,progression,known,4,0.82,ev-g2-fresh-b-annotation-accomplishments-of-the-dukes-daughter
accomplishments-of-the-dukes-daughter,problemSolving,known,4,0.82,ev-g2-fresh-b-annotation-accomplishments-of-the-dukes-daughter
accomplishments-of-the-dukes-daughter,strategy,known,4,0.82,ev-g2-fresh-b-annotation-accomplishments-of-the-dukes-daughter
accomplishments-of-the-dukes-daughter,pacing,known,3,0.82,ev-g2-fresh-b-annotation-accomplishments-of-the-dukes-daughter
accomplishments-of-the-dukes-daughter,mysteryReveal,known,2,0.82,ev-g2-fresh-b-annotation-accomplishments-of-the-dukes-daughter
accomplishments-of-the-dukes-daughter,worldBuilding,known,4,0.82,ev-g2-fresh-b-annotation-accomplishments-of-the-dukes-daughter
accomplishments-of-the-dukes-daughter,characterArcWeight,known,3,0.82,ev-g2-fresh-b-annotation-accomplishments-of-the-dukes-daughter
accomplishments-of-the-dukes-daughter,relationshipStructure,known,2,0.82,ev-g2-fresh-b-annotation-accomplishments-of-the-dukes-daughter
accomplishments-of-the-dukes-daughter,comedy,known,1,0.82,ev-g2-fresh-b-annotation-accomplishments-of-the-dukes-daughter
accomplishments-of-the-dukes-daughter,darkness,known,1,0.82,ev-g2-fresh-b-annotation-accomplishments-of-the-dukes-daughter
accomplishments-of-the-dukes-daughter,mentalStress,known,2,0.82,ev-g2-fresh-b-annotation-accomplishments-of-the-dukes-daughter
accomplishments-of-the-dukes-daughter,romance,known,2,0.82,ev-g2-fresh-b-annotation-accomplishments-of-the-dukes-daughter
accomplishments-of-the-dukes-daughter,emotionalWarmth,known,2,0.82,ev-g2-fresh-b-annotation-accomplishments-of-the-dukes-daughter
accomplishments-of-the-dukes-daughter,artRealism,known,1,0.86,ev-g2-fresh-b-art-accomplishments-of-the-dukes-daughter
accomplishments-of-the-dukes-daughter,artDensity,known,2,0.86,ev-g2-fresh-b-art-accomplishments-of-the-dukes-daughter
accomplishments-of-the-dukes-daughter,visualSoftness,known,3,0.86,ev-g2-fresh-b-art-accomplishments-of-the-dukes-daughter
accomplishments-of-the-dukes-daughter,motionImpact,unknown,,,ev-g2-fresh-b-art-accomplishments-of-the-dukes-daughter
the-heroic-legend-of-arslan,progression,known,3,0.82,ev-g2-fresh-b-annotation-the-heroic-legend-of-arslan
the-heroic-legend-of-arslan,problemSolving,known,3,0.82,ev-g2-fresh-b-annotation-the-heroic-legend-of-arslan
the-heroic-legend-of-arslan,strategy,known,4,0.82,ev-g2-fresh-b-annotation-the-heroic-legend-of-arslan
the-heroic-legend-of-arslan,pacing,known,4,0.82,ev-g2-fresh-b-annotation-the-heroic-legend-of-arslan
the-heroic-legend-of-arslan,mysteryReveal,known,3,0.82,ev-g2-fresh-b-annotation-the-heroic-legend-of-arslan
the-heroic-legend-of-arslan,worldBuilding,known,4,0.82,ev-g2-fresh-b-annotation-the-heroic-legend-of-arslan
the-heroic-legend-of-arslan,characterArcWeight,known,4,0.82,ev-g2-fresh-b-annotation-the-heroic-legend-of-arslan
the-heroic-legend-of-arslan,relationshipStructure,known,4,0.82,ev-g2-fresh-b-annotation-the-heroic-legend-of-arslan
the-heroic-legend-of-arslan,comedy,known,1,0.82,ev-g2-fresh-b-annotation-the-heroic-legend-of-arslan
the-heroic-legend-of-arslan,darkness,known,3,0.82,ev-g2-fresh-b-annotation-the-heroic-legend-of-arslan
the-heroic-legend-of-arslan,mentalStress,known,3,0.82,ev-g2-fresh-b-annotation-the-heroic-legend-of-arslan
the-heroic-legend-of-arslan,romance,known,0,0.82,ev-g2-fresh-b-annotation-the-heroic-legend-of-arslan
the-heroic-legend-of-arslan,emotionalWarmth,known,2,0.82,ev-g2-fresh-b-annotation-the-heroic-legend-of-arslan
the-heroic-legend-of-arslan,artRealism,known,2,0.86,ev-g2-fresh-b-art-the-heroic-legend-of-arslan
the-heroic-legend-of-arslan,artDensity,known,3,0.86,ev-g2-fresh-b-art-the-heroic-legend-of-arslan
the-heroic-legend-of-arslan,visualSoftness,known,2,0.86,ev-g2-fresh-b-art-the-heroic-legend-of-arslan
the-heroic-legend-of-arslan,motionImpact,unknown,,,ev-g2-fresh-b-art-the-heroic-legend-of-arslan
cardcaptor-sakura,progression,known,3,0.82,ev-g2-fresh-c-annotation-cardcaptor-sakura
cardcaptor-sakura,problemSolving,known,2,0.82,ev-g2-fresh-c-annotation-cardcaptor-sakura
cardcaptor-sakura,strategy,known,1,0.82,ev-g2-fresh-c-annotation-cardcaptor-sakura
cardcaptor-sakura,pacing,known,3,0.82,ev-g2-fresh-c-annotation-cardcaptor-sakura
cardcaptor-sakura,mysteryReveal,known,2,0.82,ev-g2-fresh-c-annotation-cardcaptor-sakura
cardcaptor-sakura,worldBuilding,known,3,0.82,ev-g2-fresh-c-annotation-cardcaptor-sakura
cardcaptor-sakura,characterArcWeight,known,3,0.82,ev-g2-fresh-c-annotation-cardcaptor-sakura
cardcaptor-sakura,relationshipStructure,known,3,0.82,ev-g2-fresh-c-annotation-cardcaptor-sakura
cardcaptor-sakura,comedy,known,3,0.82,ev-g2-fresh-c-annotation-cardcaptor-sakura
cardcaptor-sakura,darkness,known,1,0.82,ev-g2-fresh-c-annotation-cardcaptor-sakura
cardcaptor-sakura,mentalStress,known,1,0.82,ev-g2-fresh-c-annotation-cardcaptor-sakura
cardcaptor-sakura,romance,known,2,0.82,ev-g2-fresh-c-annotation-cardcaptor-sakura
cardcaptor-sakura,emotionalWarmth,known,4,0.82,ev-g2-fresh-c-annotation-cardcaptor-sakura
cardcaptor-sakura,artRealism,known,1,0.86,ev-g2-fresh-c-art-cardcaptor-sakura
cardcaptor-sakura,artDensity,known,3,0.86,ev-g2-fresh-c-art-cardcaptor-sakura
cardcaptor-sakura,visualSoftness,known,4,0.86,ev-g2-fresh-c-art-cardcaptor-sakura
cardcaptor-sakura,motionImpact,unknown,,,ev-g2-fresh-c-art-cardcaptor-sakura
initial-d,progression,known,4,0.82,ev-g2-fresh-c-annotation-initial-d
initial-d,problemSolving,known,2,0.82,ev-g2-fresh-c-annotation-initial-d
initial-d,strategy,known,2,0.82,ev-g2-fresh-c-annotation-initial-d
initial-d,pacing,known,3,0.82,ev-g2-fresh-c-annotation-initial-d
initial-d,mysteryReveal,known,1,0.82,ev-g2-fresh-c-annotation-initial-d
initial-d,worldBuilding,known,3,0.82,ev-g2-fresh-c-annotation-initial-d
initial-d,characterArcWeight,known,3,0.82,ev-g2-fresh-c-annotation-initial-d
initial-d,relationshipStructure,known,2,0.82,ev-g2-fresh-c-annotation-initial-d
initial-d,comedy,known,2,0.82,ev-g2-fresh-c-annotation-initial-d
initial-d,darkness,known,1,0.82,ev-g2-fresh-c-annotation-initial-d
initial-d,mentalStress,known,2,0.82,ev-g2-fresh-c-annotation-initial-d
initial-d,romance,known,2,0.82,ev-g2-fresh-c-annotation-initial-d
initial-d,emotionalWarmth,known,3,0.82,ev-g2-fresh-c-annotation-initial-d
initial-d,artRealism,known,3,0.86,ev-g2-fresh-c-art-initial-d
initial-d,artDensity,known,3,0.86,ev-g2-fresh-c-art-initial-d
initial-d,visualSoftness,known,1,0.86,ev-g2-fresh-c-art-initial-d
initial-d,motionImpact,unknown,,,ev-g2-fresh-c-art-initial-d
cells-at-work,progression,known,2,0.82,ev-g2-fresh-c-annotation-cells-at-work
cells-at-work,problemSolving,known,2,0.82,ev-g2-fresh-c-annotation-cells-at-work
cells-at-work,strategy,known,1,0.82,ev-g2-fresh-c-annotation-cells-at-work
cells-at-work,pacing,known,4,0.82,ev-g2-fresh-c-annotation-cells-at-work
cells-at-work,mysteryReveal,known,1,0.82,ev-g2-fresh-c-annotation-cells-at-work
cells-at-work,worldBuilding,known,4,0.82,ev-g2-fresh-c-annotation-cells-at-work
cells-at-work,characterArcWeight,known,2,0.82,ev-g2-fresh-c-annotation-cells-at-work
cells-at-work,relationshipStructure,known,3,0.82,ev-g2-fresh-c-annotation-cells-at-work
cells-at-work,comedy,known,3,0.82,ev-g2-fresh-c-annotation-cells-at-work
cells-at-work,darkness,known,2,0.82,ev-g2-fresh-c-annotation-cells-at-work
cells-at-work,mentalStress,known,1,0.82,ev-g2-fresh-c-annotation-cells-at-work
cells-at-work,romance,known,0,0.82,ev-g2-fresh-c-annotation-cells-at-work
cells-at-work,emotionalWarmth,known,3,0.82,ev-g2-fresh-c-annotation-cells-at-work
cells-at-work,artRealism,known,2,0.86,ev-g2-fresh-c-art-cells-at-work
cells-at-work,artDensity,known,4,0.86,ev-g2-fresh-c-art-cells-at-work
cells-at-work,visualSoftness,known,2,0.86,ev-g2-fresh-c-art-cells-at-work
cells-at-work,motionImpact,unknown,,,ev-g2-fresh-c-art-cells-at-work
xxxholic,progression,known,1,0.82,ev-g2-fresh-c-annotation-xxxholic
xxxholic,problemSolving,known,3,0.82,ev-g2-fresh-c-annotation-xxxholic
xxxholic,strategy,known,1,0.82,ev-g2-fresh-c-annotation-xxxholic
xxxholic,pacing,known,2,0.82,ev-g2-fresh-c-annotation-xxxholic
xxxholic,mysteryReveal,known,4,0.82,ev-g2-fresh-c-annotation-xxxholic
xxxholic,worldBuilding,known,4,0.82,ev-g2-fresh-c-annotation-xxxholic
xxxholic,characterArcWeight,known,4,0.82,ev-g2-fresh-c-annotation-xxxholic
xxxholic,relationshipStructure,known,3,0.82,ev-g2-fresh-c-annotation-xxxholic
xxxholic,comedy,known,2,0.82,ev-g2-fresh-c-annotation-xxxholic
xxxholic,darkness,known,3,0.82,ev-g2-fresh-c-annotation-xxxholic
xxxholic,mentalStress,known,3,0.82,ev-g2-fresh-c-annotation-xxxholic
xxxholic,romance,known,1,0.82,ev-g2-fresh-c-annotation-xxxholic
xxxholic,emotionalWarmth,known,2,0.82,ev-g2-fresh-c-annotation-xxxholic
xxxholic,artRealism,known,2,0.86,ev-g2-fresh-c-art-xxxholic
xxxholic,artDensity,known,4,0.86,ev-g2-fresh-c-art-xxxholic
xxxholic,visualSoftness,known,3,0.86,ev-g2-fresh-c-art-xxxholic
xxxholic,motionImpact,unknown,,,ev-g2-fresh-c-art-xxxholic
sailor-moon,progression,known,4,0.82,ev-g2-fresh-c-annotation-sailor-moon
sailor-moon,problemSolving,known,2,0.82,ev-g2-fresh-c-annotation-sailor-moon
sailor-moon,strategy,known,2,0.82,ev-g2-fresh-c-annotation-sailor-moon
sailor-moon,pacing,known,4,0.82,ev-g2-fresh-c-annotation-sailor-moon
sailor-moon,mysteryReveal,known,3,0.82,ev-g2-fresh-c-annotation-sailor-moon
sailor-moon,worldBuilding,known,4,0.82,ev-g2-fresh-c-annotation-sailor-moon
sailor-moon,characterArcWeight,known,4,0.82,ev-g2-fresh-c-annotation-sailor-moon
sailor-moon,relationshipStructure,known,3,0.82,ev-g2-fresh-c-annotation-sailor-moon
sailor-moon,comedy,known,2,0.82,ev-g2-fresh-c-annotation-sailor-moon
sailor-moon,darkness,known,3,0.82,ev-g2-fresh-c-annotation-sailor-moon
sailor-moon,mentalStress,known,3,0.82,ev-g2-fresh-c-annotation-sailor-moon
sailor-moon,romance,known,4,0.82,ev-g2-fresh-c-annotation-sailor-moon
sailor-moon,emotionalWarmth,known,4,0.82,ev-g2-fresh-c-annotation-sailor-moon
sailor-moon,artRealism,known,1,0.86,ev-g2-fresh-c-art-sailor-moon
sailor-moon,artDensity,known,2,0.86,ev-g2-fresh-c-art-sailor-moon
sailor-moon,visualSoftness,known,4,0.86,ev-g2-fresh-c-art-sailor-moon
sailor-moon,motionImpact,unknown,,,ev-g2-fresh-c-art-sailor-moon
showa-genroku-rakugo-shinju,progression,known,3,0.82,ev-g2-fresh-c-annotation-showa-genroku-rakugo-shinju
showa-genroku-rakugo-shinju,problemSolving,known,2,0.82,ev-g2-fresh-c-annotation-showa-genroku-rakugo-shinju
showa-genroku-rakugo-shinju,strategy,known,1,0.82,ev-g2-fresh-c-annotation-showa-genroku-rakugo-shinju
showa-genroku-rakugo-shinju,pacing,known,2,0.82,ev-g2-fresh-c-annotation-showa-genroku-rakugo-shinju
showa-genroku-rakugo-shinju,mysteryReveal,known,2,0.82,ev-g2-fresh-c-annotation-showa-genroku-rakugo-shinju
showa-genroku-rakugo-shinju,worldBuilding,known,3,0.82,ev-g2-fresh-c-annotation-showa-genroku-rakugo-shinju
showa-genroku-rakugo-shinju,characterArcWeight,known,4,0.82,ev-g2-fresh-c-annotation-showa-genroku-rakugo-shinju
showa-genroku-rakugo-shinju,relationshipStructure,known,4,0.82,ev-g2-fresh-c-annotation-showa-genroku-rakugo-shinju
showa-genroku-rakugo-shinju,comedy,known,2,0.82,ev-g2-fresh-c-annotation-showa-genroku-rakugo-shinju
showa-genroku-rakugo-shinju,darkness,known,2,0.82,ev-g2-fresh-c-annotation-showa-genroku-rakugo-shinju
showa-genroku-rakugo-shinju,mentalStress,known,3,0.82,ev-g2-fresh-c-annotation-showa-genroku-rakugo-shinju
showa-genroku-rakugo-shinju,romance,known,3,0.82,ev-g2-fresh-c-annotation-showa-genroku-rakugo-shinju
showa-genroku-rakugo-shinju,emotionalWarmth,known,3,0.82,ev-g2-fresh-c-annotation-showa-genroku-rakugo-shinju
showa-genroku-rakugo-shinju,artRealism,known,2,0.86,ev-g2-fresh-c-art-showa-genroku-rakugo-shinju
showa-genroku-rakugo-shinju,artDensity,known,2,0.86,ev-g2-fresh-c-art-showa-genroku-rakugo-shinju
showa-genroku-rakugo-shinju,visualSoftness,known,3,0.86,ev-g2-fresh-c-art-showa-genroku-rakugo-shinju
showa-genroku-rakugo-shinju,motionImpact,unknown,,,ev-g2-fresh-c-art-showa-genroku-rakugo-shinju
wave-listen-to-me,progression,known,1,0.82,ev-g2-fresh-c-annotation-wave-listen-to-me
wave-listen-to-me,problemSolving,known,2,0.82,ev-g2-fresh-c-annotation-wave-listen-to-me
wave-listen-to-me,strategy,known,1,0.82,ev-g2-fresh-c-annotation-wave-listen-to-me
wave-listen-to-me,pacing,known,3,0.82,ev-g2-fresh-c-annotation-wave-listen-to-me
wave-listen-to-me,mysteryReveal,known,1,0.82,ev-g2-fresh-c-annotation-wave-listen-to-me
wave-listen-to-me,worldBuilding,known,3,0.82,ev-g2-fresh-c-annotation-wave-listen-to-me
wave-listen-to-me,characterArcWeight,known,4,0.82,ev-g2-fresh-c-annotation-wave-listen-to-me
wave-listen-to-me,relationshipStructure,known,2,0.82,ev-g2-fresh-c-annotation-wave-listen-to-me
wave-listen-to-me,comedy,known,4,0.82,ev-g2-fresh-c-annotation-wave-listen-to-me
wave-listen-to-me,darkness,known,1,0.82,ev-g2-fresh-c-annotation-wave-listen-to-me
wave-listen-to-me,mentalStress,known,2,0.82,ev-g2-fresh-c-annotation-wave-listen-to-me
wave-listen-to-me,romance,known,2,0.82,ev-g2-fresh-c-annotation-wave-listen-to-me
wave-listen-to-me,emotionalWarmth,known,2,0.82,ev-g2-fresh-c-annotation-wave-listen-to-me
wave-listen-to-me,artRealism,known,3,0.86,ev-g2-fresh-c-art-wave-listen-to-me
wave-listen-to-me,artDensity,known,3,0.86,ev-g2-fresh-c-art-wave-listen-to-me
wave-listen-to-me,visualSoftness,known,1,0.86,ev-g2-fresh-c-art-wave-listen-to-me
wave-listen-to-me,motionImpact,unknown,,,ev-g2-fresh-c-art-wave-listen-to-me
police-in-a-pod,progression,known,2,0.82,ev-g2-fresh-c-annotation-police-in-a-pod
police-in-a-pod,problemSolving,known,3,0.82,ev-g2-fresh-c-annotation-police-in-a-pod
police-in-a-pod,strategy,known,2,0.82,ev-g2-fresh-c-annotation-police-in-a-pod
police-in-a-pod,pacing,known,3,0.82,ev-g2-fresh-c-annotation-police-in-a-pod
police-in-a-pod,mysteryReveal,known,2,0.82,ev-g2-fresh-c-annotation-police-in-a-pod
police-in-a-pod,worldBuilding,known,3,0.82,ev-g2-fresh-c-annotation-police-in-a-pod
police-in-a-pod,characterArcWeight,known,4,0.82,ev-g2-fresh-c-annotation-police-in-a-pod
police-in-a-pod,relationshipStructure,known,2,0.82,ev-g2-fresh-c-annotation-police-in-a-pod
police-in-a-pod,comedy,known,4,0.82,ev-g2-fresh-c-annotation-police-in-a-pod
police-in-a-pod,darkness,known,2,0.82,ev-g2-fresh-c-annotation-police-in-a-pod
police-in-a-pod,mentalStress,known,2,0.82,ev-g2-fresh-c-annotation-police-in-a-pod
police-in-a-pod,romance,known,1,0.82,ev-g2-fresh-c-annotation-police-in-a-pod
police-in-a-pod,emotionalWarmth,known,3,0.82,ev-g2-fresh-c-annotation-police-in-a-pod
police-in-a-pod,artRealism,known,2,0.86,ev-g2-fresh-c-art-police-in-a-pod
police-in-a-pod,artDensity,known,2,0.86,ev-g2-fresh-c-art-police-in-a-pod
police-in-a-pod,visualSoftness,known,3,0.86,ev-g2-fresh-c-art-police-in-a-pod
police-in-a-pod,motionImpact,unknown,,,ev-g2-fresh-c-art-police-in-a-pod
the-fable,progression,known,2,0.82,ev-g2-fresh-c-annotation-the-fable
the-fable,problemSolving,known,4,0.82,ev-g2-fresh-c-annotation-the-fable
the-fable,strategy,known,4,0.82,ev-g2-fresh-c-annotation-the-fable
the-fable,pacing,known,4,0.82,ev-g2-fresh-c-annotation-the-fable
the-fable,mysteryReveal,known,2,0.82,ev-g2-fresh-c-annotation-the-fable
the-fable,worldBuilding,known,3,0.82,ev-g2-fresh-c-annotation-the-fable
the-fable,characterArcWeight,known,3,0.82,ev-g2-fresh-c-annotation-the-fable
the-fable,relationshipStructure,known,3,0.82,ev-g2-fresh-c-annotation-the-fable
the-fable,comedy,known,4,0.82,ev-g2-fresh-c-annotation-the-fable
the-fable,darkness,known,4,0.82,ev-g2-fresh-c-annotation-the-fable
the-fable,mentalStress,known,2,0.82,ev-g2-fresh-c-annotation-the-fable
the-fable,romance,known,1,0.82,ev-g2-fresh-c-annotation-the-fable
the-fable,emotionalWarmth,known,2,0.82,ev-g2-fresh-c-annotation-the-fable
the-fable,artRealism,known,4,0.86,ev-g2-fresh-c-art-the-fable
the-fable,artDensity,known,3,0.86,ev-g2-fresh-c-art-the-fable
the-fable,visualSoftness,known,1,0.86,ev-g2-fresh-c-art-the-fable
the-fable,motionImpact,unknown,,,ev-g2-fresh-c-art-the-fable
ace-of-the-diamond,progression,known,4,0.82,ev-g2-fresh-c-annotation-ace-of-the-diamond
ace-of-the-diamond,problemSolving,known,3,0.82,ev-g2-fresh-c-annotation-ace-of-the-diamond
ace-of-the-diamond,strategy,known,2,0.82,ev-g2-fresh-c-annotation-ace-of-the-diamond
ace-of-the-diamond,pacing,known,3,0.82,ev-g2-fresh-c-annotation-ace-of-the-diamond
ace-of-the-diamond,mysteryReveal,known,1,0.82,ev-g2-fresh-c-annotation-ace-of-the-diamond
ace-of-the-diamond,worldBuilding,known,3,0.82,ev-g2-fresh-c-annotation-ace-of-the-diamond
ace-of-the-diamond,characterArcWeight,known,4,0.82,ev-g2-fresh-c-annotation-ace-of-the-diamond
ace-of-the-diamond,relationshipStructure,known,2,0.82,ev-g2-fresh-c-annotation-ace-of-the-diamond
ace-of-the-diamond,comedy,known,3,0.82,ev-g2-fresh-c-annotation-ace-of-the-diamond
ace-of-the-diamond,darkness,known,1,0.82,ev-g2-fresh-c-annotation-ace-of-the-diamond
ace-of-the-diamond,mentalStress,known,3,0.82,ev-g2-fresh-c-annotation-ace-of-the-diamond
ace-of-the-diamond,romance,known,1,0.82,ev-g2-fresh-c-annotation-ace-of-the-diamond
ace-of-the-diamond,emotionalWarmth,known,4,0.82,ev-g2-fresh-c-annotation-ace-of-the-diamond
ace-of-the-diamond,artRealism,known,2,0.86,ev-g2-fresh-c-art-ace-of-the-diamond
ace-of-the-diamond,artDensity,known,2,0.86,ev-g2-fresh-c-art-ace-of-the-diamond
ace-of-the-diamond,visualSoftness,known,2,0.86,ev-g2-fresh-c-art-ace-of-the-diamond
ace-of-the-diamond,motionImpact,unknown,,,ev-g2-fresh-c-art-ace-of-the-diamond
days,progression,known,4,0.82,ev-g2-fresh-c-annotation-days
days,problemSolving,known,2,0.82,ev-g2-fresh-c-annotation-days
days,strategy,known,2,0.82,ev-g2-fresh-c-annotation-days
days,pacing,known,3,0.82,ev-g2-fresh-c-annotation-days
days,mysteryReveal,known,1,0.82,ev-g2-fresh-c-annotation-days
days,worldBuilding,known,2,0.82,ev-g2-fresh-c-annotation-days
days,characterArcWeight,known,4,0.82,ev-g2-fresh-c-annotation-days
days,relationshipStructure,known,2,0.82,ev-g2-fresh-c-annotation-days
days,comedy,known,2,0.82,ev-g2-fresh-c-annotation-days
days,darkness,known,1,0.82,ev-g2-fresh-c-annotation-days
days,mentalStress,known,3,0.82,ev-g2-fresh-c-annotation-days
days,romance,known,1,0.82,ev-g2-fresh-c-annotation-days
days,emotionalWarmth,known,4,0.82,ev-g2-fresh-c-annotation-days
days,artRealism,known,2,0.86,ev-g2-fresh-c-art-days
days,artDensity,known,3,0.86,ev-g2-fresh-c-art-days
days,visualSoftness,known,3,0.86,ev-g2-fresh-c-art-days
days,motionImpact,unknown,,,ev-g2-fresh-c-art-days
all-rounder-meguru,progression,known,4,0.82,ev-g2-fresh-c-annotation-all-rounder-meguru
all-rounder-meguru,problemSolving,known,3,0.82,ev-g2-fresh-c-annotation-all-rounder-meguru
all-rounder-meguru,strategy,known,2,0.82,ev-g2-fresh-c-annotation-all-rounder-meguru
all-rounder-meguru,pacing,known,2,0.82,ev-g2-fresh-c-annotation-all-rounder-meguru
all-rounder-meguru,mysteryReveal,known,1,0.82,ev-g2-fresh-c-annotation-all-rounder-meguru
all-rounder-meguru,worldBuilding,known,3,0.82,ev-g2-fresh-c-annotation-all-rounder-meguru
all-rounder-meguru,characterArcWeight,known,4,0.82,ev-g2-fresh-c-annotation-all-rounder-meguru
all-rounder-meguru,relationshipStructure,known,3,0.82,ev-g2-fresh-c-annotation-all-rounder-meguru
all-rounder-meguru,comedy,known,2,0.82,ev-g2-fresh-c-annotation-all-rounder-meguru
all-rounder-meguru,darkness,known,2,0.82,ev-g2-fresh-c-annotation-all-rounder-meguru
all-rounder-meguru,mentalStress,known,3,0.82,ev-g2-fresh-c-annotation-all-rounder-meguru
all-rounder-meguru,romance,known,2,0.82,ev-g2-fresh-c-annotation-all-rounder-meguru
all-rounder-meguru,emotionalWarmth,known,3,0.82,ev-g2-fresh-c-annotation-all-rounder-meguru
all-rounder-meguru,artRealism,known,3,0.86,ev-g2-fresh-c-art-all-rounder-meguru
all-rounder-meguru,artDensity,known,2,0.86,ev-g2-fresh-c-art-all-rounder-meguru
all-rounder-meguru,visualSoftness,known,1,0.86,ev-g2-fresh-c-art-all-rounder-meguru
all-rounder-meguru,motionImpact,unknown,,,ev-g2-fresh-c-art-all-rounder-meguru
perfect-world,progression,known,2,0.82,ev-g2-fresh-c-annotation-perfect-world
perfect-world,problemSolving,known,2,0.82,ev-g2-fresh-c-annotation-perfect-world
perfect-world,strategy,known,1,0.82,ev-g2-fresh-c-annotation-perfect-world
perfect-world,pacing,known,2,0.82,ev-g2-fresh-c-annotation-perfect-world
perfect-world,mysteryReveal,known,1,0.82,ev-g2-fresh-c-annotation-perfect-world
perfect-world,worldBuilding,known,2,0.82,ev-g2-fresh-c-annotation-perfect-world
perfect-world,characterArcWeight,known,4,0.82,ev-g2-fresh-c-annotation-perfect-world
perfect-world,relationshipStructure,known,3,0.82,ev-g2-fresh-c-annotation-perfect-world
perfect-world,comedy,known,2,0.82,ev-g2-fresh-c-annotation-perfect-world
perfect-world,darkness,known,2,0.82,ev-g2-fresh-c-annotation-perfect-world
perfect-world,mentalStress,known,4,0.82,ev-g2-fresh-c-annotation-perfect-world
perfect-world,romance,known,4,0.82,ev-g2-fresh-c-annotation-perfect-world
perfect-world,emotionalWarmth,known,3,0.82,ev-g2-fresh-c-annotation-perfect-world
perfect-world,artRealism,known,2,0.86,ev-g2-fresh-c-art-perfect-world
perfect-world,artDensity,known,2,0.86,ev-g2-fresh-c-art-perfect-world
perfect-world,visualSoftness,known,4,0.86,ev-g2-fresh-c-art-perfect-world
perfect-world,motionImpact,unknown,,,ev-g2-fresh-c-art-perfect-world
tokyo-tarareba-girls,progression,known,1,0.82,ev-g2-fresh-c-annotation-tokyo-tarareba-girls
tokyo-tarareba-girls,problemSolving,known,2,0.82,ev-g2-fresh-c-annotation-tokyo-tarareba-girls
tokyo-tarareba-girls,strategy,known,1,0.82,ev-g2-fresh-c-annotation-tokyo-tarareba-girls
tokyo-tarareba-girls,pacing,known,3,0.82,ev-g2-fresh-c-annotation-tokyo-tarareba-girls
tokyo-tarareba-girls,mysteryReveal,known,1,0.82,ev-g2-fresh-c-annotation-tokyo-tarareba-girls
tokyo-tarareba-girls,worldBuilding,known,2,0.82,ev-g2-fresh-c-annotation-tokyo-tarareba-girls
tokyo-tarareba-girls,characterArcWeight,known,4,0.82,ev-g2-fresh-c-annotation-tokyo-tarareba-girls
tokyo-tarareba-girls,relationshipStructure,known,4,0.82,ev-g2-fresh-c-annotation-tokyo-tarareba-girls
tokyo-tarareba-girls,comedy,known,4,0.82,ev-g2-fresh-c-annotation-tokyo-tarareba-girls
tokyo-tarareba-girls,darkness,known,1,0.82,ev-g2-fresh-c-annotation-tokyo-tarareba-girls
tokyo-tarareba-girls,mentalStress,known,3,0.82,ev-g2-fresh-c-annotation-tokyo-tarareba-girls
tokyo-tarareba-girls,romance,known,4,0.82,ev-g2-fresh-c-annotation-tokyo-tarareba-girls
tokyo-tarareba-girls,emotionalWarmth,known,3,0.82,ev-g2-fresh-c-annotation-tokyo-tarareba-girls
tokyo-tarareba-girls,artRealism,known,2,0.86,ev-g2-fresh-c-art-tokyo-tarareba-girls
tokyo-tarareba-girls,artDensity,known,2,0.86,ev-g2-fresh-c-art-tokyo-tarareba-girls
tokyo-tarareba-girls,visualSoftness,known,3,0.86,ev-g2-fresh-c-art-tokyo-tarareba-girls
tokyo-tarareba-girls,motionImpact,unknown,,,ev-g2-fresh-c-art-tokyo-tarareba-girls
flying-witch,progression,known,1,0.82,ev-g2-fresh-c-annotation-flying-witch
flying-witch,problemSolving,known,2,0.82,ev-g2-fresh-c-annotation-flying-witch
flying-witch,strategy,known,1,0.82,ev-g2-fresh-c-annotation-flying-witch
flying-witch,pacing,known,2,0.82,ev-g2-fresh-c-annotation-flying-witch
flying-witch,mysteryReveal,known,2,0.82,ev-g2-fresh-c-annotation-flying-witch
flying-witch,worldBuilding,known,4,0.82,ev-g2-fresh-c-annotation-flying-witch
flying-witch,characterArcWeight,known,4,0.82,ev-g2-fresh-c-annotation-flying-witch
flying-witch,relationshipStructure,known,3,0.82,ev-g2-fresh-c-annotation-flying-witch
flying-witch,comedy,known,4,0.82,ev-g2-fresh-c-annotation-flying-witch
flying-witch,darkness,known,0,0.82,ev-g2-fresh-c-annotation-flying-witch
flying-witch,mentalStress,known,0,0.82,ev-g2-fresh-c-annotation-flying-witch
flying-witch,romance,known,1,0.82,ev-g2-fresh-c-annotation-flying-witch
flying-witch,emotionalWarmth,known,4,0.82,ev-g2-fresh-c-annotation-flying-witch
flying-witch,artRealism,known,1,0.86,ev-g2-fresh-c-art-flying-witch
flying-witch,artDensity,known,2,0.86,ev-g2-fresh-c-art-flying-witch
flying-witch,visualSoftness,known,4,0.86,ev-g2-fresh-c-art-flying-witch
flying-witch,motionImpact,unknown,,,ev-g2-fresh-c-art-flying-witch
witchcraft-works,progression,known,3,0.82,ev-g2-fresh-c-annotation-witchcraft-works
witchcraft-works,problemSolving,known,2,0.82,ev-g2-fresh-c-annotation-witchcraft-works
witchcraft-works,strategy,known,2,0.82,ev-g2-fresh-c-annotation-witchcraft-works
witchcraft-works,pacing,known,4,0.82,ev-g2-fresh-c-annotation-witchcraft-works
witchcraft-works,mysteryReveal,known,3,0.82,ev-g2-fresh-c-annotation-witchcraft-works
witchcraft-works,worldBuilding,known,4,0.82,ev-g2-fresh-c-annotation-witchcraft-works
witchcraft-works,characterArcWeight,known,3,0.82,ev-g2-fresh-c-annotation-witchcraft-works
witchcraft-works,relationshipStructure,known,3,0.82,ev-g2-fresh-c-annotation-witchcraft-works
witchcraft-works,comedy,known,3,0.82,ev-g2-fresh-c-annotation-witchcraft-works
witchcraft-works,darkness,known,3,0.82,ev-g2-fresh-c-annotation-witchcraft-works
witchcraft-works,mentalStress,known,2,0.82,ev-g2-fresh-c-annotation-witchcraft-works
witchcraft-works,romance,known,2,0.82,ev-g2-fresh-c-annotation-witchcraft-works
witchcraft-works,emotionalWarmth,known,3,0.82,ev-g2-fresh-c-annotation-witchcraft-works
witchcraft-works,artRealism,known,2,0.86,ev-g2-fresh-c-art-witchcraft-works
witchcraft-works,artDensity,known,3,0.86,ev-g2-fresh-c-art-witchcraft-works
witchcraft-works,visualSoftness,known,2,0.86,ev-g2-fresh-c-art-witchcraft-works
witchcraft-works,motionImpact,unknown,,,ev-g2-fresh-c-art-witchcraft-works
my-home-hero,progression,known,2,0.82,ev-g2-fresh-c-annotation-my-home-hero
my-home-hero,problemSolving,known,4,0.82,ev-g2-fresh-c-annotation-my-home-hero
my-home-hero,strategy,known,4,0.82,ev-g2-fresh-c-annotation-my-home-hero
my-home-hero,pacing,known,4,0.82,ev-g2-fresh-c-annotation-my-home-hero
my-home-hero,mysteryReveal,known,4,0.82,ev-g2-fresh-c-annotation-my-home-hero
my-home-hero,worldBuilding,known,3,0.82,ev-g2-fresh-c-annotation-my-home-hero
my-home-hero,characterArcWeight,known,4,0.82,ev-g2-fresh-c-annotation-my-home-hero
my-home-hero,relationshipStructure,known,3,0.82,ev-g2-fresh-c-annotation-my-home-hero
my-home-hero,comedy,known,1,0.82,ev-g2-fresh-c-annotation-my-home-hero
my-home-hero,darkness,known,4,0.82,ev-g2-fresh-c-annotation-my-home-hero
my-home-hero,mentalStress,known,4,0.82,ev-g2-fresh-c-annotation-my-home-hero
my-home-hero,romance,known,1,0.82,ev-g2-fresh-c-annotation-my-home-hero
my-home-hero,emotionalWarmth,known,2,0.82,ev-g2-fresh-c-annotation-my-home-hero
my-home-hero,artRealism,known,3,0.86,ev-g2-fresh-c-art-my-home-hero
my-home-hero,artDensity,known,3,0.86,ev-g2-fresh-c-art-my-home-hero
my-home-hero,visualSoftness,known,1,0.86,ev-g2-fresh-c-art-my-home-hero
my-home-hero,motionImpact,unknown,,,ev-g2-fresh-c-art-my-home-hero
beck,progression,known,4,0.82,ev-g2-fresh-c-annotation-beck
beck,problemSolving,known,2,0.82,ev-g2-fresh-c-annotation-beck
beck,strategy,known,2,0.82,ev-g2-fresh-c-annotation-beck
beck,pacing,known,3,0.82,ev-g2-fresh-c-annotation-beck
beck,mysteryReveal,known,1,0.82,ev-g2-fresh-c-annotation-beck
beck,worldBuilding,known,3,0.82,ev-g2-fresh-c-annotation-beck
beck,characterArcWeight,known,4,0.82,ev-g2-fresh-c-annotation-beck
beck,relationshipStructure,known,2,0.82,ev-g2-fresh-c-annotation-beck
beck,comedy,known,3,0.82,ev-g2-fresh-c-annotation-beck
beck,darkness,known,2,0.82,ev-g2-fresh-c-annotation-beck
beck,mentalStress,known,3,0.82,ev-g2-fresh-c-annotation-beck
beck,romance,known,3,0.82,ev-g2-fresh-c-annotation-beck
beck,emotionalWarmth,known,4,0.82,ev-g2-fresh-c-annotation-beck
beck,artRealism,known,2,0.86,ev-g2-fresh-c-art-beck
beck,artDensity,known,2,0.86,ev-g2-fresh-c-art-beck
beck,visualSoftness,known,2,0.86,ev-g2-fresh-c-art-beck
beck,motionImpact,unknown,,,ev-g2-fresh-c-art-beck
gto,progression,known,2,0.82,ev-g2-fresh-c-annotation-gto
gto,problemSolving,known,2,0.82,ev-g2-fresh-c-annotation-gto
gto,strategy,known,2,0.82,ev-g2-fresh-c-annotation-gto
gto,pacing,known,4,0.82,ev-g2-fresh-c-annotation-gto
gto,mysteryReveal,known,1,0.82,ev-g2-fresh-c-annotation-gto
gto,worldBuilding,known,2,0.82,ev-g2-fresh-c-annotation-gto
gto,characterArcWeight,known,4,0.82,ev-g2-fresh-c-annotation-gto
gto,relationshipStructure,known,2,0.82,ev-g2-fresh-c-annotation-gto
gto,comedy,known,4,0.82,ev-g2-fresh-c-annotation-gto
gto,darkness,known,2,0.82,ev-g2-fresh-c-annotation-gto
gto,mentalStress,known,2,0.82,ev-g2-fresh-c-annotation-gto
gto,romance,known,1,0.82,ev-g2-fresh-c-annotation-gto
gto,emotionalWarmth,known,3,0.82,ev-g2-fresh-c-annotation-gto
gto,artRealism,known,3,0.86,ev-g2-fresh-c-art-gto
gto,artDensity,known,4,0.86,ev-g2-fresh-c-art-gto
gto,visualSoftness,known,1,0.86,ev-g2-fresh-c-art-gto
gto,motionImpact,unknown,,,ev-g2-fresh-c-art-gto
tomorrows-joe,progression,known,4,0.82,ev-g2-fresh-c-annotation-tomorrows-joe
tomorrows-joe,problemSolving,known,2,0.82,ev-g2-fresh-c-annotation-tomorrows-joe
tomorrows-joe,strategy,known,2,0.82,ev-g2-fresh-c-annotation-tomorrows-joe
tomorrows-joe,pacing,known,3,0.82,ev-g2-fresh-c-annotation-tomorrows-joe
tomorrows-joe,mysteryReveal,known,1,0.82,ev-g2-fresh-c-annotation-tomorrows-joe
tomorrows-joe,worldBuilding,known,3,0.82,ev-g2-fresh-c-annotation-tomorrows-joe
tomorrows-joe,characterArcWeight,known,4,0.82,ev-g2-fresh-c-annotation-tomorrows-joe
tomorrows-joe,relationshipStructure,known,2,0.82,ev-g2-fresh-c-annotation-tomorrows-joe
tomorrows-joe,comedy,known,2,0.82,ev-g2-fresh-c-annotation-tomorrows-joe
tomorrows-joe,darkness,known,3,0.82,ev-g2-fresh-c-annotation-tomorrows-joe
tomorrows-joe,mentalStress,known,4,0.82,ev-g2-fresh-c-annotation-tomorrows-joe
tomorrows-joe,romance,known,1,0.82,ev-g2-fresh-c-annotation-tomorrows-joe
tomorrows-joe,emotionalWarmth,known,3,0.82,ev-g2-fresh-c-annotation-tomorrows-joe
tomorrows-joe,artRealism,known,2,0.86,ev-g2-fresh-c-art-tomorrows-joe
tomorrows-joe,artDensity,known,3,0.86,ev-g2-fresh-c-art-tomorrows-joe
tomorrows-joe,visualSoftness,known,1,0.86,ev-g2-fresh-c-art-tomorrows-joe
tomorrows-joe,motionImpact,unknown,,,ev-g2-fresh-c-art-tomorrows-joe
parasyte,progression,known,3,0.82,ev-g2-fresh-c-annotation-parasyte
parasyte,problemSolving,known,3,0.82,ev-g2-fresh-c-annotation-parasyte
parasyte,strategy,known,2,0.82,ev-g2-fresh-c-annotation-parasyte
parasyte,pacing,known,4,0.82,ev-g2-fresh-c-annotation-parasyte
parasyte,mysteryReveal,known,3,0.82,ev-g2-fresh-c-annotation-parasyte
parasyte,worldBuilding,known,4,0.82,ev-g2-fresh-c-annotation-parasyte
parasyte,characterArcWeight,known,4,0.82,ev-g2-fresh-c-annotation-parasyte
parasyte,relationshipStructure,known,3,0.82,ev-g2-fresh-c-annotation-parasyte
parasyte,comedy,known,1,0.82,ev-g2-fresh-c-annotation-parasyte
parasyte,darkness,known,4,0.82,ev-g2-fresh-c-annotation-parasyte
parasyte,mentalStress,known,4,0.82,ev-g2-fresh-c-annotation-parasyte
parasyte,romance,known,2,0.82,ev-g2-fresh-c-annotation-parasyte
parasyte,emotionalWarmth,known,2,0.82,ev-g2-fresh-c-annotation-parasyte
parasyte,artRealism,known,3,0.86,ev-g2-fresh-c-art-parasyte
parasyte,artDensity,known,3,0.86,ev-g2-fresh-c-art-parasyte
parasyte,visualSoftness,known,1,0.86,ev-g2-fresh-c-art-parasyte
parasyte,motionImpact,unknown,,,ev-g2-fresh-c-art-parasyte
princess-jellyfish,progression,known,2,0.82,ev-g2-fresh-c-annotation-princess-jellyfish
princess-jellyfish,problemSolving,known,3,0.82,ev-g2-fresh-c-annotation-princess-jellyfish
princess-jellyfish,strategy,known,2,0.82,ev-g2-fresh-c-annotation-princess-jellyfish
princess-jellyfish,pacing,known,3,0.82,ev-g2-fresh-c-annotation-princess-jellyfish
princess-jellyfish,mysteryReveal,known,2,0.82,ev-g2-fresh-c-annotation-princess-jellyfish
princess-jellyfish,worldBuilding,known,3,0.82,ev-g2-fresh-c-annotation-princess-jellyfish
princess-jellyfish,characterArcWeight,known,4,0.82,ev-g2-fresh-c-annotation-princess-jellyfish
princess-jellyfish,relationshipStructure,known,4,0.82,ev-g2-fresh-c-annotation-princess-jellyfish
princess-jellyfish,comedy,known,4,0.82,ev-g2-fresh-c-annotation-princess-jellyfish
princess-jellyfish,darkness,known,1,0.82,ev-g2-fresh-c-annotation-princess-jellyfish
princess-jellyfish,mentalStress,known,3,0.82,ev-g2-fresh-c-annotation-princess-jellyfish
princess-jellyfish,romance,known,4,0.82,ev-g2-fresh-c-annotation-princess-jellyfish
princess-jellyfish,emotionalWarmth,known,4,0.82,ev-g2-fresh-c-annotation-princess-jellyfish
princess-jellyfish,artRealism,known,1,0.86,ev-g2-fresh-c-art-princess-jellyfish
princess-jellyfish,artDensity,known,3,0.86,ev-g2-fresh-c-art-princess-jellyfish
princess-jellyfish,visualSoftness,known,4,0.86,ev-g2-fresh-c-art-princess-jellyfish
princess-jellyfish,motionImpact,unknown,,,ev-g2-fresh-c-art-princess-jellyfish
life-lessons-with-uramichi-oniisan,progression,known,1,0.82,ev-g2-fresh-c-annotation-life-lessons-with-uramichi-oniisan
life-lessons-with-uramichi-oniisan,problemSolving,known,1,0.82,ev-g2-fresh-c-annotation-life-lessons-with-uramichi-oniisan
life-lessons-with-uramichi-oniisan,strategy,known,1,0.82,ev-g2-fresh-c-annotation-life-lessons-with-uramichi-oniisan
life-lessons-with-uramichi-oniisan,pacing,known,2,0.82,ev-g2-fresh-c-annotation-life-lessons-with-uramichi-oniisan
life-lessons-with-uramichi-oniisan,mysteryReveal,known,1,0.82,ev-g2-fresh-c-annotation-life-lessons-with-uramichi-oniisan
life-lessons-with-uramichi-oniisan,worldBuilding,known,2,0.82,ev-g2-fresh-c-annotation-life-lessons-with-uramichi-oniisan
life-lessons-with-uramichi-oniisan,characterArcWeight,known,4,0.82,ev-g2-fresh-c-annotation-life-lessons-with-uramichi-oniisan
life-lessons-with-uramichi-oniisan,relationshipStructure,known,2,0.82,ev-g2-fresh-c-annotation-life-lessons-with-uramichi-oniisan
life-lessons-with-uramichi-oniisan,comedy,known,4,0.82,ev-g2-fresh-c-annotation-life-lessons-with-uramichi-oniisan
life-lessons-with-uramichi-oniisan,darkness,known,2,0.82,ev-g2-fresh-c-annotation-life-lessons-with-uramichi-oniisan
life-lessons-with-uramichi-oniisan,mentalStress,known,3,0.82,ev-g2-fresh-c-annotation-life-lessons-with-uramichi-oniisan
life-lessons-with-uramichi-oniisan,romance,known,1,0.82,ev-g2-fresh-c-annotation-life-lessons-with-uramichi-oniisan
life-lessons-with-uramichi-oniisan,emotionalWarmth,known,2,0.82,ev-g2-fresh-c-annotation-life-lessons-with-uramichi-oniisan
life-lessons-with-uramichi-oniisan,artRealism,known,2,0.86,ev-g2-fresh-c-art-life-lessons-with-uramichi-oniisan
life-lessons-with-uramichi-oniisan,artDensity,known,2,0.86,ev-g2-fresh-c-art-life-lessons-with-uramichi-oniisan
life-lessons-with-uramichi-oniisan,visualSoftness,known,3,0.86,ev-g2-fresh-c-art-life-lessons-with-uramichi-oniisan
life-lessons-with-uramichi-oniisan,motionImpact,unknown,,,ev-g2-fresh-c-art-life-lessons-with-uramichi-oniisan
shangri-la-frontier,progression,known,4,0.82,ev-g2-fresh-c-annotation-shangri-la-frontier
shangri-la-frontier,problemSolving,known,4,0.82,ev-g2-fresh-c-annotation-shangri-la-frontier
shangri-la-frontier,strategy,known,2,0.82,ev-g2-fresh-c-annotation-shangri-la-frontier
shangri-la-frontier,pacing,known,4,0.82,ev-g2-fresh-c-annotation-shangri-la-frontier
shangri-la-frontier,mysteryReveal,known,3,0.82,ev-g2-fresh-c-annotation-shangri-la-frontier
shangri-la-frontier,worldBuilding,known,4,0.82,ev-g2-fresh-c-annotation-shangri-la-frontier
shangri-la-frontier,characterArcWeight,known,3,0.82,ev-g2-fresh-c-annotation-shangri-la-frontier
shangri-la-frontier,relationshipStructure,known,3,0.82,ev-g2-fresh-c-annotation-shangri-la-frontier
shangri-la-frontier,comedy,known,3,0.82,ev-g2-fresh-c-annotation-shangri-la-frontier
shangri-la-frontier,darkness,known,2,0.82,ev-g2-fresh-c-annotation-shangri-la-frontier
shangri-la-frontier,mentalStress,known,2,0.82,ev-g2-fresh-c-annotation-shangri-la-frontier
shangri-la-frontier,romance,known,1,0.82,ev-g2-fresh-c-annotation-shangri-la-frontier
shangri-la-frontier,emotionalWarmth,known,3,0.82,ev-g2-fresh-c-annotation-shangri-la-frontier
shangri-la-frontier,artRealism,known,2,0.86,ev-g2-fresh-c-art-shangri-la-frontier
shangri-la-frontier,artDensity,known,3,0.86,ev-g2-fresh-c-art-shangri-la-frontier
shangri-la-frontier,visualSoftness,known,2,0.86,ev-g2-fresh-c-art-shangri-la-frontier
shangri-la-frontier,motionImpact,unknown,,,ev-g2-fresh-c-art-shangri-la-frontier
rent-a-girlfriend,progression,known,1,0.82,ev-g2-fresh-c-annotation-rent-a-girlfriend
rent-a-girlfriend,problemSolving,known,2,0.82,ev-g2-fresh-c-annotation-rent-a-girlfriend
rent-a-girlfriend,strategy,known,1,0.82,ev-g2-fresh-c-annotation-rent-a-girlfriend
rent-a-girlfriend,pacing,known,3,0.82,ev-g2-fresh-c-annotation-rent-a-girlfriend
rent-a-girlfriend,mysteryReveal,known,2,0.82,ev-g2-fresh-c-annotation-rent-a-girlfriend
rent-a-girlfriend,worldBuilding,known,2,0.82,ev-g2-fresh-c-annotation-rent-a-girlfriend
rent-a-girlfriend,characterArcWeight,known,4,0.82,ev-g2-fresh-c-annotation-rent-a-girlfriend
rent-a-girlfriend,relationshipStructure,known,2,0.82,ev-g2-fresh-c-annotation-rent-a-girlfriend
rent-a-girlfriend,comedy,known,4,0.82,ev-g2-fresh-c-annotation-rent-a-girlfriend
rent-a-girlfriend,darkness,known,1,0.82,ev-g2-fresh-c-annotation-rent-a-girlfriend
rent-a-girlfriend,mentalStress,known,4,0.82,ev-g2-fresh-c-annotation-rent-a-girlfriend
rent-a-girlfriend,romance,known,4,0.82,ev-g2-fresh-c-annotation-rent-a-girlfriend
rent-a-girlfriend,emotionalWarmth,known,2,0.82,ev-g2-fresh-c-annotation-rent-a-girlfriend
rent-a-girlfriend,artRealism,known,2,0.86,ev-g2-fresh-c-art-rent-a-girlfriend
rent-a-girlfriend,artDensity,known,2,0.86,ev-g2-fresh-c-art-rent-a-girlfriend
rent-a-girlfriend,visualSoftness,known,3,0.86,ev-g2-fresh-c-art-rent-a-girlfriend
rent-a-girlfriend,motionImpact,unknown,,,ev-g2-fresh-c-art-rent-a-girlfriend
inuyashiki,progression,known,3,0.82,ev-g2-fresh-c-annotation-inuyashiki
inuyashiki,problemSolving,known,2,0.82,ev-g2-fresh-c-annotation-inuyashiki
inuyashiki,strategy,known,2,0.82,ev-g2-fresh-c-annotation-inuyashiki
inuyashiki,pacing,known,4,0.82,ev-g2-fresh-c-annotation-inuyashiki
inuyashiki,mysteryReveal,known,2,0.82,ev-g2-fresh-c-annotation-inuyashiki
inuyashiki,worldBuilding,known,4,0.82,ev-g2-fresh-c-annotation-inuyashiki
inuyashiki,characterArcWeight,known,4,0.82,ev-g2-fresh-c-annotation-inuyashiki
inuyashiki,relationshipStructure,known,3,0.82,ev-g2-fresh-c-annotation-inuyashiki
inuyashiki,comedy,known,1,0.82,ev-g2-fresh-c-annotation-inuyashiki
inuyashiki,darkness,known,4,0.82,ev-g2-fresh-c-annotation-inuyashiki
inuyashiki,mentalStress,known,4,0.82,ev-g2-fresh-c-annotation-inuyashiki
inuyashiki,romance,known,1,0.82,ev-g2-fresh-c-annotation-inuyashiki
inuyashiki,emotionalWarmth,known,3,0.82,ev-g2-fresh-c-annotation-inuyashiki
inuyashiki,artRealism,known,4,0.86,ev-g2-fresh-c-art-inuyashiki
inuyashiki,artDensity,known,4,0.86,ev-g2-fresh-c-art-inuyashiki
inuyashiki,visualSoftness,known,1,0.86,ev-g2-fresh-c-art-inuyashiki
inuyashiki,motionImpact,unknown,,,ev-g2-fresh-c-art-inuyashiki
island-in-a-puddle,progression,known,1,0.82,ev-g2-fresh-c-annotation-island-in-a-puddle
island-in-a-puddle,problemSolving,known,4,0.82,ev-g2-fresh-c-annotation-island-in-a-puddle
island-in-a-puddle,strategy,known,3,0.82,ev-g2-fresh-c-annotation-island-in-a-puddle
island-in-a-puddle,pacing,known,4,0.82,ev-g2-fresh-c-annotation-island-in-a-puddle
island-in-a-puddle,mysteryReveal,known,4,0.82,ev-g2-fresh-c-annotation-island-in-a-puddle
island-in-a-puddle,worldBuilding,known,3,0.82,ev-g2-fresh-c-annotation-island-in-a-puddle
island-in-a-puddle,characterArcWeight,known,4,0.82,ev-g2-fresh-c-annotation-island-in-a-puddle
island-in-a-puddle,relationshipStructure,known,3,0.82,ev-g2-fresh-c-annotation-island-in-a-puddle
island-in-a-puddle,comedy,known,1,0.82,ev-g2-fresh-c-annotation-island-in-a-puddle
island-in-a-puddle,darkness,known,4,0.82,ev-g2-fresh-c-annotation-island-in-a-puddle
island-in-a-puddle,mentalStress,known,4,0.82,ev-g2-fresh-c-annotation-island-in-a-puddle
island-in-a-puddle,romance,known,1,0.82,ev-g2-fresh-c-annotation-island-in-a-puddle
island-in-a-puddle,emotionalWarmth,known,2,0.82,ev-g2-fresh-c-annotation-island-in-a-puddle
island-in-a-puddle,artRealism,known,2,0.86,ev-g2-fresh-c-art-island-in-a-puddle
island-in-a-puddle,artDensity,known,3,0.86,ev-g2-fresh-c-art-island-in-a-puddle
island-in-a-puddle,visualSoftness,known,2,0.86,ev-g2-fresh-c-art-island-in-a-puddle
island-in-a-puddle,motionImpact,unknown,,,ev-g2-fresh-c-art-island-in-a-puddle
mf-ghost,progression,known,4,0.82,ev-g2-fresh-c-annotation-mf-ghost
mf-ghost,problemSolving,known,3,0.82,ev-g2-fresh-c-annotation-mf-ghost
mf-ghost,strategy,known,2,0.82,ev-g2-fresh-c-annotation-mf-ghost
mf-ghost,pacing,known,3,0.82,ev-g2-fresh-c-annotation-mf-ghost
mf-ghost,mysteryReveal,known,2,0.82,ev-g2-fresh-c-annotation-mf-ghost
mf-ghost,worldBuilding,known,4,0.82,ev-g2-fresh-c-annotation-mf-ghost
mf-ghost,characterArcWeight,known,3,0.82,ev-g2-fresh-c-annotation-mf-ghost
mf-ghost,relationshipStructure,known,2,0.82,ev-g2-fresh-c-annotation-mf-ghost
mf-ghost,comedy,known,2,0.82,ev-g2-fresh-c-annotation-mf-ghost
mf-ghost,darkness,known,2,0.82,ev-g2-fresh-c-annotation-mf-ghost
mf-ghost,mentalStress,known,3,0.82,ev-g2-fresh-c-annotation-mf-ghost
mf-ghost,romance,known,2,0.82,ev-g2-fresh-c-annotation-mf-ghost
mf-ghost,emotionalWarmth,known,3,0.82,ev-g2-fresh-c-annotation-mf-ghost
mf-ghost,artRealism,known,3,0.86,ev-g2-fresh-c-art-mf-ghost
mf-ghost,artDensity,known,3,0.86,ev-g2-fresh-c-art-mf-ghost
mf-ghost,visualSoftness,known,1,0.86,ev-g2-fresh-c-art-mf-ghost
mf-ghost,motionImpact,unknown,,,ev-g2-fresh-c-art-mf-ghost
my-dearest-self-with-malice-aforethought,progression,known,1,0.82,ev-g2-fresh-c-annotation-my-dearest-self-with-malice-aforethought
my-dearest-self-with-malice-aforethought,problemSolving,known,4,0.82,ev-g2-fresh-c-annotation-my-dearest-self-with-malice-aforethought
my-dearest-self-with-malice-aforethought,strategy,known,3,0.82,ev-g2-fresh-c-annotation-my-dearest-self-with-malice-aforethought
my-dearest-self-with-malice-aforethought,pacing,known,4,0.82,ev-g2-fresh-c-annotation-my-dearest-self-with-malice-aforethought
my-dearest-self-with-malice-aforethought,mysteryReveal,known,4,0.82,ev-g2-fresh-c-annotation-my-dearest-self-with-malice-aforethought
my-dearest-self-with-malice-aforethought,worldBuilding,known,3,0.82,ev-g2-fresh-c-annotation-my-dearest-self-with-malice-aforethought
my-dearest-self-with-malice-aforethought,characterArcWeight,known,4,0.82,ev-g2-fresh-c-annotation-my-dearest-self-with-malice-aforethought
my-dearest-self-with-malice-aforethought,relationshipStructure,known,2,0.82,ev-g2-fresh-c-annotation-my-dearest-self-with-malice-aforethought
my-dearest-self-with-malice-aforethought,comedy,known,1,0.82,ev-g2-fresh-c-annotation-my-dearest-self-with-malice-aforethought
my-dearest-self-with-malice-aforethought,darkness,known,4,0.82,ev-g2-fresh-c-annotation-my-dearest-self-with-malice-aforethought
my-dearest-self-with-malice-aforethought,mentalStress,known,4,0.82,ev-g2-fresh-c-annotation-my-dearest-self-with-malice-aforethought
my-dearest-self-with-malice-aforethought,romance,known,3,0.82,ev-g2-fresh-c-annotation-my-dearest-self-with-malice-aforethought
my-dearest-self-with-malice-aforethought,emotionalWarmth,known,1,0.82,ev-g2-fresh-c-annotation-my-dearest-self-with-malice-aforethought
my-dearest-self-with-malice-aforethought,artRealism,known,3,0.86,ev-g2-fresh-c-art-my-dearest-self-with-malice-aforethought
my-dearest-self-with-malice-aforethought,artDensity,known,3,0.86,ev-g2-fresh-c-art-my-dearest-self-with-malice-aforethought
my-dearest-self-with-malice-aforethought,visualSoftness,known,1,0.86,ev-g2-fresh-c-art-my-dearest-self-with-malice-aforethought
my-dearest-self-with-malice-aforethought,motionImpact,unknown,,,ev-g2-fresh-c-art-my-dearest-self-with-malice-aforethought
the-golden-sheep,progression,known,1,0.82,ev-g2-fresh-c-annotation-the-golden-sheep
the-golden-sheep,problemSolving,known,2,0.82,ev-g2-fresh-c-annotation-the-golden-sheep
the-golden-sheep,strategy,known,1,0.82,ev-g2-fresh-c-annotation-the-golden-sheep
the-golden-sheep,pacing,known,2,0.82,ev-g2-fresh-c-annotation-the-golden-sheep
the-golden-sheep,mysteryReveal,known,2,0.82,ev-g2-fresh-c-annotation-the-golden-sheep
the-golden-sheep,worldBuilding,known,2,0.82,ev-g2-fresh-c-annotation-the-golden-sheep
the-golden-sheep,characterArcWeight,known,4,0.82,ev-g2-fresh-c-annotation-the-golden-sheep
the-golden-sheep,relationshipStructure,known,4,0.82,ev-g2-fresh-c-annotation-the-golden-sheep
the-golden-sheep,comedy,known,2,0.82,ev-g2-fresh-c-annotation-the-golden-sheep
the-golden-sheep,darkness,known,2,0.82,ev-g2-fresh-c-annotation-the-golden-sheep
the-golden-sheep,mentalStress,known,4,0.82,ev-g2-fresh-c-annotation-the-golden-sheep
the-golden-sheep,romance,known,2,0.82,ev-g2-fresh-c-annotation-the-golden-sheep
the-golden-sheep,emotionalWarmth,known,3,0.82,ev-g2-fresh-c-annotation-the-golden-sheep
the-golden-sheep,artRealism,known,2,0.86,ev-g2-fresh-c-art-the-golden-sheep
the-golden-sheep,artDensity,known,2,0.86,ev-g2-fresh-c-art-the-golden-sheep
the-golden-sheep,visualSoftness,known,4,0.86,ev-g2-fresh-c-art-the-golden-sheep
the-golden-sheep,motionImpact,unknown,,,ev-g2-fresh-c-art-the-golden-sheep
