id,workId,targetType,targetId,sourceType,sourceUrl,fetchedAt,extractorVersion,reviewedByHuman,confidence,notes
ev-dungeon-meshi,dungeon-meshi,work,dungeon-meshi,model,https://www.kadokawa.co.jp/product/301411000826/,2026-08-11T01:06:18+09:00,seed-annotation-panel-v1,false,0.90,KADOKAWA 1~3권 서지와 공식 제1화를 초반 범위로 대조한 모델 초벌 주석
ev-kingdom,kingdom,work,kingdom,model,https://www.s-manga.net/items/contents.html?isbn=4-08-877079-X,2026-08-11T01:06:18+09:00,seed-annotation-panel-v1,false,0.92,集英社 1~3권 소개와 공식 미리보기를 초반 범위로 대조한 모델 초벌 주석
ev-fullmetal-alchemist,fullmetal-alchemist,work,fullmetal-alchemist,model,https://magazine.jp.square-enix.com/top/comics/detail/9784757506206/,2026-08-11T01:06:18+09:00,seed-annotation-panel-v1,false,0.92,SQUARE ENIX 1~3권 소개와 공식 제1화를 초반 범위로 대조한 모델 초벌 주석
ev-death-note,death-note,work,death-note,model,https://www.s-manga.net/items/contents.html?isbn=4088736214,2026-08-11T01:06:18+09:00,seed-annotation-panel-v1,false,0.93,集英社 1~3권 소개와 공식 미리보기를 초반 범위로 대조한 모델 초벌 주석
ev-spy-family,spy-family,work,spy-family,model,https://www.s-manga.net/items/contents.html?isbn=978-4-08-882011-8,2026-08-11T01:06:18+09:00,seed-annotation-panel-v1,false,0.91,集英社 1~3권 소개와 공식 미리보기를 초반 범위로 대조하고 motionImpact는 unknown으로 유지한 모델 초벌 주석
ev-frieren,frieren,work,frieren,model,https://shogakukan-comic.jp/book?isbn=9784098501809,2026-08-11T01:30:00+09:00,seed-annotation-panel-v1,false,0.92,小学館 1~3권과 공식 미리보기를 대조하고 romance는 unknown으로 유지한 모델 초벌 주석
ev-chainsaw-man,chainsaw-man,work,chainsaw-man,model,https://books.shueisha.co.jp/items/contents.html?isbn=978-4-08-881780-4,2026-08-11T01:30:00+09:00,seed-annotation-panel-v1,false,0.96,集英社 1~3권과 공식 제1화를 초반 범위로 대조한 모델 초벌 주석
ev-blue-lock,blue-lock,work,blue-lock,model,https://www.kodansha.co.jp/r/comic/product?item=0000314505,2026-08-11T01:30:00+09:00,seed-annotation-panel-v1,false,0.96,講談社 1~3권과 マガポケ 공식 제1화를 초반 범위로 대조한 모델 초벌 주석
ev-monster,monster,work,monster,model,https://shogakukan-comic.jp/book?isbn=9784091817907,2026-08-11T01:30:00+09:00,seed-annotation-panel-v1,false,0.95,小学館 현행 완전판과 공식 미리보기 및 楽天 원판 서지를 대조한 모델 초벌 주석
ev-yotsuba-to,yotsuba-to,work,yotsuba-to,model,https://www.kadokawa.co.jp/product/312171800000/,2026-08-11T01:30:00+09:00,seed-annotation-panel-v1,false,0.95,KADOKAWA 1권과 공식 제1화를 대조하고 demographic은 unknown으로 유지한 모델 초벌 주석
ev-blame,blame,work,blame,model,https://www.kodansha.co.jp/comic/products/0000030097,2026-08-11T01:41:44+09:00,seed-annotation-panel-v1,false,0.94,講談社 1권 서지와 コミックDAYS 공식 LOG.1 미리보기를 초반 1~3권 범위로 대조한 모델 초벌 주석
ev-one-piece,one-piece,work,one-piece,model,https://books.shueisha.co.jp/items/contents.html?isbn=4-08-872509-3,2026-08-11T06:29:54+09:00,g1-chunk-a-model-v1,false,0.91,集英社 1권 서지·공식 소개와 초반 1~3권 진입 경험을 바탕으로 작성한 패널 전 모델 초안
ev-naruto,naruto,work,naruto,model,https://books.shueisha.co.jp/items/contents.html?isbn=4-08-872840-8,2026-08-11T06:29:54+09:00,g1-chunk-a-model-v1,false,0.91,集英社 1권 서지·공식 소개와 초반 1~3권 진입 경험을 바탕으로 작성한 패널 전 모델 초안
ev-dragon-ball,dragon-ball,work,dragon-ball,model,https://books.shueisha.co.jp/items/contents.html?isbn=4088518314,2026-08-11T06:29:54+09:00,g1-chunk-a-model-v1,false,0.91,集英社 1권 서지·공식 소개와 초반 1~3권 진입 경험을 바탕으로 작성한 패널 전 모델 초안
ev-attack-on-titan,attack-on-titan,work,attack-on-titan,model,https://www.kodansha.co.jp/comic/products/0000017064,2026-08-11T06:29:54+09:00,g1-chunk-a-model-v1,false,0.92,講談社 1권 서지·목차·공식 소개와 초반 1~3권 진입 경험을 바탕으로 작성한 패널 전 모델 초안
ev-demon-slayer,demon-slayer,work,demon-slayer,model,https://books.shueisha.co.jp/items/contents.html?isbn=978-4-08-880723-2,2026-08-11T06:29:54+09:00,g1-chunk-a-model-v1,false,0.92,集英社 1권 서지·공식 소개와 초반 1~3권 진입 경험을 바탕으로 작성한 패널 전 모델 초안
ev-jujutsu-kaisen,jujutsu-kaisen,work,jujutsu-kaisen,model,https://books.shueisha.co.jp/items/contents.html?isbn=978-4-08-881516-9,2026-08-11T06:29:54+09:00,g1-chunk-a-model-v1,false,0.92,集英社 1권 서지·공식 소개와 초반 1~3권 진입 경험을 바탕으로 작성한 패널 전 모델 초안
ev-my-hero-academia,my-hero-academia,work,my-hero-academia,model,https://books.shueisha.co.jp/items/contents.html?isbn=978-4-08-880264-0,2026-08-11T06:29:54+09:00,g1-chunk-a-model-v1,false,0.92,集英社 1권 서지·공식 소개와 초반 1~3권 진입 경험을 바탕으로 작성한 패널 전 모델 초안
ev-hunter-x-hunter,hunter-x-hunter,work,hunter-x-hunter,model,https://books.shueisha.co.jp/items/contents.html?isbn=978-4-08-872571-0,2026-08-11T06:29:54+09:00,g1-chunk-a-model-v1,false,0.92,集英社 1권 서지·공식 소개와 초반 1~3권 진입 경험을 바탕으로 작성한 패널 전 모델 초안
ev-jojo-bizarre-adventure,jojo-bizarre-adventure,work,jojo-bizarre-adventure,model,https://books.shueisha.co.jp/items/contents.html?isbn=4-08-851126-3,2026-08-11T06:29:54+09:00,g1-chunk-a-model-v1,false,0.90,集英社 1권 서지·공식 소개와 원제 1~3권 진입 경험을 바탕으로 작성한 패널 전 모델 초안
ev-berserk,berserk,work,berserk,model,https://www.hakusensha.co.jp/comicslist/40773/,2026-08-11T06:29:54+09:00,g1-chunk-a-model-v1,false,0.91,白泉社 1권 서지·공식 소개와 초반 1~3권 진입 경험을 바탕으로 작성한 패널 전 모델 초안
ev-vinland-saga,vinland-saga,work,vinland-saga,model,https://www.kodansha.co.jp/comic/products/0000029270,2026-08-11T06:29:54+09:00,g1-chunk-a-model-v1,false,0.92,講談社 1권 서지·목차·공식 소개와 초반 1~3권 진입 경험을 바탕으로 작성한 패널 전 모델 초안
ev-vagabond,vagabond,work,vagabond,model,https://www.kodansha.co.jp/comic/products/0000007491,2026-08-11T06:29:54+09:00,g1-chunk-a-model-v1,false,0.90,講談社 1권 서지·공식 소개와 초반 1~3권 진입 경험을 바탕으로 작성한 패널 전 모델 초안
ev-golden-kamuy,golden-kamuy,work,golden-kamuy,model,https://books.shueisha.co.jp/items/contents.html?jdcn=08890082890082315501,2026-08-11T06:29:54+09:00,g1-chunk-a-model-v1,false,0.92,集英社 1권 서지·목차·공식 소개와 초반 1~3권 진입 경험을 바탕으로 작성한 패널 전 모델 초안
ev-made-in-abyss,made-in-abyss,work,made-in-abyss,model,https://takecomic.jp/series/3f846451aff2d/new,2026-08-11T06:28:47+09:00,g1-chunk-b-model-v1,false,0.90,竹書房公式連載の1巻から3巻と現行15巻および楽天ブックス1巻書誌を照合したモデル初稿
ev-land-of-the-lustrous,land-of-the-lustrous,work,land-of-the-lustrous,model,https://www.kodansha.co.jp/comic/products/0000047266,2026-08-11T06:28:47+09:00,g1-chunk-b-model-v1,false,0.91,講談社の1巻から3巻紹介と完結13巻および楽天ブックス1巻書誌を照合したモデル初稿
ev-mushishi,mushishi,work,mushishi,model,https://www.kodansha.co.jp/comic/products/0000030168,2026-08-11T06:28:47+09:00,g1-chunk-b-model-v1,false,0.91,講談社の1巻から3巻紹介と完結10巻および楽天ブックス1巻書誌を照合したモデル初稿
ev-dr-stone,dr-stone,work,dr-stone,model,https://books.shueisha.co.jp/items/contents_amp.html?isbn=978-4-08-881184-0,2026-08-11T06:28:47+09:00,g1-chunk-b-model-v1,false,0.93,集英社の1巻から3巻紹介と27巻および楽天ブックス1巻書誌を照合したモデル初稿
ev-promised-neverland,promised-neverland,work,promised-neverland,model,https://books.shueisha.co.jp/items/contents.html?isbn=978-4-08-880872-7,2026-08-11T06:28:47+09:00,g1-chunk-b-model-v1,false,0.93,集英社の1巻から3巻紹介と完結20巻および楽天ブックス1巻書誌を照合したモデル初稿
ev-erased,erased,work,erased,model,https://www.kadokawa.co.jp/product/321208000180/,2026-08-11T06:28:47+09:00,g1-chunk-b-model-v1,false,0.91,KADOKAWAの1巻から3巻紹介と同シリーズ9巻および楽天ブックス1巻書誌を照合したモデル初稿
ev-20th-century-boys,20th-century-boys,work,20th-century-boys,model,https://shogakukan-comic.jp/book?isbn=9784091855312,2026-08-11T06:28:47+09:00,g1-chunk-b-model-v1,false,0.93,小学館の1巻から3巻紹介と全22巻一覧および楽天ブックス1巻書誌を照合したモデル初稿
ev-pluto,pluto,work,pluto,model,https://shogakukan-comic.jp/book?isbn=9784091874313,2026-08-11T06:28:47+09:00,g1-chunk-b-model-v1,false,0.93,小学館の1巻から3巻紹介と全8巻一覧および楽天ブックス1巻書誌を照合したモデル初稿
ev-ghost-in-the-shell,ghost-in-the-shell,work,ghost-in-the-shell,model,https://www.kodansha.co.jp/comic/products/0000006425,2026-08-11T06:28:47+09:00,g1-chunk-b-model-v1,false,0.90,講談社の原作1巻と2巻および1.5巻一覧と楽天ブックス1巻書誌を照合したモデル初稿
ev-akira,akira,work,akira,model,https://www.kodansha.co.jp/comic/products/0000002123,2026-08-11T06:28:47+09:00,g1-chunk-b-model-v1,false,0.93,講談社の1巻から3巻紹介と全6巻および楽天ブックス1巻書誌を照合したモデル初稿
ev-witch-hat-atelier,witch-hat-atelier,work,witch-hat-atelier,model,https://www.kodansha.co.jp/comic/products/0000018887,2026-08-11T06:28:47+09:00,g1-chunk-b-model-v1,false,0.93,講談社の1巻から3巻紹介と現行16巻および楽天ブックス1巻書誌を照合したモデル初稿
ev-mob-psycho-100,mob-psycho-100,work,mob-psycho-100,model,https://shogakukan-comic.jp/book?isbn=9784091241023,2026-08-11T06:28:47+09:00,g1-chunk-b-model-v1,false,0.93,小学館の1巻から3巻紹介と全16巻一覧および楽天ブックス1巻書誌を照合したモデル初稿
ev-g1c-natsumes-book-of-friends,natsumes-book-of-friends,work,natsumes-book-of-friends,model,https://www.hakusensha.co.jp/comicslist/40971/,2026-08-11T06:30:00+09:00,g1-chunk-c-authoring-v1,false,0.90,白泉社 1권 서지와 공식 소개 및 초반 1~3권 범위를 대조한 모델 초벌 주석
ev-g1c-march-comes-in-like-a-lion,march-comes-in-like-a-lion,work,march-comes-in-like-a-lion,model,https://www.hakusensha.co.jp/comicslist/43152/,2026-08-11T06:30:00+09:00,g1-chunk-c-authoring-v1,false,0.91,白泉社 1권 서지와 공식 작품 페이지 및 초반 1~3권 범위를 대조한 모델 초벌 주석
ev-g1c-a-silent-voice,a-silent-voice,work,a-silent-voice,model,https://www.kodansha.co.jp/comic/products/0000019055,2026-08-11T06:30:00+09:00,g1-chunk-c-authoring-v1,false,0.92,講談社 1권 서지와 공식 소개 및 초반 1~3권 범위를 대조한 모델 초벌 주석
ev-g1c-your-lie-in-april,your-lie-in-april,work,your-lie-in-april,model,https://www.kodansha.co.jp/comic/products/0000043314,2026-08-11T06:30:00+09:00,g1-chunk-c-authoring-v1,false,0.92,講談社 1권 서지와 공식 소개 및 초반 1~3권 범위를 대조한 모델 초벌 주석
ev-g1c-kaguya-sama,kaguya-sama,work,kaguya-sama,model,https://www.s-manga.net/items/contents.html?isbn=978-4-08-890432-0,2026-08-11T06:30:00+09:00,g1-chunk-c-authoring-v1,false,0.93,集英社 1~3권 공식 소개와 시험 읽기 제공 범위를 대조한 모델 초벌 주석
ev-g1c-horimiya,horimiya,work,horimiya,model,https://magazine.jp.square-enix.com/top/comics/detail/9784757535435/,2026-08-11T06:30:00+09:00,g1-chunk-c-authoring-v1,false,0.91,SQUARE ENIX 1권 서지와 공식 작품 페이지 및 초반 1~3권 범위를 대조한 모델 초벌 주석
ev-g1c-kimi-ni-todoke,kimi-ni-todoke,work,kimi-ni-todoke,model,https://www.s-manga.net/items/contents.html?isbn=4-08-846061-8,2026-08-11T06:30:00+09:00,g1-chunk-c-authoring-v1,false,0.90,集英社 1권 서지와 공식 소개 및 시험 읽기 제공 범위를 대조한 모델 초벌 주석
ev-g1c-nana,nana,work,nana,model,https://www.s-manga.net/items/contents.html?isbn=4-08-856209-7,2026-08-11T06:30:00+09:00,g1-chunk-c-authoring-v1,false,0.89,集英社 1권 서지와 공식 작품 페이지 및 초반 1~3권 범위를 대조한 모델 초벌 주석
ev-g1c-skip-and-loafer,skip-and-loafer,work,skip-and-loafer,model,https://www.kodansha.co.jp/comic/products/0000318780,2026-08-11T06:30:00+09:00,g1-chunk-c-authoring-v1,false,0.91,講談社 1권 서지와 초출 정보 및 초반 1~3권 범위를 대조한 모델 초벌 주석
ev-g1c-bocchi-the-rock,bocchi-the-rock,work,bocchi-the-rock,model,https://houbunsha.co.jp/comics/detail.php?p=%25A4%25DC%25A4%25C3%25A4%25C1%25A1%25A6%25A4%25B6%25A1%25A6%25A4%25ED%25A4%25C3%25A4%25AF%25A1%25AA,2026-08-11T06:30:00+09:00,g1-chunk-c-authoring-v1,false,0.90,芳文社 공식 전권 목록과 1권 서지 및 초반 1~3권 범위를 대조한 모델 초벌 주석
ev-g1c-haikyu,haikyu,work,haikyu,model,https://www.s-manga.net/items/contents.html?isbn=978-4-08-870453-1,2026-08-11T06:30:00+09:00,g1-chunk-c-authoring-v1,false,0.93,集英社 1~3권 공식 소개와 시험 읽기 제공 범위를 대조한 모델 초벌 주석
ev-g1c-hajime-no-ippo,hajime-no-ippo,work,hajime-no-ippo,model,https://www.kodansha.co.jp/comic/products/0000005071,2026-08-11T06:30:00+09:00,g1-chunk-c-authoring-v1,false,0.94,講談社 1권 서지와 공식 소개 및 초반 1~3권 범위를 대조한 모델 초벌 주석
ev-g1-art-dungeon-meshi,dungeon-meshi,work,dungeon-meshi,publisher,https://comic-walker.com/detail/KC_000393_S/episodes/KC_0003930000100011_E?episodeType=first,2026-08-11T11:30:00+09:00,g1-art-authority-v2,false,0.90,"Official Art audit source; exact page references, authority class, edition mapping, observations, and limitations are in data/staging/g1/art-evidence-manifest.csv"
ev-g1-art-kingdom,kingdom,work,kingdom,publisher,https://tonarinoyj.jp/episode/13932016480028986503,2026-08-11T11:30:00+09:00,g1-art-authority-v2,false,0.90,"Official Art audit source; exact page references, authority class, edition mapping, observations, and limitations are in data/staging/g1/art-evidence-manifest.csv"
ev-g1-art-fullmetal-alchemist,fullmetal-alchemist,work,fullmetal-alchemist,publisher,https://magazine.jp.square-enix.com/gangan/tcym/hagaren_01/index.html,2026-08-11T11:30:00+09:00,g1-art-authority-v2,false,0.90,"Official Art audit source; exact page references, authority class, edition mapping, observations, and limitations are in data/staging/g1/art-evidence-manifest.csv"
ev-g1-art-death-note,death-note,work,death-note,publisher,https://shonenjumpplus.com/episode/10833519556325021815,2026-08-11T11:30:00+09:00,g1-art-authority-v2,false,0.90,"Official Art audit source; exact page references, authority class, edition mapping, observations, and limitations are in data/staging/g1/art-evidence-manifest.csv"
ev-g1-art-spy-family,spy-family,work,spy-family,publisher,https://shonenjumpplus.com/episode/10834108156648240735,2026-08-11T11:30:00+09:00,g1-art-authority-v2,false,0.90,"Official Art audit source; exact page references, authority class, edition mapping, observations, and limitations are in data/staging/g1/art-evidence-manifest.csv"
ev-g1-art-frieren,frieren,work,frieren,publisher,https://e-comi.shogakukan.co.jp/viewer/speedreader?cid=098501800000d0000000&u0=1,2026-08-11T11:30:00+09:00,g1-art-authority-v2,false,0.90,"Official Art audit source; exact page references, authority class, edition mapping, observations, and limitations are in data/staging/g1/art-evidence-manifest.csv"
ev-g1-art-chainsaw-man,chainsaw-man,work,chainsaw-man,publisher,https://shonenjumpplus.com/episode/10834108156650024834,2026-08-11T11:30:00+09:00,g1-art-authority-v2,false,0.90,"Official Art audit source; exact page references, authority class, edition mapping, observations, and limitations are in data/staging/g1/art-evidence-manifest.csv"
ev-g1-art-blue-lock,blue-lock,work,blue-lock,publisher,https://pocket.shonenmagazine.com/title/00617/episode/213491,2026-08-11T11:30:00+09:00,g1-art-authority-v2,false,0.90,"Official Art audit source; exact page references, authority class, edition mapping, observations, and limitations are in data/staging/g1/art-evidence-manifest.csv"
ev-g1-art-monster,monster,work,monster,publisher,https://e-comi.shogakukan.co.jp/viewer/speedreader?cid=091836510000d0000000&u0=1,2026-08-11T11:30:00+09:00,g1-art-authority-v2,false,0.90,"Official Art audit source; exact page references, authority class, edition mapping, observations, and limitations are in data/staging/g1/art-evidence-manifest.csv"
ev-g1-art-yotsuba-to,yotsuba-to,work,yotsuba-to,publisher,https://comic-walker.com/detail/KC_003331_S/episodes/KC_0033310000100011_E?episodeType=first,2026-08-11T11:30:00+09:00,g1-art-authority-v2,false,0.90,"Official Art audit source; exact page references, authority class, edition mapping, observations, and limitations are in data/staging/g1/art-evidence-manifest.csv"
ev-g1-art-blame,blame,work,blame,publisher,https://comic-days.com/episode/13932016480029861973,2026-08-11T11:30:00+09:00,g1-art-authority-v2,false,0.90,"Official Art audit source; exact page references, authority class, edition mapping, observations, and limitations are in data/staging/g1/art-evidence-manifest.csv"
ev-g1-art-one-piece,one-piece,work,one-piece,publisher,https://shonenjumpplus.com/episode/10833519556325021794,2026-08-11T11:30:00+09:00,g1-art-authority-v2,false,0.90,"Official Art audit source; exact page references, authority class, edition mapping, observations, and limitations are in data/staging/g1/art-evidence-manifest.csv"
ev-g1-art-naruto,naruto,work,naruto,publisher,https://shonenjumpplus.com/episode/10833519556325021854,2026-08-11T11:30:00+09:00,g1-art-authority-v2,false,0.90,"Official Art audit source; exact page references, authority class, edition mapping, observations, and limitations are in data/staging/g1/art-evidence-manifest.csv"
ev-g1-art-dragon-ball,dragon-ball,work,dragon-ball,publisher,https://shonenjumpplus.com/episode/10833519556325021841,2026-08-11T11:30:00+09:00,g1-art-authority-v2,false,0.90,"Official Art audit source; exact page references, authority class, edition mapping, observations, and limitations are in data/staging/g1/art-evidence-manifest.csv"
ev-g1-art-attack-on-titan,attack-on-titan,work,attack-on-titan,publisher,https://comic-days.com/episode/10834108156636966525,2026-08-11T11:30:00+09:00,g1-art-authority-v2,false,0.90,"Official Art audit source; exact page references, authority class, edition mapping, observations, and limitations are in data/staging/g1/art-evidence-manifest.csv"
ev-g1-art-demon-slayer,demon-slayer,work,demon-slayer,publisher,https://shonenjumpplus.com/episode/13932016480029012543,2026-08-11T11:30:00+09:00,g1-art-authority-v2,false,0.90,"Official Art audit source; exact page references, authority class, edition mapping, observations, and limitations are in data/staging/g1/art-evidence-manifest.csv"
ev-g1-art-jujutsu-kaisen,jujutsu-kaisen,work,jujutsu-kaisen,publisher,https://shonenjumpplus.com/episode/10834108156650001170,2026-08-11T11:30:00+09:00,g1-art-authority-v2,false,0.90,"Official Art audit source; exact page references, authority class, edition mapping, observations, and limitations are in data/staging/g1/art-evidence-manifest.csv"
ev-g1-art-my-hero-academia,my-hero-academia,work,my-hero-academia,publisher,https://shonenjumpplus.com/episode/10833519556325021790,2026-08-11T11:30:00+09:00,g1-art-authority-v2,false,0.90,"Official Art audit source; exact page references, authority class, edition mapping, observations, and limitations are in data/staging/g1/art-evidence-manifest.csv"
ev-g1-art-hunter-x-hunter,hunter-x-hunter,work,hunter-x-hunter,publisher,https://shonenjumpplus.com/episode/10833519556325021810,2026-08-11T11:30:00+09:00,g1-art-authority-v2,false,0.90,"Official Art audit source; exact page references, authority class, edition mapping, observations, and limitations are in data/staging/g1/art-evidence-manifest.csv"
ev-g1-art-jojo-bizarre-adventure,jojo-bizarre-adventure,work,jojo-bizarre-adventure,publisher,https://shonenjumpplus.com/episode/3269632237245268586,2026-08-11T11:30:00+09:00,g1-art-authority-v2,false,0.90,"Official Art audit source; exact page references, authority class, edition mapping, observations, and limitations are in data/staging/g1/art-evidence-manifest.csv"
ev-g1-art-berserk,berserk,work,berserk,publisher,https://www.hakusensha-e.net/hakusensha_otameshi?jdcn=59213574berserk00111,2026-08-11T11:30:00+09:00,g1-art-authority-v2,false,0.90,"Official Art audit source; exact page references, authority class, edition mapping, observations, and limitations are in data/staging/g1/art-evidence-manifest.csv"
ev-g1-art-vinland-saga,vinland-saga,work,vinland-saga,publisher,https://www.kodansha.co.jp/comic/products/0000029270/trial,2026-08-11T11:30:00+09:00,g1-art-authority-v2,false,0.90,"Official Art audit source; exact page references, authority class, edition mapping, observations, and limitations are in data/staging/g1/art-evidence-manifest.csv"
ev-g1-art-vagabond,vagabond,work,vagabond,publisher,https://www.viz.com/manga-books/manga/vagabond-definitive-edition-volume-1-0/product/8139,2026-08-11T11:30:00+09:00,g1-art-authority-v2,false,0.94,"Official Art audit source; exact page references, authority class, edition mapping, observations, and limitations are in data/staging/g1/art-evidence-manifest.csv"
ev-g1-art-vagabond-motion,vagabond,work,vagabond,publisher,https://www.youtube.com/watch?v=kZhw6gclUhw,2026-08-11T11:30:00+09:00,g1-art-authority-v2,false,0.90,Official licensed-publisher trailer used only to document why motionImpact remains unknown; the bounded observation and limitation are in data/staging/g1/art-evidence-manifest.csv
ev-g1-art-golden-kamuy,golden-kamuy,work,golden-kamuy,publisher,https://tonarinoyj.jp/episode/13932016480028986525,2026-08-11T11:30:00+09:00,g1-art-authority-v2,false,0.90,"Official Art audit source; exact page references, authority class, edition mapping, observations, and limitations are in data/staging/g1/art-evidence-manifest.csv"
ev-g1-art-made-in-abyss,made-in-abyss,work,made-in-abyss,publisher,https://takecomic.jp/episodes/74f33031e13cd,2026-08-11T11:30:00+09:00,g1-art-authority-v2,false,0.90,"Official Art audit source; exact page references, authority class, edition mapping, observations, and limitations are in data/staging/g1/art-evidence-manifest.csv"
ev-g1-art-land-of-the-lustrous,land-of-the-lustrous,work,land-of-the-lustrous,publisher,https://comic-days.com/episode/13932016480029605220,2026-08-11T11:30:00+09:00,g1-art-authority-v2,false,0.90,"Official Art audit source; exact page references, authority class, edition mapping, observations, and limitations are in data/staging/g1/art-evidence-manifest.csv"
ev-g1-art-mushishi,mushishi,work,mushishi,publisher,https://www.kodansha.co.jp/comic/products/0000030168/trial/reader?cid=03efd3f390f00457001346f87da9dcd54ec13ac3c0d730514b636b76e6c3b093,2026-08-11T11:30:00+09:00,g1-art-authority-v2,false,0.90,"Official Art audit source; exact page references, authority class, edition mapping, observations, and limitations are in data/staging/g1/art-evidence-manifest.csv"
ev-g1-art-dr-stone,dr-stone,work,dr-stone,publisher,https://www.s-manga.net/reader/main.php?cid=9784088811840,2026-08-11T11:30:00+09:00,g1-art-authority-v2,false,0.90,"Official Art audit source; exact page references, authority class, edition mapping, observations, and limitations are in data/staging/g1/art-evidence-manifest.csv"
ev-g1-art-promised-neverland,promised-neverland,work,promised-neverland,publisher,https://www.s-manga.net/reader/main.php?cid=9784088808727,2026-08-11T11:30:00+09:00,g1-art-authority-v2,false,0.90,"Official Art audit source; exact page references, authority class, edition mapping, observations, and limitations are in data/staging/g1/art-evidence-manifest.csv"
ev-g1-art-erased,erased,work,erased,publisher,https://comic-walker.com/detail/KC_003491_S/episodes/KC_0034910000100012_E?episodeType=comics,2026-08-11T11:30:00+09:00,g1-art-authority-v2,false,0.90,"Official Art audit source; exact page references, authority class, edition mapping, observations, and limitations are in data/staging/g1/art-evidence-manifest.csv"
ev-g1-art-20th-century-boys,20th-century-boys,work,20th-century-boys,publisher,https://e-comi.shogakukan.co.jp/viewer/speedreader?cid=091855310000d0000000&u0=1,2026-08-11T11:30:00+09:00,g1-art-authority-v2,false,0.90,"Official Art audit source; exact page references, authority class, edition mapping, observations, and limitations are in data/staging/g1/art-evidence-manifest.csv"
ev-g1-art-pluto,pluto,work,pluto,publisher,https://e-comi.shogakukan.co.jp/viewer/speedreader?cid=091874310000d0000000&u0=1,2026-08-11T11:30:00+09:00,g1-art-authority-v2,false,0.90,"Official Art audit source; exact page references, authority class, edition mapping, observations, and limitations are in data/staging/g1/art-evidence-manifest.csv"
ev-g1-art-ghost-in-the-shell,ghost-in-the-shell,work,ghost-in-the-shell,publisher,https://www.kodansha.co.jp/comic/products/0000006425/trial,2026-08-11T11:30:00+09:00,g1-art-authority-v2,false,0.90,"Official Art audit source; exact page references, authority class, edition mapping, observations, and limitations are in data/staging/g1/art-evidence-manifest.csv"
ev-g1-ghost-in-the-shell-darkness,ghost-in-the-shell,axis,darkness,publisher,https://kodansha.us/series/the-ghost-in-the-shell/volume-1/,2026-08-11T19:42:14+09:00,g1-sanity-evidence-correction-v1,false,0.90,Official Kodansha Volume 1 synopsis supports serious danger and dystopian themes without making sustained brutality or tragedy the central reward; original manga entry scope only
ev-g1-ghost-in-the-shell-mental-stress,ghost-in-the-shell,axis,mentalStress,publisher,https://kodansha.us/book/the-ghost-in-the-shell/the-ghost-in-the-shell-volume-1-5/,2026-08-11T19:42:14+09:00,g1-sanity-evidence-correction-v1,false,0.80,Official Kodansha Volume 1.5 synopsis explicitly describes dangerous cases with action and suspense while retaining a light police-team tone; original manga entry scope only
ev-g1-ghost-in-the-shell-emotional-warmth,ghost-in-the-shell,axis,emotionalWarmth,publisher,https://www.kodansha.co.jp/comic/products/0000006425/trial,2026-08-11T19:42:14+09:00,g1-sanity-evidence-correction-v1,false,0.72,"Official Kodansha Volume 1 trial shows Section 9 team banter that rules out absolute coldness, while bonding or healing is not a central reward; original manga entry scope only"
ev-g1-art-akira,akira,work,akira,publisher,https://www.darkhorse.com/books/40-180/akira-volume-1-tpb/,2026-08-11T11:30:00+09:00,g1-art-authority-v2,false,0.96,"Official Art audit source; exact page references, authority class, edition mapping, observations, and limitations are in data/staging/g1/art-evidence-manifest.csv"
ev-g1-art-witch-hat-atelier,witch-hat-atelier,work,witch-hat-atelier,publisher,https://www.kodansha.co.jp/comic/products/0000018887/trial,2026-08-11T11:30:00+09:00,g1-art-authority-v2,false,0.90,"Official Art audit source; exact page references, authority class, edition mapping, observations, and limitations are in data/staging/g1/art-evidence-manifest.csv"
ev-g1-art-mob-psycho-100,mob-psycho-100,work,mob-psycho-100,publisher,https://e-comi.shogakukan.co.jp/viewer/speedreader?cid=091241020000d0000000&u0=1,2026-08-11T11:30:00+09:00,g1-art-authority-v2,false,0.90,"Official Art audit source; exact page references, authority class, edition mapping, observations, and limitations are in data/staging/g1/art-evidence-manifest.csv"
ev-g1-art-natsumes-book-of-friends,natsumes-book-of-friends,work,natsumes-book-of-friends,manual,https://manga-park.com/title/14363,2026-08-11T11:30:00+09:00,g1-art-authority-v2,false,0.90,"Official Art audit source; exact page references, authority class, edition mapping, observations, and limitations are in data/staging/g1/art-evidence-manifest.csv"
ev-g1-art-march-comes-in-like-a-lion,march-comes-in-like-a-lion,work,march-comes-in-like-a-lion,publisher,http://www.hakusensha-e.net/enet_otameshi.php?bid=v-3lion_001&rurl=http://3lion.younganimal.com,2026-08-11T11:30:00+09:00,g1-art-authority-v2,false,0.90,"Official Art audit source; exact page references, authority class, edition mapping, observations, and limitations are in data/staging/g1/art-evidence-manifest.csv"
ev-g1-art-a-silent-voice,a-silent-voice,work,a-silent-voice,manual,https://comic-days.com/episode/10834108156636913658,2026-08-11T11:30:00+09:00,g1-art-authority-v2,false,0.90,"Official Art audit source; exact page references, authority class, edition mapping, observations, and limitations are in data/staging/g1/art-evidence-manifest.csv"
ev-g1-art-your-lie-in-april,your-lie-in-april,work,your-lie-in-april,publisher,https://www.kodansha.co.jp/comic/products/0000043314/trial,2026-08-11T11:30:00+09:00,g1-art-authority-v2,false,0.90,"Official Art audit source; exact page references, authority class, edition mapping, observations, and limitations are in data/staging/g1/art-evidence-manifest.csv"
ev-g1-art-kaguya-sama,kaguya-sama,work,kaguya-sama,publisher,https://www.s-manga.net/reader/main.php?cid=9784088904320,2026-08-11T11:30:00+09:00,g1-art-authority-v2,false,0.90,"Official Art audit source; exact page references, authority class, edition mapping, observations, and limitations are in data/staging/g1/art-evidence-manifest.csv"
ev-g1-art-horimiya,horimiya,work,horimiya,publisher,https://magazine.jp.square-enix.com/gfantasy/tcym/horimiya_01/,2026-08-11T11:30:00+09:00,g1-art-authority-v2,false,0.90,"Official Art audit source; exact page references, authority class, edition mapping, observations, and limitations are in data/staging/g1/art-evidence-manifest.csv"
ev-g1-art-kimi-ni-todoke,kimi-ni-todoke,work,kimi-ni-todoke,publisher,https://www.s-manga.net/reader/main.php?cid=4088460618,2026-08-11T11:30:00+09:00,g1-art-authority-v2,false,0.90,"Official Art audit source; exact page references, authority class, edition mapping, observations, and limitations are in data/staging/g1/art-evidence-manifest.csv"
ev-g1-art-nana,nana,work,nana,publisher,https://www.s-manga.net/reader/main.php?cid=4088562097,2026-08-11T11:30:00+09:00,g1-art-authority-v2,false,0.90,"Official Art audit source; exact page references, authority class, edition mapping, observations, and limitations are in data/staging/g1/art-evidence-manifest.csv"
ev-g1-art-skip-and-loafer,skip-and-loafer,work,skip-and-loafer,publisher,https://www.kodansha.co.jp/comic/products/0000318780/trial,2026-08-11T11:30:00+09:00,g1-art-authority-v2,false,0.90,"Official Art audit source; exact page references, authority class, edition mapping, observations, and limitations are in data/staging/g1/art-evidence-manifest.csv"
ev-g1-art-bocchi-the-rock,bocchi-the-rock,work,bocchi-the-rock,manual,https://comic-fuz.com/manga/viewer/24407,2026-08-11T11:30:00+09:00,g1-art-authority-v2,false,0.90,"Official Art audit source; exact page references, authority class, edition mapping, observations, and limitations are in data/staging/g1/art-evidence-manifest.csv"
ev-g1-art-haikyu,haikyu,work,haikyu,publisher,https://www.s-manga.net/reader/main.php?cid=9784088704531,2026-08-11T11:30:00+09:00,g1-art-authority-v2,false,0.90,"Official Art audit source; exact page references, authority class, edition mapping, observations, and limitations are in data/staging/g1/art-evidence-manifest.csv"
ev-g1-art-hajime-no-ippo,hajime-no-ippo,work,hajime-no-ippo,manual,https://pocket.shonenmagazine.com/title/01291/episode/315412,2026-08-11T11:30:00+09:00,g1-art-authority-v2,false,0.90,"Official Art audit source; exact page references, authority class, edition mapping, observations, and limitations are in data/staging/g1/art-evidence-manifest.csv"
ev-g1-replacement-beyond-the-clouds,beyond-the-clouds,work,beyond-the-clouds,publisher,https://www.kodansha.co.jp/comic/products/0000369210,2026-08-11T11:30:00+09:00,g1-replacement-bibliography-v1,false,0.98,Official Kodansha Japanese standard-volume bibliography; volumes 2 and 3 are products 0000369211 and 0000369212; the licensed reader edition is recorded separately
blind-replacement-v1-reconciled-beyond-the-clouds,beyond-the-clouds,work,beyond-the-clouds,model,https://kodansha.us/series/beyond-the-clouds/,2026-08-11T11:30:00+09:00,blind-replacement-v1-reconciled,false,0.85,"Reconciled blind model annotation for 13 non-Art axes and four themes; Art, market, popularity, reviews, and recommendation outputs were excluded"
ev-g1-art-beyond-the-clouds,beyond-the-clouds,work,beyond-the-clouds,manual,https://kodansha.us/series/beyond-the-clouds/,2026-08-11T11:30:00+09:00,g1-art-authority-v2,false,0.90,"Licensed Art audit source; exact page references, authority class, edition crosswalk, observations, and limitations are in data/staging/g1/art-evidence-manifest.csv"
ev-g1-replacement-noragami-stray-god,noragami-stray-god,work,noragami-stray-god,publisher,https://www.kodansha.co.jp/comic/products/0000043308,2026-08-11T11:30:00+09:00,g1-replacement-bibliography-v1,false,0.99,Official Kodansha Japanese standard-volume bibliography; volumes 2 and 3 are products 0000043321 and 0000043336; the licensed reader edition is recorded separately
blind-replacement-v1-reconciled-noragami-stray-god,noragami-stray-god,work,noragami-stray-god,model,https://kodansha.us/series/noragami-stray-god/,2026-08-11T11:30:00+09:00,blind-replacement-v1-reconciled,false,0.85,"Reconciled blind model annotation for 13 non-Art axes and three themes; Art, market, popularity, reviews, and recommendation outputs were excluded"
ev-g1-art-noragami-stray-god,noragami-stray-god,work,noragami-stray-god,manual,https://kodansha.us/series/noragami-stray-god/,2026-08-11T11:30:00+09:00,g1-art-authority-v2,false,0.90,"Licensed Art audit source; exact page references, authority class, edition crosswalk, observations, and limitations are in data/staging/g1/art-evidence-manifest.csv"
ev-g1-adjudicated-jojo-bizarre-adventure,jojo-bizarre-adventure,work,jojo-bizarre-adventure,model,https://books.shueisha.co.jp/items/contents.html?isbn=4-08-851126-3,2026-08-11T18:11:00+09:00,full-evidence-adjudication-v1,false,0.88,전체 공식 진입 범위 근거와 필드별 판정은 data/staging/g1/blind-retag/adjudicated/adjudication.md 참조
ev-g1-adjudicated-berserk,berserk,work,berserk,model,https://www.hakusensha.co.jp/comicslist/40773/,2026-08-11T18:11:00+09:00,full-evidence-adjudication-v1,false,0.90,전체 공식 진입 범위 근거와 필드별 판정은 data/staging/g1/blind-retag/adjudicated/adjudication.md 참조
ev-g1-adjudicated-dr-stone,dr-stone,work,dr-stone,model,https://books.shueisha.co.jp/items/contents.html?isbn=978-4-08-881184-0,2026-08-11T18:11:00+09:00,full-evidence-adjudication-v1,false,0.94,전체 공식 진입 범위 근거와 필드별 판정은 data/staging/g1/blind-retag/adjudicated/adjudication.md 참조
ev-g1-adjudicated-20th-century-boys,20th-century-boys,work,20th-century-boys,model,https://shogakukan-comic.jp/book?isbn=9784091855312,2026-08-11T18:11:00+09:00,full-evidence-adjudication-v1,false,0.90,전체 공식 진입 범위 근거와 필드별 판정은 data/staging/g1/blind-retag/adjudicated/adjudication.md 참조
ev-g1-adjudicated-dungeon-meshi,dungeon-meshi,work,dungeon-meshi,model,https://www.kadokawa.co.jp/product/301411000826/,2026-08-11T18:11:00+09:00,full-evidence-adjudication-v1,false,0.94,전체 공식 진입 범위 근거와 필드별 판정은 data/staging/g1/blind-retag/adjudicated/adjudication.md 참조
ev-g1-adjudicated-kingdom,kingdom,work,kingdom,model,https://books.shueisha.co.jp/items/contents.html?jdcn=08877079877079315501,2026-08-11T18:11:00+09:00,full-evidence-adjudication-v1,false,0.94,전체 공식 진입 범위 근거와 필드별 판정은 data/staging/g1/blind-retag/adjudicated/adjudication.md 참조
ev-g1-adjudicated-bocchi-the-rock,bocchi-the-rock,work,bocchi-the-rock,model,https://houbunsha.co.jp/comics/detail.php?current=2&p=%25A4%25DC%25A4%25C3%25A4%25C1%25A1%25A6%25A4%25B6%25A1%25A6%25A4%25ED%25A4%25C3%25A4%25AF%25A1%25AA,2026-08-11T18:11:00+09:00,full-evidence-adjudication-v1,false,0.90,전체 공식 진입 범위 근거와 필드별 판정은 data/staging/g1/blind-retag/adjudicated/adjudication.md 참조
ev-g1-adjudicated-monster,monster,work,monster,model,https://shogakukan-comic.jp/book?isbn=9784091836519,2026-08-11T18:11:00+09:00,full-evidence-adjudication-v1,false,0.86,전체 공식 진입 범위 근거와 필드별 판정은 data/staging/g1/blind-retag/adjudicated/adjudication.md 참조
ev-g1-adjudicated-blue-lock,blue-lock,work,blue-lock,model,https://www.kodansha.co.jp/r/comic/product?item=0000314505,2026-08-11T18:11:00+09:00,full-evidence-adjudication-v1,false,0.94,전체 공식 진입 범위 근거와 필드별 판정은 data/staging/g1/blind-retag/adjudicated/adjudication.md 참조
ev-g2-reuse-bib-chis-sweet-adventures,chis-sweet-adventures,work,chis-sweet-adventures,publisher,https://www.kodansha.co.jp/titles/1000029199,2026-08-12T13:03:32+09:00,manual-web-v1,false,0.99,Official Kodansha title and representative Volume 1 metadata checked; product 0000048116. No admission review implied.
blind-replacement-v1-reconciled-chis-sweet-adventures,chis-sweet-adventures,work,chis-sweet-adventures,model,https://kodansha.us/book/chis-sweet-adventures/,2026-08-11T10:51:59+09:00,blind-replacement-v1-reconciled,false,0.85,"Frozen G1 replacement blind outputs reconciled across model runs; supplies 13 non-Art axes, genres, and themes; no human review."
ev-g2-reuse-art-chis-sweet-adventures,chis-sweet-adventures,work,chis-sweet-adventures,manual,https://kodansha.us/book/chis-sweet-adventures/,2026-08-12T13:03:32+09:00,g2-reuse-eight-art-v1,false,0.82,Publisher-authorized licensed Volume 1 interior preview inspected at exact reader references recorded in art-evidence-manifest.csv; model observation pending panel or human review.
ev-g2-reuse-bib-lovely-muco,lovely-muco,work,lovely-muco,publisher,https://www.kodansha.co.jp/comic/products/0000038806,2026-08-12T13:03:32+09:00,manual-web-v1,false,0.99,Official Kodansha title or volume metadata checked; entry volumes: 0000038806; 0000038822; 0000038846. No admission review implied.
blind-replacement-v1-reconciled-lovely-muco,lovely-muco,work,lovely-muco,model,https://kodansha.us/series/lovely-muco/,2026-08-11T10:51:59+09:00,blind-replacement-v1-reconciled,false,0.85,"Frozen G1 replacement blind outputs reconciled across model runs; supplies 13 non-Art axes, genres, and themes; no human review."
ev-g2-reuse-art-lovely-muco,lovely-muco,work,lovely-muco,manual,https://kodansha.us/series/lovely-muco/,2026-08-12T13:03:32+09:00,g2-reuse-eight-art-v1,false,0.82,Publisher-authorized licensed Volume 1 interior preview inspected at exact reader references recorded in art-evidence-manifest.csv; model observation pending panel or human review.
ev-g2-reuse-bib-penguin-and-house,penguin-and-house,work,penguin-and-house,publisher,https://www.kodansha.co.jp/comic/products/0000328349,2026-08-12T13:03:32+09:00,manual-web-v1,false,0.99,Official Kodansha title or volume metadata checked; entry volumes: 0000328349; 0000341341; 0000344743. No admission review implied.
blind-replacement-v1-reconciled-penguin-and-house,penguin-and-house,work,penguin-and-house,model,https://kodansha.us/series/penguin-and-house/,2026-08-11T10:51:59+09:00,blind-replacement-v1-reconciled,false,0.85,"Frozen G1 replacement blind outputs reconciled across model runs; supplies 13 non-Art axes, genres, and themes; no human review."
ev-g2-reuse-art-penguin-and-house,penguin-and-house,work,penguin-and-house,manual,https://kodansha.us/series/penguin-and-house/,2026-08-12T13:03:32+09:00,g2-reuse-eight-art-v1,false,0.82,Publisher-authorized licensed Volume 1 interior preview inspected at exact reader references recorded in art-evidence-manifest.csv; model observation pending panel or human review.
ev-g2-reuse-bib-sheetas-little-big-world,sheetas-little-big-world,work,sheetas-little-big-world,publisher,https://www.kodansha.co.jp/titles/1000042558,2026-08-12T13:03:32+09:00,manual-web-v1,false,0.99,Official Kodansha title or volume metadata checked; entry volumes: 0000366420; 0000370059; 0000374346. No admission review implied.
blind-replacement-v1-reconciled-sheetas-little-big-world,sheetas-little-big-world,work,sheetas-little-big-world,model,https://kodansha.us/series/sheetas-little-big-world/,2026-08-11T10:51:59+09:00,blind-replacement-v1-reconciled,false,0.85,"Frozen G1 replacement blind outputs reconciled across model runs; supplies 13 non-Art axes, genres, and themes; no human review."
ev-g2-reuse-art-sheetas-little-big-world,sheetas-little-big-world,work,sheetas-little-big-world,manual,https://kodansha.us/series/sheetas-little-big-world/,2026-08-12T13:03:32+09:00,g2-reuse-eight-art-v1,false,0.82,Publisher-authorized licensed Volume 1 interior preview inspected at exact reader references recorded in art-evidence-manifest.csv; model observation pending panel or human review.
ev-g2-reuse-bib-fairy-tail,fairy-tail,work,fairy-tail,publisher,https://www.kodansha.co.jp/comic/products/0000012163,2026-08-12T13:03:32+09:00,manual-web-v1,false,0.99,Official Kodansha title or volume metadata checked; entry volumes: 0000012163; 0000012174; 0000012201. No admission review implied.
blind-replacement-v1-reconciled-fairy-tail,fairy-tail,work,fairy-tail,model,https://kodansha.us/series/fairy-tail/,2026-08-11T10:51:59+09:00,blind-replacement-v1-reconciled,false,0.85,"Frozen G1 replacement blind outputs reconciled across model runs; supplies 13 non-Art axes, genres, and themes; no human review."
ev-g2-reuse-art-fairy-tail,fairy-tail,work,fairy-tail,manual,https://kodansha.us/series/fairy-tail/,2026-08-12T13:03:32+09:00,g2-reuse-eight-art-v1,false,0.82,Publisher-authorized licensed Volume 1 interior preview inspected at exact reader references recorded in art-evidence-manifest.csv; model observation pending panel or human review.
ev-g2-reuse-bib-fire-force,fire-force,work,fire-force,publisher,https://www.kodansha.co.jp/titles/1000026722,2026-08-12T13:03:32+09:00,manual-web-v1,false,0.99,Official Kodansha title or volume metadata checked; entry volumes: 0000019629; 0000019707; 0000019759. No admission review implied.
blind-replacement-v1-reconciled-fire-force,fire-force,work,fire-force,model,https://kodansha.us/series/fire-force/,2026-08-11T10:51:59+09:00,blind-replacement-v1-reconciled,false,0.85,"Frozen G1 replacement blind outputs reconciled across model runs; supplies 13 non-Art axes, genres, and themes; no human review."
ev-g2-reuse-art-fire-force,fire-force,work,fire-force,manual,https://kodansha.us/series/fire-force/,2026-08-12T13:03:32+09:00,g2-reuse-eight-art-v1,false,0.82,Publisher-authorized licensed Volume 1 interior preview inspected at exact reader references recorded in art-evidence-manifest.csv; model observation pending panel or human review.
ev-g2-reuse-bib-the-seven-deadly-sins,the-seven-deadly-sins,work,the-seven-deadly-sins,publisher,https://www.kodansha.co.jp/comic/products/0000017583,2026-08-12T13:03:32+09:00,manual-web-v1,false,0.99,Official Kodansha title or volume metadata checked; entry volumes: 0000017583; 0000017633; 0000017665. No admission review implied.
blind-replacement-v1-reconciled-the-seven-deadly-sins,the-seven-deadly-sins,work,the-seven-deadly-sins,model,https://kodansha.us/series/the-seven-deadly-sins/,2026-08-11T10:51:59+09:00,blind-replacement-v1-reconciled,false,0.85,"Frozen G1 replacement blind outputs reconciled across model runs; supplies 13 non-Art axes, genres, and themes; no human review."
ev-g2-reuse-art-the-seven-deadly-sins,the-seven-deadly-sins,work,the-seven-deadly-sins,manual,https://kodansha.us/series/the-seven-deadly-sins/,2026-08-12T13:03:32+09:00,g2-reuse-eight-art-v1,false,0.82,Publisher-authorized licensed Volume 1 interior preview inspected at exact reader references recorded in art-evidence-manifest.csv; model observation pending panel or human review.
ev-g2-reuse-bib-tokyo-revengers,tokyo-revengers,work,tokyo-revengers,publisher,https://www.kodansha.co.jp/titles/1000029348,2026-08-12T13:03:32+09:00,manual-web-v1,false,0.99,Official Kodansha title or volume metadata checked; entry volumes: 0000019996; 0000022888; 0000023042. No admission review implied.
blind-replacement-v1-reconciled-tokyo-revengers,tokyo-revengers,work,tokyo-revengers,model,https://kodansha.us/series/tokyo-revengers/,2026-08-11T10:51:59+09:00,blind-replacement-v1-reconciled,false,0.85,"Frozen G1 replacement blind outputs reconciled across model runs; supplies 13 non-Art axes, genres, and themes; no human review."
ev-g2-reuse-art-tokyo-revengers,tokyo-revengers,work,tokyo-revengers,manual,https://kodansha.us/series/tokyo-revengers/,2026-08-12T13:03:32+09:00,g2-reuse-eight-art-v1,false,0.82,Publisher-authorized licensed Volume 1 interior preview inspected at exact reader references recorded in art-evidence-manifest.csv; model observation pending panel or human review.
ev-g2-fresh-a-bib-medalist,medalist,work,medalist,publisher,https://www.kodansha.co.jp/comic/products/0000344550,2026-08-12T09:30:00+09:00,g2-fresh-a-bibliography-v1,false,0.98,2026-08-12 기준 1차 출판사 서지와 대표 1권 ISBN을 대조한 근거; 패널 검수 전
ev-g2-fresh-a-annotation-medalist,medalist,work,medalist,model,https://www.kodansha.co.jp/comic/products/0000344550/trial,2026-08-12T10:00:00+09:00,g2-fresh-a-entry-annotation-v1,false,0.82,공식 소개와 초반 1~3권 범위의 합법적 미리보기를 대조한 오프라인 모델 초벌 주석; 사람 또는 승인 패널 검수 전
ev-g2-fresh-a-art-medalist,medalist,work,medalist,publisher,https://www.kodansha.co.jp/comic/products/0000344550/trial,2026-08-12T10:30:00+09:00,g2-fresh-a-art-observation-v1,false,0.86,Edge CDP로 공식 또는 출판사 연결 라이선스 내부 페이지 6쪽 이상과 2개 이상 맥락을 직접 관찰한 모델 초벌 Art 근거; exact refs는 art-evidence-manifest.csv에 기록; 사람 검수 전
ev-g2-fresh-a-bib-chihayafuru,chihayafuru,work,chihayafuru,publisher,https://www.kodansha.co.jp/comic/products/0000031259,2026-08-12T09:30:00+09:00,g2-fresh-a-bibliography-v1,false,0.98,2026-08-12 기준 1차 출판사 서지와 대표 1권 ISBN을 대조한 근거; 패널 검수 전
ev-g2-fresh-a-annotation-chihayafuru,chihayafuru,work,chihayafuru,model,https://www.kodansha.co.jp/comic/products/0000031259/trial,2026-08-12T10:00:00+09:00,g2-fresh-a-entry-annotation-v1,false,0.82,공식 소개와 초반 1~3권 범위의 합법적 미리보기를 대조한 오프라인 모델 초벌 주석; 사람 또는 승인 패널 검수 전
ev-g2-fresh-a-art-chihayafuru,chihayafuru,work,chihayafuru,publisher,https://www.kodansha.co.jp/comic/products/0000031259/trial,2026-08-12T10:30:00+09:00,g2-fresh-a-art-observation-v1,false,0.86,Edge CDP로 공식 또는 출판사 연결 라이선스 내부 페이지 6쪽 이상과 2개 이상 맥락을 직접 관찰한 모델 초벌 Art 근거; exact refs는 art-evidence-manifest.csv에 기록; 사람 검수 전
ev-g2-fresh-a-bib-that-time-i-got-reincarnated-as-a-slime,that-time-i-got-reincarnated-as-a-slime,work,that-time-i-got-reincarnated-as-a-slime,publisher,https://www.kodansha.co.jp/comic/products/0000045267,2026-08-12T09:30:00+09:00,g2-fresh-a-bibliography-v1,false,0.98,2026-08-12 기준 1차 출판사 서지와 대표 1권 ISBN을 대조한 근거; 패널 검수 전
ev-g2-fresh-a-annotation-that-time-i-got-reincarnated-as-a-slime,that-time-i-got-reincarnated-as-a-slime,work,that-time-i-got-reincarnated-as-a-slime,model,https://www.kodansha.co.jp/comic/products/0000045267/trial,2026-08-12T10:00:00+09:00,g2-fresh-a-entry-annotation-v1,false,0.82,공식 소개와 초반 1~3권 범위의 합법적 미리보기를 대조한 오프라인 모델 초벌 주석; 사람 또는 승인 패널 검수 전
ev-g2-fresh-a-art-that-time-i-got-reincarnated-as-a-slime,that-time-i-got-reincarnated-as-a-slime,work,that-time-i-got-reincarnated-as-a-slime,publisher,https://www.kodansha.co.jp/comic/products/0000045267/trial,2026-08-12T10:30:00+09:00,g2-fresh-a-art-observation-v1,false,0.86,Edge CDP로 공식 또는 출판사 연결 라이선스 내부 페이지 6쪽 이상과 2개 이상 맥락을 직접 관찰한 모델 초벌 Art 근거; exact refs는 art-evidence-manifest.csv에 기록; 사람 검수 전
ev-g2-fresh-a-bib-welcome-to-the-ballroom,welcome-to-the-ballroom,work,welcome-to-the-ballroom,publisher,https://www.kodansha.co.jp/comic/products/0000043342,2026-08-12T09:30:00+09:00,g2-fresh-a-bibliography-v1,false,0.98,2026-08-12 기준 1차 출판사 서지와 대표 1권 ISBN을 대조한 근거; 패널 검수 전
ev-g2-fresh-a-annotation-welcome-to-the-ballroom,welcome-to-the-ballroom,work,welcome-to-the-ballroom,model,https://www.kodansha.co.jp/comic/products/0000043342/trial,2026-08-12T10:00:00+09:00,g2-fresh-a-entry-annotation-v1,false,0.82,공식 소개와 초반 1~3권 범위의 합법적 미리보기를 대조한 오프라인 모델 초벌 주석; 사람 또는 승인 패널 검수 전
ev-g2-fresh-a-art-welcome-to-the-ballroom,welcome-to-the-ballroom,work,welcome-to-the-ballroom,publisher,https://www.kodansha.co.jp/comic/products/0000043342/trial,2026-08-12T10:30:00+09:00,g2-fresh-a-art-observation-v1,false,0.86,Edge CDP로 공식 또는 출판사 연결 라이선스 내부 페이지 6쪽 이상과 2개 이상 맥락을 직접 관찰한 모델 초벌 Art 근거; exact refs는 art-evidence-manifest.csv에 기록; 사람 검수 전
ev-g2-fresh-a-bib-a-sign-of-affection,a-sign-of-affection,work,a-sign-of-affection,publisher,https://www.kodansha.co.jp/comic/products/0000327361,2026-08-12T09:30:00+09:00,g2-fresh-a-bibliography-v1,false,0.98,2026-08-12 기준 1차 출판사 서지와 대표 1권 ISBN을 대조한 근거; 패널 검수 전
ev-g2-fresh-a-annotation-a-sign-of-affection,a-sign-of-affection,work,a-sign-of-affection,model,https://www.kodansha.co.jp/comic/products/0000327361/trial,2026-08-12T10:00:00+09:00,g2-fresh-a-entry-annotation-v1,false,0.82,공식 소개와 초반 1~3권 범위의 합법적 미리보기를 대조한 오프라인 모델 초벌 주석; 사람 또는 승인 패널 검수 전
ev-g2-fresh-a-art-a-sign-of-affection,a-sign-of-affection,work,a-sign-of-affection,publisher,https://www.kodansha.co.jp/comic/products/0000327361/trial,2026-08-12T10:30:00+09:00,g2-fresh-a-art-observation-v1,false,0.86,Edge CDP로 공식 또는 출판사 연결 라이선스 내부 페이지 6쪽 이상과 2개 이상 맥락을 직접 관찰한 모델 초벌 Art 근거; exact refs는 art-evidence-manifest.csv에 기록; 사람 검수 전
ev-g2-fresh-a-bib-heavenly-delusion,heavenly-delusion,work,heavenly-delusion,publisher,https://www.kodansha.co.jp/comic/products/0000311498,2026-08-12T09:30:00+09:00,g2-fresh-a-bibliography-v1,false,0.98,2026-08-12 기준 1차 출판사 서지와 대표 1권 ISBN을 대조한 근거; 패널 검수 전
ev-g2-fresh-a-annotation-heavenly-delusion,heavenly-delusion,work,heavenly-delusion,model,https://www.kodansha.co.jp/comic/products/0000311498/trial,2026-08-12T10:00:00+09:00,g2-fresh-a-entry-annotation-v1,false,0.82,공식 소개와 초반 1~3권 범위의 합법적 미리보기를 대조한 오프라인 모델 초벌 주석; 사람 또는 승인 패널 검수 전
ev-g2-fresh-a-art-heavenly-delusion,heavenly-delusion,work,heavenly-delusion,publisher,https://www.kodansha.co.jp/comic/products/0000311498/trial,2026-08-12T10:30:00+09:00,g2-fresh-a-art-observation-v1,false,0.86,Edge CDP로 공식 또는 출판사 연결 라이선스 내부 페이지 6쪽 이상과 2개 이상 맥락을 직접 관찰한 모델 초벌 Art 근거; exact refs는 art-evidence-manifest.csv에 기록; 사람 검수 전
ev-g2-fresh-a-bib-ajin,ajin,work,ajin,publisher,https://www.kodansha.co.jp/comic/products/0000047229,2026-08-12T09:30:00+09:00,g2-fresh-a-bibliography-v1,false,0.98,2026-08-12 기준 1차 출판사 서지와 대표 1권 ISBN을 대조한 근거; 패널 검수 전
ev-g2-fresh-a-annotation-ajin,ajin,work,ajin,model,https://www.kodansha.co.jp/comic/products/0000047229/trial,2026-08-12T10:00:00+09:00,g2-fresh-a-entry-annotation-v1,false,0.82,공식 소개와 초반 1~3권 범위의 합법적 미리보기를 대조한 오프라인 모델 초벌 주석; 사람 또는 승인 패널 검수 전
ev-g2-fresh-a-art-ajin,ajin,work,ajin,publisher,https://www.kodansha.co.jp/comic/products/0000047229/trial,2026-08-12T10:30:00+09:00,g2-fresh-a-art-observation-v1,false,0.86,Edge CDP로 공식 또는 출판사 연결 라이선스 내부 페이지 6쪽 이상과 2개 이상 맥락을 직접 관찰한 모델 초벌 Art 근거; exact refs는 art-evidence-manifest.csv에 기록; 사람 검수 전
ev-g2-fresh-a-bib-historie,historie,work,historie,publisher,https://www.kodansha.co.jp/comic/products/0000030267,2026-08-12T09:30:00+09:00,g2-fresh-a-bibliography-v1,false,0.98,2026-08-12 기준 1차 출판사 서지와 대표 1권 ISBN을 대조한 근거; 패널 검수 전
ev-g2-fresh-a-annotation-historie,historie,work,historie,model,https://www.kodansha.co.jp/comic/products/0000030267/trial,2026-08-12T10:00:00+09:00,g2-fresh-a-entry-annotation-v1,false,0.82,공식 소개와 초반 1~3권 범위의 합법적 미리보기를 대조한 오프라인 모델 초벌 주석; 사람 또는 승인 패널 검수 전
ev-g2-fresh-a-art-historie,historie,work,historie,publisher,https://www.kodansha.co.jp/comic/products/0000030267/trial,2026-08-12T10:30:00+09:00,g2-fresh-a-art-observation-v1,false,0.86,Edge CDP로 공식 또는 출판사 연결 라이선스 내부 페이지 6쪽 이상과 2개 이상 맥락을 직접 관찰한 모델 초벌 Art 근거; exact refs는 art-evidence-manifest.csv에 기록; 사람 검수 전
ev-g2-fresh-a-bib-what-did-you-eat-yesterday,what-did-you-eat-yesterday,work,what-did-you-eat-yesterday,publisher,https://www.kodansha.co.jp/comic/products/0000013776,2026-08-12T09:30:00+09:00,g2-fresh-a-bibliography-v1,false,0.98,2026-08-12 기준 1차 출판사 서지와 대표 1권 ISBN을 대조한 근거; 패널 검수 전
ev-g2-fresh-a-annotation-what-did-you-eat-yesterday,what-did-you-eat-yesterday,work,what-did-you-eat-yesterday,model,https://www.kodansha.co.jp/comic/products/0000013776/trial,2026-08-12T10:00:00+09:00,g2-fresh-a-entry-annotation-v1,false,0.82,공식 소개와 초반 1~3권 범위의 합법적 미리보기를 대조한 오프라인 모델 초벌 주석; 사람 또는 승인 패널 검수 전
ev-g2-fresh-a-art-what-did-you-eat-yesterday,what-did-you-eat-yesterday,work,what-did-you-eat-yesterday,publisher,https://www.kodansha.co.jp/comic/products/0000013776/trial,2026-08-12T10:30:00+09:00,g2-fresh-a-art-observation-v1,false,0.86,Edge CDP로 공식 또는 출판사 연결 라이선스 내부 페이지 6쪽 이상과 2개 이상 맥락을 직접 관찰한 모델 초벌 Art 근거; exact refs는 art-evidence-manifest.csv에 기록; 사람 검수 전
ev-g2-fresh-a-bib-the-full-time-wife-escapist,the-full-time-wife-escapist,work,the-full-time-wife-escapist,publisher,https://www.kodansha.co.jp/comic/products/0000036370,2026-08-12T09:30:00+09:00,g2-fresh-a-bibliography-v1,false,0.98,2026-08-12 기준 1차 출판사 서지와 대표 1권 ISBN을 대조한 근거; 패널 검수 전
ev-g2-fresh-a-annotation-the-full-time-wife-escapist,the-full-time-wife-escapist,work,the-full-time-wife-escapist,model,https://www.kodansha.co.jp/comic/products/0000036370/trial,2026-08-12T10:00:00+09:00,g2-fresh-a-entry-annotation-v1,false,0.82,공식 소개와 초반 1~3권 범위의 합법적 미리보기를 대조한 오프라인 모델 초벌 주석; 사람 또는 승인 패널 검수 전
ev-g2-fresh-a-art-the-full-time-wife-escapist,the-full-time-wife-escapist,work,the-full-time-wife-escapist,publisher,https://www.kodansha.co.jp/comic/products/0000036370/trial,2026-08-12T10:30:00+09:00,g2-fresh-a-art-observation-v1,false,0.86,Edge CDP로 공식 또는 출판사 연결 라이선스 내부 페이지 6쪽 이상과 2개 이상 맥락을 직접 관찰한 모델 초벌 Art 근거; exact refs는 art-evidence-manifest.csv에 기록; 사람 검수 전
ev-g2-fresh-a-bib-dance-dance-danseur,dance-dance-danseur,work,dance-dance-danseur,publisher,https://shogakukan-comic.jp/book?isbn=9784091874498,2026-08-12T09:30:00+09:00,g2-fresh-a-bibliography-v1,false,0.98,2026-08-12 기준 1차 출판사 서지와 대표 1권 ISBN을 대조한 근거; 패널 검수 전
ev-g2-fresh-a-annotation-dance-dance-danseur,dance-dance-danseur,work,dance-dance-danseur,model,https://e-comi.shogakukan.co.jp/viewer/open?jdcn=091874490000d0000000,2026-08-12T10:00:00+09:00,g2-fresh-a-entry-annotation-v1,false,0.82,공식 소개와 초반 1~3권 범위의 합법적 미리보기를 대조한 오프라인 모델 초벌 주석; 사람 또는 승인 패널 검수 전
ev-g2-fresh-a-art-dance-dance-danseur,dance-dance-danseur,work,dance-dance-danseur,publisher,https://e-comi.shogakukan.co.jp/viewer/open?jdcn=091874490000d0000000,2026-08-12T10:30:00+09:00,g2-fresh-a-art-observation-v1,false,0.86,Edge CDP로 공식 또는 출판사 연결 라이선스 내부 페이지 6쪽 이상과 2개 이상 맥락을 직접 관찰한 모델 초벌 Art 근거; exact refs는 art-evidence-manifest.csv에 기록; 사람 검수 전
ev-g2-fresh-a-bib-chi-on-the-movements-of-the-earth,chi-on-the-movements-of-the-earth,work,chi-on-the-movements-of-the-earth,publisher,https://shogakukan-comic.jp/book?isbn=9784098607785,2026-08-12T09:30:00+09:00,g2-fresh-a-bibliography-v1,false,0.98,2026-08-12 기준 1차 출판사 서지와 대표 1권 ISBN을 대조한 근거; 패널 검수 전
ev-g2-fresh-a-annotation-chi-on-the-movements-of-the-earth,chi-on-the-movements-of-the-earth,work,chi-on-the-movements-of-the-earth,model,https://e-comi.shogakukan.co.jp/viewer/open?jdcn=098607780000d0000000,2026-08-12T10:00:00+09:00,g2-fresh-a-entry-annotation-v1,false,0.82,공식 소개와 초반 1~3권 범위의 합법적 미리보기를 대조한 오프라인 모델 초벌 주석; 사람 또는 승인 패널 검수 전
ev-g2-fresh-a-art-chi-on-the-movements-of-the-earth,chi-on-the-movements-of-the-earth,work,chi-on-the-movements-of-the-earth,publisher,https://e-comi.shogakukan.co.jp/viewer/open?jdcn=098607780000d0000000,2026-08-12T10:30:00+09:00,g2-fresh-a-art-observation-v1,false,0.86,Edge CDP로 공식 또는 출판사 연결 라이선스 내부 페이지 6쪽 이상과 2개 이상 맥락을 직접 관찰한 모델 초벌 Art 근거; exact refs는 art-evidence-manifest.csv에 기록; 사람 검수 전
ev-g2-fresh-a-bib-mystery-to-iu-nakare,mystery-to-iu-nakare,work,mystery-to-iu-nakare,publisher,https://shogakukan-comic.jp/book?isbn=9784098700295,2026-08-12T09:30:00+09:00,g2-fresh-a-bibliography-v1,false,0.98,2026-08-12 기준 1차 출판사 서지와 대표 1권 ISBN을 대조한 근거; 패널 검수 전
ev-g2-fresh-a-annotation-mystery-to-iu-nakare,mystery-to-iu-nakare,work,mystery-to-iu-nakare,model,https://e-comi.shogakukan.co.jp/viewer/open?jdcn=098700290000d0000000,2026-08-12T10:00:00+09:00,g2-fresh-a-entry-annotation-v1,false,0.82,공식 소개와 초반 1~3권 범위의 합법적 미리보기를 대조한 오프라인 모델 초벌 주석; 사람 또는 승인 패널 검수 전
ev-g2-fresh-a-art-mystery-to-iu-nakare,mystery-to-iu-nakare,work,mystery-to-iu-nakare,publisher,https://e-comi.shogakukan.co.jp/viewer/open?jdcn=098700290000d0000000,2026-08-12T10:30:00+09:00,g2-fresh-a-art-observation-v1,false,0.86,Edge CDP로 공식 또는 출판사 연결 라이선스 내부 페이지 6쪽 이상과 2개 이상 맥락을 직접 관찰한 모델 초벌 Art 근거; exact refs는 art-evidence-manifest.csv에 기록; 사람 검수 전
ev-g2-fresh-a-bib-aoashi,aoashi,work,aoashi,publisher,https://shogakukan-comic.jp/book?isbn=9784091868923,2026-08-12T09:30:00+09:00,g2-fresh-a-bibliography-v1,false,0.98,2026-08-12 기준 1차 출판사 서지와 대표 1권 ISBN을 대조한 근거; 패널 검수 전
ev-g2-fresh-a-annotation-aoashi,aoashi,work,aoashi,model,https://e-comi.shogakukan.co.jp/viewer/open?jdcn=091868920000d0000000,2026-08-12T10:00:00+09:00,g2-fresh-a-entry-annotation-v1,false,0.82,공식 소개와 초반 1~3권 범위의 합법적 미리보기를 대조한 오프라인 모델 초벌 주석; 사람 또는 승인 패널 검수 전
ev-g2-fresh-a-art-aoashi,aoashi,work,aoashi,publisher,https://e-comi.shogakukan.co.jp/viewer/open?jdcn=091868920000d0000000,2026-08-12T10:30:00+09:00,g2-fresh-a-art-observation-v1,false,0.86,Edge CDP로 공식 또는 출판사 연결 라이선스 내부 페이지 6쪽 이상과 2개 이상 맥락을 직접 관찰한 모델 초벌 Art 근거; exact refs는 art-evidence-manifest.csv에 기록; 사람 검수 전
ev-g2-fresh-a-bib-blood-on-the-tracks,blood-on-the-tracks,work,blood-on-the-tracks,publisher,https://shogakukan-comic.jp/book?isbn=9784091896230,2026-08-12T09:30:00+09:00,g2-fresh-a-bibliography-v1,false,0.98,2026-08-12 기준 1차 출판사 서지와 대표 1권 ISBN을 대조한 근거; 패널 검수 전
ev-g2-fresh-a-annotation-blood-on-the-tracks,blood-on-the-tracks,work,blood-on-the-tracks,model,https://e-comi.shogakukan.co.jp/viewer/open?jdcn=091896230000d0000000,2026-08-12T10:00:00+09:00,g2-fresh-a-entry-annotation-v1,false,0.82,공식 소개와 초반 1~3권 범위의 합법적 미리보기를 대조한 오프라인 모델 초벌 주석; 사람 또는 승인 패널 검수 전
ev-g2-fresh-a-art-blood-on-the-tracks,blood-on-the-tracks,work,blood-on-the-tracks,publisher,https://e-comi.shogakukan.co.jp/viewer/open?jdcn=091896230000d0000000,2026-08-12T10:30:00+09:00,g2-fresh-a-art-observation-v1,false,0.86,Edge CDP로 공식 또는 출판사 연결 라이선스 내부 페이지 6쪽 이상과 2개 이상 맥락을 직접 관찰한 모델 초벌 Art 근거; exact refs는 art-evidence-manifest.csv에 기록; 사람 검수 전
ev-g2-fresh-a-bib-7seeds,7seeds,work,7seeds,publisher,https://shogakukan-comic.jp/book?isbn=9784091380135,2026-08-12T09:30:00+09:00,g2-fresh-a-bibliography-v1,false,0.98,2026-08-12 기준 1차 출판사 서지와 대표 1권 ISBN을 대조한 근거; 패널 검수 전
ev-g2-fresh-a-annotation-7seeds,7seeds,work,7seeds,model,https://e-comi.shogakukan.co.jp/viewer/open?jdcn=091380130000d0000000,2026-08-12T10:00:00+09:00,g2-fresh-a-entry-annotation-v1,false,0.82,공식 소개와 초반 1~3권 범위의 합법적 미리보기를 대조한 오프라인 모델 초벌 주석; 사람 또는 승인 패널 검수 전
ev-g2-fresh-a-art-7seeds,7seeds,work,7seeds,publisher,https://e-comi.shogakukan.co.jp/viewer/open?jdcn=091380130000d0000000,2026-08-12T10:30:00+09:00,g2-fresh-a-art-observation-v1,false,0.86,Edge CDP로 공식 또는 출판사 연결 라이선스 내부 페이지 6쪽 이상과 2개 이상 맥락을 직접 관찰한 모델 초벌 Art 근거; exact refs는 art-evidence-manifest.csv에 기록; 사람 검수 전
ev-g2-fresh-a-bib-mieruko-chan,mieruko-chan,work,mieruko-chan,publisher,https://www.kadokawa.co.jp/product/321812000327/,2026-08-12T09:30:00+09:00,g2-fresh-a-bibliography-v1,false,0.98,2026-08-12 기준 1차 출판사 서지와 대표 1권 ISBN을 대조한 근거; 패널 검수 전
ev-g2-fresh-a-annotation-mieruko-chan,mieruko-chan,work,mieruko-chan,model,https://comic-walker.com/detail/KC_003960_S/episodes/KC_0039600000100011_E,2026-08-12T10:00:00+09:00,g2-fresh-a-entry-annotation-v1,false,0.82,공식 소개와 초반 1~3권 범위의 합법적 미리보기를 대조한 오프라인 모델 초벌 주석; 사람 또는 승인 패널 검수 전
ev-g2-fresh-a-art-mieruko-chan,mieruko-chan,work,mieruko-chan,publisher,https://comic-walker.com/detail/KC_003960_S/episodes/KC_0039600000100011_E,2026-08-12T10:30:00+09:00,g2-fresh-a-art-observation-v1,false,0.86,Edge CDP로 공식 또는 출판사 연결 라이선스 내부 페이지 6쪽 이상과 2개 이상 맥락을 직접 관찰한 모델 초벌 Art 근거; exact refs는 art-evidence-manifest.csv에 기록; 사람 검수 전
ev-g2-fresh-a-bib-the-summer-hikaru-died,the-summer-hikaru-died,work,the-summer-hikaru-died,publisher,https://www.kadokawa.co.jp/product/322110000778/,2026-08-12T09:30:00+09:00,g2-fresh-a-bibliography-v1,false,0.98,2026-08-12 기준 1차 출판사 서지와 대표 1권 ISBN을 대조한 근거; 패널 검수 전
ev-g2-fresh-a-annotation-the-summer-hikaru-died,the-summer-hikaru-died,work,the-summer-hikaru-died,model,https://comic-walker.com/detail/KC_001571_S/episodes/KC_0015710000100011_E,2026-08-12T10:00:00+09:00,g2-fresh-a-entry-annotation-v1,false,0.82,공식 소개와 초반 1~3권 범위의 합법적 미리보기를 대조한 오프라인 모델 초벌 주석; 사람 또는 승인 패널 검수 전
ev-g2-fresh-a-art-the-summer-hikaru-died,the-summer-hikaru-died,work,the-summer-hikaru-died,publisher,https://comic-walker.com/detail/KC_001571_S/episodes/KC_0015710000100011_E,2026-08-12T10:30:00+09:00,g2-fresh-a-art-observation-v1,false,0.86,Edge CDP로 공식 또는 출판사 연결 라이선스 내부 페이지 6쪽 이상과 2개 이상 맥락을 직접 관찰한 모델 초벌 Art 근거; exact refs는 art-evidence-manifest.csv에 기록; 사람 검수 전
ev-g2-fresh-a-bib-my-love-story-with-yamada-kun-at-lv999,my-love-story-with-yamada-kun-at-lv999,work,my-love-story-with-yamada-kun-at-lv999,publisher,https://www.kadokawa.co.jp/product/321911000627/,2026-08-12T09:30:00+09:00,g2-fresh-a-bibliography-v1,false,0.98,2026-08-12 기준 1차 출판사 서지와 대표 1권 ISBN을 대조한 근거; 패널 검수 전
ev-g2-fresh-a-annotation-my-love-story-with-yamada-kun-at-lv999,my-love-story-with-yamada-kun-at-lv999,work,my-love-story-with-yamada-kun-at-lv999,model,https://comic-walker.com/detail/KC_000561_S/episodes/KC_0005610000100012_E,2026-08-12T10:00:00+09:00,g2-fresh-a-entry-annotation-v1,false,0.82,공식 소개와 초반 1~3권 범위의 합법적 미리보기를 대조한 오프라인 모델 초벌 주석; 사람 또는 승인 패널 검수 전
ev-g2-fresh-a-art-my-love-story-with-yamada-kun-at-lv999,my-love-story-with-yamada-kun-at-lv999,work,my-love-story-with-yamada-kun-at-lv999,publisher,https://comic-walker.com/detail/KC_000561_S/episodes/KC_0005610000100012_E,2026-08-12T10:30:00+09:00,g2-fresh-a-art-observation-v1,false,0.86,Edge CDP로 공식 또는 출판사 연결 라이선스 내부 페이지 6쪽 이상과 2개 이상 맥락을 직접 관찰한 모델 초벌 Art 근거; exact refs는 art-evidence-manifest.csv에 기록; 사람 검수 전
ev-g2-fresh-a-bib-metamorphose-no-engawa,metamorphose-no-engawa,work,metamorphose-no-engawa,publisher,https://www.kadokawa.co.jp/product/321712000755/,2026-08-12T09:30:00+09:00,g2-fresh-a-bibliography-v1,false,0.98,2026-08-12 기준 1차 출판사 서지와 대표 1권 ISBN을 대조한 근거; 패널 검수 전
ev-g2-fresh-a-annotation-metamorphose-no-engawa,metamorphose-no-engawa,work,metamorphose-no-engawa,model,https://comic-walker.com/detail/KC_002801_S/episodes/KC_0028010000100012_E,2026-08-12T10:00:00+09:00,g2-fresh-a-entry-annotation-v1,false,0.82,공식 소개와 초반 1~3권 범위의 합법적 미리보기를 대조한 오프라인 모델 초벌 주석; 사람 또는 승인 패널 검수 전
ev-g2-fresh-a-art-metamorphose-no-engawa,metamorphose-no-engawa,work,metamorphose-no-engawa,publisher,https://comic-walker.com/detail/KC_002801_S/episodes/KC_0028010000100012_E,2026-08-12T10:30:00+09:00,g2-fresh-a-art-observation-v1,false,0.86,Edge CDP로 공식 또는 출판사 연결 라이선스 내부 페이지 6쪽 이상과 2개 이상 맥락을 직접 관찰한 모델 초벌 Art 근거; exact refs는 art-evidence-manifest.csv에 기록; 사람 검수 전
ev-g2-fresh-a-bib-real,real,work,real,publisher,https://www.shueisha.co.jp/books/items/contents.html?isbn=978-4-08-876143-5,2026-08-12T09:30:00+09:00,g2-fresh-a-bibliography-v1,false,0.98,2026-08-12 기준 1차 출판사 서지와 대표 1권 ISBN을 대조한 근거; 패널 검수 전
ev-g2-fresh-a-annotation-real,real,work,real,model,https://www.shueisha.co.jp/books/reader/main.php?cid=08876143876143315501,2026-08-12T10:00:00+09:00,g2-fresh-a-entry-annotation-v1,false,0.82,공식 소개와 초반 1~3권 범위의 합법적 미리보기를 대조한 오프라인 모델 초벌 주석; 사람 또는 승인 패널 검수 전
ev-g2-fresh-a-art-real,real,work,real,publisher,https://www.shueisha.co.jp/books/reader/main.php?cid=08876143876143315501,2026-08-12T10:30:00+09:00,g2-fresh-a-art-observation-v1,false,0.86,Edge CDP로 공식 또는 출판사 연결 라이선스 내부 페이지 6쪽 이상과 2개 이상 맥락을 직접 관찰한 모델 초벌 Art 근거; exact refs는 art-evidence-manifest.csv에 기록; 사람 검수 전
ev-g2-fresh-a-bib-summer-time-rendering,summer-time-rendering,work,summer-time-rendering,publisher,https://www.s-manga.net/items/contents.html?isbn=978-4-08-881339-4,2026-08-12T09:30:00+09:00,g2-fresh-a-bibliography-v1,false,0.98,2026-08-12 기준 1차 출판사 서지와 대표 1권 ISBN을 대조한 근거; 패널 검수 전
ev-g2-fresh-a-annotation-summer-time-rendering,summer-time-rendering,work,summer-time-rendering,model,https://www.shueisha.co.jp/books/reader/main.php?cid=9784088813394,2026-08-12T10:00:00+09:00,g2-fresh-a-entry-annotation-v1,false,0.82,공식 소개와 초반 1~3권 범위의 합법적 미리보기를 대조한 오프라인 모델 초벌 주석; 사람 또는 승인 패널 검수 전
ev-g2-fresh-a-art-summer-time-rendering,summer-time-rendering,work,summer-time-rendering,publisher,https://www.shueisha.co.jp/books/reader/main.php?cid=9784088813394,2026-08-12T10:30:00+09:00,g2-fresh-a-art-observation-v1,false,0.86,Edge CDP로 공식 또는 출판사 연결 라이선스 내부 페이지 6쪽 이상과 2개 이상 맥락을 직접 관찰한 모델 초벌 Art 근거; exact refs는 art-evidence-manifest.csv에 기록; 사람 검수 전
ev-g2-fresh-a-bib-kowloon-generic-romance,kowloon-generic-romance,work,kowloon-generic-romance,publisher,https://www.s-manga.net/items/contents.html?isbn=978-4-08-891488-6,2026-08-12T09:30:00+09:00,g2-fresh-a-bibliography-v1,false,0.98,2026-08-12 기준 1차 출판사 서지와 대표 1권 ISBN을 대조한 근거; 패널 검수 전
ev-g2-fresh-a-annotation-kowloon-generic-romance,kowloon-generic-romance,work,kowloon-generic-romance,model,https://www.shueisha.co.jp/books/reader/main.php?cid=9784088914886,2026-08-12T10:00:00+09:00,g2-fresh-a-entry-annotation-v1,false,0.82,공식 소개와 초반 1~3권 범위의 합법적 미리보기를 대조한 오프라인 모델 초벌 주석; 사람 또는 승인 패널 검수 전
ev-g2-fresh-a-art-kowloon-generic-romance,kowloon-generic-romance,work,kowloon-generic-romance,publisher,https://www.shueisha.co.jp/books/reader/main.php?cid=9784088914886,2026-08-12T10:30:00+09:00,g2-fresh-a-art-observation-v1,false,0.86,Edge CDP로 공식 또는 출판사 연결 라이선스 내부 페이지 6쪽 이상과 2개 이상 맥락을 직접 관찰한 모델 초벌 Art 근거; exact refs는 art-evidence-manifest.csv에 기록; 사람 검수 전
ev-g2-fresh-a-bib-my-happy-marriage,my-happy-marriage,work,my-happy-marriage,publisher,https://magazine.jp.square-enix.com/top/comics/detail/9784757562936/,2026-08-12T09:30:00+09:00,g2-fresh-a-bibliography-v1,false,0.98,2026-08-12 기준 1차 출판사 서지와 대표 1권 ISBN을 대조한 근거; 패널 검수 전
ev-g2-fresh-a-annotation-my-happy-marriage,my-happy-marriage,work,my-happy-marriage,model,https://www.ganganonline.com/title/30/chapter/581,2026-08-12T10:00:00+09:00,g2-fresh-a-entry-annotation-v1,false,0.82,공식 소개와 초반 1~3권 범위의 합법적 미리보기를 대조한 오프라인 모델 초벌 주석; 사람 또는 승인 패널 검수 전
ev-g2-fresh-a-art-my-happy-marriage,my-happy-marriage,work,my-happy-marriage,publisher,https://www.ganganonline.com/title/30/chapter/581,2026-08-12T10:30:00+09:00,g2-fresh-a-art-observation-v1,false,0.86,Edge CDP로 공식 또는 출판사 연결 라이선스 내부 페이지 6쪽 이상과 2개 이상 맥락을 직접 관찰한 모델 초벌 Art 근거; exact refs는 art-evidence-manifest.csv에 기록; 사람 검수 전
ev-g2-fresh-a-bib-my-next-life-as-a-villainess,my-next-life-as-a-villainess,work,my-next-life-as-a-villainess,publisher,https://data.ichijinsha.co.jp/detail/75803338,2026-08-12T09:30:00+09:00,g2-fresh-a-bibliography-v1,false,0.98,2026-08-12 기준 1차 출판사 서지와 대표 1권 ISBN을 대조한 근거; 패널 검수 전
ev-g2-fresh-a-annotation-my-next-life-as-a-villainess,my-next-life-as-a-villainess,work,my-next-life-as-a-villainess,model,https://bookwalker.jp/de28a5cb4f-9d7f-4937-973f-dedc602cd578/?sample=1,2026-08-12T10:00:00+09:00,g2-fresh-a-entry-annotation-v1,false,0.82,공식 소개와 초반 1~3권 범위의 합법적 미리보기를 대조한 오프라인 모델 초벌 주석; 사람 또는 승인 패널 검수 전
ev-g2-fresh-a-art-my-next-life-as-a-villainess,my-next-life-as-a-villainess,work,my-next-life-as-a-villainess,manual,https://bookwalker.jp/de28a5cb4f-9d7f-4937-973f-dedc602cd578/?sample=1,2026-08-12T10:30:00+09:00,g2-fresh-a-art-observation-v1,false,0.86,Edge CDP로 공식 또는 출판사 연결 라이선스 내부 페이지 6쪽 이상과 2개 이상 맥락을 직접 관찰한 모델 초벌 Art 근거; exact refs는 art-evidence-manifest.csv에 기록; 사람 검수 전
ev-g2-fresh-a-bib-how-a-realist-hero-rebuilt-the-kingdom,how-a-realist-hero-rebuilt-the-kingdom,work,how-a-realist-hero-rebuilt-the-kingdom,publisher,https://over-lap.co.jp/%E7%8F%BE%E5%AE%9F%E4%B8%BB%E7%BE%A9%E5%8B%87%E8%80%85%E3%81%AE%E7%8E%8B%E5%9B%BD%E5%86%8D%E5%BB%BA%E8%A8%98%E2%85%A0/product/0/9784865543216/?cat=CGB&swrd=,2026-08-12T09:30:00+09:00,g2-fresh-a-bibliography-v1,false,0.98,2026-08-12 기준 1차 출판사 서지와 대표 1권 ISBN을 대조한 근거; 패널 검수 전
ev-g2-fresh-a-annotation-how-a-realist-hero-rebuilt-the-kingdom,how-a-realist-hero-rebuilt-the-kingdom,work,how-a-realist-hero-rebuilt-the-kingdom,model,https://comic-gardo.com/episode/3269754496561208915,2026-08-12T10:00:00+09:00,g2-fresh-a-entry-annotation-v1,false,0.82,공식 소개와 초반 1~3권 범위의 합법적 미리보기를 대조한 오프라인 모델 초벌 주석; 사람 또는 승인 패널 검수 전
ev-g2-fresh-a-art-how-a-realist-hero-rebuilt-the-kingdom,how-a-realist-hero-rebuilt-the-kingdom,work,how-a-realist-hero-rebuilt-the-kingdom,publisher,https://comic-gardo.com/episode/3269754496561208915,2026-08-12T10:30:00+09:00,g2-fresh-a-art-observation-v1,false,0.86,Edge CDP로 공식 또는 출판사 연결 라이선스 내부 페이지 6쪽 이상과 2개 이상 맥락을 직접 관찰한 모델 초벌 Art 근거; exact refs는 art-evidence-manifest.csv에 기록; 사람 검수 전
ev-g2-fresh-a-bib-boys-run-the-riot,boys-run-the-riot,work,boys-run-the-riot,publisher,https://www.kodansha.co.jp/comic/products/0000342502,2026-08-12T09:30:00+09:00,g2-fresh-a-bibliography-v1,false,0.98,2026-08-12 기준 1차 출판사 서지와 대표 1권 ISBN을 대조한 근거; 패널 검수 전
ev-g2-fresh-a-annotation-boys-run-the-riot,boys-run-the-riot,work,boys-run-the-riot,model,https://www.kodansha.co.jp/comic/products/0000342502/trial,2026-08-12T10:00:00+09:00,g2-fresh-a-entry-annotation-v1,false,0.82,공식 소개와 초반 1~3권 범위의 합법적 미리보기를 대조한 오프라인 모델 초벌 주석; 사람 또는 승인 패널 검수 전
ev-g2-fresh-a-art-boys-run-the-riot,boys-run-the-riot,work,boys-run-the-riot,publisher,https://www.kodansha.co.jp/comic/products/0000342502/trial,2026-08-12T10:30:00+09:00,g2-fresh-a-art-observation-v1,false,0.86,Edge CDP로 공식 또는 출판사 연결 라이선스 내부 페이지 6쪽 이상과 2개 이상 맥락을 직접 관찰한 모델 초벌 Art 근거; exact refs는 art-evidence-manifest.csv에 기록; 사람 검수 전
ev-g2-fresh-a-bib-blue-box,blue-box,work,blue-box,publisher,https://www.s-manga.net/items/contents.html?isbn=978-4-08-882731-5,2026-08-12T09:30:00+09:00,g2-fresh-a-bibliography-v1,false,0.98,2026-08-12 기준 1차 출판사 서지와 대표 1권 ISBN을 대조한 근거; 패널 검수 전
ev-g2-fresh-a-annotation-blue-box,blue-box,work,blue-box,model,https://www.shueisha.co.jp/books/reader/main.php?cid=9784088827315,2026-08-12T10:00:00+09:00,g2-fresh-a-entry-annotation-v1,false,0.82,공식 소개와 초반 1~3권 범위의 합법적 미리보기를 대조한 오프라인 모델 초벌 주석; 사람 또는 승인 패널 검수 전
ev-g2-fresh-a-art-blue-box,blue-box,work,blue-box,publisher,https://www.shueisha.co.jp/books/reader/main.php?cid=9784088827315,2026-08-12T10:30:00+09:00,g2-fresh-a-art-observation-v1,false,0.86,Edge CDP로 공식 또는 출판사 연결 라이선스 내부 페이지 6쪽 이상과 2개 이상 맥락을 직접 관찰한 모델 초벌 Art 근거; exact refs는 art-evidence-manifest.csv에 기록; 사람 검수 전
ev-g2-fresh-a-bib-the-darwin-incident,the-darwin-incident,work,the-darwin-incident,publisher,https://www.kodansha.co.jp/comic/products/0000346125,2026-08-12T09:30:00+09:00,g2-fresh-a-bibliography-v1,false,0.98,2026-08-12 기준 1차 출판사 서지와 대표 1권 ISBN을 대조한 근거; 패널 검수 전
ev-g2-fresh-a-annotation-the-darwin-incident,the-darwin-incident,work,the-darwin-incident,model,https://www.kodansha.co.jp/comic/products/0000346125/trial,2026-08-12T10:00:00+09:00,g2-fresh-a-entry-annotation-v1,false,0.82,공식 소개와 초반 1~3권 범위의 합법적 미리보기를 대조한 오프라인 모델 초벌 주석; 사람 또는 승인 패널 검수 전
ev-g2-fresh-a-art-the-darwin-incident,the-darwin-incident,work,the-darwin-incident,publisher,https://www.kodansha.co.jp/comic/products/0000346125/trial,2026-08-12T10:30:00+09:00,g2-fresh-a-art-observation-v1,false,0.86,Edge CDP로 공식 또는 출판사 연결 라이선스 내부 페이지 6쪽 이상과 2개 이상 맥락을 직접 관찰한 모델 초벌 Art 근거; exact refs는 art-evidence-manifest.csv에 기록; 사람 검수 전
ev-g2-fresh-a-bib-requiem-of-the-rose-king,requiem-of-the-rose-king,work,requiem-of-the-rose-king,publisher,https://www.akitashoten.co.jp/comics/4253271812,2026-08-12T09:30:00+09:00,g2-fresh-a-bibliography-v1,false,0.98,2026-08-12 기준 1차 출판사 서지와 대표 1권 ISBN을 대조한 근거; 패널 검수 전
ev-g2-fresh-a-annotation-requiem-of-the-rose-king,requiem-of-the-rose-king,work,requiem-of-the-rose-king,model,https://arc.akitashoten.co.jp/comics/bara/1,2026-08-12T10:00:00+09:00,g2-fresh-a-entry-annotation-v1,false,0.82,공식 소개와 초반 1~3권 범위의 합법적 미리보기를 대조한 오프라인 모델 초벌 주석; 사람 또는 승인 패널 검수 전
ev-g2-fresh-a-art-requiem-of-the-rose-king,requiem-of-the-rose-king,work,requiem-of-the-rose-king,publisher,https://arc.akitashoten.co.jp/comics/bara/1,2026-08-12T10:30:00+09:00,g2-fresh-a-art-observation-v1,false,0.86,Edge CDP로 공식 또는 출판사 연결 라이선스 내부 페이지 6쪽 이상과 2개 이상 맥락을 직접 관찰한 모델 초벌 Art 근거; exact refs는 art-evidence-manifest.csv에 기록; 사람 검수 전
ev-g2-fresh-a-bib-i-think-our-son-is-gay,i-think-our-son-is-gay,work,i-think-our-son-is-gay,publisher,https://magazine.jp.square-enix.com/top/comics/detail/9784757562332/,2026-08-12T09:30:00+09:00,g2-fresh-a-bibliography-v1,false,0.98,2026-08-12 기준 1차 출판사 서지와 대표 1권 ISBN을 대조한 근거; 패널 검수 전
ev-g2-fresh-a-annotation-i-think-our-son-is-gay,i-think-our-son-is-gay,work,i-think-our-son-is-gay,model,https://www.pixiv.net/artworks/74681640,2026-08-12T10:00:00+09:00,g2-fresh-a-entry-annotation-v1,false,0.82,공식 소개와 초반 1~3권 범위의 합법적 미리보기를 대조한 오프라인 모델 초벌 주석; 사람 또는 승인 패널 검수 전
ev-g2-fresh-a-art-i-think-our-son-is-gay,i-think-our-son-is-gay,work,i-think-our-son-is-gay,manual,https://www.pixiv.net/artworks/74681640,2026-08-12T10:30:00+09:00,g2-fresh-a-art-observation-v1,false,0.86,Edge CDP로 공식 또는 출판사 연결 라이선스 내부 페이지 6쪽 이상과 2개 이상 맥락을 직접 관찰한 모델 초벌 Art 근거; exact refs는 art-evidence-manifest.csv에 기록; 사람 검수 전
ev-g2-fresh-b-bib-fruits-basket,fruits-basket,work,fruits-basket,publisher,https://www.hakusensha.co.jp/comicslist/40977/,2026-08-12T13:00:00+09:00,g2-fresh-b-bibliography-v1,false,0.98,2026-08-12 기준 1차 출판사 서지와 일본어 대표 1권 ISBN을 대조한 근거; 패널 검수 전
ev-g2-fresh-b-annotation-fruits-basket,fruits-basket,work,fruits-basket,model,https://bookwalker.jp/de50cbd88f-80f8-447d-a968-2f7da4b1f0f9/?sample=1,2026-08-12T13:30:00+09:00,g2-fresh-b-entry-annotation-v1,false,0.82,공식 소개와 초반 1~3권 범위의 합법적 내부 미리보기를 대조한 오프라인 모델 초벌 주석; 사람 또는 승인 패널 검수 전
ev-g2-fresh-b-art-fruits-basket,fruits-basket,work,fruits-basket,manual,https://bookwalker.jp/de50cbd88f-80f8-447d-a968-2f7da4b1f0f9/?sample=1,2026-08-12T14:30:00+09:00,g2-fresh-b-art-observation-v1,false,0.86,Edge remote CDP로 공식 또는 출판사 연결 라이선스 내부 페이지 6쪽 이상과 2개 이상 맥락을 직접 관찰한 모델 초벌 Art 근거; exact refs는 art-evidence-manifest.csv에 기록; 사람 검수 전
ev-g2-fresh-b-bib-inuyasha,inuyasha,work,inuyasha,publisher,https://shogakukan-comic.jp/book?isbn=9784091252012,2026-08-12T13:00:00+09:00,g2-fresh-b-bibliography-v1,false,0.98,2026-08-12 기준 1차 출판사 서지와 일본어 대표 1권 ISBN을 대조한 근거; 패널 검수 전
ev-g2-fresh-b-annotation-inuyasha,inuyasha,work,inuyasha,model,https://shogakukan-comic.jp/viewer-open?jdcn=091252010000d0000000&u1=https%3A%2F%2Fshogakukan-comic.jp%2Fbook%3Fjdcn%3D091252010000d0000000,2026-08-12T13:30:00+09:00,g2-fresh-b-entry-annotation-v1,false,0.82,공식 소개와 초반 1~3권 범위의 합법적 내부 미리보기를 대조한 오프라인 모델 초벌 주석; 사람 또는 승인 패널 검수 전
ev-g2-fresh-b-art-inuyasha,inuyasha,work,inuyasha,publisher,https://shogakukan-comic.jp/viewer-open?jdcn=091252010000d0000000&u1=https%3A%2F%2Fshogakukan-comic.jp%2Fbook%3Fjdcn%3D091252010000d0000000,2026-08-12T14:30:00+09:00,g2-fresh-b-art-observation-v1,false,0.86,Edge remote CDP로 공식 또는 출판사 연결 라이선스 내부 페이지 6쪽 이상과 2개 이상 맥락을 직접 관찰한 모델 초벌 Art 근거; exact refs는 art-evidence-manifest.csv에 기록; 사람 검수 전
ev-g2-fresh-b-bib-space-brothers,space-brothers,work,space-brothers,publisher,https://www.kodansha.co.jp/comic/products/0000013802,2026-08-12T13:00:00+09:00,g2-fresh-b-bibliography-v1,false,0.98,2026-08-12 기준 1차 출판사 서지와 일본어 대표 1권 ISBN을 대조한 근거; 패널 검수 전
ev-g2-fresh-b-annotation-space-brothers,space-brothers,work,space-brothers,model,https://www.kodansha.co.jp/comic/products/0000013802/trial,2026-08-12T13:30:00+09:00,g2-fresh-b-entry-annotation-v1,false,0.82,공식 소개와 초반 1~3권 범위의 합법적 내부 미리보기를 대조한 오프라인 모델 초벌 주석; 사람 또는 승인 패널 검수 전
ev-g2-fresh-b-art-space-brothers,space-brothers,work,space-brothers,publisher,https://www.kodansha.co.jp/comic/products/0000013802/trial,2026-08-12T14:30:00+09:00,g2-fresh-b-art-observation-v1,false,0.86,Edge remote CDP로 공식 또는 출판사 연결 라이선스 내부 페이지 6쪽 이상과 2개 이상 맥락을 직접 관찰한 모델 초벌 Art 근거; exact refs는 art-evidence-manifest.csv에 기록; 사람 검수 전
ev-g2-fresh-b-bib-blue-giant,blue-giant,work,blue-giant,publisher,https://shogakukan-comic.jp/book?isbn=9784091856784,2026-08-12T13:00:00+09:00,g2-fresh-b-bibliography-v1,false,0.98,2026-08-12 기준 1차 출판사 서지와 일본어 대표 1권 ISBN을 대조한 근거; 패널 검수 전
ev-g2-fresh-b-annotation-blue-giant,blue-giant,work,blue-giant,model,https://sc-portal.tameshiyo.me/9784091856784,2026-08-12T13:30:00+09:00,g2-fresh-b-entry-annotation-v1,false,0.82,공식 소개와 초반 1~3권 범위의 합법적 내부 미리보기를 대조한 오프라인 모델 초벌 주석; 사람 또는 승인 패널 검수 전
ev-g2-fresh-b-art-blue-giant,blue-giant,work,blue-giant,publisher,https://sc-portal.tameshiyo.me/9784091856784,2026-08-12T14:30:00+09:00,g2-fresh-b-art-observation-v1,false,0.86,Edge remote CDP로 공식 또는 출판사 연결 라이선스 내부 페이지 6쪽 이상과 2개 이상 맥락을 직접 관찰한 모델 초벌 Art 근거; exact refs는 art-evidence-manifest.csv에 기록; 사람 검수 전
ev-g2-fresh-b-bib-blue-period,blue-period,work,blue-period,publisher,https://www.kodansha.co.jp/comic/products/0000052420,2026-08-12T13:00:00+09:00,g2-fresh-b-bibliography-v1,false,0.98,2026-08-12 기준 1차 출판사 서지와 일본어 대표 1권 ISBN을 대조한 근거; 패널 검수 전
ev-g2-fresh-b-annotation-blue-period,blue-period,work,blue-period,model,https://www.kodansha.co.jp/comic/products/0000052420/trial,2026-08-12T13:30:00+09:00,g2-fresh-b-entry-annotation-v1,false,0.82,공식 소개와 초반 1~3권 범위의 합법적 내부 미리보기를 대조한 오프라인 모델 초벌 주석; 사람 또는 승인 패널 검수 전
ev-g2-fresh-b-art-blue-period,blue-period,work,blue-period,publisher,https://www.kodansha.co.jp/comic/products/0000052420/trial,2026-08-12T14:30:00+09:00,g2-fresh-b-art-observation-v1,false,0.86,Edge remote CDP로 공식 또는 출판사 연결 라이선스 내부 페이지 6쪽 이상과 2개 이상 맥락을 직접 관찰한 모델 초벌 Art 근거; exact refs는 art-evidence-manifest.csv에 기록; 사람 검수 전
ev-g2-fresh-b-bib-the-apothecary-diaries,the-apothecary-diaries,work,the-apothecary-diaries,publisher,https://magazine.jp.square-enix.com/top/comics/detail/9784757554894/,2026-08-12T13:00:00+09:00,g2-fresh-b-bibliography-v1,false,0.98,2026-08-12 기준 1차 출판사 서지와 일본어 대표 1권 ISBN을 대조한 근거; 패널 검수 전
ev-g2-fresh-b-annotation-the-apothecary-diaries,the-apothecary-diaries,work,the-apothecary-diaries,model,https://magazine.jp.square-enix.com/biggangan/tachiyomi/kusuriya_01/,2026-08-12T13:30:00+09:00,g2-fresh-b-entry-annotation-v1,false,0.82,공식 소개와 초반 1~3권 범위의 합법적 내부 미리보기를 대조한 오프라인 모델 초벌 주석; 사람 또는 승인 패널 검수 전
ev-g2-fresh-b-art-the-apothecary-diaries,the-apothecary-diaries,work,the-apothecary-diaries,publisher,https://magazine.jp.square-enix.com/biggangan/tachiyomi/kusuriya_01/,2026-08-12T14:30:00+09:00,g2-fresh-b-art-observation-v1,false,0.86,Edge remote CDP로 공식 또는 출판사 연결 라이선스 내부 페이지 6쪽 이상과 2개 이상 맥락을 직접 관찰한 모델 초벌 Art 근거; exact refs는 art-evidence-manifest.csv에 기록; 사람 검수 전
ev-g2-fresh-b-bib-dorohedoro,dorohedoro,work,dorohedoro,publisher,https://shogakukan-comic.jp/book?isbn=9784091882714,2026-08-12T13:00:00+09:00,g2-fresh-b-bibliography-v1,false,0.98,2026-08-12 기준 1차 출판사 서지와 일본어 대표 1권 ISBN을 대조한 근거; 패널 검수 전
ev-g2-fresh-b-annotation-dorohedoro,dorohedoro,work,dorohedoro,model,https://e-comi.shogakukan.co.jp/viewer/open?jdcn=091882710000d0000000,2026-08-12T13:30:00+09:00,g2-fresh-b-entry-annotation-v1,false,0.82,공식 소개와 초반 1~3권 범위의 합법적 내부 미리보기를 대조한 오프라인 모델 초벌 주석; 사람 또는 승인 패널 검수 전
ev-g2-fresh-b-art-dorohedoro,dorohedoro,work,dorohedoro,publisher,https://e-comi.shogakukan.co.jp/viewer/open?jdcn=091882710000d0000000,2026-08-12T14:30:00+09:00,g2-fresh-b-art-observation-v1,false,0.86,Edge remote CDP로 공식 또는 출판사 연결 라이선스 내부 페이지 6쪽 이상과 2개 이상 맥락을 직접 관찰한 모델 초벌 Art 근거; exact refs는 art-evidence-manifest.csv에 기록; 사람 검수 전
ev-g2-fresh-b-bib-sweat-and-soap,sweat-and-soap,work,sweat-and-soap,publisher,https://www.kodansha.co.jp/comic/products/0000314272,2026-08-12T13:00:00+09:00,g2-fresh-b-bibliography-v1,false,0.98,2026-08-12 기준 1차 출판사 서지와 일본어 대표 1권 ISBN을 대조한 근거; 패널 검수 전
ev-g2-fresh-b-annotation-sweat-and-soap,sweat-and-soap,work,sweat-and-soap,model,https://www.kodansha.co.jp/comic/products/0000314272/trial,2026-08-12T13:30:00+09:00,g2-fresh-b-entry-annotation-v1,false,0.82,공식 소개와 초반 1~3권 범위의 합법적 내부 미리보기를 대조한 오프라인 모델 초벌 주석; 사람 또는 승인 패널 검수 전
ev-g2-fresh-b-art-sweat-and-soap,sweat-and-soap,work,sweat-and-soap,publisher,https://www.kodansha.co.jp/comic/products/0000314272/trial,2026-08-12T14:30:00+09:00,g2-fresh-b-art-observation-v1,false,0.86,Edge remote CDP로 공식 또는 출판사 연결 라이선스 내부 페이지 6쪽 이상과 2개 이상 맥락을 직접 관찰한 모델 초벌 Art 근거; exact refs는 art-evidence-manifest.csv에 기록; 사람 검수 전
ev-g2-fresh-b-bib-a-condition-called-love,a-condition-called-love,work,a-condition-called-love,publisher,https://www.kodansha.co.jp/comic/products/0000116236,2026-08-12T13:00:00+09:00,g2-fresh-b-bibliography-v1,false,0.98,2026-08-12 기준 1차 출판사 서지와 일본어 대표 1권 ISBN을 대조한 근거; 패널 검수 전
ev-g2-fresh-b-annotation-a-condition-called-love,a-condition-called-love,work,a-condition-called-love,model,https://www.kodansha.co.jp/comic/products/0000116236/trial,2026-08-12T13:30:00+09:00,g2-fresh-b-entry-annotation-v1,false,0.82,공식 소개와 초반 1~3권 범위의 합법적 내부 미리보기를 대조한 오프라인 모델 초벌 주석; 사람 또는 승인 패널 검수 전
ev-g2-fresh-b-art-a-condition-called-love,a-condition-called-love,work,a-condition-called-love,publisher,https://www.kodansha.co.jp/comic/products/0000116236/trial,2026-08-12T14:30:00+09:00,g2-fresh-b-art-observation-v1,false,0.86,Edge remote CDP로 공식 또는 출판사 연결 라이선스 내부 페이지 6쪽 이상과 2개 이상 맥락을 직접 관찰한 모델 초벌 Art 근거; exact refs는 art-evidence-manifest.csv에 기록; 사람 검수 전
ev-g2-fresh-b-bib-she-loves-to-cook-and-she-loves-to-eat,she-loves-to-cook-and-she-loves-to-eat,work,she-loves-to-cook-and-she-loves-to-eat,publisher,https://www.kadokawa.co.jp/product/322010000636/,2026-08-12T13:00:00+09:00,g2-fresh-b-bibliography-v1,false,0.98,2026-08-12 기준 1차 출판사 서지와 일본어 대표 1권 ISBN을 대조한 근거; 패널 검수 전
ev-g2-fresh-b-annotation-she-loves-to-cook-and-she-loves-to-eat,she-loves-to-cook-and-she-loves-to-eat,work,she-loves-to-cook-and-she-loves-to-eat,model,https://comic-walker.com/detail/KC_002798_S/episodes/KC_0027980000100011_E?episodeType=first,2026-08-12T13:30:00+09:00,g2-fresh-b-entry-annotation-v1,false,0.82,공식 소개와 초반 1~3권 범위의 합법적 내부 미리보기를 대조한 오프라인 모델 초벌 주석; 사람 또는 승인 패널 검수 전
ev-g2-fresh-b-art-she-loves-to-cook-and-she-loves-to-eat,she-loves-to-cook-and-she-loves-to-eat,work,she-loves-to-cook-and-she-loves-to-eat,publisher,https://comic-walker.com/detail/KC_002798_S/episodes/KC_0027980000100011_E?episodeType=first,2026-08-12T14:30:00+09:00,g2-fresh-b-art-observation-v1,false,0.86,Edge remote CDP로 공식 또는 출판사 연결 라이선스 내부 페이지 6쪽 이상과 2개 이상 맥락을 직접 관찰한 모델 초벌 Art 근거; exact refs는 art-evidence-manifest.csv에 기록; 사람 검수 전
ev-g2-fresh-b-bib-my-brothers-husband,my-brothers-husband,work,my-brothers-husband,publisher,https://www.futabasha.co.jp/introduction/otto/,2026-08-12T13:00:00+09:00,g2-fresh-b-bibliography-v1,false,0.98,2026-08-12 기준 1차 출판사 서지와 일본어 대표 1권 ISBN을 대조한 근거; 패널 검수 전
ev-g2-fresh-b-annotation-my-brothers-husband,my-brothers-husband,work,my-brothers-husband,model,https://bookwalker.jp/def8abc8fa-6d64-4eb6-abb1-6641fe747559/?sample=1,2026-08-12T13:30:00+09:00,g2-fresh-b-entry-annotation-v1,false,0.82,공식 소개와 초반 1~3권 범위의 합법적 내부 미리보기를 대조한 오프라인 모델 초벌 주석; 사람 또는 승인 패널 검수 전
ev-g2-fresh-b-art-my-brothers-husband,my-brothers-husband,work,my-brothers-husband,manual,https://bookwalker.jp/def8abc8fa-6d64-4eb6-abb1-6641fe747559/?sample=1,2026-08-12T14:30:00+09:00,g2-fresh-b-art-observation-v1,false,0.86,Edge remote CDP로 공식 또는 출판사 연결 라이선스 내부 페이지 6쪽 이상과 2개 이상 맥락을 직접 관찰한 모델 초벌 Art 근거; exact refs는 art-evidence-manifest.csv에 기록; 사람 검수 전
ev-g2-fresh-b-bib-our-dreams-at-dusk,our-dreams-at-dusk,work,our-dreams-at-dusk,publisher,https://shogakukan-comic.jp/book?jdcn=091874190000d0000000,2026-08-12T13:00:00+09:00,g2-fresh-b-bibliography-v1,false,0.98,2026-08-12 기준 1차 출판사 서지와 일본어 대표 1권 ISBN을 대조한 근거; 패널 검수 전
ev-g2-fresh-b-annotation-our-dreams-at-dusk,our-dreams-at-dusk,work,our-dreams-at-dusk,model,https://e-comi.shogakukan.co.jp/viewer/open?jdcn=091874190000d0000000,2026-08-12T13:30:00+09:00,g2-fresh-b-entry-annotation-v1,false,0.82,공식 소개와 초반 1~3권 범위의 합법적 내부 미리보기를 대조한 오프라인 모델 초벌 주석; 사람 또는 승인 패널 검수 전
ev-g2-fresh-b-art-our-dreams-at-dusk,our-dreams-at-dusk,work,our-dreams-at-dusk,publisher,https://e-comi.shogakukan.co.jp/viewer/open?jdcn=091874190000d0000000,2026-08-12T14:30:00+09:00,g2-fresh-b-art-observation-v1,false,0.86,Edge remote CDP로 공식 또는 출판사 연결 라이선스 내부 페이지 6쪽 이상과 2개 이상 맥락을 직접 관찰한 모델 초벌 Art 근거; exact refs는 art-evidence-manifest.csv에 기록; 사람 검수 전
ev-g2-fresh-b-bib-nina-the-starry-bride,nina-the-starry-bride,work,nina-the-starry-bride,publisher,https://www.kodansha.co.jp/comic/products/0000337875,2026-08-12T13:00:00+09:00,g2-fresh-b-bibliography-v1,false,0.98,2026-08-12 기준 1차 출판사 서지와 일본어 대표 1권 ISBN을 대조한 근거; 패널 검수 전
ev-g2-fresh-b-annotation-nina-the-starry-bride,nina-the-starry-bride,work,nina-the-starry-bride,model,https://www.kodansha.co.jp/comic/products/0000337875/trial,2026-08-12T13:30:00+09:00,g2-fresh-b-entry-annotation-v1,false,0.82,공식 소개와 초반 1~3권 범위의 합법적 내부 미리보기를 대조한 오프라인 모델 초벌 주석; 사람 또는 승인 패널 검수 전
ev-g2-fresh-b-art-nina-the-starry-bride,nina-the-starry-bride,work,nina-the-starry-bride,publisher,https://www.kodansha.co.jp/comic/products/0000337875/trial,2026-08-12T14:30:00+09:00,g2-fresh-b-art-observation-v1,false,0.86,Edge remote CDP로 공식 또는 출판사 연결 라이선스 내부 페이지 6쪽 이상과 2개 이상 맥락을 직접 관찰한 모델 초벌 Art 근거; exact refs는 art-evidence-manifest.csv에 기록; 사람 검수 전
ev-g2-fresh-b-bib-baby-steps,baby-steps,work,baby-steps,publisher,https://www.kodansha.co.jp/comic/products/0000012347,2026-08-12T13:00:00+09:00,g2-fresh-b-bibliography-v1,false,0.98,2026-08-12 기준 1차 출판사 서지와 일본어 대표 1권 ISBN을 대조한 근거; 패널 검수 전
ev-g2-fresh-b-annotation-baby-steps,baby-steps,work,baby-steps,model,https://www.kodansha.co.jp/comic/products/0000012347/trial,2026-08-12T13:30:00+09:00,g2-fresh-b-entry-annotation-v1,false,0.82,공식 소개와 초반 1~3권 범위의 합법적 내부 미리보기를 대조한 오프라인 모델 초벌 주석; 사람 또는 승인 패널 검수 전
ev-g2-fresh-b-art-baby-steps,baby-steps,work,baby-steps,publisher,https://www.kodansha.co.jp/comic/products/0000012347/trial,2026-08-12T14:30:00+09:00,g2-fresh-b-art-observation-v1,false,0.86,Edge remote CDP로 공식 또는 출판사 연결 라이선스 내부 페이지 6쪽 이상과 2개 이상 맥락을 직접 관찰한 모델 초벌 Art 근거; exact refs는 art-evidence-manifest.csv에 기록; 사람 검수 전
ev-g2-fresh-b-bib-capeta,capeta,work,capeta,publisher,https://www.kodansha.co.jp/comic/products/0000035404,2026-08-12T13:00:00+09:00,g2-fresh-b-bibliography-v1,false,0.98,2026-08-12 기준 1차 출판사 서지와 일본어 대표 1권 ISBN을 대조한 근거; 패널 검수 전
ev-g2-fresh-b-annotation-capeta,capeta,work,capeta,model,https://www.kodansha.co.jp/comic/products/0000035404/trial,2026-08-12T13:30:00+09:00,g2-fresh-b-entry-annotation-v1,false,0.82,공식 소개와 초반 1~3권 범위의 합법적 내부 미리보기를 대조한 오프라인 모델 초벌 주석; 사람 또는 승인 패널 검수 전
ev-g2-fresh-b-art-capeta,capeta,work,capeta,publisher,https://www.kodansha.co.jp/comic/products/0000035404/trial,2026-08-12T14:30:00+09:00,g2-fresh-b-art-observation-v1,false,0.86,Edge remote CDP로 공식 또는 출판사 연결 라이선스 내부 페이지 6쪽 이상과 2개 이상 맥락을 직접 관찰한 모델 초벌 Art 근거; exact refs는 art-evidence-manifest.csv에 기록; 사람 검수 전
ev-g2-fresh-b-bib-yowamushi-pedal,yowamushi-pedal,work,yowamushi-pedal,publisher,https://www.akitashoten.co.jp/comics/4253214517,2026-08-12T13:00:00+09:00,g2-fresh-b-bibliography-v1,false,0.98,2026-08-12 기준 1차 출판사 서지와 일본어 대표 1권 ISBN을 대조한 근거; 패널 검수 전
ev-g2-fresh-b-annotation-yowamushi-pedal,yowamushi-pedal,work,yowamushi-pedal,model,https://arc.akitashoten.co.jp/comics/wccomic/30933,2026-08-12T13:30:00+09:00,g2-fresh-b-entry-annotation-v1,false,0.82,공식 소개와 초반 1~3권 범위의 합법적 내부 미리보기를 대조한 오프라인 모델 초벌 주석; 사람 또는 승인 패널 검수 전
ev-g2-fresh-b-art-yowamushi-pedal,yowamushi-pedal,work,yowamushi-pedal,publisher,https://arc.akitashoten.co.jp/comics/wccomic/30933,2026-08-12T14:30:00+09:00,g2-fresh-b-art-observation-v1,false,0.86,Edge remote CDP로 공식 또는 출판사 연결 라이선스 내부 페이지 6쪽 이상과 2개 이상 맥락을 직접 관찰한 모델 초벌 Art 근거; exact refs는 art-evidence-manifest.csv에 기록; 사람 검수 전
ev-g2-fresh-b-bib-moon-land,moon-land,work,moon-land,publisher,https://books.shueisha.co.jp/items/contents.html?jdcn=08881782881782315501&rf=hr,2026-08-12T13:00:00+09:00,g2-fresh-b-bibliography-v1,false,0.98,2026-08-12 기준 1차 출판사 서지와 일본어 대표 1권 ISBN을 대조한 근거; 패널 검수 전
ev-g2-fresh-b-annotation-moon-land,moon-land,work,moon-land,model,https://shonenjumpplus.com/episode/10834108156641674566,2026-08-12T13:30:00+09:00,g2-fresh-b-entry-annotation-v1,false,0.82,공식 소개와 초반 1~3권 범위의 합법적 내부 미리보기를 대조한 오프라인 모델 초벌 주석; 사람 또는 승인 패널 검수 전
ev-g2-fresh-b-art-moon-land,moon-land,work,moon-land,publisher,https://shonenjumpplus.com/episode/10834108156641674566,2026-08-12T14:30:00+09:00,g2-fresh-b-art-observation-v1,false,0.86,Edge remote CDP로 공식 또는 출판사 연결 라이선스 내부 페이지 6쪽 이상과 2개 이상 맥락을 직접 관찰한 모델 초벌 Art 근거; exact refs는 art-evidence-manifest.csv에 기록; 사람 검수 전
ev-g2-fresh-b-bib-giant-killing,giant-killing,work,giant-killing,publisher,https://www.kodansha.co.jp/comic/products/0000013722,2026-08-12T13:00:00+09:00,g2-fresh-b-bibliography-v1,false,0.98,2026-08-12 기준 1차 출판사 서지와 일본어 대표 1권 ISBN을 대조한 근거; 패널 검수 전
ev-g2-fresh-b-annotation-giant-killing,giant-killing,work,giant-killing,model,https://comic-days.com/episode/13932016480029857119,2026-08-12T13:30:00+09:00,g2-fresh-b-entry-annotation-v1,false,0.82,공식 소개와 초반 1~3권 범위의 합법적 내부 미리보기를 대조한 오프라인 모델 초벌 주석; 사람 또는 승인 패널 검수 전
ev-g2-fresh-b-art-giant-killing,giant-killing,work,giant-killing,publisher,https://comic-days.com/episode/13932016480029857119,2026-08-12T14:30:00+09:00,g2-fresh-b-art-observation-v1,false,0.86,Edge remote CDP로 공식 또는 출판사 연결 라이선스 내부 페이지 6쪽 이상과 2개 이상 맥락을 직접 관찰한 모델 초벌 Art 근거; exact refs는 art-evidence-manifest.csv에 기록; 사람 검수 전
ev-g2-fresh-b-bib-dragon-head,dragon-head,work,dragon-head,publisher,https://www.kodansha.co.jp/comic/products/0000006806,2026-08-12T13:00:00+09:00,g2-fresh-b-bibliography-v1,false,0.98,2026-08-12 기준 1차 출판사 서지와 일본어 대표 1권 ISBN을 대조한 근거; 패널 검수 전
ev-g2-fresh-b-annotation-dragon-head,dragon-head,work,dragon-head,model,https://www.kodansha.co.jp/comic/products/0000006806/trial,2026-08-12T13:30:00+09:00,g2-fresh-b-entry-annotation-v1,false,0.82,공식 소개와 초반 1~3권 범위의 합법적 내부 미리보기를 대조한 오프라인 모델 초벌 주석; 사람 또는 승인 패널 검수 전
ev-g2-fresh-b-art-dragon-head,dragon-head,work,dragon-head,publisher,https://www.kodansha.co.jp/comic/products/0000006806/trial,2026-08-12T14:30:00+09:00,g2-fresh-b-art-observation-v1,false,0.86,Edge remote CDP로 공식 또는 출판사 연결 라이선스 내부 페이지 6쪽 이상과 2개 이상 맥락을 직접 관찰한 모델 초벌 Art 근거; exact refs는 art-evidence-manifest.csv에 기록; 사람 검수 전
ev-g2-fresh-b-bib-kasane,kasane,work,kasane,publisher,https://www.kodansha.co.jp/comic/products/0000038876,2026-08-12T13:00:00+09:00,g2-fresh-b-bibliography-v1,false,0.98,2026-08-12 기준 1차 출판사 서지와 일본어 대표 1권 ISBN을 대조한 근거; 패널 검수 전
ev-g2-fresh-b-annotation-kasane,kasane,work,kasane,model,https://www.kodansha.co.jp/comic/products/0000038876/trial,2026-08-12T13:30:00+09:00,g2-fresh-b-entry-annotation-v1,false,0.82,공식 소개와 초반 1~3권 범위의 합법적 내부 미리보기를 대조한 오프라인 모델 초벌 주석; 사람 또는 승인 패널 검수 전
ev-g2-fresh-b-art-kasane,kasane,work,kasane,publisher,https://www.kodansha.co.jp/comic/products/0000038876/trial,2026-08-12T14:30:00+09:00,g2-fresh-b-art-observation-v1,false,0.86,Edge remote CDP로 공식 또는 출판사 연결 라이선스 내부 페이지 6쪽 이상과 2개 이상 맥락을 직접 관찰한 모델 초벌 Art 근거; exact refs는 art-evidence-manifest.csv에 기록; 사람 검수 전
ev-g2-fresh-b-bib-homunculus,homunculus,work,homunculus,publisher,https://shogakukan-comic.jp/book?jdcn=091870710000d0000000,2026-08-12T13:00:00+09:00,g2-fresh-b-bibliography-v1,false,0.98,2026-08-12 기준 1차 출판사 서지와 일본어 대표 1권 ISBN을 대조한 근거; 패널 검수 전
ev-g2-fresh-b-annotation-homunculus,homunculus,work,homunculus,model,https://e-comi.shogakukan.co.jp/viewer/open?jdcn=091870710000d0000000,2026-08-12T13:30:00+09:00,g2-fresh-b-entry-annotation-v1,false,0.82,공식 소개와 초반 1~3권 범위의 합법적 내부 미리보기를 대조한 오프라인 모델 초벌 주석; 사람 또는 승인 패널 검수 전
ev-g2-fresh-b-art-homunculus,homunculus,work,homunculus,publisher,https://e-comi.shogakukan.co.jp/viewer/open?jdcn=091870710000d0000000,2026-08-12T14:30:00+09:00,g2-fresh-b-art-observation-v1,false,0.86,Edge remote CDP로 공식 또는 출판사 연결 라이선스 내부 페이지 6쪽 이상과 2개 이상 맥락을 직접 관찰한 모델 초벌 Art 근거; exact refs는 art-evidence-manifest.csv에 기록; 사람 검수 전
ev-g2-fresh-b-bib-fort-of-apocalypse,fort-of-apocalypse,work,fort-of-apocalypse,publisher,https://www.kodansha.co.jp/comic/products/0000046091,2026-08-12T13:00:00+09:00,g2-fresh-b-bibliography-v1,false,0.98,2026-08-12 기준 1차 출판사 서지와 일본어 대표 1권 ISBN을 대조한 근거; 패널 검수 전
ev-g2-fresh-b-annotation-fort-of-apocalypse,fort-of-apocalypse,work,fort-of-apocalypse,model,https://www.kodansha.co.jp/comic/products/0000046091/trial,2026-08-12T13:30:00+09:00,g2-fresh-b-entry-annotation-v1,false,0.82,공식 소개와 초반 1~3권 범위의 합법적 내부 미리보기를 대조한 오프라인 모델 초벌 주석; 사람 또는 승인 패널 검수 전
ev-g2-fresh-b-art-fort-of-apocalypse,fort-of-apocalypse,work,fort-of-apocalypse,publisher,https://www.kodansha.co.jp/comic/products/0000046091/trial,2026-08-12T14:30:00+09:00,g2-fresh-b-art-observation-v1,false,0.86,Edge remote CDP로 공식 또는 출판사 연결 라이선스 내부 페이지 6쪽 이상과 2개 이상 맥락을 직접 관찰한 모델 초벌 Art 근거; exact refs는 art-evidence-manifest.csv에 기록; 사람 검수 전
ev-g2-fresh-b-bib-a-brides-story,a-brides-story,work,a-brides-story,publisher,https://www.kadokawa.co.jp/product/301302002821/,2026-08-12T13:00:00+09:00,g2-fresh-b-bibliography-v1,false,0.98,2026-08-12 기준 1차 출판사 서지와 일본어 대표 1권 ISBN을 대조한 근거; 패널 검수 전
ev-g2-fresh-b-annotation-a-brides-story,a-brides-story,work,a-brides-story,model,https://bookwalker.jp/dee44ace55-bb05-49d0-a7c9-0b58d1ce2133/?sample=1,2026-08-12T13:30:00+09:00,g2-fresh-b-entry-annotation-v1,false,0.82,공식 소개와 초반 1~3권 범위의 합법적 내부 미리보기를 대조한 오프라인 모델 초벌 주석; 사람 또는 승인 패널 검수 전
ev-g2-fresh-b-art-a-brides-story,a-brides-story,work,a-brides-story,manual,https://bookwalker.jp/dee44ace55-bb05-49d0-a7c9-0b58d1ce2133/?sample=1,2026-08-12T14:30:00+09:00,g2-fresh-b-art-observation-v1,false,0.86,Edge remote CDP로 공식 또는 출판사 연결 라이선스 내부 페이지 6쪽 이상과 2개 이상 맥락을 직접 관찰한 모델 초벌 Art 근거; exact refs는 art-evidence-manifest.csv에 기록; 사람 검수 전
ev-g2-fresh-b-bib-isabella-bird-in-wonderland,isabella-bird-in-wonderland,work,isabella-bird-in-wonderland,publisher,https://www.kadokawa.co.jp/product/301503000079/,2026-08-12T13:00:00+09:00,g2-fresh-b-bibliography-v1,false,0.98,2026-08-12 기준 1차 출판사 서지와 일본어 대표 1권 ISBN을 대조한 근거; 패널 검수 전
ev-g2-fresh-b-annotation-isabella-bird-in-wonderland,isabella-bird-in-wonderland,work,isabella-bird-in-wonderland,model,https://comic-walker.com/detail/KC_000652_S/episodes/KC_0006520000100012_E?episodeType=first,2026-08-12T13:30:00+09:00,g2-fresh-b-entry-annotation-v1,false,0.82,공식 소개와 초반 1~3권 범위의 합법적 내부 미리보기를 대조한 오프라인 모델 초벌 주석; 사람 또는 승인 패널 검수 전
ev-g2-fresh-b-art-isabella-bird-in-wonderland,isabella-bird-in-wonderland,work,isabella-bird-in-wonderland,publisher,https://comic-walker.com/detail/KC_000652_S/episodes/KC_0006520000100012_E?episodeType=first,2026-08-12T14:30:00+09:00,g2-fresh-b-art-observation-v1,false,0.86,Edge remote CDP로 공식 또는 출판사 연결 라이선스 내부 페이지 6쪽 이상과 2개 이상 맥락을 직접 관찰한 모델 초벌 Art 근거; exact refs는 art-evidence-manifest.csv에 기록; 사람 검수 전
ev-g2-fresh-b-bib-arte,arte,work,arte,publisher,https://catalog.coamix.co.jp/arte/,2026-08-12T13:00:00+09:00,g2-fresh-b-bibliography-v1,false,0.98,2026-08-12 기준 1차 출판사 서지와 일본어 대표 1권 ISBN을 대조한 근거; 패널 검수 전
ev-g2-fresh-b-annotation-arte,arte,work,arte,model,https://comic-zenon.com/episode/10834108156693612671,2026-08-12T13:30:00+09:00,g2-fresh-b-entry-annotation-v1,false,0.82,공식 소개와 초반 1~3권 범위의 합법적 내부 미리보기를 대조한 오프라인 모델 초벌 주석; 사람 또는 승인 패널 검수 전
ev-g2-fresh-b-art-arte,arte,work,arte,publisher,https://comic-zenon.com/episode/10834108156693612671,2026-08-12T14:30:00+09:00,g2-fresh-b-art-observation-v1,false,0.86,Edge remote CDP로 공식 또는 출판사 연결 라이선스 내부 페이지 6쪽 이상과 2개 이상 맥락을 직접 관찰한 모델 초벌 Art 근거; exact refs는 art-evidence-manifest.csv에 기록; 사람 검수 전
ev-g2-fresh-b-bib-thermae-romae,thermae-romae,work,thermae-romae,publisher,https://www.kadokawa.co.jp/product/200909000408/,2026-08-12T13:00:00+09:00,g2-fresh-b-bibliography-v1,false,0.98,2026-08-12 기준 1차 출판사 서지와 일본어 대표 1권 ISBN을 대조한 근거; 패널 검수 전
ev-g2-fresh-b-annotation-thermae-romae,thermae-romae,work,thermae-romae,model,https://bookwalker.jp/deb36ff3ef-e829-4613-a9f3-d0f0a456d9e7/?sample=1,2026-08-12T13:30:00+09:00,g2-fresh-b-entry-annotation-v1,false,0.82,공식 소개와 초반 1~3권 범위의 합법적 내부 미리보기를 대조한 오프라인 모델 초벌 주석; 사람 또는 승인 패널 검수 전
ev-g2-fresh-b-art-thermae-romae,thermae-romae,work,thermae-romae,manual,https://bookwalker.jp/deb36ff3ef-e829-4613-a9f3-d0f0a456d9e7/?sample=1,2026-08-12T14:30:00+09:00,g2-fresh-b-art-observation-v1,false,0.86,Edge remote CDP로 공식 또는 출판사 연결 라이선스 내부 페이지 6쪽 이상과 2개 이상 맥락을 직접 관찰한 모델 초벌 Art 근거; exact refs는 art-evidence-manifest.csv에 기록; 사람 검수 전
ev-g2-fresh-b-bib-knights-of-sidonia,knights-of-sidonia,work,knights-of-sidonia,publisher,https://www.kodansha.co.jp/comic/products/0000029415,2026-08-12T13:00:00+09:00,g2-fresh-b-bibliography-v1,false,0.98,2026-08-12 기준 1차 출판사 서지와 일본어 대표 1권 ISBN을 대조한 근거; 패널 검수 전
ev-g2-fresh-b-annotation-knights-of-sidonia,knights-of-sidonia,work,knights-of-sidonia,model,https://www.kodansha.co.jp/comic/products/0000029415/trial,2026-08-12T13:30:00+09:00,g2-fresh-b-entry-annotation-v1,false,0.82,공식 소개와 초반 1~3권 범위의 합법적 내부 미리보기를 대조한 오프라인 모델 초벌 주석; 사람 또는 승인 패널 검수 전
ev-g2-fresh-b-art-knights-of-sidonia,knights-of-sidonia,work,knights-of-sidonia,publisher,https://www.kodansha.co.jp/comic/products/0000029415/trial,2026-08-12T14:30:00+09:00,g2-fresh-b-art-observation-v1,false,0.86,Edge remote CDP로 공식 또는 출판사 연결 라이선스 내부 페이지 6쪽 이상과 2개 이상 맥락을 직접 관찰한 모델 초벌 Art 근거; exact refs는 art-evidence-manifest.csv에 기록; 사람 검수 전
ev-g2-fresh-b-bib-saturn-apartments,saturn-apartments,work,saturn-apartments,publisher,https://shogakukan-comic.jp/book?jdcn=091883390000d0000000,2026-08-12T13:00:00+09:00,g2-fresh-b-bibliography-v1,false,0.98,2026-08-12 기준 1차 출판사 서지와 일본어 대표 1권 ISBN을 대조한 근거; 패널 검수 전
ev-g2-fresh-b-annotation-saturn-apartments,saturn-apartments,work,saturn-apartments,model,https://e-comi.shogakukan.co.jp/viewer/open?jdcn=091883390000d0000000,2026-08-12T13:30:00+09:00,g2-fresh-b-entry-annotation-v1,false,0.82,공식 소개와 초반 1~3권 범위의 합법적 내부 미리보기를 대조한 오프라인 모델 초벌 주석; 사람 또는 승인 패널 검수 전
ev-g2-fresh-b-art-saturn-apartments,saturn-apartments,work,saturn-apartments,publisher,https://e-comi.shogakukan.co.jp/viewer/open?jdcn=091883390000d0000000,2026-08-12T14:30:00+09:00,g2-fresh-b-art-observation-v1,false,0.86,Edge remote CDP로 공식 또는 출판사 연결 라이선스 내부 페이지 6쪽 이상과 2개 이상 맥락을 직접 관찰한 모델 초벌 Art 근거; exact refs는 art-evidence-manifest.csv에 기록; 사람 검수 전
ev-g2-fresh-b-bib-origin,origin,work,origin,publisher,https://www.kodansha.co.jp/comic/products/0000016712,2026-08-12T13:00:00+09:00,g2-fresh-b-bibliography-v1,false,0.98,2026-08-12 기준 1차 출판사 서지와 일본어 대표 1권 ISBN을 대조한 근거; 패널 검수 전
ev-g2-fresh-b-annotation-origin,origin,work,origin,model,https://www.kodansha.co.jp/comic/products/0000016712/trial,2026-08-12T13:30:00+09:00,g2-fresh-b-entry-annotation-v1,false,0.82,공식 소개와 초반 1~3권 범위의 합법적 내부 미리보기를 대조한 오프라인 모델 초벌 주석; 사람 또는 승인 패널 검수 전
ev-g2-fresh-b-art-origin,origin,work,origin,publisher,https://www.kodansha.co.jp/comic/products/0000016712/trial,2026-08-12T14:30:00+09:00,g2-fresh-b-art-observation-v1,false,0.86,Edge remote CDP로 공식 또는 출판사 연결 라이선스 내부 페이지 6쪽 이상과 2개 이상 맥락을 직접 관찰한 모델 초벌 Art 근거; exact refs는 art-evidence-manifest.csv에 기록; 사람 검수 전
ev-g2-fresh-b-bib-accomplishments-of-the-dukes-daughter,accomplishments-of-the-dukes-daughter,work,accomplishments-of-the-dukes-daughter,publisher,https://www.kadokawa.co.jp/product/321605000436/,2026-08-12T13:00:00+09:00,g2-fresh-b-bibliography-v1,false,0.98,2026-08-12 기준 1차 출판사 서지와 일본어 대표 1권 ISBN을 대조한 근거; 패널 검수 전
ev-g2-fresh-b-annotation-accomplishments-of-the-dukes-daughter,accomplishments-of-the-dukes-daughter,work,accomplishments-of-the-dukes-daughter,model,https://comic-walker.com/detail/KC_003712_S/episodes/KC_0037120000100011_E?episodeType=first,2026-08-12T13:30:00+09:00,g2-fresh-b-entry-annotation-v1,false,0.82,공식 소개와 초반 1~3권 범위의 합법적 내부 미리보기를 대조한 오프라인 모델 초벌 주석; 사람 또는 승인 패널 검수 전
ev-g2-fresh-b-art-accomplishments-of-the-dukes-daughter,accomplishments-of-the-dukes-daughter,work,accomplishments-of-the-dukes-daughter,publisher,https://comic-walker.com/detail/KC_003712_S/episodes/KC_0037120000100011_E?episodeType=first,2026-08-12T14:30:00+09:00,g2-fresh-b-art-observation-v1,false,0.86,Edge remote CDP로 공식 또는 출판사 연결 라이선스 내부 페이지 6쪽 이상과 2개 이상 맥락을 직접 관찰한 모델 초벌 Art 근거; exact refs는 art-evidence-manifest.csv에 기록; 사람 검수 전
ev-g2-fresh-b-bib-the-heroic-legend-of-arslan,the-heroic-legend-of-arslan,work,the-heroic-legend-of-arslan,publisher,https://www.kodansha.co.jp/comic/products/0000019131,2026-08-12T13:00:00+09:00,g2-fresh-b-bibliography-v1,false,0.98,2026-08-12 기준 1차 출판사 서지와 일본어 대표 1권 ISBN을 대조한 근거; 패널 검수 전
ev-g2-fresh-b-annotation-the-heroic-legend-of-arslan,the-heroic-legend-of-arslan,work,the-heroic-legend-of-arslan,model,https://www.kodansha.co.jp/comic/products/0000019131/trial,2026-08-12T13:30:00+09:00,g2-fresh-b-entry-annotation-v1,false,0.82,공식 소개와 초반 1~3권 범위의 합법적 내부 미리보기를 대조한 오프라인 모델 초벌 주석; 사람 또는 승인 패널 검수 전
ev-g2-fresh-b-art-the-heroic-legend-of-arslan,the-heroic-legend-of-arslan,work,the-heroic-legend-of-arslan,publisher,https://www.kodansha.co.jp/comic/products/0000019131/trial,2026-08-12T14:30:00+09:00,g2-fresh-b-art-observation-v1,false,0.86,Edge remote CDP로 공식 또는 출판사 연결 라이선스 내부 페이지 6쪽 이상과 2개 이상 맥락을 직접 관찰한 모델 초벌 Art 근거; exact refs는 art-evidence-manifest.csv에 기록; 사람 검수 전
ev-g2-fresh-c-bib-cardcaptor-sakura,cardcaptor-sakura,work,cardcaptor-sakura,publisher,https://www.kodansha.co.jp/comic/products/0000031602,2026-08-12T13:48:00+09:00,g2-fresh-c-bibliography-v1,false,0.98,2026-08-12 기준 1차 출판사 페이지에서 작품 식별자와 대표 1권 ISBN 9784063197433을 대조한 근거; 사람 또는 승인 패널 검수 전
ev-g2-fresh-c-annotation-cardcaptor-sakura,cardcaptor-sakura,work,cardcaptor-sakura,model,https://kodansha.us/series/cardcaptor-sakura-collectors-edition/,2026-08-12T13:48:00+09:00,g2-fresh-c-entry-annotation-v1,false,0.82,1차 출판사 서지·공식 소개와 초반 entry_1_3_volumes 범위의 출판사 라이선스 미리보기를 대조한 오프라인 모델 초벌 Narrative/Tone/Theme 주석; 사람 또는 승인 패널 검수 전
ev-g2-fresh-c-art-cardcaptor-sakura,cardcaptor-sakura,work,cardcaptor-sakura,manual,https://kodansha.us/series/cardcaptor-sakura-collectors-edition/,2026-08-12T13:48:00+09:00,g2-fresh-c-art-observation-v1,false,0.86,Edge remote CDP로 라이선스 리더 chapter 29ea5b8a-947b-4e77-8342-a0aa4a27fca4의 내부 페이지 6쪽과 3개 맥락을 직접 관찰한 모델 초벌 Art 근거; exact refs는 art-evidence-manifest.csv에 기록; motionImpact는 unknown; 사람 검수 전
ev-g2-fresh-c-bib-initial-d,initial-d,work,initial-d,publisher,https://www.kodansha.co.jp/comic/products/0000006854,2026-08-12T13:48:00+09:00,g2-fresh-c-bibliography-v1,false,0.98,2026-08-12 기준 1차 출판사 페이지에서 작품 식별자와 대표 1권 ISBN 9784063235678을 대조한 근거; 사람 또는 승인 패널 검수 전
ev-g2-fresh-c-annotation-initial-d,initial-d,work,initial-d,model,https://kodansha.us/series/initial-d/,2026-08-12T13:48:00+09:00,g2-fresh-c-entry-annotation-v1,false,0.82,1차 출판사 서지·공식 소개와 초반 entry_1_3_volumes 범위의 출판사 라이선스 미리보기를 대조한 오프라인 모델 초벌 Narrative/Tone/Theme 주석; 사람 또는 승인 패널 검수 전
ev-g2-fresh-c-art-initial-d,initial-d,work,initial-d,manual,https://kodansha.us/series/initial-d/,2026-08-12T13:48:00+09:00,g2-fresh-c-art-observation-v1,false,0.86,Edge remote CDP로 라이선스 리더 chapter 98f4a423-0608-4116-b259-98d92e13b6fe의 내부 페이지 6쪽과 3개 맥락을 직접 관찰한 모델 초벌 Art 근거; exact refs는 art-evidence-manifest.csv에 기록; motionImpact는 unknown; 사람 검수 전
ev-g2-fresh-c-bib-cells-at-work,cells-at-work,work,cells-at-work,publisher,https://www.kodansha.co.jp/comic/products/0000045249,2026-08-12T13:48:00+09:00,g2-fresh-c-bibliography-v1,false,0.98,2026-08-12 기준 1차 출판사 페이지에서 작품 식별자와 대표 1권 ISBN 9784063765601을 대조한 근거; 사람 또는 승인 패널 검수 전
ev-g2-fresh-c-annotation-cells-at-work,cells-at-work,work,cells-at-work,model,https://kodansha.us/series/cells-at-work/,2026-08-12T13:48:00+09:00,g2-fresh-c-entry-annotation-v1,false,0.82,1차 출판사 서지·공식 소개와 초반 entry_1_3_volumes 범위의 출판사 라이선스 미리보기를 대조한 오프라인 모델 초벌 Narrative/Tone/Theme 주석; 사람 또는 승인 패널 검수 전
ev-g2-fresh-c-art-cells-at-work,cells-at-work,work,cells-at-work,manual,https://kodansha.us/series/cells-at-work/,2026-08-12T13:48:00+09:00,g2-fresh-c-art-observation-v1,false,0.86,Edge remote CDP로 라이선스 리더 chapter 5c640ec1-e812-49fc-87bb-2c8a3880f148의 내부 페이지 6쪽과 3개 맥락을 직접 관찰한 모델 초벌 Art 근거; exact refs는 art-evidence-manifest.csv에 기록; motionImpact는 unknown; 사람 검수 전
ev-g2-fresh-c-bib-xxxholic,xxxholic,work,xxxholic,publisher,https://www.kodansha.co.jp/comic/products/0000008128,2026-08-12T13:48:00+09:00,g2-fresh-c-bibliography-v1,false,0.98,2026-08-12 기준 1차 출판사 페이지에서 작품 식별자와 대표 1권 ISBN 9784063347524을 대조한 근거; 사람 또는 승인 패널 검수 전
ev-g2-fresh-c-annotation-xxxholic,xxxholic,work,xxxholic,model,https://kodansha.us/series/xxxholic-omnibus/,2026-08-12T13:48:00+09:00,g2-fresh-c-entry-annotation-v1,false,0.82,1차 출판사 서지·공식 소개와 초반 entry_1_3_volumes 범위의 출판사 라이선스 미리보기를 대조한 오프라인 모델 초벌 Narrative/Tone/Theme 주석; 사람 또는 승인 패널 검수 전
ev-g2-fresh-c-art-xxxholic,xxxholic,work,xxxholic,manual,https://kodansha.us/series/xxxholic-omnibus/,2026-08-12T13:48:00+09:00,g2-fresh-c-art-observation-v1,false,0.86,Edge remote CDP로 라이선스 리더 chapter a1fb7c30-02a7-4641-972d-4809ff60bb81의 내부 페이지 6쪽과 3개 맥락을 직접 관찰한 모델 초벌 Art 근거; exact refs는 art-evidence-manifest.csv에 기록; motionImpact는 unknown; 사람 검수 전
ev-g2-fresh-c-bib-sailor-moon,sailor-moon,work,sailor-moon,publisher,https://www.kodansha.co.jp/comic/products/0000027190,2026-08-12T13:48:00+09:00,g2-fresh-c-bibliography-v1,false,0.98,2026-08-12 기준 1차 출판사 페이지에서 작품 식별자와 대표 1권 ISBN 9784061787216을 대조한 근거; 사람 또는 승인 패널 검수 전
ev-g2-fresh-c-annotation-sailor-moon,sailor-moon,work,sailor-moon,model,https://kodansha.us/series/pretty-guardian-sailor-moon-eternal-edition/,2026-08-12T13:48:00+09:00,g2-fresh-c-entry-annotation-v1,false,0.82,1차 출판사 서지·공식 소개와 초반 entry_1_3_volumes 범위의 출판사 라이선스 미리보기를 대조한 오프라인 모델 초벌 Narrative/Tone/Theme 주석; 사람 또는 승인 패널 검수 전
ev-g2-fresh-c-art-sailor-moon,sailor-moon,work,sailor-moon,manual,https://kodansha.us/series/pretty-guardian-sailor-moon-eternal-edition/,2026-08-12T13:48:00+09:00,g2-fresh-c-art-observation-v1,false,0.86,Edge remote CDP로 라이선스 리더 chapter 55688a7a-3684-4e46-9257-58b26b1b8965의 내부 페이지 6쪽과 3개 맥락을 직접 관찰한 모델 초벌 Art 근거; exact refs는 art-evidence-manifest.csv에 기록; motionImpact는 unknown; 사람 검수 전
ev-g2-fresh-c-bib-showa-genroku-rakugo-shinju,showa-genroku-rakugo-shinju,work,showa-genroku-rakugo-shinju,publisher,https://www.kodansha.co.jp/comic/products/0000046395,2026-08-12T13:48:00+09:00,g2-fresh-c-bibliography-v1,false,0.98,2026-08-12 기준 1차 출판사 페이지에서 작품 식별자와 대표 1권 ISBN 9784063805147을 대조한 근거; 사람 또는 승인 패널 검수 전
ev-g2-fresh-c-annotation-showa-genroku-rakugo-shinju,showa-genroku-rakugo-shinju,work,showa-genroku-rakugo-shinju,model,https://kodansha.us/series/descending-stories/,2026-08-12T13:48:00+09:00,g2-fresh-c-entry-annotation-v1,false,0.82,1차 출판사 서지·공식 소개와 초반 entry_1_3_volumes 범위의 출판사 라이선스 미리보기를 대조한 오프라인 모델 초벌 Narrative/Tone/Theme 주석; 사람 또는 승인 패널 검수 전
ev-g2-fresh-c-art-showa-genroku-rakugo-shinju,showa-genroku-rakugo-shinju,work,showa-genroku-rakugo-shinju,manual,https://kodansha.us/series/descending-stories/,2026-08-12T13:48:00+09:00,g2-fresh-c-art-observation-v1,false,0.86,Edge remote CDP로 라이선스 리더 chapter 7e7a6e3a-4adf-4895-87de-194296130b2a의 내부 페이지 6쪽과 3개 맥락을 직접 관찰한 모델 초벌 Art 근거; exact refs는 art-evidence-manifest.csv에 기록; motionImpact는 unknown; 사람 검수 전
ev-g2-fresh-c-bib-wave-listen-to-me,wave-listen-to-me,work,wave-listen-to-me,publisher,https://www.kodansha.co.jp/comic/products/0000047417,2026-08-12T13:48:00+09:00,g2-fresh-c-bibliography-v1,false,0.98,2026-08-12 기준 1차 출판사 페이지에서 작품 식별자와 대표 1권 ISBN 9784063880588을 대조한 근거; 사람 또는 승인 패널 검수 전
ev-g2-fresh-c-annotation-wave-listen-to-me,wave-listen-to-me,work,wave-listen-to-me,model,https://kodansha.us/series/wave-listen-to-me/,2026-08-12T13:48:00+09:00,g2-fresh-c-entry-annotation-v1,false,0.82,1차 출판사 서지·공식 소개와 초반 entry_1_3_volumes 범위의 출판사 라이선스 미리보기를 대조한 오프라인 모델 초벌 Narrative/Tone/Theme 주석; 사람 또는 승인 패널 검수 전
ev-g2-fresh-c-art-wave-listen-to-me,wave-listen-to-me,work,wave-listen-to-me,manual,https://kodansha.us/series/wave-listen-to-me/,2026-08-12T13:48:00+09:00,g2-fresh-c-art-observation-v1,false,0.86,Edge remote CDP로 라이선스 리더 chapter e271f6fd-3323-4008-b254-56bbdc0270ba의 내부 페이지 6쪽과 3개 맥락을 직접 관찰한 모델 초벌 Art 근거; exact refs는 art-evidence-manifest.csv에 기록; motionImpact는 unknown; 사람 검수 전
ev-g2-fresh-c-bib-police-in-a-pod,police-in-a-pod,work,police-in-a-pod,publisher,https://www.kodansha.co.jp/comic/products/0000115816,2026-08-12T13:48:00+09:00,g2-fresh-c-bibliography-v1,false,0.98,2026-08-12 기준 1차 출판사 페이지에서 작품 식별자와 대표 1권 ISBN 9784065113226을 대조한 근거; 사람 또는 승인 패널 검수 전
ev-g2-fresh-c-annotation-police-in-a-pod,police-in-a-pod,work,police-in-a-pod,model,https://kodansha.us/series/police-in-a-pod/,2026-08-12T13:48:00+09:00,g2-fresh-c-entry-annotation-v1,false,0.82,1차 출판사 서지·공식 소개와 초반 entry_1_3_volumes 범위의 출판사 라이선스 미리보기를 대조한 오프라인 모델 초벌 Narrative/Tone/Theme 주석; 사람 또는 승인 패널 검수 전
ev-g2-fresh-c-art-police-in-a-pod,police-in-a-pod,work,police-in-a-pod,manual,https://kodansha.us/series/police-in-a-pod/,2026-08-12T13:48:00+09:00,g2-fresh-c-art-observation-v1,false,0.86,Edge remote CDP로 라이선스 리더 chapter 218d4d14-fadd-4ab7-87e9-3a00b5b12132의 내부 페이지 6쪽과 3개 맥락을 직접 관찰한 모델 초벌 Art 근거; exact refs는 art-evidence-manifest.csv에 기록; motionImpact는 unknown; 사람 검수 전
ev-g2-fresh-c-bib-the-fable,the-fable,work,the-fable,publisher,https://www.kodansha.co.jp/comic/products/0000014927,2026-08-12T13:48:00+09:00,g2-fresh-c-bibliography-v1,false,0.98,2026-08-12 기준 1차 출판사 페이지에서 작품 식별자와 대표 1권 ISBN 9784063825633을 대조한 근거; 사람 또는 승인 패널 검수 전
ev-g2-fresh-c-annotation-the-fable,the-fable,work,the-fable,model,https://kodansha.us/series/the-fable/,2026-08-12T13:48:00+09:00,g2-fresh-c-entry-annotation-v1,false,0.82,1차 출판사 서지·공식 소개와 초반 entry_1_3_volumes 범위의 출판사 라이선스 미리보기를 대조한 오프라인 모델 초벌 Narrative/Tone/Theme 주석; 사람 또는 승인 패널 검수 전
ev-g2-fresh-c-art-the-fable,the-fable,work,the-fable,manual,https://kodansha.us/series/the-fable/,2026-08-12T13:48:00+09:00,g2-fresh-c-art-observation-v1,false,0.86,Edge remote CDP로 라이선스 리더 chapter e2838bcc-3edd-4a1d-a053-10bf2bb22b1d의 내부 페이지 6쪽과 3개 맥락을 직접 관찰한 모델 초벌 Art 근거; exact refs는 art-evidence-manifest.csv에 기록; motionImpact는 unknown; 사람 검수 전
ev-g2-fresh-c-bib-ace-of-the-diamond,ace-of-the-diamond,work,ace-of-the-diamond,publisher,https://www.kodansha.co.jp/comic/products/0000012120,2026-08-12T13:48:00+09:00,g2-fresh-c-bibliography-v1,false,0.98,2026-08-12 기준 1차 출판사 페이지에서 작품 식별자와 대표 1권 ISBN 9784063637281을 대조한 근거; 사람 또는 승인 패널 검수 전
ev-g2-fresh-c-annotation-ace-of-the-diamond,ace-of-the-diamond,work,ace-of-the-diamond,model,https://kodansha.us/series/ace-of-the-diamond/,2026-08-12T13:48:00+09:00,g2-fresh-c-entry-annotation-v1,false,0.82,1차 출판사 서지·공식 소개와 초반 entry_1_3_volumes 범위의 출판사 라이선스 미리보기를 대조한 오프라인 모델 초벌 Narrative/Tone/Theme 주석; 사람 또는 승인 패널 검수 전
ev-g2-fresh-c-art-ace-of-the-diamond,ace-of-the-diamond,work,ace-of-the-diamond,manual,https://kodansha.us/series/ace-of-the-diamond/,2026-08-12T13:48:00+09:00,g2-fresh-c-art-observation-v1,false,0.86,Edge remote CDP로 라이선스 리더 chapter c3233f4f-a117-4dc9-a9a3-6e837d35f152의 내부 페이지 6쪽과 3개 맥락을 직접 관찰한 모델 초벌 Art 근거; exact refs는 art-evidence-manifest.csv에 기록; motionImpact는 unknown; 사람 검수 전
ev-g2-fresh-c-bib-days,days,work,days,publisher,https://www.kodansha.co.jp/comic/products/0000017679,2026-08-12T13:48:00+09:00,g2-fresh-c-bibliography-v1,false,0.98,2026-08-12 기준 1차 출판사 페이지에서 작품 식별자와 대표 1권 ISBN 9784063848984을 대조한 근거; 사람 또는 승인 패널 검수 전
ev-g2-fresh-c-annotation-days,days,work,days,model,https://kodansha.us/series/days/,2026-08-12T13:48:00+09:00,g2-fresh-c-entry-annotation-v1,false,0.82,1차 출판사 서지·공식 소개와 초반 entry_1_3_volumes 범위의 출판사 라이선스 미리보기를 대조한 오프라인 모델 초벌 Narrative/Tone/Theme 주석; 사람 또는 승인 패널 검수 전
ev-g2-fresh-c-art-days,days,work,days,manual,https://kodansha.us/series/days/,2026-08-12T13:48:00+09:00,g2-fresh-c-art-observation-v1,false,0.86,Edge remote CDP로 라이선스 리더 chapter 989196e1-2351-4d24-a3b0-91c397f14e9a의 내부 페이지 6쪽과 3개 맥락을 직접 관찰한 모델 초벌 Art 근거; exact refs는 art-evidence-manifest.csv에 기록; motionImpact는 unknown; 사람 검수 전
ev-g2-fresh-c-bib-all-rounder-meguru,all-rounder-meguru,work,all-rounder-meguru,publisher,https://www.kodansha.co.jp/comic/products/0000038657,2026-08-12T13:48:00+09:00,g2-fresh-c-bibliography-v1,false,0.98,2026-08-12 기준 1차 출판사 페이지에서 작품 식별자와 대표 1권 ISBN 9784063522648을 대조한 근거; 사람 또는 승인 패널 검수 전
ev-g2-fresh-c-annotation-all-rounder-meguru,all-rounder-meguru,work,all-rounder-meguru,model,https://kodansha.us/series/all-rounder-meguru/,2026-08-12T13:48:00+09:00,g2-fresh-c-entry-annotation-v1,false,0.82,1차 출판사 서지·공식 소개와 초반 entry_1_3_volumes 범위의 출판사 라이선스 미리보기를 대조한 오프라인 모델 초벌 Narrative/Tone/Theme 주석; 사람 또는 승인 패널 검수 전
ev-g2-fresh-c-art-all-rounder-meguru,all-rounder-meguru,work,all-rounder-meguru,manual,https://kodansha.us/series/all-rounder-meguru/,2026-08-12T13:48:00+09:00,g2-fresh-c-art-observation-v1,false,0.86,Edge remote CDP로 라이선스 리더 chapter 34bc5556-2e52-460b-80b9-a62ee6f2c411의 내부 페이지 6쪽과 3개 맥락을 직접 관찰한 모델 초벌 Art 근거; exact refs는 art-evidence-manifest.csv에 기록; motionImpact는 unknown; 사람 검수 전
ev-g2-fresh-c-bib-perfect-world,perfect-world,work,perfect-world,publisher,https://www.kodansha.co.jp/comic/products/0000036407,2026-08-12T13:48:00+09:00,g2-fresh-c-bibliography-v1,false,0.98,2026-08-12 기준 1차 출판사 페이지에서 작품 식별자와 대표 1권 ISBN 9784063409482을 대조한 근거; 사람 또는 승인 패널 검수 전
ev-g2-fresh-c-annotation-perfect-world,perfect-world,work,perfect-world,model,https://kodansha.us/series/perfect-world/,2026-08-12T13:48:00+09:00,g2-fresh-c-entry-annotation-v1,false,0.82,1차 출판사 서지·공식 소개와 초반 entry_1_3_volumes 범위의 출판사 라이선스 미리보기를 대조한 오프라인 모델 초벌 Narrative/Tone/Theme 주석; 사람 또는 승인 패널 검수 전
ev-g2-fresh-c-art-perfect-world,perfect-world,work,perfect-world,manual,https://kodansha.us/series/perfect-world/,2026-08-12T13:48:00+09:00,g2-fresh-c-art-observation-v1,false,0.86,Edge remote CDP로 라이선스 리더 chapter a768b607-767a-45c1-a281-4da515d640b7의 내부 페이지 6쪽과 3개 맥락을 직접 관찰한 모델 초벌 Art 근거; exact refs는 art-evidence-manifest.csv에 기록; motionImpact는 unknown; 사람 검수 전
ev-g2-fresh-c-bib-tokyo-tarareba-girls,tokyo-tarareba-girls,work,tokyo-tarareba-girls,publisher,https://www.kodansha.co.jp/comic/products/0000036394,2026-08-12T13:48:00+09:00,g2-fresh-c-bibliography-v1,false,0.98,2026-08-12 기준 1차 출판사 페이지에서 작품 식별자와 대표 1권 ISBN 9784063409352을 대조한 근거; 사람 또는 승인 패널 검수 전
ev-g2-fresh-c-annotation-tokyo-tarareba-girls,tokyo-tarareba-girls,work,tokyo-tarareba-girls,model,https://kodansha.us/series/tokyo-tarareba-girls/,2026-08-12T13:48:00+09:00,g2-fresh-c-entry-annotation-v1,false,0.82,1차 출판사 서지·공식 소개와 초반 entry_1_3_volumes 범위의 출판사 라이선스 미리보기를 대조한 오프라인 모델 초벌 Narrative/Tone/Theme 주석; 사람 또는 승인 패널 검수 전
ev-g2-fresh-c-art-tokyo-tarareba-girls,tokyo-tarareba-girls,work,tokyo-tarareba-girls,manual,https://kodansha.us/series/tokyo-tarareba-girls/,2026-08-12T13:48:00+09:00,g2-fresh-c-art-observation-v1,false,0.86,Edge remote CDP로 라이선스 리더 chapter 5dcb32e8-c439-4924-b41f-879df937c1ea의 내부 페이지 6쪽과 3개 맥락을 직접 관찰한 모델 초벌 Art 근거; exact refs는 art-evidence-manifest.csv에 기록; motionImpact는 unknown; 사람 검수 전
ev-g2-fresh-c-bib-flying-witch,flying-witch,work,flying-witch,publisher,https://www.kodansha.co.jp/comic/products/0000019074,2026-08-12T13:48:00+09:00,g2-fresh-c-bibliography-v1,false,0.98,2026-08-12 기준 1차 출판사 페이지에서 작품 식별자와 대표 1권 ISBN 9784063949926을 대조한 근거; 사람 또는 승인 패널 검수 전
ev-g2-fresh-c-annotation-flying-witch,flying-witch,work,flying-witch,model,https://kodansha.us/series/flying-witch/,2026-08-12T13:48:00+09:00,g2-fresh-c-entry-annotation-v1,false,0.82,1차 출판사 서지·공식 소개와 초반 entry_1_3_volumes 범위의 출판사 라이선스 미리보기를 대조한 오프라인 모델 초벌 Narrative/Tone/Theme 주석; 사람 또는 승인 패널 검수 전
ev-g2-fresh-c-art-flying-witch,flying-witch,work,flying-witch,manual,https://kodansha.us/series/flying-witch/,2026-08-12T13:48:00+09:00,g2-fresh-c-art-observation-v1,false,0.86,Edge remote CDP로 라이선스 리더 chapter cd99c6a7-2100-4181-8371-be7da99fc16c의 내부 페이지 6쪽과 3개 맥락을 직접 관찰한 모델 초벌 Art 근거; exact refs는 art-evidence-manifest.csv에 기록; motionImpact는 unknown; 사람 검수 전
ev-g2-fresh-c-bib-witchcraft-works,witchcraft-works,work,witchcraft-works,publisher,https://www.kodansha.co.jp/comic/products/0000029770,2026-08-12T13:48:00+09:00,g2-fresh-c-bibliography-v1,false,0.98,2026-08-12 기준 1차 출판사 페이지에서 작품 식별자와 대표 1권 ISBN 9784063107135을 대조한 근거; 사람 또는 승인 패널 검수 전
ev-g2-fresh-c-annotation-witchcraft-works,witchcraft-works,work,witchcraft-works,model,https://kodansha.us/series/witchcraft-works/,2026-08-12T13:48:00+09:00,g2-fresh-c-entry-annotation-v1,false,0.82,1차 출판사 서지·공식 소개와 초반 entry_1_3_volumes 범위의 출판사 라이선스 미리보기를 대조한 오프라인 모델 초벌 Narrative/Tone/Theme 주석; 사람 또는 승인 패널 검수 전
ev-g2-fresh-c-art-witchcraft-works,witchcraft-works,work,witchcraft-works,manual,https://kodansha.us/series/witchcraft-works/,2026-08-12T13:48:00+09:00,g2-fresh-c-art-observation-v1,false,0.86,Edge remote CDP로 라이선스 리더 chapter 7155902e-efe2-40bb-a8e7-162a1408bff4의 내부 페이지 6쪽과 3개 맥락을 직접 관찰한 모델 초벌 Art 근거; exact refs는 art-evidence-manifest.csv에 기록; motionImpact는 unknown; 사람 검수 전
ev-g2-fresh-c-bib-my-home-hero,my-home-hero,work,my-home-hero,publisher,https://www.kodansha.co.jp/comic/products/0000023007,2026-08-12T13:48:00+09:00,g2-fresh-c-bibliography-v1,false,0.98,2026-08-12 기준 1차 출판사 페이지에서 작품 식별자와 대표 1권 ISBN 9784065101391을 대조한 근거; 사람 또는 승인 패널 검수 전
ev-g2-fresh-c-annotation-my-home-hero,my-home-hero,work,my-home-hero,model,https://kodansha.us/series/my-home-hero/,2026-08-12T13:48:00+09:00,g2-fresh-c-entry-annotation-v1,false,0.82,1차 출판사 서지·공식 소개와 초반 entry_1_3_volumes 범위의 출판사 라이선스 미리보기를 대조한 오프라인 모델 초벌 Narrative/Tone/Theme 주석; 사람 또는 승인 패널 검수 전
ev-g2-fresh-c-art-my-home-hero,my-home-hero,work,my-home-hero,manual,https://kodansha.us/series/my-home-hero/,2026-08-12T13:48:00+09:00,g2-fresh-c-art-observation-v1,false,0.86,Edge remote CDP로 라이선스 리더 chapter f6ca517e-fc63-415d-bfcf-e2f309f6c0c6의 내부 페이지 6쪽과 3개 맥락을 직접 관찰한 모델 초벌 Art 근거; exact refs는 art-evidence-manifest.csv에 기록; motionImpact는 unknown; 사람 검수 전
ev-g2-fresh-c-bib-beck,beck,work,beck,publisher,https://www.kodansha.co.jp/comic/products/0000035236,2026-08-12T13:48:00+09:00,g2-fresh-c-bibliography-v1,false,0.98,2026-08-12 기준 1차 출판사 페이지에서 작품 식별자와 대표 1권 ISBN 9784063342789을 대조한 근거; 사람 또는 승인 패널 검수 전
ev-g2-fresh-c-annotation-beck,beck,work,beck,model,https://kodansha.us/series/beck/,2026-08-12T13:48:00+09:00,g2-fresh-c-entry-annotation-v1,false,0.82,1차 출판사 서지·공식 소개와 초반 entry_1_3_volumes 범위의 출판사 라이선스 미리보기를 대조한 오프라인 모델 초벌 Narrative/Tone/Theme 주석; 사람 또는 승인 패널 검수 전
ev-g2-fresh-c-art-beck,beck,work,beck,manual,https://kodansha.us/series/beck/,2026-08-12T13:48:00+09:00,g2-fresh-c-art-observation-v1,false,0.86,Edge remote CDP로 라이선스 리더 chapter 80cd883b-799e-4080-8c71-38d43fdfe0b9의 내부 페이지 6쪽과 3개 맥락을 직접 관찰한 모델 초벌 Art 근거; exact refs는 art-evidence-manifest.csv에 기록; motionImpact는 unknown; 사람 검수 전
ev-g2-fresh-c-bib-gto,gto,work,gto,publisher,https://www.kodansha.co.jp/comic/products/0000005708,2026-08-12T13:48:00+09:00,g2-fresh-c-bibliography-v1,false,0.98,2026-08-12 기준 1차 출판사 페이지에서 작품 식별자와 대표 1권 ISBN 9784063124118을 대조한 근거; 사람 또는 승인 패널 검수 전
ev-g2-fresh-c-annotation-gto,gto,work,gto,model,https://kodansha.us/series/gto-great-teacher-onizuka/,2026-08-12T13:48:00+09:00,g2-fresh-c-entry-annotation-v1,false,0.82,1차 출판사 서지·공식 소개와 초반 entry_1_3_volumes 범위의 출판사 라이선스 미리보기를 대조한 오프라인 모델 초벌 Narrative/Tone/Theme 주석; 사람 또는 승인 패널 검수 전
ev-g2-fresh-c-art-gto,gto,work,gto,manual,https://kodansha.us/series/gto-great-teacher-onizuka/,2026-08-12T13:48:00+09:00,g2-fresh-c-art-observation-v1,false,0.86,Edge remote CDP로 라이선스 리더 chapter 1cfc8c67-5cef-4fb3-ad0f-ab9c0763501b의 내부 페이지 6쪽과 3개 맥락을 직접 관찰한 모델 초벌 Art 근거; exact refs는 art-evidence-manifest.csv에 기록; motionImpact는 unknown; 사람 검수 전
ev-g2-fresh-c-bib-tomorrows-joe,tomorrows-joe,work,tomorrows-joe,publisher,https://www.kodansha.co.jp/comic/products/0000002420,2026-08-12T13:48:00+09:00,g2-fresh-c-bibliography-v1,false,0.98,2026-08-12 기준 1차 출판사 페이지에서 작품 식별자와 대표 1권 ISBN 9784061090804을 대조한 근거; 사람 또는 승인 패널 검수 전
ev-g2-fresh-c-annotation-tomorrows-joe,tomorrows-joe,work,tomorrows-joe,model,https://kodansha.us/series/ashita-no-joe-fighting-for-tomorrow/,2026-08-12T13:48:00+09:00,g2-fresh-c-entry-annotation-v1,false,0.82,1차 출판사 서지·공식 소개와 초반 entry_1_3_volumes 범위의 출판사 라이선스 미리보기를 대조한 오프라인 모델 초벌 Narrative/Tone/Theme 주석; 사람 또는 승인 패널 검수 전
ev-g2-fresh-c-art-tomorrows-joe,tomorrows-joe,work,tomorrows-joe,manual,https://kodansha.us/series/ashita-no-joe-fighting-for-tomorrow/,2026-08-12T13:48:00+09:00,g2-fresh-c-art-observation-v1,false,0.86,Edge remote CDP로 라이선스 리더 chapter 68933480-3202-4c57-b51a-855c9844c033의 내부 페이지 6쪽과 3개 맥락을 직접 관찰한 모델 초벌 Art 근거; exact refs는 art-evidence-manifest.csv에 기록; motionImpact는 unknown; 사람 검수 전
ev-g2-fresh-c-bib-parasyte,parasyte,work,parasyte,publisher,https://www.kodansha.co.jp/comic/products/0000029944,2026-08-12T13:48:00+09:00,g2-fresh-c-bibliography-v1,false,0.98,2026-08-12 기준 1차 출판사 페이지에서 작품 식별자와 대표 1권 ISBN 9784063140262을 대조한 근거; 사람 또는 승인 패널 검수 전
ev-g2-fresh-c-annotation-parasyte,parasyte,work,parasyte,model,https://kodansha.us/series/parasyte/,2026-08-12T13:48:00+09:00,g2-fresh-c-entry-annotation-v1,false,0.82,1차 출판사 서지·공식 소개와 초반 entry_1_3_volumes 범위의 출판사 라이선스 미리보기를 대조한 오프라인 모델 초벌 Narrative/Tone/Theme 주석; 사람 또는 승인 패널 검수 전
ev-g2-fresh-c-art-parasyte,parasyte,work,parasyte,manual,https://kodansha.us/series/parasyte/,2026-08-12T13:48:00+09:00,g2-fresh-c-art-observation-v1,false,0.86,Edge remote CDP로 라이선스 리더 chapter a96954f0-3c35-4068-a483-5fccbd21fe60의 내부 페이지 6쪽과 3개 맥락을 직접 관찰한 모델 초벌 Art 근거; exact refs는 art-evidence-manifest.csv에 기록; motionImpact는 unknown; 사람 검수 전
ev-g2-fresh-c-bib-princess-jellyfish,princess-jellyfish,work,princess-jellyfish,publisher,https://www.kodansha.co.jp/comic/products/0000036206,2026-08-12T13:48:00+09:00,g2-fresh-c-bibliography-v1,false,0.98,2026-08-12 기준 1차 출판사 페이지에서 작품 식별자와 대표 1권 ISBN 9784063407440을 대조한 근거; 사람 또는 승인 패널 검수 전
ev-g2-fresh-c-annotation-princess-jellyfish,princess-jellyfish,work,princess-jellyfish,model,https://kodansha.us/series/princess-jellyfish/,2026-08-12T13:48:00+09:00,g2-fresh-c-entry-annotation-v1,false,0.82,1차 출판사 서지·공식 소개와 초반 entry_1_3_volumes 범위의 출판사 라이선스 미리보기를 대조한 오프라인 모델 초벌 Narrative/Tone/Theme 주석; 사람 또는 승인 패널 검수 전
ev-g2-fresh-c-art-princess-jellyfish,princess-jellyfish,work,princess-jellyfish,manual,https://kodansha.us/series/princess-jellyfish/,2026-08-12T13:48:00+09:00,g2-fresh-c-art-observation-v1,false,0.86,Edge remote CDP로 라이선스 리더 chapter 0eb91c70-286c-46de-af87-ae6a951c6ad1의 내부 페이지 6쪽과 3개 맥락을 직접 관찰한 모델 초벌 Art 근거; exact refs는 art-evidence-manifest.csv에 기록; motionImpact는 unknown; 사람 검수 전
ev-g2-fresh-c-bib-life-lessons-with-uramichi-oniisan,life-lessons-with-uramichi-oniisan,work,life-lessons-with-uramichi-oniisan,publisher,https://www.ichijinsha.co.jp/pr/uramichi/,2026-08-12T13:48:00+09:00,g2-fresh-c-bibliography-v1,false,0.98,2026-08-12 기준 1차 출판사 페이지에서 작품 식별자와 대표 1권 ISBN 9784758015752을 대조한 근거; 사람 또는 승인 패널 검수 전
ev-g2-fresh-c-annotation-life-lessons-with-uramichi-oniisan,life-lessons-with-uramichi-oniisan,work,life-lessons-with-uramichi-oniisan,model,https://kodansha.us/series/life-lessons-with-uramichi-oniisan/,2026-08-12T13:48:00+09:00,g2-fresh-c-entry-annotation-v1,false,0.82,1차 출판사 서지·공식 소개와 초반 entry_1_3_volumes 범위의 출판사 라이선스 미리보기를 대조한 오프라인 모델 초벌 Narrative/Tone/Theme 주석; 사람 또는 승인 패널 검수 전
ev-g2-fresh-c-art-life-lessons-with-uramichi-oniisan,life-lessons-with-uramichi-oniisan,work,life-lessons-with-uramichi-oniisan,manual,https://kodansha.us/series/life-lessons-with-uramichi-oniisan/,2026-08-12T13:48:00+09:00,g2-fresh-c-art-observation-v1,false,0.86,Edge remote CDP로 라이선스 리더 chapter 89dec34f-88ff-4fba-a25e-1ba00d6a77eb의 내부 페이지 6쪽과 3개 맥락을 직접 관찰한 모델 초벌 Art 근거; exact refs는 art-evidence-manifest.csv에 기록; motionImpact는 unknown; 사람 검수 전
ev-g2-fresh-c-bib-shangri-la-frontier,shangri-la-frontier,work,shangri-la-frontier,publisher,https://www.kodansha.co.jp/comic/products/0000345557,2026-08-12T13:48:00+09:00,g2-fresh-c-bibliography-v1,false,0.98,2026-08-12 기준 1차 출판사 페이지에서 작품 식별자와 대표 1권 ISBN 9784065212325을 대조한 근거; 사람 또는 승인 패널 검수 전
ev-g2-fresh-c-annotation-shangri-la-frontier,shangri-la-frontier,work,shangri-la-frontier,model,https://kodansha.us/series/shangri-la-frontier/,2026-08-12T13:48:00+09:00,g2-fresh-c-entry-annotation-v1,false,0.82,1차 출판사 서지·공식 소개와 초반 entry_1_3_volumes 범위의 출판사 라이선스 미리보기를 대조한 오프라인 모델 초벌 Narrative/Tone/Theme 주석; 사람 또는 승인 패널 검수 전
ev-g2-fresh-c-art-shangri-la-frontier,shangri-la-frontier,work,shangri-la-frontier,manual,https://kodansha.us/series/shangri-la-frontier/,2026-08-12T13:48:00+09:00,g2-fresh-c-art-observation-v1,false,0.86,Edge remote CDP로 라이선스 리더 chapter 5b2e0993-bbbd-4b32-9766-78baadbc7ccd의 내부 페이지 6쪽과 3개 맥락을 직접 관찰한 모델 초벌 Art 근거; exact refs는 art-evidence-manifest.csv에 기록; motionImpact는 unknown; 사람 검수 전
ev-g2-fresh-c-bib-rent-a-girlfriend,rent-a-girlfriend,work,rent-a-girlfriend,publisher,https://www.kodansha.co.jp/comic/products/0000023140,2026-08-12T13:48:00+09:00,g2-fresh-c-bibliography-v1,false,0.98,2026-08-12 기준 1차 출판사 페이지에서 작품 식별자와 대표 1권 ISBN 9784065102213을 대조한 근거; 사람 또는 승인 패널 검수 전
ev-g2-fresh-c-annotation-rent-a-girlfriend,rent-a-girlfriend,work,rent-a-girlfriend,model,https://kodansha.us/series/rent-a-girlfriend/,2026-08-12T13:48:00+09:00,g2-fresh-c-entry-annotation-v1,false,0.82,1차 출판사 서지·공식 소개와 초반 entry_1_3_volumes 범위의 출판사 라이선스 미리보기를 대조한 오프라인 모델 초벌 Narrative/Tone/Theme 주석; 사람 또는 승인 패널 검수 전
ev-g2-fresh-c-art-rent-a-girlfriend,rent-a-girlfriend,work,rent-a-girlfriend,manual,https://kodansha.us/series/rent-a-girlfriend/,2026-08-12T13:48:00+09:00,g2-fresh-c-art-observation-v1,false,0.86,Edge remote CDP로 라이선스 리더 chapter d7f99396-500e-41fe-9f8d-f6f688b051ff의 내부 페이지 6쪽과 3개 맥락을 직접 관찰한 모델 초벌 Art 근거; exact refs는 art-evidence-manifest.csv에 기록; motionImpact는 unknown; 사람 검수 전
ev-g2-fresh-c-bib-inuyashiki,inuyashiki,work,inuyashiki,publisher,https://www.kodansha.co.jp/comic/products/0000039011,2026-08-12T13:48:00+09:00,g2-fresh-c-bibliography-v1,false,0.98,2026-08-12 기준 1차 출판사 페이지에서 작품 식별자와 대표 1권 ISBN 9784063545173을 대조한 근거; 사람 또는 승인 패널 검수 전
ev-g2-fresh-c-annotation-inuyashiki,inuyashiki,work,inuyashiki,model,https://kodansha.us/series/inuyashiki/,2026-08-12T13:48:00+09:00,g2-fresh-c-entry-annotation-v1,false,0.82,1차 출판사 서지·공식 소개와 초반 entry_1_3_volumes 범위의 출판사 라이선스 미리보기를 대조한 오프라인 모델 초벌 Narrative/Tone/Theme 주석; 사람 또는 승인 패널 검수 전
ev-g2-fresh-c-art-inuyashiki,inuyashiki,work,inuyashiki,manual,https://kodansha.us/series/inuyashiki/,2026-08-12T13:48:00+09:00,g2-fresh-c-art-observation-v1,false,0.86,Edge remote CDP로 라이선스 리더 chapter 1fef07e0-bf1e-4319-b6bd-9bc4eb69ca58의 내부 페이지 6쪽과 3개 맥락을 직접 관찰한 모델 초벌 Art 근거; exact refs는 art-evidence-manifest.csv에 기록; motionImpact는 unknown; 사람 검수 전
ev-g2-fresh-c-bib-island-in-a-puddle,island-in-a-puddle,work,island-in-a-puddle,publisher,https://www.kodansha.co.jp/comic/products/0000338457,2026-08-12T13:48:00+09:00,g2-fresh-c-bibliography-v1,false,0.98,2026-08-12 기준 1차 출판사 페이지에서 작품 식별자와 대표 1권 ISBN 9784065188583을 대조한 근거; 사람 또는 승인 패널 검수 전
ev-g2-fresh-c-annotation-island-in-a-puddle,island-in-a-puddle,work,island-in-a-puddle,model,https://kodansha.us/series/island-in-a-puddle/,2026-08-12T13:48:00+09:00,g2-fresh-c-entry-annotation-v1,false,0.82,1차 출판사 서지·공식 소개와 초반 entry_1_3_volumes 범위의 출판사 라이선스 미리보기를 대조한 오프라인 모델 초벌 Narrative/Tone/Theme 주석; 사람 또는 승인 패널 검수 전
ev-g2-fresh-c-art-island-in-a-puddle,island-in-a-puddle,work,island-in-a-puddle,manual,https://kodansha.us/series/island-in-a-puddle/,2026-08-12T13:48:00+09:00,g2-fresh-c-art-observation-v1,false,0.86,Edge remote CDP로 라이선스 리더 chapter 15422bd4-5694-4648-bdd1-e09a973263a2의 내부 페이지 6쪽과 3개 맥락을 직접 관찰한 모델 초벌 Art 근거; exact refs는 art-evidence-manifest.csv에 기록; motionImpact는 unknown; 사람 검수 전
ev-g2-fresh-c-bib-mf-ghost,mf-ghost,work,mf-ghost,publisher,https://www.kodansha.co.jp/comic/products/0000052840,2026-08-12T13:48:00+09:00,g2-fresh-c-bibliography-v1,false,0.98,2026-08-12 기준 1차 출판사 페이지에서 작품 식별자와 대표 1권 ISBN 9784065107072을 대조한 근거; 사람 또는 승인 패널 검수 전
ev-g2-fresh-c-annotation-mf-ghost,mf-ghost,work,mf-ghost,model,https://kodansha.us/series/mf-ghost/,2026-08-12T13:48:00+09:00,g2-fresh-c-entry-annotation-v1,false,0.82,1차 출판사 서지·공식 소개와 초반 entry_1_3_volumes 범위의 출판사 라이선스 미리보기를 대조한 오프라인 모델 초벌 Narrative/Tone/Theme 주석; 사람 또는 승인 패널 검수 전
ev-g2-fresh-c-art-mf-ghost,mf-ghost,work,mf-ghost,manual,https://kodansha.us/series/mf-ghost/,2026-08-12T13:48:00+09:00,g2-fresh-c-art-observation-v1,false,0.86,Edge remote CDP로 라이선스 리더 chapter 7b5dd03a-2e11-4bdd-b716-375973c23e2d의 내부 페이지 6쪽과 3개 맥락을 직접 관찰한 모델 초벌 Art 근거; exact refs는 art-evidence-manifest.csv에 기록; motionImpact는 unknown; 사람 검수 전
ev-g2-fresh-c-bib-my-dearest-self-with-malice-aforethought,my-dearest-self-with-malice-aforethought,work,my-dearest-self-with-malice-aforethought,publisher,https://www.kodansha.co.jp/comic/products/0000313244,2026-08-12T13:48:00+09:00,g2-fresh-c-bibliography-v1,false,0.98,2026-08-12 기준 1차 출판사 페이지에서 작품 식별자와 대표 1권 ISBN 9784065128077을 대조한 근거; 사람 또는 승인 패널 검수 전
ev-g2-fresh-c-annotation-my-dearest-self-with-malice-aforethought,my-dearest-self-with-malice-aforethought,work,my-dearest-self-with-malice-aforethought,model,https://kodansha.us/series/my-dearest-self-with-malice-aforethought/,2026-08-12T13:48:00+09:00,g2-fresh-c-entry-annotation-v1,false,0.82,1차 출판사 서지·공식 소개와 초반 entry_1_3_volumes 범위의 출판사 라이선스 미리보기를 대조한 오프라인 모델 초벌 Narrative/Tone/Theme 주석; 사람 또는 승인 패널 검수 전
ev-g2-fresh-c-art-my-dearest-self-with-malice-aforethought,my-dearest-self-with-malice-aforethought,work,my-dearest-self-with-malice-aforethought,manual,https://kodansha.us/series/my-dearest-self-with-malice-aforethought/,2026-08-12T13:48:00+09:00,g2-fresh-c-art-observation-v1,false,0.86,Edge remote CDP로 라이선스 리더 chapter cb63fe4d-78f6-417e-81af-e7a145e4c166의 내부 페이지 6쪽과 3개 맥락을 직접 관찰한 모델 초벌 Art 근거; exact refs는 art-evidence-manifest.csv에 기록; motionImpact는 unknown; 사람 검수 전
ev-g2-fresh-c-bib-the-golden-sheep,the-golden-sheep,work,the-golden-sheep,publisher,https://www.kodansha.co.jp/comic/products/0000115420,2026-08-12T13:48:00+09:00,g2-fresh-c-bibliography-v1,false,0.98,2026-08-12 기준 1차 출판사 페이지에서 작품 식별자와 대표 1권 ISBN 9784065111260을 대조한 근거; 사람 또는 승인 패널 검수 전
ev-g2-fresh-c-annotation-the-golden-sheep,the-golden-sheep,work,the-golden-sheep,model,https://kodansha.us/series/the-golden-sheep/,2026-08-12T13:48:00+09:00,g2-fresh-c-entry-annotation-v1,false,0.82,1차 출판사 서지·공식 소개와 초반 entry_1_3_volumes 범위의 출판사 라이선스 미리보기를 대조한 오프라인 모델 초벌 Narrative/Tone/Theme 주석; 사람 또는 승인 패널 검수 전
ev-g2-fresh-c-art-the-golden-sheep,the-golden-sheep,work,the-golden-sheep,manual,https://kodansha.us/series/the-golden-sheep/,2026-08-12T13:48:00+09:00,g2-fresh-c-art-observation-v1,false,0.86,Edge remote CDP로 라이선스 리더 chapter fafe2d9c-c8c4-48d6-a8ca-197e7a4ad7c7의 내부 페이지 6쪽과 3개 맥락을 직접 관찰한 모델 초벌 Art 근거; exact refs는 art-evidence-manifest.csv에 기록; motionImpact는 unknown; 사람 검수 전
