workId,targetType,targetId,priorState,priorValue,finalState,finalValue,finalConfidence,decision,precedenceSource,confidenceBasis
work-0153a125c5a56225b06c,axis,progression,unknown,,known,2,0.84,adjudicated-current,data/staging/catalog-expansion/pilots/pilot-001/reviews/grok-current-chunk-04-response.txt,Exact 0.84 was adjudicated claim-by-claim: repeated official entry evidence directly supports the selected anchor; progression=2 is traced to grok-current-chunk-04-response.txt.
work-0153a125c5a56225b06c,axis,problemSolving,unknown,,known,1,0.78,adjudicated-current,data/staging/catalog-expansion/pilots/pilot-001/reviews/grok-current-chunk-04-response.txt,Exact 0.78 was adjudicated claim-by-claim: limited but direct official evidence supports the conservative anchor; problemSolving=1 is traced to grok-current-chunk-04-response.txt.
work-0153a125c5a56225b06c,axis,strategy,unknown,,unknown,,,retained-unknown,data/staging/catalog-expansion/pilots/pilot-001/reviews/grok-current-chunk-04-response.txt,Terminal review retained unknown; no numeric confidence is permitted.
work-0153a125c5a56225b06c,axis,pacing,unknown,,known,1,0.84,adjudicated-current,data/staging/catalog-expansion/pilots/pilot-001/reviews/grok-current-chunk-04-response.txt,Exact 0.84 was adjudicated claim-by-claim: repeated official entry evidence directly supports the selected anchor; pacing=1 is traced to grok-current-chunk-04-response.txt.
work-0153a125c5a56225b06c,axis,mysteryReveal,unknown,,unknown,,,retained-unknown,data/staging/catalog-expansion/pilots/pilot-001/reviews/grok-current-chunk-04-response.txt,Terminal review retained unknown; no numeric confidence is permitted.
work-0153a125c5a56225b06c,axis,worldBuilding,unknown,,known,0,0.82,adjudicated-current,data/staging/catalog-expansion/pilots/pilot-001/reviews/grok-current-chunk-04-response.txt,Exact 0.82 was adjudicated claim-by-claim: direct official bounded evidence supports the selected anchor; worldBuilding=0 is traced to grok-current-chunk-04-response.txt.
work-0153a125c5a56225b06c,axis,characterArcWeight,known,4,known,4,0.9,retained-pass-a,data/staging/catalog-expansion/pilots/pilot-001/reviews/grok-current-chunk-04-response.txt,"The terminal current-SHA review explicitly retained the same state, value, and underlying entry evidence; Pass A confidence is preserved exactly."
work-0153a125c5a56225b06c,axis,relationshipStructure,known,2,known,2,0.9,retained-pass-a,data/staging/catalog-expansion/pilots/pilot-001/reviews/grok-current-chunk-04-response.txt,"The terminal current-SHA review explicitly retained the same state, value, and underlying entry evidence; Pass A confidence is preserved exactly."
work-0153a125c5a56225b06c,axis,comedy,unknown,,unknown,,,retained-unknown,data/staging/catalog-expansion/pilots/pilot-001/reviews/grok-current-chunk-04-response.txt,Terminal review retained unknown; no numeric confidence is permitted.
work-0153a125c5a56225b06c,axis,darkness,known,2,known,2,0.75,retained-pass-a,data/staging/catalog-expansion/pilots/pilot-001/reviews/grok-current-chunk-04-response.txt,"The terminal current-SHA review explicitly retained the same state, value, and underlying entry evidence; Pass A confidence is preserved exactly."
work-0153a125c5a56225b06c,axis,mentalStress,known,2,known,2,0.8,retained-pass-a,data/staging/catalog-expansion/pilots/pilot-001/reviews/grok-current-chunk-04-response.txt,"The terminal current-SHA review explicitly retained the same state, value, and underlying entry evidence; Pass A confidence is preserved exactly."
work-0153a125c5a56225b06c,axis,romance,unknown,,unknown,,,retained-unknown,data/staging/catalog-expansion/pilots/pilot-001/reviews/grok-current-chunk-04-response.txt,Terminal review retained unknown; no numeric confidence is permitted.
work-0153a125c5a56225b06c,axis,emotionalWarmth,known,4,known,4,0.9,retained-pass-a,data/staging/catalog-expansion/pilots/pilot-001/reviews/grok-current-chunk-04-response.txt,"The terminal current-SHA review explicitly retained the same state, value, and underlying entry evidence; Pass A confidence is preserved exactly."
work-0153a125c5a56225b06c,genre,genres,known,sliceOfLife,known,sliceOfLife,,retained,data/staging/catalog-expansion/pilots/pilot-001/reviews/grok-current-chunk-04-response.txt,Genre rows have no numeric-confidence field; the terminal review independently accepted the listed canonical enums.
work-0153a125c5a56225b06c,theme,foundFamily,known,2,known,2,0.95,retained-pass-a,data/staging/catalog-expansion/pilots/pilot-001/reviews/grok-current-chunk-04-response.txt,The terminal current-SHA review explicitly retained the same centrality and underlying entry evidence; Pass A confidence is preserved exactly.
work-0262dcaa820443c3185d,axis,progression,known,0,known,0,0.82,retained-pass-a,data/staging/catalog-expansion/pilots/pilot-001/reviews/grok-current-chunk-01-followup-response.txt,"The terminal current-SHA review explicitly retained the same state, value, and underlying entry evidence; Pass A confidence is preserved exactly."
work-0262dcaa820443c3185d,axis,problemSolving,known,2,known,2,0.72,retained-pass-a,data/staging/catalog-expansion/pilots/pilot-001/reviews/grok-current-chunk-01-followup-response.txt,"The terminal current-SHA review explicitly retained the same state, value, and underlying entry evidence; Pass A confidence is preserved exactly."
work-0262dcaa820443c3185d,axis,strategy,known,2,known,2,0.68,retained-pass-a,data/staging/catalog-expansion/pilots/pilot-001/reviews/grok-current-chunk-01-followup-response.txt,"The terminal current-SHA review explicitly retained the same state, value, and underlying entry evidence; Pass A confidence is preserved exactly."
work-0262dcaa820443c3185d,axis,pacing,known,4,known,4,0.88,retained-pass-a,data/staging/catalog-expansion/pilots/pilot-001/reviews/grok-current-chunk-01-followup-response.txt,"The terminal current-SHA review explicitly retained the same state, value, and underlying entry evidence; Pass A confidence is preserved exactly."
work-0262dcaa820443c3185d,axis,mysteryReveal,unknown,,unknown,,,retained-unknown,data/staging/catalog-expansion/pilots/pilot-001/reviews/grok-current-chunk-01-followup-response.txt,Terminal review retained unknown; no numeric confidence is permitted.
work-0262dcaa820443c3185d,axis,worldBuilding,known,2,known,2,0.70,retained-pass-a,data/staging/catalog-expansion/pilots/pilot-001/reviews/grok-current-chunk-01-followup-response.txt,"The terminal current-SHA review explicitly retained the same state, value, and underlying entry evidence; Pass A confidence is preserved exactly."
work-0262dcaa820443c3185d,axis,characterArcWeight,known,0,known,0,0.70,retained-pass-a,data/staging/catalog-expansion/pilots/pilot-001/reviews/grok-current-chunk-01-followup-response.txt,"The terminal current-SHA review explicitly retained the same state, value, and underlying entry evidence; Pass A confidence is preserved exactly."
work-0262dcaa820443c3185d,axis,relationshipStructure,known,0,known,0,0.86,retained-pass-a,data/staging/catalog-expansion/pilots/pilot-001/reviews/grok-current-chunk-01-followup-response.txt,"The terminal current-SHA review explicitly retained the same state, value, and underlying entry evidence; Pass A confidence is preserved exactly."
work-0262dcaa820443c3185d,axis,comedy,known,0,known,0,0.80,retained-pass-a,data/staging/catalog-expansion/pilots/pilot-001/reviews/grok-current-chunk-01-followup-response.txt,"The terminal current-SHA review explicitly retained the same state, value, and underlying entry evidence; Pass A confidence is preserved exactly."
work-0262dcaa820443c3185d,axis,darkness,known,3,known,3,0.88,retained-pass-a,data/staging/catalog-expansion/pilots/pilot-001/reviews/grok-current-chunk-01-followup-response.txt,"The terminal current-SHA review explicitly retained the same state, value, and underlying entry evidence; Pass A confidence is preserved exactly."
work-0262dcaa820443c3185d,axis,mentalStress,known,1,known,1,0.72,retained-pass-a,data/staging/catalog-expansion/pilots/pilot-001/reviews/grok-current-chunk-01-followup-response.txt,"The terminal current-SHA review explicitly retained the same state, value, and underlying entry evidence; Pass A confidence is preserved exactly."
work-0262dcaa820443c3185d,axis,romance,known,0,known,0,0.84,retained-pass-a,data/staging/catalog-expansion/pilots/pilot-001/reviews/grok-current-chunk-01-followup-response.txt,"The terminal current-SHA review explicitly retained the same state, value, and underlying entry evidence; Pass A confidence is preserved exactly."
work-0262dcaa820443c3185d,axis,emotionalWarmth,known,0,known,0,0.82,retained-pass-a,data/staging/catalog-expansion/pilots/pilot-001/reviews/grok-current-chunk-01-followup-response.txt,"The terminal current-SHA review explicitly retained the same state, value, and underlying entry evidence; Pass A confidence is preserved exactly."
work-0262dcaa820443c3185d,genre,genres,known,action,known,action,,retained,data/staging/catalog-expansion/pilots/pilot-001/reviews/grok-current-chunk-01-followup-response.txt,Genre rows have no numeric-confidence field; the terminal review independently accepted the listed canonical enums.
work-0262dcaa820443c3185d,theme,combat,known,2,known,2,0.90,retained-pass-a,data/staging/catalog-expansion/pilots/pilot-001/reviews/grok-current-chunk-01-followup-response.txt,The terminal current-SHA review explicitly retained the same centrality and underlying entry evidence; Pass A confidence is preserved exactly.
work-0262dcaa820443c3185d,theme,politics,known,1,known,1,0.70,retained-pass-a,data/staging/catalog-expansion/pilots/pilot-001/reviews/grok-current-chunk-01-followup-response.txt,The terminal current-SHA review explicitly retained the same centrality and underlying entry evidence; Pass A confidence is preserved exactly.
work-0262dcaa820443c3185d,theme,workplace,known,2,known,2,0.88,retained-pass-a,data/staging/catalog-expansion/pilots/pilot-001/reviews/grok-current-chunk-01-followup-response.txt,The terminal current-SHA review explicitly retained the same centrality and underlying entry evidence; Pass A confidence is preserved exactly.
work-07b11ec79f10c7eb7e05,axis,progression,known,3,known,3,0.74,retained-pass-a,data/staging/catalog-expansion/pilots/pilot-001/reviews/text-coverage-followup-g-review.md,"The terminal current-SHA review explicitly retained the same state, value, and underlying entry evidence; Pass A confidence is preserved exactly."
work-07b11ec79f10c7eb7e05,axis,problemSolving,unknown,,unknown,,,retained-unknown,data/staging/catalog-expansion/pilots/pilot-001/reviews/text-coverage-followup-g-review.md,Terminal review retained unknown; no numeric confidence is permitted.
work-07b11ec79f10c7eb7e05,axis,strategy,unknown,,unknown,,,retained-unknown,data/staging/catalog-expansion/pilots/pilot-001/reviews/text-coverage-followup-g-review.md,Terminal review retained unknown; no numeric confidence is permitted.
work-07b11ec79f10c7eb7e05,axis,pacing,unknown,,known,3,0.84,adjudicated-current,data/staging/catalog-expansion/pilots/pilot-001/reviews/text-coverage-followup-g-review.md,Exact 0.84 was adjudicated claim-by-claim: repeated official entry evidence directly supports the selected anchor; pacing=3 is traced to text-coverage-followup-g-review.md.
work-07b11ec79f10c7eb7e05,axis,mysteryReveal,unknown,,known,0,0.78,adjudicated-current,data/staging/catalog-expansion/pilots/pilot-001/reviews/text-coverage-followup-g-review.md,Exact 0.78 was adjudicated claim-by-claim: limited but direct official evidence supports the conservative anchor; mysteryReveal=0 is traced to text-coverage-followup-g-review.md.
work-07b11ec79f10c7eb7e05,axis,worldBuilding,unknown,,known,2,0.80,adjudicated-current,data/staging/catalog-expansion/pilots/pilot-001/reviews/text-coverage-followup-g-review.md,Exact 0.80 was adjudicated claim-by-claim: accepted official evidence supports the claim at moderate certainty with a stated boundary; worldBuilding=2 is traced to text-coverage-followup-g-review.md.
work-07b11ec79f10c7eb7e05,axis,characterArcWeight,known,4,known,4,0.86,retained-pass-a,data/staging/catalog-expansion/pilots/pilot-001/reviews/text-coverage-followup-g-review.md,"The terminal current-SHA review explicitly retained the same state, value, and underlying entry evidence; Pass A confidence is preserved exactly."
work-07b11ec79f10c7eb7e05,axis,relationshipStructure,known,2,known,2,0.76,retained-pass-a,data/staging/catalog-expansion/pilots/pilot-001/reviews/text-coverage-followup-g-review.md,"The terminal current-SHA review explicitly retained the same state, value, and underlying entry evidence; Pass A confidence is preserved exactly."
work-07b11ec79f10c7eb7e05,axis,comedy,known,2,known,3,0.88,adjudicated-current,data/staging/catalog-expansion/pilots/pilot-001/reviews/text-coverage-followup-g-review.md,Exact 0.88 was adjudicated claim-by-claim: a complete official episode or several direct bounded units establish the claim; comedy=3 is traced to text-coverage-followup-g-review.md.
work-07b11ec79f10c7eb7e05,axis,darkness,unknown,,unknown,,,retained-unknown,data/staging/catalog-expansion/pilots/pilot-001/reviews/text-coverage-followup-g-review.md,Terminal review retained unknown; no numeric confidence is permitted.
work-07b11ec79f10c7eb7e05,axis,mentalStress,known,2,known,2,0.70,retained-pass-a,data/staging/catalog-expansion/pilots/pilot-001/reviews/text-coverage-followup-g-review.md,"The terminal current-SHA review explicitly retained the same state, value, and underlying entry evidence; Pass A confidence is preserved exactly."
work-07b11ec79f10c7eb7e05,axis,romance,unknown,,unknown,,,retained-unknown,data/staging/catalog-expansion/pilots/pilot-001/reviews/text-coverage-followup-g-review.md,Terminal review retained unknown; no numeric confidence is permitted.
work-07b11ec79f10c7eb7e05,axis,emotionalWarmth,known,3,known,3,0.72,retained-pass-a,data/staging/catalog-expansion/pilots/pilot-001/reviews/text-coverage-followup-g-review.md,"The terminal current-SHA review explicitly retained the same state, value, and underlying entry evidence; Pass A confidence is preserved exactly."
work-07b11ec79f10c7eb7e05,genre,genres,known,sliceOfLife,known,sliceOfLife,,retained,data/staging/catalog-expansion/pilots/pilot-001/reviews/text-coverage-followup-g-review.md,Genre rows have no numeric-confidence field; the terminal review independently accepted the listed canonical enums.
work-07b11ec79f10c7eb7e05,theme,school,known,2,known,2,0.88,retained-pass-a,data/staging/catalog-expansion/pilots/pilot-001/reviews/text-coverage-followup-g-review.md,The terminal current-SHA review explicitly retained the same centrality and underlying entry evidence; Pass A confidence is preserved exactly.
work-07dc759bd91e1cffb2df,axis,progression,known,2,known,2,0.72,retained-pass-a,data/staging/catalog-expansion/pilots/pilot-001/reviews/grok-current-chunk-05-response.txt,"The terminal current-SHA review explicitly retained the same state, value, and underlying entry evidence; Pass A confidence is preserved exactly."
work-07dc759bd91e1cffb2df,axis,problemSolving,unknown,,known,1,0.78,adjudicated-current,data/staging/catalog-expansion/pilots/pilot-001/reviews/grok-current-chunk-05-response.txt,Exact 0.78 was adjudicated claim-by-claim: limited but direct official evidence supports the conservative anchor; problemSolving=1 is traced to grok-current-chunk-05-response.txt.
work-07dc759bd91e1cffb2df,axis,strategy,unknown,,known,2,0.82,adjudicated-current,data/staging/catalog-expansion/pilots/pilot-001/reviews/grok-current-chunk-05-response.txt,Exact 0.82 was adjudicated claim-by-claim: direct official bounded evidence supports the selected anchor; strategy=2 is traced to grok-current-chunk-05-response.txt.
work-07dc759bd91e1cffb2df,axis,pacing,unknown,,known,1,0.86,adjudicated-current,data/staging/catalog-expansion/pilots/pilot-001/reviews/grok-current-chunk-05-response.txt,Exact 0.86 was adjudicated claim-by-claim: multiple official entry units strongly establish the claim while remaining entry-bounded; pacing=1 is traced to grok-current-chunk-05-response.txt.
work-07dc759bd91e1cffb2df,axis,mysteryReveal,unknown,,known,0,0.82,adjudicated-current,data/staging/catalog-expansion/pilots/pilot-001/reviews/grok-current-chunk-05-response.txt,Exact 0.82 was adjudicated claim-by-claim: direct official bounded evidence supports the selected anchor; mysteryReveal=0 is traced to grok-current-chunk-05-response.txt.
work-07dc759bd91e1cffb2df,axis,worldBuilding,unknown,,known,0,0.78,adjudicated-current,data/staging/catalog-expansion/pilots/pilot-001/reviews/grok-current-chunk-05-response.txt,Exact 0.78 was adjudicated claim-by-claim: limited but direct official evidence supports the conservative anchor; worldBuilding=0 is traced to grok-current-chunk-05-response.txt.
work-07dc759bd91e1cffb2df,axis,characterArcWeight,known,4,known,4,0.82,retained-pass-a,data/staging/catalog-expansion/pilots/pilot-001/reviews/grok-current-chunk-05-response.txt,"The terminal current-SHA review explicitly retained the same state, value, and underlying entry evidence; Pass A confidence is preserved exactly."
work-07dc759bd91e1cffb2df,axis,relationshipStructure,known,2,known,2,0.78,retained-pass-a,data/staging/catalog-expansion/pilots/pilot-001/reviews/grok-current-chunk-05-response.txt,"The terminal current-SHA review explicitly retained the same state, value, and underlying entry evidence; Pass A confidence is preserved exactly."
work-07dc759bd91e1cffb2df,axis,comedy,unknown,,known,2,0.80,adjudicated-current,data/staging/catalog-expansion/pilots/pilot-001/reviews/grok-current-chunk-05-response.txt,Exact 0.80 was adjudicated claim-by-claim: accepted official evidence supports the claim at moderate certainty with a stated boundary; comedy=2 is traced to grok-current-chunk-05-response.txt.
work-07dc759bd91e1cffb2df,axis,darkness,unknown,,known,1,0.78,adjudicated-current,data/staging/catalog-expansion/pilots/pilot-001/reviews/grok-current-chunk-05-response.txt,Exact 0.78 was adjudicated claim-by-claim: limited but direct official evidence supports the conservative anchor; darkness=1 is traced to grok-current-chunk-05-response.txt.
work-07dc759bd91e1cffb2df,axis,mentalStress,known,2,known,2,0.74,retained-pass-a,data/staging/catalog-expansion/pilots/pilot-001/reviews/grok-current-chunk-05-response.txt,"The terminal current-SHA review explicitly retained the same state, value, and underlying entry evidence; Pass A confidence is preserved exactly."
work-07dc759bd91e1cffb2df,axis,romance,unknown,,known,0,0.82,adjudicated-current,data/staging/catalog-expansion/pilots/pilot-001/reviews/grok-current-chunk-05-response.txt,Exact 0.82 was adjudicated claim-by-claim: direct official bounded evidence supports the selected anchor; romance=0 is traced to grok-current-chunk-05-response.txt.
work-07dc759bd91e1cffb2df,axis,emotionalWarmth,known,3,known,4,0.88,adjudicated-current,data/staging/catalog-expansion/pilots/pilot-001/reviews/grok-current-chunk-05-response.txt,Exact 0.88 was adjudicated claim-by-claim: a complete official episode or several direct bounded units establish the claim; emotionalWarmth=4 is traced to grok-current-chunk-05-response.txt.
work-07dc759bd91e1cffb2df,genre,genres,known,sliceOfLife,known,sliceOfLife,,retained,data/staging/catalog-expansion/pilots/pilot-001/reviews/grok-current-chunk-05-response.txt,Genre rows have no numeric-confidence field; the terminal review independently accepted the listed canonical enums.
work-07dc759bd91e1cffb2df,theme,cooking,known,1,known,1,0.66,retained-pass-a,data/staging/catalog-expansion/pilots/pilot-001/reviews/grok-current-chunk-05-response.txt,The terminal current-SHA review explicitly retained the same centrality and underlying entry evidence; Pass A confidence is preserved exactly.
work-07dc759bd91e1cffb2df,theme,workplace,known,1,known,1,0.76,retained-pass-a,data/staging/catalog-expansion/pilots/pilot-001/reviews/grok-current-chunk-05-response.txt,The terminal current-SHA review explicitly retained the same centrality and underlying entry evidence; Pass A confidence is preserved exactly.
work-07ff2a01ef593ce2f809,axis,progression,unknown,,unknown,,,retained-unknown,data/staging/catalog-expansion/pilots/pilot-001/reviews/grok-current-chunk-04-response.txt,Terminal review retained unknown; no numeric confidence is permitted.
work-07ff2a01ef593ce2f809,axis,problemSolving,unknown,,unknown,,,retained-unknown,data/staging/catalog-expansion/pilots/pilot-001/reviews/grok-current-chunk-04-response.txt,Terminal review retained unknown; no numeric confidence is permitted.
work-07ff2a01ef593ce2f809,axis,strategy,unknown,,known,0,0.88,adjudicated-current,data/staging/catalog-expansion/pilots/pilot-001/reviews/grok-current-chunk-04-response.txt,Exact 0.88 was adjudicated claim-by-claim: a complete official episode or several direct bounded units establish the claim; strategy=0 is traced to grok-current-chunk-04-response.txt.
work-07ff2a01ef593ce2f809,axis,pacing,unknown,,known,3,0.84,adjudicated-current,data/staging/catalog-expansion/pilots/pilot-001/reviews/grok-current-chunk-04-response.txt,Exact 0.84 was adjudicated claim-by-claim: repeated official entry evidence directly supports the selected anchor; pacing=3 is traced to grok-current-chunk-04-response.txt.
work-07ff2a01ef593ce2f809,axis,mysteryReveal,known,2,known,2,0.8,retained-pass-a,data/staging/catalog-expansion/pilots/pilot-001/reviews/grok-current-chunk-04-response.txt,"The terminal current-SHA review explicitly retained the same state, value, and underlying entry evidence; Pass A confidence is preserved exactly."
work-07ff2a01ef593ce2f809,axis,worldBuilding,unknown,,known,1,0.76,adjudicated-current,data/staging/catalog-expansion/pilots/pilot-001/reviews/grok-current-chunk-04-response.txt,Exact 0.76 was adjudicated claim-by-claim: a subordinate or single bounded official observation supports the low/intermediate anchor; worldBuilding=1 is traced to grok-current-chunk-04-response.txt.
work-07ff2a01ef593ce2f809,axis,characterArcWeight,known,4,known,4,0.9,retained-pass-a,data/staging/catalog-expansion/pilots/pilot-001/reviews/grok-current-chunk-04-response.txt,"The terminal current-SHA review explicitly retained the same state, value, and underlying entry evidence; Pass A confidence is preserved exactly."
work-07ff2a01ef593ce2f809,axis,relationshipStructure,known,2,known,2,0.8,retained-pass-a,data/staging/catalog-expansion/pilots/pilot-001/reviews/grok-current-chunk-04-response.txt,"The terminal current-SHA review explicitly retained the same state, value, and underlying entry evidence; Pass A confidence is preserved exactly."
work-07ff2a01ef593ce2f809,axis,comedy,unknown,,known,1,0.74,adjudicated-current,data/staging/catalog-expansion/pilots/pilot-001/reviews/grok-current-chunk-04-response.txt,Exact 0.74 was adjudicated claim-by-claim: one cautious bounded observation supports the low anchor and no broader claim; comedy=1 is traced to grok-current-chunk-04-response.txt.
work-07ff2a01ef593ce2f809,axis,darkness,known,3,known,3,0.8,retained-pass-a,data/staging/catalog-expansion/pilots/pilot-001/reviews/grok-current-chunk-04-response.txt,"The terminal current-SHA review explicitly retained the same state, value, and underlying entry evidence; Pass A confidence is preserved exactly."
work-07ff2a01ef593ce2f809,axis,mentalStress,known,4,known,4,0.85,retained-pass-a,data/staging/catalog-expansion/pilots/pilot-001/reviews/grok-current-chunk-04-response.txt,"The terminal current-SHA review explicitly retained the same state, value, and underlying entry evidence; Pass A confidence is preserved exactly."
work-07ff2a01ef593ce2f809,axis,romance,unknown,,unknown,,,retained-unknown,data/staging/catalog-expansion/pilots/pilot-001/reviews/grok-current-chunk-04-response.txt,Terminal review retained unknown; no numeric confidence is permitted.
work-07ff2a01ef593ce2f809,axis,emotionalWarmth,unknown,,unknown,,,retained-unknown,data/staging/catalog-expansion/pilots/pilot-001/reviews/grok-current-chunk-04-response.txt,Terminal review retained unknown; no numeric confidence is permitted.
work-07ff2a01ef593ce2f809,genre,genres,known,mystery,known,mystery,,retained,data/staging/catalog-expansion/pilots/pilot-001/reviews/grok-current-chunk-04-response.txt,Genre rows have no numeric-confidence field; the terminal review independently accepted the listed canonical enums.
work-07ff2a01ef593ce2f809,theme,school,known,2,known,2,0.9,retained-pass-a,data/staging/catalog-expansion/pilots/pilot-001/reviews/grok-current-chunk-04-response.txt,The terminal current-SHA review explicitly retained the same centrality and underlying entry evidence; Pass A confidence is preserved exactly.
work-081e75d8bbc53ac64713,axis,progression,unknown,,known,0,0.88,adjudicated-current,data/staging/catalog-expansion/pilots/pilot-001/reviews/grok-current-chunk-05-response.txt,Exact 0.88 was adjudicated claim-by-claim: a complete official episode or several direct bounded units establish the claim; progression=0 is traced to grok-current-chunk-05-response.txt.
work-081e75d8bbc53ac64713,axis,problemSolving,unknown,,known,0,0.88,adjudicated-current,data/staging/catalog-expansion/pilots/pilot-001/reviews/grok-current-chunk-05-response.txt,Exact 0.88 was adjudicated claim-by-claim: a complete official episode or several direct bounded units establish the claim; problemSolving=0 is traced to grok-current-chunk-05-response.txt.
work-081e75d8bbc53ac64713,axis,strategy,unknown,,known,0,0.88,adjudicated-current,data/staging/catalog-expansion/pilots/pilot-001/reviews/grok-current-chunk-05-response.txt,Exact 0.88 was adjudicated claim-by-claim: a complete official episode or several direct bounded units establish the claim; strategy=0 is traced to grok-current-chunk-05-response.txt.
work-081e75d8bbc53ac64713,axis,pacing,unknown,,known,4,0.88,adjudicated-current,data/staging/catalog-expansion/pilots/pilot-001/reviews/grok-current-chunk-05-response.txt,Exact 0.88 was adjudicated claim-by-claim: a complete official episode or several direct bounded units establish the claim; pacing=4 is traced to grok-current-chunk-05-response.txt.
work-081e75d8bbc53ac64713,axis,mysteryReveal,unknown,,known,0,0.88,adjudicated-current,data/staging/catalog-expansion/pilots/pilot-001/reviews/grok-current-chunk-05-response.txt,Exact 0.88 was adjudicated claim-by-claim: a complete official episode or several direct bounded units establish the claim; mysteryReveal=0 is traced to grok-current-chunk-05-response.txt.
work-081e75d8bbc53ac64713,axis,worldBuilding,unknown,,known,2,0.82,adjudicated-current,data/staging/catalog-expansion/pilots/pilot-001/reviews/grok-current-chunk-05-response.txt,Exact 0.82 was adjudicated claim-by-claim: direct official bounded evidence supports the selected anchor; worldBuilding=2 is traced to grok-current-chunk-05-response.txt.
work-081e75d8bbc53ac64713,axis,characterArcWeight,known,4,known,4,0.88,retained-pass-a,data/staging/catalog-expansion/pilots/pilot-001/reviews/grok-current-chunk-05-response.txt,"The terminal current-SHA review explicitly retained the same state, value, and underlying entry evidence; Pass A confidence is preserved exactly."
work-081e75d8bbc53ac64713,axis,relationshipStructure,known,3,known,3,0.82,retained-pass-a,data/staging/catalog-expansion/pilots/pilot-001/reviews/grok-current-chunk-05-response.txt,"The terminal current-SHA review explicitly retained the same state, value, and underlying entry evidence; Pass A confidence is preserved exactly."
work-081e75d8bbc53ac64713,axis,comedy,unknown,,unknown,,,retained-unknown,data/staging/catalog-expansion/pilots/pilot-001/reviews/grok-current-chunk-05-response.txt,Terminal review retained unknown; no numeric confidence is permitted.
work-081e75d8bbc53ac64713,axis,darkness,unknown,,known,2,0.78,adjudicated-current,data/staging/catalog-expansion/pilots/pilot-001/reviews/grok-current-chunk-05-response.txt,Exact 0.78 was adjudicated claim-by-claim: limited but direct official evidence supports the conservative anchor; darkness=2 is traced to grok-current-chunk-05-response.txt.
work-081e75d8bbc53ac64713,axis,mentalStress,known,4,known,4,0.88,retained-pass-a,data/staging/catalog-expansion/pilots/pilot-001/reviews/grok-current-chunk-05-response.txt,"The terminal current-SHA review explicitly retained the same state, value, and underlying entry evidence; Pass A confidence is preserved exactly."
work-081e75d8bbc53ac64713,axis,romance,unknown,,unknown,,,retained-unknown,data/staging/catalog-expansion/pilots/pilot-001/reviews/grok-current-chunk-05-response.txt,Terminal review retained unknown; no numeric confidence is permitted.
work-081e75d8bbc53ac64713,axis,emotionalWarmth,unknown,,known,1,0.74,adjudicated-current,data/staging/catalog-expansion/pilots/pilot-001/reviews/grok-current-chunk-05-response.txt,Exact 0.74 was adjudicated claim-by-claim: one cautious bounded observation supports the low anchor and no broader claim; emotionalWarmth=1 is traced to grok-current-chunk-05-response.txt.
work-081e75d8bbc53ac64713,genre,genres,known,sports,known,sports,,retained,data/staging/catalog-expansion/pilots/pilot-001/reviews/grok-current-chunk-05-response.txt,Genre rows have no numeric-confidence field; the terminal review independently accepted the listed canonical enums.
work-081e75d8bbc53ac64713,theme,sportsCompetition,known,2,known,2,0.94,retained-pass-a,data/staging/catalog-expansion/pilots/pilot-001/reviews/grok-current-chunk-05-response.txt,The terminal current-SHA review explicitly retained the same centrality and underlying entry evidence; Pass A confidence is preserved exactly.
work-0bec5d8d9474a2197312,axis,progression,unknown,,unknown,,,retained-unknown,data/staging/catalog-expansion/pilots/pilot-001/reviews/grok-current-chunk-02-followup-response.txt,Terminal review retained unknown; no numeric confidence is permitted.
work-0bec5d8d9474a2197312,axis,problemSolving,unknown,,known,0,0.86,adjudicated-current,data/staging/catalog-expansion/pilots/pilot-001/reviews/grok-current-chunk-02-followup-response.txt,Exact 0.86 was adjudicated claim-by-claim: multiple official entry units strongly establish the claim while remaining entry-bounded; problemSolving=0 is traced to grok-current-chunk-02-followup-response.txt.
work-0bec5d8d9474a2197312,axis,strategy,unknown,,known,0,0.86,adjudicated-current,data/staging/catalog-expansion/pilots/pilot-001/reviews/grok-current-chunk-02-followup-response.txt,Exact 0.86 was adjudicated claim-by-claim: multiple official entry units strongly establish the claim while remaining entry-bounded; strategy=0 is traced to grok-current-chunk-02-followup-response.txt.
work-0bec5d8d9474a2197312,axis,pacing,unknown,,known,2,0.82,adjudicated-current,data/staging/catalog-expansion/pilots/pilot-001/reviews/grok-current-chunk-02-followup-response.txt,Exact 0.82 was adjudicated claim-by-claim: direct official bounded evidence supports the selected anchor; pacing=2 is traced to grok-current-chunk-02-followup-response.txt.
work-0bec5d8d9474a2197312,axis,mysteryReveal,unknown,,known,0,0.86,adjudicated-current,data/staging/catalog-expansion/pilots/pilot-001/reviews/grok-current-chunk-02-followup-response.txt,Exact 0.86 was adjudicated claim-by-claim: multiple official entry units strongly establish the claim while remaining entry-bounded; mysteryReveal=0 is traced to grok-current-chunk-02-followup-response.txt.
work-0bec5d8d9474a2197312,axis,worldBuilding,unknown,,unknown,,,retained-unknown,data/staging/catalog-expansion/pilots/pilot-001/reviews/grok-current-chunk-02-followup-response.txt,Terminal review retained unknown; no numeric confidence is permitted.
work-0bec5d8d9474a2197312,axis,characterArcWeight,known,4,known,4,0.9,retained-pass-a,data/staging/catalog-expansion/pilots/pilot-001/reviews/grok-current-chunk-02-followup-response.txt,"The terminal current-SHA review explicitly retained the same state, value, and underlying entry evidence; Pass A confidence is preserved exactly."
work-0bec5d8d9474a2197312,axis,relationshipStructure,known,2,known,2,0.8,retained-pass-a,data/staging/catalog-expansion/pilots/pilot-001/reviews/grok-current-chunk-02-followup-response.txt,"The terminal current-SHA review explicitly retained the same state, value, and underlying entry evidence; Pass A confidence is preserved exactly."
work-0bec5d8d9474a2197312,axis,comedy,unknown,,unknown,,,retained-unknown,data/staging/catalog-expansion/pilots/pilot-001/reviews/grok-current-chunk-02-followup-response.txt,Terminal review retained unknown; no numeric confidence is permitted.
work-0bec5d8d9474a2197312,axis,darkness,unknown,,unknown,,,retained-unknown,data/staging/catalog-expansion/pilots/pilot-001/reviews/grok-current-chunk-02-followup-response.txt,Terminal review retained unknown; no numeric confidence is permitted.
work-0bec5d8d9474a2197312,axis,mentalStress,unknown,,known,3,0.84,adjudicated-current,data/staging/catalog-expansion/pilots/pilot-001/reviews/grok-current-chunk-02-followup-response.txt,Exact 0.84 was adjudicated claim-by-claim: repeated official entry evidence directly supports the selected anchor; mentalStress=3 is traced to grok-current-chunk-02-followup-response.txt.
work-0bec5d8d9474a2197312,axis,romance,unknown,,known,1,0.76,adjudicated-current,data/staging/catalog-expansion/pilots/pilot-001/reviews/grok-current-chunk-02-followup-response.txt,Exact 0.76 was adjudicated claim-by-claim: a subordinate or single bounded official observation supports the low/intermediate anchor; romance=1 is traced to grok-current-chunk-02-followup-response.txt.
work-0bec5d8d9474a2197312,axis,emotionalWarmth,unknown,,known,2,0.82,adjudicated-current,data/staging/catalog-expansion/pilots/pilot-001/reviews/grok-current-chunk-02-followup-response.txt,Exact 0.82 was adjudicated claim-by-claim: direct official bounded evidence supports the selected anchor; emotionalWarmth=2 is traced to grok-current-chunk-02-followup-response.txt.
work-0bec5d8d9474a2197312,genre,genres,known,sliceOfLife,known,sliceOfLife,,retained,data/staging/catalog-expansion/pilots/pilot-001/reviews/grok-current-chunk-02-followup-response.txt,Genre rows have no numeric-confidence field; the terminal review independently accepted the listed canonical enums.
work-0bec5d8d9474a2197312,theme,school,known,2,known,2,0.9,retained-pass-a,data/staging/catalog-expansion/pilots/pilot-001/reviews/grok-current-chunk-02-followup-response.txt,The terminal current-SHA review explicitly retained the same centrality and underlying entry evidence; Pass A confidence is preserved exactly.
work-112589a161d1596ec97f,axis,progression,unknown,,known,2,0.82,adjudicated-current,data/staging/catalog-expansion/pilots/pilot-001/reviews/grok-current-chunk-05-response.txt,Exact 0.82 was adjudicated claim-by-claim: direct official bounded evidence supports the selected anchor; progression=2 is traced to grok-current-chunk-05-response.txt.
work-112589a161d1596ec97f,axis,problemSolving,unknown,,known,2,0.82,adjudicated-current,data/staging/catalog-expansion/pilots/pilot-001/reviews/grok-current-chunk-05-response.txt,Exact 0.82 was adjudicated claim-by-claim: direct official bounded evidence supports the selected anchor; problemSolving=2 is traced to grok-current-chunk-05-response.txt.
work-112589a161d1596ec97f,axis,strategy,unknown,,unknown,,,retained-unknown,data/staging/catalog-expansion/pilots/pilot-001/reviews/grok-current-chunk-05-response.txt,Terminal review retained unknown; no numeric confidence is permitted.
work-112589a161d1596ec97f,axis,pacing,unknown,,known,4,0.88,adjudicated-current,data/staging/catalog-expansion/pilots/pilot-001/reviews/grok-current-chunk-05-response.txt,Exact 0.88 was adjudicated claim-by-claim: a complete official episode or several direct bounded units establish the claim; pacing=4 is traced to grok-current-chunk-05-response.txt.
work-112589a161d1596ec97f,axis,mysteryReveal,unknown,,unknown,,,retained-unknown,data/staging/catalog-expansion/pilots/pilot-001/reviews/grok-current-chunk-05-response.txt,Terminal review retained unknown; no numeric confidence is permitted.
work-112589a161d1596ec97f,axis,worldBuilding,unknown,,known,2,0.82,adjudicated-current,data/staging/catalog-expansion/pilots/pilot-001/reviews/grok-current-chunk-05-response.txt,Exact 0.82 was adjudicated claim-by-claim: direct official bounded evidence supports the selected anchor; worldBuilding=2 is traced to grok-current-chunk-05-response.txt.
work-112589a161d1596ec97f,axis,characterArcWeight,unknown,,unknown,,,retained-unknown,data/staging/catalog-expansion/pilots/pilot-001/reviews/grok-current-chunk-05-response.txt,Terminal review retained unknown; no numeric confidence is permitted.
work-112589a161d1596ec97f,axis,relationshipStructure,known,2,known,2,0.86,retained-pass-a,data/staging/catalog-expansion/pilots/pilot-001/reviews/grok-current-chunk-05-response.txt,"The terminal current-SHA review explicitly retained the same state, value, and underlying entry evidence; Pass A confidence is preserved exactly."
work-112589a161d1596ec97f,axis,comedy,known,3,known,3,0.80,retained-pass-a,data/staging/catalog-expansion/pilots/pilot-001/reviews/grok-current-chunk-05-response.txt,"The terminal current-SHA review explicitly retained the same state, value, and underlying entry evidence; Pass A confidence is preserved exactly."
work-112589a161d1596ec97f,axis,darkness,unknown,,known,2,0.80,adjudicated-current,data/staging/catalog-expansion/pilots/pilot-001/reviews/grok-current-chunk-05-response.txt,Exact 0.80 was adjudicated claim-by-claim: accepted official evidence supports the claim at moderate certainty with a stated boundary; darkness=2 is traced to grok-current-chunk-05-response.txt.
work-112589a161d1596ec97f,axis,mentalStress,known,2,unknown,,,corrected-to-unknown,data/staging/catalog-expansion/pilots/pilot-001/reviews/grok-current-chunk-05-response.txt,Terminal review removed the prior numeric claim; unknown has blank value and confidence by contract.
work-112589a161d1596ec97f,axis,romance,known,1,known,1,0.65,retained-pass-a,data/staging/catalog-expansion/pilots/pilot-001/reviews/grok-current-chunk-05-response.txt,"The terminal current-SHA review explicitly retained the same state, value, and underlying entry evidence; Pass A confidence is preserved exactly."
work-112589a161d1596ec97f,axis,emotionalWarmth,unknown,,known,3,0.80,adjudicated-current,data/staging/catalog-expansion/pilots/pilot-001/reviews/grok-current-chunk-05-response.txt,Exact 0.80 was adjudicated claim-by-claim: accepted official evidence supports the claim at moderate certainty with a stated boundary; emotionalWarmth=3 is traced to grok-current-chunk-05-response.txt.
work-112589a161d1596ec97f,genre,genres,known,comedy;horror,known,comedy;horror,,retained,data/staging/catalog-expansion/pilots/pilot-001/reviews/grok-current-chunk-05-response.txt,Genre rows have no numeric-confidence field; the terminal review independently accepted the listed canonical enums.
work-112589a161d1596ec97f,theme,school,known,2,known,2,0.82,retained-pass-a,data/staging/catalog-expansion/pilots/pilot-001/reviews/grok-current-chunk-05-response.txt,The terminal current-SHA review explicitly retained the same centrality and underlying entry evidence; Pass A confidence is preserved exactly.
work-112589a161d1596ec97f,theme,investigation,known,1,removed,,,adjudicated-remove,data/staging/catalog-expansion/pilots/pilot-001/reviews/grok-current-chunk-05-response.txt,Terminal current-SHA review rejected or omitted this prior Theme; it is absent from the final overlay rather than silently retained.
work-11296a590b885cb73b66,axis,progression,unknown,,known,2,0.84,adjudicated-current,data/staging/catalog-expansion/pilots/pilot-001/reviews/grok-current-chunk-04-response.txt,Exact 0.84 was adjudicated claim-by-claim: repeated official entry evidence directly supports the selected anchor; progression=2 is traced to grok-current-chunk-04-response.txt.
work-11296a590b885cb73b66,axis,problemSolving,unknown,,known,1,0.86,adjudicated-current,data/staging/catalog-expansion/pilots/pilot-001/reviews/grok-current-chunk-04-response.txt,Exact 0.86 was adjudicated claim-by-claim: multiple official entry units strongly establish the claim while remaining entry-bounded; problemSolving=1 is traced to grok-current-chunk-04-response.txt.
work-11296a590b885cb73b66,axis,strategy,unknown,,unknown,,,retained-unknown,data/staging/catalog-expansion/pilots/pilot-001/reviews/grok-current-chunk-04-response.txt,Terminal review retained unknown; no numeric confidence is permitted.
work-11296a590b885cb73b66,axis,pacing,unknown,,known,3,0.86,adjudicated-current,data/staging/catalog-expansion/pilots/pilot-001/reviews/grok-current-chunk-04-response.txt,Exact 0.86 was adjudicated claim-by-claim: multiple official entry units strongly establish the claim while remaining entry-bounded; pacing=3 is traced to grok-current-chunk-04-response.txt.
work-11296a590b885cb73b66,axis,mysteryReveal,unknown,,unknown,,,retained-unknown,data/staging/catalog-expansion/pilots/pilot-001/reviews/grok-current-chunk-04-response.txt,Terminal review retained unknown; no numeric confidence is permitted.
work-11296a590b885cb73b66,axis,worldBuilding,unknown,,known,2,0.82,adjudicated-current,data/staging/catalog-expansion/pilots/pilot-001/reviews/grok-current-chunk-04-response.txt,Exact 0.82 was adjudicated claim-by-claim: direct official bounded evidence supports the selected anchor; worldBuilding=2 is traced to grok-current-chunk-04-response.txt.
work-11296a590b885cb73b66,axis,characterArcWeight,known,4,known,4,0.85,retained-pass-a,data/staging/catalog-expansion/pilots/pilot-001/reviews/grok-current-chunk-04-response.txt,"The terminal current-SHA review explicitly retained the same state, value, and underlying entry evidence; Pass A confidence is preserved exactly."
work-11296a590b885cb73b66,axis,relationshipStructure,known,2,known,2,0.75,retained-pass-a,data/staging/catalog-expansion/pilots/pilot-001/reviews/grok-current-chunk-04-response.txt,"The terminal current-SHA review explicitly retained the same state, value, and underlying entry evidence; Pass A confidence is preserved exactly."
work-11296a590b885cb73b66,axis,comedy,unknown,,unknown,,,retained-unknown,data/staging/catalog-expansion/pilots/pilot-001/reviews/grok-current-chunk-04-response.txt,Terminal review retained unknown; no numeric confidence is permitted.
work-11296a590b885cb73b66,axis,darkness,known,4,known,4,0.9,retained-pass-a,data/staging/catalog-expansion/pilots/pilot-001/reviews/grok-current-chunk-04-response.txt,"The terminal current-SHA review explicitly retained the same state, value, and underlying entry evidence; Pass A confidence is preserved exactly."
work-11296a590b885cb73b66,axis,mentalStress,known,4,known,4,0.85,retained-pass-a,data/staging/catalog-expansion/pilots/pilot-001/reviews/grok-current-chunk-04-response.txt,"The terminal current-SHA review explicitly retained the same state, value, and underlying entry evidence; Pass A confidence is preserved exactly."
work-11296a590b885cb73b66,axis,romance,unknown,,unknown,,,retained-unknown,data/staging/catalog-expansion/pilots/pilot-001/reviews/grok-current-chunk-04-response.txt,Terminal review retained unknown; no numeric confidence is permitted.
work-11296a590b885cb73b66,axis,emotionalWarmth,known,2,known,2,0.75,retained-pass-a,data/staging/catalog-expansion/pilots/pilot-001/reviews/grok-current-chunk-04-response.txt,"The terminal current-SHA review explicitly retained the same state, value, and underlying entry evidence; Pass A confidence is preserved exactly."
work-11296a590b885cb73b66,genre,genres,known,sliceOfLife,known,sliceOfLife,,retained,data/staging/catalog-expansion/pilots/pilot-001/reviews/grok-current-chunk-04-response.txt,Genre rows have no numeric-confidence field; the terminal review independently accepted the listed canonical enums.
work-11296a590b885cb73b66,theme,workplace,known,2,known,2,0.95,retained-pass-a,data/staging/catalog-expansion/pilots/pilot-001/reviews/grok-current-chunk-04-response.txt,The terminal current-SHA review explicitly retained the same centrality and underlying entry evidence; Pass A confidence is preserved exactly.
work-14e489bf1afd1587c44a,axis,progression,known,4,known,4,0.90,retained-pass-a,data/staging/catalog-expansion/pilots/pilot-001/reviews/grok-current-chunk-01-followup-response.txt,"The terminal current-SHA review explicitly retained the same state, value, and underlying entry evidence; Pass A confidence is preserved exactly."
work-14e489bf1afd1587c44a,axis,problemSolving,unknown,,unknown,,,retained-unknown,data/staging/catalog-expansion/pilots/pilot-001/reviews/grok-current-chunk-01-followup-response.txt,Terminal review retained unknown; no numeric confidence is permitted.
work-14e489bf1afd1587c44a,axis,strategy,unknown,,known,2,0.86,adjudicated-current,data/staging/catalog-expansion/pilots/pilot-001/reviews/grok-current-chunk-01-followup-response.txt,Exact 0.86 was adjudicated claim-by-claim: multiple official entry units strongly establish the claim while remaining entry-bounded; strategy=2 is traced to grok-current-chunk-01-followup-response.txt.
work-14e489bf1afd1587c44a,axis,pacing,unknown,,unknown,,,retained-unknown,data/staging/catalog-expansion/pilots/pilot-001/reviews/grok-current-chunk-01-followup-response.txt,Terminal review retained unknown; no numeric confidence is permitted.
work-14e489bf1afd1587c44a,axis,mysteryReveal,known,0,known,0,0.84,retained-pass-a,data/staging/catalog-expansion/pilots/pilot-001/reviews/grok-current-chunk-01-followup-response.txt,"The terminal current-SHA review explicitly retained the same state, value, and underlying entry evidence; Pass A confidence is preserved exactly."
work-14e489bf1afd1587c44a,axis,worldBuilding,known,0,known,0,0.84,retained-pass-a,data/staging/catalog-expansion/pilots/pilot-001/reviews/grok-current-chunk-01-followup-response.txt,"The terminal current-SHA review explicitly retained the same state, value, and underlying entry evidence; Pass A confidence is preserved exactly."
work-14e489bf1afd1587c44a,axis,characterArcWeight,known,4,known,4,0.88,retained-pass-a,data/staging/catalog-expansion/pilots/pilot-001/reviews/grok-current-chunk-01-followup-response.txt,"The terminal current-SHA review explicitly retained the same state, value, and underlying entry evidence; Pass A confidence is preserved exactly."
work-14e489bf1afd1587c44a,axis,relationshipStructure,known,3,known,3,0.80,retained-pass-a,data/staging/catalog-expansion/pilots/pilot-001/reviews/grok-current-chunk-01-followup-response.txt,"The terminal current-SHA review explicitly retained the same state, value, and underlying entry evidence; Pass A confidence is preserved exactly."
work-14e489bf1afd1587c44a,axis,comedy,known,3,known,3,0.82,retained-pass-a,data/staging/catalog-expansion/pilots/pilot-001/reviews/grok-current-chunk-01-followup-response.txt,"The terminal current-SHA review explicitly retained the same state, value, and underlying entry evidence; Pass A confidence is preserved exactly."
work-14e489bf1afd1587c44a,axis,darkness,known,0,known,0,0.87,retained-pass-a,data/staging/catalog-expansion/pilots/pilot-001/reviews/grok-current-chunk-01-followup-response.txt,"The terminal current-SHA review explicitly retained the same state, value, and underlying entry evidence; Pass A confidence is preserved exactly."
work-14e489bf1afd1587c44a,axis,mentalStress,known,2,known,2,0.79,retained-pass-a,data/staging/catalog-expansion/pilots/pilot-001/reviews/grok-current-chunk-01-followup-response.txt,"The terminal current-SHA review explicitly retained the same state, value, and underlying entry evidence; Pass A confidence is preserved exactly."
work-14e489bf1afd1587c44a,axis,romance,known,2,known,2,0.82,retained-pass-a,data/staging/catalog-expansion/pilots/pilot-001/reviews/grok-current-chunk-01-followup-response.txt,"The terminal current-SHA review explicitly retained the same state, value, and underlying entry evidence; Pass A confidence is preserved exactly."
work-14e489bf1afd1587c44a,axis,emotionalWarmth,unknown,,unknown,,,retained-unknown,data/staging/catalog-expansion/pilots/pilot-001/reviews/grok-current-chunk-01-followup-response.txt,Terminal review retained unknown; no numeric confidence is permitted.
work-14e489bf1afd1587c44a,genre,genres,known,sports;comedy;romance,known,sports;comedy;romance,,retained,data/staging/catalog-expansion/pilots/pilot-001/reviews/grok-current-chunk-01-followup-response.txt,Genre rows have no numeric-confidence field; the terminal review independently accepted the listed canonical enums.
work-14e489bf1afd1587c44a,theme,sportsCompetition,known,2,known,2,0.94,retained-pass-a,data/staging/catalog-expansion/pilots/pilot-001/reviews/grok-current-chunk-01-followup-response.txt,The terminal current-SHA review explicitly retained the same centrality and underlying entry evidence; Pass A confidence is preserved exactly.
work-192cbecc59e9c028142b,axis,progression,unknown,,unknown,,,retained-unknown,data/staging/catalog-expansion/pilots/pilot-001/reviews/grok-current-chunk-05-response.txt,Terminal review retained unknown; no numeric confidence is permitted.
work-192cbecc59e9c028142b,axis,problemSolving,unknown,,known,2,0.84,adjudicated-current,data/staging/catalog-expansion/pilots/pilot-001/reviews/grok-current-chunk-05-response.txt,Exact 0.84 was adjudicated claim-by-claim: repeated official entry evidence directly supports the selected anchor; problemSolving=2 is traced to grok-current-chunk-05-response.txt.
work-192cbecc59e9c028142b,axis,strategy,unknown,,known,2,0.86,adjudicated-current,data/staging/catalog-expansion/pilots/pilot-001/reviews/grok-current-chunk-05-response.txt,Exact 0.86 was adjudicated claim-by-claim: multiple official entry units strongly establish the claim while remaining entry-bounded; strategy=2 is traced to grok-current-chunk-05-response.txt.
work-192cbecc59e9c028142b,axis,pacing,unknown,,known,1,0.84,adjudicated-current,data/staging/catalog-expansion/pilots/pilot-001/reviews/grok-current-chunk-05-response.txt,Exact 0.84 was adjudicated claim-by-claim: repeated official entry evidence directly supports the selected anchor; pacing=1 is traced to grok-current-chunk-05-response.txt.
work-192cbecc59e9c028142b,axis,mysteryReveal,unknown,,unknown,,,retained-unknown,data/staging/catalog-expansion/pilots/pilot-001/reviews/grok-current-chunk-05-response.txt,Terminal review retained unknown; no numeric confidence is permitted.
work-192cbecc59e9c028142b,axis,worldBuilding,unknown,,known,2,0.82,adjudicated-current,data/staging/catalog-expansion/pilots/pilot-001/reviews/grok-current-chunk-05-response.txt,Exact 0.82 was adjudicated claim-by-claim: direct official bounded evidence supports the selected anchor; worldBuilding=2 is traced to grok-current-chunk-05-response.txt.
work-192cbecc59e9c028142b,axis,characterArcWeight,known,4,known,4,0.84,retained-pass-a,data/staging/catalog-expansion/pilots/pilot-001/reviews/grok-current-chunk-05-response.txt,"The terminal current-SHA review explicitly retained the same state, value, and underlying entry evidence; Pass A confidence is preserved exactly."
work-192cbecc59e9c028142b,axis,relationshipStructure,known,4,known,3,0.80,adjudicated-current,data/staging/catalog-expansion/pilots/pilot-001/reviews/grok-current-chunk-05-response.txt,Exact 0.80 was adjudicated claim-by-claim: accepted official evidence supports the claim at moderate certainty with a stated boundary; relationshipStructure=3 is traced to grok-current-chunk-05-response.txt.
work-192cbecc59e9c028142b,axis,comedy,unknown,,known,1,0.76,adjudicated-current,data/staging/catalog-expansion/pilots/pilot-001/reviews/grok-current-chunk-05-response.txt,Exact 0.76 was adjudicated claim-by-claim: a subordinate or single bounded official observation supports the low/intermediate anchor; comedy=1 is traced to grok-current-chunk-05-response.txt.
work-192cbecc59e9c028142b,axis,darkness,unknown,,unknown,,,retained-unknown,data/staging/catalog-expansion/pilots/pilot-001/reviews/grok-current-chunk-05-response.txt,Terminal review retained unknown; no numeric confidence is permitted.
work-192cbecc59e9c028142b,axis,mentalStress,unknown,,known,1,0.76,adjudicated-current,data/staging/catalog-expansion/pilots/pilot-001/reviews/grok-current-chunk-05-response.txt,Exact 0.76 was adjudicated claim-by-claim: a subordinate or single bounded official observation supports the low/intermediate anchor; mentalStress=1 is traced to grok-current-chunk-05-response.txt.
work-192cbecc59e9c028142b,axis,romance,unknown,,unknown,,,retained-unknown,data/staging/catalog-expansion/pilots/pilot-001/reviews/grok-current-chunk-05-response.txt,Terminal review retained unknown; no numeric confidence is permitted.
work-192cbecc59e9c028142b,axis,emotionalWarmth,known,3,known,3,0.82,retained-pass-a,data/staging/catalog-expansion/pilots/pilot-001/reviews/grok-current-chunk-05-response.txt,"The terminal current-SHA review explicitly retained the same state, value, and underlying entry evidence; Pass A confidence is preserved exactly."
work-192cbecc59e9c028142b,genre,genres,known,sliceOfLife,known,sliceOfLife,,retained,data/staging/catalog-expansion/pilots/pilot-001/reviews/grok-current-chunk-05-response.txt,Genre rows have no numeric-confidence field; the terminal review independently accepted the listed canonical enums.
work-192cbecc59e9c028142b,theme,workplace,known,2,known,2,0.92,retained-pass-a,data/staging/catalog-expansion/pilots/pilot-001/reviews/grok-current-chunk-05-response.txt,The terminal current-SHA review explicitly retained the same centrality and underlying entry evidence; Pass A confidence is preserved exactly.
work-1cf7a0bb5f55e0d69b27,axis,progression,known,4,known,4,0.85,retained-pass-a,data/staging/catalog-expansion/pilots/pilot-001/reviews/grok-current-chunk-02-followup-response.txt,"The terminal current-SHA review explicitly retained the same state, value, and underlying entry evidence; Pass A confidence is preserved exactly."
work-1cf7a0bb5f55e0d69b27,axis,problemSolving,unknown,,unknown,,,retained-unknown,data/staging/catalog-expansion/pilots/pilot-001/reviews/grok-current-chunk-02-followup-response.txt,Terminal review retained unknown; no numeric confidence is permitted.
work-1cf7a0bb5f55e0d69b27,axis,strategy,unknown,,unknown,,,retained-unknown,data/staging/catalog-expansion/pilots/pilot-001/reviews/grok-current-chunk-02-followup-response.txt,Terminal review retained unknown; no numeric confidence is permitted.
work-1cf7a0bb5f55e0d69b27,axis,pacing,unknown,,known,2,0.84,adjudicated-current,data/staging/catalog-expansion/pilots/pilot-001/reviews/grok-current-chunk-02-followup-response.txt,Exact 0.84 was adjudicated claim-by-claim: repeated official entry evidence directly supports the selected anchor; pacing=2 is traced to grok-current-chunk-02-followup-response.txt.
work-1cf7a0bb5f55e0d69b27,axis,mysteryReveal,unknown,,known,0,0.84,adjudicated-current,data/staging/catalog-expansion/pilots/pilot-001/reviews/grok-current-chunk-02-followup-response.txt,Exact 0.84 was adjudicated claim-by-claim: repeated official entry evidence directly supports the selected anchor; mysteryReveal=0 is traced to grok-current-chunk-02-followup-response.txt.
work-1cf7a0bb5f55e0d69b27,axis,worldBuilding,unknown,,known,2,0.84,adjudicated-current,data/staging/catalog-expansion/pilots/pilot-001/reviews/grok-current-chunk-02-followup-response.txt,Exact 0.84 was adjudicated claim-by-claim: repeated official entry evidence directly supports the selected anchor; worldBuilding=2 is traced to grok-current-chunk-02-followup-response.txt.
work-1cf7a0bb5f55e0d69b27,axis,characterArcWeight,known,2,known,2,0.75,retained-pass-a,data/staging/catalog-expansion/pilots/pilot-001/reviews/grok-current-chunk-02-followup-response.txt,"The terminal current-SHA review explicitly retained the same state, value, and underlying entry evidence; Pass A confidence is preserved exactly."
work-1cf7a0bb5f55e0d69b27,axis,relationshipStructure,unknown,,known,2,0.80,adjudicated-current,data/staging/catalog-expansion/pilots/pilot-001/reviews/grok-current-chunk-02-followup-response.txt,Exact 0.80 was adjudicated claim-by-claim: accepted official evidence supports the claim at moderate certainty with a stated boundary; relationshipStructure=2 is traced to grok-current-chunk-02-followup-response.txt.
work-1cf7a0bb5f55e0d69b27,axis,comedy,unknown,,unknown,,,retained-unknown,data/staging/catalog-expansion/pilots/pilot-001/reviews/grok-current-chunk-02-followup-response.txt,Terminal review retained unknown; no numeric confidence is permitted.
work-1cf7a0bb5f55e0d69b27,axis,darkness,unknown,,unknown,,,retained-unknown,data/staging/catalog-expansion/pilots/pilot-001/reviews/grok-current-chunk-02-followup-response.txt,Terminal review retained unknown; no numeric confidence is permitted.
work-1cf7a0bb5f55e0d69b27,axis,mentalStress,unknown,,known,2,0.80,adjudicated-current,data/staging/catalog-expansion/pilots/pilot-001/reviews/grok-current-chunk-02-followup-response.txt,Exact 0.80 was adjudicated claim-by-claim: accepted official evidence supports the claim at moderate certainty with a stated boundary; mentalStress=2 is traced to grok-current-chunk-02-followup-response.txt.
work-1cf7a0bb5f55e0d69b27,axis,romance,unknown,,known,1,0.76,adjudicated-current,data/staging/catalog-expansion/pilots/pilot-001/reviews/grok-current-chunk-02-followup-response.txt,Exact 0.76 was adjudicated claim-by-claim: a subordinate or single bounded official observation supports the low/intermediate anchor; romance=1 is traced to grok-current-chunk-02-followup-response.txt.
work-1cf7a0bb5f55e0d69b27,axis,emotionalWarmth,unknown,,known,2,0.80,adjudicated-current,data/staging/catalog-expansion/pilots/pilot-001/reviews/grok-current-chunk-02-followup-response.txt,Exact 0.80 was adjudicated claim-by-claim: accepted official evidence supports the claim at moderate certainty with a stated boundary; emotionalWarmth=2 is traced to grok-current-chunk-02-followup-response.txt.
work-1cf7a0bb5f55e0d69b27,genre,genres,known,sports,known,sports,,retained,data/staging/catalog-expansion/pilots/pilot-001/reviews/grok-current-chunk-02-followup-response.txt,Genre rows have no numeric-confidence field; the terminal review independently accepted the listed canonical enums.
work-1cf7a0bb5f55e0d69b27,theme,sportsCompetition,known,2,known,2,0.95,retained-pass-a,data/staging/catalog-expansion/pilots/pilot-001/reviews/grok-current-chunk-02-followup-response.txt,The terminal current-SHA review explicitly retained the same centrality and underlying entry evidence; Pass A confidence is preserved exactly.
work-1fc61ddbeb429b4a2c15,axis,progression,unknown,,known,1,0.78,adjudicated-current,data/staging/catalog-expansion/pilots/pilot-001/reviews/grok-current-chunk-02-followup-response.txt,Exact 0.78 was adjudicated claim-by-claim: limited but direct official evidence supports the conservative anchor; progression=1 is traced to grok-current-chunk-02-followup-response.txt.
work-1fc61ddbeb429b4a2c15,axis,problemSolving,unknown,,known,0,0.82,adjudicated-current,data/staging/catalog-expansion/pilots/pilot-001/reviews/grok-current-chunk-02-followup-response.txt,Exact 0.82 was adjudicated claim-by-claim: direct official bounded evidence supports the selected anchor; problemSolving=0 is traced to grok-current-chunk-02-followup-response.txt.
work-1fc61ddbeb429b4a2c15,axis,strategy,unknown,,unknown,,,retained-unknown,data/staging/catalog-expansion/pilots/pilot-001/reviews/grok-current-chunk-02-followup-response.txt,Terminal review retained unknown; no numeric confidence is permitted.
work-1fc61ddbeb429b4a2c15,axis,pacing,unknown,,known,2,0.82,adjudicated-current,data/staging/catalog-expansion/pilots/pilot-001/reviews/grok-current-chunk-02-followup-response.txt,Exact 0.82 was adjudicated claim-by-claim: direct official bounded evidence supports the selected anchor; pacing=2 is traced to grok-current-chunk-02-followup-response.txt.
work-1fc61ddbeb429b4a2c15,axis,mysteryReveal,unknown,,unknown,,,retained-unknown,data/staging/catalog-expansion/pilots/pilot-001/reviews/grok-current-chunk-02-followup-response.txt,Terminal review retained unknown; no numeric confidence is permitted.
work-1fc61ddbeb429b4a2c15,axis,worldBuilding,known,4,known,4,0.85,retained-pass-a,data/staging/catalog-expansion/pilots/pilot-001/reviews/grok-current-chunk-02-followup-response.txt,"The terminal current-SHA review explicitly retained the same state, value, and underlying entry evidence; Pass A confidence is preserved exactly."
work-1fc61ddbeb429b4a2c15,axis,characterArcWeight,known,4,known,4,0.85,retained-pass-a,data/staging/catalog-expansion/pilots/pilot-001/reviews/grok-current-chunk-02-followup-response.txt,"The terminal current-SHA review explicitly retained the same state, value, and underlying entry evidence; Pass A confidence is preserved exactly."
work-1fc61ddbeb429b4a2c15,axis,relationshipStructure,known,2,known,2,0.8,retained-pass-a,data/staging/catalog-expansion/pilots/pilot-001/reviews/grok-current-chunk-02-followup-response.txt,"The terminal current-SHA review explicitly retained the same state, value, and underlying entry evidence; Pass A confidence is preserved exactly."
work-1fc61ddbeb429b4a2c15,axis,comedy,unknown,,unknown,,,retained-unknown,data/staging/catalog-expansion/pilots/pilot-001/reviews/grok-current-chunk-02-followup-response.txt,Terminal review retained unknown; no numeric confidence is permitted.
work-1fc61ddbeb429b4a2c15,axis,darkness,unknown,,known,1,0.76,adjudicated-current,data/staging/catalog-expansion/pilots/pilot-001/reviews/grok-current-chunk-02-followup-response.txt,Exact 0.76 was adjudicated claim-by-claim: a subordinate or single bounded official observation supports the low/intermediate anchor; darkness=1 is traced to grok-current-chunk-02-followup-response.txt.
work-1fc61ddbeb429b4a2c15,axis,mentalStress,unknown,,known,3,0.82,adjudicated-current,data/staging/catalog-expansion/pilots/pilot-001/reviews/grok-current-chunk-02-followup-response.txt,Exact 0.82 was adjudicated claim-by-claim: direct official bounded evidence supports the selected anchor; mentalStress=3 is traced to grok-current-chunk-02-followup-response.txt.
work-1fc61ddbeb429b4a2c15,axis,romance,known,4,known,4,0.9,retained-pass-a,data/staging/catalog-expansion/pilots/pilot-001/reviews/grok-current-chunk-02-followup-response.txt,"The terminal current-SHA review explicitly retained the same state, value, and underlying entry evidence; Pass A confidence is preserved exactly."
work-1fc61ddbeb429b4a2c15,axis,emotionalWarmth,unknown,,unknown,,,retained-unknown,data/staging/catalog-expansion/pilots/pilot-001/reviews/grok-current-chunk-02-followup-response.txt,Terminal review retained unknown; no numeric confidence is permitted.
work-1fc61ddbeb429b4a2c15,genre,genres,known,historical;romance,known,historical;romance,,retained,data/staging/catalog-expansion/pilots/pilot-001/reviews/grok-current-chunk-02-followup-response.txt,Genre rows have no numeric-confidence field; the terminal review independently accepted the listed canonical enums.
work-1fc61ddbeb429b4a2c15,theme,workplace,known,2,known,2,0.85,retained-pass-a,data/staging/catalog-expansion/pilots/pilot-001/reviews/grok-current-chunk-02-followup-response.txt,The terminal current-SHA review explicitly retained the same centrality and underlying entry evidence; Pass A confidence is preserved exactly.
work-1fc61ddbeb429b4a2c15,theme,historicalReconstruction,known,2,known,2,0.9,retained-pass-a,data/staging/catalog-expansion/pilots/pilot-001/reviews/grok-current-chunk-02-followup-response.txt,The terminal current-SHA review explicitly retained the same centrality and underlying entry evidence; Pass A confidence is preserved exactly.
work-205e576ef057e3aed1ab,axis,progression,unknown,,unknown,,,retained-unknown,data/staging/catalog-expansion/pilots/pilot-001/reviews/grok-current-chunk-03-response.txt,Terminal review retained unknown; no numeric confidence is permitted.
work-205e576ef057e3aed1ab,axis,problemSolving,unknown,,known,0,0.82,adjudicated-current,data/staging/catalog-expansion/pilots/pilot-001/reviews/grok-current-chunk-03-response.txt,Exact 0.82 was adjudicated claim-by-claim: direct official bounded evidence supports the selected anchor; problemSolving=0 is traced to grok-current-chunk-03-response.txt.
work-205e576ef057e3aed1ab,axis,strategy,unknown,,known,0,0.82,adjudicated-current,data/staging/catalog-expansion/pilots/pilot-001/reviews/grok-current-chunk-03-response.txt,Exact 0.82 was adjudicated claim-by-claim: direct official bounded evidence supports the selected anchor; strategy=0 is traced to grok-current-chunk-03-response.txt.
work-205e576ef057e3aed1ab,axis,pacing,unknown,,known,2,0.82,adjudicated-current,data/staging/catalog-expansion/pilots/pilot-001/reviews/grok-current-chunk-03-response.txt,Exact 0.82 was adjudicated claim-by-claim: direct official bounded evidence supports the selected anchor; pacing=2 is traced to grok-current-chunk-03-response.txt.
work-205e576ef057e3aed1ab,axis,mysteryReveal,unknown,,unknown,,,retained-unknown,data/staging/catalog-expansion/pilots/pilot-001/reviews/grok-current-chunk-03-response.txt,Terminal review retained unknown; no numeric confidence is permitted.
work-205e576ef057e3aed1ab,axis,worldBuilding,unknown,,known,2,0.80,adjudicated-current,data/staging/catalog-expansion/pilots/pilot-001/reviews/grok-current-chunk-03-response.txt,Exact 0.80 was adjudicated claim-by-claim: accepted official evidence supports the claim at moderate certainty with a stated boundary; worldBuilding=2 is traced to grok-current-chunk-03-response.txt.
work-205e576ef057e3aed1ab,axis,characterArcWeight,known,4,known,4,0.78,retained-pass-a,data/staging/catalog-expansion/pilots/pilot-001/reviews/grok-current-chunk-03-response.txt,"The terminal current-SHA review explicitly retained the same state, value, and underlying entry evidence; Pass A confidence is preserved exactly."
work-205e576ef057e3aed1ab,axis,relationshipStructure,known,2,known,2,0.76,retained-pass-a,data/staging/catalog-expansion/pilots/pilot-001/reviews/grok-current-chunk-03-response.txt,"The terminal current-SHA review explicitly retained the same state, value, and underlying entry evidence; Pass A confidence is preserved exactly."
work-205e576ef057e3aed1ab,axis,comedy,unknown,,unknown,,,retained-unknown,data/staging/catalog-expansion/pilots/pilot-001/reviews/grok-current-chunk-03-response.txt,Terminal review retained unknown; no numeric confidence is permitted.
work-205e576ef057e3aed1ab,axis,darkness,unknown,,unknown,,,retained-unknown,data/staging/catalog-expansion/pilots/pilot-001/reviews/grok-current-chunk-03-response.txt,Terminal review retained unknown; no numeric confidence is permitted.
work-205e576ef057e3aed1ab,axis,mentalStress,known,2,known,2,0.72,retained-pass-a,data/staging/catalog-expansion/pilots/pilot-001/reviews/grok-current-chunk-03-response.txt,"The terminal current-SHA review explicitly retained the same state, value, and underlying entry evidence; Pass A confidence is preserved exactly."
work-205e576ef057e3aed1ab,axis,romance,known,3,known,3,0.82,retained-pass-a,data/staging/catalog-expansion/pilots/pilot-001/reviews/grok-current-chunk-03-response.txt,"The terminal current-SHA review explicitly retained the same state, value, and underlying entry evidence; Pass A confidence is preserved exactly."
work-205e576ef057e3aed1ab,axis,emotionalWarmth,unknown,,known,2,0.80,adjudicated-current,data/staging/catalog-expansion/pilots/pilot-001/reviews/grok-current-chunk-03-response.txt,Exact 0.80 was adjudicated claim-by-claim: accepted official evidence supports the claim at moderate certainty with a stated boundary; emotionalWarmth=2 is traced to grok-current-chunk-03-response.txt.
work-205e576ef057e3aed1ab,genre,genres,known,historical;romance,known,historical;romance,,retained,data/staging/catalog-expansion/pilots/pilot-001/reviews/grok-current-chunk-03-response.txt,Genre rows have no numeric-confidence field; the terminal review independently accepted the listed canonical enums.
work-205e576ef057e3aed1ab,theme,school,known,2,known,2,0.86,retained-pass-a,data/staging/catalog-expansion/pilots/pilot-001/reviews/grok-current-chunk-03-response.txt,The terminal current-SHA review explicitly retained the same centrality and underlying entry evidence; Pass A confidence is preserved exactly.
work-222504590507d3ab8093,axis,progression,known,2,known,2,0.8,retained-pass-a,data/staging/catalog-expansion/pilots/pilot-001/reviews/grok-current-chunk-04-response.txt,"The terminal current-SHA review explicitly retained the same state, value, and underlying entry evidence; Pass A confidence is preserved exactly."
work-222504590507d3ab8093,axis,problemSolving,unknown,,known,2,0.82,adjudicated-current,data/staging/catalog-expansion/pilots/pilot-001/reviews/grok-current-chunk-04-response.txt,Exact 0.82 was adjudicated claim-by-claim: direct official bounded evidence supports the selected anchor; problemSolving=2 is traced to grok-current-chunk-04-response.txt.
work-222504590507d3ab8093,axis,strategy,unknown,,unknown,,,retained-unknown,data/staging/catalog-expansion/pilots/pilot-001/reviews/grok-current-chunk-04-response.txt,Terminal review retained unknown; no numeric confidence is permitted.
work-222504590507d3ab8093,axis,pacing,unknown,,known,3,0.84,adjudicated-current,data/staging/catalog-expansion/pilots/pilot-001/reviews/grok-current-chunk-04-response.txt,Exact 0.84 was adjudicated claim-by-claim: repeated official entry evidence directly supports the selected anchor; pacing=3 is traced to grok-current-chunk-04-response.txt.
work-222504590507d3ab8093,axis,mysteryReveal,unknown,,unknown,,,retained-unknown,data/staging/catalog-expansion/pilots/pilot-001/reviews/grok-current-chunk-04-response.txt,Terminal review retained unknown; no numeric confidence is permitted.
work-222504590507d3ab8093,axis,worldBuilding,known,2,known,2,0.75,retained-pass-a,data/staging/catalog-expansion/pilots/pilot-001/reviews/grok-current-chunk-04-response.txt,"The terminal current-SHA review explicitly retained the same state, value, and underlying entry evidence; Pass A confidence is preserved exactly."
work-222504590507d3ab8093,axis,characterArcWeight,known,4,known,4,0.9,retained-pass-a,data/staging/catalog-expansion/pilots/pilot-001/reviews/grok-current-chunk-04-response.txt,"The terminal current-SHA review explicitly retained the same state, value, and underlying entry evidence; Pass A confidence is preserved exactly."
work-222504590507d3ab8093,axis,relationshipStructure,known,2,known,2,0.9,retained-pass-a,data/staging/catalog-expansion/pilots/pilot-001/reviews/grok-current-chunk-04-response.txt,"The terminal current-SHA review explicitly retained the same state, value, and underlying entry evidence; Pass A confidence is preserved exactly."
work-222504590507d3ab8093,axis,comedy,unknown,,unknown,,,retained-unknown,data/staging/catalog-expansion/pilots/pilot-001/reviews/grok-current-chunk-04-response.txt,Terminal review retained unknown; no numeric confidence is permitted.
work-222504590507d3ab8093,axis,darkness,unknown,,known,2,0.80,adjudicated-current,data/staging/catalog-expansion/pilots/pilot-001/reviews/grok-current-chunk-04-response.txt,Exact 0.80 was adjudicated claim-by-claim: accepted official evidence supports the claim at moderate certainty with a stated boundary; darkness=2 is traced to grok-current-chunk-04-response.txt.
work-222504590507d3ab8093,axis,mentalStress,unknown,,known,2,0.80,adjudicated-current,data/staging/catalog-expansion/pilots/pilot-001/reviews/grok-current-chunk-04-response.txt,Exact 0.80 was adjudicated claim-by-claim: accepted official evidence supports the claim at moderate certainty with a stated boundary; mentalStress=2 is traced to grok-current-chunk-04-response.txt.
work-222504590507d3ab8093,axis,romance,unknown,,unknown,,,retained-unknown,data/staging/catalog-expansion/pilots/pilot-001/reviews/grok-current-chunk-04-response.txt,Terminal review retained unknown; no numeric confidence is permitted.
work-222504590507d3ab8093,axis,emotionalWarmth,known,4,known,4,0.9,retained-pass-a,data/staging/catalog-expansion/pilots/pilot-001/reviews/grok-current-chunk-04-response.txt,"The terminal current-SHA review explicitly retained the same state, value, and underlying entry evidence; Pass A confidence is preserved exactly."
work-222504590507d3ab8093,genre,genres,known,fantasy,known,fantasy,,retained,data/staging/catalog-expansion/pilots/pilot-001/reviews/grok-current-chunk-04-response.txt,Genre rows have no numeric-confidence field; the terminal review independently accepted the listed canonical enums.
work-222504590507d3ab8093,theme,adventure,known,2,known,2,0.8,retained-pass-a,data/staging/catalog-expansion/pilots/pilot-001/reviews/grok-current-chunk-04-response.txt,The terminal current-SHA review explicitly retained the same centrality and underlying entry evidence; Pass A confidence is preserved exactly.
work-268e1fa3599955359969,axis,progression,known,3,known,2,0.84,adjudicated-current,data/staging/catalog-expansion/pilots/pilot-001/reviews/text-coverage-followup-keion.md,Exact 0.84 was adjudicated claim-by-claim: repeated official entry evidence directly supports the selected anchor; progression=2 is traced to text-coverage-followup-keion.md.
work-268e1fa3599955359969,axis,problemSolving,unknown,,known,1,0.86,adjudicated-current,data/staging/catalog-expansion/pilots/pilot-001/reviews/text-coverage-followup-keion.md,"Exact 0.86 reflects two directly inspected low-intensity constraint-response mechanisms in official volumes 1 and 3, with explicit counter-evidence against value 2."
work-268e1fa3599955359969,axis,strategy,unknown,,unknown,,,retained-unknown,data/staging/catalog-expansion/pilots/pilot-001/reviews/text-coverage-followup-keion.md,Terminal review retained unknown; no numeric confidence is permitted.
work-268e1fa3599955359969,axis,pacing,unknown,,known,3,0.84,adjudicated-current,data/staging/catalog-expansion/pilots/pilot-001/reviews/text-coverage-followup-keion.md,Exact 0.84 was adjudicated claim-by-claim: repeated official entry evidence directly supports the selected anchor; pacing=3 is traced to text-coverage-followup-keion.md.
work-268e1fa3599955359969,axis,mysteryReveal,unknown,,unknown,,,retained-unknown,data/staging/catalog-expansion/pilots/pilot-001/reviews/text-coverage-followup-keion.md,Terminal review retained unknown; no numeric confidence is permitted.
work-268e1fa3599955359969,axis,worldBuilding,unknown,,known,2,0.80,adjudicated-current,data/staging/catalog-expansion/pilots/pilot-001/reviews/text-coverage-followup-keion.md,Exact 0.80 was adjudicated claim-by-claim: accepted official evidence supports the claim at moderate certainty with a stated boundary; worldBuilding=2 is traced to text-coverage-followup-keion.md.
work-268e1fa3599955359969,axis,characterArcWeight,known,3,known,2,0.82,adjudicated-current,data/staging/catalog-expansion/pilots/pilot-001/reviews/text-coverage-followup-keion.md,Exact 0.82 was adjudicated claim-by-claim: direct official bounded evidence supports the selected anchor; characterArcWeight=2 is traced to text-coverage-followup-keion.md.
work-268e1fa3599955359969,axis,relationshipStructure,known,3,known,3,0.82,retained-pass-a,data/staging/catalog-expansion/pilots/pilot-001/reviews/text-coverage-followup-keion.md,"The terminal current-SHA review explicitly retained the same state, value, and underlying entry evidence; Pass A confidence is preserved exactly."
work-268e1fa3599955359969,axis,comedy,unknown,,known,2,0.80,adjudicated-current,data/staging/catalog-expansion/pilots/pilot-001/reviews/text-coverage-followup-keion.md,Exact 0.80 was adjudicated claim-by-claim: accepted official evidence supports the claim at moderate certainty with a stated boundary; comedy=2 is traced to text-coverage-followup-keion.md.
work-268e1fa3599955359969,axis,darkness,unknown,,unknown,,,retained-unknown,data/staging/catalog-expansion/pilots/pilot-001/reviews/text-coverage-followup-keion.md,Terminal review retained unknown; no numeric confidence is permitted.
work-268e1fa3599955359969,axis,mentalStress,known,2,known,3,0.82,adjudicated-current,data/staging/catalog-expansion/pilots/pilot-001/reviews/text-coverage-followup-keion.md,Exact 0.82 was adjudicated claim-by-claim: direct official bounded evidence supports the selected anchor; mentalStress=3 is traced to text-coverage-followup-keion.md.
work-268e1fa3599955359969,axis,romance,unknown,,unknown,,,retained-unknown,data/staging/catalog-expansion/pilots/pilot-001/reviews/text-coverage-followup-keion.md,Terminal review retained unknown; no numeric confidence is permitted.
work-268e1fa3599955359969,axis,emotionalWarmth,unknown,,known,2,0.80,adjudicated-current,data/staging/catalog-expansion/pilots/pilot-001/reviews/text-coverage-followup-keion.md,Exact 0.80 was adjudicated claim-by-claim: accepted official evidence supports the claim at moderate certainty with a stated boundary; emotionalWarmth=2 is traced to text-coverage-followup-keion.md.
work-268e1fa3599955359969,genre,genres,known,sliceOfLife,known,sliceOfLife,,retained,data/staging/catalog-expansion/pilots/pilot-001/reviews/text-coverage-followup-keion.md,Genre rows have no numeric-confidence field; the terminal review independently accepted the listed canonical enums.
work-268e1fa3599955359969,theme,school,known,2,known,2,0.92,retained-pass-a,data/staging/catalog-expansion/pilots/pilot-001/reviews/text-coverage-followup-keion.md,The terminal current-SHA review explicitly retained the same centrality and underlying entry evidence; Pass A confidence is preserved exactly.
work-2f39795212f5ad8db155,axis,progression,unknown,,unknown,,,retained-unknown,data/staging/catalog-expansion/pilots/pilot-001/reviews/grok-current-chunk-02-followup-response.txt,Terminal review retained unknown; no numeric confidence is permitted.
work-2f39795212f5ad8db155,axis,problemSolving,unknown,,known,2,0.82,adjudicated-current,data/staging/catalog-expansion/pilots/pilot-001/reviews/grok-current-chunk-02-followup-response.txt,Exact 0.82 was adjudicated claim-by-claim: direct official bounded evidence supports the selected anchor; problemSolving=2 is traced to grok-current-chunk-02-followup-response.txt.
work-2f39795212f5ad8db155,axis,strategy,known,2,known,2,0.7,retained-pass-a,data/staging/catalog-expansion/pilots/pilot-001/reviews/grok-current-chunk-02-followup-response.txt,"The terminal current-SHA review explicitly retained the same state, value, and underlying entry evidence; Pass A confidence is preserved exactly."
work-2f39795212f5ad8db155,axis,pacing,unknown,,known,3,0.84,adjudicated-current,data/staging/catalog-expansion/pilots/pilot-001/reviews/grok-current-chunk-02-followup-response.txt,Exact 0.84 was adjudicated claim-by-claim: repeated official entry evidence directly supports the selected anchor; pacing=3 is traced to grok-current-chunk-02-followup-response.txt.
work-2f39795212f5ad8db155,axis,mysteryReveal,unknown,,unknown,,,retained-unknown,data/staging/catalog-expansion/pilots/pilot-001/reviews/grok-current-chunk-02-followup-response.txt,Terminal review retained unknown; no numeric confidence is permitted.
work-2f39795212f5ad8db155,axis,worldBuilding,known,2,known,2,0.7,retained-pass-a,data/staging/catalog-expansion/pilots/pilot-001/reviews/grok-current-chunk-02-followup-response.txt,"The terminal current-SHA review explicitly retained the same state, value, and underlying entry evidence; Pass A confidence is preserved exactly."
work-2f39795212f5ad8db155,axis,characterArcWeight,unknown,,known,2,0.82,adjudicated-current,data/staging/catalog-expansion/pilots/pilot-001/reviews/grok-current-chunk-02-followup-response.txt,Exact 0.82 was adjudicated claim-by-claim: direct official bounded evidence supports the selected anchor; characterArcWeight=2 is traced to grok-current-chunk-02-followup-response.txt.
work-2f39795212f5ad8db155,axis,relationshipStructure,known,2,known,2,0.75,retained-pass-a,data/staging/catalog-expansion/pilots/pilot-001/reviews/grok-current-chunk-02-followup-response.txt,"The terminal current-SHA review explicitly retained the same state, value, and underlying entry evidence; Pass A confidence is preserved exactly."
work-2f39795212f5ad8db155,axis,comedy,unknown,,unknown,,,retained-unknown,data/staging/catalog-expansion/pilots/pilot-001/reviews/grok-current-chunk-02-followup-response.txt,Terminal review retained unknown; no numeric confidence is permitted.
work-2f39795212f5ad8db155,axis,darkness,known,4,known,4,0.85,retained-pass-a,data/staging/catalog-expansion/pilots/pilot-001/reviews/grok-current-chunk-02-followup-response.txt,"The terminal current-SHA review explicitly retained the same state, value, and underlying entry evidence; Pass A confidence is preserved exactly."
work-2f39795212f5ad8db155,axis,mentalStress,unknown,,known,4,0.90,adjudicated-current,data/staging/catalog-expansion/pilots/pilot-001/reviews/grok-current-chunk-02-followup-response.txt,Exact 0.90 was adjudicated claim-by-claim: repeated direct entry evidence establishes the claimed core or extreme anchor; mentalStress=4 is traced to grok-current-chunk-02-followup-response.txt.
work-2f39795212f5ad8db155,axis,romance,unknown,,unknown,,,retained-unknown,data/staging/catalog-expansion/pilots/pilot-001/reviews/grok-current-chunk-02-followup-response.txt,Terminal review retained unknown; no numeric confidence is permitted.
work-2f39795212f5ad8db155,axis,emotionalWarmth,unknown,,known,1,0.76,adjudicated-current,data/staging/catalog-expansion/pilots/pilot-001/reviews/grok-current-chunk-02-followup-response.txt,Exact 0.76 was adjudicated claim-by-claim: a subordinate or single bounded official observation supports the low/intermediate anchor; emotionalWarmth=1 is traced to grok-current-chunk-02-followup-response.txt.
work-2f39795212f5ad8db155,genre,genres,known,action;historical,known,action;historical,,retained,data/staging/catalog-expansion/pilots/pilot-001/reviews/grok-current-chunk-02-followup-response.txt,Genre rows have no numeric-confidence field; the terminal review independently accepted the listed canonical enums.
work-2f39795212f5ad8db155,theme,combat,known,2,known,2,0.9,retained-pass-a,data/staging/catalog-expansion/pilots/pilot-001/reviews/grok-current-chunk-02-followup-response.txt,The terminal current-SHA review explicitly retained the same centrality and underlying entry evidence; Pass A confidence is preserved exactly.
work-2f39795212f5ad8db155,theme,politics,known,2,known,2,0.85,retained-pass-a,data/staging/catalog-expansion/pilots/pilot-001/reviews/grok-current-chunk-02-followup-response.txt,The terminal current-SHA review explicitly retained the same centrality and underlying entry evidence; Pass A confidence is preserved exactly.
work-303d0a9d67a606a817af,axis,progression,unknown,,unknown,,,retained-unknown,data/staging/catalog-expansion/pilots/pilot-001/reviews/grok-current-chunk-02-followup-response.txt,Terminal review retained unknown; no numeric confidence is permitted.
work-303d0a9d67a606a817af,axis,problemSolving,known,4,known,4,0.85,retained-pass-a,data/staging/catalog-expansion/pilots/pilot-001/reviews/grok-current-chunk-02-followup-response.txt,"The terminal current-SHA review explicitly retained the same state, value, and underlying entry evidence; Pass A confidence is preserved exactly."
work-303d0a9d67a606a817af,axis,strategy,unknown,,unknown,,,retained-unknown,data/staging/catalog-expansion/pilots/pilot-001/reviews/grok-current-chunk-02-followup-response.txt,Terminal review retained unknown; no numeric confidence is permitted.
work-303d0a9d67a606a817af,axis,pacing,unknown,,known,2,0.80,adjudicated-current,data/staging/catalog-expansion/pilots/pilot-001/reviews/grok-current-chunk-02-followup-response.txt,Exact 0.80 was adjudicated claim-by-claim: accepted official evidence supports the claim at moderate certainty with a stated boundary; pacing=2 is traced to grok-current-chunk-02-followup-response.txt.
work-303d0a9d67a606a817af,axis,mysteryReveal,known,4,known,4,0.85,retained-pass-a,data/staging/catalog-expansion/pilots/pilot-001/reviews/grok-current-chunk-02-followup-response.txt,"The terminal current-SHA review explicitly retained the same state, value, and underlying entry evidence; Pass A confidence is preserved exactly."
work-303d0a9d67a606a817af,axis,worldBuilding,unknown,,known,3,0.82,adjudicated-current,data/staging/catalog-expansion/pilots/pilot-001/reviews/grok-current-chunk-02-followup-response.txt,Exact 0.82 was adjudicated claim-by-claim: direct official bounded evidence supports the selected anchor; worldBuilding=3 is traced to grok-current-chunk-02-followup-response.txt.
work-303d0a9d67a606a817af,axis,characterArcWeight,unknown,,known,1,0.76,adjudicated-current,data/staging/catalog-expansion/pilots/pilot-001/reviews/grok-current-chunk-02-followup-response.txt,Exact 0.76 was adjudicated claim-by-claim: a subordinate or single bounded official observation supports the low/intermediate anchor; characterArcWeight=1 is traced to grok-current-chunk-02-followup-response.txt.
work-303d0a9d67a606a817af,axis,relationshipStructure,unknown,,unknown,,,retained-unknown,data/staging/catalog-expansion/pilots/pilot-001/reviews/grok-current-chunk-02-followup-response.txt,Terminal review retained unknown; no numeric confidence is permitted.
work-303d0a9d67a606a817af,axis,comedy,unknown,,known,1,0.76,adjudicated-current,data/staging/catalog-expansion/pilots/pilot-001/reviews/grok-current-chunk-02-followup-response.txt,Exact 0.76 was adjudicated claim-by-claim: a subordinate or single bounded official observation supports the low/intermediate anchor; comedy=1 is traced to grok-current-chunk-02-followup-response.txt.
work-303d0a9d67a606a817af,axis,darkness,unknown,,known,2,0.80,adjudicated-current,data/staging/catalog-expansion/pilots/pilot-001/reviews/grok-current-chunk-02-followup-response.txt,Exact 0.80 was adjudicated claim-by-claim: accepted official evidence supports the claim at moderate certainty with a stated boundary; darkness=2 is traced to grok-current-chunk-02-followup-response.txt.
work-303d0a9d67a606a817af,axis,mentalStress,unknown,,known,1,0.76,adjudicated-current,data/staging/catalog-expansion/pilots/pilot-001/reviews/grok-current-chunk-02-followup-response.txt,Exact 0.76 was adjudicated claim-by-claim: a subordinate or single bounded official observation supports the low/intermediate anchor; mentalStress=1 is traced to grok-current-chunk-02-followup-response.txt.
work-303d0a9d67a606a817af,axis,romance,unknown,,known,0,0.86,adjudicated-current,data/staging/catalog-expansion/pilots/pilot-001/reviews/grok-current-chunk-02-followup-response.txt,Exact 0.86 was adjudicated claim-by-claim: multiple official entry units strongly establish the claim while remaining entry-bounded; romance=0 is traced to grok-current-chunk-02-followup-response.txt.
work-303d0a9d67a606a817af,axis,emotionalWarmth,unknown,,known,2,0.80,adjudicated-current,data/staging/catalog-expansion/pilots/pilot-001/reviews/grok-current-chunk-02-followup-response.txt,Exact 0.80 was adjudicated claim-by-claim: accepted official evidence supports the claim at moderate certainty with a stated boundary; emotionalWarmth=2 is traced to grok-current-chunk-02-followup-response.txt.
work-303d0a9d67a606a817af,genre,genres,known,mystery,known,mystery,,retained,data/staging/catalog-expansion/pilots/pilot-001/reviews/grok-current-chunk-02-followup-response.txt,Genre rows have no numeric-confidence field; the terminal review independently accepted the listed canonical enums.
work-303d0a9d67a606a817af,theme,investigation,known,2,known,2,0.9,retained-pass-a,data/staging/catalog-expansion/pilots/pilot-001/reviews/grok-current-chunk-02-followup-response.txt,The terminal current-SHA review explicitly retained the same centrality and underlying entry evidence; Pass A confidence is preserved exactly.
work-303d0a9d67a606a817af,theme,workplace,known,2,known,2,0.9,retained-pass-a,data/staging/catalog-expansion/pilots/pilot-001/reviews/grok-current-chunk-02-followup-response.txt,The terminal current-SHA review explicitly retained the same centrality and underlying entry evidence; Pass A confidence is preserved exactly.
work-34bba03e2a127ef29cd7,axis,progression,unknown,,unknown,,,retained-unknown,data/staging/catalog-expansion/pilots/pilot-001/reviews/grok-current-chunk-04-response.txt,Terminal review retained unknown; no numeric confidence is permitted.
work-34bba03e2a127ef29cd7,axis,problemSolving,known,4,known,4,0.85,retained-pass-a,data/staging/catalog-expansion/pilots/pilot-001/reviews/grok-current-chunk-04-response.txt,"The terminal current-SHA review explicitly retained the same state, value, and underlying entry evidence; Pass A confidence is preserved exactly."
work-34bba03e2a127ef29cd7,axis,strategy,unknown,,unknown,,,retained-unknown,data/staging/catalog-expansion/pilots/pilot-001/reviews/grok-current-chunk-04-response.txt,Terminal review retained unknown; no numeric confidence is permitted.
work-34bba03e2a127ef29cd7,axis,pacing,unknown,,known,2,0.82,adjudicated-current,data/staging/catalog-expansion/pilots/pilot-001/reviews/grok-current-chunk-04-response.txt,Exact 0.82 was adjudicated claim-by-claim: direct official bounded evidence supports the selected anchor; pacing=2 is traced to grok-current-chunk-04-response.txt.
work-34bba03e2a127ef29cd7,axis,mysteryReveal,known,2,known,2,0.8,retained-pass-a,data/staging/catalog-expansion/pilots/pilot-001/reviews/grok-current-chunk-04-response.txt,"The terminal current-SHA review explicitly retained the same state, value, and underlying entry evidence; Pass A confidence is preserved exactly."
work-34bba03e2a127ef29cd7,axis,worldBuilding,known,2,known,2,0.8,retained-pass-a,data/staging/catalog-expansion/pilots/pilot-001/reviews/grok-current-chunk-04-response.txt,"The terminal current-SHA review explicitly retained the same state, value, and underlying entry evidence; Pass A confidence is preserved exactly."
work-34bba03e2a127ef29cd7,axis,characterArcWeight,unknown,,known,2,0.80,adjudicated-current,data/staging/catalog-expansion/pilots/pilot-001/reviews/grok-current-chunk-04-response.txt,Exact 0.80 was adjudicated claim-by-claim: accepted official evidence supports the claim at moderate certainty with a stated boundary; characterArcWeight=2 is traced to grok-current-chunk-04-response.txt.
work-34bba03e2a127ef29cd7,axis,relationshipStructure,unknown,,known,2,0.80,adjudicated-current,data/staging/catalog-expansion/pilots/pilot-001/reviews/grok-current-chunk-04-response.txt,Exact 0.80 was adjudicated claim-by-claim: accepted official evidence supports the claim at moderate certainty with a stated boundary; relationshipStructure=2 is traced to grok-current-chunk-04-response.txt.
work-34bba03e2a127ef29cd7,axis,comedy,unknown,,unknown,,,retained-unknown,data/staging/catalog-expansion/pilots/pilot-001/reviews/grok-current-chunk-04-response.txt,Terminal review retained unknown; no numeric confidence is permitted.
work-34bba03e2a127ef29cd7,axis,darkness,unknown,,known,2,0.80,adjudicated-current,data/staging/catalog-expansion/pilots/pilot-001/reviews/grok-current-chunk-04-response.txt,Exact 0.80 was adjudicated claim-by-claim: accepted official evidence supports the claim at moderate certainty with a stated boundary; darkness=2 is traced to grok-current-chunk-04-response.txt.
work-34bba03e2a127ef29cd7,axis,mentalStress,unknown,,known,2,0.80,adjudicated-current,data/staging/catalog-expansion/pilots/pilot-001/reviews/grok-current-chunk-04-response.txt,Exact 0.80 was adjudicated claim-by-claim: accepted official evidence supports the claim at moderate certainty with a stated boundary; mentalStress=2 is traced to grok-current-chunk-04-response.txt.
work-34bba03e2a127ef29cd7,axis,romance,unknown,,known,1,0.76,adjudicated-current,data/staging/catalog-expansion/pilots/pilot-001/reviews/grok-current-chunk-04-response.txt,Exact 0.76 was adjudicated claim-by-claim: a subordinate or single bounded official observation supports the low/intermediate anchor; romance=1 is traced to grok-current-chunk-04-response.txt.
work-34bba03e2a127ef29cd7,axis,emotionalWarmth,unknown,,unknown,,,retained-unknown,data/staging/catalog-expansion/pilots/pilot-001/reviews/grok-current-chunk-04-response.txt,Terminal review retained unknown; no numeric confidence is permitted.
work-34bba03e2a127ef29cd7,genre,genres,known,fantasy;mystery,known,fantasy;mystery,,retained,data/staging/catalog-expansion/pilots/pilot-001/reviews/grok-current-chunk-04-response.txt,Genre rows have no numeric-confidence field; the terminal review independently accepted the listed canonical enums.
work-34bba03e2a127ef29cd7,theme,investigation,known,2,known,2,0.9,retained-pass-a,data/staging/catalog-expansion/pilots/pilot-001/reviews/grok-current-chunk-04-response.txt,The terminal current-SHA review explicitly retained the same centrality and underlying entry evidence; Pass A confidence is preserved exactly.
work-34bba03e2a127ef29cd7,theme,exploration,known,2,known,2,0.85,retained-pass-a,data/staging/catalog-expansion/pilots/pilot-001/reviews/grok-current-chunk-04-response.txt,The terminal current-SHA review explicitly retained the same centrality and underlying entry evidence; Pass A confidence is preserved exactly.
work-3588928ab8f6a2520923,axis,progression,known,3,known,3,0.82,retained-pass-a,data/staging/catalog-expansion/pilots/pilot-001/reviews/grok-current-chunk-05-response.txt,"The terminal current-SHA review explicitly retained the same state, value, and underlying entry evidence; Pass A confidence is preserved exactly."
work-3588928ab8f6a2520923,axis,problemSolving,unknown,,known,0,0.86,adjudicated-current,data/staging/catalog-expansion/pilots/pilot-001/reviews/grok-current-chunk-05-response.txt,Exact 0.86 was adjudicated claim-by-claim: multiple official entry units strongly establish the claim while remaining entry-bounded; problemSolving=0 is traced to grok-current-chunk-05-response.txt.
work-3588928ab8f6a2520923,axis,strategy,unknown,,known,0,0.86,adjudicated-current,data/staging/catalog-expansion/pilots/pilot-001/reviews/grok-current-chunk-05-response.txt,Exact 0.86 was adjudicated claim-by-claim: multiple official entry units strongly establish the claim while remaining entry-bounded; strategy=0 is traced to grok-current-chunk-05-response.txt.
work-3588928ab8f6a2520923,axis,pacing,known,1,known,2,0.84,adjudicated-current,data/staging/catalog-expansion/pilots/pilot-001/reviews/grok-current-chunk-05-response.txt,Exact 0.84 was adjudicated claim-by-claim: repeated official entry evidence directly supports the selected anchor; pacing=2 is traced to grok-current-chunk-05-response.txt.
work-3588928ab8f6a2520923,axis,mysteryReveal,unknown,,known,0,0.86,adjudicated-current,data/staging/catalog-expansion/pilots/pilot-001/reviews/grok-current-chunk-05-response.txt,Exact 0.86 was adjudicated claim-by-claim: multiple official entry units strongly establish the claim while remaining entry-bounded; mysteryReveal=0 is traced to grok-current-chunk-05-response.txt.
work-3588928ab8f6a2520923,axis,worldBuilding,unknown,,known,0,0.84,adjudicated-current,data/staging/catalog-expansion/pilots/pilot-001/reviews/grok-current-chunk-05-response.txt,Exact 0.84 was adjudicated claim-by-claim: repeated official entry evidence directly supports the selected anchor; worldBuilding=0 is traced to grok-current-chunk-05-response.txt.
work-3588928ab8f6a2520923,axis,characterArcWeight,known,4,known,4,0.88,retained-pass-a,data/staging/catalog-expansion/pilots/pilot-001/reviews/grok-current-chunk-05-response.txt,"The terminal current-SHA review explicitly retained the same state, value, and underlying entry evidence; Pass A confidence is preserved exactly."
work-3588928ab8f6a2520923,axis,relationshipStructure,known,2,known,2,0.82,retained-pass-a,data/staging/catalog-expansion/pilots/pilot-001/reviews/grok-current-chunk-05-response.txt,"The terminal current-SHA review explicitly retained the same state, value, and underlying entry evidence; Pass A confidence is preserved exactly."
work-3588928ab8f6a2520923,axis,comedy,unknown,,known,1,0.76,adjudicated-current,data/staging/catalog-expansion/pilots/pilot-001/reviews/grok-current-chunk-05-response.txt,Exact 0.76 was adjudicated claim-by-claim: a subordinate or single bounded official observation supports the low/intermediate anchor; comedy=1 is traced to grok-current-chunk-05-response.txt.
work-3588928ab8f6a2520923,axis,darkness,unknown,,known,1,0.78,adjudicated-current,data/staging/catalog-expansion/pilots/pilot-001/reviews/grok-current-chunk-05-response.txt,Exact 0.78 was adjudicated claim-by-claim: limited but direct official evidence supports the conservative anchor; darkness=1 is traced to grok-current-chunk-05-response.txt.
work-3588928ab8f6a2520923,axis,mentalStress,known,2,known,2,0.72,retained-pass-a,data/staging/catalog-expansion/pilots/pilot-001/reviews/grok-current-chunk-05-response.txt,"The terminal current-SHA review explicitly retained the same state, value, and underlying entry evidence; Pass A confidence is preserved exactly."
work-3588928ab8f6a2520923,axis,romance,unknown,,known,0,0.84,adjudicated-current,data/staging/catalog-expansion/pilots/pilot-001/reviews/grok-current-chunk-05-response.txt,Exact 0.84 was adjudicated claim-by-claim: repeated official entry evidence directly supports the selected anchor; romance=0 is traced to grok-current-chunk-05-response.txt.
work-3588928ab8f6a2520923,axis,emotionalWarmth,unknown,,known,2,0.82,adjudicated-current,data/staging/catalog-expansion/pilots/pilot-001/reviews/grok-current-chunk-05-response.txt,Exact 0.82 was adjudicated claim-by-claim: direct official bounded evidence supports the selected anchor; emotionalWarmth=2 is traced to grok-current-chunk-05-response.txt.
work-3588928ab8f6a2520923,genre,genres,known,sliceOfLife,known,sliceOfLife,,retained,data/staging/catalog-expansion/pilots/pilot-001/reviews/grok-current-chunk-05-response.txt,Genre rows have no numeric-confidence field; the terminal review independently accepted the listed canonical enums.
work-3588928ab8f6a2520923,theme,school,missing,,known,1,0.82,adjudicated-current,data/staging/catalog-expansion/pilots/pilot-001/reviews/grok-current-chunk-05-response.txt,Exact 0.82 was adjudicated claim-by-claim: direct official bounded evidence supports the selected anchor; school=1 is traced to grok-current-chunk-05-response.txt.
work-37ecced0b2392d7af9b2,axis,progression,unknown,,known,0,0.82,adjudicated-current,data/staging/catalog-expansion/pilots/pilot-001/reviews/grok-current-chunk-05-response.txt,Exact 0.82 was adjudicated claim-by-claim: direct official bounded evidence supports the selected anchor; progression=0 is traced to grok-current-chunk-05-response.txt.
work-37ecced0b2392d7af9b2,axis,problemSolving,unknown,,unknown,,,retained-unknown,data/staging/catalog-expansion/pilots/pilot-001/reviews/grok-current-chunk-05-response.txt,Terminal review retained unknown; no numeric confidence is permitted.
work-37ecced0b2392d7af9b2,axis,strategy,unknown,,known,0,0.80,adjudicated-current,data/staging/catalog-expansion/pilots/pilot-001/reviews/grok-current-chunk-05-response.txt,Exact 0.80 was adjudicated claim-by-claim: accepted official evidence supports the claim at moderate certainty with a stated boundary; strategy=0 is traced to grok-current-chunk-05-response.txt.
work-37ecced0b2392d7af9b2,axis,pacing,unknown,,known,1,0.84,adjudicated-current,data/staging/catalog-expansion/pilots/pilot-001/reviews/grok-current-chunk-05-response.txt,Exact 0.84 was adjudicated claim-by-claim: repeated official entry evidence directly supports the selected anchor; pacing=1 is traced to grok-current-chunk-05-response.txt.
work-37ecced0b2392d7af9b2,axis,mysteryReveal,unknown,,known,2,0.82,adjudicated-current,data/staging/catalog-expansion/pilots/pilot-001/reviews/grok-current-chunk-05-response.txt,Exact 0.82 was adjudicated claim-by-claim: direct official bounded evidence supports the selected anchor; mysteryReveal=2 is traced to grok-current-chunk-05-response.txt.
work-37ecced0b2392d7af9b2,axis,worldBuilding,unknown,,unknown,,,retained-unknown,data/staging/catalog-expansion/pilots/pilot-001/reviews/grok-current-chunk-05-response.txt,Terminal review retained unknown; no numeric confidence is permitted.
work-37ecced0b2392d7af9b2,axis,characterArcWeight,known,4,known,4,0.84,retained-pass-a,data/staging/catalog-expansion/pilots/pilot-001/reviews/grok-current-chunk-05-response.txt,"The terminal current-SHA review explicitly retained the same state, value, and underlying entry evidence; Pass A confidence is preserved exactly."
work-37ecced0b2392d7af9b2,axis,relationshipStructure,known,3,known,2,0.80,adjudicated-current,data/staging/catalog-expansion/pilots/pilot-001/reviews/grok-current-chunk-05-response.txt,Exact 0.80 was adjudicated claim-by-claim: accepted official evidence supports the claim at moderate certainty with a stated boundary; relationshipStructure=2 is traced to grok-current-chunk-05-response.txt.
work-37ecced0b2392d7af9b2,axis,comedy,unknown,,unknown,,,retained-unknown,data/staging/catalog-expansion/pilots/pilot-001/reviews/grok-current-chunk-05-response.txt,Terminal review retained unknown; no numeric confidence is permitted.
work-37ecced0b2392d7af9b2,axis,darkness,unknown,,known,1,0.76,adjudicated-current,data/staging/catalog-expansion/pilots/pilot-001/reviews/grok-current-chunk-05-response.txt,Exact 0.76 was adjudicated claim-by-claim: a subordinate or single bounded official observation supports the low/intermediate anchor; darkness=1 is traced to grok-current-chunk-05-response.txt.
work-37ecced0b2392d7af9b2,axis,mentalStress,known,2,known,2,0.74,retained-pass-a,data/staging/catalog-expansion/pilots/pilot-001/reviews/grok-current-chunk-05-response.txt,"The terminal current-SHA review explicitly retained the same state, value, and underlying entry evidence; Pass A confidence is preserved exactly."
work-37ecced0b2392d7af9b2,axis,romance,unknown,,unknown,,,retained-unknown,data/staging/catalog-expansion/pilots/pilot-001/reviews/grok-current-chunk-05-response.txt,Terminal review retained unknown; no numeric confidence is permitted.
work-37ecced0b2392d7af9b2,axis,emotionalWarmth,known,3,known,3,0.78,retained-pass-a,data/staging/catalog-expansion/pilots/pilot-001/reviews/grok-current-chunk-05-response.txt,"The terminal current-SHA review explicitly retained the same state, value, and underlying entry evidence; Pass A confidence is preserved exactly."
work-37ecced0b2392d7af9b2,genre,genres,known,sliceOfLife,known,sliceOfLife,,retained,data/staging/catalog-expansion/pilots/pilot-001/reviews/grok-current-chunk-05-response.txt,Genre rows have no numeric-confidence field; the terminal review independently accepted the listed canonical enums.
work-37ecced0b2392d7af9b2,theme,workplace,known,2,known,2,0.90,retained-pass-a,data/staging/catalog-expansion/pilots/pilot-001/reviews/grok-current-chunk-05-response.txt,The terminal current-SHA review explicitly retained the same centrality and underlying entry evidence; Pass A confidence is preserved exactly.
work-3823ff0766f67c015c53,axis,progression,known,3,known,3,0.78,retained-pass-a,data/staging/catalog-expansion/pilots/pilot-001/reviews/text-coverage-followup-g-review.md,"The terminal current-SHA review explicitly retained the same state, value, and underlying entry evidence; Pass A confidence is preserved exactly."
work-3823ff0766f67c015c53,axis,problemSolving,unknown,,unknown,,,retained-unknown,data/staging/catalog-expansion/pilots/pilot-001/reviews/text-coverage-followup-g-review.md,Terminal review retained unknown; no numeric confidence is permitted.
work-3823ff0766f67c015c53,axis,strategy,unknown,,unknown,,,retained-unknown,data/staging/catalog-expansion/pilots/pilot-001/reviews/text-coverage-followup-g-review.md,Terminal review retained unknown; no numeric confidence is permitted.
work-3823ff0766f67c015c53,axis,pacing,unknown,,known,3,0.82,adjudicated-current,data/staging/catalog-expansion/pilots/pilot-001/reviews/text-coverage-followup-g-review.md,Exact 0.82 was adjudicated claim-by-claim: direct official bounded evidence supports the selected anchor; pacing=3 is traced to text-coverage-followup-g-review.md.
work-3823ff0766f67c015c53,axis,mysteryReveal,unknown,,known,1,0.73,adjudicated-current,data/staging/catalog-expansion/pilots/pilot-001/reviews/text-coverage-followup-g-review.md,"Exact 0.73 was selected without averaging: one official entry-volume disclosure directly supports value 1, while incomplete full-volume access keeps confidence cautious."
work-3823ff0766f67c015c53,axis,worldBuilding,unknown,,known,2,0.80,adjudicated-current,data/staging/catalog-expansion/pilots/pilot-001/reviews/text-coverage-followup-g-review.md,Exact 0.80 was adjudicated claim-by-claim: accepted official evidence supports the claim at moderate certainty with a stated boundary; worldBuilding=2 is traced to text-coverage-followup-g-review.md.
work-3823ff0766f67c015c53,axis,characterArcWeight,known,4,known,4,0.82,retained-pass-a,data/staging/catalog-expansion/pilots/pilot-001/reviews/text-coverage-followup-g-review.md,"The terminal current-SHA review explicitly retained the same state, value, and underlying entry evidence; Pass A confidence is preserved exactly."
work-3823ff0766f67c015c53,axis,relationshipStructure,known,2,known,2,0.68,retained-pass-a,data/staging/catalog-expansion/pilots/pilot-001/reviews/text-coverage-followup-g-review.md,"The terminal current-SHA review explicitly retained the same state, value, and underlying entry evidence; Pass A confidence is preserved exactly."
work-3823ff0766f67c015c53,axis,comedy,unknown,,unknown,,,retained-unknown,data/staging/catalog-expansion/pilots/pilot-001/reviews/text-coverage-followup-g-review.md,Terminal review retained unknown; no numeric confidence is permitted.
work-3823ff0766f67c015c53,axis,darkness,unknown,,unknown,,,retained-unknown,data/staging/catalog-expansion/pilots/pilot-001/reviews/text-coverage-followup-g-review.md,Terminal review retained unknown; no numeric confidence is permitted.
work-3823ff0766f67c015c53,axis,mentalStress,known,2,known,2,0.68,retained-pass-a,data/staging/catalog-expansion/pilots/pilot-001/reviews/text-coverage-followup-g-review.md,"The terminal current-SHA review explicitly retained the same state, value, and underlying entry evidence; Pass A confidence is preserved exactly."
work-3823ff0766f67c015c53,axis,romance,unknown,,known,1,0.76,adjudicated-current,data/staging/catalog-expansion/pilots/pilot-001/reviews/text-coverage-followup-g-review.md,Exact 0.76 was adjudicated claim-by-claim: a subordinate or single bounded official observation supports the low/intermediate anchor; romance=1 is traced to text-coverage-followup-g-review.md.
work-3823ff0766f67c015c53,axis,emotionalWarmth,unknown,,known,2,0.80,adjudicated-current,data/staging/catalog-expansion/pilots/pilot-001/reviews/text-coverage-followup-g-review.md,Exact 0.80 was adjudicated claim-by-claim: accepted official evidence supports the claim at moderate certainty with a stated boundary; emotionalWarmth=2 is traced to text-coverage-followup-g-review.md.
work-3823ff0766f67c015c53,genre,genres,unknown,,known,sliceOfLife,,adjudicated-current,data/staging/catalog-expansion/pilots/pilot-001/reviews/text-coverage-followup-g-review.md,Genre rows have no numeric-confidence field; the terminal review independently accepted the listed canonical enums.
work-3823ff0766f67c015c53,theme,school,missing,,known,2,0.88,adjudicated-current,data/staging/catalog-expansion/pilots/pilot-001/reviews/text-coverage-followup-g-review.md,Exact 0.88 was adjudicated claim-by-claim: a complete official episode or several direct bounded units establish the claim; school=2 is traced to text-coverage-followup-g-review.md.
work-39555fe7402dada0d79f,axis,progression,known,0,known,0,0.82,retained-pass-a,data/staging/catalog-expansion/pilots/pilot-001/reviews/grok-current-chunk-01-followup-response.txt,"The terminal current-SHA review explicitly retained the same state, value, and underlying entry evidence; Pass A confidence is preserved exactly."
work-39555fe7402dada0d79f,axis,problemSolving,known,4,known,4,0.95,retained-pass-a,data/staging/catalog-expansion/pilots/pilot-001/reviews/grok-current-chunk-01-followup-response.txt,"The terminal current-SHA review explicitly retained the same state, value, and underlying entry evidence; Pass A confidence is preserved exactly."
work-39555fe7402dada0d79f,axis,strategy,known,2,known,2,0.82,retained-pass-a,data/staging/catalog-expansion/pilots/pilot-001/reviews/grok-current-chunk-01-followup-response.txt,"The terminal current-SHA review explicitly retained the same state, value, and underlying entry evidence; Pass A confidence is preserved exactly."
work-39555fe7402dada0d79f,axis,pacing,known,3,known,3,0.82,retained-pass-a,data/staging/catalog-expansion/pilots/pilot-001/reviews/grok-current-chunk-01-followup-response.txt,"The terminal current-SHA review explicitly retained the same state, value, and underlying entry evidence; Pass A confidence is preserved exactly."
work-39555fe7402dada0d79f,axis,mysteryReveal,known,4,known,4,0.95,retained-pass-a,data/staging/catalog-expansion/pilots/pilot-001/reviews/grok-current-chunk-01-followup-response.txt,"The terminal current-SHA review explicitly retained the same state, value, and underlying entry evidence; Pass A confidence is preserved exactly."
work-39555fe7402dada0d79f,axis,worldBuilding,known,2,known,2,0.80,retained-pass-a,data/staging/catalog-expansion/pilots/pilot-001/reviews/grok-current-chunk-01-followup-response.txt,"The terminal current-SHA review explicitly retained the same state, value, and underlying entry evidence; Pass A confidence is preserved exactly."
work-39555fe7402dada0d79f,axis,characterArcWeight,unknown,,known,1,0.78,adjudicated-current,data/staging/catalog-expansion/pilots/pilot-001/reviews/grok-current-chunk-01-followup-response.txt,Exact 0.78 was adjudicated claim-by-claim: limited but direct official evidence supports the conservative anchor; characterArcWeight=1 is traced to grok-current-chunk-01-followup-response.txt.
work-39555fe7402dada0d79f,axis,relationshipStructure,known,3,known,3,0.83,retained-pass-a,data/staging/catalog-expansion/pilots/pilot-001/reviews/grok-current-chunk-01-followup-response.txt,"The terminal current-SHA review explicitly retained the same state, value, and underlying entry evidence; Pass A confidence is preserved exactly."
work-39555fe7402dada0d79f,axis,comedy,unknown,,unknown,,,retained-unknown,data/staging/catalog-expansion/pilots/pilot-001/reviews/grok-current-chunk-01-followup-response.txt,Terminal review retained unknown; no numeric confidence is permitted.
work-39555fe7402dada0d79f,axis,darkness,known,3,known,3,0.85,retained-pass-a,data/staging/catalog-expansion/pilots/pilot-001/reviews/grok-current-chunk-01-followup-response.txt,"The terminal current-SHA review explicitly retained the same state, value, and underlying entry evidence; Pass A confidence is preserved exactly."
work-39555fe7402dada0d79f,axis,mentalStress,known,2,known,2,0.78,retained-pass-a,data/staging/catalog-expansion/pilots/pilot-001/reviews/grok-current-chunk-01-followup-response.txt,"The terminal current-SHA review explicitly retained the same state, value, and underlying entry evidence; Pass A confidence is preserved exactly."
work-39555fe7402dada0d79f,axis,romance,unknown,,known,1,0.78,adjudicated-current,data/staging/catalog-expansion/pilots/pilot-001/reviews/grok-current-chunk-01-followup-response.txt,Exact 0.78 was adjudicated claim-by-claim: limited but direct official evidence supports the conservative anchor; romance=1 is traced to grok-current-chunk-01-followup-response.txt.
work-39555fe7402dada0d79f,axis,emotionalWarmth,unknown,,unknown,,,retained-unknown,data/staging/catalog-expansion/pilots/pilot-001/reviews/grok-current-chunk-01-followup-response.txt,Terminal review retained unknown; no numeric confidence is permitted.
work-39555fe7402dada0d79f,genre,genres,known,mystery,known,mystery,,retained,data/staging/catalog-expansion/pilots/pilot-001/reviews/grok-current-chunk-01-followup-response.txt,Genre rows have no numeric-confidence field; the terminal review independently accepted the listed canonical enums.
work-39555fe7402dada0d79f,theme,investigation,known,2,known,2,0.96,retained-pass-a,data/staging/catalog-expansion/pilots/pilot-001/reviews/grok-current-chunk-01-followup-response.txt,The terminal current-SHA review explicitly retained the same centrality and underlying entry evidence; Pass A confidence is preserved exactly.
work-39555fe7402dada0d79f,theme,school,known,1,known,1,0.72,retained-pass-a,data/staging/catalog-expansion/pilots/pilot-001/reviews/grok-current-chunk-01-followup-response.txt,The terminal current-SHA review explicitly retained the same centrality and underlying entry evidence; Pass A confidence is preserved exactly.
work-440f93a4e60ef906685b,axis,progression,unknown,,known,0,0.82,adjudicated-current,data/staging/catalog-expansion/pilots/pilot-001/reviews/grok-current-chunk-02-followup-response.txt + data/staging/catalog-expansion/pilots/pilot-001/reviews/theme-gap-pass-c-review.md,Exact 0.82 was adjudicated claim-by-claim: direct official bounded evidence supports the selected anchor; progression=0 is traced to grok-current-chunk-02-followup-response.txt+theme-gap-pass-c-review.md.
work-440f93a4e60ef906685b,axis,problemSolving,unknown,,known,0,0.82,adjudicated-current,data/staging/catalog-expansion/pilots/pilot-001/reviews/grok-current-chunk-02-followup-response.txt + data/staging/catalog-expansion/pilots/pilot-001/reviews/theme-gap-pass-c-review.md,Exact 0.82 was adjudicated claim-by-claim: direct official bounded evidence supports the selected anchor; problemSolving=0 is traced to grok-current-chunk-02-followup-response.txt+theme-gap-pass-c-review.md.
work-440f93a4e60ef906685b,axis,strategy,unknown,,known,0,0.82,adjudicated-current,data/staging/catalog-expansion/pilots/pilot-001/reviews/grok-current-chunk-02-followup-response.txt + data/staging/catalog-expansion/pilots/pilot-001/reviews/theme-gap-pass-c-review.md,Exact 0.82 was adjudicated claim-by-claim: direct official bounded evidence supports the selected anchor; strategy=0 is traced to grok-current-chunk-02-followup-response.txt+theme-gap-pass-c-review.md.
work-440f93a4e60ef906685b,axis,pacing,unknown,,unknown,,,retained-unknown,data/staging/catalog-expansion/pilots/pilot-001/reviews/grok-current-chunk-02-followup-response.txt + data/staging/catalog-expansion/pilots/pilot-001/reviews/theme-gap-pass-c-review.md,Terminal review retained unknown; no numeric confidence is permitted.
work-440f93a4e60ef906685b,axis,mysteryReveal,unknown,,known,0,0.82,adjudicated-current,data/staging/catalog-expansion/pilots/pilot-001/reviews/grok-current-chunk-02-followup-response.txt + data/staging/catalog-expansion/pilots/pilot-001/reviews/theme-gap-pass-c-review.md,Exact 0.82 was adjudicated claim-by-claim: direct official bounded evidence supports the selected anchor; mysteryReveal=0 is traced to grok-current-chunk-02-followup-response.txt+theme-gap-pass-c-review.md.
work-440f93a4e60ef906685b,axis,worldBuilding,unknown,,known,0,0.82,adjudicated-current,data/staging/catalog-expansion/pilots/pilot-001/reviews/grok-current-chunk-02-followup-response.txt + data/staging/catalog-expansion/pilots/pilot-001/reviews/theme-gap-pass-c-review.md,Exact 0.82 was adjudicated claim-by-claim: direct official bounded evidence supports the selected anchor; worldBuilding=0 is traced to grok-current-chunk-02-followup-response.txt+theme-gap-pass-c-review.md.
work-440f93a4e60ef906685b,axis,characterArcWeight,known,4,known,4,0.85,retained-pass-a,data/staging/catalog-expansion/pilots/pilot-001/reviews/grok-current-chunk-02-followup-response.txt + data/staging/catalog-expansion/pilots/pilot-001/reviews/theme-gap-pass-c-review.md,"The terminal current-SHA review explicitly retained the same state, value, and underlying entry evidence; Pass A confidence is preserved exactly."
work-440f93a4e60ef906685b,axis,relationshipStructure,known,4,unknown,,,corrected-to-unknown,data/staging/catalog-expansion/pilots/pilot-001/reviews/grok-current-chunk-02-followup-response.txt + data/staging/catalog-expansion/pilots/pilot-001/reviews/theme-gap-pass-c-review.md,Terminal review removed the prior numeric claim; unknown has blank value and confidence by contract.
work-440f93a4e60ef906685b,axis,comedy,unknown,,unknown,,,retained-unknown,data/staging/catalog-expansion/pilots/pilot-001/reviews/grok-current-chunk-02-followup-response.txt + data/staging/catalog-expansion/pilots/pilot-001/reviews/theme-gap-pass-c-review.md,Terminal review retained unknown; no numeric confidence is permitted.
work-440f93a4e60ef906685b,axis,darkness,unknown,,known,2,0.80,adjudicated-current,data/staging/catalog-expansion/pilots/pilot-001/reviews/grok-current-chunk-02-followup-response.txt + data/staging/catalog-expansion/pilots/pilot-001/reviews/theme-gap-pass-c-review.md,Exact 0.80 was adjudicated claim-by-claim: accepted official evidence supports the claim at moderate certainty with a stated boundary; darkness=2 is traced to grok-current-chunk-02-followup-response.txt+theme-gap-pass-c-review.md.
work-440f93a4e60ef906685b,axis,mentalStress,unknown,,known,2,0.80,adjudicated-current,data/staging/catalog-expansion/pilots/pilot-001/reviews/grok-current-chunk-02-followup-response.txt + data/staging/catalog-expansion/pilots/pilot-001/reviews/theme-gap-pass-c-review.md,Exact 0.80 was adjudicated claim-by-claim: accepted official evidence supports the claim at moderate certainty with a stated boundary; mentalStress=2 is traced to grok-current-chunk-02-followup-response.txt+theme-gap-pass-c-review.md.
work-440f93a4e60ef906685b,axis,romance,known,4,known,4,0.85,retained-pass-a,data/staging/catalog-expansion/pilots/pilot-001/reviews/grok-current-chunk-02-followup-response.txt + data/staging/catalog-expansion/pilots/pilot-001/reviews/theme-gap-pass-c-review.md,"The terminal current-SHA review explicitly retained the same state, value, and underlying entry evidence; Pass A confidence is preserved exactly."
work-440f93a4e60ef906685b,axis,emotionalWarmth,unknown,,known,1,0.76,adjudicated-current,data/staging/catalog-expansion/pilots/pilot-001/reviews/grok-current-chunk-02-followup-response.txt + data/staging/catalog-expansion/pilots/pilot-001/reviews/theme-gap-pass-c-review.md,Exact 0.76 was adjudicated claim-by-claim: a subordinate or single bounded official observation supports the low/intermediate anchor; emotionalWarmth=1 is traced to grok-current-chunk-02-followup-response.txt+theme-gap-pass-c-review.md.
work-440f93a4e60ef906685b,genre,genres,known,sliceOfLife;romance,known,sliceOfLife;romance,,retained,data/staging/catalog-expansion/pilots/pilot-001/reviews/grok-current-chunk-02-followup-response.txt + data/staging/catalog-expansion/pilots/pilot-001/reviews/theme-gap-pass-c-review.md,Genre rows have no numeric-confidence field; the terminal review independently accepted the listed canonical enums.
work-440f93a4e60ef906685b,theme,school,missing,,known,1,0.88,adjudicated-current,data/staging/catalog-expansion/pilots/pilot-001/reviews/grok-current-chunk-02-followup-response.txt + data/staging/catalog-expansion/pilots/pilot-001/reviews/theme-gap-pass-c-review.md,Exact 0.88 was adjudicated claim-by-claim: a complete official episode or several direct bounded units establish the claim; school=1 is traced to grok-current-chunk-02-followup-response.txt+theme-gap-pass-c-review.md.
work-464322afcd10013437b9,axis,progression,unknown,,unknown,,,retained-unknown,data/staging/catalog-expansion/pilots/pilot-001/reviews/grok-current-chunk-02-followup-response.txt,Terminal review retained unknown; no numeric confidence is permitted.
work-464322afcd10013437b9,axis,problemSolving,unknown,,unknown,,,retained-unknown,data/staging/catalog-expansion/pilots/pilot-001/reviews/grok-current-chunk-02-followup-response.txt,Terminal review retained unknown; no numeric confidence is permitted.
work-464322afcd10013437b9,axis,strategy,known,2,known,2,0.75,retained-pass-a,data/staging/catalog-expansion/pilots/pilot-001/reviews/grok-current-chunk-02-followup-response.txt,"The terminal current-SHA review explicitly retained the same state, value, and underlying entry evidence; Pass A confidence is preserved exactly."
work-464322afcd10013437b9,axis,pacing,unknown,,known,3,0.84,adjudicated-current,data/staging/catalog-expansion/pilots/pilot-001/reviews/grok-current-chunk-02-followup-response.txt,Exact 0.84 was adjudicated claim-by-claim: repeated official entry evidence directly supports the selected anchor; pacing=3 is traced to grok-current-chunk-02-followup-response.txt.
work-464322afcd10013437b9,axis,mysteryReveal,unknown,,known,2,0.82,adjudicated-current,data/staging/catalog-expansion/pilots/pilot-001/reviews/grok-current-chunk-02-followup-response.txt,Exact 0.82 was adjudicated claim-by-claim: direct official bounded evidence supports the selected anchor; mysteryReveal=2 is traced to grok-current-chunk-02-followup-response.txt.
work-464322afcd10013437b9,axis,worldBuilding,known,4,known,4,0.95,retained-pass-a,data/staging/catalog-expansion/pilots/pilot-001/reviews/grok-current-chunk-02-followup-response.txt,"The terminal current-SHA review explicitly retained the same state, value, and underlying entry evidence; Pass A confidence is preserved exactly."
work-464322afcd10013437b9,axis,characterArcWeight,known,4,known,4,0.85,retained-pass-a,data/staging/catalog-expansion/pilots/pilot-001/reviews/grok-current-chunk-02-followup-response.txt,"The terminal current-SHA review explicitly retained the same state, value, and underlying entry evidence; Pass A confidence is preserved exactly."
work-464322afcd10013437b9,axis,relationshipStructure,known,4,known,4,0.9,retained-pass-a,data/staging/catalog-expansion/pilots/pilot-001/reviews/grok-current-chunk-02-followup-response.txt,"The terminal current-SHA review explicitly retained the same state, value, and underlying entry evidence; Pass A confidence is preserved exactly."
work-464322afcd10013437b9,axis,comedy,unknown,,unknown,,,retained-unknown,data/staging/catalog-expansion/pilots/pilot-001/reviews/grok-current-chunk-02-followup-response.txt,Terminal review retained unknown; no numeric confidence is permitted.
work-464322afcd10013437b9,axis,darkness,known,2,known,2,0.8,retained-pass-a,data/staging/catalog-expansion/pilots/pilot-001/reviews/grok-current-chunk-02-followup-response.txt,"The terminal current-SHA review explicitly retained the same state, value, and underlying entry evidence; Pass A confidence is preserved exactly."
work-464322afcd10013437b9,axis,mentalStress,unknown,,known,3,0.82,adjudicated-current,data/staging/catalog-expansion/pilots/pilot-001/reviews/grok-current-chunk-02-followup-response.txt,Exact 0.82 was adjudicated claim-by-claim: direct official bounded evidence supports the selected anchor; mentalStress=3 is traced to grok-current-chunk-02-followup-response.txt.
work-464322afcd10013437b9,axis,romance,unknown,,known,3,0.84,adjudicated-current,data/staging/catalog-expansion/pilots/pilot-001/reviews/grok-current-chunk-02-followup-response.txt,Exact 0.84 was adjudicated claim-by-claim: repeated official entry evidence directly supports the selected anchor; romance=3 is traced to grok-current-chunk-02-followup-response.txt.
work-464322afcd10013437b9,axis,emotionalWarmth,unknown,,unknown,,,retained-unknown,data/staging/catalog-expansion/pilots/pilot-001/reviews/grok-current-chunk-02-followup-response.txt,Terminal review retained unknown; no numeric confidence is permitted.
work-464322afcd10013437b9,genre,genres,known,historical;scienceFiction,known,historical;scienceFiction,,retained,data/staging/catalog-expansion/pilots/pilot-001/reviews/grok-current-chunk-02-followup-response.txt,Genre rows have no numeric-confidence field; the terminal review independently accepted the listed canonical enums.
work-464322afcd10013437b9,theme,politics,known,2,known,2,0.95,retained-pass-a,data/staging/catalog-expansion/pilots/pilot-001/reviews/grok-current-chunk-02-followup-response.txt,The terminal current-SHA review explicitly retained the same centrality and underlying entry evidence; Pass A confidence is preserved exactly.
work-464322afcd10013437b9,theme,historicalReconstruction,known,2,known,2,0.9,retained-pass-a,data/staging/catalog-expansion/pilots/pilot-001/reviews/grok-current-chunk-02-followup-response.txt,The terminal current-SHA review explicitly retained the same centrality and underlying entry evidence; Pass A confidence is preserved exactly.
work-4a8a22fc766bf9bc4c59,axis,progression,unknown,,unknown,,,retained-unknown,data/staging/catalog-expansion/pilots/pilot-001/reviews/grok-current-chunk-01-followup-response.txt,Terminal review retained unknown; no numeric confidence is permitted.
work-4a8a22fc766bf9bc4c59,axis,problemSolving,unknown,,known,2,0.82,adjudicated-current,data/staging/catalog-expansion/pilots/pilot-001/reviews/grok-current-chunk-01-followup-response.txt,Exact 0.82 was adjudicated claim-by-claim: direct official bounded evidence supports the selected anchor; problemSolving=2 is traced to grok-current-chunk-01-followup-response.txt.
work-4a8a22fc766bf9bc4c59,axis,strategy,known,3,known,3,0.80,retained-pass-a,data/staging/catalog-expansion/pilots/pilot-001/reviews/grok-current-chunk-01-followup-response.txt,"The terminal current-SHA review explicitly retained the same state, value, and underlying entry evidence; Pass A confidence is preserved exactly."
work-4a8a22fc766bf9bc4c59,axis,pacing,known,3,known,3,0.78,retained-pass-a,data/staging/catalog-expansion/pilots/pilot-001/reviews/grok-current-chunk-01-followup-response.txt,"The terminal current-SHA review explicitly retained the same state, value, and underlying entry evidence; Pass A confidence is preserved exactly."
work-4a8a22fc766bf9bc4c59,axis,mysteryReveal,unknown,,unknown,,,retained-unknown,data/staging/catalog-expansion/pilots/pilot-001/reviews/grok-current-chunk-01-followup-response.txt,Terminal review retained unknown; no numeric confidence is permitted.
work-4a8a22fc766bf9bc4c59,axis,worldBuilding,known,4,known,4,0.90,retained-pass-a,data/staging/catalog-expansion/pilots/pilot-001/reviews/grok-current-chunk-01-followup-response.txt,"The terminal current-SHA review explicitly retained the same state, value, and underlying entry evidence; Pass A confidence is preserved exactly."
work-4a8a22fc766bf9bc4c59,axis,characterArcWeight,known,4,known,4,0.87,retained-pass-a,data/staging/catalog-expansion/pilots/pilot-001/reviews/grok-current-chunk-01-followup-response.txt,"The terminal current-SHA review explicitly retained the same state, value, and underlying entry evidence; Pass A confidence is preserved exactly."
work-4a8a22fc766bf9bc4c59,axis,relationshipStructure,known,3,known,3,0.82,retained-pass-a,data/staging/catalog-expansion/pilots/pilot-001/reviews/grok-current-chunk-01-followup-response.txt,"The terminal current-SHA review explicitly retained the same state, value, and underlying entry evidence; Pass A confidence is preserved exactly."
work-4a8a22fc766bf9bc4c59,axis,comedy,unknown,,unknown,,,retained-unknown,data/staging/catalog-expansion/pilots/pilot-001/reviews/grok-current-chunk-01-followup-response.txt,Terminal review retained unknown; no numeric confidence is permitted.
work-4a8a22fc766bf9bc4c59,axis,darkness,known,3,known,3,0.84,retained-pass-a,data/staging/catalog-expansion/pilots/pilot-001/reviews/grok-current-chunk-01-followup-response.txt,"The terminal current-SHA review explicitly retained the same state, value, and underlying entry evidence; Pass A confidence is preserved exactly."
work-4a8a22fc766bf9bc4c59,axis,mentalStress,known,3,known,3,0.82,retained-pass-a,data/staging/catalog-expansion/pilots/pilot-001/reviews/grok-current-chunk-01-followup-response.txt,"The terminal current-SHA review explicitly retained the same state, value, and underlying entry evidence; Pass A confidence is preserved exactly."
work-4a8a22fc766bf9bc4c59,axis,romance,known,4,known,4,0.93,retained-pass-a,data/staging/catalog-expansion/pilots/pilot-001/reviews/grok-current-chunk-01-followup-response.txt,"The terminal current-SHA review explicitly retained the same state, value, and underlying entry evidence; Pass A confidence is preserved exactly."
work-4a8a22fc766bf9bc4c59,axis,emotionalWarmth,unknown,,unknown,,,retained-unknown,data/staging/catalog-expansion/pilots/pilot-001/reviews/grok-current-chunk-01-followup-response.txt,Terminal review retained unknown; no numeric confidence is permitted.
work-4a8a22fc766bf9bc4c59,genre,genres,known,fantasy;historical;romance,known,fantasy;historical;romance,,retained,data/staging/catalog-expansion/pilots/pilot-001/reviews/grok-current-chunk-01-followup-response.txt,Genre rows have no numeric-confidence field; the terminal review independently accepted the listed canonical enums.
work-4a8a22fc766bf9bc4c59,theme,combat,known,1,known,1,0.76,retained-pass-a,data/staging/catalog-expansion/pilots/pilot-001/reviews/grok-current-chunk-01-followup-response.txt,The terminal current-SHA review explicitly retained the same centrality and underlying entry evidence; Pass A confidence is preserved exactly.
work-4a8a22fc766bf9bc4c59,theme,war,known,1,known,1,0.82,retained-pass-a,data/staging/catalog-expansion/pilots/pilot-001/reviews/grok-current-chunk-01-followup-response.txt,The terminal current-SHA review explicitly retained the same centrality and underlying entry evidence; Pass A confidence is preserved exactly.
work-4a8a22fc766bf9bc4c59,theme,politics,known,2,known,2,0.90,retained-pass-a,data/staging/catalog-expansion/pilots/pilot-001/reviews/grok-current-chunk-01-followup-response.txt,The terminal current-SHA review explicitly retained the same centrality and underlying entry evidence; Pass A confidence is preserved exactly.
work-4a8a22fc766bf9bc4c59,theme,timeTravel,known,2,known,2,0.96,retained-pass-a,data/staging/catalog-expansion/pilots/pilot-001/reviews/grok-current-chunk-01-followup-response.txt,The terminal current-SHA review explicitly retained the same centrality and underlying entry evidence; Pass A confidence is preserved exactly.
work-5e7eef6cc23d9738e034,axis,progression,unknown,,unknown,,,retained-unknown,data/staging/catalog-expansion/pilots/pilot-001/reviews/text-coverage-followup-golden-gold.md,Terminal review retained unknown; no numeric confidence is permitted.
work-5e7eef6cc23d9738e034,axis,problemSolving,unknown,,known,1,0.84,adjudicated-current,data/staging/catalog-expansion/pilots/pilot-001/reviews/text-coverage-followup-golden-gold.md,Exact 0.84 was adjudicated claim-by-claim: repeated official entry evidence directly supports the selected anchor; problemSolving=1 is traced to text-coverage-followup-golden-gold.md.
work-5e7eef6cc23d9738e034,axis,strategy,unknown,,unknown,,,retained-unknown,data/staging/catalog-expansion/pilots/pilot-001/reviews/text-coverage-followup-golden-gold.md,Terminal review retained unknown; no numeric confidence is permitted.
work-5e7eef6cc23d9738e034,axis,pacing,unknown,,known,1,0.82,adjudicated-current,data/staging/catalog-expansion/pilots/pilot-001/reviews/text-coverage-followup-golden-gold.md,Exact 0.82 was adjudicated claim-by-claim: direct official bounded evidence supports the selected anchor; pacing=1 is traced to text-coverage-followup-golden-gold.md.
work-5e7eef6cc23d9738e034,axis,mysteryReveal,known,4,known,4,0.85,retained-pass-a,data/staging/catalog-expansion/pilots/pilot-001/reviews/text-coverage-followup-golden-gold.md,"The terminal current-SHA review explicitly retained the same state, value, and underlying entry evidence; Pass A confidence is preserved exactly."
work-5e7eef6cc23d9738e034,axis,worldBuilding,known,2,known,2,0.8,retained-pass-a,data/staging/catalog-expansion/pilots/pilot-001/reviews/text-coverage-followup-golden-gold.md,"The terminal current-SHA review explicitly retained the same state, value, and underlying entry evidence; Pass A confidence is preserved exactly."
work-5e7eef6cc23d9738e034,axis,characterArcWeight,known,2,known,2,0.7,retained-pass-a,data/staging/catalog-expansion/pilots/pilot-001/reviews/text-coverage-followup-golden-gold.md,"The terminal current-SHA review explicitly retained the same state, value, and underlying entry evidence; Pass A confidence is preserved exactly."
work-5e7eef6cc23d9738e034,axis,relationshipStructure,known,4,known,4,0.8,retained-pass-a,data/staging/catalog-expansion/pilots/pilot-001/reviews/text-coverage-followup-golden-gold.md,"The terminal current-SHA review explicitly retained the same state, value, and underlying entry evidence; Pass A confidence is preserved exactly."
work-5e7eef6cc23d9738e034,axis,comedy,unknown,,unknown,,,retained-unknown,data/staging/catalog-expansion/pilots/pilot-001/reviews/text-coverage-followup-golden-gold.md,Terminal review retained unknown; no numeric confidence is permitted.
work-5e7eef6cc23d9738e034,axis,darkness,known,4,known,4,0.9,retained-pass-a,data/staging/catalog-expansion/pilots/pilot-001/reviews/text-coverage-followup-golden-gold.md,"The terminal current-SHA review explicitly retained the same state, value, and underlying entry evidence; Pass A confidence is preserved exactly."
work-5e7eef6cc23d9738e034,axis,mentalStress,known,4,known,4,0.85,retained-pass-a,data/staging/catalog-expansion/pilots/pilot-001/reviews/text-coverage-followup-golden-gold.md,"The terminal current-SHA review explicitly retained the same state, value, and underlying entry evidence; Pass A confidence is preserved exactly."
work-5e7eef6cc23d9738e034,axis,romance,unknown,,known,2,0.80,adjudicated-current,data/staging/catalog-expansion/pilots/pilot-001/reviews/text-coverage-followup-golden-gold.md,Exact 0.80 was adjudicated claim-by-claim: accepted official evidence supports the claim at moderate certainty with a stated boundary; romance=2 is traced to text-coverage-followup-golden-gold.md.
work-5e7eef6cc23d9738e034,axis,emotionalWarmth,unknown,,unknown,,,retained-unknown,data/staging/catalog-expansion/pilots/pilot-001/reviews/text-coverage-followup-golden-gold.md,Terminal review retained unknown; no numeric confidence is permitted.
work-5e7eef6cc23d9738e034,genre,genres,known,fantasy;mystery;horror,known,fantasy;mystery;horror,,retained,data/staging/catalog-expansion/pilots/pilot-001/reviews/text-coverage-followup-golden-gold.md,Genre rows have no numeric-confidence field; the terminal review independently accepted the listed canonical enums.
work-5e7eef6cc23d9738e034,theme,investigation,missing,,known,1,0.86,adjudicated-current,data/staging/catalog-expansion/pilots/pilot-001/reviews/text-coverage-followup-golden-gold.md,Exact 0.86 reflects a directly inspected official volume-three murder-investigation subepisode; bounded occurrence supports centrality 1 and prevents centrality 2.
work-61f2b70ee9f8217b3604,axis,progression,known,3,known,3,0.82,retained-pass-a,data/staging/catalog-expansion/pilots/pilot-001/reviews/grok-current-chunk-03-response.txt,"The terminal current-SHA review explicitly retained the same state, value, and underlying entry evidence; Pass A confidence is preserved exactly."
work-61f2b70ee9f8217b3604,axis,problemSolving,unknown,,known,2,0.82,adjudicated-current,data/staging/catalog-expansion/pilots/pilot-001/reviews/grok-current-chunk-03-response.txt,Exact 0.82 was adjudicated claim-by-claim: direct official bounded evidence supports the selected anchor; problemSolving=2 is traced to grok-current-chunk-03-response.txt.
work-61f2b70ee9f8217b3604,axis,strategy,unknown,,unknown,,,retained-unknown,data/staging/catalog-expansion/pilots/pilot-001/reviews/grok-current-chunk-03-response.txt,Terminal review retained unknown; no numeric confidence is permitted.
work-61f2b70ee9f8217b3604,axis,pacing,unknown,,known,2,0.82,adjudicated-current,data/staging/catalog-expansion/pilots/pilot-001/reviews/grok-current-chunk-03-response.txt,Exact 0.82 was adjudicated claim-by-claim: direct official bounded evidence supports the selected anchor; pacing=2 is traced to grok-current-chunk-03-response.txt.
work-61f2b70ee9f8217b3604,axis,mysteryReveal,unknown,,unknown,,,retained-unknown,data/staging/catalog-expansion/pilots/pilot-001/reviews/grok-current-chunk-03-response.txt,Terminal review retained unknown; no numeric confidence is permitted.
work-61f2b70ee9f8217b3604,axis,worldBuilding,unknown,,known,3,0.86,adjudicated-current,data/staging/catalog-expansion/pilots/pilot-001/reviews/grok-current-chunk-03-response.txt,Exact 0.86 was adjudicated claim-by-claim: multiple official entry units strongly establish the claim while remaining entry-bounded; worldBuilding=3 is traced to grok-current-chunk-03-response.txt.
work-61f2b70ee9f8217b3604,axis,characterArcWeight,known,3,known,3,0.82,retained-pass-a,data/staging/catalog-expansion/pilots/pilot-001/reviews/grok-current-chunk-03-response.txt,"The terminal current-SHA review explicitly retained the same state, value, and underlying entry evidence; Pass A confidence is preserved exactly."
work-61f2b70ee9f8217b3604,axis,relationshipStructure,known,2,known,2,0.76,retained-pass-a,data/staging/catalog-expansion/pilots/pilot-001/reviews/grok-current-chunk-03-response.txt,"The terminal current-SHA review explicitly retained the same state, value, and underlying entry evidence; Pass A confidence is preserved exactly."
work-61f2b70ee9f8217b3604,axis,comedy,unknown,,unknown,,,retained-unknown,data/staging/catalog-expansion/pilots/pilot-001/reviews/grok-current-chunk-03-response.txt,Terminal review retained unknown; no numeric confidence is permitted.
work-61f2b70ee9f8217b3604,axis,darkness,unknown,,known,1,0.76,adjudicated-current,data/staging/catalog-expansion/pilots/pilot-001/reviews/grok-current-chunk-03-response.txt,Exact 0.76 was adjudicated claim-by-claim: a subordinate or single bounded official observation supports the low/intermediate anchor; darkness=1 is traced to grok-current-chunk-03-response.txt.
work-61f2b70ee9f8217b3604,axis,mentalStress,unknown,,known,2,0.80,adjudicated-current,data/staging/catalog-expansion/pilots/pilot-001/reviews/grok-current-chunk-03-response.txt,Exact 0.80 was adjudicated claim-by-claim: accepted official evidence supports the claim at moderate certainty with a stated boundary; mentalStress=2 is traced to grok-current-chunk-03-response.txt.
work-61f2b70ee9f8217b3604,axis,romance,unknown,,unknown,,,retained-unknown,data/staging/catalog-expansion/pilots/pilot-001/reviews/grok-current-chunk-03-response.txt,Terminal review retained unknown; no numeric confidence is permitted.
work-61f2b70ee9f8217b3604,axis,emotionalWarmth,known,3,known,3,0.75,retained-pass-a,data/staging/catalog-expansion/pilots/pilot-001/reviews/grok-current-chunk-03-response.txt,"The terminal current-SHA review explicitly retained the same state, value, and underlying entry evidence; Pass A confidence is preserved exactly."
work-61f2b70ee9f8217b3604,genre,genres,known,sliceOfLife,known,sliceOfLife,,retained,data/staging/catalog-expansion/pilots/pilot-001/reviews/grok-current-chunk-03-response.txt,Genre rows have no numeric-confidence field; the terminal review independently accepted the listed canonical enums.
work-61f2b70ee9f8217b3604,theme,school,known,2,known,2,0.90,retained-pass-a,data/staging/catalog-expansion/pilots/pilot-001/reviews/grok-current-chunk-03-response.txt,The terminal current-SHA review explicitly retained the same centrality and underlying entry evidence; Pass A confidence is preserved exactly.
work-671e3453cf9e1df2ee87,axis,progression,unknown,,known,2,0.86,adjudicated-current,data/staging/catalog-expansion/pilots/pilot-001/reviews/text-coverage-followup-hidamari.md,Exact 0.86 was adjudicated claim-by-claim: multiple official entry units strongly establish the claim while remaining entry-bounded; progression=2 is traced to text-coverage-followup-hidamari.md.
work-671e3453cf9e1df2ee87,axis,problemSolving,unknown,,known,2,0.84,adjudicated-current,data/staging/catalog-expansion/pilots/pilot-001/reviews/text-coverage-followup-hidamari.md,Exact 0.84 was adjudicated claim-by-claim: repeated official entry evidence directly supports the selected anchor; problemSolving=2 is traced to text-coverage-followup-hidamari.md.
work-671e3453cf9e1df2ee87,axis,strategy,unknown,,unknown,,,retained-unknown,data/staging/catalog-expansion/pilots/pilot-001/reviews/text-coverage-followup-hidamari.md,Terminal review retained unknown; no numeric confidence is permitted.
work-671e3453cf9e1df2ee87,axis,pacing,unknown,,known,2,0.84,adjudicated-current,data/staging/catalog-expansion/pilots/pilot-001/reviews/text-coverage-followup-hidamari.md,Exact 0.84 was adjudicated claim-by-claim: repeated official entry evidence directly supports the selected anchor; pacing=2 is traced to text-coverage-followup-hidamari.md.
work-671e3453cf9e1df2ee87,axis,mysteryReveal,unknown,,unknown,,,retained-unknown,data/staging/catalog-expansion/pilots/pilot-001/reviews/text-coverage-followup-hidamari.md,Terminal review retained unknown; no numeric confidence is permitted.
work-671e3453cf9e1df2ee87,axis,worldBuilding,known,4,known,4,0.90,retained-pass-a,data/staging/catalog-expansion/pilots/pilot-001/reviews/text-coverage-followup-hidamari.md,"The terminal current-SHA review explicitly retained the same state, value, and underlying entry evidence; Pass A confidence is preserved exactly."
work-671e3453cf9e1df2ee87,axis,characterArcWeight,known,4,known,4,0.90,retained-pass-a,data/staging/catalog-expansion/pilots/pilot-001/reviews/text-coverage-followup-hidamari.md,"The terminal current-SHA review explicitly retained the same state, value, and underlying entry evidence; Pass A confidence is preserved exactly."
work-671e3453cf9e1df2ee87,axis,relationshipStructure,known,2,known,2,0.84,retained-pass-a,data/staging/catalog-expansion/pilots/pilot-001/reviews/text-coverage-followup-hidamari.md,"The terminal current-SHA review explicitly retained the same state, value, and underlying entry evidence; Pass A confidence is preserved exactly."
work-671e3453cf9e1df2ee87,axis,comedy,unknown,,unknown,,,retained-unknown,data/staging/catalog-expansion/pilots/pilot-001/reviews/text-coverage-followup-hidamari.md,Terminal review retained unknown; no numeric confidence is permitted.
work-671e3453cf9e1df2ee87,axis,darkness,known,2,known,2,0.78,retained-pass-a,data/staging/catalog-expansion/pilots/pilot-001/reviews/text-coverage-followup-hidamari.md,"The terminal current-SHA review explicitly retained the same state, value, and underlying entry evidence; Pass A confidence is preserved exactly."
work-671e3453cf9e1df2ee87,axis,mentalStress,unknown,,unknown,,,retained-unknown,data/staging/catalog-expansion/pilots/pilot-001/reviews/text-coverage-followup-hidamari.md,Terminal review retained unknown; no numeric confidence is permitted.
work-671e3453cf9e1df2ee87,axis,romance,unknown,,known,2,0.92,adjudicated-current,data/staging/catalog-expansion/pilots/pilot-001/reviews/text-coverage-followup-hidamari.md,Exact 0.92 is the terminal adjudicator's stated recommendation: official volume-one pages and volume-one/two descriptions directly show the recurring subordinate relationship line.
work-671e3453cf9e1df2ee87,axis,emotionalWarmth,unknown,,known,2,0.82,adjudicated-current,data/staging/catalog-expansion/pilots/pilot-001/reviews/text-coverage-followup-hidamari.md,Exact 0.82 was adjudicated claim-by-claim: direct official bounded evidence supports the selected anchor; emotionalWarmth=2 is traced to text-coverage-followup-hidamari.md.
work-671e3453cf9e1df2ee87,genre,genres,known,historical,known,historical,,retained,data/staging/catalog-expansion/pilots/pilot-001/reviews/text-coverage-followup-hidamari.md,Genre rows have no numeric-confidence field; the terminal review independently accepted the listed canonical enums.
work-671e3453cf9e1df2ee87,theme,politics,known,1,known,1,0.75,retained-pass-a,data/staging/catalog-expansion/pilots/pilot-001/reviews/text-coverage-followup-hidamari.md,The terminal current-SHA review explicitly retained the same centrality and underlying entry evidence; Pass A confidence is preserved exactly.
work-671e3453cf9e1df2ee87,theme,historicalReconstruction,known,2,known,2,0.92,retained-pass-a,data/staging/catalog-expansion/pilots/pilot-001/reviews/text-coverage-followup-hidamari.md,The terminal current-SHA review explicitly retained the same centrality and underlying entry evidence; Pass A confidence is preserved exactly.
work-76c038b398f4b28b7748,axis,progression,unknown,,unknown,,,retained-unknown,data/staging/catalog-expansion/pilots/pilot-001/reviews/grok-current-chunk-02-followup-response.txt,Terminal review retained unknown; no numeric confidence is permitted.
work-76c038b398f4b28b7748,axis,problemSolving,unknown,,known,1,0.76,adjudicated-current,data/staging/catalog-expansion/pilots/pilot-001/reviews/grok-current-chunk-02-followup-response.txt,Exact 0.76 was adjudicated claim-by-claim: a subordinate or single bounded official observation supports the low/intermediate anchor; problemSolving=1 is traced to grok-current-chunk-02-followup-response.txt.
work-76c038b398f4b28b7748,axis,strategy,unknown,,unknown,,,retained-unknown,data/staging/catalog-expansion/pilots/pilot-001/reviews/grok-current-chunk-02-followup-response.txt,Terminal review retained unknown; no numeric confidence is permitted.
work-76c038b398f4b28b7748,axis,pacing,unknown,,known,3,0.84,adjudicated-current,data/staging/catalog-expansion/pilots/pilot-001/reviews/grok-current-chunk-02-followup-response.txt,Exact 0.84 was adjudicated claim-by-claim: repeated official entry evidence directly supports the selected anchor; pacing=3 is traced to grok-current-chunk-02-followup-response.txt.
work-76c038b398f4b28b7748,axis,mysteryReveal,known,2,known,2,0.8,retained-pass-a,data/staging/catalog-expansion/pilots/pilot-001/reviews/grok-current-chunk-02-followup-response.txt,"The terminal current-SHA review explicitly retained the same state, value, and underlying entry evidence; Pass A confidence is preserved exactly."
work-76c038b398f4b28b7748,axis,worldBuilding,known,2,known,2,0.8,retained-pass-a,data/staging/catalog-expansion/pilots/pilot-001/reviews/grok-current-chunk-02-followup-response.txt,"The terminal current-SHA review explicitly retained the same state, value, and underlying entry evidence; Pass A confidence is preserved exactly."
work-76c038b398f4b28b7748,axis,characterArcWeight,known,2,known,2,0.7,retained-pass-a,data/staging/catalog-expansion/pilots/pilot-001/reviews/grok-current-chunk-02-followup-response.txt,"The terminal current-SHA review explicitly retained the same state, value, and underlying entry evidence; Pass A confidence is preserved exactly."
work-76c038b398f4b28b7748,axis,relationshipStructure,known,2,known,2,0.7,retained-pass-a,data/staging/catalog-expansion/pilots/pilot-001/reviews/grok-current-chunk-02-followup-response.txt,"The terminal current-SHA review explicitly retained the same state, value, and underlying entry evidence; Pass A confidence is preserved exactly."
work-76c038b398f4b28b7748,axis,comedy,unknown,,unknown,,,retained-unknown,data/staging/catalog-expansion/pilots/pilot-001/reviews/grok-current-chunk-02-followup-response.txt,Terminal review retained unknown; no numeric confidence is permitted.
work-76c038b398f4b28b7748,axis,darkness,known,3,known,3,0.75,retained-pass-a,data/staging/catalog-expansion/pilots/pilot-001/reviews/grok-current-chunk-02-followup-response.txt,"The terminal current-SHA review explicitly retained the same state, value, and underlying entry evidence; Pass A confidence is preserved exactly."
work-76c038b398f4b28b7748,axis,mentalStress,known,3,known,3,0.7,retained-pass-a,data/staging/catalog-expansion/pilots/pilot-001/reviews/grok-current-chunk-02-followup-response.txt,"The terminal current-SHA review explicitly retained the same state, value, and underlying entry evidence; Pass A confidence is preserved exactly."
work-76c038b398f4b28b7748,axis,romance,known,2,known,2,0.7,retained-pass-a,data/staging/catalog-expansion/pilots/pilot-001/reviews/grok-current-chunk-02-followup-response.txt,"The terminal current-SHA review explicitly retained the same state, value, and underlying entry evidence; Pass A confidence is preserved exactly."
work-76c038b398f4b28b7748,axis,emotionalWarmth,unknown,,unknown,,,retained-unknown,data/staging/catalog-expansion/pilots/pilot-001/reviews/grok-current-chunk-02-followup-response.txt,Terminal review retained unknown; no numeric confidence is permitted.
work-76c038b398f4b28b7748,genre,genres,known,fantasy;mystery;romance,known,fantasy;mystery;romance,,retained,data/staging/catalog-expansion/pilots/pilot-001/reviews/grok-current-chunk-02-followup-response.txt,Genre rows have no numeric-confidence field; the terminal review independently accepted the listed canonical enums.
work-76c038b398f4b28b7748,theme,survival,known,2,known,2,0.85,retained-pass-a,data/staging/catalog-expansion/pilots/pilot-001/reviews/grok-current-chunk-02-followup-response.txt,The terminal current-SHA review explicitly retained the same centrality and underlying entry evidence; Pass A confidence is preserved exactly.
work-7730845c9cf7ba0cccc8,axis,progression,known,3,known,3,0.86,retained-pass-a,data/staging/catalog-expansion/pilots/pilot-001/reviews/grok-current-chunk-05-response.txt,"The terminal current-SHA review explicitly retained the same state, value, and underlying entry evidence; Pass A confidence is preserved exactly."
work-7730845c9cf7ba0cccc8,axis,problemSolving,known,4,known,4,0.90,retained-pass-a,data/staging/catalog-expansion/pilots/pilot-001/reviews/grok-current-chunk-05-response.txt,"The terminal current-SHA review explicitly retained the same state, value, and underlying entry evidence; Pass A confidence is preserved exactly."
work-7730845c9cf7ba0cccc8,axis,strategy,unknown,,known,2,0.86,adjudicated-current,data/staging/catalog-expansion/pilots/pilot-001/reviews/grok-current-chunk-05-response.txt,Exact 0.86 was adjudicated claim-by-claim: multiple official entry units strongly establish the claim while remaining entry-bounded; strategy=2 is traced to grok-current-chunk-05-response.txt.
work-7730845c9cf7ba0cccc8,axis,pacing,unknown,,known,2,0.82,adjudicated-current,data/staging/catalog-expansion/pilots/pilot-001/reviews/grok-current-chunk-05-response.txt,Exact 0.82 was adjudicated claim-by-claim: direct official bounded evidence supports the selected anchor; pacing=2 is traced to grok-current-chunk-05-response.txt.
work-7730845c9cf7ba0cccc8,axis,mysteryReveal,unknown,,unknown,,,retained-unknown,data/staging/catalog-expansion/pilots/pilot-001/reviews/grok-current-chunk-05-response.txt,Terminal review retained unknown; no numeric confidence is permitted.
work-7730845c9cf7ba0cccc8,axis,worldBuilding,unknown,,unknown,,,retained-unknown,data/staging/catalog-expansion/pilots/pilot-001/reviews/grok-current-chunk-05-response.txt,Terminal review retained unknown; no numeric confidence is permitted.
work-7730845c9cf7ba0cccc8,axis,characterArcWeight,known,4,known,4,0.90,retained-pass-a,data/staging/catalog-expansion/pilots/pilot-001/reviews/grok-current-chunk-05-response.txt,"The terminal current-SHA review explicitly retained the same state, value, and underlying entry evidence; Pass A confidence is preserved exactly."
work-7730845c9cf7ba0cccc8,axis,relationshipStructure,known,2,known,2,0.88,retained-pass-a,data/staging/catalog-expansion/pilots/pilot-001/reviews/grok-current-chunk-05-response.txt,"The terminal current-SHA review explicitly retained the same state, value, and underlying entry evidence; Pass A confidence is preserved exactly."
work-7730845c9cf7ba0cccc8,axis,comedy,unknown,,unknown,,,retained-unknown,data/staging/catalog-expansion/pilots/pilot-001/reviews/grok-current-chunk-05-response.txt,Terminal review retained unknown; no numeric confidence is permitted.
work-7730845c9cf7ba0cccc8,axis,darkness,unknown,,known,0,0.84,adjudicated-current,data/staging/catalog-expansion/pilots/pilot-001/reviews/grok-current-chunk-05-response.txt,Exact 0.84 was adjudicated claim-by-claim: repeated official entry evidence directly supports the selected anchor; darkness=0 is traced to grok-current-chunk-05-response.txt.
work-7730845c9cf7ba0cccc8,axis,mentalStress,known,3,known,2,0.82,adjudicated-current,data/staging/catalog-expansion/pilots/pilot-001/reviews/grok-current-chunk-05-response.txt,Exact 0.82 was adjudicated claim-by-claim: direct official bounded evidence supports the selected anchor; mentalStress=2 is traced to grok-current-chunk-05-response.txt.
work-7730845c9cf7ba0cccc8,axis,romance,unknown,,unknown,,,retained-unknown,data/staging/catalog-expansion/pilots/pilot-001/reviews/grok-current-chunk-05-response.txt,Terminal review retained unknown; no numeric confidence is permitted.
work-7730845c9cf7ba0cccc8,axis,emotionalWarmth,known,4,known,4,0.86,retained-pass-a,data/staging/catalog-expansion/pilots/pilot-001/reviews/grok-current-chunk-05-response.txt,"The terminal current-SHA review explicitly retained the same state, value, and underlying entry evidence; Pass A confidence is preserved exactly."
work-7730845c9cf7ba0cccc8,genre,genres,known,sliceOfLife,known,sliceOfLife,,retained,data/staging/catalog-expansion/pilots/pilot-001/reviews/grok-current-chunk-05-response.txt,Genre rows have no numeric-confidence field; the terminal review independently accepted the listed canonical enums.
work-7730845c9cf7ba0cccc8,theme,school,known,2,known,2,0.90,retained-pass-a,data/staging/catalog-expansion/pilots/pilot-001/reviews/grok-current-chunk-05-response.txt,The terminal current-SHA review explicitly retained the same centrality and underlying entry evidence; Pass A confidence is preserved exactly.
work-7730845c9cf7ba0cccc8,theme,workplace,known,1,known,1,0.68,retained-pass-a,data/staging/catalog-expansion/pilots/pilot-001/reviews/grok-current-chunk-05-response.txt,The terminal current-SHA review explicitly retained the same centrality and underlying entry evidence; Pass A confidence is preserved exactly.
work-8716f80d9b988bd0d055,axis,progression,unknown,,unknown,,,retained-unknown,data/staging/catalog-expansion/pilots/pilot-001/reviews/grok-current-chunk-04-response.txt,Terminal review retained unknown; no numeric confidence is permitted.
work-8716f80d9b988bd0d055,axis,problemSolving,unknown,,known,0,0.90,adjudicated-current,data/staging/catalog-expansion/pilots/pilot-001/reviews/grok-current-chunk-04-response.txt,Exact 0.90 was adjudicated claim-by-claim: repeated direct entry evidence establishes the claimed core or extreme anchor; problemSolving=0 is traced to grok-current-chunk-04-response.txt.
work-8716f80d9b988bd0d055,axis,strategy,unknown,,known,0,0.90,adjudicated-current,data/staging/catalog-expansion/pilots/pilot-001/reviews/grok-current-chunk-04-response.txt,Exact 0.90 was adjudicated claim-by-claim: repeated direct entry evidence establishes the claimed core or extreme anchor; strategy=0 is traced to grok-current-chunk-04-response.txt.
work-8716f80d9b988bd0d055,axis,pacing,unknown,,unknown,,,retained-unknown,data/staging/catalog-expansion/pilots/pilot-001/reviews/grok-current-chunk-04-response.txt,Terminal review retained unknown; no numeric confidence is permitted.
work-8716f80d9b988bd0d055,axis,mysteryReveal,unknown,,known,0,0.86,adjudicated-current,data/staging/catalog-expansion/pilots/pilot-001/reviews/grok-current-chunk-04-response.txt,Exact 0.86 was adjudicated claim-by-claim: multiple official entry units strongly establish the claim while remaining entry-bounded; mysteryReveal=0 is traced to grok-current-chunk-04-response.txt.
work-8716f80d9b988bd0d055,axis,worldBuilding,unknown,,known,1,0.76,adjudicated-current,data/staging/catalog-expansion/pilots/pilot-001/reviews/grok-current-chunk-04-response.txt,Exact 0.76 was adjudicated claim-by-claim: a subordinate or single bounded official observation supports the low/intermediate anchor; worldBuilding=1 is traced to grok-current-chunk-04-response.txt.
work-8716f80d9b988bd0d055,axis,characterArcWeight,known,4,known,4,0.9,retained-pass-a,data/staging/catalog-expansion/pilots/pilot-001/reviews/grok-current-chunk-04-response.txt,"The terminal current-SHA review explicitly retained the same state, value, and underlying entry evidence; Pass A confidence is preserved exactly."
work-8716f80d9b988bd0d055,axis,relationshipStructure,known,2,known,2,0.9,retained-pass-a,data/staging/catalog-expansion/pilots/pilot-001/reviews/grok-current-chunk-04-response.txt,"The terminal current-SHA review explicitly retained the same state, value, and underlying entry evidence; Pass A confidence is preserved exactly."
work-8716f80d9b988bd0d055,axis,comedy,unknown,,unknown,,,retained-unknown,data/staging/catalog-expansion/pilots/pilot-001/reviews/grok-current-chunk-04-response.txt,Terminal review retained unknown; no numeric confidence is permitted.
work-8716f80d9b988bd0d055,axis,darkness,unknown,,unknown,,,retained-unknown,data/staging/catalog-expansion/pilots/pilot-001/reviews/grok-current-chunk-04-response.txt,Terminal review retained unknown; no numeric confidence is permitted.
work-8716f80d9b988bd0d055,axis,mentalStress,unknown,,known,2,0.80,adjudicated-current,data/staging/catalog-expansion/pilots/pilot-001/reviews/grok-current-chunk-04-response.txt,Exact 0.80 was adjudicated claim-by-claim: accepted official evidence supports the claim at moderate certainty with a stated boundary; mentalStress=2 is traced to grok-current-chunk-04-response.txt.
work-8716f80d9b988bd0d055,axis,romance,known,4,known,4,0.95,retained-pass-a,data/staging/catalog-expansion/pilots/pilot-001/reviews/grok-current-chunk-04-response.txt,"The terminal current-SHA review explicitly retained the same state, value, and underlying entry evidence; Pass A confidence is preserved exactly."
work-8716f80d9b988bd0d055,axis,emotionalWarmth,unknown,,known,2,0.80,adjudicated-current,data/staging/catalog-expansion/pilots/pilot-001/reviews/grok-current-chunk-04-response.txt,Exact 0.80 was adjudicated claim-by-claim: accepted official evidence supports the claim at moderate certainty with a stated boundary; emotionalWarmth=2 is traced to grok-current-chunk-04-response.txt.
work-8716f80d9b988bd0d055,genre,genres,known,romance,known,romance,,retained,data/staging/catalog-expansion/pilots/pilot-001/reviews/grok-current-chunk-04-response.txt,Genre rows have no numeric-confidence field; the terminal review independently accepted the listed canonical enums.
work-8716f80d9b988bd0d055,theme,workplace,known,2,known,2,0.9,retained-pass-a,data/staging/catalog-expansion/pilots/pilot-001/reviews/grok-current-chunk-04-response.txt,The terminal current-SHA review explicitly retained the same centrality and underlying entry evidence; Pass A confidence is preserved exactly.
work-98d513b70560f2f96a38,axis,progression,unknown,,unknown,,,retained-unknown,data/staging/catalog-expansion/pilots/pilot-001/reviews/grok-current-chunk-01-followup-response.txt,Terminal review retained unknown; no numeric confidence is permitted.
work-98d513b70560f2f96a38,axis,problemSolving,known,2,known,2,0.70,retained-pass-a,data/staging/catalog-expansion/pilots/pilot-001/reviews/grok-current-chunk-01-followup-response.txt,"The terminal current-SHA review explicitly retained the same state, value, and underlying entry evidence; Pass A confidence is preserved exactly."
work-98d513b70560f2f96a38,axis,strategy,unknown,,unknown,,,retained-unknown,data/staging/catalog-expansion/pilots/pilot-001/reviews/grok-current-chunk-01-followup-response.txt,Terminal review retained unknown; no numeric confidence is permitted.
work-98d513b70560f2f96a38,axis,pacing,known,3,known,3,0.78,retained-pass-a,data/staging/catalog-expansion/pilots/pilot-001/reviews/grok-current-chunk-01-followup-response.txt,"The terminal current-SHA review explicitly retained the same state, value, and underlying entry evidence; Pass A confidence is preserved exactly."
work-98d513b70560f2f96a38,axis,mysteryReveal,known,2,known,2,0.72,retained-pass-a,data/staging/catalog-expansion/pilots/pilot-001/reviews/grok-current-chunk-01-followup-response.txt,"The terminal current-SHA review explicitly retained the same state, value, and underlying entry evidence; Pass A confidence is preserved exactly."
work-98d513b70560f2f96a38,axis,worldBuilding,known,3,known,3,0.82,retained-pass-a,data/staging/catalog-expansion/pilots/pilot-001/reviews/grok-current-chunk-01-followup-response.txt,"The terminal current-SHA review explicitly retained the same state, value, and underlying entry evidence; Pass A confidence is preserved exactly."
work-98d513b70560f2f96a38,axis,characterArcWeight,unknown,,known,2,0.82,adjudicated-current,data/staging/catalog-expansion/pilots/pilot-001/reviews/grok-current-chunk-01-followup-response.txt,Exact 0.82 was adjudicated claim-by-claim: direct official bounded evidence supports the selected anchor; characterArcWeight=2 is traced to grok-current-chunk-01-followup-response.txt.
work-98d513b70560f2f96a38,axis,relationshipStructure,known,4,known,4,0.88,retained-pass-a,data/staging/catalog-expansion/pilots/pilot-001/reviews/grok-current-chunk-01-followup-response.txt,"The terminal current-SHA review explicitly retained the same state, value, and underlying entry evidence; Pass A confidence is preserved exactly."
work-98d513b70560f2f96a38,axis,comedy,unknown,,unknown,,,retained-unknown,data/staging/catalog-expansion/pilots/pilot-001/reviews/grok-current-chunk-01-followup-response.txt,Terminal review retained unknown; no numeric confidence is permitted.
work-98d513b70560f2f96a38,axis,darkness,known,4,known,4,0.92,retained-pass-a,data/staging/catalog-expansion/pilots/pilot-001/reviews/grok-current-chunk-01-followup-response.txt,"The terminal current-SHA review explicitly retained the same state, value, and underlying entry evidence; Pass A confidence is preserved exactly."
work-98d513b70560f2f96a38,axis,mentalStress,known,4,known,4,0.92,retained-pass-a,data/staging/catalog-expansion/pilots/pilot-001/reviews/grok-current-chunk-01-followup-response.txt,"The terminal current-SHA review explicitly retained the same state, value, and underlying entry evidence; Pass A confidence is preserved exactly."
work-98d513b70560f2f96a38,axis,romance,unknown,,unknown,,,retained-unknown,data/staging/catalog-expansion/pilots/pilot-001/reviews/grok-current-chunk-01-followup-response.txt,Terminal review retained unknown; no numeric confidence is permitted.
work-98d513b70560f2f96a38,axis,emotionalWarmth,unknown,,known,2,0.82,adjudicated-current,data/staging/catalog-expansion/pilots/pilot-001/reviews/grok-current-chunk-01-followup-response.txt,Exact 0.82 was adjudicated claim-by-claim: direct official bounded evidence supports the selected anchor; emotionalWarmth=2 is traced to grok-current-chunk-01-followup-response.txt.
work-98d513b70560f2f96a38,genre,genres,known,scienceFiction;horror,known,scienceFiction;horror,,retained,data/staging/catalog-expansion/pilots/pilot-001/reviews/grok-current-chunk-01-followup-response.txt,Genre rows have no numeric-confidence field; the terminal review independently accepted the listed canonical enums.
work-98d513b70560f2f96a38,theme,survival,known,2,known,2,0.94,retained-pass-a,data/staging/catalog-expansion/pilots/pilot-001/reviews/grok-current-chunk-01-followup-response.txt,The terminal current-SHA review explicitly retained the same centrality and underlying entry evidence; Pass A confidence is preserved exactly.
work-98d513b70560f2f96a38,theme,postApocalypse,known,2,known,2,0.92,retained-pass-a,data/staging/catalog-expansion/pilots/pilot-001/reviews/grok-current-chunk-01-followup-response.txt,The terminal current-SHA review explicitly retained the same centrality and underlying entry evidence; Pass A confidence is preserved exactly.
work-9d04c47e7efbbbd8aca6,axis,progression,known,4,known,4,0.9,retained-pass-a,data/staging/catalog-expansion/pilots/pilot-001/reviews/grok-current-chunk-04-response.txt,"The terminal current-SHA review explicitly retained the same state, value, and underlying entry evidence; Pass A confidence is preserved exactly."
work-9d04c47e7efbbbd8aca6,axis,problemSolving,unknown,,known,1,0.78,adjudicated-current,data/staging/catalog-expansion/pilots/pilot-001/reviews/grok-current-chunk-04-response.txt,Exact 0.78 was adjudicated claim-by-claim: limited but direct official evidence supports the conservative anchor; problemSolving=1 is traced to grok-current-chunk-04-response.txt.
work-9d04c47e7efbbbd8aca6,axis,strategy,unknown,,unknown,,,retained-unknown,data/staging/catalog-expansion/pilots/pilot-001/reviews/grok-current-chunk-04-response.txt,Terminal review retained unknown; no numeric confidence is permitted.
work-9d04c47e7efbbbd8aca6,axis,pacing,unknown,,known,3,0.84,adjudicated-current,data/staging/catalog-expansion/pilots/pilot-001/reviews/grok-current-chunk-04-response.txt,Exact 0.84 was adjudicated claim-by-claim: repeated official entry evidence directly supports the selected anchor; pacing=3 is traced to grok-current-chunk-04-response.txt.
work-9d04c47e7efbbbd8aca6,axis,mysteryReveal,unknown,,unknown,,,retained-unknown,data/staging/catalog-expansion/pilots/pilot-001/reviews/grok-current-chunk-04-response.txt,Terminal review retained unknown; no numeric confidence is permitted.
work-9d04c47e7efbbbd8aca6,axis,worldBuilding,unknown,,known,3,0.84,adjudicated-current,data/staging/catalog-expansion/pilots/pilot-001/reviews/grok-current-chunk-04-response.txt,Exact 0.84 was adjudicated claim-by-claim: repeated official entry evidence directly supports the selected anchor; worldBuilding=3 is traced to grok-current-chunk-04-response.txt.
work-9d04c47e7efbbbd8aca6,axis,characterArcWeight,known,4,known,4,0.85,retained-pass-a,data/staging/catalog-expansion/pilots/pilot-001/reviews/grok-current-chunk-04-response.txt,"The terminal current-SHA review explicitly retained the same state, value, and underlying entry evidence; Pass A confidence is preserved exactly."
work-9d04c47e7efbbbd8aca6,axis,relationshipStructure,known,4,known,4,0.85,retained-pass-a,data/staging/catalog-expansion/pilots/pilot-001/reviews/grok-current-chunk-04-response.txt,"The terminal current-SHA review explicitly retained the same state, value, and underlying entry evidence; Pass A confidence is preserved exactly."
work-9d04c47e7efbbbd8aca6,axis,comedy,unknown,,known,1,0.76,adjudicated-current,data/staging/catalog-expansion/pilots/pilot-001/reviews/grok-current-chunk-04-response.txt,Exact 0.76 was adjudicated claim-by-claim: a subordinate or single bounded official observation supports the low/intermediate anchor; comedy=1 is traced to grok-current-chunk-04-response.txt.
work-9d04c47e7efbbbd8aca6,axis,darkness,unknown,,unknown,,,retained-unknown,data/staging/catalog-expansion/pilots/pilot-001/reviews/grok-current-chunk-04-response.txt,Terminal review retained unknown; no numeric confidence is permitted.
work-9d04c47e7efbbbd8aca6,axis,mentalStress,unknown,,known,2,0.80,adjudicated-current,data/staging/catalog-expansion/pilots/pilot-001/reviews/grok-current-chunk-04-response.txt,Exact 0.80 was adjudicated claim-by-claim: accepted official evidence supports the claim at moderate certainty with a stated boundary; mentalStress=2 is traced to grok-current-chunk-04-response.txt.
work-9d04c47e7efbbbd8aca6,axis,romance,unknown,,unknown,,,retained-unknown,data/staging/catalog-expansion/pilots/pilot-001/reviews/grok-current-chunk-04-response.txt,Terminal review retained unknown; no numeric confidence is permitted.
work-9d04c47e7efbbbd8aca6,axis,emotionalWarmth,unknown,,known,2,0.80,adjudicated-current,data/staging/catalog-expansion/pilots/pilot-001/reviews/grok-current-chunk-04-response.txt,Exact 0.80 was adjudicated claim-by-claim: accepted official evidence supports the claim at moderate certainty with a stated boundary; emotionalWarmth=2 is traced to grok-current-chunk-04-response.txt.
work-9d04c47e7efbbbd8aca6,genre,genres,known,sliceOfLife,known,sliceOfLife,,retained,data/staging/catalog-expansion/pilots/pilot-001/reviews/grok-current-chunk-04-response.txt,Genre rows have no numeric-confidence field; the terminal review independently accepted the listed canonical enums.
work-9d04c47e7efbbbd8aca6,theme,school,known,2,known,2,0.95,retained-pass-a,data/staging/catalog-expansion/pilots/pilot-001/reviews/grok-current-chunk-04-response.txt,The terminal current-SHA review explicitly retained the same centrality and underlying entry evidence; Pass A confidence is preserved exactly.
work-9d5d64262dbc2893acd4,axis,progression,unknown,,unknown,,,retained-unknown,data/staging/catalog-expansion/pilots/pilot-001/reviews/grok-current-chunk-01-followup-response.txt + data/staging/catalog-expansion/pilots/pilot-001/reviews/theme-gap-pass-c-review.md,Terminal review retained unknown; no numeric confidence is permitted.
work-9d5d64262dbc2893acd4,axis,problemSolving,unknown,,unknown,,,retained-unknown,data/staging/catalog-expansion/pilots/pilot-001/reviews/grok-current-chunk-01-followup-response.txt + data/staging/catalog-expansion/pilots/pilot-001/reviews/theme-gap-pass-c-review.md,Terminal review retained unknown; no numeric confidence is permitted.
work-9d5d64262dbc2893acd4,axis,strategy,unknown,,known,2,0.80,adjudicated-current,data/staging/catalog-expansion/pilots/pilot-001/reviews/grok-current-chunk-01-followup-response.txt + data/staging/catalog-expansion/pilots/pilot-001/reviews/theme-gap-pass-c-review.md,Exact 0.80 was adjudicated claim-by-claim: accepted official evidence supports the claim at moderate certainty with a stated boundary; strategy=2 is traced to grok-current-chunk-01-followup-response.txt+theme-gap-pass-c-review.md.
work-9d5d64262dbc2893acd4,axis,pacing,unknown,,known,3,0.82,adjudicated-current,data/staging/catalog-expansion/pilots/pilot-001/reviews/grok-current-chunk-01-followup-response.txt + data/staging/catalog-expansion/pilots/pilot-001/reviews/theme-gap-pass-c-review.md,Exact 0.82 was adjudicated claim-by-claim: direct official bounded evidence supports the selected anchor; pacing=3 is traced to grok-current-chunk-01-followup-response.txt+theme-gap-pass-c-review.md.
work-9d5d64262dbc2893acd4,axis,mysteryReveal,known,2,known,2,0.72,retained-pass-a,data/staging/catalog-expansion/pilots/pilot-001/reviews/grok-current-chunk-01-followup-response.txt + data/staging/catalog-expansion/pilots/pilot-001/reviews/theme-gap-pass-c-review.md,"The terminal current-SHA review explicitly retained the same state, value, and underlying entry evidence; Pass A confidence is preserved exactly."
work-9d5d64262dbc2893acd4,axis,worldBuilding,known,3,known,3,0.82,retained-pass-a,data/staging/catalog-expansion/pilots/pilot-001/reviews/grok-current-chunk-01-followup-response.txt + data/staging/catalog-expansion/pilots/pilot-001/reviews/theme-gap-pass-c-review.md,"The terminal current-SHA review explicitly retained the same state, value, and underlying entry evidence; Pass A confidence is preserved exactly."
work-9d5d64262dbc2893acd4,axis,characterArcWeight,known,3,known,3,0.76,retained-pass-a,data/staging/catalog-expansion/pilots/pilot-001/reviews/grok-current-chunk-01-followup-response.txt + data/staging/catalog-expansion/pilots/pilot-001/reviews/theme-gap-pass-c-review.md,"The terminal current-SHA review explicitly retained the same state, value, and underlying entry evidence; Pass A confidence is preserved exactly."
work-9d5d64262dbc2893acd4,axis,relationshipStructure,known,3,known,3,0.78,retained-pass-a,data/staging/catalog-expansion/pilots/pilot-001/reviews/grok-current-chunk-01-followup-response.txt + data/staging/catalog-expansion/pilots/pilot-001/reviews/theme-gap-pass-c-review.md,"The terminal current-SHA review explicitly retained the same state, value, and underlying entry evidence; Pass A confidence is preserved exactly."
work-9d5d64262dbc2893acd4,axis,comedy,unknown,,unknown,,,retained-unknown,data/staging/catalog-expansion/pilots/pilot-001/reviews/grok-current-chunk-01-followup-response.txt + data/staging/catalog-expansion/pilots/pilot-001/reviews/theme-gap-pass-c-review.md,Terminal review retained unknown; no numeric confidence is permitted.
work-9d5d64262dbc2893acd4,axis,darkness,known,3,known,3,0.78,retained-pass-a,data/staging/catalog-expansion/pilots/pilot-001/reviews/grok-current-chunk-01-followup-response.txt + data/staging/catalog-expansion/pilots/pilot-001/reviews/theme-gap-pass-c-review.md,"The terminal current-SHA review explicitly retained the same state, value, and underlying entry evidence; Pass A confidence is preserved exactly."
work-9d5d64262dbc2893acd4,axis,mentalStress,unknown,,known,3,0.82,adjudicated-current,data/staging/catalog-expansion/pilots/pilot-001/reviews/grok-current-chunk-01-followup-response.txt + data/staging/catalog-expansion/pilots/pilot-001/reviews/theme-gap-pass-c-review.md,Exact 0.82 was adjudicated claim-by-claim: direct official bounded evidence supports the selected anchor; mentalStress=3 is traced to grok-current-chunk-01-followup-response.txt+theme-gap-pass-c-review.md.
work-9d5d64262dbc2893acd4,axis,romance,unknown,,known,1,0.76,adjudicated-current,data/staging/catalog-expansion/pilots/pilot-001/reviews/grok-current-chunk-01-followup-response.txt + data/staging/catalog-expansion/pilots/pilot-001/reviews/theme-gap-pass-c-review.md,Exact 0.76 was adjudicated claim-by-claim: a subordinate or single bounded official observation supports the low/intermediate anchor; romance=1 is traced to grok-current-chunk-01-followup-response.txt+theme-gap-pass-c-review.md.
work-9d5d64262dbc2893acd4,axis,emotionalWarmth,unknown,,unknown,,,retained-unknown,data/staging/catalog-expansion/pilots/pilot-001/reviews/grok-current-chunk-01-followup-response.txt + data/staging/catalog-expansion/pilots/pilot-001/reviews/theme-gap-pass-c-review.md,Terminal review retained unknown; no numeric confidence is permitted.
work-9d5d64262dbc2893acd4,genre,genres,known,fantasy;horror,known,fantasy;horror,,retained,data/staging/catalog-expansion/pilots/pilot-001/reviews/grok-current-chunk-01-followup-response.txt + data/staging/catalog-expansion/pilots/pilot-001/reviews/theme-gap-pass-c-review.md,Genre rows have no numeric-confidence field; the terminal review independently accepted the listed canonical enums.
work-9d5d64262dbc2893acd4,theme,school,missing,,known,1,0.86,adjudicated-current,data/staging/catalog-expansion/pilots/pilot-001/reviews/grok-current-chunk-01-followup-response.txt + data/staging/catalog-expansion/pilots/pilot-001/reviews/theme-gap-pass-c-review.md,Exact 0.86 was adjudicated claim-by-claim: multiple official entry units strongly establish the claim while remaining entry-bounded; school=1 is traced to grok-current-chunk-01-followup-response.txt+theme-gap-pass-c-review.md.
work-a089c0eef91d1213da38,axis,progression,known,0,known,0,0.78,retained-pass-a,data/staging/catalog-expansion/pilots/pilot-001/reviews/grok-current-chunk-01-followup-response.txt,"The terminal current-SHA review explicitly retained the same state, value, and underlying entry evidence; Pass A confidence is preserved exactly."
work-a089c0eef91d1213da38,axis,problemSolving,known,0,known,0,0.68,retained-pass-a,data/staging/catalog-expansion/pilots/pilot-001/reviews/grok-current-chunk-01-followup-response.txt,"The terminal current-SHA review explicitly retained the same state, value, and underlying entry evidence; Pass A confidence is preserved exactly."
work-a089c0eef91d1213da38,axis,strategy,known,0,known,0,0.78,retained-pass-a,data/staging/catalog-expansion/pilots/pilot-001/reviews/grok-current-chunk-01-followup-response.txt,"The terminal current-SHA review explicitly retained the same state, value, and underlying entry evidence; Pass A confidence is preserved exactly."
work-a089c0eef91d1213da38,axis,pacing,known,3,known,3,0.80,retained-pass-a,data/staging/catalog-expansion/pilots/pilot-001/reviews/grok-current-chunk-01-followup-response.txt,"The terminal current-SHA review explicitly retained the same state, value, and underlying entry evidence; Pass A confidence is preserved exactly."
work-a089c0eef91d1213da38,axis,mysteryReveal,known,0,known,0,0.82,retained-pass-a,data/staging/catalog-expansion/pilots/pilot-001/reviews/grok-current-chunk-01-followup-response.txt,"The terminal current-SHA review explicitly retained the same state, value, and underlying entry evidence; Pass A confidence is preserved exactly."
work-a089c0eef91d1213da38,axis,worldBuilding,known,2,known,2,0.78,retained-pass-a,data/staging/catalog-expansion/pilots/pilot-001/reviews/grok-current-chunk-01-followup-response.txt,"The terminal current-SHA review explicitly retained the same state, value, and underlying entry evidence; Pass A confidence is preserved exactly."
work-a089c0eef91d1213da38,axis,characterArcWeight,known,2,known,2,0.66,retained-pass-a,data/staging/catalog-expansion/pilots/pilot-001/reviews/grok-current-chunk-01-followup-response.txt,"The terminal current-SHA review explicitly retained the same state, value, and underlying entry evidence; Pass A confidence is preserved exactly."
work-a089c0eef91d1213da38,axis,relationshipStructure,known,3,known,3,0.82,retained-pass-a,data/staging/catalog-expansion/pilots/pilot-001/reviews/grok-current-chunk-01-followup-response.txt,"The terminal current-SHA review explicitly retained the same state, value, and underlying entry evidence; Pass A confidence is preserved exactly."
work-a089c0eef91d1213da38,axis,comedy,known,4,known,4,0.94,retained-pass-a,data/staging/catalog-expansion/pilots/pilot-001/reviews/grok-current-chunk-01-followup-response.txt,"The terminal current-SHA review explicitly retained the same state, value, and underlying entry evidence; Pass A confidence is preserved exactly."
work-a089c0eef91d1213da38,axis,darkness,known,0,known,0,0.88,retained-pass-a,data/staging/catalog-expansion/pilots/pilot-001/reviews/grok-current-chunk-01-followup-response.txt,"The terminal current-SHA review explicitly retained the same state, value, and underlying entry evidence; Pass A confidence is preserved exactly."
work-a089c0eef91d1213da38,axis,mentalStress,known,1,known,1,0.74,retained-pass-a,data/staging/catalog-expansion/pilots/pilot-001/reviews/grok-current-chunk-01-followup-response.txt,"The terminal current-SHA review explicitly retained the same state, value, and underlying entry evidence; Pass A confidence is preserved exactly."
work-a089c0eef91d1213da38,axis,romance,known,4,known,4,0.92,retained-pass-a,data/staging/catalog-expansion/pilots/pilot-001/reviews/grok-current-chunk-01-followup-response.txt,"The terminal current-SHA review explicitly retained the same state, value, and underlying entry evidence; Pass A confidence is preserved exactly."
work-a089c0eef91d1213da38,axis,emotionalWarmth,unknown,,unknown,,,retained-unknown,data/staging/catalog-expansion/pilots/pilot-001/reviews/grok-current-chunk-01-followup-response.txt,Terminal review retained unknown; no numeric confidence is permitted.
work-a089c0eef91d1213da38,genre,genres,known,scienceFiction;comedy;romance,known,scienceFiction;comedy;romance,,retained,data/staging/catalog-expansion/pilots/pilot-001/reviews/grok-current-chunk-01-followup-response.txt,Genre rows have no numeric-confidence field; the terminal review independently accepted the listed canonical enums.
work-a089c0eef91d1213da38,theme,school,known,1,known,1,0.82,retained-pass-a,data/staging/catalog-expansion/pilots/pilot-001/reviews/grok-current-chunk-01-followup-response.txt,The terminal current-SHA review explicitly retained the same centrality and underlying entry evidence; Pass A confidence is preserved exactly.
work-a7a1e0666169f1b2e8c0,axis,progression,unknown,,unknown,,,retained-unknown,data/staging/catalog-expansion/pilots/pilot-001/reviews/grok-current-chunk-03-response.txt,Terminal review retained unknown; no numeric confidence is permitted.
work-a7a1e0666169f1b2e8c0,axis,problemSolving,unknown,,known,2,0.82,adjudicated-current,data/staging/catalog-expansion/pilots/pilot-001/reviews/grok-current-chunk-03-response.txt,Exact 0.82 was adjudicated claim-by-claim: direct official bounded evidence supports the selected anchor; problemSolving=2 is traced to grok-current-chunk-03-response.txt.
work-a7a1e0666169f1b2e8c0,axis,strategy,unknown,,known,1,0.76,adjudicated-current,data/staging/catalog-expansion/pilots/pilot-001/reviews/grok-current-chunk-03-response.txt,Exact 0.76 was adjudicated claim-by-claim: a subordinate or single bounded official observation supports the low/intermediate anchor; strategy=1 is traced to grok-current-chunk-03-response.txt.
work-a7a1e0666169f1b2e8c0,axis,pacing,unknown,,known,1,0.82,adjudicated-current,data/staging/catalog-expansion/pilots/pilot-001/reviews/grok-current-chunk-03-response.txt,Exact 0.82 was adjudicated claim-by-claim: direct official bounded evidence supports the selected anchor; pacing=1 is traced to grok-current-chunk-03-response.txt.
work-a7a1e0666169f1b2e8c0,axis,mysteryReveal,unknown,,unknown,,,retained-unknown,data/staging/catalog-expansion/pilots/pilot-001/reviews/grok-current-chunk-03-response.txt,Terminal review retained unknown; no numeric confidence is permitted.
work-a7a1e0666169f1b2e8c0,axis,worldBuilding,unknown,,known,1,0.76,adjudicated-current,data/staging/catalog-expansion/pilots/pilot-001/reviews/grok-current-chunk-03-response.txt,Exact 0.76 was adjudicated claim-by-claim: a subordinate or single bounded official observation supports the low/intermediate anchor; worldBuilding=1 is traced to grok-current-chunk-03-response.txt.
work-a7a1e0666169f1b2e8c0,axis,characterArcWeight,known,4,known,4,0.84,retained-pass-a,data/staging/catalog-expansion/pilots/pilot-001/reviews/grok-current-chunk-03-response.txt,"The terminal current-SHA review explicitly retained the same state, value, and underlying entry evidence; Pass A confidence is preserved exactly."
work-a7a1e0666169f1b2e8c0,axis,relationshipStructure,known,3,known,3,0.80,retained-pass-a,data/staging/catalog-expansion/pilots/pilot-001/reviews/grok-current-chunk-03-response.txt,"The terminal current-SHA review explicitly retained the same state, value, and underlying entry evidence; Pass A confidence is preserved exactly."
work-a7a1e0666169f1b2e8c0,axis,comedy,unknown,,unknown,,,retained-unknown,data/staging/catalog-expansion/pilots/pilot-001/reviews/grok-current-chunk-03-response.txt,Terminal review retained unknown; no numeric confidence is permitted.
work-a7a1e0666169f1b2e8c0,axis,darkness,known,1,known,1,0.65,retained-pass-a,data/staging/catalog-expansion/pilots/pilot-001/reviews/grok-current-chunk-03-response.txt,"The terminal current-SHA review explicitly retained the same state, value, and underlying entry evidence; Pass A confidence is preserved exactly."
work-a7a1e0666169f1b2e8c0,axis,mentalStress,known,2,known,2,0.72,retained-pass-a,data/staging/catalog-expansion/pilots/pilot-001/reviews/grok-current-chunk-03-response.txt,"The terminal current-SHA review explicitly retained the same state, value, and underlying entry evidence; Pass A confidence is preserved exactly."
work-a7a1e0666169f1b2e8c0,axis,romance,unknown,,unknown,,,retained-unknown,data/staging/catalog-expansion/pilots/pilot-001/reviews/grok-current-chunk-03-response.txt,Terminal review retained unknown; no numeric confidence is permitted.
work-a7a1e0666169f1b2e8c0,axis,emotionalWarmth,known,3,known,3,0.82,retained-pass-a,data/staging/catalog-expansion/pilots/pilot-001/reviews/grok-current-chunk-03-response.txt,"The terminal current-SHA review explicitly retained the same state, value, and underlying entry evidence; Pass A confidence is preserved exactly."
work-a7a1e0666169f1b2e8c0,genre,genres,unknown,,known,sliceOfLife,,adjudicated-current,data/staging/catalog-expansion/pilots/pilot-001/reviews/grok-current-chunk-03-response.txt,Genre rows have no numeric-confidence field; the terminal review independently accepted the listed canonical enums.
work-a7a1e0666169f1b2e8c0,theme,foundFamily,missing,,known,2,0.90,adjudicated-current,data/staging/catalog-expansion/pilots/pilot-001/reviews/grok-current-chunk-03-response.txt,Exact 0.90 was adjudicated claim-by-claim: repeated direct entry evidence establishes the claimed core or extreme anchor; foundFamily=2 is traced to grok-current-chunk-03-response.txt.
work-ad2b80b81b7bc9b602a3,axis,progression,known,0,known,0,0.78,retained-pass-a,data/staging/catalog-expansion/pilots/pilot-001/reviews/grok-current-chunk-01-followup-response.txt + data/staging/catalog-expansion/pilots/pilot-001/reviews/theme-gap-pass-c-review.md,"The terminal current-SHA review explicitly retained the same state, value, and underlying entry evidence; Pass A confidence is preserved exactly."
work-ad2b80b81b7bc9b602a3,axis,problemSolving,unknown,,unknown,,,retained-unknown,data/staging/catalog-expansion/pilots/pilot-001/reviews/grok-current-chunk-01-followup-response.txt + data/staging/catalog-expansion/pilots/pilot-001/reviews/theme-gap-pass-c-review.md,Terminal review retained unknown; no numeric confidence is permitted.
work-ad2b80b81b7bc9b602a3,axis,strategy,unknown,,unknown,,,retained-unknown,data/staging/catalog-expansion/pilots/pilot-001/reviews/grok-current-chunk-01-followup-response.txt + data/staging/catalog-expansion/pilots/pilot-001/reviews/theme-gap-pass-c-review.md,Terminal review retained unknown; no numeric confidence is permitted.
work-ad2b80b81b7bc9b602a3,axis,pacing,known,1,known,1,0.72,retained-pass-a,data/staging/catalog-expansion/pilots/pilot-001/reviews/grok-current-chunk-01-followup-response.txt + data/staging/catalog-expansion/pilots/pilot-001/reviews/theme-gap-pass-c-review.md,"The terminal current-SHA review explicitly retained the same state, value, and underlying entry evidence; Pass A confidence is preserved exactly."
work-ad2b80b81b7bc9b602a3,axis,mysteryReveal,known,0,known,0,0.82,retained-pass-a,data/staging/catalog-expansion/pilots/pilot-001/reviews/grok-current-chunk-01-followup-response.txt + data/staging/catalog-expansion/pilots/pilot-001/reviews/theme-gap-pass-c-review.md,"The terminal current-SHA review explicitly retained the same state, value, and underlying entry evidence; Pass A confidence is preserved exactly."
work-ad2b80b81b7bc9b602a3,axis,worldBuilding,known,0,known,0,0.80,retained-pass-a,data/staging/catalog-expansion/pilots/pilot-001/reviews/grok-current-chunk-01-followup-response.txt + data/staging/catalog-expansion/pilots/pilot-001/reviews/theme-gap-pass-c-review.md,"The terminal current-SHA review explicitly retained the same state, value, and underlying entry evidence; Pass A confidence is preserved exactly."
work-ad2b80b81b7bc9b602a3,axis,characterArcWeight,known,4,known,4,0.88,retained-pass-a,data/staging/catalog-expansion/pilots/pilot-001/reviews/grok-current-chunk-01-followup-response.txt + data/staging/catalog-expansion/pilots/pilot-001/reviews/theme-gap-pass-c-review.md,"The terminal current-SHA review explicitly retained the same state, value, and underlying entry evidence; Pass A confidence is preserved exactly."
work-ad2b80b81b7bc9b602a3,axis,relationshipStructure,known,2,known,2,0.90,retained-pass-a,data/staging/catalog-expansion/pilots/pilot-001/reviews/grok-current-chunk-01-followup-response.txt + data/staging/catalog-expansion/pilots/pilot-001/reviews/theme-gap-pass-c-review.md,"The terminal current-SHA review explicitly retained the same state, value, and underlying entry evidence; Pass A confidence is preserved exactly."
work-ad2b80b81b7bc9b602a3,axis,comedy,unknown,,known,1,0.74,adjudicated-current,data/staging/catalog-expansion/pilots/pilot-001/reviews/grok-current-chunk-01-followup-response.txt + data/staging/catalog-expansion/pilots/pilot-001/reviews/theme-gap-pass-c-review.md,Exact 0.74 was adjudicated claim-by-claim: one cautious bounded observation supports the low anchor and no broader claim; comedy=1 is traced to grok-current-chunk-01-followup-response.txt+theme-gap-pass-c-review.md.
work-ad2b80b81b7bc9b602a3,axis,darkness,known,0,known,0,0.82,retained-pass-a,data/staging/catalog-expansion/pilots/pilot-001/reviews/grok-current-chunk-01-followup-response.txt + data/staging/catalog-expansion/pilots/pilot-001/reviews/theme-gap-pass-c-review.md,"The terminal current-SHA review explicitly retained the same state, value, and underlying entry evidence; Pass A confidence is preserved exactly."
work-ad2b80b81b7bc9b602a3,axis,mentalStress,unknown,,unknown,,,retained-unknown,data/staging/catalog-expansion/pilots/pilot-001/reviews/grok-current-chunk-01-followup-response.txt + data/staging/catalog-expansion/pilots/pilot-001/reviews/theme-gap-pass-c-review.md,Terminal review retained unknown; no numeric confidence is permitted.
work-ad2b80b81b7bc9b602a3,axis,romance,unknown,,unknown,,,retained-unknown,data/staging/catalog-expansion/pilots/pilot-001/reviews/grok-current-chunk-01-followup-response.txt + data/staging/catalog-expansion/pilots/pilot-001/reviews/theme-gap-pass-c-review.md,Terminal review retained unknown; no numeric confidence is permitted.
work-ad2b80b81b7bc9b602a3,axis,emotionalWarmth,known,4,known,4,0.90,retained-pass-a,data/staging/catalog-expansion/pilots/pilot-001/reviews/grok-current-chunk-01-followup-response.txt + data/staging/catalog-expansion/pilots/pilot-001/reviews/theme-gap-pass-c-review.md,"The terminal current-SHA review explicitly retained the same state, value, and underlying entry evidence; Pass A confidence is preserved exactly."
work-ad2b80b81b7bc9b602a3,genre,genres,known,sliceOfLife,known,sliceOfLife,,retained,data/staging/catalog-expansion/pilots/pilot-001/reviews/grok-current-chunk-01-followup-response.txt + data/staging/catalog-expansion/pilots/pilot-001/reviews/theme-gap-pass-c-review.md,Genre rows have no numeric-confidence field; the terminal review independently accepted the listed canonical enums.
work-ad2b80b81b7bc9b602a3,theme,school,missing,,known,1,0.88,adjudicated-current,data/staging/catalog-expansion/pilots/pilot-001/reviews/grok-current-chunk-01-followup-response.txt + data/staging/catalog-expansion/pilots/pilot-001/reviews/theme-gap-pass-c-review.md,Exact 0.88 was adjudicated claim-by-claim: a complete official episode or several direct bounded units establish the claim; school=1 is traced to grok-current-chunk-01-followup-response.txt+theme-gap-pass-c-review.md.
work-b2c37bdb52e2a78dfd41,axis,progression,unknown,,unknown,,,retained-unknown,data/staging/catalog-expansion/pilots/pilot-001/reviews/grok-current-chunk-05-response.txt,Terminal review retained unknown; no numeric confidence is permitted.
work-b2c37bdb52e2a78dfd41,axis,problemSolving,known,4,known,3,0.84,adjudicated-current,data/staging/catalog-expansion/pilots/pilot-001/reviews/grok-current-chunk-05-response.txt,Exact 0.84 was adjudicated claim-by-claim: repeated official entry evidence directly supports the selected anchor; problemSolving=3 is traced to grok-current-chunk-05-response.txt.
work-b2c37bdb52e2a78dfd41,axis,strategy,known,3,known,2,0.82,adjudicated-current,data/staging/catalog-expansion/pilots/pilot-001/reviews/grok-current-chunk-05-response.txt,Exact 0.82 was adjudicated claim-by-claim: direct official bounded evidence supports the selected anchor; strategy=2 is traced to grok-current-chunk-05-response.txt.
work-b2c37bdb52e2a78dfd41,axis,pacing,unknown,,known,3,0.86,adjudicated-current,data/staging/catalog-expansion/pilots/pilot-001/reviews/grok-current-chunk-05-response.txt,Exact 0.86 was adjudicated claim-by-claim: multiple official entry units strongly establish the claim while remaining entry-bounded; pacing=3 is traced to grok-current-chunk-05-response.txt.
work-b2c37bdb52e2a78dfd41,axis,mysteryReveal,unknown,,unknown,,,retained-unknown,data/staging/catalog-expansion/pilots/pilot-001/reviews/grok-current-chunk-05-response.txt,Terminal review retained unknown; no numeric confidence is permitted.
work-b2c37bdb52e2a78dfd41,axis,worldBuilding,known,4,known,4,0.90,retained-pass-a,data/staging/catalog-expansion/pilots/pilot-001/reviews/grok-current-chunk-05-response.txt,"The terminal current-SHA review explicitly retained the same state, value, and underlying entry evidence; Pass A confidence is preserved exactly."
work-b2c37bdb52e2a78dfd41,axis,characterArcWeight,known,3,known,3,0.76,retained-pass-a,data/staging/catalog-expansion/pilots/pilot-001/reviews/grok-current-chunk-05-response.txt,"The terminal current-SHA review explicitly retained the same state, value, and underlying entry evidence; Pass A confidence is preserved exactly."
work-b2c37bdb52e2a78dfd41,axis,relationshipStructure,unknown,,known,2,0.80,adjudicated-current,data/staging/catalog-expansion/pilots/pilot-001/reviews/grok-current-chunk-05-response.txt,Exact 0.80 was adjudicated claim-by-claim: accepted official evidence supports the claim at moderate certainty with a stated boundary; relationshipStructure=2 is traced to grok-current-chunk-05-response.txt.
work-b2c37bdb52e2a78dfd41,axis,comedy,unknown,,known,2,0.80,adjudicated-current,data/staging/catalog-expansion/pilots/pilot-001/reviews/grok-current-chunk-05-response.txt,Exact 0.80 was adjudicated claim-by-claim: accepted official evidence supports the claim at moderate certainty with a stated boundary; comedy=2 is traced to grok-current-chunk-05-response.txt.
work-b2c37bdb52e2a78dfd41,axis,darkness,known,3,known,4,0.90,adjudicated-current,data/staging/catalog-expansion/pilots/pilot-001/reviews/grok-current-chunk-05-response.txt,Exact 0.90 was adjudicated claim-by-claim: repeated direct entry evidence establishes the claimed core or extreme anchor; darkness=4 is traced to grok-current-chunk-05-response.txt.
work-b2c37bdb52e2a78dfd41,axis,mentalStress,known,3,known,3,0.84,retained-pass-a,data/staging/catalog-expansion/pilots/pilot-001/reviews/grok-current-chunk-05-response.txt,"The terminal current-SHA review explicitly retained the same state, value, and underlying entry evidence; Pass A confidence is preserved exactly."
work-b2c37bdb52e2a78dfd41,axis,romance,unknown,,known,0,0.84,adjudicated-current,data/staging/catalog-expansion/pilots/pilot-001/reviews/grok-current-chunk-05-response.txt,Exact 0.84 was adjudicated claim-by-claim: repeated official entry evidence directly supports the selected anchor; romance=0 is traced to grok-current-chunk-05-response.txt.
work-b2c37bdb52e2a78dfd41,axis,emotionalWarmth,unknown,,known,2,0.80,adjudicated-current,data/staging/catalog-expansion/pilots/pilot-001/reviews/grok-current-chunk-05-response.txt,Exact 0.80 was adjudicated claim-by-claim: accepted official evidence supports the claim at moderate certainty with a stated boundary; emotionalWarmth=2 is traced to grok-current-chunk-05-response.txt.
work-b2c37bdb52e2a78dfd41,genre,genres,known,historical,known,historical,,retained,data/staging/catalog-expansion/pilots/pilot-001/reviews/grok-current-chunk-05-response.txt,Genre rows have no numeric-confidence field; the terminal review independently accepted the listed canonical enums.
work-b2c37bdb52e2a78dfd41,theme,war,known,1,known,1,0.74,retained-pass-a,data/staging/catalog-expansion/pilots/pilot-001/reviews/grok-current-chunk-05-response.txt,The terminal current-SHA review explicitly retained the same centrality and underlying entry evidence; Pass A confidence is preserved exactly.
work-b2c37bdb52e2a78dfd41,theme,politics,known,2,known,2,0.88,retained-pass-a,data/staging/catalog-expansion/pilots/pilot-001/reviews/grok-current-chunk-05-response.txt,The terminal current-SHA review explicitly retained the same centrality and underlying entry evidence; Pass A confidence is preserved exactly.
work-b2c37bdb52e2a78dfd41,theme,revenge,known,2,known,2,0.82,retained-pass-a,data/staging/catalog-expansion/pilots/pilot-001/reviews/grok-current-chunk-05-response.txt,The terminal current-SHA review explicitly retained the same centrality and underlying entry evidence; Pass A confidence is preserved exactly.
work-b2c37bdb52e2a78dfd41,theme,historicalReconstruction,known,2,known,2,0.90,retained-pass-a,data/staging/catalog-expansion/pilots/pilot-001/reviews/grok-current-chunk-05-response.txt,The terminal current-SHA review explicitly retained the same centrality and underlying entry evidence; Pass A confidence is preserved exactly.
work-b4b21d2ebe5b8efc84ea,axis,progression,unknown,,unknown,,,retained-unknown,data/staging/catalog-expansion/pilots/pilot-001/reviews/grok-current-chunk-02-followup-response.txt,Terminal review retained unknown; no numeric confidence is permitted.
work-b4b21d2ebe5b8efc84ea,axis,problemSolving,known,4,known,4,0.85,retained-pass-a,data/staging/catalog-expansion/pilots/pilot-001/reviews/grok-current-chunk-02-followup-response.txt,"The terminal current-SHA review explicitly retained the same state, value, and underlying entry evidence; Pass A confidence is preserved exactly."
work-b4b21d2ebe5b8efc84ea,axis,strategy,unknown,,unknown,,,retained-unknown,data/staging/catalog-expansion/pilots/pilot-001/reviews/grok-current-chunk-02-followup-response.txt,Terminal review retained unknown; no numeric confidence is permitted.
work-b4b21d2ebe5b8efc84ea,axis,pacing,unknown,,known,2,0.82,adjudicated-current,data/staging/catalog-expansion/pilots/pilot-001/reviews/grok-current-chunk-02-followup-response.txt,Exact 0.82 was adjudicated claim-by-claim: direct official bounded evidence supports the selected anchor; pacing=2 is traced to grok-current-chunk-02-followup-response.txt.
work-b4b21d2ebe5b8efc84ea,axis,mysteryReveal,unknown,,known,2,0.82,adjudicated-current,data/staging/catalog-expansion/pilots/pilot-001/reviews/grok-current-chunk-02-followup-response.txt,Exact 0.82 was adjudicated claim-by-claim: direct official bounded evidence supports the selected anchor; mysteryReveal=2 is traced to grok-current-chunk-02-followup-response.txt.
work-b4b21d2ebe5b8efc84ea,axis,worldBuilding,unknown,,known,2,0.84,adjudicated-current,data/staging/catalog-expansion/pilots/pilot-001/reviews/grok-current-chunk-02-followup-response.txt,Exact 0.84 was adjudicated claim-by-claim: repeated official entry evidence directly supports the selected anchor; worldBuilding=2 is traced to grok-current-chunk-02-followup-response.txt.
work-b4b21d2ebe5b8efc84ea,axis,characterArcWeight,known,4,known,4,0.85,retained-pass-a,data/staging/catalog-expansion/pilots/pilot-001/reviews/grok-current-chunk-02-followup-response.txt,"The terminal current-SHA review explicitly retained the same state, value, and underlying entry evidence; Pass A confidence is preserved exactly."
work-b4b21d2ebe5b8efc84ea,axis,relationshipStructure,known,2,known,2,0.8,retained-pass-a,data/staging/catalog-expansion/pilots/pilot-001/reviews/grok-current-chunk-02-followup-response.txt,"The terminal current-SHA review explicitly retained the same state, value, and underlying entry evidence; Pass A confidence is preserved exactly."
work-b4b21d2ebe5b8efc84ea,axis,comedy,unknown,,unknown,,,retained-unknown,data/staging/catalog-expansion/pilots/pilot-001/reviews/grok-current-chunk-02-followup-response.txt,Terminal review retained unknown; no numeric confidence is permitted.
work-b4b21d2ebe5b8efc84ea,axis,darkness,unknown,,known,1,0.76,adjudicated-current,data/staging/catalog-expansion/pilots/pilot-001/reviews/grok-current-chunk-02-followup-response.txt,Exact 0.76 was adjudicated claim-by-claim: a subordinate or single bounded official observation supports the low/intermediate anchor; darkness=1 is traced to grok-current-chunk-02-followup-response.txt.
work-b4b21d2ebe5b8efc84ea,axis,mentalStress,known,2,known,2,0.65,retained-pass-a,data/staging/catalog-expansion/pilots/pilot-001/reviews/grok-current-chunk-02-followup-response.txt,"The terminal current-SHA review explicitly retained the same state, value, and underlying entry evidence; Pass A confidence is preserved exactly."
work-b4b21d2ebe5b8efc84ea,axis,romance,unknown,,unknown,,,retained-unknown,data/staging/catalog-expansion/pilots/pilot-001/reviews/grok-current-chunk-02-followup-response.txt,Terminal review retained unknown; no numeric confidence is permitted.
work-b4b21d2ebe5b8efc84ea,axis,emotionalWarmth,known,4,known,4,0.85,retained-pass-a,data/staging/catalog-expansion/pilots/pilot-001/reviews/grok-current-chunk-02-followup-response.txt,"The terminal current-SHA review explicitly retained the same state, value, and underlying entry evidence; Pass A confidence is preserved exactly."
work-b4b21d2ebe5b8efc84ea,genre,genres,known,sliceOfLife,known,sliceOfLife,,retained,data/staging/catalog-expansion/pilots/pilot-001/reviews/grok-current-chunk-02-followup-response.txt,Genre rows have no numeric-confidence field; the terminal review independently accepted the listed canonical enums.
work-b4b21d2ebe5b8efc84ea,theme,workplace,known,2,known,2,0.95,retained-pass-a,data/staging/catalog-expansion/pilots/pilot-001/reviews/grok-current-chunk-02-followup-response.txt,The terminal current-SHA review explicitly retained the same centrality and underlying entry evidence; Pass A confidence is preserved exactly.
work-c4abbc1b44fa5706bce3,axis,progression,unknown,,known,2,0.82,adjudicated-current,data/staging/catalog-expansion/pilots/pilot-001/reviews/grok-current-chunk-02-followup-response.txt,Exact 0.82 was adjudicated claim-by-claim: direct official bounded evidence supports the selected anchor; progression=2 is traced to grok-current-chunk-02-followup-response.txt.
work-c4abbc1b44fa5706bce3,axis,problemSolving,unknown,,known,2,0.82,adjudicated-current,data/staging/catalog-expansion/pilots/pilot-001/reviews/grok-current-chunk-02-followup-response.txt,Exact 0.82 was adjudicated claim-by-claim: direct official bounded evidence supports the selected anchor; problemSolving=2 is traced to grok-current-chunk-02-followup-response.txt.
work-c4abbc1b44fa5706bce3,axis,strategy,unknown,,known,2,0.82,adjudicated-current,data/staging/catalog-expansion/pilots/pilot-001/reviews/grok-current-chunk-02-followup-response.txt,Exact 0.82 was adjudicated claim-by-claim: direct official bounded evidence supports the selected anchor; strategy=2 is traced to grok-current-chunk-02-followup-response.txt.
work-c4abbc1b44fa5706bce3,axis,pacing,unknown,,known,3,0.84,adjudicated-current,data/staging/catalog-expansion/pilots/pilot-001/reviews/grok-current-chunk-02-followup-response.txt,Exact 0.84 was adjudicated claim-by-claim: repeated official entry evidence directly supports the selected anchor; pacing=3 is traced to grok-current-chunk-02-followup-response.txt.
work-c4abbc1b44fa5706bce3,axis,mysteryReveal,unknown,,unknown,,,retained-unknown,data/staging/catalog-expansion/pilots/pilot-001/reviews/grok-current-chunk-02-followup-response.txt,Terminal review retained unknown; no numeric confidence is permitted.
work-c4abbc1b44fa5706bce3,axis,worldBuilding,unknown,,known,3,0.86,adjudicated-current,data/staging/catalog-expansion/pilots/pilot-001/reviews/grok-current-chunk-02-followup-response.txt,Exact 0.86 was adjudicated claim-by-claim: multiple official entry units strongly establish the claim while remaining entry-bounded; worldBuilding=3 is traced to grok-current-chunk-02-followup-response.txt.
work-c4abbc1b44fa5706bce3,axis,characterArcWeight,known,4,known,4,0.85,retained-pass-a,data/staging/catalog-expansion/pilots/pilot-001/reviews/grok-current-chunk-02-followup-response.txt,"The terminal current-SHA review explicitly retained the same state, value, and underlying entry evidence; Pass A confidence is preserved exactly."
work-c4abbc1b44fa5706bce3,axis,relationshipStructure,known,2,known,2,0.8,retained-pass-a,data/staging/catalog-expansion/pilots/pilot-001/reviews/grok-current-chunk-02-followup-response.txt,"The terminal current-SHA review explicitly retained the same state, value, and underlying entry evidence; Pass A confidence is preserved exactly."
work-c4abbc1b44fa5706bce3,axis,comedy,unknown,,unknown,,,retained-unknown,data/staging/catalog-expansion/pilots/pilot-001/reviews/grok-current-chunk-02-followup-response.txt,Terminal review retained unknown; no numeric confidence is permitted.
work-c4abbc1b44fa5706bce3,axis,darkness,known,2,known,2,0.75,retained-pass-a,data/staging/catalog-expansion/pilots/pilot-001/reviews/grok-current-chunk-02-followup-response.txt,"The terminal current-SHA review explicitly retained the same state, value, and underlying entry evidence; Pass A confidence is preserved exactly."
work-c4abbc1b44fa5706bce3,axis,mentalStress,unknown,,known,3,0.84,adjudicated-current,data/staging/catalog-expansion/pilots/pilot-001/reviews/grok-current-chunk-02-followup-response.txt,Exact 0.84 was adjudicated claim-by-claim: repeated official entry evidence directly supports the selected anchor; mentalStress=3 is traced to grok-current-chunk-02-followup-response.txt.
work-c4abbc1b44fa5706bce3,axis,romance,known,4,known,4,0.85,retained-pass-a,data/staging/catalog-expansion/pilots/pilot-001/reviews/grok-current-chunk-02-followup-response.txt,"The terminal current-SHA review explicitly retained the same state, value, and underlying entry evidence; Pass A confidence is preserved exactly."
work-c4abbc1b44fa5706bce3,axis,emotionalWarmth,unknown,,unknown,,,retained-unknown,data/staging/catalog-expansion/pilots/pilot-001/reviews/grok-current-chunk-02-followup-response.txt,Terminal review retained unknown; no numeric confidence is permitted.
work-c4abbc1b44fa5706bce3,genre,genres,known,historical;romance,known,historical;romance,,retained,data/staging/catalog-expansion/pilots/pilot-001/reviews/grok-current-chunk-02-followup-response.txt,Genre rows have no numeric-confidence field; the terminal review independently accepted the listed canonical enums.
work-c4abbc1b44fa5706bce3,theme,combat,known,1,known,1,0.75,retained-pass-a,data/staging/catalog-expansion/pilots/pilot-001/reviews/grok-current-chunk-02-followup-response.txt,The terminal current-SHA review explicitly retained the same centrality and underlying entry evidence; Pass A confidence is preserved exactly.
work-c4abbc1b44fa5706bce3,theme,politics,known,1,known,1,0.7,retained-pass-a,data/staging/catalog-expansion/pilots/pilot-001/reviews/grok-current-chunk-02-followup-response.txt,The terminal current-SHA review explicitly retained the same centrality and underlying entry evidence; Pass A confidence is preserved exactly.
work-c4abbc1b44fa5706bce3,theme,revenge,known,1,known,1,0.8,retained-pass-a,data/staging/catalog-expansion/pilots/pilot-001/reviews/grok-current-chunk-02-followup-response.txt,The terminal current-SHA review explicitly retained the same centrality and underlying entry evidence; Pass A confidence is preserved exactly.
work-cdf549d4b1888153e146,axis,progression,unknown,,unknown,,,retained-unknown,data/staging/catalog-expansion/pilots/pilot-001/reviews/grok-current-chunk-04-response.txt,Terminal review retained unknown; no numeric confidence is permitted.
work-cdf549d4b1888153e146,axis,problemSolving,unknown,,known,2,0.84,adjudicated-current,data/staging/catalog-expansion/pilots/pilot-001/reviews/grok-current-chunk-04-response.txt,Exact 0.84 was adjudicated claim-by-claim: repeated official entry evidence directly supports the selected anchor; problemSolving=2 is traced to grok-current-chunk-04-response.txt.
work-cdf549d4b1888153e146,axis,strategy,unknown,,unknown,,,retained-unknown,data/staging/catalog-expansion/pilots/pilot-001/reviews/grok-current-chunk-04-response.txt,Terminal review retained unknown; no numeric confidence is permitted.
work-cdf549d4b1888153e146,axis,pacing,known,4,known,4,0.85,retained-pass-a,data/staging/catalog-expansion/pilots/pilot-001/reviews/grok-current-chunk-04-response.txt,"The terminal current-SHA review explicitly retained the same state, value, and underlying entry evidence; Pass A confidence is preserved exactly."
work-cdf549d4b1888153e146,axis,mysteryReveal,known,2,known,2,0.75,retained-pass-a,data/staging/catalog-expansion/pilots/pilot-001/reviews/grok-current-chunk-04-response.txt,"The terminal current-SHA review explicitly retained the same state, value, and underlying entry evidence; Pass A confidence is preserved exactly."
work-cdf549d4b1888153e146,axis,worldBuilding,known,2,known,2,0.8,retained-pass-a,data/staging/catalog-expansion/pilots/pilot-001/reviews/grok-current-chunk-04-response.txt,"The terminal current-SHA review explicitly retained the same state, value, and underlying entry evidence; Pass A confidence is preserved exactly."
work-cdf549d4b1888153e146,axis,characterArcWeight,known,2,known,2,0.75,retained-pass-a,data/staging/catalog-expansion/pilots/pilot-001/reviews/grok-current-chunk-04-response.txt,"The terminal current-SHA review explicitly retained the same state, value, and underlying entry evidence; Pass A confidence is preserved exactly."
work-cdf549d4b1888153e146,axis,relationshipStructure,known,2,known,2,0.85,retained-pass-a,data/staging/catalog-expansion/pilots/pilot-001/reviews/grok-current-chunk-04-response.txt,"The terminal current-SHA review explicitly retained the same state, value, and underlying entry evidence; Pass A confidence is preserved exactly."
work-cdf549d4b1888153e146,axis,comedy,known,4,known,4,0.85,retained-pass-a,data/staging/catalog-expansion/pilots/pilot-001/reviews/grok-current-chunk-04-response.txt,"The terminal current-SHA review explicitly retained the same state, value, and underlying entry evidence; Pass A confidence is preserved exactly."
work-cdf549d4b1888153e146,axis,darkness,unknown,,known,2,0.80,adjudicated-current,data/staging/catalog-expansion/pilots/pilot-001/reviews/grok-current-chunk-04-response.txt,Exact 0.80 was adjudicated claim-by-claim: accepted official evidence supports the claim at moderate certainty with a stated boundary; darkness=2 is traced to grok-current-chunk-04-response.txt.
work-cdf549d4b1888153e146,axis,mentalStress,unknown,,unknown,,,retained-unknown,data/staging/catalog-expansion/pilots/pilot-001/reviews/grok-current-chunk-04-response.txt,Terminal review retained unknown; no numeric confidence is permitted.
work-cdf549d4b1888153e146,axis,romance,known,2,known,2,0.8,retained-pass-a,data/staging/catalog-expansion/pilots/pilot-001/reviews/grok-current-chunk-04-response.txt,"The terminal current-SHA review explicitly retained the same state, value, and underlying entry evidence; Pass A confidence is preserved exactly."
work-cdf549d4b1888153e146,axis,emotionalWarmth,unknown,,unknown,,,retained-unknown,data/staging/catalog-expansion/pilots/pilot-001/reviews/grok-current-chunk-04-response.txt,Terminal review retained unknown; no numeric confidence is permitted.
work-cdf549d4b1888153e146,genre,genres,known,action;fantasy;horror;romance,known,action;fantasy;horror;romance,,retained,data/staging/catalog-expansion/pilots/pilot-001/reviews/grok-current-chunk-04-response.txt,Genre rows have no numeric-confidence field; the terminal review independently accepted the listed canonical enums.
work-cdf549d4b1888153e146,theme,combat,known,2,known,2,0.9,retained-pass-a,data/staging/catalog-expansion/pilots/pilot-001/reviews/grok-current-chunk-04-response.txt,The terminal current-SHA review explicitly retained the same centrality and underlying entry evidence; Pass A confidence is preserved exactly.
work-d489f5a2229689aa5115,axis,progression,unknown,,known,0,0.84,adjudicated-current,data/staging/catalog-expansion/pilots/pilot-001/reviews/grok-current-chunk-04-response.txt,Exact 0.84 was adjudicated claim-by-claim: repeated official entry evidence directly supports the selected anchor; progression=0 is traced to grok-current-chunk-04-response.txt.
work-d489f5a2229689aa5115,axis,problemSolving,unknown,,known,1,0.76,adjudicated-current,data/staging/catalog-expansion/pilots/pilot-001/reviews/grok-current-chunk-04-response.txt,Exact 0.76 was adjudicated claim-by-claim: a subordinate or single bounded official observation supports the low/intermediate anchor; problemSolving=1 is traced to grok-current-chunk-04-response.txt.
work-d489f5a2229689aa5115,axis,strategy,unknown,,unknown,,,retained-unknown,data/staging/catalog-expansion/pilots/pilot-001/reviews/grok-current-chunk-04-response.txt,Terminal review retained unknown; no numeric confidence is permitted.
work-d489f5a2229689aa5115,axis,pacing,unknown,,known,2,0.82,adjudicated-current,data/staging/catalog-expansion/pilots/pilot-001/reviews/grok-current-chunk-04-response.txt,Exact 0.82 was adjudicated claim-by-claim: direct official bounded evidence supports the selected anchor; pacing=2 is traced to grok-current-chunk-04-response.txt.
work-d489f5a2229689aa5115,axis,mysteryReveal,unknown,,known,1,0.76,adjudicated-current,data/staging/catalog-expansion/pilots/pilot-001/reviews/grok-current-chunk-04-response.txt,Exact 0.76 was adjudicated claim-by-claim: a subordinate or single bounded official observation supports the low/intermediate anchor; mysteryReveal=1 is traced to grok-current-chunk-04-response.txt.
work-d489f5a2229689aa5115,axis,worldBuilding,unknown,,unknown,,,retained-unknown,data/staging/catalog-expansion/pilots/pilot-001/reviews/grok-current-chunk-04-response.txt,Terminal review retained unknown; no numeric confidence is permitted.
work-d489f5a2229689aa5115,axis,characterArcWeight,known,2,known,2,0.7,retained-pass-a,data/staging/catalog-expansion/pilots/pilot-001/reviews/grok-current-chunk-04-response.txt,"The terminal current-SHA review explicitly retained the same state, value, and underlying entry evidence; Pass A confidence is preserved exactly."
work-d489f5a2229689aa5115,axis,relationshipStructure,known,4,known,4,0.85,retained-pass-a,data/staging/catalog-expansion/pilots/pilot-001/reviews/grok-current-chunk-04-response.txt,"The terminal current-SHA review explicitly retained the same state, value, and underlying entry evidence; Pass A confidence is preserved exactly."
work-d489f5a2229689aa5115,axis,comedy,known,4,known,4,0.95,retained-pass-a,data/staging/catalog-expansion/pilots/pilot-001/reviews/grok-current-chunk-04-response.txt,"The terminal current-SHA review explicitly retained the same state, value, and underlying entry evidence; Pass A confidence is preserved exactly."
work-d489f5a2229689aa5115,axis,darkness,unknown,,known,0,0.88,adjudicated-current,data/staging/catalog-expansion/pilots/pilot-001/reviews/grok-current-chunk-04-response.txt,Exact 0.88 was adjudicated claim-by-claim: a complete official episode or several direct bounded units establish the claim; darkness=0 is traced to grok-current-chunk-04-response.txt.
work-d489f5a2229689aa5115,axis,mentalStress,unknown,,known,0,0.86,adjudicated-current,data/staging/catalog-expansion/pilots/pilot-001/reviews/grok-current-chunk-04-response.txt,Exact 0.86 was adjudicated claim-by-claim: multiple official entry units strongly establish the claim while remaining entry-bounded; mentalStress=0 is traced to grok-current-chunk-04-response.txt.
work-d489f5a2229689aa5115,axis,romance,unknown,,unknown,,,retained-unknown,data/staging/catalog-expansion/pilots/pilot-001/reviews/grok-current-chunk-04-response.txt,Terminal review retained unknown; no numeric confidence is permitted.
work-d489f5a2229689aa5115,axis,emotionalWarmth,unknown,,unknown,,,retained-unknown,data/staging/catalog-expansion/pilots/pilot-001/reviews/grok-current-chunk-04-response.txt,Terminal review retained unknown; no numeric confidence is permitted.
work-d489f5a2229689aa5115,genre,genres,known,comedy;sliceOfLife,known,comedy;sliceOfLife,,retained,data/staging/catalog-expansion/pilots/pilot-001/reviews/grok-current-chunk-04-response.txt,Genre rows have no numeric-confidence field; the terminal review independently accepted the listed canonical enums.
work-d489f5a2229689aa5115,theme,school,known,2,known,2,0.95,retained-pass-a,data/staging/catalog-expansion/pilots/pilot-001/reviews/grok-current-chunk-04-response.txt,The terminal current-SHA review explicitly retained the same centrality and underlying entry evidence; Pass A confidence is preserved exactly.
work-d489f5a2229689aa5115,theme,workplace,known,2,known,2,0.9,retained-pass-a,data/staging/catalog-expansion/pilots/pilot-001/reviews/grok-current-chunk-04-response.txt,The terminal current-SHA review explicitly retained the same centrality and underlying entry evidence; Pass A confidence is preserved exactly.
work-d7e64b0b5479ca943edd,axis,progression,unknown,,known,0,0.82,adjudicated-current,data/staging/catalog-expansion/pilots/pilot-001/reviews/grok-current-chunk-03-response.txt,Exact 0.82 was adjudicated claim-by-claim: direct official bounded evidence supports the selected anchor; progression=0 is traced to grok-current-chunk-03-response.txt.
work-d7e64b0b5479ca943edd,axis,problemSolving,unknown,,unknown,,,retained-unknown,data/staging/catalog-expansion/pilots/pilot-001/reviews/grok-current-chunk-03-response.txt,Terminal review retained unknown; no numeric confidence is permitted.
work-d7e64b0b5479ca943edd,axis,strategy,unknown,,unknown,,,retained-unknown,data/staging/catalog-expansion/pilots/pilot-001/reviews/grok-current-chunk-03-response.txt,Terminal review retained unknown; no numeric confidence is permitted.
work-d7e64b0b5479ca943edd,axis,pacing,known,4,known,2,0.84,adjudicated-current,data/staging/catalog-expansion/pilots/pilot-001/reviews/grok-current-chunk-03-response.txt,Exact 0.84 was adjudicated claim-by-claim: repeated official entry evidence directly supports the selected anchor; pacing=2 is traced to grok-current-chunk-03-response.txt.
work-d7e64b0b5479ca943edd,axis,mysteryReveal,unknown,,known,0,0.82,adjudicated-current,data/staging/catalog-expansion/pilots/pilot-001/reviews/grok-current-chunk-03-response.txt,Exact 0.82 was adjudicated claim-by-claim: direct official bounded evidence supports the selected anchor; mysteryReveal=0 is traced to grok-current-chunk-03-response.txt.
work-d7e64b0b5479ca943edd,axis,worldBuilding,unknown,,known,2,0.84,adjudicated-current,data/staging/catalog-expansion/pilots/pilot-001/reviews/grok-current-chunk-03-response.txt,Exact 0.84 was adjudicated claim-by-claim: repeated official entry evidence directly supports the selected anchor; worldBuilding=2 is traced to grok-current-chunk-03-response.txt.
work-d7e64b0b5479ca943edd,axis,characterArcWeight,unknown,,known,3,0.82,adjudicated-current,data/staging/catalog-expansion/pilots/pilot-001/reviews/grok-current-chunk-03-response.txt,Exact 0.82 was adjudicated claim-by-claim: direct official bounded evidence supports the selected anchor; characterArcWeight=3 is traced to grok-current-chunk-03-response.txt.
work-d7e64b0b5479ca943edd,axis,relationshipStructure,known,3,known,2,0.80,adjudicated-current,data/staging/catalog-expansion/pilots/pilot-001/reviews/grok-current-chunk-03-response.txt,Exact 0.80 was adjudicated claim-by-claim: accepted official evidence supports the claim at moderate certainty with a stated boundary; relationshipStructure=2 is traced to grok-current-chunk-03-response.txt.
work-d7e64b0b5479ca943edd,axis,comedy,unknown,,unknown,,,retained-unknown,data/staging/catalog-expansion/pilots/pilot-001/reviews/grok-current-chunk-03-response.txt,Terminal review retained unknown; no numeric confidence is permitted.
work-d7e64b0b5479ca943edd,axis,darkness,unknown,,known,1,0.76,adjudicated-current,data/staging/catalog-expansion/pilots/pilot-001/reviews/grok-current-chunk-03-response.txt,Exact 0.76 was adjudicated claim-by-claim: a subordinate or single bounded official observation supports the low/intermediate anchor; darkness=1 is traced to grok-current-chunk-03-response.txt.
work-d7e64b0b5479ca943edd,axis,mentalStress,unknown,,known,1,0.76,adjudicated-current,data/staging/catalog-expansion/pilots/pilot-001/reviews/grok-current-chunk-03-response.txt,Exact 0.76 was adjudicated claim-by-claim: a subordinate or single bounded official observation supports the low/intermediate anchor; mentalStress=1 is traced to grok-current-chunk-03-response.txt.
work-d7e64b0b5479ca943edd,axis,romance,unknown,,unknown,,,retained-unknown,data/staging/catalog-expansion/pilots/pilot-001/reviews/grok-current-chunk-03-response.txt,Terminal review retained unknown; no numeric confidence is permitted.
work-d7e64b0b5479ca943edd,axis,emotionalWarmth,known,3,known,3,0.70,retained-pass-a,data/staging/catalog-expansion/pilots/pilot-001/reviews/grok-current-chunk-03-response.txt,"The terminal current-SHA review explicitly retained the same state, value, and underlying entry evidence; Pass A confidence is preserved exactly."
work-d7e64b0b5479ca943edd,genre,genres,known,sliceOfLife,known,sliceOfLife,,retained,data/staging/catalog-expansion/pilots/pilot-001/reviews/grok-current-chunk-03-response.txt,Genre rows have no numeric-confidence field; the terminal review independently accepted the listed canonical enums.
work-d7e64b0b5479ca943edd,theme,cooking,known,2,known,2,0.95,retained-pass-a,data/staging/catalog-expansion/pilots/pilot-001/reviews/grok-current-chunk-03-response.txt,The terminal current-SHA review explicitly retained the same centrality and underlying entry evidence; Pass A confidence is preserved exactly.
work-d7e64b0b5479ca943edd,theme,workplace,known,2,known,2,0.92,retained-pass-a,data/staging/catalog-expansion/pilots/pilot-001/reviews/grok-current-chunk-03-response.txt,The terminal current-SHA review explicitly retained the same centrality and underlying entry evidence; Pass A confidence is preserved exactly.
work-e049c9aaf92ba31da8b0,axis,progression,known,4,known,4,0.90,retained-pass-a,data/staging/catalog-expansion/pilots/pilot-001/reviews/grok-current-chunk-05-response.txt,"The terminal current-SHA review explicitly retained the same state, value, and underlying entry evidence; Pass A confidence is preserved exactly."
work-e049c9aaf92ba31da8b0,axis,problemSolving,unknown,,known,2,0.82,adjudicated-current,data/staging/catalog-expansion/pilots/pilot-001/reviews/grok-current-chunk-05-response.txt,Exact 0.82 was adjudicated claim-by-claim: direct official bounded evidence supports the selected anchor; problemSolving=2 is traced to grok-current-chunk-05-response.txt.
work-e049c9aaf92ba31da8b0,axis,strategy,unknown,,unknown,,,retained-unknown,data/staging/catalog-expansion/pilots/pilot-001/reviews/grok-current-chunk-05-response.txt,Terminal review retained unknown; no numeric confidence is permitted.
work-e049c9aaf92ba31da8b0,axis,pacing,unknown,,known,3,0.84,adjudicated-current,data/staging/catalog-expansion/pilots/pilot-001/reviews/grok-current-chunk-05-response.txt,Exact 0.84 was adjudicated claim-by-claim: repeated official entry evidence directly supports the selected anchor; pacing=3 is traced to grok-current-chunk-05-response.txt.
work-e049c9aaf92ba31da8b0,axis,mysteryReveal,unknown,,known,1,0.78,adjudicated-current,data/staging/catalog-expansion/pilots/pilot-001/reviews/grok-current-chunk-05-response.txt,Exact 0.78 was adjudicated claim-by-claim: limited but direct official evidence supports the conservative anchor; mysteryReveal=1 is traced to grok-current-chunk-05-response.txt.
work-e049c9aaf92ba31da8b0,axis,worldBuilding,unknown,,unknown,,,retained-unknown,data/staging/catalog-expansion/pilots/pilot-001/reviews/grok-current-chunk-05-response.txt,Terminal review retained unknown; no numeric confidence is permitted.
work-e049c9aaf92ba31da8b0,axis,characterArcWeight,known,4,known,4,0.86,retained-pass-a,data/staging/catalog-expansion/pilots/pilot-001/reviews/grok-current-chunk-05-response.txt,"The terminal current-SHA review explicitly retained the same state, value, and underlying entry evidence; Pass A confidence is preserved exactly."
work-e049c9aaf92ba31da8b0,axis,relationshipStructure,known,3,known,2,0.80,adjudicated-current,data/staging/catalog-expansion/pilots/pilot-001/reviews/grok-current-chunk-05-response.txt,Exact 0.80 was adjudicated claim-by-claim: accepted official evidence supports the claim at moderate certainty with a stated boundary; relationshipStructure=2 is traced to grok-current-chunk-05-response.txt.
work-e049c9aaf92ba31da8b0,axis,comedy,unknown,,known,3,0.88,adjudicated-current,data/staging/catalog-expansion/pilots/pilot-001/reviews/grok-current-chunk-05-response.txt,Exact 0.88 was adjudicated claim-by-claim: a complete official episode or several direct bounded units establish the claim; comedy=3 is traced to grok-current-chunk-05-response.txt.
work-e049c9aaf92ba31da8b0,axis,darkness,unknown,,unknown,,,retained-unknown,data/staging/catalog-expansion/pilots/pilot-001/reviews/grok-current-chunk-05-response.txt,Terminal review retained unknown; no numeric confidence is permitted.
work-e049c9aaf92ba31da8b0,axis,mentalStress,known,2,known,2,0.74,retained-pass-a,data/staging/catalog-expansion/pilots/pilot-001/reviews/grok-current-chunk-05-response.txt,"The terminal current-SHA review explicitly retained the same state, value, and underlying entry evidence; Pass A confidence is preserved exactly."
work-e049c9aaf92ba31da8b0,axis,romance,unknown,,unknown,,,retained-unknown,data/staging/catalog-expansion/pilots/pilot-001/reviews/grok-current-chunk-05-response.txt,Terminal review retained unknown; no numeric confidence is permitted.
work-e049c9aaf92ba31da8b0,axis,emotionalWarmth,known,2,known,2,0.68,retained-pass-a,data/staging/catalog-expansion/pilots/pilot-001/reviews/grok-current-chunk-05-response.txt,"The terminal current-SHA review explicitly retained the same state, value, and underlying entry evidence; Pass A confidence is preserved exactly."
work-e049c9aaf92ba31da8b0,genre,genres,known,sliceOfLife,known,sliceOfLife,,retained,data/staging/catalog-expansion/pilots/pilot-001/reviews/grok-current-chunk-05-response.txt,Genre rows have no numeric-confidence field; the terminal review independently accepted the listed canonical enums.
work-e049c9aaf92ba31da8b0,theme,crafting,known,2,known,2,0.88,retained-pass-a,data/staging/catalog-expansion/pilots/pilot-001/reviews/grok-current-chunk-05-response.txt,The terminal current-SHA review explicitly retained the same centrality and underlying entry evidence; Pass A confidence is preserved exactly.
work-e049c9aaf92ba31da8b0,theme,school,known,2,known,1,0.82,adjudicated-current,data/staging/catalog-expansion/pilots/pilot-001/reviews/grok-current-chunk-05-response.txt,Exact 0.82 was adjudicated claim-by-claim: direct official bounded evidence supports the selected anchor; school=1 is traced to grok-current-chunk-05-response.txt.
work-ebe399258f28460b8f9b,axis,progression,unknown,,unknown,,,retained-unknown,data/staging/catalog-expansion/pilots/pilot-001/reviews/grok-current-chunk-03-response.txt,Terminal review retained unknown; no numeric confidence is permitted.
work-ebe399258f28460b8f9b,axis,problemSolving,known,2,known,2,0.82,retained-pass-a,data/staging/catalog-expansion/pilots/pilot-001/reviews/grok-current-chunk-03-response.txt,"The terminal current-SHA review explicitly retained the same state, value, and underlying entry evidence; Pass A confidence is preserved exactly."
work-ebe399258f28460b8f9b,axis,strategy,unknown,,known,2,0.82,adjudicated-current,data/staging/catalog-expansion/pilots/pilot-001/reviews/grok-current-chunk-03-response.txt,Exact 0.82 was adjudicated claim-by-claim: direct official bounded evidence supports the selected anchor; strategy=2 is traced to grok-current-chunk-03-response.txt.
work-ebe399258f28460b8f9b,axis,pacing,unknown,,known,2,0.82,adjudicated-current,data/staging/catalog-expansion/pilots/pilot-001/reviews/grok-current-chunk-03-response.txt,Exact 0.82 was adjudicated claim-by-claim: direct official bounded evidence supports the selected anchor; pacing=2 is traced to grok-current-chunk-03-response.txt.
work-ebe399258f28460b8f9b,axis,mysteryReveal,unknown,,known,2,0.80,adjudicated-current,data/staging/catalog-expansion/pilots/pilot-001/reviews/grok-current-chunk-03-response.txt,Exact 0.80 was adjudicated claim-by-claim: accepted official evidence supports the claim at moderate certainty with a stated boundary; mysteryReveal=2 is traced to grok-current-chunk-03-response.txt.
work-ebe399258f28460b8f9b,axis,worldBuilding,unknown,,unknown,,,retained-unknown,data/staging/catalog-expansion/pilots/pilot-001/reviews/grok-current-chunk-03-response.txt,Terminal review retained unknown; no numeric confidence is permitted.
work-ebe399258f28460b8f9b,axis,characterArcWeight,known,3,known,3,0.74,retained-pass-a,data/staging/catalog-expansion/pilots/pilot-001/reviews/grok-current-chunk-03-response.txt,"The terminal current-SHA review explicitly retained the same state, value, and underlying entry evidence; Pass A confidence is preserved exactly."
work-ebe399258f28460b8f9b,axis,relationshipStructure,known,3,known,3,0.72,retained-pass-a,data/staging/catalog-expansion/pilots/pilot-001/reviews/grok-current-chunk-03-response.txt,"The terminal current-SHA review explicitly retained the same state, value, and underlying entry evidence; Pass A confidence is preserved exactly."
work-ebe399258f28460b8f9b,axis,comedy,unknown,,known,1,0.76,adjudicated-current,data/staging/catalog-expansion/pilots/pilot-001/reviews/grok-current-chunk-03-response.txt,Exact 0.76 was adjudicated claim-by-claim: a subordinate or single bounded official observation supports the low/intermediate anchor; comedy=1 is traced to grok-current-chunk-03-response.txt.
work-ebe399258f28460b8f9b,axis,darkness,unknown,,unknown,,,retained-unknown,data/staging/catalog-expansion/pilots/pilot-001/reviews/grok-current-chunk-03-response.txt,Terminal review retained unknown; no numeric confidence is permitted.
work-ebe399258f28460b8f9b,axis,mentalStress,known,4,known,4,0.88,retained-pass-a,data/staging/catalog-expansion/pilots/pilot-001/reviews/grok-current-chunk-03-response.txt,"The terminal current-SHA review explicitly retained the same state, value, and underlying entry evidence; Pass A confidence is preserved exactly."
work-ebe399258f28460b8f9b,axis,romance,unknown,,known,1,0.76,adjudicated-current,data/staging/catalog-expansion/pilots/pilot-001/reviews/grok-current-chunk-03-response.txt,Exact 0.76 was adjudicated claim-by-claim: a subordinate or single bounded official observation supports the low/intermediate anchor; romance=1 is traced to grok-current-chunk-03-response.txt.
work-ebe399258f28460b8f9b,axis,emotionalWarmth,unknown,,unknown,,,retained-unknown,data/staging/catalog-expansion/pilots/pilot-001/reviews/grok-current-chunk-03-response.txt,Terminal review retained unknown; no numeric confidence is permitted.
work-ebe399258f28460b8f9b,genre,genres,unknown,,known,sliceOfLife,,adjudicated-current,data/staging/catalog-expansion/pilots/pilot-001/reviews/grok-current-chunk-03-response.txt,Genre rows have no numeric-confidence field; the terminal review independently accepted the listed canonical enums.
work-ebe399258f28460b8f9b,theme,school,known,2,known,2,0.93,retained-pass-a,data/staging/catalog-expansion/pilots/pilot-001/reviews/grok-current-chunk-03-response.txt,The terminal current-SHA review explicitly retained the same centrality and underlying entry evidence; Pass A confidence is preserved exactly.
work-ebe399258f28460b8f9b,theme,workplace,known,2,known,2,0.88,retained-pass-a,data/staging/catalog-expansion/pilots/pilot-001/reviews/grok-current-chunk-03-response.txt,The terminal current-SHA review explicitly retained the same centrality and underlying entry evidence; Pass A confidence is preserved exactly.
work-ef7106f6a387c9860877,axis,progression,known,3,known,3,0.82,retained-pass-a,data/staging/catalog-expansion/pilots/pilot-001/reviews/grok-current-chunk-03-response.txt,"The terminal current-SHA review explicitly retained the same state, value, and underlying entry evidence; Pass A confidence is preserved exactly."
work-ef7106f6a387c9860877,axis,problemSolving,unknown,,unknown,,,retained-unknown,data/staging/catalog-expansion/pilots/pilot-001/reviews/grok-current-chunk-03-response.txt,Terminal review retained unknown; no numeric confidence is permitted.
work-ef7106f6a387c9860877,axis,strategy,unknown,,unknown,,,retained-unknown,data/staging/catalog-expansion/pilots/pilot-001/reviews/grok-current-chunk-03-response.txt,Terminal review retained unknown; no numeric confidence is permitted.
work-ef7106f6a387c9860877,axis,pacing,unknown,,known,2,0.82,adjudicated-current,data/staging/catalog-expansion/pilots/pilot-001/reviews/grok-current-chunk-03-response.txt,Exact 0.82 was adjudicated claim-by-claim: direct official bounded evidence supports the selected anchor; pacing=2 is traced to grok-current-chunk-03-response.txt.
work-ef7106f6a387c9860877,axis,mysteryReveal,unknown,,known,2,0.82,adjudicated-current,data/staging/catalog-expansion/pilots/pilot-001/reviews/grok-current-chunk-03-response.txt,Exact 0.82 was adjudicated claim-by-claim: direct official bounded evidence supports the selected anchor; mysteryReveal=2 is traced to grok-current-chunk-03-response.txt.
work-ef7106f6a387c9860877,axis,worldBuilding,unknown,,known,2,0.84,adjudicated-current,data/staging/catalog-expansion/pilots/pilot-001/reviews/grok-current-chunk-03-response.txt,Exact 0.84 was adjudicated claim-by-claim: repeated official entry evidence directly supports the selected anchor; worldBuilding=2 is traced to grok-current-chunk-03-response.txt.
work-ef7106f6a387c9860877,axis,characterArcWeight,known,4,known,4,0.86,retained-pass-a,data/staging/catalog-expansion/pilots/pilot-001/reviews/grok-current-chunk-03-response.txt,"The terminal current-SHA review explicitly retained the same state, value, and underlying entry evidence; Pass A confidence is preserved exactly."
work-ef7106f6a387c9860877,axis,relationshipStructure,known,3,known,3,0.82,retained-pass-a,data/staging/catalog-expansion/pilots/pilot-001/reviews/grok-current-chunk-03-response.txt,"The terminal current-SHA review explicitly retained the same state, value, and underlying entry evidence; Pass A confidence is preserved exactly."
work-ef7106f6a387c9860877,axis,comedy,unknown,,unknown,,,retained-unknown,data/staging/catalog-expansion/pilots/pilot-001/reviews/grok-current-chunk-03-response.txt,Terminal review retained unknown; no numeric confidence is permitted.
work-ef7106f6a387c9860877,axis,darkness,unknown,,known,2,0.80,adjudicated-current,data/staging/catalog-expansion/pilots/pilot-001/reviews/grok-current-chunk-03-response.txt,Exact 0.80 was adjudicated claim-by-claim: accepted official evidence supports the claim at moderate certainty with a stated boundary; darkness=2 is traced to grok-current-chunk-03-response.txt.
work-ef7106f6a387c9860877,axis,mentalStress,known,3,known,3,0.82,retained-pass-a,data/staging/catalog-expansion/pilots/pilot-001/reviews/grok-current-chunk-03-response.txt,"The terminal current-SHA review explicitly retained the same state, value, and underlying entry evidence; Pass A confidence is preserved exactly."
work-ef7106f6a387c9860877,axis,romance,unknown,,unknown,,,retained-unknown,data/staging/catalog-expansion/pilots/pilot-001/reviews/grok-current-chunk-03-response.txt,Terminal review retained unknown; no numeric confidence is permitted.
work-ef7106f6a387c9860877,axis,emotionalWarmth,known,3,known,3,0.78,retained-pass-a,data/staging/catalog-expansion/pilots/pilot-001/reviews/grok-current-chunk-03-response.txt,"The terminal current-SHA review explicitly retained the same state, value, and underlying entry evidence; Pass A confidence is preserved exactly."
work-ef7106f6a387c9860877,genre,genres,known,sliceOfLife,known,sliceOfLife,,retained,data/staging/catalog-expansion/pilots/pilot-001/reviews/grok-current-chunk-03-response.txt,Genre rows have no numeric-confidence field; the terminal review independently accepted the listed canonical enums.
work-ef7106f6a387c9860877,theme,workplace,known,2,known,2,0.94,retained-pass-a,data/staging/catalog-expansion/pilots/pilot-001/reviews/grok-current-chunk-03-response.txt,The terminal current-SHA review explicitly retained the same centrality and underlying entry evidence; Pass A confidence is preserved exactly.
work-ef7106f6a387c9860877,theme,historicalReconstruction,known,1,known,1,0.62,retained-pass-a,data/staging/catalog-expansion/pilots/pilot-001/reviews/grok-current-chunk-03-response.txt,The terminal current-SHA review explicitly retained the same centrality and underlying entry evidence; Pass A confidence is preserved exactly.
work-f391e591282e435a3c1d,axis,progression,unknown,,unknown,,,retained-unknown,data/staging/catalog-expansion/pilots/pilot-001/reviews/grok-current-chunk-03-response.txt,Terminal review retained unknown; no numeric confidence is permitted.
work-f391e591282e435a3c1d,axis,problemSolving,unknown,,unknown,,,retained-unknown,data/staging/catalog-expansion/pilots/pilot-001/reviews/grok-current-chunk-03-response.txt,Terminal review retained unknown; no numeric confidence is permitted.
work-f391e591282e435a3c1d,axis,strategy,unknown,,known,0,0.82,adjudicated-current,data/staging/catalog-expansion/pilots/pilot-001/reviews/grok-current-chunk-03-response.txt,Exact 0.82 was adjudicated claim-by-claim: direct official bounded evidence supports the selected anchor; strategy=0 is traced to grok-current-chunk-03-response.txt.
work-f391e591282e435a3c1d,axis,pacing,unknown,,known,3,0.84,adjudicated-current,data/staging/catalog-expansion/pilots/pilot-001/reviews/grok-current-chunk-03-response.txt,Exact 0.84 was adjudicated claim-by-claim: repeated official entry evidence directly supports the selected anchor; pacing=3 is traced to grok-current-chunk-03-response.txt.
work-f391e591282e435a3c1d,axis,mysteryReveal,unknown,,known,2,0.80,adjudicated-current,data/staging/catalog-expansion/pilots/pilot-001/reviews/grok-current-chunk-03-response.txt,Exact 0.80 was adjudicated claim-by-claim: accepted official evidence supports the claim at moderate certainty with a stated boundary; mysteryReveal=2 is traced to grok-current-chunk-03-response.txt.
work-f391e591282e435a3c1d,axis,worldBuilding,known,2,known,2,0.62,retained-pass-a,data/staging/catalog-expansion/pilots/pilot-001/reviews/grok-current-chunk-03-response.txt,"The terminal current-SHA review explicitly retained the same state, value, and underlying entry evidence; Pass A confidence is preserved exactly."
work-f391e591282e435a3c1d,axis,characterArcWeight,known,2,known,2,0.68,retained-pass-a,data/staging/catalog-expansion/pilots/pilot-001/reviews/grok-current-chunk-03-response.txt,"The terminal current-SHA review explicitly retained the same state, value, and underlying entry evidence; Pass A confidence is preserved exactly."
work-f391e591282e435a3c1d,axis,relationshipStructure,unknown,,known,1,0.76,adjudicated-current,data/staging/catalog-expansion/pilots/pilot-001/reviews/grok-current-chunk-03-response.txt,Exact 0.76 was adjudicated claim-by-claim: a subordinate or single bounded official observation supports the low/intermediate anchor; relationshipStructure=1 is traced to grok-current-chunk-03-response.txt.
work-f391e591282e435a3c1d,axis,comedy,unknown,,unknown,,,retained-unknown,data/staging/catalog-expansion/pilots/pilot-001/reviews/grok-current-chunk-03-response.txt,Terminal review retained unknown; no numeric confidence is permitted.
work-f391e591282e435a3c1d,axis,darkness,known,4,known,4,0.90,retained-pass-a,data/staging/catalog-expansion/pilots/pilot-001/reviews/grok-current-chunk-03-response.txt,"The terminal current-SHA review explicitly retained the same state, value, and underlying entry evidence; Pass A confidence is preserved exactly."
work-f391e591282e435a3c1d,axis,mentalStress,known,4,known,4,0.92,retained-pass-a,data/staging/catalog-expansion/pilots/pilot-001/reviews/grok-current-chunk-03-response.txt,"The terminal current-SHA review explicitly retained the same state, value, and underlying entry evidence; Pass A confidence is preserved exactly."
work-f391e591282e435a3c1d,axis,romance,unknown,,known,2,0.80,adjudicated-current,data/staging/catalog-expansion/pilots/pilot-001/reviews/grok-current-chunk-03-response.txt,Exact 0.80 was adjudicated claim-by-claim: accepted official evidence supports the claim at moderate certainty with a stated boundary; romance=2 is traced to grok-current-chunk-03-response.txt.
work-f391e591282e435a3c1d,axis,emotionalWarmth,unknown,,unknown,,,retained-unknown,data/staging/catalog-expansion/pilots/pilot-001/reviews/grok-current-chunk-03-response.txt,Terminal review retained unknown; no numeric confidence is permitted.
work-f391e591282e435a3c1d,genre,genres,known,horror,known,horror,,retained,data/staging/catalog-expansion/pilots/pilot-001/reviews/grok-current-chunk-03-response.txt,Genre rows have no numeric-confidence field; the terminal review independently accepted the listed canonical enums.
work-f391e591282e435a3c1d,theme,survival,known,2,known,2,0.78,retained-pass-a,data/staging/catalog-expansion/pilots/pilot-001/reviews/grok-current-chunk-03-response.txt,The terminal current-SHA review explicitly retained the same centrality and underlying entry evidence; Pass A confidence is preserved exactly.
work-f391e591282e435a3c1d,theme,workplace,known,1,known,1,0.72,retained-pass-a,data/staging/catalog-expansion/pilots/pilot-001/reviews/grok-current-chunk-03-response.txt,The terminal current-SHA review explicitly retained the same centrality and underlying entry evidence; Pass A confidence is preserved exactly.
work-f391e591282e435a3c1d,theme,postApocalypse,known,1,known,1,0.68,retained-pass-a,data/staging/catalog-expansion/pilots/pilot-001/reviews/grok-current-chunk-03-response.txt,The terminal current-SHA review explicitly retained the same centrality and underlying entry evidence; Pass A confidence is preserved exactly.
work-f50fa290eb4116a7078e,axis,progression,known,0,known,0,0.78,retained-pass-a,data/staging/catalog-expansion/pilots/pilot-001/reviews/grok-current-chunk-01-followup-response.txt,"The terminal current-SHA review explicitly retained the same state, value, and underlying entry evidence; Pass A confidence is preserved exactly."
work-f50fa290eb4116a7078e,axis,problemSolving,known,3,known,3,0.86,retained-pass-a,data/staging/catalog-expansion/pilots/pilot-001/reviews/grok-current-chunk-01-followup-response.txt,"The terminal current-SHA review explicitly retained the same state, value, and underlying entry evidence; Pass A confidence is preserved exactly."
work-f50fa290eb4116a7078e,axis,strategy,unknown,,unknown,,,retained-unknown,data/staging/catalog-expansion/pilots/pilot-001/reviews/grok-current-chunk-01-followup-response.txt,Terminal review retained unknown; no numeric confidence is permitted.
work-f50fa290eb4116a7078e,axis,pacing,unknown,,unknown,,,retained-unknown,data/staging/catalog-expansion/pilots/pilot-001/reviews/grok-current-chunk-01-followup-response.txt,Terminal review retained unknown; no numeric confidence is permitted.
work-f50fa290eb4116a7078e,axis,mysteryReveal,known,4,known,4,0.94,retained-pass-a,data/staging/catalog-expansion/pilots/pilot-001/reviews/grok-current-chunk-01-followup-response.txt,"The terminal current-SHA review explicitly retained the same state, value, and underlying entry evidence; Pass A confidence is preserved exactly."
work-f50fa290eb4116a7078e,axis,worldBuilding,known,2,known,2,0.76,retained-pass-a,data/staging/catalog-expansion/pilots/pilot-001/reviews/grok-current-chunk-01-followup-response.txt,"The terminal current-SHA review explicitly retained the same state, value, and underlying entry evidence; Pass A confidence is preserved exactly."
work-f50fa290eb4116a7078e,axis,characterArcWeight,unknown,,known,2,0.82,adjudicated-current,data/staging/catalog-expansion/pilots/pilot-001/reviews/grok-current-chunk-01-followup-response.txt,Exact 0.82 was adjudicated claim-by-claim: direct official bounded evidence supports the selected anchor; characterArcWeight=2 is traced to grok-current-chunk-01-followup-response.txt.
work-f50fa290eb4116a7078e,axis,relationshipStructure,known,4,known,4,0.90,retained-pass-a,data/staging/catalog-expansion/pilots/pilot-001/reviews/grok-current-chunk-01-followup-response.txt,"The terminal current-SHA review explicitly retained the same state, value, and underlying entry evidence; Pass A confidence is preserved exactly."
work-f50fa290eb4116a7078e,axis,comedy,unknown,,unknown,,,retained-unknown,data/staging/catalog-expansion/pilots/pilot-001/reviews/grok-current-chunk-01-followup-response.txt,Terminal review retained unknown; no numeric confidence is permitted.
work-f50fa290eb4116a7078e,axis,darkness,known,2,known,2,0.76,retained-pass-a,data/staging/catalog-expansion/pilots/pilot-001/reviews/grok-current-chunk-01-followup-response.txt,"The terminal current-SHA review explicitly retained the same state, value, and underlying entry evidence; Pass A confidence is preserved exactly."
work-f50fa290eb4116a7078e,axis,mentalStress,known,4,known,4,0.88,retained-pass-a,data/staging/catalog-expansion/pilots/pilot-001/reviews/grok-current-chunk-01-followup-response.txt,"The terminal current-SHA review explicitly retained the same state, value, and underlying entry evidence; Pass A confidence is preserved exactly."
work-f50fa290eb4116a7078e,axis,romance,unknown,,unknown,,,retained-unknown,data/staging/catalog-expansion/pilots/pilot-001/reviews/grok-current-chunk-01-followup-response.txt,Terminal review retained unknown; no numeric confidence is permitted.
work-f50fa290eb4116a7078e,axis,emotionalWarmth,unknown,,known,2,0.80,adjudicated-current,data/staging/catalog-expansion/pilots/pilot-001/reviews/grok-current-chunk-01-followup-response.txt,Exact 0.80 was adjudicated claim-by-claim: accepted official evidence supports the claim at moderate certainty with a stated boundary; emotionalWarmth=2 is traced to grok-current-chunk-01-followup-response.txt.
work-f50fa290eb4116a7078e,genre,genres,known,scienceFiction;mystery,known,scienceFiction;mystery,,retained,data/staging/catalog-expansion/pilots/pilot-001/reviews/grok-current-chunk-01-followup-response.txt,Genre rows have no numeric-confidence field; the terminal review independently accepted the listed canonical enums.
work-f50fa290eb4116a7078e,theme,survival,known,2,known,2,0.86,retained-pass-a,data/staging/catalog-expansion/pilots/pilot-001/reviews/grok-current-chunk-01-followup-response.txt,The terminal current-SHA review explicitly retained the same centrality and underlying entry evidence; Pass A confidence is preserved exactly.
work-f50fa290eb4116a7078e,theme,investigation,known,2,known,2,0.94,retained-pass-a,data/staging/catalog-expansion/pilots/pilot-001/reviews/grok-current-chunk-01-followup-response.txt,The terminal current-SHA review explicitly retained the same centrality and underlying entry evidence; Pass A confidence is preserved exactly.
work-f5f0ee0b0ff16bc146e0,axis,progression,known,2,known,2,0.84,retained-pass-a,data/staging/catalog-expansion/pilots/pilot-001/reviews/grok-current-chunk-03-response.txt,"The terminal current-SHA review explicitly retained the same state, value, and underlying entry evidence; Pass A confidence is preserved exactly."
work-f5f0ee0b0ff16bc146e0,axis,problemSolving,unknown,,unknown,,,retained-unknown,data/staging/catalog-expansion/pilots/pilot-001/reviews/grok-current-chunk-03-response.txt,Terminal review retained unknown; no numeric confidence is permitted.
work-f5f0ee0b0ff16bc146e0,axis,strategy,unknown,,known,0,0.84,adjudicated-current,data/staging/catalog-expansion/pilots/pilot-001/reviews/grok-current-chunk-03-response.txt,Exact 0.84 was adjudicated claim-by-claim: repeated official entry evidence directly supports the selected anchor; strategy=0 is traced to grok-current-chunk-03-response.txt.
work-f5f0ee0b0ff16bc146e0,axis,pacing,unknown,,known,2,0.82,adjudicated-current,data/staging/catalog-expansion/pilots/pilot-001/reviews/grok-current-chunk-03-response.txt,Exact 0.82 was adjudicated claim-by-claim: direct official bounded evidence supports the selected anchor; pacing=2 is traced to grok-current-chunk-03-response.txt.
work-f5f0ee0b0ff16bc146e0,axis,mysteryReveal,unknown,,unknown,,,retained-unknown,data/staging/catalog-expansion/pilots/pilot-001/reviews/grok-current-chunk-03-response.txt,Terminal review retained unknown; no numeric confidence is permitted.
work-f5f0ee0b0ff16bc146e0,axis,worldBuilding,unknown,,known,2,0.82,adjudicated-current,data/staging/catalog-expansion/pilots/pilot-001/reviews/grok-current-chunk-03-response.txt,Exact 0.82 was adjudicated claim-by-claim: direct official bounded evidence supports the selected anchor; worldBuilding=2 is traced to grok-current-chunk-03-response.txt.
work-f5f0ee0b0ff16bc146e0,axis,characterArcWeight,known,4,known,4,0.86,retained-pass-a,data/staging/catalog-expansion/pilots/pilot-001/reviews/grok-current-chunk-03-response.txt,"The terminal current-SHA review explicitly retained the same state, value, and underlying entry evidence; Pass A confidence is preserved exactly."
work-f5f0ee0b0ff16bc146e0,axis,relationshipStructure,known,2,known,2,0.82,retained-pass-a,data/staging/catalog-expansion/pilots/pilot-001/reviews/grok-current-chunk-03-response.txt,"The terminal current-SHA review explicitly retained the same state, value, and underlying entry evidence; Pass A confidence is preserved exactly."
work-f5f0ee0b0ff16bc146e0,axis,comedy,known,4,known,4,0.92,retained-pass-a,data/staging/catalog-expansion/pilots/pilot-001/reviews/grok-current-chunk-03-response.txt,"The terminal current-SHA review explicitly retained the same state, value, and underlying entry evidence; Pass A confidence is preserved exactly."
work-f5f0ee0b0ff16bc146e0,axis,darkness,unknown,,known,0,0.86,adjudicated-current,data/staging/catalog-expansion/pilots/pilot-001/reviews/grok-current-chunk-03-response.txt,Exact 0.86 was adjudicated claim-by-claim: multiple official entry units strongly establish the claim while remaining entry-bounded; darkness=0 is traced to grok-current-chunk-03-response.txt.
work-f5f0ee0b0ff16bc146e0,axis,mentalStress,unknown,,unknown,,,retained-unknown,data/staging/catalog-expansion/pilots/pilot-001/reviews/grok-current-chunk-03-response.txt,Terminal review retained unknown; no numeric confidence is permitted.
work-f5f0ee0b0ff16bc146e0,axis,romance,unknown,,unknown,,,retained-unknown,data/staging/catalog-expansion/pilots/pilot-001/reviews/grok-current-chunk-03-response.txt,Terminal review retained unknown; no numeric confidence is permitted.
work-f5f0ee0b0ff16bc146e0,axis,emotionalWarmth,known,4,known,4,0.92,retained-pass-a,data/staging/catalog-expansion/pilots/pilot-001/reviews/grok-current-chunk-03-response.txt,"The terminal current-SHA review explicitly retained the same state, value, and underlying entry evidence; Pass A confidence is preserved exactly."
work-f5f0ee0b0ff16bc146e0,genre,genres,known,comedy;sliceOfLife,known,comedy;sliceOfLife,,retained,data/staging/catalog-expansion/pilots/pilot-001/reviews/grok-current-chunk-03-response.txt,Genre rows have no numeric-confidence field; the terminal review independently accepted the listed canonical enums.
work-f5f0ee0b0ff16bc146e0,theme,foundFamily,missing,,known,2,0.90,adjudicated-current,data/staging/catalog-expansion/pilots/pilot-001/reviews/grok-current-chunk-03-response.txt,Exact 0.90 was adjudicated claim-by-claim: repeated direct entry evidence establishes the claimed core or extreme anchor; foundFamily=2 is traced to grok-current-chunk-03-response.txt.
